sample_id,source_dataset,annotation_type,split,final_class,source_label,image_path,crop_path,source_image_path,image_width,image_height,bbox_x,bbox_y,bbox_width,bbox_height,image_id,annotation_id
cleaned_test_Glass_000010_ann4068.jpg,CombinedCleaned,image_classification,test,Glass,Glass,prepared_datasets/combined_6class_plasticmetal_cleaned/test/Glass/000010_ann4068.jpg,,prepared_datasets/combined_6class_plasticmetal_cleaned/test/Glass/000010_ann4068.jpg,,,,,,,,
cleaned_test_Glass_000011_ann376.jpg,CombinedCleaned,image_classification,test,Glass,Glass,prepared_datasets/combined_6class_plasticmetal_cleaned/test/Glass/000011_ann376.jpg,,prepared_datasets/combined_6class_plasticmetal_cleaned/test/Glass/000011_ann376.jpg,,,,,,,,
cleaned_test_Glass_000012_ann24.jpg,CombinedCleaned,image_classification,test,Glass,Glass,prepared_datasets/combined_6class_plasticmetal_cleaned/test/Glass/000012_ann24.jpg,,prepared_datasets/combined_6class_plasticmetal_cleaned/test/Glass/000012_ann24.jpg,,,,,,,,
cleaned_test_Glass_000016_ann101.jpg,CombinedCleaned,image_classification,test,Glass,Glass,prepared_datasets/combined_6class_plasticmetal_cleaned/test/Glass/000016_ann101.jpg,,prepared_datasets/combined_6class_plasticmetal_cleaned/test/Glass/000016_ann101.jpg,,,,,,,,
cleaned_test_Glass_000040_ann4277.jpg,CombinedCleaned,image_classification,test,Glass,Glass,prepared_datasets/combined_6class_plasticmetal_cleaned/test/Glass/000040_ann4277.jpg,,prepared_datasets/combined_6class_plasticmetal_cleaned/test/Glass/000040_ann4277.jpg,,,,,,,,
cleaned_test_Glass_000055_ann3431.jpg,CombinedCleaned,image_classification,test,Glass,Glass,prepared_datasets/combined_6class_plasticmetal_cleaned/test/Glass/000055_ann3431.jpg,,prepared_datasets/combined_6class_plasticmetal_cleaned/test/Glass/000055_ann3431.jpg,,,,,,,,
cleaned_test_Glass_000057_ann1205.jpg,CombinedCleaned,image_classification,test,Glass,Glass,prepared_datasets/combined_6class_plasticmetal_cleaned/test/Glass/000057_ann1205.jpg,,prepared_datasets/combined_6class_plasticmetal_cleaned/test/Glass/000057_ann1205.jpg,,,,,,,,
cleaned_test_Glass_000097_ann4776.jpg,CombinedCleaned,image_classification,test,Glass,Glass,prepared_datasets/combined_6class_plasticmetal_cleaned/test/Glass/000097_ann4776.jpg,,prepared_datasets/combined_6class_plasticmetal_cleaned/test/Glass/000097_ann4776.jpg,,,,,,,,
cleaned_test_Glass_000098_ann917.jpg,CombinedCleaned,image_classification,test,Glass,Glass,prepared_datasets/combined_6class_plasticmetal_cleaned/test/Glass/000098_ann917.jpg,,prepared_datasets/combined_6class_plasticmetal_cleaned/test/Glass/000098_ann917.jpg,,,,,,,,
cleaned_test_Glass_000099_ann4783.jpg,CombinedCleaned,image_classification,test,Glass,Glass,prepared_datasets/combined_6class_plasticmetal_cleaned/test/Glass/000099_ann4783.jpg,,prepared_datasets/combined_6class_plasticmetal_cleaned/test/Glass/000099_ann4783.jpg,,,,,,,,
cleaned_test_Glass_glass1.jpg,CombinedCleaned,image_classification,test,Glass,Glass,prepared_datasets/combined_6class_plasticmetal_cleaned/test/Glass/glass1.jpg,,prepared_datasets/combined_6class_plasticmetal_cleaned/test/Glass/glass1.jpg,,,,,,,,
cleaned_test_Glass_glass111.jpg,CombinedCleaned,image_classification,test,Glass,Glass,prepared_datasets/combined_6class_plasticmetal_cleaned/test/Glass/glass111.jpg,,prepared_datasets/combined_6class_plasticmetal_cleaned/test/Glass/glass111.jpg,,,,,,,,
cleaned_test_Glass_glass116.jpg,CombinedCleaned,image_classification,test,Glass,Glass,prepared_datasets/combined_6class_plasticmetal_cleaned/test/Glass/glass116.jpg,,prepared_datasets/combined_6class_plasticmetal_cleaned/test/Glass/glass116.jpg,,,,,,,,
cleaned_test_Glass_glass119.jpg,CombinedCleaned,image_classification,test,Glass,Glass,prepared_datasets/combined_6class_plasticmetal_cleaned/test/Glass/glass119.jpg,,prepared_datasets/combined_6class_plasticmetal_cleaned/test/Glass/glass119.jpg,,,,,,,,
cleaned_test_Glass_glass130.jpg,CombinedCleaned,image_classification,test,Glass,Glass,prepared_datasets/combined_6class_plasticmetal_cleaned/test/Glass/glass130.jpg,,prepared_datasets/combined_6class_plasticmetal_cleaned/test/Glass/glass130.jpg,,,,,,,,
cleaned_test_Glass_glass149.jpg,CombinedCleaned,image_classification,test,Glass,Glass,prepared_datasets/combined_6class_plasticmetal_cleaned/test/Glass/glass149.jpg,,prepared_datasets/combined_6class_plasticmetal_cleaned/test/Glass/glass149.jpg,,,,,,,,
cleaned_test_Glass_glass152.jpg,CombinedCleaned,image_classification,test,Glass,Glass,prepared_datasets/combined_6class_plasticmetal_cleaned/test/Glass/glass152.jpg,,prepared_datasets/combined_6class_plasticmetal_cleaned/test/Glass/glass152.jpg,,,,,,,,
cleaned_test_Glass_glass156.jpg,CombinedCleaned,image_classification,test,Glass,Glass,prepared_datasets/combined_6class_plasticmetal_cleaned/test/Glass/glass156.jpg,,prepared_datasets/combined_6class_plasticmetal_cleaned/test/Glass/glass156.jpg,,,,,,,,
cleaned_test_Glass_glass158.jpg,CombinedCleaned,image_classification,test,Glass,Glass,prepared_datasets/combined_6class_plasticmetal_cleaned/test/Glass/glass158.jpg,,prepared_datasets/combined_6class_plasticmetal_cleaned/test/Glass/glass158.jpg,,,,,,,,
cleaned_test_Glass_glass181.jpg,CombinedCleaned,image_classification,test,Glass,Glass,prepared_datasets/combined_6class_plasticmetal_cleaned/test/Glass/glass181.jpg,,prepared_datasets/combined_6class_plasticmetal_cleaned/test/Glass/glass181.jpg,,,,,,,,
cleaned_test_Glass_glass187.jpg,CombinedCleaned,image_classification,test,Glass,Glass,prepared_datasets/combined_6class_plasticmetal_cleaned/test/Glass/glass187.jpg,,prepared_datasets/combined_6class_plasticmetal_cleaned/test/Glass/glass187.jpg,,,,,,,,
cleaned_test_Glass_glass188.jpg,CombinedCleaned,image_classification,test,Glass,Glass,prepared_datasets/combined_6class_plasticmetal_cleaned/test/Glass/glass188.jpg,,prepared_datasets/combined_6class_plasticmetal_cleaned/test/Glass/glass188.jpg,,,,,,,,
cleaned_test_Glass_glass19.jpg,CombinedCleaned,image_classification,test,Glass,Glass,prepared_datasets/combined_6class_plasticmetal_cleaned/test/Glass/glass19.jpg,,prepared_datasets/combined_6class_plasticmetal_cleaned/test/Glass/glass19.jpg,,,,,,,,
cleaned_test_Glass_glass216.jpg,CombinedCleaned,image_classification,test,Glass,Glass,prepared_datasets/combined_6class_plasticmetal_cleaned/test/Glass/glass216.jpg,,prepared_datasets/combined_6class_plasticmetal_cleaned/test/Glass/glass216.jpg,,,,,,,,
cleaned_test_Glass_glass219.jpg,CombinedCleaned,image_classification,test,Glass,Glass,prepared_datasets/combined_6class_plasticmetal_cleaned/test/Glass/glass219.jpg,,prepared_datasets/combined_6class_plasticmetal_cleaned/test/Glass/glass219.jpg,,,,,,,,
cleaned_test_Glass_glass220.jpg,CombinedCleaned,image_classification,test,Glass,Glass,prepared_datasets/combined_6class_plasticmetal_cleaned/test/Glass/glass220.jpg,,prepared_datasets/combined_6class_plasticmetal_cleaned/test/Glass/glass220.jpg,,,,,,,,
cleaned_test_Glass_glass227.jpg,CombinedCleaned,image_classification,test,Glass,Glass,prepared_datasets/combined_6class_plasticmetal_cleaned/test/Glass/glass227.jpg,,prepared_datasets/combined_6class_plasticmetal_cleaned/test/Glass/glass227.jpg,,,,,,,,
cleaned_test_Glass_glass235.jpg,CombinedCleaned,image_classification,test,Glass,Glass,prepared_datasets/combined_6class_plasticmetal_cleaned/test/Glass/glass235.jpg,,prepared_datasets/combined_6class_plasticmetal_cleaned/test/Glass/glass235.jpg,,,,,,,,
cleaned_test_Glass_glass237.jpg,CombinedCleaned,image_classification,test,Glass,Glass,prepared_datasets/combined_6class_plasticmetal_cleaned/test/Glass/glass237.jpg,,prepared_datasets/combined_6class_plasticmetal_cleaned/test/Glass/glass237.jpg,,,,,,,,
cleaned_test_Glass_glass241.jpg,CombinedCleaned,image_classification,test,Glass,Glass,prepared_datasets/combined_6class_plasticmetal_cleaned/test/Glass/glass241.jpg,,prepared_datasets/combined_6class_plasticmetal_cleaned/test/Glass/glass241.jpg,,,,,,,,
cleaned_test_Glass_glass243.jpg,CombinedCleaned,image_classification,test,Glass,Glass,prepared_datasets/combined_6class_plasticmetal_cleaned/test/Glass/glass243.jpg,,prepared_datasets/combined_6class_plasticmetal_cleaned/test/Glass/glass243.jpg,,,,,,,,
cleaned_test_Glass_glass25.jpg,CombinedCleaned,image_classification,test,Glass,Glass,prepared_datasets/combined_6class_plasticmetal_cleaned/test/Glass/glass25.jpg,,prepared_datasets/combined_6class_plasticmetal_cleaned/test/Glass/glass25.jpg,,,,,,,,
cleaned_test_Glass_glass251.jpg,CombinedCleaned,image_classification,test,Glass,Glass,prepared_datasets/combined_6class_plasticmetal_cleaned/test/Glass/glass251.jpg,,prepared_datasets/combined_6class_plasticmetal_cleaned/test/Glass/glass251.jpg,,,,,,,,
cleaned_test_Glass_glass258.jpg,CombinedCleaned,image_classification,test,Glass,Glass,prepared_datasets/combined_6class_plasticmetal_cleaned/test/Glass/glass258.jpg,,prepared_datasets/combined_6class_plasticmetal_cleaned/test/Glass/glass258.jpg,,,,,,,,
cleaned_test_Glass_glass260.jpg,CombinedCleaned,image_classification,test,Glass,Glass,prepared_datasets/combined_6class_plasticmetal_cleaned/test/Glass/glass260.jpg,,prepared_datasets/combined_6class_plasticmetal_cleaned/test/Glass/glass260.jpg,,,,,,,,
cleaned_test_Glass_glass267.jpg,CombinedCleaned,image_classification,test,Glass,Glass,prepared_datasets/combined_6class_plasticmetal_cleaned/test/Glass/glass267.jpg,,prepared_datasets/combined_6class_plasticmetal_cleaned/test/Glass/glass267.jpg,,,,,,,,
cleaned_test_Glass_glass274.jpg,CombinedCleaned,image_classification,test,Glass,Glass,prepared_datasets/combined_6class_plasticmetal_cleaned/test/Glass/glass274.jpg,,prepared_datasets/combined_6class_plasticmetal_cleaned/test/Glass/glass274.jpg,,,,,,,,
cleaned_test_Glass_glass277.jpg,CombinedCleaned,image_classification,test,Glass,Glass,prepared_datasets/combined_6class_plasticmetal_cleaned/test/Glass/glass277.jpg,,prepared_datasets/combined_6class_plasticmetal_cleaned/test/Glass/glass277.jpg,,,,,,,,
cleaned_test_Glass_glass283.jpg,CombinedCleaned,image_classification,test,Glass,Glass,prepared_datasets/combined_6class_plasticmetal_cleaned/test/Glass/glass283.jpg,,prepared_datasets/combined_6class_plasticmetal_cleaned/test/Glass/glass283.jpg,,,,,,,,
cleaned_test_Glass_glass285.jpg,CombinedCleaned,image_classification,test,Glass,Glass,prepared_datasets/combined_6class_plasticmetal_cleaned/test/Glass/glass285.jpg,,prepared_datasets/combined_6class_plasticmetal_cleaned/test/Glass/glass285.jpg,,,,,,,,
cleaned_test_Glass_glass288.jpg,CombinedCleaned,image_classification,test,Glass,Glass,prepared_datasets/combined_6class_plasticmetal_cleaned/test/Glass/glass288.jpg,,prepared_datasets/combined_6class_plasticmetal_cleaned/test/Glass/glass288.jpg,,,,,,,,
cleaned_test_Glass_glass293.jpg,CombinedCleaned,image_classification,test,Glass,Glass,prepared_datasets/combined_6class_plasticmetal_cleaned/test/Glass/glass293.jpg,,prepared_datasets/combined_6class_plasticmetal_cleaned/test/Glass/glass293.jpg,,,,,,,,
cleaned_test_Glass_glass298.jpg,CombinedCleaned,image_classification,test,Glass,Glass,prepared_datasets/combined_6class_plasticmetal_cleaned/test/Glass/glass298.jpg,,prepared_datasets/combined_6class_plasticmetal_cleaned/test/Glass/glass298.jpg,,,,,,,,
cleaned_test_Glass_glass3.jpg,CombinedCleaned,image_classification,test,Glass,Glass,prepared_datasets/combined_6class_plasticmetal_cleaned/test/Glass/glass3.jpg,,prepared_datasets/combined_6class_plasticmetal_cleaned/test/Glass/glass3.jpg,,,,,,,,
cleaned_test_Glass_glass30.jpg,CombinedCleaned,image_classification,test,Glass,Glass,prepared_datasets/combined_6class_plasticmetal_cleaned/test/Glass/glass30.jpg,,prepared_datasets/combined_6class_plasticmetal_cleaned/test/Glass/glass30.jpg,,,,,,,,
cleaned_test_Glass_glass332.jpg,CombinedCleaned,image_classification,test,Glass,Glass,prepared_datasets/combined_6class_plasticmetal_cleaned/test/Glass/glass332.jpg,,prepared_datasets/combined_6class_plasticmetal_cleaned/test/Glass/glass332.jpg,,,,,,,,
cleaned_test_Glass_glass333.jpg,CombinedCleaned,image_classification,test,Glass,Glass,prepared_datasets/combined_6class_plasticmetal_cleaned/test/Glass/glass333.jpg,,prepared_datasets/combined_6class_plasticmetal_cleaned/test/Glass/glass333.jpg,,,,,,,,
cleaned_test_Glass_glass334.jpg,CombinedCleaned,image_classification,test,Glass,Glass,prepared_datasets/combined_6class_plasticmetal_cleaned/test/Glass/glass334.jpg,,prepared_datasets/combined_6class_plasticmetal_cleaned/test/Glass/glass334.jpg,,,,,,,,
cleaned_test_Glass_glass339.jpg,CombinedCleaned,image_classification,test,Glass,Glass,prepared_datasets/combined_6class_plasticmetal_cleaned/test/Glass/glass339.jpg,,prepared_datasets/combined_6class_plasticmetal_cleaned/test/Glass/glass339.jpg,,,,,,,,
cleaned_test_Glass_glass346.jpg,CombinedCleaned,image_classification,test,Glass,Glass,prepared_datasets/combined_6class_plasticmetal_cleaned/test/Glass/glass346.jpg,,prepared_datasets/combined_6class_plasticmetal_cleaned/test/Glass/glass346.jpg,,,,,,,,
cleaned_test_Glass_glass347.jpg,CombinedCleaned,image_classification,test,Glass,Glass,prepared_datasets/combined_6class_plasticmetal_cleaned/test/Glass/glass347.jpg,,prepared_datasets/combined_6class_plasticmetal_cleaned/test/Glass/glass347.jpg,,,,,,,,
cleaned_test_Glass_glass354.jpg,CombinedCleaned,image_classification,test,Glass,Glass,prepared_datasets/combined_6class_plasticmetal_cleaned/test/Glass/glass354.jpg,,prepared_datasets/combined_6class_plasticmetal_cleaned/test/Glass/glass354.jpg,,,,,,,,
cleaned_test_Glass_glass365.jpg,CombinedCleaned,image_classification,test,Glass,Glass,prepared_datasets/combined_6class_plasticmetal_cleaned/test/Glass/glass365.jpg,,prepared_datasets/combined_6class_plasticmetal_cleaned/test/Glass/glass365.jpg,,,,,,,,
cleaned_test_Glass_glass367.jpg,CombinedCleaned,image_classification,test,Glass,Glass,prepared_datasets/combined_6class_plasticmetal_cleaned/test/Glass/glass367.jpg,,prepared_datasets/combined_6class_plasticmetal_cleaned/test/Glass/glass367.jpg,,,,,,,,
cleaned_test_Glass_glass374.jpg,CombinedCleaned,image_classification,test,Glass,Glass,prepared_datasets/combined_6class_plasticmetal_cleaned/test/Glass/glass374.jpg,,prepared_datasets/combined_6class_plasticmetal_cleaned/test/Glass/glass374.jpg,,,,,,,,
cleaned_test_Glass_glass379.jpg,CombinedCleaned,image_classification,test,Glass,Glass,prepared_datasets/combined_6class_plasticmetal_cleaned/test/Glass/glass379.jpg,,prepared_datasets/combined_6class_plasticmetal_cleaned/test/Glass/glass379.jpg,,,,,,,,
cleaned_test_Glass_glass387.jpg,CombinedCleaned,image_classification,test,Glass,Glass,prepared_datasets/combined_6class_plasticmetal_cleaned/test/Glass/glass387.jpg,,prepared_datasets/combined_6class_plasticmetal_cleaned/test/Glass/glass387.jpg,,,,,,,,
cleaned_test_Glass_glass395.jpg,CombinedCleaned,image_classification,test,Glass,Glass,prepared_datasets/combined_6class_plasticmetal_cleaned/test/Glass/glass395.jpg,,prepared_datasets/combined_6class_plasticmetal_cleaned/test/Glass/glass395.jpg,,,,,,,,
cleaned_test_Glass_glass404.jpg,CombinedCleaned,image_classification,test,Glass,Glass,prepared_datasets/combined_6class_plasticmetal_cleaned/test/Glass/glass404.jpg,,prepared_datasets/combined_6class_plasticmetal_cleaned/test/Glass/glass404.jpg,,,,,,,,
cleaned_test_Glass_glass405.jpg,CombinedCleaned,image_classification,test,Glass,Glass,prepared_datasets/combined_6class_plasticmetal_cleaned/test/Glass/glass405.jpg,,prepared_datasets/combined_6class_plasticmetal_cleaned/test/Glass/glass405.jpg,,,,,,,,
cleaned_test_Glass_glass406.jpg,CombinedCleaned,image_classification,test,Glass,Glass,prepared_datasets/combined_6class_plasticmetal_cleaned/test/Glass/glass406.jpg,,prepared_datasets/combined_6class_plasticmetal_cleaned/test/Glass/glass406.jpg,,,,,,,,
cleaned_test_Glass_glass408.jpg,CombinedCleaned,image_classification,test,Glass,Glass,prepared_datasets/combined_6class_plasticmetal_cleaned/test/Glass/glass408.jpg,,prepared_datasets/combined_6class_plasticmetal_cleaned/test/Glass/glass408.jpg,,,,,,,,
cleaned_test_Glass_glass410.jpg,CombinedCleaned,image_classification,test,Glass,Glass,prepared_datasets/combined_6class_plasticmetal_cleaned/test/Glass/glass410.jpg,,prepared_datasets/combined_6class_plasticmetal_cleaned/test/Glass/glass410.jpg,,,,,,,,
cleaned_test_Glass_glass411.jpg,CombinedCleaned,image_classification,test,Glass,Glass,prepared_datasets/combined_6class_plasticmetal_cleaned/test/Glass/glass411.jpg,,prepared_datasets/combined_6class_plasticmetal_cleaned/test/Glass/glass411.jpg,,,,,,,,
cleaned_test_Glass_glass415.jpg,CombinedCleaned,image_classification,test,Glass,Glass,prepared_datasets/combined_6class_plasticmetal_cleaned/test/Glass/glass415.jpg,,prepared_datasets/combined_6class_plasticmetal_cleaned/test/Glass/glass415.jpg,,,,,,,,
cleaned_test_Glass_glass42.jpg,CombinedCleaned,image_classification,test,Glass,Glass,prepared_datasets/combined_6class_plasticmetal_cleaned/test/Glass/glass42.jpg,,prepared_datasets/combined_6class_plasticmetal_cleaned/test/Glass/glass42.jpg,,,,,,,,
cleaned_test_Glass_glass425.jpg,CombinedCleaned,image_classification,test,Glass,Glass,prepared_datasets/combined_6class_plasticmetal_cleaned/test/Glass/glass425.jpg,,prepared_datasets/combined_6class_plasticmetal_cleaned/test/Glass/glass425.jpg,,,,,,,,
cleaned_test_Glass_glass430.jpg,CombinedCleaned,image_classification,test,Glass,Glass,prepared_datasets/combined_6class_plasticmetal_cleaned/test/Glass/glass430.jpg,,prepared_datasets/combined_6class_plasticmetal_cleaned/test/Glass/glass430.jpg,,,,,,,,
cleaned_test_Glass_glass435.jpg,CombinedCleaned,image_classification,test,Glass,Glass,prepared_datasets/combined_6class_plasticmetal_cleaned/test/Glass/glass435.jpg,,prepared_datasets/combined_6class_plasticmetal_cleaned/test/Glass/glass435.jpg,,,,,,,,
cleaned_test_Glass_glass439.jpg,CombinedCleaned,image_classification,test,Glass,Glass,prepared_datasets/combined_6class_plasticmetal_cleaned/test/Glass/glass439.jpg,,prepared_datasets/combined_6class_plasticmetal_cleaned/test/Glass/glass439.jpg,,,,,,,,
cleaned_test_Glass_glass440.jpg,CombinedCleaned,image_classification,test,Glass,Glass,prepared_datasets/combined_6class_plasticmetal_cleaned/test/Glass/glass440.jpg,,prepared_datasets/combined_6class_plasticmetal_cleaned/test/Glass/glass440.jpg,,,,,,,,
cleaned_test_Glass_glass455.jpg,CombinedCleaned,image_classification,test,Glass,Glass,prepared_datasets/combined_6class_plasticmetal_cleaned/test/Glass/glass455.jpg,,prepared_datasets/combined_6class_plasticmetal_cleaned/test/Glass/glass455.jpg,,,,,,,,
cleaned_test_Glass_glass461.jpg,CombinedCleaned,image_classification,test,Glass,Glass,prepared_datasets/combined_6class_plasticmetal_cleaned/test/Glass/glass461.jpg,,prepared_datasets/combined_6class_plasticmetal_cleaned/test/Glass/glass461.jpg,,,,,,,,
cleaned_test_Glass_glass470.jpg,CombinedCleaned,image_classification,test,Glass,Glass,prepared_datasets/combined_6class_plasticmetal_cleaned/test/Glass/glass470.jpg,,prepared_datasets/combined_6class_plasticmetal_cleaned/test/Glass/glass470.jpg,,,,,,,,
cleaned_test_Glass_glass488.jpg,CombinedCleaned,image_classification,test,Glass,Glass,prepared_datasets/combined_6class_plasticmetal_cleaned/test/Glass/glass488.jpg,,prepared_datasets/combined_6class_plasticmetal_cleaned/test/Glass/glass488.jpg,,,,,,,,
cleaned_test_Glass_glass490.jpg,CombinedCleaned,image_classification,test,Glass,Glass,prepared_datasets/combined_6class_plasticmetal_cleaned/test/Glass/glass490.jpg,,prepared_datasets/combined_6class_plasticmetal_cleaned/test/Glass/glass490.jpg,,,,,,,,
cleaned_test_Glass_glass51.jpg,CombinedCleaned,image_classification,test,Glass,Glass,prepared_datasets/combined_6class_plasticmetal_cleaned/test/Glass/glass51.jpg,,prepared_datasets/combined_6class_plasticmetal_cleaned/test/Glass/glass51.jpg,,,,,,,,
cleaned_test_Glass_glass52.jpg,CombinedCleaned,image_classification,test,Glass,Glass,prepared_datasets/combined_6class_plasticmetal_cleaned/test/Glass/glass52.jpg,,prepared_datasets/combined_6class_plasticmetal_cleaned/test/Glass/glass52.jpg,,,,,,,,
cleaned_test_Glass_glass59.jpg,CombinedCleaned,image_classification,test,Glass,Glass,prepared_datasets/combined_6class_plasticmetal_cleaned/test/Glass/glass59.jpg,,prepared_datasets/combined_6class_plasticmetal_cleaned/test/Glass/glass59.jpg,,,,,,,,
cleaned_test_Glass_glass62.jpg,CombinedCleaned,image_classification,test,Glass,Glass,prepared_datasets/combined_6class_plasticmetal_cleaned/test/Glass/glass62.jpg,,prepared_datasets/combined_6class_plasticmetal_cleaned/test/Glass/glass62.jpg,,,,,,,,
cleaned_test_Glass_glass74.jpg,CombinedCleaned,image_classification,test,Glass,Glass,prepared_datasets/combined_6class_plasticmetal_cleaned/test/Glass/glass74.jpg,,prepared_datasets/combined_6class_plasticmetal_cleaned/test/Glass/glass74.jpg,,,,,,,,
cleaned_test_Glass_glass75.jpg,CombinedCleaned,image_classification,test,Glass,Glass,prepared_datasets/combined_6class_plasticmetal_cleaned/test/Glass/glass75.jpg,,prepared_datasets/combined_6class_plasticmetal_cleaned/test/Glass/glass75.jpg,,,,,,,,
cleaned_test_Glass_glass80.jpg,CombinedCleaned,image_classification,test,Glass,Glass,prepared_datasets/combined_6class_plasticmetal_cleaned/test/Glass/glass80.jpg,,prepared_datasets/combined_6class_plasticmetal_cleaned/test/Glass/glass80.jpg,,,,,,,,
cleaned_test_Glass_glass87.jpg,CombinedCleaned,image_classification,test,Glass,Glass,prepared_datasets/combined_6class_plasticmetal_cleaned/test/Glass/glass87.jpg,,prepared_datasets/combined_6class_plasticmetal_cleaned/test/Glass/glass87.jpg,,,,,,,,
cleaned_test_Glass_glass9.jpg,CombinedCleaned,image_classification,test,Glass,Glass,prepared_datasets/combined_6class_plasticmetal_cleaned/test/Glass/glass9.jpg,,prepared_datasets/combined_6class_plasticmetal_cleaned/test/Glass/glass9.jpg,,,,,,,,
cleaned_test_Glass_glass94.jpg,CombinedCleaned,image_classification,test,Glass,Glass,prepared_datasets/combined_6class_plasticmetal_cleaned/test/Glass/glass94.jpg,,prepared_datasets/combined_6class_plasticmetal_cleaned/test/Glass/glass94.jpg,,,,,,,,
cleaned_test_Metal_000001_ann4477.jpg,CombinedCleaned,image_classification,test,Metal,Metal,prepared_datasets/combined_6class_plasticmetal_cleaned/test/Metal/000001_ann4477.jpg,,prepared_datasets/combined_6class_plasticmetal_cleaned/test/Metal/000001_ann4477.jpg,,,,,,,,
cleaned_test_Metal_000004_ann249.jpg,CombinedCleaned,image_classification,test,Metal,Metal,prepared_datasets/combined_6class_plasticmetal_cleaned/test/Metal/000004_ann249.jpg,,prepared_datasets/combined_6class_plasticmetal_cleaned/test/Metal/000004_ann249.jpg,,,,,,,,
cleaned_test_Metal_000014_ann4086.jpg,CombinedCleaned,image_classification,test,Metal,Metal,prepared_datasets/combined_6class_plasticmetal_cleaned/test/Metal/000014_ann4086.jpg,,prepared_datasets/combined_6class_plasticmetal_cleaned/test/Metal/000014_ann4086.jpg,,,,,,,,
cleaned_test_Metal_000023_ann74.jpg,CombinedCleaned,image_classification,test,Metal,Metal,prepared_datasets/combined_6class_plasticmetal_cleaned/test/Metal/000023_ann74.jpg,,prepared_datasets/combined_6class_plasticmetal_cleaned/test/Metal/000023_ann74.jpg,,,,,,,,
cleaned_test_Metal_000023_ann973.jpg,CombinedCleaned,image_classification,test,Metal,Metal,prepared_datasets/combined_6class_plasticmetal_cleaned/test/Metal/000023_ann973.jpg,,prepared_datasets/combined_6class_plasticmetal_cleaned/test/Metal/000023_ann973.jpg,,,,,,,,
cleaned_test_Metal_000024_ann80.jpg,CombinedCleaned,image_classification,test,Metal,Metal,prepared_datasets/combined_6class_plasticmetal_cleaned/test/Metal/000024_ann80.jpg,,prepared_datasets/combined_6class_plasticmetal_cleaned/test/Metal/000024_ann80.jpg,,,,,,,,
cleaned_test_Metal_000024_ann81.jpg,CombinedCleaned,image_classification,test,Metal,Metal,prepared_datasets/combined_6class_plasticmetal_cleaned/test/Metal/000024_ann81.jpg,,prepared_datasets/combined_6class_plasticmetal_cleaned/test/Metal/000024_ann81.jpg,,,,,,,,
cleaned_test_Metal_000025_ann429.jpg,CombinedCleaned,image_classification,test,Metal,Metal,prepared_datasets/combined_6class_plasticmetal_cleaned/test/Metal/000025_ann429.jpg,,prepared_datasets/combined_6class_plasticmetal_cleaned/test/Metal/000025_ann429.jpg,,,,,,,,
cleaned_test_Metal_000027_ann1546.jpg,CombinedCleaned,image_classification,test,Metal,Metal,prepared_datasets/combined_6class_plasticmetal_cleaned/test/Metal/000027_ann1546.jpg,,prepared_datasets/combined_6class_plasticmetal_cleaned/test/Metal/000027_ann1546.jpg,,,,,,,,
cleaned_test_Metal_000027_ann2256.jpg,CombinedCleaned,image_classification,test,Metal,Metal,prepared_datasets/combined_6class_plasticmetal_cleaned/test/Metal/000027_ann2256.jpg,,prepared_datasets/combined_6class_plasticmetal_cleaned/test/Metal/000027_ann2256.jpg,,,,,,,,
cleaned_test_Metal_000027_ann2259.jpg,CombinedCleaned,image_classification,test,Metal,Metal,prepared_datasets/combined_6class_plasticmetal_cleaned/test/Metal/000027_ann2259.jpg,,prepared_datasets/combined_6class_plasticmetal_cleaned/test/Metal/000027_ann2259.jpg,,,,,,,,
cleaned_test_Metal_000028_ann3526.jpg,CombinedCleaned,image_classification,test,Metal,Metal,prepared_datasets/combined_6class_plasticmetal_cleaned/test/Metal/000028_ann3526.jpg,,prepared_datasets/combined_6class_plasticmetal_cleaned/test/Metal/000028_ann3526.jpg,,,,,,,,
cleaned_test_Metal_000038_ann121.jpg,CombinedCleaned,image_classification,test,Metal,Metal,prepared_datasets/combined_6class_plasticmetal_cleaned/test/Metal/000038_ann121.jpg,,prepared_datasets/combined_6class_plasticmetal_cleaned/test/Metal/000038_ann121.jpg,,,,,,,,
cleaned_test_Metal_000038_ann122.jpg,CombinedCleaned,image_classification,test,Metal,Metal,prepared_datasets/combined_6class_plasticmetal_cleaned/test/Metal/000038_ann122.jpg,,prepared_datasets/combined_6class_plasticmetal_cleaned/test/Metal/000038_ann122.jpg,,,,,,,,
cleaned_test_Metal_000042_ann2283.jpg,CombinedCleaned,image_classification,test,Metal,Metal,prepared_datasets/combined_6class_plasticmetal_cleaned/test/Metal/000042_ann2283.jpg,,prepared_datasets/combined_6class_plasticmetal_cleaned/test/Metal/000042_ann2283.jpg,,,,,,,,
cleaned_test_Metal_000045_ann117.jpg,CombinedCleaned,image_classification,test,Metal,Metal,prepared_datasets/combined_6class_plasticmetal_cleaned/test/Metal/000045_ann117.jpg,,prepared_datasets/combined_6class_plasticmetal_cleaned/test/Metal/000045_ann117.jpg,,,,,,,,
cleaned_test_Metal_000045_ann120.jpg,CombinedCleaned,image_classification,test,Metal,Metal,prepared_datasets/combined_6class_plasticmetal_cleaned/test/Metal/000045_ann120.jpg,,prepared_datasets/combined_6class_plasticmetal_cleaned/test/Metal/000045_ann120.jpg,,,,,,,,
cleaned_test_Metal_000048_ann794.jpg,CombinedCleaned,image_classification,test,Metal,Metal,prepared_datasets/combined_6class_plasticmetal_cleaned/test/Metal/000048_ann794.jpg,,prepared_datasets/combined_6class_plasticmetal_cleaned/test/Metal/000048_ann794.jpg,,,,,,,,
cleaned_test_Metal_000054_ann1604.jpg,CombinedCleaned,image_classification,test,Metal,Metal,prepared_datasets/combined_6class_plasticmetal_cleaned/test/Metal/000054_ann1604.jpg,,prepared_datasets/combined_6class_plasticmetal_cleaned/test/Metal/000054_ann1604.jpg,,,,,,,,
cleaned_test_Metal_000054_ann1608.jpg,CombinedCleaned,image_classification,test,Metal,Metal,prepared_datasets/combined_6class_plasticmetal_cleaned/test/Metal/000054_ann1608.jpg,,prepared_datasets/combined_6class_plasticmetal_cleaned/test/Metal/000054_ann1608.jpg,,,,,,,,
cleaned_test_Metal_000057_ann3441.jpg,CombinedCleaned,image_classification,test,Metal,Metal,prepared_datasets/combined_6class_plasticmetal_cleaned/test/Metal/000057_ann3441.jpg,,prepared_datasets/combined_6class_plasticmetal_cleaned/test/Metal/000057_ann3441.jpg,,,,,,,,
cleaned_test_Metal_000066_ann4392.jpg,CombinedCleaned,image_classification,test,Metal,Metal,prepared_datasets/combined_6class_plasticmetal_cleaned/test/Metal/000066_ann4392.jpg,,prepared_datasets/combined_6class_plasticmetal_cleaned/test/Metal/000066_ann4392.jpg,,,,,,,,
cleaned_test_Metal_000069_ann1803.jpg,CombinedCleaned,image_classification,test,Metal,Metal,prepared_datasets/combined_6class_plasticmetal_cleaned/test/Metal/000069_ann1803.jpg,,prepared_datasets/combined_6class_plasticmetal_cleaned/test/Metal/000069_ann1803.jpg,,,,,,,,
cleaned_test_Metal_000073_ann2930.jpg,CombinedCleaned,image_classification,test,Metal,Metal,prepared_datasets/combined_6class_plasticmetal_cleaned/test/Metal/000073_ann2930.jpg,,prepared_datasets/combined_6class_plasticmetal_cleaned/test/Metal/000073_ann2930.jpg,,,,,,,,
cleaned_test_Metal_000076_ann1326.jpg,CombinedCleaned,image_classification,test,Metal,Metal,prepared_datasets/combined_6class_plasticmetal_cleaned/test/Metal/000076_ann1326.jpg,,prepared_datasets/combined_6class_plasticmetal_cleaned/test/Metal/000076_ann1326.jpg,,,,,,,,
cleaned_test_Metal_000077_ann1327.jpg,CombinedCleaned,image_classification,test,Metal,Metal,prepared_datasets/combined_6class_plasticmetal_cleaned/test/Metal/000077_ann1327.jpg,,prepared_datasets/combined_6class_plasticmetal_cleaned/test/Metal/000077_ann1327.jpg,,,,,,,,
cleaned_test_Metal_000080_ann2349.jpg,CombinedCleaned,image_classification,test,Metal,Metal,prepared_datasets/combined_6class_plasticmetal_cleaned/test/Metal/000080_ann2349.jpg,,prepared_datasets/combined_6class_plasticmetal_cleaned/test/Metal/000080_ann2349.jpg,,,,,,,,
cleaned_test_Metal_000087_ann4449.jpg,CombinedCleaned,image_classification,test,Metal,Metal,prepared_datasets/combined_6class_plasticmetal_cleaned/test/Metal/000087_ann4449.jpg,,prepared_datasets/combined_6class_plasticmetal_cleaned/test/Metal/000087_ann4449.jpg,,,,,,,,
cleaned_test_Metal_000128_ann268.jpg,CombinedCleaned,image_classification,test,Metal,Metal,prepared_datasets/combined_6class_plasticmetal_cleaned/test/Metal/000128_ann268.jpg,,prepared_datasets/combined_6class_plasticmetal_cleaned/test/Metal/000128_ann268.jpg,,,,,,,,
cleaned_test_Metal_000129_ann277.jpg,CombinedCleaned,image_classification,test,Metal,Metal,prepared_datasets/combined_6class_plasticmetal_cleaned/test/Metal/000129_ann277.jpg,,prepared_datasets/combined_6class_plasticmetal_cleaned/test/Metal/000129_ann277.jpg,,,,,,,,
cleaned_test_Metal_IMG_5055_ann2538.jpg,CombinedCleaned,image_classification,test,Metal,Metal,prepared_datasets/combined_6class_plasticmetal_cleaned/test/Metal/IMG_5055_ann2538.jpg,,prepared_datasets/combined_6class_plasticmetal_cleaned/test/Metal/IMG_5055_ann2538.jpg,,,,,,,,
cleaned_test_Metal_metal1.jpg,CombinedCleaned,image_classification,test,Metal,Metal,prepared_datasets/combined_6class_plasticmetal_cleaned/test/Metal/metal1.jpg,,prepared_datasets/combined_6class_plasticmetal_cleaned/test/Metal/metal1.jpg,,,,,,,,
cleaned_test_Metal_metal100.jpg,CombinedCleaned,image_classification,test,Metal,Metal,prepared_datasets/combined_6class_plasticmetal_cleaned/test/Metal/metal100.jpg,,prepared_datasets/combined_6class_plasticmetal_cleaned/test/Metal/metal100.jpg,,,,,,,,
cleaned_test_Metal_metal106.jpg,CombinedCleaned,image_classification,test,Metal,Metal,prepared_datasets/combined_6class_plasticmetal_cleaned/test/Metal/metal106.jpg,,prepared_datasets/combined_6class_plasticmetal_cleaned/test/Metal/metal106.jpg,,,,,,,,
cleaned_test_Metal_metal107.jpg,CombinedCleaned,image_classification,test,Metal,Metal,prepared_datasets/combined_6class_plasticmetal_cleaned/test/Metal/metal107.jpg,,prepared_datasets/combined_6class_plasticmetal_cleaned/test/Metal/metal107.jpg,,,,,,,,
cleaned_test_Metal_metal108.jpg,CombinedCleaned,image_classification,test,Metal,Metal,prepared_datasets/combined_6class_plasticmetal_cleaned/test/Metal/metal108.jpg,,prepared_datasets/combined_6class_plasticmetal_cleaned/test/Metal/metal108.jpg,,,,,,,,
cleaned_test_Metal_metal119.jpg,CombinedCleaned,image_classification,test,Metal,Metal,prepared_datasets/combined_6class_plasticmetal_cleaned/test/Metal/metal119.jpg,,prepared_datasets/combined_6class_plasticmetal_cleaned/test/Metal/metal119.jpg,,,,,,,,
cleaned_test_Metal_metal120.jpg,CombinedCleaned,image_classification,test,Metal,Metal,prepared_datasets/combined_6class_plasticmetal_cleaned/test/Metal/metal120.jpg,,prepared_datasets/combined_6class_plasticmetal_cleaned/test/Metal/metal120.jpg,,,,,,,,
cleaned_test_Metal_metal128.jpg,CombinedCleaned,image_classification,test,Metal,Metal,prepared_datasets/combined_6class_plasticmetal_cleaned/test/Metal/metal128.jpg,,prepared_datasets/combined_6class_plasticmetal_cleaned/test/Metal/metal128.jpg,,,,,,,,
cleaned_test_Metal_metal13.jpg,CombinedCleaned,image_classification,test,Metal,Metal,prepared_datasets/combined_6class_plasticmetal_cleaned/test/Metal/metal13.jpg,,prepared_datasets/combined_6class_plasticmetal_cleaned/test/Metal/metal13.jpg,,,,,,,,
cleaned_test_Metal_metal135.jpg,CombinedCleaned,image_classification,test,Metal,Metal,prepared_datasets/combined_6class_plasticmetal_cleaned/test/Metal/metal135.jpg,,prepared_datasets/combined_6class_plasticmetal_cleaned/test/Metal/metal135.jpg,,,,,,,,
cleaned_test_Metal_metal138.jpg,CombinedCleaned,image_classification,test,Metal,Metal,prepared_datasets/combined_6class_plasticmetal_cleaned/test/Metal/metal138.jpg,,prepared_datasets/combined_6class_plasticmetal_cleaned/test/Metal/metal138.jpg,,,,,,,,
cleaned_test_Metal_metal15.jpg,CombinedCleaned,image_classification,test,Metal,Metal,prepared_datasets/combined_6class_plasticmetal_cleaned/test/Metal/metal15.jpg,,prepared_datasets/combined_6class_plasticmetal_cleaned/test/Metal/metal15.jpg,,,,,,,,
cleaned_test_Metal_metal155.jpg,CombinedCleaned,image_classification,test,Metal,Metal,prepared_datasets/combined_6class_plasticmetal_cleaned/test/Metal/metal155.jpg,,prepared_datasets/combined_6class_plasticmetal_cleaned/test/Metal/metal155.jpg,,,,,,,,
cleaned_test_Metal_metal165.jpg,CombinedCleaned,image_classification,test,Metal,Metal,prepared_datasets/combined_6class_plasticmetal_cleaned/test/Metal/metal165.jpg,,prepared_datasets/combined_6class_plasticmetal_cleaned/test/Metal/metal165.jpg,,,,,,,,
cleaned_test_Metal_metal168.jpg,CombinedCleaned,image_classification,test,Metal,Metal,prepared_datasets/combined_6class_plasticmetal_cleaned/test/Metal/metal168.jpg,,prepared_datasets/combined_6class_plasticmetal_cleaned/test/Metal/metal168.jpg,,,,,,,,
cleaned_test_Metal_metal185.jpg,CombinedCleaned,image_classification,test,Metal,Metal,prepared_datasets/combined_6class_plasticmetal_cleaned/test/Metal/metal185.jpg,,prepared_datasets/combined_6class_plasticmetal_cleaned/test/Metal/metal185.jpg,,,,,,,,
cleaned_test_Metal_metal199.jpg,CombinedCleaned,image_classification,test,Metal,Metal,prepared_datasets/combined_6class_plasticmetal_cleaned/test/Metal/metal199.jpg,,prepared_datasets/combined_6class_plasticmetal_cleaned/test/Metal/metal199.jpg,,,,,,,,
cleaned_test_Metal_metal208.jpg,CombinedCleaned,image_classification,test,Metal,Metal,prepared_datasets/combined_6class_plasticmetal_cleaned/test/Metal/metal208.jpg,,prepared_datasets/combined_6class_plasticmetal_cleaned/test/Metal/metal208.jpg,,,,,,,,
cleaned_test_Metal_metal209.jpg,CombinedCleaned,image_classification,test,Metal,Metal,prepared_datasets/combined_6class_plasticmetal_cleaned/test/Metal/metal209.jpg,,prepared_datasets/combined_6class_plasticmetal_cleaned/test/Metal/metal209.jpg,,,,,,,,
cleaned_test_Metal_metal21.jpg,CombinedCleaned,image_classification,test,Metal,Metal,prepared_datasets/combined_6class_plasticmetal_cleaned/test/Metal/metal21.jpg,,prepared_datasets/combined_6class_plasticmetal_cleaned/test/Metal/metal21.jpg,,,,,,,,
cleaned_test_Metal_metal217.jpg,CombinedCleaned,image_classification,test,Metal,Metal,prepared_datasets/combined_6class_plasticmetal_cleaned/test/Metal/metal217.jpg,,prepared_datasets/combined_6class_plasticmetal_cleaned/test/Metal/metal217.jpg,,,,,,,,
cleaned_test_Metal_metal231.jpg,CombinedCleaned,image_classification,test,Metal,Metal,prepared_datasets/combined_6class_plasticmetal_cleaned/test/Metal/metal231.jpg,,prepared_datasets/combined_6class_plasticmetal_cleaned/test/Metal/metal231.jpg,,,,,,,,
cleaned_test_Metal_metal233.jpg,CombinedCleaned,image_classification,test,Metal,Metal,prepared_datasets/combined_6class_plasticmetal_cleaned/test/Metal/metal233.jpg,,prepared_datasets/combined_6class_plasticmetal_cleaned/test/Metal/metal233.jpg,,,,,,,,
cleaned_test_Metal_metal238.jpg,CombinedCleaned,image_classification,test,Metal,Metal,prepared_datasets/combined_6class_plasticmetal_cleaned/test/Metal/metal238.jpg,,prepared_datasets/combined_6class_plasticmetal_cleaned/test/Metal/metal238.jpg,,,,,,,,
cleaned_test_Metal_metal261.jpg,CombinedCleaned,image_classification,test,Metal,Metal,prepared_datasets/combined_6class_plasticmetal_cleaned/test/Metal/metal261.jpg,,prepared_datasets/combined_6class_plasticmetal_cleaned/test/Metal/metal261.jpg,,,,,,,,
cleaned_test_Metal_metal265.jpg,CombinedCleaned,image_classification,test,Metal,Metal,prepared_datasets/combined_6class_plasticmetal_cleaned/test/Metal/metal265.jpg,,prepared_datasets/combined_6class_plasticmetal_cleaned/test/Metal/metal265.jpg,,,,,,,,
cleaned_test_Metal_metal278.jpg,CombinedCleaned,image_classification,test,Metal,Metal,prepared_datasets/combined_6class_plasticmetal_cleaned/test/Metal/metal278.jpg,,prepared_datasets/combined_6class_plasticmetal_cleaned/test/Metal/metal278.jpg,,,,,,,,
cleaned_test_Metal_metal279.jpg,CombinedCleaned,image_classification,test,Metal,Metal,prepared_datasets/combined_6class_plasticmetal_cleaned/test/Metal/metal279.jpg,,prepared_datasets/combined_6class_plasticmetal_cleaned/test/Metal/metal279.jpg,,,,,,,,
cleaned_test_Metal_metal291.jpg,CombinedCleaned,image_classification,test,Metal,Metal,prepared_datasets/combined_6class_plasticmetal_cleaned/test/Metal/metal291.jpg,,prepared_datasets/combined_6class_plasticmetal_cleaned/test/Metal/metal291.jpg,,,,,,,,
cleaned_test_Metal_metal292.jpg,CombinedCleaned,image_classification,test,Metal,Metal,prepared_datasets/combined_6class_plasticmetal_cleaned/test/Metal/metal292.jpg,,prepared_datasets/combined_6class_plasticmetal_cleaned/test/Metal/metal292.jpg,,,,,,,,
cleaned_test_Metal_metal294.jpg,CombinedCleaned,image_classification,test,Metal,Metal,prepared_datasets/combined_6class_plasticmetal_cleaned/test/Metal/metal294.jpg,,prepared_datasets/combined_6class_plasticmetal_cleaned/test/Metal/metal294.jpg,,,,,,,,
cleaned_test_Metal_metal297.jpg,CombinedCleaned,image_classification,test,Metal,Metal,prepared_datasets/combined_6class_plasticmetal_cleaned/test/Metal/metal297.jpg,,prepared_datasets/combined_6class_plasticmetal_cleaned/test/Metal/metal297.jpg,,,,,,,,
cleaned_test_Metal_metal305.jpg,CombinedCleaned,image_classification,test,Metal,Metal,prepared_datasets/combined_6class_plasticmetal_cleaned/test/Metal/metal305.jpg,,prepared_datasets/combined_6class_plasticmetal_cleaned/test/Metal/metal305.jpg,,,,,,,,
cleaned_test_Metal_metal31.jpg,CombinedCleaned,image_classification,test,Metal,Metal,prepared_datasets/combined_6class_plasticmetal_cleaned/test/Metal/metal31.jpg,,prepared_datasets/combined_6class_plasticmetal_cleaned/test/Metal/metal31.jpg,,,,,,,,
cleaned_test_Metal_metal315.jpg,CombinedCleaned,image_classification,test,Metal,Metal,prepared_datasets/combined_6class_plasticmetal_cleaned/test/Metal/metal315.jpg,,prepared_datasets/combined_6class_plasticmetal_cleaned/test/Metal/metal315.jpg,,,,,,,,
cleaned_test_Metal_metal329.jpg,CombinedCleaned,image_classification,test,Metal,Metal,prepared_datasets/combined_6class_plasticmetal_cleaned/test/Metal/metal329.jpg,,prepared_datasets/combined_6class_plasticmetal_cleaned/test/Metal/metal329.jpg,,,,,,,,
cleaned_test_Metal_metal332.jpg,CombinedCleaned,image_classification,test,Metal,Metal,prepared_datasets/combined_6class_plasticmetal_cleaned/test/Metal/metal332.jpg,,prepared_datasets/combined_6class_plasticmetal_cleaned/test/Metal/metal332.jpg,,,,,,,,
cleaned_test_Metal_metal336.jpg,CombinedCleaned,image_classification,test,Metal,Metal,prepared_datasets/combined_6class_plasticmetal_cleaned/test/Metal/metal336.jpg,,prepared_datasets/combined_6class_plasticmetal_cleaned/test/Metal/metal336.jpg,,,,,,,,
cleaned_test_Metal_metal340.jpg,CombinedCleaned,image_classification,test,Metal,Metal,prepared_datasets/combined_6class_plasticmetal_cleaned/test/Metal/metal340.jpg,,prepared_datasets/combined_6class_plasticmetal_cleaned/test/Metal/metal340.jpg,,,,,,,,
cleaned_test_Metal_metal341.jpg,CombinedCleaned,image_classification,test,Metal,Metal,prepared_datasets/combined_6class_plasticmetal_cleaned/test/Metal/metal341.jpg,,prepared_datasets/combined_6class_plasticmetal_cleaned/test/Metal/metal341.jpg,,,,,,,,
cleaned_test_Metal_metal342.jpg,CombinedCleaned,image_classification,test,Metal,Metal,prepared_datasets/combined_6class_plasticmetal_cleaned/test/Metal/metal342.jpg,,prepared_datasets/combined_6class_plasticmetal_cleaned/test/Metal/metal342.jpg,,,,,,,,
cleaned_test_Metal_metal346.jpg,CombinedCleaned,image_classification,test,Metal,Metal,prepared_datasets/combined_6class_plasticmetal_cleaned/test/Metal/metal346.jpg,,prepared_datasets/combined_6class_plasticmetal_cleaned/test/Metal/metal346.jpg,,,,,,,,
cleaned_test_Metal_metal35.jpg,CombinedCleaned,image_classification,test,Metal,Metal,prepared_datasets/combined_6class_plasticmetal_cleaned/test/Metal/metal35.jpg,,prepared_datasets/combined_6class_plasticmetal_cleaned/test/Metal/metal35.jpg,,,,,,,,
cleaned_test_Metal_metal351.jpg,CombinedCleaned,image_classification,test,Metal,Metal,prepared_datasets/combined_6class_plasticmetal_cleaned/test/Metal/metal351.jpg,,prepared_datasets/combined_6class_plasticmetal_cleaned/test/Metal/metal351.jpg,,,,,,,,
cleaned_test_Metal_metal354.jpg,CombinedCleaned,image_classification,test,Metal,Metal,prepared_datasets/combined_6class_plasticmetal_cleaned/test/Metal/metal354.jpg,,prepared_datasets/combined_6class_plasticmetal_cleaned/test/Metal/metal354.jpg,,,,,,,,
cleaned_test_Metal_metal362.jpg,CombinedCleaned,image_classification,test,Metal,Metal,prepared_datasets/combined_6class_plasticmetal_cleaned/test/Metal/metal362.jpg,,prepared_datasets/combined_6class_plasticmetal_cleaned/test/Metal/metal362.jpg,,,,,,,,
cleaned_test_Metal_metal364.jpg,CombinedCleaned,image_classification,test,Metal,Metal,prepared_datasets/combined_6class_plasticmetal_cleaned/test/Metal/metal364.jpg,,prepared_datasets/combined_6class_plasticmetal_cleaned/test/Metal/metal364.jpg,,,,,,,,
cleaned_test_Metal_metal374.jpg,CombinedCleaned,image_classification,test,Metal,Metal,prepared_datasets/combined_6class_plasticmetal_cleaned/test/Metal/metal374.jpg,,prepared_datasets/combined_6class_plasticmetal_cleaned/test/Metal/metal374.jpg,,,,,,,,
cleaned_test_Metal_metal38.jpg,CombinedCleaned,image_classification,test,Metal,Metal,prepared_datasets/combined_6class_plasticmetal_cleaned/test/Metal/metal38.jpg,,prepared_datasets/combined_6class_plasticmetal_cleaned/test/Metal/metal38.jpg,,,,,,,,
cleaned_test_Metal_metal382.jpg,CombinedCleaned,image_classification,test,Metal,Metal,prepared_datasets/combined_6class_plasticmetal_cleaned/test/Metal/metal382.jpg,,prepared_datasets/combined_6class_plasticmetal_cleaned/test/Metal/metal382.jpg,,,,,,,,
cleaned_test_Metal_metal383.jpg,CombinedCleaned,image_classification,test,Metal,Metal,prepared_datasets/combined_6class_plasticmetal_cleaned/test/Metal/metal383.jpg,,prepared_datasets/combined_6class_plasticmetal_cleaned/test/Metal/metal383.jpg,,,,,,,,
cleaned_test_Metal_metal386.jpg,CombinedCleaned,image_classification,test,Metal,Metal,prepared_datasets/combined_6class_plasticmetal_cleaned/test/Metal/metal386.jpg,,prepared_datasets/combined_6class_plasticmetal_cleaned/test/Metal/metal386.jpg,,,,,,,,
cleaned_test_Metal_metal390.jpg,CombinedCleaned,image_classification,test,Metal,Metal,prepared_datasets/combined_6class_plasticmetal_cleaned/test/Metal/metal390.jpg,,prepared_datasets/combined_6class_plasticmetal_cleaned/test/Metal/metal390.jpg,,,,,,,,
cleaned_test_Metal_metal392.jpg,CombinedCleaned,image_classification,test,Metal,Metal,prepared_datasets/combined_6class_plasticmetal_cleaned/test/Metal/metal392.jpg,,prepared_datasets/combined_6class_plasticmetal_cleaned/test/Metal/metal392.jpg,,,,,,,,
cleaned_test_Metal_metal394.jpg,CombinedCleaned,image_classification,test,Metal,Metal,prepared_datasets/combined_6class_plasticmetal_cleaned/test/Metal/metal394.jpg,,prepared_datasets/combined_6class_plasticmetal_cleaned/test/Metal/metal394.jpg,,,,,,,,
cleaned_test_Metal_metal405.jpg,CombinedCleaned,image_classification,test,Metal,Metal,prepared_datasets/combined_6class_plasticmetal_cleaned/test/Metal/metal405.jpg,,prepared_datasets/combined_6class_plasticmetal_cleaned/test/Metal/metal405.jpg,,,,,,,,
cleaned_test_Metal_metal407.jpg,CombinedCleaned,image_classification,test,Metal,Metal,prepared_datasets/combined_6class_plasticmetal_cleaned/test/Metal/metal407.jpg,,prepared_datasets/combined_6class_plasticmetal_cleaned/test/Metal/metal407.jpg,,,,,,,,
cleaned_test_Metal_metal50.jpg,CombinedCleaned,image_classification,test,Metal,Metal,prepared_datasets/combined_6class_plasticmetal_cleaned/test/Metal/metal50.jpg,,prepared_datasets/combined_6class_plasticmetal_cleaned/test/Metal/metal50.jpg,,,,,,,,
cleaned_test_Metal_metal60.jpg,CombinedCleaned,image_classification,test,Metal,Metal,prepared_datasets/combined_6class_plasticmetal_cleaned/test/Metal/metal60.jpg,,prepared_datasets/combined_6class_plasticmetal_cleaned/test/Metal/metal60.jpg,,,,,,,,
cleaned_test_Metal_metal65.jpg,CombinedCleaned,image_classification,test,Metal,Metal,prepared_datasets/combined_6class_plasticmetal_cleaned/test/Metal/metal65.jpg,,prepared_datasets/combined_6class_plasticmetal_cleaned/test/Metal/metal65.jpg,,,,,,,,
cleaned_test_Metal_metal69.jpg,CombinedCleaned,image_classification,test,Metal,Metal,prepared_datasets/combined_6class_plasticmetal_cleaned/test/Metal/metal69.jpg,,prepared_datasets/combined_6class_plasticmetal_cleaned/test/Metal/metal69.jpg,,,,,,,,
cleaned_test_Metal_metal87.jpg,CombinedCleaned,image_classification,test,Metal,Metal,prepared_datasets/combined_6class_plasticmetal_cleaned/test/Metal/metal87.jpg,,prepared_datasets/combined_6class_plasticmetal_cleaned/test/Metal/metal87.jpg,,,,,,,,
cleaned_test_Organic_000090_ann163.jpg,CombinedCleaned,image_classification,test,Organic,Organic,prepared_datasets/combined_6class_plasticmetal_cleaned/test/Organic/000090_ann163.jpg,,prepared_datasets/combined_6class_plasticmetal_cleaned/test/Organic/000090_ann163.jpg,,,,,,,,
cleaned_test_Organic_000094_ann171.jpg,CombinedCleaned,image_classification,test,Organic,Organic,prepared_datasets/combined_6class_plasticmetal_cleaned/test/Organic/000094_ann171.jpg,,prepared_datasets/combined_6class_plasticmetal_cleaned/test/Organic/000094_ann171.jpg,,,,,,,,
cleaned_test_Other_000013_ann3561.jpg,CombinedCleaned,image_classification,test,Other,Other,prepared_datasets/combined_6class_plasticmetal_cleaned/test/Other/000013_ann3561.jpg,,prepared_datasets/combined_6class_plasticmetal_cleaned/test/Other/000013_ann3561.jpg,,,,,,,,
cleaned_test_Other_000014_ann3065.jpg,CombinedCleaned,image_classification,test,Other,Other,prepared_datasets/combined_6class_plasticmetal_cleaned/test/Other/000014_ann3065.jpg,,prepared_datasets/combined_6class_plasticmetal_cleaned/test/Other/000014_ann3065.jpg,,,,,,,,
cleaned_test_Other_000021_ann3670.jpg,CombinedCleaned,image_classification,test,Other,Other,prepared_datasets/combined_6class_plasticmetal_cleaned/test/Other/000021_ann3670.jpg,,prepared_datasets/combined_6class_plasticmetal_cleaned/test/Other/000021_ann3670.jpg,,,,,,,,
cleaned_test_Other_000022_ann1980.jpg,CombinedCleaned,image_classification,test,Other,Other,prepared_datasets/combined_6class_plasticmetal_cleaned/test/Other/000022_ann1980.jpg,,prepared_datasets/combined_6class_plasticmetal_cleaned/test/Other/000022_ann1980.jpg,,,,,,,,
cleaned_test_Other_000023_ann2240.jpg,CombinedCleaned,image_classification,test,Other,Other,prepared_datasets/combined_6class_plasticmetal_cleaned/test/Other/000023_ann2240.jpg,,prepared_datasets/combined_6class_plasticmetal_cleaned/test/Other/000023_ann2240.jpg,,,,,,,,
cleaned_test_Other_000028_ann755.jpg,CombinedCleaned,image_classification,test,Other,Other,prepared_datasets/combined_6class_plasticmetal_cleaned/test/Other/000028_ann755.jpg,,prepared_datasets/combined_6class_plasticmetal_cleaned/test/Other/000028_ann755.jpg,,,,,,,,
cleaned_test_Other_000029_ann1550.jpg,CombinedCleaned,image_classification,test,Other,Other,prepared_datasets/combined_6class_plasticmetal_cleaned/test/Other/000029_ann1550.jpg,,prepared_datasets/combined_6class_plasticmetal_cleaned/test/Other/000029_ann1550.jpg,,,,,,,,
cleaned_test_Other_000035_ann773.jpg,CombinedCleaned,image_classification,test,Other,Other,prepared_datasets/combined_6class_plasticmetal_cleaned/test/Other/000035_ann773.jpg,,prepared_datasets/combined_6class_plasticmetal_cleaned/test/Other/000035_ann773.jpg,,,,,,,,
cleaned_test_Other_000044_ann787.jpg,CombinedCleaned,image_classification,test,Other,Other,prepared_datasets/combined_6class_plasticmetal_cleaned/test/Other/000044_ann787.jpg,,prepared_datasets/combined_6class_plasticmetal_cleaned/test/Other/000044_ann787.jpg,,,,,,,,
cleaned_test_Other_000051_ann554.jpg,CombinedCleaned,image_classification,test,Other,Other,prepared_datasets/combined_6class_plasticmetal_cleaned/test/Other/000051_ann554.jpg,,prepared_datasets/combined_6class_plasticmetal_cleaned/test/Other/000051_ann554.jpg,,,,,,,,
cleaned_test_Other_000052_ann1782.jpg,CombinedCleaned,image_classification,test,Other,Other,prepared_datasets/combined_6class_plasticmetal_cleaned/test/Other/000052_ann1782.jpg,,prepared_datasets/combined_6class_plasticmetal_cleaned/test/Other/000052_ann1782.jpg,,,,,,,,
cleaned_test_Other_000054_ann4339.jpg,CombinedCleaned,image_classification,test,Other,Other,prepared_datasets/combined_6class_plasticmetal_cleaned/test/Other/000054_ann4339.jpg,,prepared_datasets/combined_6class_plasticmetal_cleaned/test/Other/000054_ann4339.jpg,,,,,,,,
cleaned_test_Other_000072_ann137.jpg,CombinedCleaned,image_classification,test,Other,Other,prepared_datasets/combined_6class_plasticmetal_cleaned/test/Other/000072_ann137.jpg,,prepared_datasets/combined_6class_plasticmetal_cleaned/test/Other/000072_ann137.jpg,,,,,,,,
cleaned_test_Other_000072_ann2856.jpg,CombinedCleaned,image_classification,test,Other,Other,prepared_datasets/combined_6class_plasticmetal_cleaned/test/Other/000072_ann2856.jpg,,prepared_datasets/combined_6class_plasticmetal_cleaned/test/Other/000072_ann2856.jpg,,,,,,,,
cleaned_test_Other_000074_ann1810.jpg,CombinedCleaned,image_classification,test,Other,Other,prepared_datasets/combined_6class_plasticmetal_cleaned/test/Other/000074_ann1810.jpg,,prepared_datasets/combined_6class_plasticmetal_cleaned/test/Other/000074_ann1810.jpg,,,,,,,,
cleaned_test_Other_000074_ann842.jpg,CombinedCleaned,image_classification,test,Other,Other,prepared_datasets/combined_6class_plasticmetal_cleaned/test/Other/000074_ann842.jpg,,prepared_datasets/combined_6class_plasticmetal_cleaned/test/Other/000074_ann842.jpg,,,,,,,,
cleaned_test_Other_000075_ann851.jpg,CombinedCleaned,image_classification,test,Other,Other,prepared_datasets/combined_6class_plasticmetal_cleaned/test/Other/000075_ann851.jpg,,prepared_datasets/combined_6class_plasticmetal_cleaned/test/Other/000075_ann851.jpg,,,,,,,,
cleaned_test_Other_000084_ann4722.jpg,CombinedCleaned,image_classification,test,Other,Other,prepared_datasets/combined_6class_plasticmetal_cleaned/test/Other/000084_ann4722.jpg,,prepared_datasets/combined_6class_plasticmetal_cleaned/test/Other/000084_ann4722.jpg,,,,,,,,
cleaned_test_Other_000094_ann2963.jpg,CombinedCleaned,image_classification,test,Other,Other,prepared_datasets/combined_6class_plasticmetal_cleaned/test/Other/000094_ann2963.jpg,,prepared_datasets/combined_6class_plasticmetal_cleaned/test/Other/000094_ann2963.jpg,,,,,,,,
cleaned_test_Other_IMG_4860_ann2551.jpg,CombinedCleaned,image_classification,test,Other,Other,prepared_datasets/combined_6class_plasticmetal_cleaned/test/Other/IMG_4860_ann2551.jpg,,prepared_datasets/combined_6class_plasticmetal_cleaned/test/Other/IMG_4860_ann2551.jpg,,,,,,,,
cleaned_test_Other_trash115.jpg,CombinedCleaned,image_classification,test,Other,Other,prepared_datasets/combined_6class_plasticmetal_cleaned/test/Other/trash115.jpg,,prepared_datasets/combined_6class_plasticmetal_cleaned/test/Other/trash115.jpg,,,,,,,,
cleaned_test_Other_trash120.jpg,CombinedCleaned,image_classification,test,Other,Other,prepared_datasets/combined_6class_plasticmetal_cleaned/test/Other/trash120.jpg,,prepared_datasets/combined_6class_plasticmetal_cleaned/test/Other/trash120.jpg,,,,,,,,
cleaned_test_Other_trash121.jpg,CombinedCleaned,image_classification,test,Other,Other,prepared_datasets/combined_6class_plasticmetal_cleaned/test/Other/trash121.jpg,,prepared_datasets/combined_6class_plasticmetal_cleaned/test/Other/trash121.jpg,,,,,,,,
cleaned_test_Other_trash126.jpg,CombinedCleaned,image_classification,test,Other,Other,prepared_datasets/combined_6class_plasticmetal_cleaned/test/Other/trash126.jpg,,prepared_datasets/combined_6class_plasticmetal_cleaned/test/Other/trash126.jpg,,,,,,,,
cleaned_test_Other_trash128.jpg,CombinedCleaned,image_classification,test,Other,Other,prepared_datasets/combined_6class_plasticmetal_cleaned/test/Other/trash128.jpg,,prepared_datasets/combined_6class_plasticmetal_cleaned/test/Other/trash128.jpg,,,,,,,,
cleaned_test_Other_trash14.jpg,CombinedCleaned,image_classification,test,Other,Other,prepared_datasets/combined_6class_plasticmetal_cleaned/test/Other/trash14.jpg,,prepared_datasets/combined_6class_plasticmetal_cleaned/test/Other/trash14.jpg,,,,,,,,
cleaned_test_Other_trash17.jpg,CombinedCleaned,image_classification,test,Other,Other,prepared_datasets/combined_6class_plasticmetal_cleaned/test/Other/trash17.jpg,,prepared_datasets/combined_6class_plasticmetal_cleaned/test/Other/trash17.jpg,,,,,,,,
cleaned_test_Other_trash21.jpg,CombinedCleaned,image_classification,test,Other,Other,prepared_datasets/combined_6class_plasticmetal_cleaned/test/Other/trash21.jpg,,prepared_datasets/combined_6class_plasticmetal_cleaned/test/Other/trash21.jpg,,,,,,,,
cleaned_test_Other_trash33.jpg,CombinedCleaned,image_classification,test,Other,Other,prepared_datasets/combined_6class_plasticmetal_cleaned/test/Other/trash33.jpg,,prepared_datasets/combined_6class_plasticmetal_cleaned/test/Other/trash33.jpg,,,,,,,,
cleaned_test_Other_trash34.jpg,CombinedCleaned,image_classification,test,Other,Other,prepared_datasets/combined_6class_plasticmetal_cleaned/test/Other/trash34.jpg,,prepared_datasets/combined_6class_plasticmetal_cleaned/test/Other/trash34.jpg,,,,,,,,
cleaned_test_Other_trash4.jpg,CombinedCleaned,image_classification,test,Other,Other,prepared_datasets/combined_6class_plasticmetal_cleaned/test/Other/trash4.jpg,,prepared_datasets/combined_6class_plasticmetal_cleaned/test/Other/trash4.jpg,,,,,,,,
cleaned_test_Other_trash45.jpg,CombinedCleaned,image_classification,test,Other,Other,prepared_datasets/combined_6class_plasticmetal_cleaned/test/Other/trash45.jpg,,prepared_datasets/combined_6class_plasticmetal_cleaned/test/Other/trash45.jpg,,,,,,,,
cleaned_test_Other_trash61.jpg,CombinedCleaned,image_classification,test,Other,Other,prepared_datasets/combined_6class_plasticmetal_cleaned/test/Other/trash61.jpg,,prepared_datasets/combined_6class_plasticmetal_cleaned/test/Other/trash61.jpg,,,,,,,,
cleaned_test_Other_trash62.jpg,CombinedCleaned,image_classification,test,Other,Other,prepared_datasets/combined_6class_plasticmetal_cleaned/test/Other/trash62.jpg,,prepared_datasets/combined_6class_plasticmetal_cleaned/test/Other/trash62.jpg,,,,,,,,
cleaned_test_Other_trash64.jpg,CombinedCleaned,image_classification,test,Other,Other,prepared_datasets/combined_6class_plasticmetal_cleaned/test/Other/trash64.jpg,,prepared_datasets/combined_6class_plasticmetal_cleaned/test/Other/trash64.jpg,,,,,,,,
cleaned_test_Other_trash66.jpg,CombinedCleaned,image_classification,test,Other,Other,prepared_datasets/combined_6class_plasticmetal_cleaned/test/Other/trash66.jpg,,prepared_datasets/combined_6class_plasticmetal_cleaned/test/Other/trash66.jpg,,,,,,,,
cleaned_test_Other_trash67.jpg,CombinedCleaned,image_classification,test,Other,Other,prepared_datasets/combined_6class_plasticmetal_cleaned/test/Other/trash67.jpg,,prepared_datasets/combined_6class_plasticmetal_cleaned/test/Other/trash67.jpg,,,,,,,,
cleaned_test_Other_trash8.jpg,CombinedCleaned,image_classification,test,Other,Other,prepared_datasets/combined_6class_plasticmetal_cleaned/test/Other/trash8.jpg,,prepared_datasets/combined_6class_plasticmetal_cleaned/test/Other/trash8.jpg,,,,,,,,
cleaned_test_Other_trash84.jpg,CombinedCleaned,image_classification,test,Other,Other,prepared_datasets/combined_6class_plasticmetal_cleaned/test/Other/trash84.jpg,,prepared_datasets/combined_6class_plasticmetal_cleaned/test/Other/trash84.jpg,,,,,,,,
cleaned_test_Other_trash92.jpg,CombinedCleaned,image_classification,test,Other,Other,prepared_datasets/combined_6class_plasticmetal_cleaned/test/Other/trash92.jpg,,prepared_datasets/combined_6class_plasticmetal_cleaned/test/Other/trash92.jpg,,,,,,,,
cleaned_test_Other_trash95.jpg,CombinedCleaned,image_classification,test,Other,Other,prepared_datasets/combined_6class_plasticmetal_cleaned/test/Other/trash95.jpg,,prepared_datasets/combined_6class_plasticmetal_cleaned/test/Other/trash95.jpg,,,,,,,,
cleaned_test_Other_trash99.jpg,CombinedCleaned,image_classification,test,Other,Other,prepared_datasets/combined_6class_plasticmetal_cleaned/test/Other/trash99.jpg,,prepared_datasets/combined_6class_plasticmetal_cleaned/test/Other/trash99.jpg,,,,,,,,
cleaned_test_PaperCardboard_000003_ann694.jpg,CombinedCleaned,image_classification,test,PaperCardboard,PaperCardboard,prepared_datasets/combined_6class_plasticmetal_cleaned/test/PaperCardboard/000003_ann694.jpg,,prepared_datasets/combined_6class_plasticmetal_cleaned/test/PaperCardboard/000003_ann694.jpg,,,,,,,,
cleaned_test_PaperCardboard_000004_ann699.jpg,CombinedCleaned,image_classification,test,PaperCardboard,PaperCardboard,prepared_datasets/combined_6class_plasticmetal_cleaned/test/PaperCardboard/000004_ann699.jpg,,prepared_datasets/combined_6class_plasticmetal_cleaned/test/PaperCardboard/000004_ann699.jpg,,,,,,,,
cleaned_test_PaperCardboard_000004_ann931.jpg,CombinedCleaned,image_classification,test,PaperCardboard,PaperCardboard,prepared_datasets/combined_6class_plasticmetal_cleaned/test/PaperCardboard/000004_ann931.jpg,,prepared_datasets/combined_6class_plasticmetal_cleaned/test/PaperCardboard/000004_ann931.jpg,,,,,,,,
cleaned_test_PaperCardboard_000006_ann3649.jpg,CombinedCleaned,image_classification,test,PaperCardboard,PaperCardboard,prepared_datasets/combined_6class_plasticmetal_cleaned/test/PaperCardboard/000006_ann3649.jpg,,prepared_datasets/combined_6class_plasticmetal_cleaned/test/PaperCardboard/000006_ann3649.jpg,,,,,,,,
cleaned_test_PaperCardboard_000008_ann2214.jpg,CombinedCleaned,image_classification,test,PaperCardboard,PaperCardboard,prepared_datasets/combined_6class_plasticmetal_cleaned/test/PaperCardboard/000008_ann2214.jpg,,prepared_datasets/combined_6class_plasticmetal_cleaned/test/PaperCardboard/000008_ann2214.jpg,,,,,,,,
cleaned_test_PaperCardboard_000010_ann714.jpg,CombinedCleaned,image_classification,test,PaperCardboard,PaperCardboard,prepared_datasets/combined_6class_plasticmetal_cleaned/test/PaperCardboard/000010_ann714.jpg,,prepared_datasets/combined_6class_plasticmetal_cleaned/test/PaperCardboard/000010_ann714.jpg,,,,,,,,
cleaned_test_PaperCardboard_000011_ann717.jpg,CombinedCleaned,image_classification,test,PaperCardboard,PaperCardboard,prepared_datasets/combined_6class_plasticmetal_cleaned/test/PaperCardboard/000011_ann717.jpg,,prepared_datasets/combined_6class_plasticmetal_cleaned/test/PaperCardboard/000011_ann717.jpg,,,,,,,,
cleaned_test_PaperCardboard_000012_ann3056.jpg,CombinedCleaned,image_classification,test,PaperCardboard,PaperCardboard,prepared_datasets/combined_6class_plasticmetal_cleaned/test/PaperCardboard/000012_ann3056.jpg,,prepared_datasets/combined_6class_plasticmetal_cleaned/test/PaperCardboard/000012_ann3056.jpg,,,,,,,,
cleaned_test_PaperCardboard_000012_ann720.jpg,CombinedCleaned,image_classification,test,PaperCardboard,PaperCardboard,prepared_datasets/combined_6class_plasticmetal_cleaned/test/PaperCardboard/000012_ann720.jpg,,prepared_datasets/combined_6class_plasticmetal_cleaned/test/PaperCardboard/000012_ann720.jpg,,,,,,,,
cleaned_test_PaperCardboard_000013_ann723.jpg,CombinedCleaned,image_classification,test,PaperCardboard,PaperCardboard,prepared_datasets/combined_6class_plasticmetal_cleaned/test/PaperCardboard/000013_ann723.jpg,,prepared_datasets/combined_6class_plasticmetal_cleaned/test/PaperCardboard/000013_ann723.jpg,,,,,,,,
cleaned_test_PaperCardboard_000015_ann1478.jpg,CombinedCleaned,image_classification,test,PaperCardboard,PaperCardboard,prepared_datasets/combined_6class_plasticmetal_cleaned/test/PaperCardboard/000015_ann1478.jpg,,prepared_datasets/combined_6class_plasticmetal_cleaned/test/PaperCardboard/000015_ann1478.jpg,,,,,,,,
cleaned_test_PaperCardboard_000015_ann2227.jpg,CombinedCleaned,image_classification,test,PaperCardboard,PaperCardboard,prepared_datasets/combined_6class_plasticmetal_cleaned/test/PaperCardboard/000015_ann2227.jpg,,prepared_datasets/combined_6class_plasticmetal_cleaned/test/PaperCardboard/000015_ann2227.jpg,,,,,,,,
cleaned_test_PaperCardboard_000021_ann1732.jpg,CombinedCleaned,image_classification,test,PaperCardboard,PaperCardboard,prepared_datasets/combined_6class_plasticmetal_cleaned/test/PaperCardboard/000021_ann1732.jpg,,prepared_datasets/combined_6class_plasticmetal_cleaned/test/PaperCardboard/000021_ann1732.jpg,,,,,,,,
cleaned_test_PaperCardboard_000022_ann1734.jpg,CombinedCleaned,image_classification,test,PaperCardboard,PaperCardboard,prepared_datasets/combined_6class_plasticmetal_cleaned/test/PaperCardboard/000022_ann1734.jpg,,prepared_datasets/combined_6class_plasticmetal_cleaned/test/PaperCardboard/000022_ann1734.jpg,,,,,,,,
cleaned_test_PaperCardboard_000024_ann3100.jpg,CombinedCleaned,image_classification,test,PaperCardboard,PaperCardboard,prepared_datasets/combined_6class_plasticmetal_cleaned/test/PaperCardboard/000024_ann3100.jpg,,prepared_datasets/combined_6class_plasticmetal_cleaned/test/PaperCardboard/000024_ann3100.jpg,,,,,,,,
cleaned_test_PaperCardboard_000041_ann3475.jpg,CombinedCleaned,image_classification,test,PaperCardboard,PaperCardboard,prepared_datasets/combined_6class_plasticmetal_cleaned/test/PaperCardboard/000041_ann3475.jpg,,prepared_datasets/combined_6class_plasticmetal_cleaned/test/PaperCardboard/000041_ann3475.jpg,,,,,,,,
cleaned_test_PaperCardboard_000042_ann2821.jpg,CombinedCleaned,image_classification,test,PaperCardboard,PaperCardboard,prepared_datasets/combined_6class_plasticmetal_cleaned/test/PaperCardboard/000042_ann2821.jpg,,prepared_datasets/combined_6class_plasticmetal_cleaned/test/PaperCardboard/000042_ann2821.jpg,,,,,,,,
cleaned_test_PaperCardboard_000053_ann801.jpg,CombinedCleaned,image_classification,test,PaperCardboard,PaperCardboard,prepared_datasets/combined_6class_plasticmetal_cleaned/test/PaperCardboard/000053_ann801.jpg,,prepared_datasets/combined_6class_plasticmetal_cleaned/test/PaperCardboard/000053_ann801.jpg,,,,,,,,
cleaned_test_PaperCardboard_000054_ann803.jpg,CombinedCleaned,image_classification,test,PaperCardboard,PaperCardboard,prepared_datasets/combined_6class_plasticmetal_cleaned/test/PaperCardboard/000054_ann803.jpg,,prepared_datasets/combined_6class_plasticmetal_cleaned/test/PaperCardboard/000054_ann803.jpg,,,,,,,,
cleaned_test_PaperCardboard_000059_ann3417.jpg,CombinedCleaned,image_classification,test,PaperCardboard,PaperCardboard,prepared_datasets/combined_6class_plasticmetal_cleaned/test/PaperCardboard/000059_ann3417.jpg,,prepared_datasets/combined_6class_plasticmetal_cleaned/test/PaperCardboard/000059_ann3417.jpg,,,,,,,,
cleaned_test_PaperCardboard_000059_ann3418.jpg,CombinedCleaned,image_classification,test,PaperCardboard,PaperCardboard,prepared_datasets/combined_6class_plasticmetal_cleaned/test/PaperCardboard/000059_ann3418.jpg,,prepared_datasets/combined_6class_plasticmetal_cleaned/test/PaperCardboard/000059_ann3418.jpg,,,,,,,,
cleaned_test_PaperCardboard_000061_ann1792.jpg,CombinedCleaned,image_classification,test,PaperCardboard,PaperCardboard,prepared_datasets/combined_6class_plasticmetal_cleaned/test/PaperCardboard/000061_ann1792.jpg,,prepared_datasets/combined_6class_plasticmetal_cleaned/test/PaperCardboard/000061_ann1792.jpg,,,,,,,,
cleaned_test_PaperCardboard_000061_ann3414.jpg,CombinedCleaned,image_classification,test,PaperCardboard,PaperCardboard,prepared_datasets/combined_6class_plasticmetal_cleaned/test/PaperCardboard/000061_ann3414.jpg,,prepared_datasets/combined_6class_plasticmetal_cleaned/test/PaperCardboard/000061_ann3414.jpg,,,,,,,,
cleaned_test_PaperCardboard_000073_ann4677.jpg,CombinedCleaned,image_classification,test,PaperCardboard,PaperCardboard,prepared_datasets/combined_6class_plasticmetal_cleaned/test/PaperCardboard/000073_ann4677.jpg,,prepared_datasets/combined_6class_plasticmetal_cleaned/test/PaperCardboard/000073_ann4677.jpg,,,,,,,,
cleaned_test_PaperCardboard_000075_ann3293.jpg,CombinedCleaned,image_classification,test,PaperCardboard,PaperCardboard,prepared_datasets/combined_6class_plasticmetal_cleaned/test/PaperCardboard/000075_ann3293.jpg,,prepared_datasets/combined_6class_plasticmetal_cleaned/test/PaperCardboard/000075_ann3293.jpg,,,,,,,,
cleaned_test_PaperCardboard_000078_ann1656.jpg,CombinedCleaned,image_classification,test,PaperCardboard,PaperCardboard,prepared_datasets/combined_6class_plasticmetal_cleaned/test/PaperCardboard/000078_ann1656.jpg,,prepared_datasets/combined_6class_plasticmetal_cleaned/test/PaperCardboard/000078_ann1656.jpg,,,,,,,,
cleaned_test_PaperCardboard_000093_ann4461.jpg,CombinedCleaned,image_classification,test,PaperCardboard,PaperCardboard,prepared_datasets/combined_6class_plasticmetal_cleaned/test/PaperCardboard/000093_ann4461.jpg,,prepared_datasets/combined_6class_plasticmetal_cleaned/test/PaperCardboard/000093_ann4461.jpg,,,,,,,,
cleaned_test_PaperCardboard_000096_ann4466.jpg,CombinedCleaned,image_classification,test,PaperCardboard,PaperCardboard,prepared_datasets/combined_6class_plasticmetal_cleaned/test/PaperCardboard/000096_ann4466.jpg,,prepared_datasets/combined_6class_plasticmetal_cleaned/test/PaperCardboard/000096_ann4466.jpg,,,,,,,,
cleaned_test_PaperCardboard_000115_ann236.jpg,CombinedCleaned,image_classification,test,PaperCardboard,PaperCardboard,prepared_datasets/combined_6class_plasticmetal_cleaned/test/PaperCardboard/000115_ann236.jpg,,prepared_datasets/combined_6class_plasticmetal_cleaned/test/PaperCardboard/000115_ann236.jpg,,,,,,,,
cleaned_test_PaperCardboard_000117_ann3027.jpg,CombinedCleaned,image_classification,test,PaperCardboard,PaperCardboard,prepared_datasets/combined_6class_plasticmetal_cleaned/test/PaperCardboard/000117_ann3027.jpg,,prepared_datasets/combined_6class_plasticmetal_cleaned/test/PaperCardboard/000117_ann3027.jpg,,,,,,,,
cleaned_test_PaperCardboard_000129_ann280.jpg,CombinedCleaned,image_classification,test,PaperCardboard,PaperCardboard,prepared_datasets/combined_6class_plasticmetal_cleaned/test/PaperCardboard/000129_ann280.jpg,,prepared_datasets/combined_6class_plasticmetal_cleaned/test/PaperCardboard/000129_ann280.jpg,,,,,,,,
cleaned_test_PaperCardboard_cardboard103.jpg,CombinedCleaned,image_classification,test,PaperCardboard,PaperCardboard,prepared_datasets/combined_6class_plasticmetal_cleaned/test/PaperCardboard/cardboard103.jpg,,prepared_datasets/combined_6class_plasticmetal_cleaned/test/PaperCardboard/cardboard103.jpg,,,,,,,,
cleaned_test_PaperCardboard_cardboard105.jpg,CombinedCleaned,image_classification,test,PaperCardboard,PaperCardboard,prepared_datasets/combined_6class_plasticmetal_cleaned/test/PaperCardboard/cardboard105.jpg,,prepared_datasets/combined_6class_plasticmetal_cleaned/test/PaperCardboard/cardboard105.jpg,,,,,,,,
cleaned_test_PaperCardboard_cardboard107.jpg,CombinedCleaned,image_classification,test,PaperCardboard,PaperCardboard,prepared_datasets/combined_6class_plasticmetal_cleaned/test/PaperCardboard/cardboard107.jpg,,prepared_datasets/combined_6class_plasticmetal_cleaned/test/PaperCardboard/cardboard107.jpg,,,,,,,,
cleaned_test_PaperCardboard_cardboard112.jpg,CombinedCleaned,image_classification,test,PaperCardboard,PaperCardboard,prepared_datasets/combined_6class_plasticmetal_cleaned/test/PaperCardboard/cardboard112.jpg,,prepared_datasets/combined_6class_plasticmetal_cleaned/test/PaperCardboard/cardboard112.jpg,,,,,,,,
cleaned_test_PaperCardboard_cardboard115.jpg,CombinedCleaned,image_classification,test,PaperCardboard,PaperCardboard,prepared_datasets/combined_6class_plasticmetal_cleaned/test/PaperCardboard/cardboard115.jpg,,prepared_datasets/combined_6class_plasticmetal_cleaned/test/PaperCardboard/cardboard115.jpg,,,,,,,,
cleaned_test_PaperCardboard_cardboard120.jpg,CombinedCleaned,image_classification,test,PaperCardboard,PaperCardboard,prepared_datasets/combined_6class_plasticmetal_cleaned/test/PaperCardboard/cardboard120.jpg,,prepared_datasets/combined_6class_plasticmetal_cleaned/test/PaperCardboard/cardboard120.jpg,,,,,,,,
cleaned_test_PaperCardboard_cardboard125.jpg,CombinedCleaned,image_classification,test,PaperCardboard,PaperCardboard,prepared_datasets/combined_6class_plasticmetal_cleaned/test/PaperCardboard/cardboard125.jpg,,prepared_datasets/combined_6class_plasticmetal_cleaned/test/PaperCardboard/cardboard125.jpg,,,,,,,,
cleaned_test_PaperCardboard_cardboard138.jpg,CombinedCleaned,image_classification,test,PaperCardboard,PaperCardboard,prepared_datasets/combined_6class_plasticmetal_cleaned/test/PaperCardboard/cardboard138.jpg,,prepared_datasets/combined_6class_plasticmetal_cleaned/test/PaperCardboard/cardboard138.jpg,,,,,,,,
cleaned_test_PaperCardboard_cardboard140.jpg,CombinedCleaned,image_classification,test,PaperCardboard,PaperCardboard,prepared_datasets/combined_6class_plasticmetal_cleaned/test/PaperCardboard/cardboard140.jpg,,prepared_datasets/combined_6class_plasticmetal_cleaned/test/PaperCardboard/cardboard140.jpg,,,,,,,,
cleaned_test_PaperCardboard_cardboard145.jpg,CombinedCleaned,image_classification,test,PaperCardboard,PaperCardboard,prepared_datasets/combined_6class_plasticmetal_cleaned/test/PaperCardboard/cardboard145.jpg,,prepared_datasets/combined_6class_plasticmetal_cleaned/test/PaperCardboard/cardboard145.jpg,,,,,,,,
cleaned_test_PaperCardboard_cardboard15.jpg,CombinedCleaned,image_classification,test,PaperCardboard,PaperCardboard,prepared_datasets/combined_6class_plasticmetal_cleaned/test/PaperCardboard/cardboard15.jpg,,prepared_datasets/combined_6class_plasticmetal_cleaned/test/PaperCardboard/cardboard15.jpg,,,,,,,,
cleaned_test_PaperCardboard_cardboard161.jpg,CombinedCleaned,image_classification,test,PaperCardboard,PaperCardboard,prepared_datasets/combined_6class_plasticmetal_cleaned/test/PaperCardboard/cardboard161.jpg,,prepared_datasets/combined_6class_plasticmetal_cleaned/test/PaperCardboard/cardboard161.jpg,,,,,,,,
cleaned_test_PaperCardboard_cardboard165.jpg,CombinedCleaned,image_classification,test,PaperCardboard,PaperCardboard,prepared_datasets/combined_6class_plasticmetal_cleaned/test/PaperCardboard/cardboard165.jpg,,prepared_datasets/combined_6class_plasticmetal_cleaned/test/PaperCardboard/cardboard165.jpg,,,,,,,,
cleaned_test_PaperCardboard_cardboard170.jpg,CombinedCleaned,image_classification,test,PaperCardboard,PaperCardboard,prepared_datasets/combined_6class_plasticmetal_cleaned/test/PaperCardboard/cardboard170.jpg,,prepared_datasets/combined_6class_plasticmetal_cleaned/test/PaperCardboard/cardboard170.jpg,,,,,,,,
cleaned_test_PaperCardboard_cardboard174.jpg,CombinedCleaned,image_classification,test,PaperCardboard,PaperCardboard,prepared_datasets/combined_6class_plasticmetal_cleaned/test/PaperCardboard/cardboard174.jpg,,prepared_datasets/combined_6class_plasticmetal_cleaned/test/PaperCardboard/cardboard174.jpg,,,,,,,,
cleaned_test_PaperCardboard_cardboard175.jpg,CombinedCleaned,image_classification,test,PaperCardboard,PaperCardboard,prepared_datasets/combined_6class_plasticmetal_cleaned/test/PaperCardboard/cardboard175.jpg,,prepared_datasets/combined_6class_plasticmetal_cleaned/test/PaperCardboard/cardboard175.jpg,,,,,,,,
cleaned_test_PaperCardboard_cardboard182.jpg,CombinedCleaned,image_classification,test,PaperCardboard,PaperCardboard,prepared_datasets/combined_6class_plasticmetal_cleaned/test/PaperCardboard/cardboard182.jpg,,prepared_datasets/combined_6class_plasticmetal_cleaned/test/PaperCardboard/cardboard182.jpg,,,,,,,,
cleaned_test_PaperCardboard_cardboard184.jpg,CombinedCleaned,image_classification,test,PaperCardboard,PaperCardboard,prepared_datasets/combined_6class_plasticmetal_cleaned/test/PaperCardboard/cardboard184.jpg,,prepared_datasets/combined_6class_plasticmetal_cleaned/test/PaperCardboard/cardboard184.jpg,,,,,,,,
cleaned_test_PaperCardboard_cardboard186.jpg,CombinedCleaned,image_classification,test,PaperCardboard,PaperCardboard,prepared_datasets/combined_6class_plasticmetal_cleaned/test/PaperCardboard/cardboard186.jpg,,prepared_datasets/combined_6class_plasticmetal_cleaned/test/PaperCardboard/cardboard186.jpg,,,,,,,,
cleaned_test_PaperCardboard_cardboard198.jpg,CombinedCleaned,image_classification,test,PaperCardboard,PaperCardboard,prepared_datasets/combined_6class_plasticmetal_cleaned/test/PaperCardboard/cardboard198.jpg,,prepared_datasets/combined_6class_plasticmetal_cleaned/test/PaperCardboard/cardboard198.jpg,,,,,,,,
cleaned_test_PaperCardboard_cardboard2.jpg,CombinedCleaned,image_classification,test,PaperCardboard,PaperCardboard,prepared_datasets/combined_6class_plasticmetal_cleaned/test/PaperCardboard/cardboard2.jpg,,prepared_datasets/combined_6class_plasticmetal_cleaned/test/PaperCardboard/cardboard2.jpg,,,,,,,,
cleaned_test_PaperCardboard_cardboard203.jpg,CombinedCleaned,image_classification,test,PaperCardboard,PaperCardboard,prepared_datasets/combined_6class_plasticmetal_cleaned/test/PaperCardboard/cardboard203.jpg,,prepared_datasets/combined_6class_plasticmetal_cleaned/test/PaperCardboard/cardboard203.jpg,,,,,,,,
cleaned_test_PaperCardboard_cardboard208.jpg,CombinedCleaned,image_classification,test,PaperCardboard,PaperCardboard,prepared_datasets/combined_6class_plasticmetal_cleaned/test/PaperCardboard/cardboard208.jpg,,prepared_datasets/combined_6class_plasticmetal_cleaned/test/PaperCardboard/cardboard208.jpg,,,,,,,,
cleaned_test_PaperCardboard_cardboard209.jpg,CombinedCleaned,image_classification,test,PaperCardboard,PaperCardboard,prepared_datasets/combined_6class_plasticmetal_cleaned/test/PaperCardboard/cardboard209.jpg,,prepared_datasets/combined_6class_plasticmetal_cleaned/test/PaperCardboard/cardboard209.jpg,,,,,,,,
cleaned_test_PaperCardboard_cardboard211.jpg,CombinedCleaned,image_classification,test,PaperCardboard,PaperCardboard,prepared_datasets/combined_6class_plasticmetal_cleaned/test/PaperCardboard/cardboard211.jpg,,prepared_datasets/combined_6class_plasticmetal_cleaned/test/PaperCardboard/cardboard211.jpg,,,,,,,,
cleaned_test_PaperCardboard_cardboard215.jpg,CombinedCleaned,image_classification,test,PaperCardboard,PaperCardboard,prepared_datasets/combined_6class_plasticmetal_cleaned/test/PaperCardboard/cardboard215.jpg,,prepared_datasets/combined_6class_plasticmetal_cleaned/test/PaperCardboard/cardboard215.jpg,,,,,,,,
cleaned_test_PaperCardboard_cardboard241.jpg,CombinedCleaned,image_classification,test,PaperCardboard,PaperCardboard,prepared_datasets/combined_6class_plasticmetal_cleaned/test/PaperCardboard/cardboard241.jpg,,prepared_datasets/combined_6class_plasticmetal_cleaned/test/PaperCardboard/cardboard241.jpg,,,,,,,,
cleaned_test_PaperCardboard_cardboard254.jpg,CombinedCleaned,image_classification,test,PaperCardboard,PaperCardboard,prepared_datasets/combined_6class_plasticmetal_cleaned/test/PaperCardboard/cardboard254.jpg,,prepared_datasets/combined_6class_plasticmetal_cleaned/test/PaperCardboard/cardboard254.jpg,,,,,,,,
cleaned_test_PaperCardboard_cardboard261.jpg,CombinedCleaned,image_classification,test,PaperCardboard,PaperCardboard,prepared_datasets/combined_6class_plasticmetal_cleaned/test/PaperCardboard/cardboard261.jpg,,prepared_datasets/combined_6class_plasticmetal_cleaned/test/PaperCardboard/cardboard261.jpg,,,,,,,,
cleaned_test_PaperCardboard_cardboard265.jpg,CombinedCleaned,image_classification,test,PaperCardboard,PaperCardboard,prepared_datasets/combined_6class_plasticmetal_cleaned/test/PaperCardboard/cardboard265.jpg,,prepared_datasets/combined_6class_plasticmetal_cleaned/test/PaperCardboard/cardboard265.jpg,,,,,,,,
cleaned_test_PaperCardboard_cardboard268.jpg,CombinedCleaned,image_classification,test,PaperCardboard,PaperCardboard,prepared_datasets/combined_6class_plasticmetal_cleaned/test/PaperCardboard/cardboard268.jpg,,prepared_datasets/combined_6class_plasticmetal_cleaned/test/PaperCardboard/cardboard268.jpg,,,,,,,,
cleaned_test_PaperCardboard_cardboard27.jpg,CombinedCleaned,image_classification,test,PaperCardboard,PaperCardboard,prepared_datasets/combined_6class_plasticmetal_cleaned/test/PaperCardboard/cardboard27.jpg,,prepared_datasets/combined_6class_plasticmetal_cleaned/test/PaperCardboard/cardboard27.jpg,,,,,,,,
cleaned_test_PaperCardboard_cardboard277.jpg,CombinedCleaned,image_classification,test,PaperCardboard,PaperCardboard,prepared_datasets/combined_6class_plasticmetal_cleaned/test/PaperCardboard/cardboard277.jpg,,prepared_datasets/combined_6class_plasticmetal_cleaned/test/PaperCardboard/cardboard277.jpg,,,,,,,,
cleaned_test_PaperCardboard_cardboard290.jpg,CombinedCleaned,image_classification,test,PaperCardboard,PaperCardboard,prepared_datasets/combined_6class_plasticmetal_cleaned/test/PaperCardboard/cardboard290.jpg,,prepared_datasets/combined_6class_plasticmetal_cleaned/test/PaperCardboard/cardboard290.jpg,,,,,,,,
cleaned_test_PaperCardboard_cardboard294.jpg,CombinedCleaned,image_classification,test,PaperCardboard,PaperCardboard,prepared_datasets/combined_6class_plasticmetal_cleaned/test/PaperCardboard/cardboard294.jpg,,prepared_datasets/combined_6class_plasticmetal_cleaned/test/PaperCardboard/cardboard294.jpg,,,,,,,,
cleaned_test_PaperCardboard_cardboard295.jpg,CombinedCleaned,image_classification,test,PaperCardboard,PaperCardboard,prepared_datasets/combined_6class_plasticmetal_cleaned/test/PaperCardboard/cardboard295.jpg,,prepared_datasets/combined_6class_plasticmetal_cleaned/test/PaperCardboard/cardboard295.jpg,,,,,,,,
cleaned_test_PaperCardboard_cardboard300.jpg,CombinedCleaned,image_classification,test,PaperCardboard,PaperCardboard,prepared_datasets/combined_6class_plasticmetal_cleaned/test/PaperCardboard/cardboard300.jpg,,prepared_datasets/combined_6class_plasticmetal_cleaned/test/PaperCardboard/cardboard300.jpg,,,,,,,,
cleaned_test_PaperCardboard_cardboard305.jpg,CombinedCleaned,image_classification,test,PaperCardboard,PaperCardboard,prepared_datasets/combined_6class_plasticmetal_cleaned/test/PaperCardboard/cardboard305.jpg,,prepared_datasets/combined_6class_plasticmetal_cleaned/test/PaperCardboard/cardboard305.jpg,,,,,,,,
cleaned_test_PaperCardboard_cardboard314.jpg,CombinedCleaned,image_classification,test,PaperCardboard,PaperCardboard,prepared_datasets/combined_6class_plasticmetal_cleaned/test/PaperCardboard/cardboard314.jpg,,prepared_datasets/combined_6class_plasticmetal_cleaned/test/PaperCardboard/cardboard314.jpg,,,,,,,,
cleaned_test_PaperCardboard_cardboard321.jpg,CombinedCleaned,image_classification,test,PaperCardboard,PaperCardboard,prepared_datasets/combined_6class_plasticmetal_cleaned/test/PaperCardboard/cardboard321.jpg,,prepared_datasets/combined_6class_plasticmetal_cleaned/test/PaperCardboard/cardboard321.jpg,,,,,,,,
cleaned_test_PaperCardboard_cardboard324.jpg,CombinedCleaned,image_classification,test,PaperCardboard,PaperCardboard,prepared_datasets/combined_6class_plasticmetal_cleaned/test/PaperCardboard/cardboard324.jpg,,prepared_datasets/combined_6class_plasticmetal_cleaned/test/PaperCardboard/cardboard324.jpg,,,,,,,,
cleaned_test_PaperCardboard_cardboard326.jpg,CombinedCleaned,image_classification,test,PaperCardboard,PaperCardboard,prepared_datasets/combined_6class_plasticmetal_cleaned/test/PaperCardboard/cardboard326.jpg,,prepared_datasets/combined_6class_plasticmetal_cleaned/test/PaperCardboard/cardboard326.jpg,,,,,,,,
cleaned_test_PaperCardboard_cardboard335.jpg,CombinedCleaned,image_classification,test,PaperCardboard,PaperCardboard,prepared_datasets/combined_6class_plasticmetal_cleaned/test/PaperCardboard/cardboard335.jpg,,prepared_datasets/combined_6class_plasticmetal_cleaned/test/PaperCardboard/cardboard335.jpg,,,,,,,,
cleaned_test_PaperCardboard_cardboard355.jpg,CombinedCleaned,image_classification,test,PaperCardboard,PaperCardboard,prepared_datasets/combined_6class_plasticmetal_cleaned/test/PaperCardboard/cardboard355.jpg,,prepared_datasets/combined_6class_plasticmetal_cleaned/test/PaperCardboard/cardboard355.jpg,,,,,,,,
cleaned_test_PaperCardboard_cardboard357.jpg,CombinedCleaned,image_classification,test,PaperCardboard,PaperCardboard,prepared_datasets/combined_6class_plasticmetal_cleaned/test/PaperCardboard/cardboard357.jpg,,prepared_datasets/combined_6class_plasticmetal_cleaned/test/PaperCardboard/cardboard357.jpg,,,,,,,,
cleaned_test_PaperCardboard_cardboard358.jpg,CombinedCleaned,image_classification,test,PaperCardboard,PaperCardboard,prepared_datasets/combined_6class_plasticmetal_cleaned/test/PaperCardboard/cardboard358.jpg,,prepared_datasets/combined_6class_plasticmetal_cleaned/test/PaperCardboard/cardboard358.jpg,,,,,,,,
cleaned_test_PaperCardboard_cardboard363.jpg,CombinedCleaned,image_classification,test,PaperCardboard,PaperCardboard,prepared_datasets/combined_6class_plasticmetal_cleaned/test/PaperCardboard/cardboard363.jpg,,prepared_datasets/combined_6class_plasticmetal_cleaned/test/PaperCardboard/cardboard363.jpg,,,,,,,,
cleaned_test_PaperCardboard_cardboard381.jpg,CombinedCleaned,image_classification,test,PaperCardboard,PaperCardboard,prepared_datasets/combined_6class_plasticmetal_cleaned/test/PaperCardboard/cardboard381.jpg,,prepared_datasets/combined_6class_plasticmetal_cleaned/test/PaperCardboard/cardboard381.jpg,,,,,,,,
cleaned_test_PaperCardboard_cardboard384.jpg,CombinedCleaned,image_classification,test,PaperCardboard,PaperCardboard,prepared_datasets/combined_6class_plasticmetal_cleaned/test/PaperCardboard/cardboard384.jpg,,prepared_datasets/combined_6class_plasticmetal_cleaned/test/PaperCardboard/cardboard384.jpg,,,,,,,,
cleaned_test_PaperCardboard_cardboard387.jpg,CombinedCleaned,image_classification,test,PaperCardboard,PaperCardboard,prepared_datasets/combined_6class_plasticmetal_cleaned/test/PaperCardboard/cardboard387.jpg,,prepared_datasets/combined_6class_plasticmetal_cleaned/test/PaperCardboard/cardboard387.jpg,,,,,,,,
cleaned_test_PaperCardboard_cardboard39.jpg,CombinedCleaned,image_classification,test,PaperCardboard,PaperCardboard,prepared_datasets/combined_6class_plasticmetal_cleaned/test/PaperCardboard/cardboard39.jpg,,prepared_datasets/combined_6class_plasticmetal_cleaned/test/PaperCardboard/cardboard39.jpg,,,,,,,,
cleaned_test_PaperCardboard_cardboard391.jpg,CombinedCleaned,image_classification,test,PaperCardboard,PaperCardboard,prepared_datasets/combined_6class_plasticmetal_cleaned/test/PaperCardboard/cardboard391.jpg,,prepared_datasets/combined_6class_plasticmetal_cleaned/test/PaperCardboard/cardboard391.jpg,,,,,,,,
cleaned_test_PaperCardboard_cardboard401.jpg,CombinedCleaned,image_classification,test,PaperCardboard,PaperCardboard,prepared_datasets/combined_6class_plasticmetal_cleaned/test/PaperCardboard/cardboard401.jpg,,prepared_datasets/combined_6class_plasticmetal_cleaned/test/PaperCardboard/cardboard401.jpg,,,,,,,,
cleaned_test_PaperCardboard_cardboard41.jpg,CombinedCleaned,image_classification,test,PaperCardboard,PaperCardboard,prepared_datasets/combined_6class_plasticmetal_cleaned/test/PaperCardboard/cardboard41.jpg,,prepared_datasets/combined_6class_plasticmetal_cleaned/test/PaperCardboard/cardboard41.jpg,,,,,,,,
cleaned_test_PaperCardboard_cardboard50.jpg,CombinedCleaned,image_classification,test,PaperCardboard,PaperCardboard,prepared_datasets/combined_6class_plasticmetal_cleaned/test/PaperCardboard/cardboard50.jpg,,prepared_datasets/combined_6class_plasticmetal_cleaned/test/PaperCardboard/cardboard50.jpg,,,,,,,,
cleaned_test_PaperCardboard_cardboard51.jpg,CombinedCleaned,image_classification,test,PaperCardboard,PaperCardboard,prepared_datasets/combined_6class_plasticmetal_cleaned/test/PaperCardboard/cardboard51.jpg,,prepared_datasets/combined_6class_plasticmetal_cleaned/test/PaperCardboard/cardboard51.jpg,,,,,,,,
cleaned_test_PaperCardboard_cardboard53.jpg,CombinedCleaned,image_classification,test,PaperCardboard,PaperCardboard,prepared_datasets/combined_6class_plasticmetal_cleaned/test/PaperCardboard/cardboard53.jpg,,prepared_datasets/combined_6class_plasticmetal_cleaned/test/PaperCardboard/cardboard53.jpg,,,,,,,,
cleaned_test_PaperCardboard_cardboard62.jpg,CombinedCleaned,image_classification,test,PaperCardboard,PaperCardboard,prepared_datasets/combined_6class_plasticmetal_cleaned/test/PaperCardboard/cardboard62.jpg,,prepared_datasets/combined_6class_plasticmetal_cleaned/test/PaperCardboard/cardboard62.jpg,,,,,,,,
cleaned_test_PaperCardboard_cardboard65.jpg,CombinedCleaned,image_classification,test,PaperCardboard,PaperCardboard,prepared_datasets/combined_6class_plasticmetal_cleaned/test/PaperCardboard/cardboard65.jpg,,prepared_datasets/combined_6class_plasticmetal_cleaned/test/PaperCardboard/cardboard65.jpg,,,,,,,,
cleaned_test_PaperCardboard_cardboard82.jpg,CombinedCleaned,image_classification,test,PaperCardboard,PaperCardboard,prepared_datasets/combined_6class_plasticmetal_cleaned/test/PaperCardboard/cardboard82.jpg,,prepared_datasets/combined_6class_plasticmetal_cleaned/test/PaperCardboard/cardboard82.jpg,,,,,,,,
cleaned_test_PaperCardboard_cardboard86.jpg,CombinedCleaned,image_classification,test,PaperCardboard,PaperCardboard,prepared_datasets/combined_6class_plasticmetal_cleaned/test/PaperCardboard/cardboard86.jpg,,prepared_datasets/combined_6class_plasticmetal_cleaned/test/PaperCardboard/cardboard86.jpg,,,,,,,,
cleaned_test_PaperCardboard_cardboard98.jpg,CombinedCleaned,image_classification,test,PaperCardboard,PaperCardboard,prepared_datasets/combined_6class_plasticmetal_cleaned/test/PaperCardboard/cardboard98.jpg,,prepared_datasets/combined_6class_plasticmetal_cleaned/test/PaperCardboard/cardboard98.jpg,,,,,,,,
cleaned_test_PaperCardboard_IMG_4878_ann2570.jpg,CombinedCleaned,image_classification,test,PaperCardboard,PaperCardboard,prepared_datasets/combined_6class_plasticmetal_cleaned/test/PaperCardboard/IMG_4878_ann2570.jpg,,prepared_datasets/combined_6class_plasticmetal_cleaned/test/PaperCardboard/IMG_4878_ann2570.jpg,,,,,,,,
cleaned_test_PaperCardboard_IMG_4948_ann2697.jpg,CombinedCleaned,image_classification,test,PaperCardboard,PaperCardboard,prepared_datasets/combined_6class_plasticmetal_cleaned/test/PaperCardboard/IMG_4948_ann2697.jpg,,prepared_datasets/combined_6class_plasticmetal_cleaned/test/PaperCardboard/IMG_4948_ann2697.jpg,,,,,,,,
cleaned_test_PaperCardboard_paper10.jpg,CombinedCleaned,image_classification,test,PaperCardboard,PaperCardboard,prepared_datasets/combined_6class_plasticmetal_cleaned/test/PaperCardboard/paper10.jpg,,prepared_datasets/combined_6class_plasticmetal_cleaned/test/PaperCardboard/paper10.jpg,,,,,,,,
cleaned_test_PaperCardboard_paper118.jpg,CombinedCleaned,image_classification,test,PaperCardboard,PaperCardboard,prepared_datasets/combined_6class_plasticmetal_cleaned/test/PaperCardboard/paper118.jpg,,prepared_datasets/combined_6class_plasticmetal_cleaned/test/PaperCardboard/paper118.jpg,,,,,,,,
cleaned_test_PaperCardboard_paper122.jpg,CombinedCleaned,image_classification,test,PaperCardboard,PaperCardboard,prepared_datasets/combined_6class_plasticmetal_cleaned/test/PaperCardboard/paper122.jpg,,prepared_datasets/combined_6class_plasticmetal_cleaned/test/PaperCardboard/paper122.jpg,,,,,,,,
cleaned_test_PaperCardboard_paper125.jpg,CombinedCleaned,image_classification,test,PaperCardboard,PaperCardboard,prepared_datasets/combined_6class_plasticmetal_cleaned/test/PaperCardboard/paper125.jpg,,prepared_datasets/combined_6class_plasticmetal_cleaned/test/PaperCardboard/paper125.jpg,,,,,,,,
cleaned_test_PaperCardboard_paper132.jpg,CombinedCleaned,image_classification,test,PaperCardboard,PaperCardboard,prepared_datasets/combined_6class_plasticmetal_cleaned/test/PaperCardboard/paper132.jpg,,prepared_datasets/combined_6class_plasticmetal_cleaned/test/PaperCardboard/paper132.jpg,,,,,,,,
cleaned_test_PaperCardboard_paper135.jpg,CombinedCleaned,image_classification,test,PaperCardboard,PaperCardboard,prepared_datasets/combined_6class_plasticmetal_cleaned/test/PaperCardboard/paper135.jpg,,prepared_datasets/combined_6class_plasticmetal_cleaned/test/PaperCardboard/paper135.jpg,,,,,,,,
cleaned_test_PaperCardboard_paper136.jpg,CombinedCleaned,image_classification,test,PaperCardboard,PaperCardboard,prepared_datasets/combined_6class_plasticmetal_cleaned/test/PaperCardboard/paper136.jpg,,prepared_datasets/combined_6class_plasticmetal_cleaned/test/PaperCardboard/paper136.jpg,,,,,,,,
cleaned_test_PaperCardboard_paper146.jpg,CombinedCleaned,image_classification,test,PaperCardboard,PaperCardboard,prepared_datasets/combined_6class_plasticmetal_cleaned/test/PaperCardboard/paper146.jpg,,prepared_datasets/combined_6class_plasticmetal_cleaned/test/PaperCardboard/paper146.jpg,,,,,,,,
cleaned_test_PaperCardboard_paper149.jpg,CombinedCleaned,image_classification,test,PaperCardboard,PaperCardboard,prepared_datasets/combined_6class_plasticmetal_cleaned/test/PaperCardboard/paper149.jpg,,prepared_datasets/combined_6class_plasticmetal_cleaned/test/PaperCardboard/paper149.jpg,,,,,,,,
cleaned_test_PaperCardboard_paper154.jpg,CombinedCleaned,image_classification,test,PaperCardboard,PaperCardboard,prepared_datasets/combined_6class_plasticmetal_cleaned/test/PaperCardboard/paper154.jpg,,prepared_datasets/combined_6class_plasticmetal_cleaned/test/PaperCardboard/paper154.jpg,,,,,,,,
cleaned_test_PaperCardboard_paper164.jpg,CombinedCleaned,image_classification,test,PaperCardboard,PaperCardboard,prepared_datasets/combined_6class_plasticmetal_cleaned/test/PaperCardboard/paper164.jpg,,prepared_datasets/combined_6class_plasticmetal_cleaned/test/PaperCardboard/paper164.jpg,,,,,,,,
cleaned_test_PaperCardboard_paper165.jpg,CombinedCleaned,image_classification,test,PaperCardboard,PaperCardboard,prepared_datasets/combined_6class_plasticmetal_cleaned/test/PaperCardboard/paper165.jpg,,prepared_datasets/combined_6class_plasticmetal_cleaned/test/PaperCardboard/paper165.jpg,,,,,,,,
cleaned_test_PaperCardboard_paper173.jpg,CombinedCleaned,image_classification,test,PaperCardboard,PaperCardboard,prepared_datasets/combined_6class_plasticmetal_cleaned/test/PaperCardboard/paper173.jpg,,prepared_datasets/combined_6class_plasticmetal_cleaned/test/PaperCardboard/paper173.jpg,,,,,,,,
cleaned_test_PaperCardboard_paper180.jpg,CombinedCleaned,image_classification,test,PaperCardboard,PaperCardboard,prepared_datasets/combined_6class_plasticmetal_cleaned/test/PaperCardboard/paper180.jpg,,prepared_datasets/combined_6class_plasticmetal_cleaned/test/PaperCardboard/paper180.jpg,,,,,,,,
cleaned_test_PaperCardboard_paper183.jpg,CombinedCleaned,image_classification,test,PaperCardboard,PaperCardboard,prepared_datasets/combined_6class_plasticmetal_cleaned/test/PaperCardboard/paper183.jpg,,prepared_datasets/combined_6class_plasticmetal_cleaned/test/PaperCardboard/paper183.jpg,,,,,,,,
cleaned_test_PaperCardboard_paper196.jpg,CombinedCleaned,image_classification,test,PaperCardboard,PaperCardboard,prepared_datasets/combined_6class_plasticmetal_cleaned/test/PaperCardboard/paper196.jpg,,prepared_datasets/combined_6class_plasticmetal_cleaned/test/PaperCardboard/paper196.jpg,,,,,,,,
cleaned_test_PaperCardboard_paper204.jpg,CombinedCleaned,image_classification,test,PaperCardboard,PaperCardboard,prepared_datasets/combined_6class_plasticmetal_cleaned/test/PaperCardboard/paper204.jpg,,prepared_datasets/combined_6class_plasticmetal_cleaned/test/PaperCardboard/paper204.jpg,,,,,,,,
cleaned_test_PaperCardboard_paper205.jpg,CombinedCleaned,image_classification,test,PaperCardboard,PaperCardboard,prepared_datasets/combined_6class_plasticmetal_cleaned/test/PaperCardboard/paper205.jpg,,prepared_datasets/combined_6class_plasticmetal_cleaned/test/PaperCardboard/paper205.jpg,,,,,,,,
cleaned_test_PaperCardboard_paper210.jpg,CombinedCleaned,image_classification,test,PaperCardboard,PaperCardboard,prepared_datasets/combined_6class_plasticmetal_cleaned/test/PaperCardboard/paper210.jpg,,prepared_datasets/combined_6class_plasticmetal_cleaned/test/PaperCardboard/paper210.jpg,,,,,,,,
cleaned_test_PaperCardboard_paper213.jpg,CombinedCleaned,image_classification,test,PaperCardboard,PaperCardboard,prepared_datasets/combined_6class_plasticmetal_cleaned/test/PaperCardboard/paper213.jpg,,prepared_datasets/combined_6class_plasticmetal_cleaned/test/PaperCardboard/paper213.jpg,,,,,,,,
cleaned_test_PaperCardboard_paper22.jpg,CombinedCleaned,image_classification,test,PaperCardboard,PaperCardboard,prepared_datasets/combined_6class_plasticmetal_cleaned/test/PaperCardboard/paper22.jpg,,prepared_datasets/combined_6class_plasticmetal_cleaned/test/PaperCardboard/paper22.jpg,,,,,,,,
cleaned_test_PaperCardboard_paper23.jpg,CombinedCleaned,image_classification,test,PaperCardboard,PaperCardboard,prepared_datasets/combined_6class_plasticmetal_cleaned/test/PaperCardboard/paper23.jpg,,prepared_datasets/combined_6class_plasticmetal_cleaned/test/PaperCardboard/paper23.jpg,,,,,,,,
cleaned_test_PaperCardboard_paper236.jpg,CombinedCleaned,image_classification,test,PaperCardboard,PaperCardboard,prepared_datasets/combined_6class_plasticmetal_cleaned/test/PaperCardboard/paper236.jpg,,prepared_datasets/combined_6class_plasticmetal_cleaned/test/PaperCardboard/paper236.jpg,,,,,,,,
cleaned_test_PaperCardboard_paper247.jpg,CombinedCleaned,image_classification,test,PaperCardboard,PaperCardboard,prepared_datasets/combined_6class_plasticmetal_cleaned/test/PaperCardboard/paper247.jpg,,prepared_datasets/combined_6class_plasticmetal_cleaned/test/PaperCardboard/paper247.jpg,,,,,,,,
cleaned_test_PaperCardboard_paper251.jpg,CombinedCleaned,image_classification,test,PaperCardboard,PaperCardboard,prepared_datasets/combined_6class_plasticmetal_cleaned/test/PaperCardboard/paper251.jpg,,prepared_datasets/combined_6class_plasticmetal_cleaned/test/PaperCardboard/paper251.jpg,,,,,,,,
cleaned_test_PaperCardboard_paper260.jpg,CombinedCleaned,image_classification,test,PaperCardboard,PaperCardboard,prepared_datasets/combined_6class_plasticmetal_cleaned/test/PaperCardboard/paper260.jpg,,prepared_datasets/combined_6class_plasticmetal_cleaned/test/PaperCardboard/paper260.jpg,,,,,,,,
cleaned_test_PaperCardboard_paper266.jpg,CombinedCleaned,image_classification,test,PaperCardboard,PaperCardboard,prepared_datasets/combined_6class_plasticmetal_cleaned/test/PaperCardboard/paper266.jpg,,prepared_datasets/combined_6class_plasticmetal_cleaned/test/PaperCardboard/paper266.jpg,,,,,,,,
cleaned_test_PaperCardboard_paper272.jpg,CombinedCleaned,image_classification,test,PaperCardboard,PaperCardboard,prepared_datasets/combined_6class_plasticmetal_cleaned/test/PaperCardboard/paper272.jpg,,prepared_datasets/combined_6class_plasticmetal_cleaned/test/PaperCardboard/paper272.jpg,,,,,,,,
cleaned_test_PaperCardboard_paper281.jpg,CombinedCleaned,image_classification,test,PaperCardboard,PaperCardboard,prepared_datasets/combined_6class_plasticmetal_cleaned/test/PaperCardboard/paper281.jpg,,prepared_datasets/combined_6class_plasticmetal_cleaned/test/PaperCardboard/paper281.jpg,,,,,,,,
cleaned_test_PaperCardboard_paper287.jpg,CombinedCleaned,image_classification,test,PaperCardboard,PaperCardboard,prepared_datasets/combined_6class_plasticmetal_cleaned/test/PaperCardboard/paper287.jpg,,prepared_datasets/combined_6class_plasticmetal_cleaned/test/PaperCardboard/paper287.jpg,,,,,,,,
cleaned_test_PaperCardboard_paper306.jpg,CombinedCleaned,image_classification,test,PaperCardboard,PaperCardboard,prepared_datasets/combined_6class_plasticmetal_cleaned/test/PaperCardboard/paper306.jpg,,prepared_datasets/combined_6class_plasticmetal_cleaned/test/PaperCardboard/paper306.jpg,,,,,,,,
cleaned_test_PaperCardboard_paper31.jpg,CombinedCleaned,image_classification,test,PaperCardboard,PaperCardboard,prepared_datasets/combined_6class_plasticmetal_cleaned/test/PaperCardboard/paper31.jpg,,prepared_datasets/combined_6class_plasticmetal_cleaned/test/PaperCardboard/paper31.jpg,,,,,,,,
cleaned_test_PaperCardboard_paper312.jpg,CombinedCleaned,image_classification,test,PaperCardboard,PaperCardboard,prepared_datasets/combined_6class_plasticmetal_cleaned/test/PaperCardboard/paper312.jpg,,prepared_datasets/combined_6class_plasticmetal_cleaned/test/PaperCardboard/paper312.jpg,,,,,,,,
cleaned_test_PaperCardboard_paper314.jpg,CombinedCleaned,image_classification,test,PaperCardboard,PaperCardboard,prepared_datasets/combined_6class_plasticmetal_cleaned/test/PaperCardboard/paper314.jpg,,prepared_datasets/combined_6class_plasticmetal_cleaned/test/PaperCardboard/paper314.jpg,,,,,,,,
cleaned_test_PaperCardboard_paper33.jpg,CombinedCleaned,image_classification,test,PaperCardboard,PaperCardboard,prepared_datasets/combined_6class_plasticmetal_cleaned/test/PaperCardboard/paper33.jpg,,prepared_datasets/combined_6class_plasticmetal_cleaned/test/PaperCardboard/paper33.jpg,,,,,,,,
cleaned_test_PaperCardboard_paper331.jpg,CombinedCleaned,image_classification,test,PaperCardboard,PaperCardboard,prepared_datasets/combined_6class_plasticmetal_cleaned/test/PaperCardboard/paper331.jpg,,prepared_datasets/combined_6class_plasticmetal_cleaned/test/PaperCardboard/paper331.jpg,,,,,,,,
cleaned_test_PaperCardboard_paper342.jpg,CombinedCleaned,image_classification,test,PaperCardboard,PaperCardboard,prepared_datasets/combined_6class_plasticmetal_cleaned/test/PaperCardboard/paper342.jpg,,prepared_datasets/combined_6class_plasticmetal_cleaned/test/PaperCardboard/paper342.jpg,,,,,,,,
cleaned_test_PaperCardboard_paper344.jpg,CombinedCleaned,image_classification,test,PaperCardboard,PaperCardboard,prepared_datasets/combined_6class_plasticmetal_cleaned/test/PaperCardboard/paper344.jpg,,prepared_datasets/combined_6class_plasticmetal_cleaned/test/PaperCardboard/paper344.jpg,,,,,,,,
cleaned_test_PaperCardboard_paper345.jpg,CombinedCleaned,image_classification,test,PaperCardboard,PaperCardboard,prepared_datasets/combined_6class_plasticmetal_cleaned/test/PaperCardboard/paper345.jpg,,prepared_datasets/combined_6class_plasticmetal_cleaned/test/PaperCardboard/paper345.jpg,,,,,,,,
cleaned_test_PaperCardboard_paper347.jpg,CombinedCleaned,image_classification,test,PaperCardboard,PaperCardboard,prepared_datasets/combined_6class_plasticmetal_cleaned/test/PaperCardboard/paper347.jpg,,prepared_datasets/combined_6class_plasticmetal_cleaned/test/PaperCardboard/paper347.jpg,,,,,,,,
cleaned_test_PaperCardboard_paper35.jpg,CombinedCleaned,image_classification,test,PaperCardboard,PaperCardboard,prepared_datasets/combined_6class_plasticmetal_cleaned/test/PaperCardboard/paper35.jpg,,prepared_datasets/combined_6class_plasticmetal_cleaned/test/PaperCardboard/paper35.jpg,,,,,,,,
cleaned_test_PaperCardboard_paper355.jpg,CombinedCleaned,image_classification,test,PaperCardboard,PaperCardboard,prepared_datasets/combined_6class_plasticmetal_cleaned/test/PaperCardboard/paper355.jpg,,prepared_datasets/combined_6class_plasticmetal_cleaned/test/PaperCardboard/paper355.jpg,,,,,,,,
cleaned_test_PaperCardboard_paper36.jpg,CombinedCleaned,image_classification,test,PaperCardboard,PaperCardboard,prepared_datasets/combined_6class_plasticmetal_cleaned/test/PaperCardboard/paper36.jpg,,prepared_datasets/combined_6class_plasticmetal_cleaned/test/PaperCardboard/paper36.jpg,,,,,,,,
cleaned_test_PaperCardboard_paper364.jpg,CombinedCleaned,image_classification,test,PaperCardboard,PaperCardboard,prepared_datasets/combined_6class_plasticmetal_cleaned/test/PaperCardboard/paper364.jpg,,prepared_datasets/combined_6class_plasticmetal_cleaned/test/PaperCardboard/paper364.jpg,,,,,,,,
cleaned_test_PaperCardboard_paper365.jpg,CombinedCleaned,image_classification,test,PaperCardboard,PaperCardboard,prepared_datasets/combined_6class_plasticmetal_cleaned/test/PaperCardboard/paper365.jpg,,prepared_datasets/combined_6class_plasticmetal_cleaned/test/PaperCardboard/paper365.jpg,,,,,,,,
cleaned_test_PaperCardboard_paper38.jpg,CombinedCleaned,image_classification,test,PaperCardboard,PaperCardboard,prepared_datasets/combined_6class_plasticmetal_cleaned/test/PaperCardboard/paper38.jpg,,prepared_datasets/combined_6class_plasticmetal_cleaned/test/PaperCardboard/paper38.jpg,,,,,,,,
cleaned_test_PaperCardboard_paper382.jpg,CombinedCleaned,image_classification,test,PaperCardboard,PaperCardboard,prepared_datasets/combined_6class_plasticmetal_cleaned/test/PaperCardboard/paper382.jpg,,prepared_datasets/combined_6class_plasticmetal_cleaned/test/PaperCardboard/paper382.jpg,,,,,,,,
cleaned_test_PaperCardboard_paper39.jpg,CombinedCleaned,image_classification,test,PaperCardboard,PaperCardboard,prepared_datasets/combined_6class_plasticmetal_cleaned/test/PaperCardboard/paper39.jpg,,prepared_datasets/combined_6class_plasticmetal_cleaned/test/PaperCardboard/paper39.jpg,,,,,,,,
cleaned_test_PaperCardboard_paper395.jpg,CombinedCleaned,image_classification,test,PaperCardboard,PaperCardboard,prepared_datasets/combined_6class_plasticmetal_cleaned/test/PaperCardboard/paper395.jpg,,prepared_datasets/combined_6class_plasticmetal_cleaned/test/PaperCardboard/paper395.jpg,,,,,,,,
cleaned_test_PaperCardboard_paper397.jpg,CombinedCleaned,image_classification,test,PaperCardboard,PaperCardboard,prepared_datasets/combined_6class_plasticmetal_cleaned/test/PaperCardboard/paper397.jpg,,prepared_datasets/combined_6class_plasticmetal_cleaned/test/PaperCardboard/paper397.jpg,,,,,,,,
cleaned_test_PaperCardboard_paper398.jpg,CombinedCleaned,image_classification,test,PaperCardboard,PaperCardboard,prepared_datasets/combined_6class_plasticmetal_cleaned/test/PaperCardboard/paper398.jpg,,prepared_datasets/combined_6class_plasticmetal_cleaned/test/PaperCardboard/paper398.jpg,,,,,,,,
cleaned_test_PaperCardboard_paper402.jpg,CombinedCleaned,image_classification,test,PaperCardboard,PaperCardboard,prepared_datasets/combined_6class_plasticmetal_cleaned/test/PaperCardboard/paper402.jpg,,prepared_datasets/combined_6class_plasticmetal_cleaned/test/PaperCardboard/paper402.jpg,,,,,,,,
cleaned_test_PaperCardboard_paper406.jpg,CombinedCleaned,image_classification,test,PaperCardboard,PaperCardboard,prepared_datasets/combined_6class_plasticmetal_cleaned/test/PaperCardboard/paper406.jpg,,prepared_datasets/combined_6class_plasticmetal_cleaned/test/PaperCardboard/paper406.jpg,,,,,,,,
cleaned_test_PaperCardboard_paper42.jpg,CombinedCleaned,image_classification,test,PaperCardboard,PaperCardboard,prepared_datasets/combined_6class_plasticmetal_cleaned/test/PaperCardboard/paper42.jpg,,prepared_datasets/combined_6class_plasticmetal_cleaned/test/PaperCardboard/paper42.jpg,,,,,,,,
cleaned_test_PaperCardboard_paper432.jpg,CombinedCleaned,image_classification,test,PaperCardboard,PaperCardboard,prepared_datasets/combined_6class_plasticmetal_cleaned/test/PaperCardboard/paper432.jpg,,prepared_datasets/combined_6class_plasticmetal_cleaned/test/PaperCardboard/paper432.jpg,,,,,,,,
cleaned_test_PaperCardboard_paper469.jpg,CombinedCleaned,image_classification,test,PaperCardboard,PaperCardboard,prepared_datasets/combined_6class_plasticmetal_cleaned/test/PaperCardboard/paper469.jpg,,prepared_datasets/combined_6class_plasticmetal_cleaned/test/PaperCardboard/paper469.jpg,,,,,,,,
cleaned_test_PaperCardboard_paper470.jpg,CombinedCleaned,image_classification,test,PaperCardboard,PaperCardboard,prepared_datasets/combined_6class_plasticmetal_cleaned/test/PaperCardboard/paper470.jpg,,prepared_datasets/combined_6class_plasticmetal_cleaned/test/PaperCardboard/paper470.jpg,,,,,,,,
cleaned_test_PaperCardboard_paper471.jpg,CombinedCleaned,image_classification,test,PaperCardboard,PaperCardboard,prepared_datasets/combined_6class_plasticmetal_cleaned/test/PaperCardboard/paper471.jpg,,prepared_datasets/combined_6class_plasticmetal_cleaned/test/PaperCardboard/paper471.jpg,,,,,,,,
cleaned_test_PaperCardboard_paper476.jpg,CombinedCleaned,image_classification,test,PaperCardboard,PaperCardboard,prepared_datasets/combined_6class_plasticmetal_cleaned/test/PaperCardboard/paper476.jpg,,prepared_datasets/combined_6class_plasticmetal_cleaned/test/PaperCardboard/paper476.jpg,,,,,,,,
cleaned_test_PaperCardboard_paper479.jpg,CombinedCleaned,image_classification,test,PaperCardboard,PaperCardboard,prepared_datasets/combined_6class_plasticmetal_cleaned/test/PaperCardboard/paper479.jpg,,prepared_datasets/combined_6class_plasticmetal_cleaned/test/PaperCardboard/paper479.jpg,,,,,,,,
cleaned_test_PaperCardboard_paper480.jpg,CombinedCleaned,image_classification,test,PaperCardboard,PaperCardboard,prepared_datasets/combined_6class_plasticmetal_cleaned/test/PaperCardboard/paper480.jpg,,prepared_datasets/combined_6class_plasticmetal_cleaned/test/PaperCardboard/paper480.jpg,,,,,,,,
cleaned_test_PaperCardboard_paper491.jpg,CombinedCleaned,image_classification,test,PaperCardboard,PaperCardboard,prepared_datasets/combined_6class_plasticmetal_cleaned/test/PaperCardboard/paper491.jpg,,prepared_datasets/combined_6class_plasticmetal_cleaned/test/PaperCardboard/paper491.jpg,,,,,,,,
cleaned_test_PaperCardboard_paper498.jpg,CombinedCleaned,image_classification,test,PaperCardboard,PaperCardboard,prepared_datasets/combined_6class_plasticmetal_cleaned/test/PaperCardboard/paper498.jpg,,prepared_datasets/combined_6class_plasticmetal_cleaned/test/PaperCardboard/paper498.jpg,,,,,,,,
cleaned_test_PaperCardboard_paper500.jpg,CombinedCleaned,image_classification,test,PaperCardboard,PaperCardboard,prepared_datasets/combined_6class_plasticmetal_cleaned/test/PaperCardboard/paper500.jpg,,prepared_datasets/combined_6class_plasticmetal_cleaned/test/PaperCardboard/paper500.jpg,,,,,,,,
cleaned_test_PaperCardboard_paper502.jpg,CombinedCleaned,image_classification,test,PaperCardboard,PaperCardboard,prepared_datasets/combined_6class_plasticmetal_cleaned/test/PaperCardboard/paper502.jpg,,prepared_datasets/combined_6class_plasticmetal_cleaned/test/PaperCardboard/paper502.jpg,,,,,,,,
cleaned_test_PaperCardboard_paper503.jpg,CombinedCleaned,image_classification,test,PaperCardboard,PaperCardboard,prepared_datasets/combined_6class_plasticmetal_cleaned/test/PaperCardboard/paper503.jpg,,prepared_datasets/combined_6class_plasticmetal_cleaned/test/PaperCardboard/paper503.jpg,,,,,,,,
cleaned_test_PaperCardboard_paper506.jpg,CombinedCleaned,image_classification,test,PaperCardboard,PaperCardboard,prepared_datasets/combined_6class_plasticmetal_cleaned/test/PaperCardboard/paper506.jpg,,prepared_datasets/combined_6class_plasticmetal_cleaned/test/PaperCardboard/paper506.jpg,,,,,,,,
cleaned_test_PaperCardboard_paper517.jpg,CombinedCleaned,image_classification,test,PaperCardboard,PaperCardboard,prepared_datasets/combined_6class_plasticmetal_cleaned/test/PaperCardboard/paper517.jpg,,prepared_datasets/combined_6class_plasticmetal_cleaned/test/PaperCardboard/paper517.jpg,,,,,,,,
cleaned_test_PaperCardboard_paper518.jpg,CombinedCleaned,image_classification,test,PaperCardboard,PaperCardboard,prepared_datasets/combined_6class_plasticmetal_cleaned/test/PaperCardboard/paper518.jpg,,prepared_datasets/combined_6class_plasticmetal_cleaned/test/PaperCardboard/paper518.jpg,,,,,,,,
cleaned_test_PaperCardboard_paper525.jpg,CombinedCleaned,image_classification,test,PaperCardboard,PaperCardboard,prepared_datasets/combined_6class_plasticmetal_cleaned/test/PaperCardboard/paper525.jpg,,prepared_datasets/combined_6class_plasticmetal_cleaned/test/PaperCardboard/paper525.jpg,,,,,,,,
cleaned_test_PaperCardboard_paper530.jpg,CombinedCleaned,image_classification,test,PaperCardboard,PaperCardboard,prepared_datasets/combined_6class_plasticmetal_cleaned/test/PaperCardboard/paper530.jpg,,prepared_datasets/combined_6class_plasticmetal_cleaned/test/PaperCardboard/paper530.jpg,,,,,,,,
cleaned_test_PaperCardboard_paper532.jpg,CombinedCleaned,image_classification,test,PaperCardboard,PaperCardboard,prepared_datasets/combined_6class_plasticmetal_cleaned/test/PaperCardboard/paper532.jpg,,prepared_datasets/combined_6class_plasticmetal_cleaned/test/PaperCardboard/paper532.jpg,,,,,,,,
cleaned_test_PaperCardboard_paper546.jpg,CombinedCleaned,image_classification,test,PaperCardboard,PaperCardboard,prepared_datasets/combined_6class_plasticmetal_cleaned/test/PaperCardboard/paper546.jpg,,prepared_datasets/combined_6class_plasticmetal_cleaned/test/PaperCardboard/paper546.jpg,,,,,,,,
cleaned_test_PaperCardboard_paper552.jpg,CombinedCleaned,image_classification,test,PaperCardboard,PaperCardboard,prepared_datasets/combined_6class_plasticmetal_cleaned/test/PaperCardboard/paper552.jpg,,prepared_datasets/combined_6class_plasticmetal_cleaned/test/PaperCardboard/paper552.jpg,,,,,,,,
cleaned_test_PaperCardboard_paper554.jpg,CombinedCleaned,image_classification,test,PaperCardboard,PaperCardboard,prepared_datasets/combined_6class_plasticmetal_cleaned/test/PaperCardboard/paper554.jpg,,prepared_datasets/combined_6class_plasticmetal_cleaned/test/PaperCardboard/paper554.jpg,,,,,,,,
cleaned_test_PaperCardboard_paper556.jpg,CombinedCleaned,image_classification,test,PaperCardboard,PaperCardboard,prepared_datasets/combined_6class_plasticmetal_cleaned/test/PaperCardboard/paper556.jpg,,prepared_datasets/combined_6class_plasticmetal_cleaned/test/PaperCardboard/paper556.jpg,,,,,,,,
cleaned_test_PaperCardboard_paper559.jpg,CombinedCleaned,image_classification,test,PaperCardboard,PaperCardboard,prepared_datasets/combined_6class_plasticmetal_cleaned/test/PaperCardboard/paper559.jpg,,prepared_datasets/combined_6class_plasticmetal_cleaned/test/PaperCardboard/paper559.jpg,,,,,,,,
cleaned_test_PaperCardboard_paper560.jpg,CombinedCleaned,image_classification,test,PaperCardboard,PaperCardboard,prepared_datasets/combined_6class_plasticmetal_cleaned/test/PaperCardboard/paper560.jpg,,prepared_datasets/combined_6class_plasticmetal_cleaned/test/PaperCardboard/paper560.jpg,,,,,,,,
cleaned_test_PaperCardboard_paper573.jpg,CombinedCleaned,image_classification,test,PaperCardboard,PaperCardboard,prepared_datasets/combined_6class_plasticmetal_cleaned/test/PaperCardboard/paper573.jpg,,prepared_datasets/combined_6class_plasticmetal_cleaned/test/PaperCardboard/paper573.jpg,,,,,,,,
cleaned_test_PaperCardboard_paper577.jpg,CombinedCleaned,image_classification,test,PaperCardboard,PaperCardboard,prepared_datasets/combined_6class_plasticmetal_cleaned/test/PaperCardboard/paper577.jpg,,prepared_datasets/combined_6class_plasticmetal_cleaned/test/PaperCardboard/paper577.jpg,,,,,,,,
cleaned_test_PaperCardboard_paper578.jpg,CombinedCleaned,image_classification,test,PaperCardboard,PaperCardboard,prepared_datasets/combined_6class_plasticmetal_cleaned/test/PaperCardboard/paper578.jpg,,prepared_datasets/combined_6class_plasticmetal_cleaned/test/PaperCardboard/paper578.jpg,,,,,,,,
cleaned_test_PaperCardboard_paper61.jpg,CombinedCleaned,image_classification,test,PaperCardboard,PaperCardboard,prepared_datasets/combined_6class_plasticmetal_cleaned/test/PaperCardboard/paper61.jpg,,prepared_datasets/combined_6class_plasticmetal_cleaned/test/PaperCardboard/paper61.jpg,,,,,,,,
cleaned_test_PaperCardboard_paper64.jpg,CombinedCleaned,image_classification,test,PaperCardboard,PaperCardboard,prepared_datasets/combined_6class_plasticmetal_cleaned/test/PaperCardboard/paper64.jpg,,prepared_datasets/combined_6class_plasticmetal_cleaned/test/PaperCardboard/paper64.jpg,,,,,,,,
cleaned_test_PaperCardboard_paper66.jpg,CombinedCleaned,image_classification,test,PaperCardboard,PaperCardboard,prepared_datasets/combined_6class_plasticmetal_cleaned/test/PaperCardboard/paper66.jpg,,prepared_datasets/combined_6class_plasticmetal_cleaned/test/PaperCardboard/paper66.jpg,,,,,,,,
cleaned_test_PaperCardboard_paper70.jpg,CombinedCleaned,image_classification,test,PaperCardboard,PaperCardboard,prepared_datasets/combined_6class_plasticmetal_cleaned/test/PaperCardboard/paper70.jpg,,prepared_datasets/combined_6class_plasticmetal_cleaned/test/PaperCardboard/paper70.jpg,,,,,,,,
cleaned_test_PaperCardboard_paper71.jpg,CombinedCleaned,image_classification,test,PaperCardboard,PaperCardboard,prepared_datasets/combined_6class_plasticmetal_cleaned/test/PaperCardboard/paper71.jpg,,prepared_datasets/combined_6class_plasticmetal_cleaned/test/PaperCardboard/paper71.jpg,,,,,,,,
cleaned_test_PaperCardboard_paper89.jpg,CombinedCleaned,image_classification,test,PaperCardboard,PaperCardboard,prepared_datasets/combined_6class_plasticmetal_cleaned/test/PaperCardboard/paper89.jpg,,prepared_datasets/combined_6class_plasticmetal_cleaned/test/PaperCardboard/paper89.jpg,,,,,,,,
cleaned_test_PaperCardboard_paper95.jpg,CombinedCleaned,image_classification,test,PaperCardboard,PaperCardboard,prepared_datasets/combined_6class_plasticmetal_cleaned/test/PaperCardboard/paper95.jpg,,prepared_datasets/combined_6class_plasticmetal_cleaned/test/PaperCardboard/paper95.jpg,,,,,,,,
cleaned_test_PaperCardboard_paper96.jpg,CombinedCleaned,image_classification,test,PaperCardboard,PaperCardboard,prepared_datasets/combined_6class_plasticmetal_cleaned/test/PaperCardboard/paper96.jpg,,prepared_datasets/combined_6class_plasticmetal_cleaned/test/PaperCardboard/paper96.jpg,,,,,,,,
cleaned_test_Plastic_000001_ann315.jpg,CombinedCleaned,image_classification,test,Plastic,Plastic,prepared_datasets/combined_6class_plasticmetal_cleaned/test/Plastic/000001_ann315.jpg,,prepared_datasets/combined_6class_plasticmetal_cleaned/test/Plastic/000001_ann315.jpg,,,,,,,,
cleaned_test_Plastic_000002_ann325.jpg,CombinedCleaned,image_classification,test,Plastic,Plastic,prepared_datasets/combined_6class_plasticmetal_cleaned/test/Plastic/000002_ann325.jpg,,prepared_datasets/combined_6class_plasticmetal_cleaned/test/Plastic/000002_ann325.jpg,,,,,,,,
cleaned_test_Plastic_000004_ann1433.jpg,CombinedCleaned,image_classification,test,Plastic,Plastic,prepared_datasets/combined_6class_plasticmetal_cleaned/test/Plastic/000004_ann1433.jpg,,prepared_datasets/combined_6class_plasticmetal_cleaned/test/Plastic/000004_ann1433.jpg,,,,,,,,
cleaned_test_Plastic_000006_ann1708.jpg,CombinedCleaned,image_classification,test,Plastic,Plastic,prepared_datasets/combined_6class_plasticmetal_cleaned/test/Plastic/000006_ann1708.jpg,,prepared_datasets/combined_6class_plasticmetal_cleaned/test/Plastic/000006_ann1708.jpg,,,,,,,,
cleaned_test_Plastic_000007_ann4052.jpg,CombinedCleaned,image_classification,test,Plastic,Plastic,prepared_datasets/combined_6class_plasticmetal_cleaned/test/Plastic/000007_ann4052.jpg,,prepared_datasets/combined_6class_plasticmetal_cleaned/test/Plastic/000007_ann4052.jpg,,,,,,,,
cleaned_test_Plastic_000007_ann4053.jpg,CombinedCleaned,image_classification,test,Plastic,Plastic,prepared_datasets/combined_6class_plasticmetal_cleaned/test/Plastic/000007_ann4053.jpg,,prepared_datasets/combined_6class_plasticmetal_cleaned/test/Plastic/000007_ann4053.jpg,,,,,,,,
cleaned_test_Plastic_000013_ann4077.jpg,CombinedCleaned,image_classification,test,Plastic,Plastic,prepared_datasets/combined_6class_plasticmetal_cleaned/test/Plastic/000013_ann4077.jpg,,prepared_datasets/combined_6class_plasticmetal_cleaned/test/Plastic/000013_ann4077.jpg,,,,,,,,
cleaned_test_Plastic_000017_ann3662.jpg,CombinedCleaned,image_classification,test,Plastic,Plastic,prepared_datasets/combined_6class_plasticmetal_cleaned/test/Plastic/000017_ann3662.jpg,,prepared_datasets/combined_6class_plasticmetal_cleaned/test/Plastic/000017_ann3662.jpg,,,,,,,,
cleaned_test_Plastic_000019_ann6.jpg,CombinedCleaned,image_classification,test,Plastic,Plastic,prepared_datasets/combined_6class_plasticmetal_cleaned/test/Plastic/000019_ann6.jpg,,prepared_datasets/combined_6class_plasticmetal_cleaned/test/Plastic/000019_ann6.jpg,,,,,,,,
cleaned_test_Plastic_000022_ann3684.jpg,CombinedCleaned,image_classification,test,Plastic,Plastic,prepared_datasets/combined_6class_plasticmetal_cleaned/test/Plastic/000022_ann3684.jpg,,prepared_datasets/combined_6class_plasticmetal_cleaned/test/Plastic/000022_ann3684.jpg,,,,,,,,
cleaned_test_Plastic_000022_ann972.jpg,CombinedCleaned,image_classification,test,Plastic,Plastic,prepared_datasets/combined_6class_plasticmetal_cleaned/test/Plastic/000022_ann972.jpg,,prepared_datasets/combined_6class_plasticmetal_cleaned/test/Plastic/000022_ann972.jpg,,,,,,,,
cleaned_test_Plastic_000028_ann1549.jpg,CombinedCleaned,image_classification,test,Plastic,Plastic,prepared_datasets/combined_6class_plasticmetal_cleaned/test/Plastic/000028_ann1549.jpg,,prepared_datasets/combined_6class_plasticmetal_cleaned/test/Plastic/000028_ann1549.jpg,,,,,,,,
cleaned_test_Plastic_000028_ann765.jpg,CombinedCleaned,image_classification,test,Plastic,Plastic,prepared_datasets/combined_6class_plasticmetal_cleaned/test/Plastic/000028_ann765.jpg,,prepared_datasets/combined_6class_plasticmetal_cleaned/test/Plastic/000028_ann765.jpg,,,,,,,,
cleaned_test_Plastic_000029_ann3520.jpg,CombinedCleaned,image_classification,test,Plastic,Plastic,prepared_datasets/combined_6class_plasticmetal_cleaned/test/Plastic/000029_ann3520.jpg,,prepared_datasets/combined_6class_plasticmetal_cleaned/test/Plastic/000029_ann3520.jpg,,,,,,,,
cleaned_test_Plastic_000033_ann3701.jpg,CombinedCleaned,image_classification,test,Plastic,Plastic,prepared_datasets/combined_6class_plasticmetal_cleaned/test/Plastic/000033_ann3701.jpg,,prepared_datasets/combined_6class_plasticmetal_cleaned/test/Plastic/000033_ann3701.jpg,,,,,,,,
cleaned_test_Plastic_000033_ann4239.jpg,CombinedCleaned,image_classification,test,Plastic,Plastic,prepared_datasets/combined_6class_plasticmetal_cleaned/test/Plastic/000033_ann4239.jpg,,prepared_datasets/combined_6class_plasticmetal_cleaned/test/Plastic/000033_ann4239.jpg,,,,,,,,
cleaned_test_Plastic_000034_ann1558.jpg,CombinedCleaned,image_classification,test,Plastic,Plastic,prepared_datasets/combined_6class_plasticmetal_cleaned/test/Plastic/000034_ann1558.jpg,,prepared_datasets/combined_6class_plasticmetal_cleaned/test/Plastic/000034_ann1558.jpg,,,,,,,,
cleaned_test_Plastic_000036_ann2273.jpg,CombinedCleaned,image_classification,test,Plastic,Plastic,prepared_datasets/combined_6class_plasticmetal_cleaned/test/Plastic/000036_ann2273.jpg,,prepared_datasets/combined_6class_plasticmetal_cleaned/test/Plastic/000036_ann2273.jpg,,,,,,,,
cleaned_test_Plastic_000037_ann1757.jpg,CombinedCleaned,image_classification,test,Plastic,Plastic,prepared_datasets/combined_6class_plasticmetal_cleaned/test/Plastic/000037_ann1757.jpg,,prepared_datasets/combined_6class_plasticmetal_cleaned/test/Plastic/000037_ann1757.jpg,,,,,,,,
cleaned_test_Plastic_000042_ann1764.jpg,CombinedCleaned,image_classification,test,Plastic,Plastic,prepared_datasets/combined_6class_plasticmetal_cleaned/test/Plastic/000042_ann1764.jpg,,prepared_datasets/combined_6class_plasticmetal_cleaned/test/Plastic/000042_ann1764.jpg,,,,,,,,
cleaned_test_Plastic_000044_ann3730.jpg,CombinedCleaned,image_classification,test,Plastic,Plastic,prepared_datasets/combined_6class_plasticmetal_cleaned/test/Plastic/000044_ann3730.jpg,,prepared_datasets/combined_6class_plasticmetal_cleaned/test/Plastic/000044_ann3730.jpg,,,,,,,,
cleaned_test_Plastic_000047_ann4295.jpg,CombinedCleaned,image_classification,test,Plastic,Plastic,prepared_datasets/combined_6class_plasticmetal_cleaned/test/Plastic/000047_ann4295.jpg,,prepared_datasets/combined_6class_plasticmetal_cleaned/test/Plastic/000047_ann4295.jpg,,,,,,,,
cleaned_test_Plastic_000048_ann33.jpg,CombinedCleaned,image_classification,test,Plastic,Plastic,prepared_datasets/combined_6class_plasticmetal_cleaned/test/Plastic/000048_ann33.jpg,,prepared_datasets/combined_6class_plasticmetal_cleaned/test/Plastic/000048_ann33.jpg,,,,,,,,
cleaned_test_Plastic_000053_ann2115.jpg,CombinedCleaned,image_classification,test,Plastic,Plastic,prepared_datasets/combined_6class_plasticmetal_cleaned/test/Plastic/000053_ann2115.jpg,,prepared_datasets/combined_6class_plasticmetal_cleaned/test/Plastic/000053_ann2115.jpg,,,,,,,,
cleaned_test_Plastic_000058_ann3420.jpg,CombinedCleaned,image_classification,test,Plastic,Plastic,prepared_datasets/combined_6class_plasticmetal_cleaned/test/Plastic/000058_ann3420.jpg,,prepared_datasets/combined_6class_plasticmetal_cleaned/test/Plastic/000058_ann3420.jpg,,,,,,,,
cleaned_test_Plastic_000060_ann3181.jpg,CombinedCleaned,image_classification,test,Plastic,Plastic,prepared_datasets/combined_6class_plasticmetal_cleaned/test/Plastic/000060_ann3181.jpg,,prepared_datasets/combined_6class_plasticmetal_cleaned/test/Plastic/000060_ann3181.jpg,,,,,,,,
cleaned_test_Plastic_000065_ann3404.jpg,CombinedCleaned,image_classification,test,Plastic,Plastic,prepared_datasets/combined_6class_plasticmetal_cleaned/test/Plastic/000065_ann3404.jpg,,prepared_datasets/combined_6class_plasticmetal_cleaned/test/Plastic/000065_ann3404.jpg,,,,,,,,
cleaned_test_Plastic_000072_ann4407.jpg,CombinedCleaned,image_classification,test,Plastic,Plastic,prepared_datasets/combined_6class_plasticmetal_cleaned/test/Plastic/000072_ann4407.jpg,,prepared_datasets/combined_6class_plasticmetal_cleaned/test/Plastic/000072_ann4407.jpg,,,,,,,,
cleaned_test_Plastic_000074_ann3294.jpg,CombinedCleaned,image_classification,test,Plastic,Plastic,prepared_datasets/combined_6class_plasticmetal_cleaned/test/Plastic/000074_ann3294.jpg,,prepared_datasets/combined_6class_plasticmetal_cleaned/test/Plastic/000074_ann3294.jpg,,,,,,,,
cleaned_test_Plastic_000079_ann3855.jpg,CombinedCleaned,image_classification,test,Plastic,Plastic,prepared_datasets/combined_6class_plasticmetal_cleaned/test/Plastic/000079_ann3855.jpg,,prepared_datasets/combined_6class_plasticmetal_cleaned/test/Plastic/000079_ann3855.jpg,,,,,,,,
cleaned_test_Plastic_000080_ann3280.jpg,CombinedCleaned,image_classification,test,Plastic,Plastic,prepared_datasets/combined_6class_plasticmetal_cleaned/test/Plastic/000080_ann3280.jpg,,prepared_datasets/combined_6class_plasticmetal_cleaned/test/Plastic/000080_ann3280.jpg,,,,,,,,
cleaned_test_Plastic_000085_ann3275.jpg,CombinedCleaned,image_classification,test,Plastic,Plastic,prepared_datasets/combined_6class_plasticmetal_cleaned/test/Plastic/000085_ann3275.jpg,,prepared_datasets/combined_6class_plasticmetal_cleaned/test/Plastic/000085_ann3275.jpg,,,,,,,,
cleaned_test_Plastic_000085_ann3874.jpg,CombinedCleaned,image_classification,test,Plastic,Plastic,prepared_datasets/combined_6class_plasticmetal_cleaned/test/Plastic/000085_ann3874.jpg,,prepared_datasets/combined_6class_plasticmetal_cleaned/test/Plastic/000085_ann3874.jpg,,,,,,,,
cleaned_test_Plastic_000087_ann631.jpg,CombinedCleaned,image_classification,test,Plastic,Plastic,prepared_datasets/combined_6class_plasticmetal_cleaned/test/Plastic/000087_ann631.jpg,,prepared_datasets/combined_6class_plasticmetal_cleaned/test/Plastic/000087_ann631.jpg,,,,,,,,
cleaned_test_Plastic_000088_ann2376.jpg,CombinedCleaned,image_classification,test,Plastic,Plastic,prepared_datasets/combined_6class_plasticmetal_cleaned/test/Plastic/000088_ann2376.jpg,,prepared_datasets/combined_6class_plasticmetal_cleaned/test/Plastic/000088_ann2376.jpg,,,,,,,,
cleaned_test_Plastic_000090_ann1391.jpg,CombinedCleaned,image_classification,test,Plastic,Plastic,prepared_datasets/combined_6class_plasticmetal_cleaned/test/Plastic/000090_ann1391.jpg,,prepared_datasets/combined_6class_plasticmetal_cleaned/test/Plastic/000090_ann1391.jpg,,,,,,,,
cleaned_test_Plastic_000091_ann1396.jpg,CombinedCleaned,image_classification,test,Plastic,Plastic,prepared_datasets/combined_6class_plasticmetal_cleaned/test/Plastic/000091_ann1396.jpg,,prepared_datasets/combined_6class_plasticmetal_cleaned/test/Plastic/000091_ann1396.jpg,,,,,,,,
cleaned_test_Plastic_000091_ann164.jpg,CombinedCleaned,image_classification,test,Plastic,Plastic,prepared_datasets/combined_6class_plasticmetal_cleaned/test/Plastic/000091_ann164.jpg,,prepared_datasets/combined_6class_plasticmetal_cleaned/test/Plastic/000091_ann164.jpg,,,,,,,,
cleaned_test_Plastic_000094_ann1414.jpg,CombinedCleaned,image_classification,test,Plastic,Plastic,prepared_datasets/combined_6class_plasticmetal_cleaned/test/Plastic/000094_ann1414.jpg,,prepared_datasets/combined_6class_plasticmetal_cleaned/test/Plastic/000094_ann1414.jpg,,,,,,,,
cleaned_test_Plastic_000094_ann1845.jpg,CombinedCleaned,image_classification,test,Plastic,Plastic,prepared_datasets/combined_6class_plasticmetal_cleaned/test/Plastic/000094_ann1845.jpg,,prepared_datasets/combined_6class_plasticmetal_cleaned/test/Plastic/000094_ann1845.jpg,,,,,,,,
cleaned_test_Plastic_000094_ann4763.jpg,CombinedCleaned,image_classification,test,Plastic,Plastic,prepared_datasets/combined_6class_plasticmetal_cleaned/test/Plastic/000094_ann4763.jpg,,prepared_datasets/combined_6class_plasticmetal_cleaned/test/Plastic/000094_ann4763.jpg,,,,,,,,
cleaned_test_Plastic_000095_ann1693.jpg,CombinedCleaned,image_classification,test,Plastic,Plastic,prepared_datasets/combined_6class_plasticmetal_cleaned/test/Plastic/000095_ann1693.jpg,,prepared_datasets/combined_6class_plasticmetal_cleaned/test/Plastic/000095_ann1693.jpg,,,,,,,,
cleaned_test_Plastic_000099_ann3246.jpg,CombinedCleaned,image_classification,test,Plastic,Plastic,prepared_datasets/combined_6class_plasticmetal_cleaned/test/Plastic/000099_ann3246.jpg,,prepared_datasets/combined_6class_plasticmetal_cleaned/test/Plastic/000099_ann3246.jpg,,,,,,,,
cleaned_test_Plastic_000104_ann211.jpg,CombinedCleaned,image_classification,test,Plastic,Plastic,prepared_datasets/combined_6class_plasticmetal_cleaned/test/Plastic/000104_ann211.jpg,,prepared_datasets/combined_6class_plasticmetal_cleaned/test/Plastic/000104_ann211.jpg,,,,,,,,
cleaned_test_Plastic_000111_ann3937.jpg,CombinedCleaned,image_classification,test,Plastic,Plastic,prepared_datasets/combined_6class_plasticmetal_cleaned/test/Plastic/000111_ann3937.jpg,,prepared_datasets/combined_6class_plasticmetal_cleaned/test/Plastic/000111_ann3937.jpg,,,,,,,,
cleaned_test_Plastic_000115_ann232.jpg,CombinedCleaned,image_classification,test,Plastic,Plastic,prepared_datasets/combined_6class_plasticmetal_cleaned/test/Plastic/000115_ann232.jpg,,prepared_datasets/combined_6class_plasticmetal_cleaned/test/Plastic/000115_ann232.jpg,,,,,,,,
cleaned_test_Plastic_000127_ann261.jpg,CombinedCleaned,image_classification,test,Plastic,Plastic,prepared_datasets/combined_6class_plasticmetal_cleaned/test/Plastic/000127_ann261.jpg,,prepared_datasets/combined_6class_plasticmetal_cleaned/test/Plastic/000127_ann261.jpg,,,,,,,,
cleaned_test_Plastic_000128_ann271.jpg,CombinedCleaned,image_classification,test,Plastic,Plastic,prepared_datasets/combined_6class_plasticmetal_cleaned/test/Plastic/000128_ann271.jpg,,prepared_datasets/combined_6class_plasticmetal_cleaned/test/Plastic/000128_ann271.jpg,,,,,,,,
cleaned_test_Plastic_IMG_4893_ann2581.jpg,CombinedCleaned,image_classification,test,Plastic,Plastic,prepared_datasets/combined_6class_plasticmetal_cleaned/test/Plastic/IMG_4893_ann2581.jpg,,prepared_datasets/combined_6class_plasticmetal_cleaned/test/Plastic/IMG_4893_ann2581.jpg,,,,,,,,
cleaned_test_Plastic_plastic101.jpg,CombinedCleaned,image_classification,test,Plastic,Plastic,prepared_datasets/combined_6class_plasticmetal_cleaned/test/Plastic/plastic101.jpg,,prepared_datasets/combined_6class_plasticmetal_cleaned/test/Plastic/plastic101.jpg,,,,,,,,
cleaned_test_Plastic_plastic11.jpg,CombinedCleaned,image_classification,test,Plastic,Plastic,prepared_datasets/combined_6class_plasticmetal_cleaned/test/Plastic/plastic11.jpg,,prepared_datasets/combined_6class_plasticmetal_cleaned/test/Plastic/plastic11.jpg,,,,,,,,
cleaned_test_Plastic_plastic110.jpg,CombinedCleaned,image_classification,test,Plastic,Plastic,prepared_datasets/combined_6class_plasticmetal_cleaned/test/Plastic/plastic110.jpg,,prepared_datasets/combined_6class_plasticmetal_cleaned/test/Plastic/plastic110.jpg,,,,,,,,
cleaned_test_Plastic_plastic112.jpg,CombinedCleaned,image_classification,test,Plastic,Plastic,prepared_datasets/combined_6class_plasticmetal_cleaned/test/Plastic/plastic112.jpg,,prepared_datasets/combined_6class_plasticmetal_cleaned/test/Plastic/plastic112.jpg,,,,,,,,
cleaned_test_Plastic_plastic113.jpg,CombinedCleaned,image_classification,test,Plastic,Plastic,prepared_datasets/combined_6class_plasticmetal_cleaned/test/Plastic/plastic113.jpg,,prepared_datasets/combined_6class_plasticmetal_cleaned/test/Plastic/plastic113.jpg,,,,,,,,
cleaned_test_Plastic_plastic119.jpg,CombinedCleaned,image_classification,test,Plastic,Plastic,prepared_datasets/combined_6class_plasticmetal_cleaned/test/Plastic/plastic119.jpg,,prepared_datasets/combined_6class_plasticmetal_cleaned/test/Plastic/plastic119.jpg,,,,,,,,
cleaned_test_Plastic_plastic135.jpg,CombinedCleaned,image_classification,test,Plastic,Plastic,prepared_datasets/combined_6class_plasticmetal_cleaned/test/Plastic/plastic135.jpg,,prepared_datasets/combined_6class_plasticmetal_cleaned/test/Plastic/plastic135.jpg,,,,,,,,
cleaned_test_Plastic_plastic139.jpg,CombinedCleaned,image_classification,test,Plastic,Plastic,prepared_datasets/combined_6class_plasticmetal_cleaned/test/Plastic/plastic139.jpg,,prepared_datasets/combined_6class_plasticmetal_cleaned/test/Plastic/plastic139.jpg,,,,,,,,
cleaned_test_Plastic_plastic141.jpg,CombinedCleaned,image_classification,test,Plastic,Plastic,prepared_datasets/combined_6class_plasticmetal_cleaned/test/Plastic/plastic141.jpg,,prepared_datasets/combined_6class_plasticmetal_cleaned/test/Plastic/plastic141.jpg,,,,,,,,
cleaned_test_Plastic_plastic143.jpg,CombinedCleaned,image_classification,test,Plastic,Plastic,prepared_datasets/combined_6class_plasticmetal_cleaned/test/Plastic/plastic143.jpg,,prepared_datasets/combined_6class_plasticmetal_cleaned/test/Plastic/plastic143.jpg,,,,,,,,
cleaned_test_Plastic_plastic146.jpg,CombinedCleaned,image_classification,test,Plastic,Plastic,prepared_datasets/combined_6class_plasticmetal_cleaned/test/Plastic/plastic146.jpg,,prepared_datasets/combined_6class_plasticmetal_cleaned/test/Plastic/plastic146.jpg,,,,,,,,
cleaned_test_Plastic_plastic150.jpg,CombinedCleaned,image_classification,test,Plastic,Plastic,prepared_datasets/combined_6class_plasticmetal_cleaned/test/Plastic/plastic150.jpg,,prepared_datasets/combined_6class_plasticmetal_cleaned/test/Plastic/plastic150.jpg,,,,,,,,
cleaned_test_Plastic_plastic156.jpg,CombinedCleaned,image_classification,test,Plastic,Plastic,prepared_datasets/combined_6class_plasticmetal_cleaned/test/Plastic/plastic156.jpg,,prepared_datasets/combined_6class_plasticmetal_cleaned/test/Plastic/plastic156.jpg,,,,,,,,
cleaned_test_Plastic_plastic163.jpg,CombinedCleaned,image_classification,test,Plastic,Plastic,prepared_datasets/combined_6class_plasticmetal_cleaned/test/Plastic/plastic163.jpg,,prepared_datasets/combined_6class_plasticmetal_cleaned/test/Plastic/plastic163.jpg,,,,,,,,
cleaned_test_Plastic_plastic170.jpg,CombinedCleaned,image_classification,test,Plastic,Plastic,prepared_datasets/combined_6class_plasticmetal_cleaned/test/Plastic/plastic170.jpg,,prepared_datasets/combined_6class_plasticmetal_cleaned/test/Plastic/plastic170.jpg,,,,,,,,
cleaned_test_Plastic_plastic172.jpg,CombinedCleaned,image_classification,test,Plastic,Plastic,prepared_datasets/combined_6class_plasticmetal_cleaned/test/Plastic/plastic172.jpg,,prepared_datasets/combined_6class_plasticmetal_cleaned/test/Plastic/plastic172.jpg,,,,,,,,
cleaned_test_Plastic_plastic188.jpg,CombinedCleaned,image_classification,test,Plastic,Plastic,prepared_datasets/combined_6class_plasticmetal_cleaned/test/Plastic/plastic188.jpg,,prepared_datasets/combined_6class_plasticmetal_cleaned/test/Plastic/plastic188.jpg,,,,,,,,
cleaned_test_Plastic_plastic190.jpg,CombinedCleaned,image_classification,test,Plastic,Plastic,prepared_datasets/combined_6class_plasticmetal_cleaned/test/Plastic/plastic190.jpg,,prepared_datasets/combined_6class_plasticmetal_cleaned/test/Plastic/plastic190.jpg,,,,,,,,
cleaned_test_Plastic_plastic199.jpg,CombinedCleaned,image_classification,test,Plastic,Plastic,prepared_datasets/combined_6class_plasticmetal_cleaned/test/Plastic/plastic199.jpg,,prepared_datasets/combined_6class_plasticmetal_cleaned/test/Plastic/plastic199.jpg,,,,,,,,
cleaned_test_Plastic_plastic2.jpg,CombinedCleaned,image_classification,test,Plastic,Plastic,prepared_datasets/combined_6class_plasticmetal_cleaned/test/Plastic/plastic2.jpg,,prepared_datasets/combined_6class_plasticmetal_cleaned/test/Plastic/plastic2.jpg,,,,,,,,
cleaned_test_Plastic_plastic20.jpg,CombinedCleaned,image_classification,test,Plastic,Plastic,prepared_datasets/combined_6class_plasticmetal_cleaned/test/Plastic/plastic20.jpg,,prepared_datasets/combined_6class_plasticmetal_cleaned/test/Plastic/plastic20.jpg,,,,,,,,
cleaned_test_Plastic_plastic201.jpg,CombinedCleaned,image_classification,test,Plastic,Plastic,prepared_datasets/combined_6class_plasticmetal_cleaned/test/Plastic/plastic201.jpg,,prepared_datasets/combined_6class_plasticmetal_cleaned/test/Plastic/plastic201.jpg,,,,,,,,
cleaned_test_Plastic_plastic206.jpg,CombinedCleaned,image_classification,test,Plastic,Plastic,prepared_datasets/combined_6class_plasticmetal_cleaned/test/Plastic/plastic206.jpg,,prepared_datasets/combined_6class_plasticmetal_cleaned/test/Plastic/plastic206.jpg,,,,,,,,
cleaned_test_Plastic_plastic211.jpg,CombinedCleaned,image_classification,test,Plastic,Plastic,prepared_datasets/combined_6class_plasticmetal_cleaned/test/Plastic/plastic211.jpg,,prepared_datasets/combined_6class_plasticmetal_cleaned/test/Plastic/plastic211.jpg,,,,,,,,
cleaned_test_Plastic_plastic220.jpg,CombinedCleaned,image_classification,test,Plastic,Plastic,prepared_datasets/combined_6class_plasticmetal_cleaned/test/Plastic/plastic220.jpg,,prepared_datasets/combined_6class_plasticmetal_cleaned/test/Plastic/plastic220.jpg,,,,,,,,
cleaned_test_Plastic_plastic225.jpg,CombinedCleaned,image_classification,test,Plastic,Plastic,prepared_datasets/combined_6class_plasticmetal_cleaned/test/Plastic/plastic225.jpg,,prepared_datasets/combined_6class_plasticmetal_cleaned/test/Plastic/plastic225.jpg,,,,,,,,
cleaned_test_Plastic_plastic227.jpg,CombinedCleaned,image_classification,test,Plastic,Plastic,prepared_datasets/combined_6class_plasticmetal_cleaned/test/Plastic/plastic227.jpg,,prepared_datasets/combined_6class_plasticmetal_cleaned/test/Plastic/plastic227.jpg,,,,,,,,
cleaned_test_Plastic_plastic234.jpg,CombinedCleaned,image_classification,test,Plastic,Plastic,prepared_datasets/combined_6class_plasticmetal_cleaned/test/Plastic/plastic234.jpg,,prepared_datasets/combined_6class_plasticmetal_cleaned/test/Plastic/plastic234.jpg,,,,,,,,
cleaned_test_Plastic_plastic254.jpg,CombinedCleaned,image_classification,test,Plastic,Plastic,prepared_datasets/combined_6class_plasticmetal_cleaned/test/Plastic/plastic254.jpg,,prepared_datasets/combined_6class_plasticmetal_cleaned/test/Plastic/plastic254.jpg,,,,,,,,
cleaned_test_Plastic_plastic256.jpg,CombinedCleaned,image_classification,test,Plastic,Plastic,prepared_datasets/combined_6class_plasticmetal_cleaned/test/Plastic/plastic256.jpg,,prepared_datasets/combined_6class_plasticmetal_cleaned/test/Plastic/plastic256.jpg,,,,,,,,
cleaned_test_Plastic_plastic258.jpg,CombinedCleaned,image_classification,test,Plastic,Plastic,prepared_datasets/combined_6class_plasticmetal_cleaned/test/Plastic/plastic258.jpg,,prepared_datasets/combined_6class_plasticmetal_cleaned/test/Plastic/plastic258.jpg,,,,,,,,
cleaned_test_Plastic_plastic264.jpg,CombinedCleaned,image_classification,test,Plastic,Plastic,prepared_datasets/combined_6class_plasticmetal_cleaned/test/Plastic/plastic264.jpg,,prepared_datasets/combined_6class_plasticmetal_cleaned/test/Plastic/plastic264.jpg,,,,,,,,
cleaned_test_Plastic_plastic266.jpg,CombinedCleaned,image_classification,test,Plastic,Plastic,prepared_datasets/combined_6class_plasticmetal_cleaned/test/Plastic/plastic266.jpg,,prepared_datasets/combined_6class_plasticmetal_cleaned/test/Plastic/plastic266.jpg,,,,,,,,
cleaned_test_Plastic_plastic273.jpg,CombinedCleaned,image_classification,test,Plastic,Plastic,prepared_datasets/combined_6class_plasticmetal_cleaned/test/Plastic/plastic273.jpg,,prepared_datasets/combined_6class_plasticmetal_cleaned/test/Plastic/plastic273.jpg,,,,,,,,
cleaned_test_Plastic_plastic274.jpg,CombinedCleaned,image_classification,test,Plastic,Plastic,prepared_datasets/combined_6class_plasticmetal_cleaned/test/Plastic/plastic274.jpg,,prepared_datasets/combined_6class_plasticmetal_cleaned/test/Plastic/plastic274.jpg,,,,,,,,
cleaned_test_Plastic_plastic292.jpg,CombinedCleaned,image_classification,test,Plastic,Plastic,prepared_datasets/combined_6class_plasticmetal_cleaned/test/Plastic/plastic292.jpg,,prepared_datasets/combined_6class_plasticmetal_cleaned/test/Plastic/plastic292.jpg,,,,,,,,
cleaned_test_Plastic_plastic294.jpg,CombinedCleaned,image_classification,test,Plastic,Plastic,prepared_datasets/combined_6class_plasticmetal_cleaned/test/Plastic/plastic294.jpg,,prepared_datasets/combined_6class_plasticmetal_cleaned/test/Plastic/plastic294.jpg,,,,,,,,
cleaned_test_Plastic_plastic305.jpg,CombinedCleaned,image_classification,test,Plastic,Plastic,prepared_datasets/combined_6class_plasticmetal_cleaned/test/Plastic/plastic305.jpg,,prepared_datasets/combined_6class_plasticmetal_cleaned/test/Plastic/plastic305.jpg,,,,,,,,
cleaned_test_Plastic_plastic310.jpg,CombinedCleaned,image_classification,test,Plastic,Plastic,prepared_datasets/combined_6class_plasticmetal_cleaned/test/Plastic/plastic310.jpg,,prepared_datasets/combined_6class_plasticmetal_cleaned/test/Plastic/plastic310.jpg,,,,,,,,
cleaned_test_Plastic_plastic331.jpg,CombinedCleaned,image_classification,test,Plastic,Plastic,prepared_datasets/combined_6class_plasticmetal_cleaned/test/Plastic/plastic331.jpg,,prepared_datasets/combined_6class_plasticmetal_cleaned/test/Plastic/plastic331.jpg,,,,,,,,
cleaned_test_Plastic_plastic346.jpg,CombinedCleaned,image_classification,test,Plastic,Plastic,prepared_datasets/combined_6class_plasticmetal_cleaned/test/Plastic/plastic346.jpg,,prepared_datasets/combined_6class_plasticmetal_cleaned/test/Plastic/plastic346.jpg,,,,,,,,
cleaned_test_Plastic_plastic350.jpg,CombinedCleaned,image_classification,test,Plastic,Plastic,prepared_datasets/combined_6class_plasticmetal_cleaned/test/Plastic/plastic350.jpg,,prepared_datasets/combined_6class_plasticmetal_cleaned/test/Plastic/plastic350.jpg,,,,,,,,
cleaned_test_Plastic_plastic353.jpg,CombinedCleaned,image_classification,test,Plastic,Plastic,prepared_datasets/combined_6class_plasticmetal_cleaned/test/Plastic/plastic353.jpg,,prepared_datasets/combined_6class_plasticmetal_cleaned/test/Plastic/plastic353.jpg,,,,,,,,
cleaned_test_Plastic_plastic358.jpg,CombinedCleaned,image_classification,test,Plastic,Plastic,prepared_datasets/combined_6class_plasticmetal_cleaned/test/Plastic/plastic358.jpg,,prepared_datasets/combined_6class_plasticmetal_cleaned/test/Plastic/plastic358.jpg,,,,,,,,
cleaned_test_Plastic_plastic365.jpg,CombinedCleaned,image_classification,test,Plastic,Plastic,prepared_datasets/combined_6class_plasticmetal_cleaned/test/Plastic/plastic365.jpg,,prepared_datasets/combined_6class_plasticmetal_cleaned/test/Plastic/plastic365.jpg,,,,,,,,
cleaned_test_Plastic_plastic370.jpg,CombinedCleaned,image_classification,test,Plastic,Plastic,prepared_datasets/combined_6class_plasticmetal_cleaned/test/Plastic/plastic370.jpg,,prepared_datasets/combined_6class_plasticmetal_cleaned/test/Plastic/plastic370.jpg,,,,,,,,
cleaned_test_Plastic_plastic371.jpg,CombinedCleaned,image_classification,test,Plastic,Plastic,prepared_datasets/combined_6class_plasticmetal_cleaned/test/Plastic/plastic371.jpg,,prepared_datasets/combined_6class_plasticmetal_cleaned/test/Plastic/plastic371.jpg,,,,,,,,
cleaned_test_Plastic_plastic377.jpg,CombinedCleaned,image_classification,test,Plastic,Plastic,prepared_datasets/combined_6class_plasticmetal_cleaned/test/Plastic/plastic377.jpg,,prepared_datasets/combined_6class_plasticmetal_cleaned/test/Plastic/plastic377.jpg,,,,,,,,
cleaned_test_Plastic_plastic378.jpg,CombinedCleaned,image_classification,test,Plastic,Plastic,prepared_datasets/combined_6class_plasticmetal_cleaned/test/Plastic/plastic378.jpg,,prepared_datasets/combined_6class_plasticmetal_cleaned/test/Plastic/plastic378.jpg,,,,,,,,
cleaned_test_Plastic_plastic384.jpg,CombinedCleaned,image_classification,test,Plastic,Plastic,prepared_datasets/combined_6class_plasticmetal_cleaned/test/Plastic/plastic384.jpg,,prepared_datasets/combined_6class_plasticmetal_cleaned/test/Plastic/plastic384.jpg,,,,,,,,
cleaned_test_Plastic_plastic389.jpg,CombinedCleaned,image_classification,test,Plastic,Plastic,prepared_datasets/combined_6class_plasticmetal_cleaned/test/Plastic/plastic389.jpg,,prepared_datasets/combined_6class_plasticmetal_cleaned/test/Plastic/plastic389.jpg,,,,,,,,
cleaned_test_Plastic_plastic394.jpg,CombinedCleaned,image_classification,test,Plastic,Plastic,prepared_datasets/combined_6class_plasticmetal_cleaned/test/Plastic/plastic394.jpg,,prepared_datasets/combined_6class_plasticmetal_cleaned/test/Plastic/plastic394.jpg,,,,,,,,
cleaned_test_Plastic_plastic399.jpg,CombinedCleaned,image_classification,test,Plastic,Plastic,prepared_datasets/combined_6class_plasticmetal_cleaned/test/Plastic/plastic399.jpg,,prepared_datasets/combined_6class_plasticmetal_cleaned/test/Plastic/plastic399.jpg,,,,,,,,
cleaned_test_Plastic_plastic410.jpg,CombinedCleaned,image_classification,test,Plastic,Plastic,prepared_datasets/combined_6class_plasticmetal_cleaned/test/Plastic/plastic410.jpg,,prepared_datasets/combined_6class_plasticmetal_cleaned/test/Plastic/plastic410.jpg,,,,,,,,
cleaned_test_Plastic_plastic420.jpg,CombinedCleaned,image_classification,test,Plastic,Plastic,prepared_datasets/combined_6class_plasticmetal_cleaned/test/Plastic/plastic420.jpg,,prepared_datasets/combined_6class_plasticmetal_cleaned/test/Plastic/plastic420.jpg,,,,,,,,
cleaned_test_Plastic_plastic422.jpg,CombinedCleaned,image_classification,test,Plastic,Plastic,prepared_datasets/combined_6class_plasticmetal_cleaned/test/Plastic/plastic422.jpg,,prepared_datasets/combined_6class_plasticmetal_cleaned/test/Plastic/plastic422.jpg,,,,,,,,
cleaned_test_Plastic_plastic423.jpg,CombinedCleaned,image_classification,test,Plastic,Plastic,prepared_datasets/combined_6class_plasticmetal_cleaned/test/Plastic/plastic423.jpg,,prepared_datasets/combined_6class_plasticmetal_cleaned/test/Plastic/plastic423.jpg,,,,,,,,
cleaned_test_Plastic_plastic429.jpg,CombinedCleaned,image_classification,test,Plastic,Plastic,prepared_datasets/combined_6class_plasticmetal_cleaned/test/Plastic/plastic429.jpg,,prepared_datasets/combined_6class_plasticmetal_cleaned/test/Plastic/plastic429.jpg,,,,,,,,
cleaned_test_Plastic_plastic435.jpg,CombinedCleaned,image_classification,test,Plastic,Plastic,prepared_datasets/combined_6class_plasticmetal_cleaned/test/Plastic/plastic435.jpg,,prepared_datasets/combined_6class_plasticmetal_cleaned/test/Plastic/plastic435.jpg,,,,,,,,
cleaned_test_Plastic_plastic439.jpg,CombinedCleaned,image_classification,test,Plastic,Plastic,prepared_datasets/combined_6class_plasticmetal_cleaned/test/Plastic/plastic439.jpg,,prepared_datasets/combined_6class_plasticmetal_cleaned/test/Plastic/plastic439.jpg,,,,,,,,
cleaned_test_Plastic_plastic440.jpg,CombinedCleaned,image_classification,test,Plastic,Plastic,prepared_datasets/combined_6class_plasticmetal_cleaned/test/Plastic/plastic440.jpg,,prepared_datasets/combined_6class_plasticmetal_cleaned/test/Plastic/plastic440.jpg,,,,,,,,
cleaned_test_Plastic_plastic449.jpg,CombinedCleaned,image_classification,test,Plastic,Plastic,prepared_datasets/combined_6class_plasticmetal_cleaned/test/Plastic/plastic449.jpg,,prepared_datasets/combined_6class_plasticmetal_cleaned/test/Plastic/plastic449.jpg,,,,,,,,
cleaned_test_Plastic_plastic450.jpg,CombinedCleaned,image_classification,test,Plastic,Plastic,prepared_datasets/combined_6class_plasticmetal_cleaned/test/Plastic/plastic450.jpg,,prepared_datasets/combined_6class_plasticmetal_cleaned/test/Plastic/plastic450.jpg,,,,,,,,
cleaned_test_Plastic_plastic470.jpg,CombinedCleaned,image_classification,test,Plastic,Plastic,prepared_datasets/combined_6class_plasticmetal_cleaned/test/Plastic/plastic470.jpg,,prepared_datasets/combined_6class_plasticmetal_cleaned/test/Plastic/plastic470.jpg,,,,,,,,
cleaned_test_Plastic_plastic471.jpg,CombinedCleaned,image_classification,test,Plastic,Plastic,prepared_datasets/combined_6class_plasticmetal_cleaned/test/Plastic/plastic471.jpg,,prepared_datasets/combined_6class_plasticmetal_cleaned/test/Plastic/plastic471.jpg,,,,,,,,
cleaned_test_Plastic_plastic472.jpg,CombinedCleaned,image_classification,test,Plastic,Plastic,prepared_datasets/combined_6class_plasticmetal_cleaned/test/Plastic/plastic472.jpg,,prepared_datasets/combined_6class_plasticmetal_cleaned/test/Plastic/plastic472.jpg,,,,,,,,
cleaned_test_Plastic_plastic67.jpg,CombinedCleaned,image_classification,test,Plastic,Plastic,prepared_datasets/combined_6class_plasticmetal_cleaned/test/Plastic/plastic67.jpg,,prepared_datasets/combined_6class_plasticmetal_cleaned/test/Plastic/plastic67.jpg,,,,,,,,
cleaned_test_Plastic_plastic76.jpg,CombinedCleaned,image_classification,test,Plastic,Plastic,prepared_datasets/combined_6class_plasticmetal_cleaned/test/Plastic/plastic76.jpg,,prepared_datasets/combined_6class_plasticmetal_cleaned/test/Plastic/plastic76.jpg,,,,,,,,
cleaned_test_Plastic_plastic81.jpg,CombinedCleaned,image_classification,test,Plastic,Plastic,prepared_datasets/combined_6class_plasticmetal_cleaned/test/Plastic/plastic81.jpg,,prepared_datasets/combined_6class_plasticmetal_cleaned/test/Plastic/plastic81.jpg,,,,,,,,
cleaned_test_Plastic_plastic84.jpg,CombinedCleaned,image_classification,test,Plastic,Plastic,prepared_datasets/combined_6class_plasticmetal_cleaned/test/Plastic/plastic84.jpg,,prepared_datasets/combined_6class_plasticmetal_cleaned/test/Plastic/plastic84.jpg,,,,,,,,
cleaned_test_Plastic_plastic87.jpg,CombinedCleaned,image_classification,test,Plastic,Plastic,prepared_datasets/combined_6class_plasticmetal_cleaned/test/Plastic/plastic87.jpg,,prepared_datasets/combined_6class_plasticmetal_cleaned/test/Plastic/plastic87.jpg,,,,,,,,
cleaned_test_Plastic_plastic90.jpg,CombinedCleaned,image_classification,test,Plastic,Plastic,prepared_datasets/combined_6class_plasticmetal_cleaned/test/Plastic/plastic90.jpg,,prepared_datasets/combined_6class_plasticmetal_cleaned/test/Plastic/plastic90.jpg,,,,,,,,
cleaned_test_Plastic_plastic96.jpg,CombinedCleaned,image_classification,test,Plastic,Plastic,prepared_datasets/combined_6class_plasticmetal_cleaned/test/Plastic/plastic96.jpg,,prepared_datasets/combined_6class_plasticmetal_cleaned/test/Plastic/plastic96.jpg,,,,,,,,
cleaned_train_Glass_000001_ann2200.jpg,CombinedCleaned,image_classification,train,Glass,Glass,prepared_datasets/combined_6class_plasticmetal_cleaned/train/Glass/000001_ann2200.jpg,,prepared_datasets/combined_6class_plasticmetal_cleaned/train/Glass/000001_ann2200.jpg,,,,,,,,
cleaned_train_Glass_000001_ann2201.jpg,CombinedCleaned,image_classification,train,Glass,Glass,prepared_datasets/combined_6class_plasticmetal_cleaned/train/Glass/000001_ann2201.jpg,,prepared_datasets/combined_6class_plasticmetal_cleaned/train/Glass/000001_ann2201.jpg,,,,,,,,
cleaned_train_Glass_000004_ann1893.jpg,CombinedCleaned,image_classification,train,Glass,Glass,prepared_datasets/combined_6class_plasticmetal_cleaned/train/Glass/000004_ann1893.jpg,,prepared_datasets/combined_6class_plasticmetal_cleaned/train/Glass/000004_ann1893.jpg,,,,,,,,
cleaned_train_Glass_000006_ann1.jpg,CombinedCleaned,image_classification,train,Glass,Glass,prepared_datasets/combined_6class_plasticmetal_cleaned/train/Glass/000006_ann1.jpg,,prepared_datasets/combined_6class_plasticmetal_cleaned/train/Glass/000006_ann1.jpg,,,,,,,,
cleaned_train_Glass_000011_ann382.jpg,CombinedCleaned,image_classification,train,Glass,Glass,prepared_datasets/combined_6class_plasticmetal_cleaned/train/Glass/000011_ann382.jpg,,prepared_datasets/combined_6class_plasticmetal_cleaned/train/Glass/000011_ann382.jpg,,,,,,,,
cleaned_train_Glass_000011_ann384.jpg,CombinedCleaned,image_classification,train,Glass,Glass,prepared_datasets/combined_6class_plasticmetal_cleaned/train/Glass/000011_ann384.jpg,,prepared_datasets/combined_6class_plasticmetal_cleaned/train/Glass/000011_ann384.jpg,,,,,,,,
cleaned_train_Glass_000011_ann385.jpg,CombinedCleaned,image_classification,train,Glass,Glass,prepared_datasets/combined_6class_plasticmetal_cleaned/train/Glass/000011_ann385.jpg,,prepared_datasets/combined_6class_plasticmetal_cleaned/train/Glass/000011_ann385.jpg,,,,,,,,
cleaned_train_Glass_000015_ann3558.jpg,CombinedCleaned,image_classification,train,Glass,Glass,prepared_datasets/combined_6class_plasticmetal_cleaned/train/Glass/000015_ann3558.jpg,,prepared_datasets/combined_6class_plasticmetal_cleaned/train/Glass/000015_ann3558.jpg,,,,,,,,
cleaned_train_Glass_000017_ann102.jpg,CombinedCleaned,image_classification,train,Glass,Glass,prepared_datasets/combined_6class_plasticmetal_cleaned/train/Glass/000017_ann102.jpg,,prepared_datasets/combined_6class_plasticmetal_cleaned/train/Glass/000017_ann102.jpg,,,,,,,,
cleaned_train_Glass_000018_ann1952.jpg,CombinedCleaned,image_classification,train,Glass,Glass,prepared_datasets/combined_6class_plasticmetal_cleaned/train/Glass/000018_ann1952.jpg,,prepared_datasets/combined_6class_plasticmetal_cleaned/train/Glass/000018_ann1952.jpg,,,,,,,,
cleaned_train_Glass_000021_ann4120.jpg,CombinedCleaned,image_classification,train,Glass,Glass,prepared_datasets/combined_6class_plasticmetal_cleaned/train/Glass/000021_ann4120.jpg,,prepared_datasets/combined_6class_plasticmetal_cleaned/train/Glass/000021_ann4120.jpg,,,,,,,,
cleaned_train_Glass_000021_ann69.jpg,CombinedCleaned,image_classification,train,Glass,Glass,prepared_datasets/combined_6class_plasticmetal_cleaned/train/Glass/000021_ann69.jpg,,prepared_datasets/combined_6class_plasticmetal_cleaned/train/Glass/000021_ann69.jpg,,,,,,,,
cleaned_train_Glass_000022_ann71.jpg,CombinedCleaned,image_classification,train,Glass,Glass,prepared_datasets/combined_6class_plasticmetal_cleaned/train/Glass/000022_ann71.jpg,,prepared_datasets/combined_6class_plasticmetal_cleaned/train/Glass/000022_ann71.jpg,,,,,,,,
cleaned_train_Glass_000024_ann2245.jpg,CombinedCleaned,image_classification,train,Glass,Glass,prepared_datasets/combined_6class_plasticmetal_cleaned/train/Glass/000024_ann2245.jpg,,prepared_datasets/combined_6class_plasticmetal_cleaned/train/Glass/000024_ann2245.jpg,,,,,,,,
cleaned_train_Glass_000024_ann2246.jpg,CombinedCleaned,image_classification,train,Glass,Glass,prepared_datasets/combined_6class_plasticmetal_cleaned/train/Glass/000024_ann2246.jpg,,prepared_datasets/combined_6class_plasticmetal_cleaned/train/Glass/000024_ann2246.jpg,,,,,,,,
cleaned_train_Glass_000027_ann3103.jpg,CombinedCleaned,image_classification,train,Glass,Glass,prepared_datasets/combined_6class_plasticmetal_cleaned/train/Glass/000027_ann3103.jpg,,prepared_datasets/combined_6class_plasticmetal_cleaned/train/Glass/000027_ann3103.jpg,,,,,,,,
cleaned_train_Glass_000034_ann2267.jpg,CombinedCleaned,image_classification,train,Glass,Glass,prepared_datasets/combined_6class_plasticmetal_cleaned/train/Glass/000034_ann2267.jpg,,prepared_datasets/combined_6class_plasticmetal_cleaned/train/Glass/000034_ann2267.jpg,,,,,,,,
cleaned_train_Glass_000035_ann4259.jpg,CombinedCleaned,image_classification,train,Glass,Glass,prepared_datasets/combined_6class_plasticmetal_cleaned/train/Glass/000035_ann4259.jpg,,prepared_datasets/combined_6class_plasticmetal_cleaned/train/Glass/000035_ann4259.jpg,,,,,,,,
cleaned_train_Glass_000036_ann4264.jpg,CombinedCleaned,image_classification,train,Glass,Glass,prepared_datasets/combined_6class_plasticmetal_cleaned/train/Glass/000036_ann4264.jpg,,prepared_datasets/combined_6class_plasticmetal_cleaned/train/Glass/000036_ann4264.jpg,,,,,,,,
cleaned_train_Glass_000037_ann4269.jpg,CombinedCleaned,image_classification,train,Glass,Glass,prepared_datasets/combined_6class_plasticmetal_cleaned/train/Glass/000037_ann4269.jpg,,prepared_datasets/combined_6class_plasticmetal_cleaned/train/Glass/000037_ann4269.jpg,,,,,,,,
cleaned_train_Glass_000038_ann1760.jpg,CombinedCleaned,image_classification,train,Glass,Glass,prepared_datasets/combined_6class_plasticmetal_cleaned/train/Glass/000038_ann1760.jpg,,prepared_datasets/combined_6class_plasticmetal_cleaned/train/Glass/000038_ann1760.jpg,,,,,,,,
cleaned_train_Glass_000038_ann4271.jpg,CombinedCleaned,image_classification,train,Glass,Glass,prepared_datasets/combined_6class_plasticmetal_cleaned/train/Glass/000038_ann4271.jpg,,prepared_datasets/combined_6class_plasticmetal_cleaned/train/Glass/000038_ann4271.jpg,,,,,,,,
cleaned_train_Glass_000038_ann4272.jpg,CombinedCleaned,image_classification,train,Glass,Glass,prepared_datasets/combined_6class_plasticmetal_cleaned/train/Glass/000038_ann4272.jpg,,prepared_datasets/combined_6class_plasticmetal_cleaned/train/Glass/000038_ann4272.jpg,,,,,,,,
cleaned_train_Glass_000039_ann1761.jpg,CombinedCleaned,image_classification,train,Glass,Glass,prepared_datasets/combined_6class_plasticmetal_cleaned/train/Glass/000039_ann1761.jpg,,prepared_datasets/combined_6class_plasticmetal_cleaned/train/Glass/000039_ann1761.jpg,,,,,,,,
cleaned_train_Glass_000039_ann4274.jpg,CombinedCleaned,image_classification,train,Glass,Glass,prepared_datasets/combined_6class_plasticmetal_cleaned/train/Glass/000039_ann4274.jpg,,prepared_datasets/combined_6class_plasticmetal_cleaned/train/Glass/000039_ann4274.jpg,,,,,,,,
cleaned_train_Glass_000067_ann1645.jpg,CombinedCleaned,image_classification,train,Glass,Glass,prepared_datasets/combined_6class_plasticmetal_cleaned/train/Glass/000067_ann1645.jpg,,prepared_datasets/combined_6class_plasticmetal_cleaned/train/Glass/000067_ann1645.jpg,,,,,,,,
cleaned_train_Glass_000068_ann1309.jpg,CombinedCleaned,image_classification,train,Glass,Glass,prepared_datasets/combined_6class_plasticmetal_cleaned/train/Glass/000068_ann1309.jpg,,prepared_datasets/combined_6class_plasticmetal_cleaned/train/Glass/000068_ann1309.jpg,,,,,,,,
cleaned_train_Glass_000073_ann4410.jpg,CombinedCleaned,image_classification,train,Glass,Glass,prepared_datasets/combined_6class_plasticmetal_cleaned/train/Glass/000073_ann4410.jpg,,prepared_datasets/combined_6class_plasticmetal_cleaned/train/Glass/000073_ann4410.jpg,,,,,,,,
cleaned_train_Glass_000074_ann2338.jpg,CombinedCleaned,image_classification,train,Glass,Glass,prepared_datasets/combined_6class_plasticmetal_cleaned/train/Glass/000074_ann2338.jpg,,prepared_datasets/combined_6class_plasticmetal_cleaned/train/Glass/000074_ann2338.jpg,,,,,,,,
cleaned_train_Glass_000076_ann3291.jpg,CombinedCleaned,image_classification,train,Glass,Glass,prepared_datasets/combined_6class_plasticmetal_cleaned/train/Glass/000076_ann3291.jpg,,prepared_datasets/combined_6class_plasticmetal_cleaned/train/Glass/000076_ann3291.jpg,,,,,,,,
cleaned_train_Glass_000076_ann4686.jpg,CombinedCleaned,image_classification,train,Glass,Glass,prepared_datasets/combined_6class_plasticmetal_cleaned/train/Glass/000076_ann4686.jpg,,prepared_datasets/combined_6class_plasticmetal_cleaned/train/Glass/000076_ann4686.jpg,,,,,,,,
cleaned_train_Glass_000081_ann1821.jpg,CombinedCleaned,image_classification,train,Glass,Glass,prepared_datasets/combined_6class_plasticmetal_cleaned/train/Glass/000081_ann1821.jpg,,prepared_datasets/combined_6class_plasticmetal_cleaned/train/Glass/000081_ann1821.jpg,,,,,,,,
cleaned_train_Glass_000081_ann1822.jpg,CombinedCleaned,image_classification,train,Glass,Glass,prepared_datasets/combined_6class_plasticmetal_cleaned/train/Glass/000081_ann1822.jpg,,prepared_datasets/combined_6class_plasticmetal_cleaned/train/Glass/000081_ann1822.jpg,,,,,,,,
cleaned_train_Glass_000081_ann1823.jpg,CombinedCleaned,image_classification,train,Glass,Glass,prepared_datasets/combined_6class_plasticmetal_cleaned/train/Glass/000081_ann1823.jpg,,prepared_datasets/combined_6class_plasticmetal_cleaned/train/Glass/000081_ann1823.jpg,,,,,,,,
cleaned_train_Glass_000084_ann2194.jpg,CombinedCleaned,image_classification,train,Glass,Glass,prepared_datasets/combined_6class_plasticmetal_cleaned/train/Glass/000084_ann2194.jpg,,prepared_datasets/combined_6class_plasticmetal_cleaned/train/Glass/000084_ann2194.jpg,,,,,,,,
cleaned_train_Glass_000084_ann2195.jpg,CombinedCleaned,image_classification,train,Glass,Glass,prepared_datasets/combined_6class_plasticmetal_cleaned/train/Glass/000084_ann2195.jpg,,prepared_datasets/combined_6class_plasticmetal_cleaned/train/Glass/000084_ann2195.jpg,,,,,,,,
cleaned_train_Glass_000091_ann646.jpg,CombinedCleaned,image_classification,train,Glass,Glass,prepared_datasets/combined_6class_plasticmetal_cleaned/train/Glass/000091_ann646.jpg,,prepared_datasets/combined_6class_plasticmetal_cleaned/train/Glass/000091_ann646.jpg,,,,,,,,
cleaned_train_Glass_000094_ann4765.jpg,CombinedCleaned,image_classification,train,Glass,Glass,prepared_datasets/combined_6class_plasticmetal_cleaned/train/Glass/000094_ann4765.jpg,,prepared_datasets/combined_6class_plasticmetal_cleaned/train/Glass/000094_ann4765.jpg,,,,,,,,
cleaned_train_Glass_000096_ann1850.jpg,CombinedCleaned,image_classification,train,Glass,Glass,prepared_datasets/combined_6class_plasticmetal_cleaned/train/Glass/000096_ann1850.jpg,,prepared_datasets/combined_6class_plasticmetal_cleaned/train/Glass/000096_ann1850.jpg,,,,,,,,
cleaned_train_Glass_000096_ann3919.jpg,CombinedCleaned,image_classification,train,Glass,Glass,prepared_datasets/combined_6class_plasticmetal_cleaned/train/Glass/000096_ann3919.jpg,,prepared_datasets/combined_6class_plasticmetal_cleaned/train/Glass/000096_ann3919.jpg,,,,,,,,
cleaned_train_Glass_000101_ann2986.jpg,CombinedCleaned,image_classification,train,Glass,Glass,prepared_datasets/combined_6class_plasticmetal_cleaned/train/Glass/000101_ann2986.jpg,,prepared_datasets/combined_6class_plasticmetal_cleaned/train/Glass/000101_ann2986.jpg,,,,,,,,
cleaned_train_Glass_000119_ann3949.jpg,CombinedCleaned,image_classification,train,Glass,Glass,prepared_datasets/combined_6class_plasticmetal_cleaned/train/Glass/000119_ann3949.jpg,,prepared_datasets/combined_6class_plasticmetal_cleaned/train/Glass/000119_ann3949.jpg,,,,,,,,
cleaned_train_Glass_000120_ann3006.jpg,CombinedCleaned,image_classification,train,Glass,Glass,prepared_datasets/combined_6class_plasticmetal_cleaned/train/Glass/000120_ann3006.jpg,,prepared_datasets/combined_6class_plasticmetal_cleaned/train/Glass/000120_ann3006.jpg,,,,,,,,
cleaned_train_Glass_glass10.jpg,CombinedCleaned,image_classification,train,Glass,Glass,prepared_datasets/combined_6class_plasticmetal_cleaned/train/Glass/glass10.jpg,,prepared_datasets/combined_6class_plasticmetal_cleaned/train/Glass/glass10.jpg,,,,,,,,
cleaned_train_Glass_glass101.jpg,CombinedCleaned,image_classification,train,Glass,Glass,prepared_datasets/combined_6class_plasticmetal_cleaned/train/Glass/glass101.jpg,,prepared_datasets/combined_6class_plasticmetal_cleaned/train/Glass/glass101.jpg,,,,,,,,
cleaned_train_Glass_glass102.jpg,CombinedCleaned,image_classification,train,Glass,Glass,prepared_datasets/combined_6class_plasticmetal_cleaned/train/Glass/glass102.jpg,,prepared_datasets/combined_6class_plasticmetal_cleaned/train/Glass/glass102.jpg,,,,,,,,
cleaned_train_Glass_glass103.jpg,CombinedCleaned,image_classification,train,Glass,Glass,prepared_datasets/combined_6class_plasticmetal_cleaned/train/Glass/glass103.jpg,,prepared_datasets/combined_6class_plasticmetal_cleaned/train/Glass/glass103.jpg,,,,,,,,
cleaned_train_Glass_glass104.jpg,CombinedCleaned,image_classification,train,Glass,Glass,prepared_datasets/combined_6class_plasticmetal_cleaned/train/Glass/glass104.jpg,,prepared_datasets/combined_6class_plasticmetal_cleaned/train/Glass/glass104.jpg,,,,,,,,
cleaned_train_Glass_glass105.jpg,CombinedCleaned,image_classification,train,Glass,Glass,prepared_datasets/combined_6class_plasticmetal_cleaned/train/Glass/glass105.jpg,,prepared_datasets/combined_6class_plasticmetal_cleaned/train/Glass/glass105.jpg,,,,,,,,
cleaned_train_Glass_glass106.jpg,CombinedCleaned,image_classification,train,Glass,Glass,prepared_datasets/combined_6class_plasticmetal_cleaned/train/Glass/glass106.jpg,,prepared_datasets/combined_6class_plasticmetal_cleaned/train/Glass/glass106.jpg,,,,,,,,
cleaned_train_Glass_glass107.jpg,CombinedCleaned,image_classification,train,Glass,Glass,prepared_datasets/combined_6class_plasticmetal_cleaned/train/Glass/glass107.jpg,,prepared_datasets/combined_6class_plasticmetal_cleaned/train/Glass/glass107.jpg,,,,,,,,
cleaned_train_Glass_glass108.jpg,CombinedCleaned,image_classification,train,Glass,Glass,prepared_datasets/combined_6class_plasticmetal_cleaned/train/Glass/glass108.jpg,,prepared_datasets/combined_6class_plasticmetal_cleaned/train/Glass/glass108.jpg,,,,,,,,
cleaned_train_Glass_glass109.jpg,CombinedCleaned,image_classification,train,Glass,Glass,prepared_datasets/combined_6class_plasticmetal_cleaned/train/Glass/glass109.jpg,,prepared_datasets/combined_6class_plasticmetal_cleaned/train/Glass/glass109.jpg,,,,,,,,
cleaned_train_Glass_glass110.jpg,CombinedCleaned,image_classification,train,Glass,Glass,prepared_datasets/combined_6class_plasticmetal_cleaned/train/Glass/glass110.jpg,,prepared_datasets/combined_6class_plasticmetal_cleaned/train/Glass/glass110.jpg,,,,,,,,
cleaned_train_Glass_glass112.jpg,CombinedCleaned,image_classification,train,Glass,Glass,prepared_datasets/combined_6class_plasticmetal_cleaned/train/Glass/glass112.jpg,,prepared_datasets/combined_6class_plasticmetal_cleaned/train/Glass/glass112.jpg,,,,,,,,
cleaned_train_Glass_glass113.jpg,CombinedCleaned,image_classification,train,Glass,Glass,prepared_datasets/combined_6class_plasticmetal_cleaned/train/Glass/glass113.jpg,,prepared_datasets/combined_6class_plasticmetal_cleaned/train/Glass/glass113.jpg,,,,,,,,
cleaned_train_Glass_glass114.jpg,CombinedCleaned,image_classification,train,Glass,Glass,prepared_datasets/combined_6class_plasticmetal_cleaned/train/Glass/glass114.jpg,,prepared_datasets/combined_6class_plasticmetal_cleaned/train/Glass/glass114.jpg,,,,,,,,
cleaned_train_Glass_glass115.jpg,CombinedCleaned,image_classification,train,Glass,Glass,prepared_datasets/combined_6class_plasticmetal_cleaned/train/Glass/glass115.jpg,,prepared_datasets/combined_6class_plasticmetal_cleaned/train/Glass/glass115.jpg,,,,,,,,
cleaned_train_Glass_glass117.jpg,CombinedCleaned,image_classification,train,Glass,Glass,prepared_datasets/combined_6class_plasticmetal_cleaned/train/Glass/glass117.jpg,,prepared_datasets/combined_6class_plasticmetal_cleaned/train/Glass/glass117.jpg,,,,,,,,
cleaned_train_Glass_glass118.jpg,CombinedCleaned,image_classification,train,Glass,Glass,prepared_datasets/combined_6class_plasticmetal_cleaned/train/Glass/glass118.jpg,,prepared_datasets/combined_6class_plasticmetal_cleaned/train/Glass/glass118.jpg,,,,,,,,
cleaned_train_Glass_glass120.jpg,CombinedCleaned,image_classification,train,Glass,Glass,prepared_datasets/combined_6class_plasticmetal_cleaned/train/Glass/glass120.jpg,,prepared_datasets/combined_6class_plasticmetal_cleaned/train/Glass/glass120.jpg,,,,,,,,
cleaned_train_Glass_glass122.jpg,CombinedCleaned,image_classification,train,Glass,Glass,prepared_datasets/combined_6class_plasticmetal_cleaned/train/Glass/glass122.jpg,,prepared_datasets/combined_6class_plasticmetal_cleaned/train/Glass/glass122.jpg,,,,,,,,
cleaned_train_Glass_glass123.jpg,CombinedCleaned,image_classification,train,Glass,Glass,prepared_datasets/combined_6class_plasticmetal_cleaned/train/Glass/glass123.jpg,,prepared_datasets/combined_6class_plasticmetal_cleaned/train/Glass/glass123.jpg,,,,,,,,
cleaned_train_Glass_glass124.jpg,CombinedCleaned,image_classification,train,Glass,Glass,prepared_datasets/combined_6class_plasticmetal_cleaned/train/Glass/glass124.jpg,,prepared_datasets/combined_6class_plasticmetal_cleaned/train/Glass/glass124.jpg,,,,,,,,
cleaned_train_Glass_glass125.jpg,CombinedCleaned,image_classification,train,Glass,Glass,prepared_datasets/combined_6class_plasticmetal_cleaned/train/Glass/glass125.jpg,,prepared_datasets/combined_6class_plasticmetal_cleaned/train/Glass/glass125.jpg,,,,,,,,
cleaned_train_Glass_glass126.jpg,CombinedCleaned,image_classification,train,Glass,Glass,prepared_datasets/combined_6class_plasticmetal_cleaned/train/Glass/glass126.jpg,,prepared_datasets/combined_6class_plasticmetal_cleaned/train/Glass/glass126.jpg,,,,,,,,
cleaned_train_Glass_glass127.jpg,CombinedCleaned,image_classification,train,Glass,Glass,prepared_datasets/combined_6class_plasticmetal_cleaned/train/Glass/glass127.jpg,,prepared_datasets/combined_6class_plasticmetal_cleaned/train/Glass/glass127.jpg,,,,,,,,
cleaned_train_Glass_glass128.jpg,CombinedCleaned,image_classification,train,Glass,Glass,prepared_datasets/combined_6class_plasticmetal_cleaned/train/Glass/glass128.jpg,,prepared_datasets/combined_6class_plasticmetal_cleaned/train/Glass/glass128.jpg,,,,,,,,
cleaned_train_Glass_glass129.jpg,CombinedCleaned,image_classification,train,Glass,Glass,prepared_datasets/combined_6class_plasticmetal_cleaned/train/Glass/glass129.jpg,,prepared_datasets/combined_6class_plasticmetal_cleaned/train/Glass/glass129.jpg,,,,,,,,
cleaned_train_Glass_glass13.jpg,CombinedCleaned,image_classification,train,Glass,Glass,prepared_datasets/combined_6class_plasticmetal_cleaned/train/Glass/glass13.jpg,,prepared_datasets/combined_6class_plasticmetal_cleaned/train/Glass/glass13.jpg,,,,,,,,
cleaned_train_Glass_glass131.jpg,CombinedCleaned,image_classification,train,Glass,Glass,prepared_datasets/combined_6class_plasticmetal_cleaned/train/Glass/glass131.jpg,,prepared_datasets/combined_6class_plasticmetal_cleaned/train/Glass/glass131.jpg,,,,,,,,
cleaned_train_Glass_glass133.jpg,CombinedCleaned,image_classification,train,Glass,Glass,prepared_datasets/combined_6class_plasticmetal_cleaned/train/Glass/glass133.jpg,,prepared_datasets/combined_6class_plasticmetal_cleaned/train/Glass/glass133.jpg,,,,,,,,
cleaned_train_Glass_glass134.jpg,CombinedCleaned,image_classification,train,Glass,Glass,prepared_datasets/combined_6class_plasticmetal_cleaned/train/Glass/glass134.jpg,,prepared_datasets/combined_6class_plasticmetal_cleaned/train/Glass/glass134.jpg,,,,,,,,
cleaned_train_Glass_glass135.jpg,CombinedCleaned,image_classification,train,Glass,Glass,prepared_datasets/combined_6class_plasticmetal_cleaned/train/Glass/glass135.jpg,,prepared_datasets/combined_6class_plasticmetal_cleaned/train/Glass/glass135.jpg,,,,,,,,
cleaned_train_Glass_glass136.jpg,CombinedCleaned,image_classification,train,Glass,Glass,prepared_datasets/combined_6class_plasticmetal_cleaned/train/Glass/glass136.jpg,,prepared_datasets/combined_6class_plasticmetal_cleaned/train/Glass/glass136.jpg,,,,,,,,
cleaned_train_Glass_glass137.jpg,CombinedCleaned,image_classification,train,Glass,Glass,prepared_datasets/combined_6class_plasticmetal_cleaned/train/Glass/glass137.jpg,,prepared_datasets/combined_6class_plasticmetal_cleaned/train/Glass/glass137.jpg,,,,,,,,
cleaned_train_Glass_glass139.jpg,CombinedCleaned,image_classification,train,Glass,Glass,prepared_datasets/combined_6class_plasticmetal_cleaned/train/Glass/glass139.jpg,,prepared_datasets/combined_6class_plasticmetal_cleaned/train/Glass/glass139.jpg,,,,,,,,
cleaned_train_Glass_glass14.jpg,CombinedCleaned,image_classification,train,Glass,Glass,prepared_datasets/combined_6class_plasticmetal_cleaned/train/Glass/glass14.jpg,,prepared_datasets/combined_6class_plasticmetal_cleaned/train/Glass/glass14.jpg,,,,,,,,
cleaned_train_Glass_glass140.jpg,CombinedCleaned,image_classification,train,Glass,Glass,prepared_datasets/combined_6class_plasticmetal_cleaned/train/Glass/glass140.jpg,,prepared_datasets/combined_6class_plasticmetal_cleaned/train/Glass/glass140.jpg,,,,,,,,
cleaned_train_Glass_glass142.jpg,CombinedCleaned,image_classification,train,Glass,Glass,prepared_datasets/combined_6class_plasticmetal_cleaned/train/Glass/glass142.jpg,,prepared_datasets/combined_6class_plasticmetal_cleaned/train/Glass/glass142.jpg,,,,,,,,
cleaned_train_Glass_glass143.jpg,CombinedCleaned,image_classification,train,Glass,Glass,prepared_datasets/combined_6class_plasticmetal_cleaned/train/Glass/glass143.jpg,,prepared_datasets/combined_6class_plasticmetal_cleaned/train/Glass/glass143.jpg,,,,,,,,
cleaned_train_Glass_glass144.jpg,CombinedCleaned,image_classification,train,Glass,Glass,prepared_datasets/combined_6class_plasticmetal_cleaned/train/Glass/glass144.jpg,,prepared_datasets/combined_6class_plasticmetal_cleaned/train/Glass/glass144.jpg,,,,,,,,
cleaned_train_Glass_glass145.jpg,CombinedCleaned,image_classification,train,Glass,Glass,prepared_datasets/combined_6class_plasticmetal_cleaned/train/Glass/glass145.jpg,,prepared_datasets/combined_6class_plasticmetal_cleaned/train/Glass/glass145.jpg,,,,,,,,
cleaned_train_Glass_glass146.jpg,CombinedCleaned,image_classification,train,Glass,Glass,prepared_datasets/combined_6class_plasticmetal_cleaned/train/Glass/glass146.jpg,,prepared_datasets/combined_6class_plasticmetal_cleaned/train/Glass/glass146.jpg,,,,,,,,
cleaned_train_Glass_glass147.jpg,CombinedCleaned,image_classification,train,Glass,Glass,prepared_datasets/combined_6class_plasticmetal_cleaned/train/Glass/glass147.jpg,,prepared_datasets/combined_6class_plasticmetal_cleaned/train/Glass/glass147.jpg,,,,,,,,
cleaned_train_Glass_glass15.jpg,CombinedCleaned,image_classification,train,Glass,Glass,prepared_datasets/combined_6class_plasticmetal_cleaned/train/Glass/glass15.jpg,,prepared_datasets/combined_6class_plasticmetal_cleaned/train/Glass/glass15.jpg,,,,,,,,
cleaned_train_Glass_glass150.jpg,CombinedCleaned,image_classification,train,Glass,Glass,prepared_datasets/combined_6class_plasticmetal_cleaned/train/Glass/glass150.jpg,,prepared_datasets/combined_6class_plasticmetal_cleaned/train/Glass/glass150.jpg,,,,,,,,
cleaned_train_Glass_glass151.jpg,CombinedCleaned,image_classification,train,Glass,Glass,prepared_datasets/combined_6class_plasticmetal_cleaned/train/Glass/glass151.jpg,,prepared_datasets/combined_6class_plasticmetal_cleaned/train/Glass/glass151.jpg,,,,,,,,
cleaned_train_Glass_glass153.jpg,CombinedCleaned,image_classification,train,Glass,Glass,prepared_datasets/combined_6class_plasticmetal_cleaned/train/Glass/glass153.jpg,,prepared_datasets/combined_6class_plasticmetal_cleaned/train/Glass/glass153.jpg,,,,,,,,
cleaned_train_Glass_glass154.jpg,CombinedCleaned,image_classification,train,Glass,Glass,prepared_datasets/combined_6class_plasticmetal_cleaned/train/Glass/glass154.jpg,,prepared_datasets/combined_6class_plasticmetal_cleaned/train/Glass/glass154.jpg,,,,,,,,
cleaned_train_Glass_glass157.jpg,CombinedCleaned,image_classification,train,Glass,Glass,prepared_datasets/combined_6class_plasticmetal_cleaned/train/Glass/glass157.jpg,,prepared_datasets/combined_6class_plasticmetal_cleaned/train/Glass/glass157.jpg,,,,,,,,
cleaned_train_Glass_glass159.jpg,CombinedCleaned,image_classification,train,Glass,Glass,prepared_datasets/combined_6class_plasticmetal_cleaned/train/Glass/glass159.jpg,,prepared_datasets/combined_6class_plasticmetal_cleaned/train/Glass/glass159.jpg,,,,,,,,
cleaned_train_Glass_glass16.jpg,CombinedCleaned,image_classification,train,Glass,Glass,prepared_datasets/combined_6class_plasticmetal_cleaned/train/Glass/glass16.jpg,,prepared_datasets/combined_6class_plasticmetal_cleaned/train/Glass/glass16.jpg,,,,,,,,
cleaned_train_Glass_glass160.jpg,CombinedCleaned,image_classification,train,Glass,Glass,prepared_datasets/combined_6class_plasticmetal_cleaned/train/Glass/glass160.jpg,,prepared_datasets/combined_6class_plasticmetal_cleaned/train/Glass/glass160.jpg,,,,,,,,
cleaned_train_Glass_glass161.jpg,CombinedCleaned,image_classification,train,Glass,Glass,prepared_datasets/combined_6class_plasticmetal_cleaned/train/Glass/glass161.jpg,,prepared_datasets/combined_6class_plasticmetal_cleaned/train/Glass/glass161.jpg,,,,,,,,
cleaned_train_Glass_glass162.jpg,CombinedCleaned,image_classification,train,Glass,Glass,prepared_datasets/combined_6class_plasticmetal_cleaned/train/Glass/glass162.jpg,,prepared_datasets/combined_6class_plasticmetal_cleaned/train/Glass/glass162.jpg,,,,,,,,
cleaned_train_Glass_glass163.jpg,CombinedCleaned,image_classification,train,Glass,Glass,prepared_datasets/combined_6class_plasticmetal_cleaned/train/Glass/glass163.jpg,,prepared_datasets/combined_6class_plasticmetal_cleaned/train/Glass/glass163.jpg,,,,,,,,
cleaned_train_Glass_glass164.jpg,CombinedCleaned,image_classification,train,Glass,Glass,prepared_datasets/combined_6class_plasticmetal_cleaned/train/Glass/glass164.jpg,,prepared_datasets/combined_6class_plasticmetal_cleaned/train/Glass/glass164.jpg,,,,,,,,
cleaned_train_Glass_glass165.jpg,CombinedCleaned,image_classification,train,Glass,Glass,prepared_datasets/combined_6class_plasticmetal_cleaned/train/Glass/glass165.jpg,,prepared_datasets/combined_6class_plasticmetal_cleaned/train/Glass/glass165.jpg,,,,,,,,
cleaned_train_Glass_glass166.jpg,CombinedCleaned,image_classification,train,Glass,Glass,prepared_datasets/combined_6class_plasticmetal_cleaned/train/Glass/glass166.jpg,,prepared_datasets/combined_6class_plasticmetal_cleaned/train/Glass/glass166.jpg,,,,,,,,
cleaned_train_Glass_glass168.jpg,CombinedCleaned,image_classification,train,Glass,Glass,prepared_datasets/combined_6class_plasticmetal_cleaned/train/Glass/glass168.jpg,,prepared_datasets/combined_6class_plasticmetal_cleaned/train/Glass/glass168.jpg,,,,,,,,
cleaned_train_Glass_glass169.jpg,CombinedCleaned,image_classification,train,Glass,Glass,prepared_datasets/combined_6class_plasticmetal_cleaned/train/Glass/glass169.jpg,,prepared_datasets/combined_6class_plasticmetal_cleaned/train/Glass/glass169.jpg,,,,,,,,
cleaned_train_Glass_glass17.jpg,CombinedCleaned,image_classification,train,Glass,Glass,prepared_datasets/combined_6class_plasticmetal_cleaned/train/Glass/glass17.jpg,,prepared_datasets/combined_6class_plasticmetal_cleaned/train/Glass/glass17.jpg,,,,,,,,
cleaned_train_Glass_glass170.jpg,CombinedCleaned,image_classification,train,Glass,Glass,prepared_datasets/combined_6class_plasticmetal_cleaned/train/Glass/glass170.jpg,,prepared_datasets/combined_6class_plasticmetal_cleaned/train/Glass/glass170.jpg,,,,,,,,
cleaned_train_Glass_glass171.jpg,CombinedCleaned,image_classification,train,Glass,Glass,prepared_datasets/combined_6class_plasticmetal_cleaned/train/Glass/glass171.jpg,,prepared_datasets/combined_6class_plasticmetal_cleaned/train/Glass/glass171.jpg,,,,,,,,
cleaned_train_Glass_glass172.jpg,CombinedCleaned,image_classification,train,Glass,Glass,prepared_datasets/combined_6class_plasticmetal_cleaned/train/Glass/glass172.jpg,,prepared_datasets/combined_6class_plasticmetal_cleaned/train/Glass/glass172.jpg,,,,,,,,
cleaned_train_Glass_glass173.jpg,CombinedCleaned,image_classification,train,Glass,Glass,prepared_datasets/combined_6class_plasticmetal_cleaned/train/Glass/glass173.jpg,,prepared_datasets/combined_6class_plasticmetal_cleaned/train/Glass/glass173.jpg,,,,,,,,
cleaned_train_Glass_glass174.jpg,CombinedCleaned,image_classification,train,Glass,Glass,prepared_datasets/combined_6class_plasticmetal_cleaned/train/Glass/glass174.jpg,,prepared_datasets/combined_6class_plasticmetal_cleaned/train/Glass/glass174.jpg,,,,,,,,
cleaned_train_Glass_glass175.jpg,CombinedCleaned,image_classification,train,Glass,Glass,prepared_datasets/combined_6class_plasticmetal_cleaned/train/Glass/glass175.jpg,,prepared_datasets/combined_6class_plasticmetal_cleaned/train/Glass/glass175.jpg,,,,,,,,
cleaned_train_Glass_glass176.jpg,CombinedCleaned,image_classification,train,Glass,Glass,prepared_datasets/combined_6class_plasticmetal_cleaned/train/Glass/glass176.jpg,,prepared_datasets/combined_6class_plasticmetal_cleaned/train/Glass/glass176.jpg,,,,,,,,
cleaned_train_Glass_glass178.jpg,CombinedCleaned,image_classification,train,Glass,Glass,prepared_datasets/combined_6class_plasticmetal_cleaned/train/Glass/glass178.jpg,,prepared_datasets/combined_6class_plasticmetal_cleaned/train/Glass/glass178.jpg,,,,,,,,
cleaned_train_Glass_glass179.jpg,CombinedCleaned,image_classification,train,Glass,Glass,prepared_datasets/combined_6class_plasticmetal_cleaned/train/Glass/glass179.jpg,,prepared_datasets/combined_6class_plasticmetal_cleaned/train/Glass/glass179.jpg,,,,,,,,
cleaned_train_Glass_glass182.jpg,CombinedCleaned,image_classification,train,Glass,Glass,prepared_datasets/combined_6class_plasticmetal_cleaned/train/Glass/glass182.jpg,,prepared_datasets/combined_6class_plasticmetal_cleaned/train/Glass/glass182.jpg,,,,,,,,
cleaned_train_Glass_glass183.jpg,CombinedCleaned,image_classification,train,Glass,Glass,prepared_datasets/combined_6class_plasticmetal_cleaned/train/Glass/glass183.jpg,,prepared_datasets/combined_6class_plasticmetal_cleaned/train/Glass/glass183.jpg,,,,,,,,
cleaned_train_Glass_glass184.jpg,CombinedCleaned,image_classification,train,Glass,Glass,prepared_datasets/combined_6class_plasticmetal_cleaned/train/Glass/glass184.jpg,,prepared_datasets/combined_6class_plasticmetal_cleaned/train/Glass/glass184.jpg,,,,,,,,
cleaned_train_Glass_glass185.jpg,CombinedCleaned,image_classification,train,Glass,Glass,prepared_datasets/combined_6class_plasticmetal_cleaned/train/Glass/glass185.jpg,,prepared_datasets/combined_6class_plasticmetal_cleaned/train/Glass/glass185.jpg,,,,,,,,
cleaned_train_Glass_glass186.jpg,CombinedCleaned,image_classification,train,Glass,Glass,prepared_datasets/combined_6class_plasticmetal_cleaned/train/Glass/glass186.jpg,,prepared_datasets/combined_6class_plasticmetal_cleaned/train/Glass/glass186.jpg,,,,,,,,
cleaned_train_Glass_glass191.jpg,CombinedCleaned,image_classification,train,Glass,Glass,prepared_datasets/combined_6class_plasticmetal_cleaned/train/Glass/glass191.jpg,,prepared_datasets/combined_6class_plasticmetal_cleaned/train/Glass/glass191.jpg,,,,,,,,
cleaned_train_Glass_glass192.jpg,CombinedCleaned,image_classification,train,Glass,Glass,prepared_datasets/combined_6class_plasticmetal_cleaned/train/Glass/glass192.jpg,,prepared_datasets/combined_6class_plasticmetal_cleaned/train/Glass/glass192.jpg,,,,,,,,
cleaned_train_Glass_glass193.jpg,CombinedCleaned,image_classification,train,Glass,Glass,prepared_datasets/combined_6class_plasticmetal_cleaned/train/Glass/glass193.jpg,,prepared_datasets/combined_6class_plasticmetal_cleaned/train/Glass/glass193.jpg,,,,,,,,
cleaned_train_Glass_glass194.jpg,CombinedCleaned,image_classification,train,Glass,Glass,prepared_datasets/combined_6class_plasticmetal_cleaned/train/Glass/glass194.jpg,,prepared_datasets/combined_6class_plasticmetal_cleaned/train/Glass/glass194.jpg,,,,,,,,
cleaned_train_Glass_glass195.jpg,CombinedCleaned,image_classification,train,Glass,Glass,prepared_datasets/combined_6class_plasticmetal_cleaned/train/Glass/glass195.jpg,,prepared_datasets/combined_6class_plasticmetal_cleaned/train/Glass/glass195.jpg,,,,,,,,
cleaned_train_Glass_glass197.jpg,CombinedCleaned,image_classification,train,Glass,Glass,prepared_datasets/combined_6class_plasticmetal_cleaned/train/Glass/glass197.jpg,,prepared_datasets/combined_6class_plasticmetal_cleaned/train/Glass/glass197.jpg,,,,,,,,
cleaned_train_Glass_glass199.jpg,CombinedCleaned,image_classification,train,Glass,Glass,prepared_datasets/combined_6class_plasticmetal_cleaned/train/Glass/glass199.jpg,,prepared_datasets/combined_6class_plasticmetal_cleaned/train/Glass/glass199.jpg,,,,,,,,
cleaned_train_Glass_glass2.jpg,CombinedCleaned,image_classification,train,Glass,Glass,prepared_datasets/combined_6class_plasticmetal_cleaned/train/Glass/glass2.jpg,,prepared_datasets/combined_6class_plasticmetal_cleaned/train/Glass/glass2.jpg,,,,,,,,
cleaned_train_Glass_glass200.jpg,CombinedCleaned,image_classification,train,Glass,Glass,prepared_datasets/combined_6class_plasticmetal_cleaned/train/Glass/glass200.jpg,,prepared_datasets/combined_6class_plasticmetal_cleaned/train/Glass/glass200.jpg,,,,,,,,
cleaned_train_Glass_glass201.jpg,CombinedCleaned,image_classification,train,Glass,Glass,prepared_datasets/combined_6class_plasticmetal_cleaned/train/Glass/glass201.jpg,,prepared_datasets/combined_6class_plasticmetal_cleaned/train/Glass/glass201.jpg,,,,,,,,
cleaned_train_Glass_glass203.jpg,CombinedCleaned,image_classification,train,Glass,Glass,prepared_datasets/combined_6class_plasticmetal_cleaned/train/Glass/glass203.jpg,,prepared_datasets/combined_6class_plasticmetal_cleaned/train/Glass/glass203.jpg,,,,,,,,
cleaned_train_Glass_glass204.jpg,CombinedCleaned,image_classification,train,Glass,Glass,prepared_datasets/combined_6class_plasticmetal_cleaned/train/Glass/glass204.jpg,,prepared_datasets/combined_6class_plasticmetal_cleaned/train/Glass/glass204.jpg,,,,,,,,
cleaned_train_Glass_glass205.jpg,CombinedCleaned,image_classification,train,Glass,Glass,prepared_datasets/combined_6class_plasticmetal_cleaned/train/Glass/glass205.jpg,,prepared_datasets/combined_6class_plasticmetal_cleaned/train/Glass/glass205.jpg,,,,,,,,
cleaned_train_Glass_glass206.jpg,CombinedCleaned,image_classification,train,Glass,Glass,prepared_datasets/combined_6class_plasticmetal_cleaned/train/Glass/glass206.jpg,,prepared_datasets/combined_6class_plasticmetal_cleaned/train/Glass/glass206.jpg,,,,,,,,
cleaned_train_Glass_glass208.jpg,CombinedCleaned,image_classification,train,Glass,Glass,prepared_datasets/combined_6class_plasticmetal_cleaned/train/Glass/glass208.jpg,,prepared_datasets/combined_6class_plasticmetal_cleaned/train/Glass/glass208.jpg,,,,,,,,
cleaned_train_Glass_glass209.jpg,CombinedCleaned,image_classification,train,Glass,Glass,prepared_datasets/combined_6class_plasticmetal_cleaned/train/Glass/glass209.jpg,,prepared_datasets/combined_6class_plasticmetal_cleaned/train/Glass/glass209.jpg,,,,,,,,
cleaned_train_Glass_glass21.jpg,CombinedCleaned,image_classification,train,Glass,Glass,prepared_datasets/combined_6class_plasticmetal_cleaned/train/Glass/glass21.jpg,,prepared_datasets/combined_6class_plasticmetal_cleaned/train/Glass/glass21.jpg,,,,,,,,
cleaned_train_Glass_glass212.jpg,CombinedCleaned,image_classification,train,Glass,Glass,prepared_datasets/combined_6class_plasticmetal_cleaned/train/Glass/glass212.jpg,,prepared_datasets/combined_6class_plasticmetal_cleaned/train/Glass/glass212.jpg,,,,,,,,
cleaned_train_Glass_glass214.jpg,CombinedCleaned,image_classification,train,Glass,Glass,prepared_datasets/combined_6class_plasticmetal_cleaned/train/Glass/glass214.jpg,,prepared_datasets/combined_6class_plasticmetal_cleaned/train/Glass/glass214.jpg,,,,,,,,
cleaned_train_Glass_glass215.jpg,CombinedCleaned,image_classification,train,Glass,Glass,prepared_datasets/combined_6class_plasticmetal_cleaned/train/Glass/glass215.jpg,,prepared_datasets/combined_6class_plasticmetal_cleaned/train/Glass/glass215.jpg,,,,,,,,
cleaned_train_Glass_glass217.jpg,CombinedCleaned,image_classification,train,Glass,Glass,prepared_datasets/combined_6class_plasticmetal_cleaned/train/Glass/glass217.jpg,,prepared_datasets/combined_6class_plasticmetal_cleaned/train/Glass/glass217.jpg,,,,,,,,
cleaned_train_Glass_glass218.jpg,CombinedCleaned,image_classification,train,Glass,Glass,prepared_datasets/combined_6class_plasticmetal_cleaned/train/Glass/glass218.jpg,,prepared_datasets/combined_6class_plasticmetal_cleaned/train/Glass/glass218.jpg,,,,,,,,
cleaned_train_Glass_glass22.jpg,CombinedCleaned,image_classification,train,Glass,Glass,prepared_datasets/combined_6class_plasticmetal_cleaned/train/Glass/glass22.jpg,,prepared_datasets/combined_6class_plasticmetal_cleaned/train/Glass/glass22.jpg,,,,,,,,
cleaned_train_Glass_glass221.jpg,CombinedCleaned,image_classification,train,Glass,Glass,prepared_datasets/combined_6class_plasticmetal_cleaned/train/Glass/glass221.jpg,,prepared_datasets/combined_6class_plasticmetal_cleaned/train/Glass/glass221.jpg,,,,,,,,
cleaned_train_Glass_glass222.jpg,CombinedCleaned,image_classification,train,Glass,Glass,prepared_datasets/combined_6class_plasticmetal_cleaned/train/Glass/glass222.jpg,,prepared_datasets/combined_6class_plasticmetal_cleaned/train/Glass/glass222.jpg,,,,,,,,
cleaned_train_Glass_glass223.jpg,CombinedCleaned,image_classification,train,Glass,Glass,prepared_datasets/combined_6class_plasticmetal_cleaned/train/Glass/glass223.jpg,,prepared_datasets/combined_6class_plasticmetal_cleaned/train/Glass/glass223.jpg,,,,,,,,
cleaned_train_Glass_glass224.jpg,CombinedCleaned,image_classification,train,Glass,Glass,prepared_datasets/combined_6class_plasticmetal_cleaned/train/Glass/glass224.jpg,,prepared_datasets/combined_6class_plasticmetal_cleaned/train/Glass/glass224.jpg,,,,,,,,
cleaned_train_Glass_glass225.jpg,CombinedCleaned,image_classification,train,Glass,Glass,prepared_datasets/combined_6class_plasticmetal_cleaned/train/Glass/glass225.jpg,,prepared_datasets/combined_6class_plasticmetal_cleaned/train/Glass/glass225.jpg,,,,,,,,
cleaned_train_Glass_glass226.jpg,CombinedCleaned,image_classification,train,Glass,Glass,prepared_datasets/combined_6class_plasticmetal_cleaned/train/Glass/glass226.jpg,,prepared_datasets/combined_6class_plasticmetal_cleaned/train/Glass/glass226.jpg,,,,,,,,
cleaned_train_Glass_glass228.jpg,CombinedCleaned,image_classification,train,Glass,Glass,prepared_datasets/combined_6class_plasticmetal_cleaned/train/Glass/glass228.jpg,,prepared_datasets/combined_6class_plasticmetal_cleaned/train/Glass/glass228.jpg,,,,,,,,
cleaned_train_Glass_glass229.jpg,CombinedCleaned,image_classification,train,Glass,Glass,prepared_datasets/combined_6class_plasticmetal_cleaned/train/Glass/glass229.jpg,,prepared_datasets/combined_6class_plasticmetal_cleaned/train/Glass/glass229.jpg,,,,,,,,
cleaned_train_Glass_glass231.jpg,CombinedCleaned,image_classification,train,Glass,Glass,prepared_datasets/combined_6class_plasticmetal_cleaned/train/Glass/glass231.jpg,,prepared_datasets/combined_6class_plasticmetal_cleaned/train/Glass/glass231.jpg,,,,,,,,
cleaned_train_Glass_glass232.jpg,CombinedCleaned,image_classification,train,Glass,Glass,prepared_datasets/combined_6class_plasticmetal_cleaned/train/Glass/glass232.jpg,,prepared_datasets/combined_6class_plasticmetal_cleaned/train/Glass/glass232.jpg,,,,,,,,
cleaned_train_Glass_glass233.jpg,CombinedCleaned,image_classification,train,Glass,Glass,prepared_datasets/combined_6class_plasticmetal_cleaned/train/Glass/glass233.jpg,,prepared_datasets/combined_6class_plasticmetal_cleaned/train/Glass/glass233.jpg,,,,,,,,
cleaned_train_Glass_glass234.jpg,CombinedCleaned,image_classification,train,Glass,Glass,prepared_datasets/combined_6class_plasticmetal_cleaned/train/Glass/glass234.jpg,,prepared_datasets/combined_6class_plasticmetal_cleaned/train/Glass/glass234.jpg,,,,,,,,
cleaned_train_Glass_glass236.jpg,CombinedCleaned,image_classification,train,Glass,Glass,prepared_datasets/combined_6class_plasticmetal_cleaned/train/Glass/glass236.jpg,,prepared_datasets/combined_6class_plasticmetal_cleaned/train/Glass/glass236.jpg,,,,,,,,
cleaned_train_Glass_glass24.jpg,CombinedCleaned,image_classification,train,Glass,Glass,prepared_datasets/combined_6class_plasticmetal_cleaned/train/Glass/glass24.jpg,,prepared_datasets/combined_6class_plasticmetal_cleaned/train/Glass/glass24.jpg,,,,,,,,
cleaned_train_Glass_glass240.jpg,CombinedCleaned,image_classification,train,Glass,Glass,prepared_datasets/combined_6class_plasticmetal_cleaned/train/Glass/glass240.jpg,,prepared_datasets/combined_6class_plasticmetal_cleaned/train/Glass/glass240.jpg,,,,,,,,
cleaned_train_Glass_glass242.jpg,CombinedCleaned,image_classification,train,Glass,Glass,prepared_datasets/combined_6class_plasticmetal_cleaned/train/Glass/glass242.jpg,,prepared_datasets/combined_6class_plasticmetal_cleaned/train/Glass/glass242.jpg,,,,,,,,
cleaned_train_Glass_glass244.jpg,CombinedCleaned,image_classification,train,Glass,Glass,prepared_datasets/combined_6class_plasticmetal_cleaned/train/Glass/glass244.jpg,,prepared_datasets/combined_6class_plasticmetal_cleaned/train/Glass/glass244.jpg,,,,,,,,
cleaned_train_Glass_glass245.jpg,CombinedCleaned,image_classification,train,Glass,Glass,prepared_datasets/combined_6class_plasticmetal_cleaned/train/Glass/glass245.jpg,,prepared_datasets/combined_6class_plasticmetal_cleaned/train/Glass/glass245.jpg,,,,,,,,
cleaned_train_Glass_glass246.jpg,CombinedCleaned,image_classification,train,Glass,Glass,prepared_datasets/combined_6class_plasticmetal_cleaned/train/Glass/glass246.jpg,,prepared_datasets/combined_6class_plasticmetal_cleaned/train/Glass/glass246.jpg,,,,,,,,
cleaned_train_Glass_glass248.jpg,CombinedCleaned,image_classification,train,Glass,Glass,prepared_datasets/combined_6class_plasticmetal_cleaned/train/Glass/glass248.jpg,,prepared_datasets/combined_6class_plasticmetal_cleaned/train/Glass/glass248.jpg,,,,,,,,
cleaned_train_Glass_glass249.jpg,CombinedCleaned,image_classification,train,Glass,Glass,prepared_datasets/combined_6class_plasticmetal_cleaned/train/Glass/glass249.jpg,,prepared_datasets/combined_6class_plasticmetal_cleaned/train/Glass/glass249.jpg,,,,,,,,
cleaned_train_Glass_glass250.jpg,CombinedCleaned,image_classification,train,Glass,Glass,prepared_datasets/combined_6class_plasticmetal_cleaned/train/Glass/glass250.jpg,,prepared_datasets/combined_6class_plasticmetal_cleaned/train/Glass/glass250.jpg,,,,,,,,
cleaned_train_Glass_glass252.jpg,CombinedCleaned,image_classification,train,Glass,Glass,prepared_datasets/combined_6class_plasticmetal_cleaned/train/Glass/glass252.jpg,,prepared_datasets/combined_6class_plasticmetal_cleaned/train/Glass/glass252.jpg,,,,,,,,
cleaned_train_Glass_glass254.jpg,CombinedCleaned,image_classification,train,Glass,Glass,prepared_datasets/combined_6class_plasticmetal_cleaned/train/Glass/glass254.jpg,,prepared_datasets/combined_6class_plasticmetal_cleaned/train/Glass/glass254.jpg,,,,,,,,
cleaned_train_Glass_glass255.jpg,CombinedCleaned,image_classification,train,Glass,Glass,prepared_datasets/combined_6class_plasticmetal_cleaned/train/Glass/glass255.jpg,,prepared_datasets/combined_6class_plasticmetal_cleaned/train/Glass/glass255.jpg,,,,,,,,
cleaned_train_Glass_glass256.jpg,CombinedCleaned,image_classification,train,Glass,Glass,prepared_datasets/combined_6class_plasticmetal_cleaned/train/Glass/glass256.jpg,,prepared_datasets/combined_6class_plasticmetal_cleaned/train/Glass/glass256.jpg,,,,,,,,
cleaned_train_Glass_glass257.jpg,CombinedCleaned,image_classification,train,Glass,Glass,prepared_datasets/combined_6class_plasticmetal_cleaned/train/Glass/glass257.jpg,,prepared_datasets/combined_6class_plasticmetal_cleaned/train/Glass/glass257.jpg,,,,,,,,
cleaned_train_Glass_glass259.jpg,CombinedCleaned,image_classification,train,Glass,Glass,prepared_datasets/combined_6class_plasticmetal_cleaned/train/Glass/glass259.jpg,,prepared_datasets/combined_6class_plasticmetal_cleaned/train/Glass/glass259.jpg,,,,,,,,
cleaned_train_Glass_glass26.jpg,CombinedCleaned,image_classification,train,Glass,Glass,prepared_datasets/combined_6class_plasticmetal_cleaned/train/Glass/glass26.jpg,,prepared_datasets/combined_6class_plasticmetal_cleaned/train/Glass/glass26.jpg,,,,,,,,
cleaned_train_Glass_glass261.jpg,CombinedCleaned,image_classification,train,Glass,Glass,prepared_datasets/combined_6class_plasticmetal_cleaned/train/Glass/glass261.jpg,,prepared_datasets/combined_6class_plasticmetal_cleaned/train/Glass/glass261.jpg,,,,,,,,
cleaned_train_Glass_glass262.jpg,CombinedCleaned,image_classification,train,Glass,Glass,prepared_datasets/combined_6class_plasticmetal_cleaned/train/Glass/glass262.jpg,,prepared_datasets/combined_6class_plasticmetal_cleaned/train/Glass/glass262.jpg,,,,,,,,
cleaned_train_Glass_glass263.jpg,CombinedCleaned,image_classification,train,Glass,Glass,prepared_datasets/combined_6class_plasticmetal_cleaned/train/Glass/glass263.jpg,,prepared_datasets/combined_6class_plasticmetal_cleaned/train/Glass/glass263.jpg,,,,,,,,
cleaned_train_Glass_glass264.jpg,CombinedCleaned,image_classification,train,Glass,Glass,prepared_datasets/combined_6class_plasticmetal_cleaned/train/Glass/glass264.jpg,,prepared_datasets/combined_6class_plasticmetal_cleaned/train/Glass/glass264.jpg,,,,,,,,
cleaned_train_Glass_glass265.jpg,CombinedCleaned,image_classification,train,Glass,Glass,prepared_datasets/combined_6class_plasticmetal_cleaned/train/Glass/glass265.jpg,,prepared_datasets/combined_6class_plasticmetal_cleaned/train/Glass/glass265.jpg,,,,,,,,
cleaned_train_Glass_glass266.jpg,CombinedCleaned,image_classification,train,Glass,Glass,prepared_datasets/combined_6class_plasticmetal_cleaned/train/Glass/glass266.jpg,,prepared_datasets/combined_6class_plasticmetal_cleaned/train/Glass/glass266.jpg,,,,,,,,
cleaned_train_Glass_glass268.jpg,CombinedCleaned,image_classification,train,Glass,Glass,prepared_datasets/combined_6class_plasticmetal_cleaned/train/Glass/glass268.jpg,,prepared_datasets/combined_6class_plasticmetal_cleaned/train/Glass/glass268.jpg,,,,,,,,
cleaned_train_Glass_glass269.jpg,CombinedCleaned,image_classification,train,Glass,Glass,prepared_datasets/combined_6class_plasticmetal_cleaned/train/Glass/glass269.jpg,,prepared_datasets/combined_6class_plasticmetal_cleaned/train/Glass/glass269.jpg,,,,,,,,
cleaned_train_Glass_glass27.jpg,CombinedCleaned,image_classification,train,Glass,Glass,prepared_datasets/combined_6class_plasticmetal_cleaned/train/Glass/glass27.jpg,,prepared_datasets/combined_6class_plasticmetal_cleaned/train/Glass/glass27.jpg,,,,,,,,
cleaned_train_Glass_glass270.jpg,CombinedCleaned,image_classification,train,Glass,Glass,prepared_datasets/combined_6class_plasticmetal_cleaned/train/Glass/glass270.jpg,,prepared_datasets/combined_6class_plasticmetal_cleaned/train/Glass/glass270.jpg,,,,,,,,
cleaned_train_Glass_glass271.jpg,CombinedCleaned,image_classification,train,Glass,Glass,prepared_datasets/combined_6class_plasticmetal_cleaned/train/Glass/glass271.jpg,,prepared_datasets/combined_6class_plasticmetal_cleaned/train/Glass/glass271.jpg,,,,,,,,
cleaned_train_Glass_glass272.jpg,CombinedCleaned,image_classification,train,Glass,Glass,prepared_datasets/combined_6class_plasticmetal_cleaned/train/Glass/glass272.jpg,,prepared_datasets/combined_6class_plasticmetal_cleaned/train/Glass/glass272.jpg,,,,,,,,
cleaned_train_Glass_glass273.jpg,CombinedCleaned,image_classification,train,Glass,Glass,prepared_datasets/combined_6class_plasticmetal_cleaned/train/Glass/glass273.jpg,,prepared_datasets/combined_6class_plasticmetal_cleaned/train/Glass/glass273.jpg,,,,,,,,
cleaned_train_Glass_glass275.jpg,CombinedCleaned,image_classification,train,Glass,Glass,prepared_datasets/combined_6class_plasticmetal_cleaned/train/Glass/glass275.jpg,,prepared_datasets/combined_6class_plasticmetal_cleaned/train/Glass/glass275.jpg,,,,,,,,
cleaned_train_Glass_glass278.jpg,CombinedCleaned,image_classification,train,Glass,Glass,prepared_datasets/combined_6class_plasticmetal_cleaned/train/Glass/glass278.jpg,,prepared_datasets/combined_6class_plasticmetal_cleaned/train/Glass/glass278.jpg,,,,,,,,
cleaned_train_Glass_glass279.jpg,CombinedCleaned,image_classification,train,Glass,Glass,prepared_datasets/combined_6class_plasticmetal_cleaned/train/Glass/glass279.jpg,,prepared_datasets/combined_6class_plasticmetal_cleaned/train/Glass/glass279.jpg,,,,,,,,
cleaned_train_Glass_glass28.jpg,CombinedCleaned,image_classification,train,Glass,Glass,prepared_datasets/combined_6class_plasticmetal_cleaned/train/Glass/glass28.jpg,,prepared_datasets/combined_6class_plasticmetal_cleaned/train/Glass/glass28.jpg,,,,,,,,
cleaned_train_Glass_glass280.jpg,CombinedCleaned,image_classification,train,Glass,Glass,prepared_datasets/combined_6class_plasticmetal_cleaned/train/Glass/glass280.jpg,,prepared_datasets/combined_6class_plasticmetal_cleaned/train/Glass/glass280.jpg,,,,,,,,
cleaned_train_Glass_glass281.jpg,CombinedCleaned,image_classification,train,Glass,Glass,prepared_datasets/combined_6class_plasticmetal_cleaned/train/Glass/glass281.jpg,,prepared_datasets/combined_6class_plasticmetal_cleaned/train/Glass/glass281.jpg,,,,,,,,
cleaned_train_Glass_glass282.jpg,CombinedCleaned,image_classification,train,Glass,Glass,prepared_datasets/combined_6class_plasticmetal_cleaned/train/Glass/glass282.jpg,,prepared_datasets/combined_6class_plasticmetal_cleaned/train/Glass/glass282.jpg,,,,,,,,
cleaned_train_Glass_glass284.jpg,CombinedCleaned,image_classification,train,Glass,Glass,prepared_datasets/combined_6class_plasticmetal_cleaned/train/Glass/glass284.jpg,,prepared_datasets/combined_6class_plasticmetal_cleaned/train/Glass/glass284.jpg,,,,,,,,
cleaned_train_Glass_glass287.jpg,CombinedCleaned,image_classification,train,Glass,Glass,prepared_datasets/combined_6class_plasticmetal_cleaned/train/Glass/glass287.jpg,,prepared_datasets/combined_6class_plasticmetal_cleaned/train/Glass/glass287.jpg,,,,,,,,
cleaned_train_Glass_glass289.jpg,CombinedCleaned,image_classification,train,Glass,Glass,prepared_datasets/combined_6class_plasticmetal_cleaned/train/Glass/glass289.jpg,,prepared_datasets/combined_6class_plasticmetal_cleaned/train/Glass/glass289.jpg,,,,,,,,
cleaned_train_Glass_glass29.jpg,CombinedCleaned,image_classification,train,Glass,Glass,prepared_datasets/combined_6class_plasticmetal_cleaned/train/Glass/glass29.jpg,,prepared_datasets/combined_6class_plasticmetal_cleaned/train/Glass/glass29.jpg,,,,,,,,
cleaned_train_Glass_glass291.jpg,CombinedCleaned,image_classification,train,Glass,Glass,prepared_datasets/combined_6class_plasticmetal_cleaned/train/Glass/glass291.jpg,,prepared_datasets/combined_6class_plasticmetal_cleaned/train/Glass/glass291.jpg,,,,,,,,
cleaned_train_Glass_glass292.jpg,CombinedCleaned,image_classification,train,Glass,Glass,prepared_datasets/combined_6class_plasticmetal_cleaned/train/Glass/glass292.jpg,,prepared_datasets/combined_6class_plasticmetal_cleaned/train/Glass/glass292.jpg,,,,,,,,
cleaned_train_Glass_glass294.jpg,CombinedCleaned,image_classification,train,Glass,Glass,prepared_datasets/combined_6class_plasticmetal_cleaned/train/Glass/glass294.jpg,,prepared_datasets/combined_6class_plasticmetal_cleaned/train/Glass/glass294.jpg,,,,,,,,
cleaned_train_Glass_glass296.jpg,CombinedCleaned,image_classification,train,Glass,Glass,prepared_datasets/combined_6class_plasticmetal_cleaned/train/Glass/glass296.jpg,,prepared_datasets/combined_6class_plasticmetal_cleaned/train/Glass/glass296.jpg,,,,,,,,
cleaned_train_Glass_glass297.jpg,CombinedCleaned,image_classification,train,Glass,Glass,prepared_datasets/combined_6class_plasticmetal_cleaned/train/Glass/glass297.jpg,,prepared_datasets/combined_6class_plasticmetal_cleaned/train/Glass/glass297.jpg,,,,,,,,
cleaned_train_Glass_glass299.jpg,CombinedCleaned,image_classification,train,Glass,Glass,prepared_datasets/combined_6class_plasticmetal_cleaned/train/Glass/glass299.jpg,,prepared_datasets/combined_6class_plasticmetal_cleaned/train/Glass/glass299.jpg,,,,,,,,
cleaned_train_Glass_glass300.jpg,CombinedCleaned,image_classification,train,Glass,Glass,prepared_datasets/combined_6class_plasticmetal_cleaned/train/Glass/glass300.jpg,,prepared_datasets/combined_6class_plasticmetal_cleaned/train/Glass/glass300.jpg,,,,,,,,
cleaned_train_Glass_glass301.jpg,CombinedCleaned,image_classification,train,Glass,Glass,prepared_datasets/combined_6class_plasticmetal_cleaned/train/Glass/glass301.jpg,,prepared_datasets/combined_6class_plasticmetal_cleaned/train/Glass/glass301.jpg,,,,,,,,
cleaned_train_Glass_glass303.jpg,CombinedCleaned,image_classification,train,Glass,Glass,prepared_datasets/combined_6class_plasticmetal_cleaned/train/Glass/glass303.jpg,,prepared_datasets/combined_6class_plasticmetal_cleaned/train/Glass/glass303.jpg,,,,,,,,
cleaned_train_Glass_glass304.jpg,CombinedCleaned,image_classification,train,Glass,Glass,prepared_datasets/combined_6class_plasticmetal_cleaned/train/Glass/glass304.jpg,,prepared_datasets/combined_6class_plasticmetal_cleaned/train/Glass/glass304.jpg,,,,,,,,
cleaned_train_Glass_glass305.jpg,CombinedCleaned,image_classification,train,Glass,Glass,prepared_datasets/combined_6class_plasticmetal_cleaned/train/Glass/glass305.jpg,,prepared_datasets/combined_6class_plasticmetal_cleaned/train/Glass/glass305.jpg,,,,,,,,
cleaned_train_Glass_glass306.jpg,CombinedCleaned,image_classification,train,Glass,Glass,prepared_datasets/combined_6class_plasticmetal_cleaned/train/Glass/glass306.jpg,,prepared_datasets/combined_6class_plasticmetal_cleaned/train/Glass/glass306.jpg,,,,,,,,
cleaned_train_Glass_glass307.jpg,CombinedCleaned,image_classification,train,Glass,Glass,prepared_datasets/combined_6class_plasticmetal_cleaned/train/Glass/glass307.jpg,,prepared_datasets/combined_6class_plasticmetal_cleaned/train/Glass/glass307.jpg,,,,,,,,
cleaned_train_Glass_glass308.jpg,CombinedCleaned,image_classification,train,Glass,Glass,prepared_datasets/combined_6class_plasticmetal_cleaned/train/Glass/glass308.jpg,,prepared_datasets/combined_6class_plasticmetal_cleaned/train/Glass/glass308.jpg,,,,,,,,
cleaned_train_Glass_glass31.jpg,CombinedCleaned,image_classification,train,Glass,Glass,prepared_datasets/combined_6class_plasticmetal_cleaned/train/Glass/glass31.jpg,,prepared_datasets/combined_6class_plasticmetal_cleaned/train/Glass/glass31.jpg,,,,,,,,
cleaned_train_Glass_glass310.jpg,CombinedCleaned,image_classification,train,Glass,Glass,prepared_datasets/combined_6class_plasticmetal_cleaned/train/Glass/glass310.jpg,,prepared_datasets/combined_6class_plasticmetal_cleaned/train/Glass/glass310.jpg,,,,,,,,
cleaned_train_Glass_glass311.jpg,CombinedCleaned,image_classification,train,Glass,Glass,prepared_datasets/combined_6class_plasticmetal_cleaned/train/Glass/glass311.jpg,,prepared_datasets/combined_6class_plasticmetal_cleaned/train/Glass/glass311.jpg,,,,,,,,
cleaned_train_Glass_glass314.jpg,CombinedCleaned,image_classification,train,Glass,Glass,prepared_datasets/combined_6class_plasticmetal_cleaned/train/Glass/glass314.jpg,,prepared_datasets/combined_6class_plasticmetal_cleaned/train/Glass/glass314.jpg,,,,,,,,
cleaned_train_Glass_glass315.jpg,CombinedCleaned,image_classification,train,Glass,Glass,prepared_datasets/combined_6class_plasticmetal_cleaned/train/Glass/glass315.jpg,,prepared_datasets/combined_6class_plasticmetal_cleaned/train/Glass/glass315.jpg,,,,,,,,
cleaned_train_Glass_glass316.jpg,CombinedCleaned,image_classification,train,Glass,Glass,prepared_datasets/combined_6class_plasticmetal_cleaned/train/Glass/glass316.jpg,,prepared_datasets/combined_6class_plasticmetal_cleaned/train/Glass/glass316.jpg,,,,,,,,
cleaned_train_Glass_glass319.jpg,CombinedCleaned,image_classification,train,Glass,Glass,prepared_datasets/combined_6class_plasticmetal_cleaned/train/Glass/glass319.jpg,,prepared_datasets/combined_6class_plasticmetal_cleaned/train/Glass/glass319.jpg,,,,,,,,
cleaned_train_Glass_glass32.jpg,CombinedCleaned,image_classification,train,Glass,Glass,prepared_datasets/combined_6class_plasticmetal_cleaned/train/Glass/glass32.jpg,,prepared_datasets/combined_6class_plasticmetal_cleaned/train/Glass/glass32.jpg,,,,,,,,
cleaned_train_Glass_glass320.jpg,CombinedCleaned,image_classification,train,Glass,Glass,prepared_datasets/combined_6class_plasticmetal_cleaned/train/Glass/glass320.jpg,,prepared_datasets/combined_6class_plasticmetal_cleaned/train/Glass/glass320.jpg,,,,,,,,
cleaned_train_Glass_glass321.jpg,CombinedCleaned,image_classification,train,Glass,Glass,prepared_datasets/combined_6class_plasticmetal_cleaned/train/Glass/glass321.jpg,,prepared_datasets/combined_6class_plasticmetal_cleaned/train/Glass/glass321.jpg,,,,,,,,
cleaned_train_Glass_glass322.jpg,CombinedCleaned,image_classification,train,Glass,Glass,prepared_datasets/combined_6class_plasticmetal_cleaned/train/Glass/glass322.jpg,,prepared_datasets/combined_6class_plasticmetal_cleaned/train/Glass/glass322.jpg,,,,,,,,
cleaned_train_Glass_glass323.jpg,CombinedCleaned,image_classification,train,Glass,Glass,prepared_datasets/combined_6class_plasticmetal_cleaned/train/Glass/glass323.jpg,,prepared_datasets/combined_6class_plasticmetal_cleaned/train/Glass/glass323.jpg,,,,,,,,
cleaned_train_Glass_glass324.jpg,CombinedCleaned,image_classification,train,Glass,Glass,prepared_datasets/combined_6class_plasticmetal_cleaned/train/Glass/glass324.jpg,,prepared_datasets/combined_6class_plasticmetal_cleaned/train/Glass/glass324.jpg,,,,,,,,
cleaned_train_Glass_glass325.jpg,CombinedCleaned,image_classification,train,Glass,Glass,prepared_datasets/combined_6class_plasticmetal_cleaned/train/Glass/glass325.jpg,,prepared_datasets/combined_6class_plasticmetal_cleaned/train/Glass/glass325.jpg,,,,,,,,
cleaned_train_Glass_glass326.jpg,CombinedCleaned,image_classification,train,Glass,Glass,prepared_datasets/combined_6class_plasticmetal_cleaned/train/Glass/glass326.jpg,,prepared_datasets/combined_6class_plasticmetal_cleaned/train/Glass/glass326.jpg,,,,,,,,
cleaned_train_Glass_glass328.jpg,CombinedCleaned,image_classification,train,Glass,Glass,prepared_datasets/combined_6class_plasticmetal_cleaned/train/Glass/glass328.jpg,,prepared_datasets/combined_6class_plasticmetal_cleaned/train/Glass/glass328.jpg,,,,,,,,
cleaned_train_Glass_glass329.jpg,CombinedCleaned,image_classification,train,Glass,Glass,prepared_datasets/combined_6class_plasticmetal_cleaned/train/Glass/glass329.jpg,,prepared_datasets/combined_6class_plasticmetal_cleaned/train/Glass/glass329.jpg,,,,,,,,
cleaned_train_Glass_glass33.jpg,CombinedCleaned,image_classification,train,Glass,Glass,prepared_datasets/combined_6class_plasticmetal_cleaned/train/Glass/glass33.jpg,,prepared_datasets/combined_6class_plasticmetal_cleaned/train/Glass/glass33.jpg,,,,,,,,
cleaned_train_Glass_glass330.jpg,CombinedCleaned,image_classification,train,Glass,Glass,prepared_datasets/combined_6class_plasticmetal_cleaned/train/Glass/glass330.jpg,,prepared_datasets/combined_6class_plasticmetal_cleaned/train/Glass/glass330.jpg,,,,,,,,
cleaned_train_Glass_glass331.jpg,CombinedCleaned,image_classification,train,Glass,Glass,prepared_datasets/combined_6class_plasticmetal_cleaned/train/Glass/glass331.jpg,,prepared_datasets/combined_6class_plasticmetal_cleaned/train/Glass/glass331.jpg,,,,,,,,
cleaned_train_Glass_glass335.jpg,CombinedCleaned,image_classification,train,Glass,Glass,prepared_datasets/combined_6class_plasticmetal_cleaned/train/Glass/glass335.jpg,,prepared_datasets/combined_6class_plasticmetal_cleaned/train/Glass/glass335.jpg,,,,,,,,
cleaned_train_Glass_glass337.jpg,CombinedCleaned,image_classification,train,Glass,Glass,prepared_datasets/combined_6class_plasticmetal_cleaned/train/Glass/glass337.jpg,,prepared_datasets/combined_6class_plasticmetal_cleaned/train/Glass/glass337.jpg,,,,,,,,
cleaned_train_Glass_glass34.jpg,CombinedCleaned,image_classification,train,Glass,Glass,prepared_datasets/combined_6class_plasticmetal_cleaned/train/Glass/glass34.jpg,,prepared_datasets/combined_6class_plasticmetal_cleaned/train/Glass/glass34.jpg,,,,,,,,
cleaned_train_Glass_glass340.jpg,CombinedCleaned,image_classification,train,Glass,Glass,prepared_datasets/combined_6class_plasticmetal_cleaned/train/Glass/glass340.jpg,,prepared_datasets/combined_6class_plasticmetal_cleaned/train/Glass/glass340.jpg,,,,,,,,
cleaned_train_Glass_glass341.jpg,CombinedCleaned,image_classification,train,Glass,Glass,prepared_datasets/combined_6class_plasticmetal_cleaned/train/Glass/glass341.jpg,,prepared_datasets/combined_6class_plasticmetal_cleaned/train/Glass/glass341.jpg,,,,,,,,
cleaned_train_Glass_glass342.jpg,CombinedCleaned,image_classification,train,Glass,Glass,prepared_datasets/combined_6class_plasticmetal_cleaned/train/Glass/glass342.jpg,,prepared_datasets/combined_6class_plasticmetal_cleaned/train/Glass/glass342.jpg,,,,,,,,
cleaned_train_Glass_glass343.jpg,CombinedCleaned,image_classification,train,Glass,Glass,prepared_datasets/combined_6class_plasticmetal_cleaned/train/Glass/glass343.jpg,,prepared_datasets/combined_6class_plasticmetal_cleaned/train/Glass/glass343.jpg,,,,,,,,
cleaned_train_Glass_glass344.jpg,CombinedCleaned,image_classification,train,Glass,Glass,prepared_datasets/combined_6class_plasticmetal_cleaned/train/Glass/glass344.jpg,,prepared_datasets/combined_6class_plasticmetal_cleaned/train/Glass/glass344.jpg,,,,,,,,
cleaned_train_Glass_glass345.jpg,CombinedCleaned,image_classification,train,Glass,Glass,prepared_datasets/combined_6class_plasticmetal_cleaned/train/Glass/glass345.jpg,,prepared_datasets/combined_6class_plasticmetal_cleaned/train/Glass/glass345.jpg,,,,,,,,
cleaned_train_Glass_glass348.jpg,CombinedCleaned,image_classification,train,Glass,Glass,prepared_datasets/combined_6class_plasticmetal_cleaned/train/Glass/glass348.jpg,,prepared_datasets/combined_6class_plasticmetal_cleaned/train/Glass/glass348.jpg,,,,,,,,
cleaned_train_Glass_glass349.jpg,CombinedCleaned,image_classification,train,Glass,Glass,prepared_datasets/combined_6class_plasticmetal_cleaned/train/Glass/glass349.jpg,,prepared_datasets/combined_6class_plasticmetal_cleaned/train/Glass/glass349.jpg,,,,,,,,
cleaned_train_Glass_glass35.jpg,CombinedCleaned,image_classification,train,Glass,Glass,prepared_datasets/combined_6class_plasticmetal_cleaned/train/Glass/glass35.jpg,,prepared_datasets/combined_6class_plasticmetal_cleaned/train/Glass/glass35.jpg,,,,,,,,
cleaned_train_Glass_glass350.jpg,CombinedCleaned,image_classification,train,Glass,Glass,prepared_datasets/combined_6class_plasticmetal_cleaned/train/Glass/glass350.jpg,,prepared_datasets/combined_6class_plasticmetal_cleaned/train/Glass/glass350.jpg,,,,,,,,
cleaned_train_Glass_glass352.jpg,CombinedCleaned,image_classification,train,Glass,Glass,prepared_datasets/combined_6class_plasticmetal_cleaned/train/Glass/glass352.jpg,,prepared_datasets/combined_6class_plasticmetal_cleaned/train/Glass/glass352.jpg,,,,,,,,
cleaned_train_Glass_glass353.jpg,CombinedCleaned,image_classification,train,Glass,Glass,prepared_datasets/combined_6class_plasticmetal_cleaned/train/Glass/glass353.jpg,,prepared_datasets/combined_6class_plasticmetal_cleaned/train/Glass/glass353.jpg,,,,,,,,
cleaned_train_Glass_glass355.jpg,CombinedCleaned,image_classification,train,Glass,Glass,prepared_datasets/combined_6class_plasticmetal_cleaned/train/Glass/glass355.jpg,,prepared_datasets/combined_6class_plasticmetal_cleaned/train/Glass/glass355.jpg,,,,,,,,
cleaned_train_Glass_glass357.jpg,CombinedCleaned,image_classification,train,Glass,Glass,prepared_datasets/combined_6class_plasticmetal_cleaned/train/Glass/glass357.jpg,,prepared_datasets/combined_6class_plasticmetal_cleaned/train/Glass/glass357.jpg,,,,,,,,
cleaned_train_Glass_glass358.jpg,CombinedCleaned,image_classification,train,Glass,Glass,prepared_datasets/combined_6class_plasticmetal_cleaned/train/Glass/glass358.jpg,,prepared_datasets/combined_6class_plasticmetal_cleaned/train/Glass/glass358.jpg,,,,,,,,
cleaned_train_Glass_glass359.jpg,CombinedCleaned,image_classification,train,Glass,Glass,prepared_datasets/combined_6class_plasticmetal_cleaned/train/Glass/glass359.jpg,,prepared_datasets/combined_6class_plasticmetal_cleaned/train/Glass/glass359.jpg,,,,,,,,
cleaned_train_Glass_glass36.jpg,CombinedCleaned,image_classification,train,Glass,Glass,prepared_datasets/combined_6class_plasticmetal_cleaned/train/Glass/glass36.jpg,,prepared_datasets/combined_6class_plasticmetal_cleaned/train/Glass/glass36.jpg,,,,,,,,
cleaned_train_Glass_glass360.jpg,CombinedCleaned,image_classification,train,Glass,Glass,prepared_datasets/combined_6class_plasticmetal_cleaned/train/Glass/glass360.jpg,,prepared_datasets/combined_6class_plasticmetal_cleaned/train/Glass/glass360.jpg,,,,,,,,
cleaned_train_Glass_glass362.jpg,CombinedCleaned,image_classification,train,Glass,Glass,prepared_datasets/combined_6class_plasticmetal_cleaned/train/Glass/glass362.jpg,,prepared_datasets/combined_6class_plasticmetal_cleaned/train/Glass/glass362.jpg,,,,,,,,
cleaned_train_Glass_glass363.jpg,CombinedCleaned,image_classification,train,Glass,Glass,prepared_datasets/combined_6class_plasticmetal_cleaned/train/Glass/glass363.jpg,,prepared_datasets/combined_6class_plasticmetal_cleaned/train/Glass/glass363.jpg,,,,,,,,
cleaned_train_Glass_glass368.jpg,CombinedCleaned,image_classification,train,Glass,Glass,prepared_datasets/combined_6class_plasticmetal_cleaned/train/Glass/glass368.jpg,,prepared_datasets/combined_6class_plasticmetal_cleaned/train/Glass/glass368.jpg,,,,,,,,
cleaned_train_Glass_glass369.jpg,CombinedCleaned,image_classification,train,Glass,Glass,prepared_datasets/combined_6class_plasticmetal_cleaned/train/Glass/glass369.jpg,,prepared_datasets/combined_6class_plasticmetal_cleaned/train/Glass/glass369.jpg,,,,,,,,
cleaned_train_Glass_glass37.jpg,CombinedCleaned,image_classification,train,Glass,Glass,prepared_datasets/combined_6class_plasticmetal_cleaned/train/Glass/glass37.jpg,,prepared_datasets/combined_6class_plasticmetal_cleaned/train/Glass/glass37.jpg,,,,,,,,
cleaned_train_Glass_glass370.jpg,CombinedCleaned,image_classification,train,Glass,Glass,prepared_datasets/combined_6class_plasticmetal_cleaned/train/Glass/glass370.jpg,,prepared_datasets/combined_6class_plasticmetal_cleaned/train/Glass/glass370.jpg,,,,,,,,
cleaned_train_Glass_glass371.jpg,CombinedCleaned,image_classification,train,Glass,Glass,prepared_datasets/combined_6class_plasticmetal_cleaned/train/Glass/glass371.jpg,,prepared_datasets/combined_6class_plasticmetal_cleaned/train/Glass/glass371.jpg,,,,,,,,
cleaned_train_Glass_glass372.jpg,CombinedCleaned,image_classification,train,Glass,Glass,prepared_datasets/combined_6class_plasticmetal_cleaned/train/Glass/glass372.jpg,,prepared_datasets/combined_6class_plasticmetal_cleaned/train/Glass/glass372.jpg,,,,,,,,
cleaned_train_Glass_glass373.jpg,CombinedCleaned,image_classification,train,Glass,Glass,prepared_datasets/combined_6class_plasticmetal_cleaned/train/Glass/glass373.jpg,,prepared_datasets/combined_6class_plasticmetal_cleaned/train/Glass/glass373.jpg,,,,,,,,
cleaned_train_Glass_glass375.jpg,CombinedCleaned,image_classification,train,Glass,Glass,prepared_datasets/combined_6class_plasticmetal_cleaned/train/Glass/glass375.jpg,,prepared_datasets/combined_6class_plasticmetal_cleaned/train/Glass/glass375.jpg,,,,,,,,
cleaned_train_Glass_glass376.jpg,CombinedCleaned,image_classification,train,Glass,Glass,prepared_datasets/combined_6class_plasticmetal_cleaned/train/Glass/glass376.jpg,,prepared_datasets/combined_6class_plasticmetal_cleaned/train/Glass/glass376.jpg,,,,,,,,
cleaned_train_Glass_glass377.jpg,CombinedCleaned,image_classification,train,Glass,Glass,prepared_datasets/combined_6class_plasticmetal_cleaned/train/Glass/glass377.jpg,,prepared_datasets/combined_6class_plasticmetal_cleaned/train/Glass/glass377.jpg,,,,,,,,
cleaned_train_Glass_glass378.jpg,CombinedCleaned,image_classification,train,Glass,Glass,prepared_datasets/combined_6class_plasticmetal_cleaned/train/Glass/glass378.jpg,,prepared_datasets/combined_6class_plasticmetal_cleaned/train/Glass/glass378.jpg,,,,,,,,
cleaned_train_Glass_glass38.jpg,CombinedCleaned,image_classification,train,Glass,Glass,prepared_datasets/combined_6class_plasticmetal_cleaned/train/Glass/glass38.jpg,,prepared_datasets/combined_6class_plasticmetal_cleaned/train/Glass/glass38.jpg,,,,,,,,
cleaned_train_Glass_glass381.jpg,CombinedCleaned,image_classification,train,Glass,Glass,prepared_datasets/combined_6class_plasticmetal_cleaned/train/Glass/glass381.jpg,,prepared_datasets/combined_6class_plasticmetal_cleaned/train/Glass/glass381.jpg,,,,,,,,
cleaned_train_Glass_glass382.jpg,CombinedCleaned,image_classification,train,Glass,Glass,prepared_datasets/combined_6class_plasticmetal_cleaned/train/Glass/glass382.jpg,,prepared_datasets/combined_6class_plasticmetal_cleaned/train/Glass/glass382.jpg,,,,,,,,
cleaned_train_Glass_glass384.jpg,CombinedCleaned,image_classification,train,Glass,Glass,prepared_datasets/combined_6class_plasticmetal_cleaned/train/Glass/glass384.jpg,,prepared_datasets/combined_6class_plasticmetal_cleaned/train/Glass/glass384.jpg,,,,,,,,
cleaned_train_Glass_glass386.jpg,CombinedCleaned,image_classification,train,Glass,Glass,prepared_datasets/combined_6class_plasticmetal_cleaned/train/Glass/glass386.jpg,,prepared_datasets/combined_6class_plasticmetal_cleaned/train/Glass/glass386.jpg,,,,,,,,
cleaned_train_Glass_glass388.jpg,CombinedCleaned,image_classification,train,Glass,Glass,prepared_datasets/combined_6class_plasticmetal_cleaned/train/Glass/glass388.jpg,,prepared_datasets/combined_6class_plasticmetal_cleaned/train/Glass/glass388.jpg,,,,,,,,
cleaned_train_Glass_glass389.jpg,CombinedCleaned,image_classification,train,Glass,Glass,prepared_datasets/combined_6class_plasticmetal_cleaned/train/Glass/glass389.jpg,,prepared_datasets/combined_6class_plasticmetal_cleaned/train/Glass/glass389.jpg,,,,,,,,
cleaned_train_Glass_glass390.jpg,CombinedCleaned,image_classification,train,Glass,Glass,prepared_datasets/combined_6class_plasticmetal_cleaned/train/Glass/glass390.jpg,,prepared_datasets/combined_6class_plasticmetal_cleaned/train/Glass/glass390.jpg,,,,,,,,
cleaned_train_Glass_glass392.jpg,CombinedCleaned,image_classification,train,Glass,Glass,prepared_datasets/combined_6class_plasticmetal_cleaned/train/Glass/glass392.jpg,,prepared_datasets/combined_6class_plasticmetal_cleaned/train/Glass/glass392.jpg,,,,,,,,
cleaned_train_Glass_glass393.jpg,CombinedCleaned,image_classification,train,Glass,Glass,prepared_datasets/combined_6class_plasticmetal_cleaned/train/Glass/glass393.jpg,,prepared_datasets/combined_6class_plasticmetal_cleaned/train/Glass/glass393.jpg,,,,,,,,
cleaned_train_Glass_glass394.jpg,CombinedCleaned,image_classification,train,Glass,Glass,prepared_datasets/combined_6class_plasticmetal_cleaned/train/Glass/glass394.jpg,,prepared_datasets/combined_6class_plasticmetal_cleaned/train/Glass/glass394.jpg,,,,,,,,
cleaned_train_Glass_glass396.jpg,CombinedCleaned,image_classification,train,Glass,Glass,prepared_datasets/combined_6class_plasticmetal_cleaned/train/Glass/glass396.jpg,,prepared_datasets/combined_6class_plasticmetal_cleaned/train/Glass/glass396.jpg,,,,,,,,
cleaned_train_Glass_glass397.jpg,CombinedCleaned,image_classification,train,Glass,Glass,prepared_datasets/combined_6class_plasticmetal_cleaned/train/Glass/glass397.jpg,,prepared_datasets/combined_6class_plasticmetal_cleaned/train/Glass/glass397.jpg,,,,,,,,
cleaned_train_Glass_glass398.jpg,CombinedCleaned,image_classification,train,Glass,Glass,prepared_datasets/combined_6class_plasticmetal_cleaned/train/Glass/glass398.jpg,,prepared_datasets/combined_6class_plasticmetal_cleaned/train/Glass/glass398.jpg,,,,,,,,
cleaned_train_Glass_glass399.jpg,CombinedCleaned,image_classification,train,Glass,Glass,prepared_datasets/combined_6class_plasticmetal_cleaned/train/Glass/glass399.jpg,,prepared_datasets/combined_6class_plasticmetal_cleaned/train/Glass/glass399.jpg,,,,,,,,
cleaned_train_Glass_glass4.jpg,CombinedCleaned,image_classification,train,Glass,Glass,prepared_datasets/combined_6class_plasticmetal_cleaned/train/Glass/glass4.jpg,,prepared_datasets/combined_6class_plasticmetal_cleaned/train/Glass/glass4.jpg,,,,,,,,
cleaned_train_Glass_glass40.jpg,CombinedCleaned,image_classification,train,Glass,Glass,prepared_datasets/combined_6class_plasticmetal_cleaned/train/Glass/glass40.jpg,,prepared_datasets/combined_6class_plasticmetal_cleaned/train/Glass/glass40.jpg,,,,,,,,
cleaned_train_Glass_glass401.jpg,CombinedCleaned,image_classification,train,Glass,Glass,prepared_datasets/combined_6class_plasticmetal_cleaned/train/Glass/glass401.jpg,,prepared_datasets/combined_6class_plasticmetal_cleaned/train/Glass/glass401.jpg,,,,,,,,
cleaned_train_Glass_glass403.jpg,CombinedCleaned,image_classification,train,Glass,Glass,prepared_datasets/combined_6class_plasticmetal_cleaned/train/Glass/glass403.jpg,,prepared_datasets/combined_6class_plasticmetal_cleaned/train/Glass/glass403.jpg,,,,,,,,
cleaned_train_Glass_glass407.jpg,CombinedCleaned,image_classification,train,Glass,Glass,prepared_datasets/combined_6class_plasticmetal_cleaned/train/Glass/glass407.jpg,,prepared_datasets/combined_6class_plasticmetal_cleaned/train/Glass/glass407.jpg,,,,,,,,
cleaned_train_Glass_glass412.jpg,CombinedCleaned,image_classification,train,Glass,Glass,prepared_datasets/combined_6class_plasticmetal_cleaned/train/Glass/glass412.jpg,,prepared_datasets/combined_6class_plasticmetal_cleaned/train/Glass/glass412.jpg,,,,,,,,
cleaned_train_Glass_glass413.jpg,CombinedCleaned,image_classification,train,Glass,Glass,prepared_datasets/combined_6class_plasticmetal_cleaned/train/Glass/glass413.jpg,,prepared_datasets/combined_6class_plasticmetal_cleaned/train/Glass/glass413.jpg,,,,,,,,
cleaned_train_Glass_glass414.jpg,CombinedCleaned,image_classification,train,Glass,Glass,prepared_datasets/combined_6class_plasticmetal_cleaned/train/Glass/glass414.jpg,,prepared_datasets/combined_6class_plasticmetal_cleaned/train/Glass/glass414.jpg,,,,,,,,
cleaned_train_Glass_glass417.jpg,CombinedCleaned,image_classification,train,Glass,Glass,prepared_datasets/combined_6class_plasticmetal_cleaned/train/Glass/glass417.jpg,,prepared_datasets/combined_6class_plasticmetal_cleaned/train/Glass/glass417.jpg,,,,,,,,
cleaned_train_Glass_glass418.jpg,CombinedCleaned,image_classification,train,Glass,Glass,prepared_datasets/combined_6class_plasticmetal_cleaned/train/Glass/glass418.jpg,,prepared_datasets/combined_6class_plasticmetal_cleaned/train/Glass/glass418.jpg,,,,,,,,
cleaned_train_Glass_glass419.jpg,CombinedCleaned,image_classification,train,Glass,Glass,prepared_datasets/combined_6class_plasticmetal_cleaned/train/Glass/glass419.jpg,,prepared_datasets/combined_6class_plasticmetal_cleaned/train/Glass/glass419.jpg,,,,,,,,
cleaned_train_Glass_glass420.jpg,CombinedCleaned,image_classification,train,Glass,Glass,prepared_datasets/combined_6class_plasticmetal_cleaned/train/Glass/glass420.jpg,,prepared_datasets/combined_6class_plasticmetal_cleaned/train/Glass/glass420.jpg,,,,,,,,
cleaned_train_Glass_glass421.jpg,CombinedCleaned,image_classification,train,Glass,Glass,prepared_datasets/combined_6class_plasticmetal_cleaned/train/Glass/glass421.jpg,,prepared_datasets/combined_6class_plasticmetal_cleaned/train/Glass/glass421.jpg,,,,,,,,
cleaned_train_Glass_glass422.jpg,CombinedCleaned,image_classification,train,Glass,Glass,prepared_datasets/combined_6class_plasticmetal_cleaned/train/Glass/glass422.jpg,,prepared_datasets/combined_6class_plasticmetal_cleaned/train/Glass/glass422.jpg,,,,,,,,
cleaned_train_Glass_glass423.jpg,CombinedCleaned,image_classification,train,Glass,Glass,prepared_datasets/combined_6class_plasticmetal_cleaned/train/Glass/glass423.jpg,,prepared_datasets/combined_6class_plasticmetal_cleaned/train/Glass/glass423.jpg,,,,,,,,
cleaned_train_Glass_glass424.jpg,CombinedCleaned,image_classification,train,Glass,Glass,prepared_datasets/combined_6class_plasticmetal_cleaned/train/Glass/glass424.jpg,,prepared_datasets/combined_6class_plasticmetal_cleaned/train/Glass/glass424.jpg,,,,,,,,
cleaned_train_Glass_glass426.jpg,CombinedCleaned,image_classification,train,Glass,Glass,prepared_datasets/combined_6class_plasticmetal_cleaned/train/Glass/glass426.jpg,,prepared_datasets/combined_6class_plasticmetal_cleaned/train/Glass/glass426.jpg,,,,,,,,
cleaned_train_Glass_glass427.jpg,CombinedCleaned,image_classification,train,Glass,Glass,prepared_datasets/combined_6class_plasticmetal_cleaned/train/Glass/glass427.jpg,,prepared_datasets/combined_6class_plasticmetal_cleaned/train/Glass/glass427.jpg,,,,,,,,
cleaned_train_Glass_glass428.jpg,CombinedCleaned,image_classification,train,Glass,Glass,prepared_datasets/combined_6class_plasticmetal_cleaned/train/Glass/glass428.jpg,,prepared_datasets/combined_6class_plasticmetal_cleaned/train/Glass/glass428.jpg,,,,,,,,
cleaned_train_Glass_glass429.jpg,CombinedCleaned,image_classification,train,Glass,Glass,prepared_datasets/combined_6class_plasticmetal_cleaned/train/Glass/glass429.jpg,,prepared_datasets/combined_6class_plasticmetal_cleaned/train/Glass/glass429.jpg,,,,,,,,
cleaned_train_Glass_glass431.jpg,CombinedCleaned,image_classification,train,Glass,Glass,prepared_datasets/combined_6class_plasticmetal_cleaned/train/Glass/glass431.jpg,,prepared_datasets/combined_6class_plasticmetal_cleaned/train/Glass/glass431.jpg,,,,,,,,
cleaned_train_Glass_glass433.jpg,CombinedCleaned,image_classification,train,Glass,Glass,prepared_datasets/combined_6class_plasticmetal_cleaned/train/Glass/glass433.jpg,,prepared_datasets/combined_6class_plasticmetal_cleaned/train/Glass/glass433.jpg,,,,,,,,
cleaned_train_Glass_glass434.jpg,CombinedCleaned,image_classification,train,Glass,Glass,prepared_datasets/combined_6class_plasticmetal_cleaned/train/Glass/glass434.jpg,,prepared_datasets/combined_6class_plasticmetal_cleaned/train/Glass/glass434.jpg,,,,,,,,
cleaned_train_Glass_glass436.jpg,CombinedCleaned,image_classification,train,Glass,Glass,prepared_datasets/combined_6class_plasticmetal_cleaned/train/Glass/glass436.jpg,,prepared_datasets/combined_6class_plasticmetal_cleaned/train/Glass/glass436.jpg,,,,,,,,
cleaned_train_Glass_glass437.jpg,CombinedCleaned,image_classification,train,Glass,Glass,prepared_datasets/combined_6class_plasticmetal_cleaned/train/Glass/glass437.jpg,,prepared_datasets/combined_6class_plasticmetal_cleaned/train/Glass/glass437.jpg,,,,,,,,
cleaned_train_Glass_glass44.jpg,CombinedCleaned,image_classification,train,Glass,Glass,prepared_datasets/combined_6class_plasticmetal_cleaned/train/Glass/glass44.jpg,,prepared_datasets/combined_6class_plasticmetal_cleaned/train/Glass/glass44.jpg,,,,,,,,
cleaned_train_Glass_glass441.jpg,CombinedCleaned,image_classification,train,Glass,Glass,prepared_datasets/combined_6class_plasticmetal_cleaned/train/Glass/glass441.jpg,,prepared_datasets/combined_6class_plasticmetal_cleaned/train/Glass/glass441.jpg,,,,,,,,
cleaned_train_Glass_glass442.jpg,CombinedCleaned,image_classification,train,Glass,Glass,prepared_datasets/combined_6class_plasticmetal_cleaned/train/Glass/glass442.jpg,,prepared_datasets/combined_6class_plasticmetal_cleaned/train/Glass/glass442.jpg,,,,,,,,
cleaned_train_Glass_glass443.jpg,CombinedCleaned,image_classification,train,Glass,Glass,prepared_datasets/combined_6class_plasticmetal_cleaned/train/Glass/glass443.jpg,,prepared_datasets/combined_6class_plasticmetal_cleaned/train/Glass/glass443.jpg,,,,,,,,
cleaned_train_Glass_glass446.jpg,CombinedCleaned,image_classification,train,Glass,Glass,prepared_datasets/combined_6class_plasticmetal_cleaned/train/Glass/glass446.jpg,,prepared_datasets/combined_6class_plasticmetal_cleaned/train/Glass/glass446.jpg,,,,,,,,
cleaned_train_Glass_glass447.jpg,CombinedCleaned,image_classification,train,Glass,Glass,prepared_datasets/combined_6class_plasticmetal_cleaned/train/Glass/glass447.jpg,,prepared_datasets/combined_6class_plasticmetal_cleaned/train/Glass/glass447.jpg,,,,,,,,
cleaned_train_Glass_glass448.jpg,CombinedCleaned,image_classification,train,Glass,Glass,prepared_datasets/combined_6class_plasticmetal_cleaned/train/Glass/glass448.jpg,,prepared_datasets/combined_6class_plasticmetal_cleaned/train/Glass/glass448.jpg,,,,,,,,
cleaned_train_Glass_glass449.jpg,CombinedCleaned,image_classification,train,Glass,Glass,prepared_datasets/combined_6class_plasticmetal_cleaned/train/Glass/glass449.jpg,,prepared_datasets/combined_6class_plasticmetal_cleaned/train/Glass/glass449.jpg,,,,,,,,
cleaned_train_Glass_glass45.jpg,CombinedCleaned,image_classification,train,Glass,Glass,prepared_datasets/combined_6class_plasticmetal_cleaned/train/Glass/glass45.jpg,,prepared_datasets/combined_6class_plasticmetal_cleaned/train/Glass/glass45.jpg,,,,,,,,
cleaned_train_Glass_glass450.jpg,CombinedCleaned,image_classification,train,Glass,Glass,prepared_datasets/combined_6class_plasticmetal_cleaned/train/Glass/glass450.jpg,,prepared_datasets/combined_6class_plasticmetal_cleaned/train/Glass/glass450.jpg,,,,,,,,
cleaned_train_Glass_glass451.jpg,CombinedCleaned,image_classification,train,Glass,Glass,prepared_datasets/combined_6class_plasticmetal_cleaned/train/Glass/glass451.jpg,,prepared_datasets/combined_6class_plasticmetal_cleaned/train/Glass/glass451.jpg,,,,,,,,
cleaned_train_Glass_glass452.jpg,CombinedCleaned,image_classification,train,Glass,Glass,prepared_datasets/combined_6class_plasticmetal_cleaned/train/Glass/glass452.jpg,,prepared_datasets/combined_6class_plasticmetal_cleaned/train/Glass/glass452.jpg,,,,,,,,
cleaned_train_Glass_glass453.jpg,CombinedCleaned,image_classification,train,Glass,Glass,prepared_datasets/combined_6class_plasticmetal_cleaned/train/Glass/glass453.jpg,,prepared_datasets/combined_6class_plasticmetal_cleaned/train/Glass/glass453.jpg,,,,,,,,
cleaned_train_Glass_glass454.jpg,CombinedCleaned,image_classification,train,Glass,Glass,prepared_datasets/combined_6class_plasticmetal_cleaned/train/Glass/glass454.jpg,,prepared_datasets/combined_6class_plasticmetal_cleaned/train/Glass/glass454.jpg,,,,,,,,
cleaned_train_Glass_glass456.jpg,CombinedCleaned,image_classification,train,Glass,Glass,prepared_datasets/combined_6class_plasticmetal_cleaned/train/Glass/glass456.jpg,,prepared_datasets/combined_6class_plasticmetal_cleaned/train/Glass/glass456.jpg,,,,,,,,
cleaned_train_Glass_glass457.jpg,CombinedCleaned,image_classification,train,Glass,Glass,prepared_datasets/combined_6class_plasticmetal_cleaned/train/Glass/glass457.jpg,,prepared_datasets/combined_6class_plasticmetal_cleaned/train/Glass/glass457.jpg,,,,,,,,
cleaned_train_Glass_glass458.jpg,CombinedCleaned,image_classification,train,Glass,Glass,prepared_datasets/combined_6class_plasticmetal_cleaned/train/Glass/glass458.jpg,,prepared_datasets/combined_6class_plasticmetal_cleaned/train/Glass/glass458.jpg,,,,,,,,
cleaned_train_Glass_glass459.jpg,CombinedCleaned,image_classification,train,Glass,Glass,prepared_datasets/combined_6class_plasticmetal_cleaned/train/Glass/glass459.jpg,,prepared_datasets/combined_6class_plasticmetal_cleaned/train/Glass/glass459.jpg,,,,,,,,
cleaned_train_Glass_glass460.jpg,CombinedCleaned,image_classification,train,Glass,Glass,prepared_datasets/combined_6class_plasticmetal_cleaned/train/Glass/glass460.jpg,,prepared_datasets/combined_6class_plasticmetal_cleaned/train/Glass/glass460.jpg,,,,,,,,
cleaned_train_Glass_glass462.jpg,CombinedCleaned,image_classification,train,Glass,Glass,prepared_datasets/combined_6class_plasticmetal_cleaned/train/Glass/glass462.jpg,,prepared_datasets/combined_6class_plasticmetal_cleaned/train/Glass/glass462.jpg,,,,,,,,
cleaned_train_Glass_glass463.jpg,CombinedCleaned,image_classification,train,Glass,Glass,prepared_datasets/combined_6class_plasticmetal_cleaned/train/Glass/glass463.jpg,,prepared_datasets/combined_6class_plasticmetal_cleaned/train/Glass/glass463.jpg,,,,,,,,
cleaned_train_Glass_glass464.jpg,CombinedCleaned,image_classification,train,Glass,Glass,prepared_datasets/combined_6class_plasticmetal_cleaned/train/Glass/glass464.jpg,,prepared_datasets/combined_6class_plasticmetal_cleaned/train/Glass/glass464.jpg,,,,,,,,
cleaned_train_Glass_glass466.jpg,CombinedCleaned,image_classification,train,Glass,Glass,prepared_datasets/combined_6class_plasticmetal_cleaned/train/Glass/glass466.jpg,,prepared_datasets/combined_6class_plasticmetal_cleaned/train/Glass/glass466.jpg,,,,,,,,
cleaned_train_Glass_glass467.jpg,CombinedCleaned,image_classification,train,Glass,Glass,prepared_datasets/combined_6class_plasticmetal_cleaned/train/Glass/glass467.jpg,,prepared_datasets/combined_6class_plasticmetal_cleaned/train/Glass/glass467.jpg,,,,,,,,
cleaned_train_Glass_glass469.jpg,CombinedCleaned,image_classification,train,Glass,Glass,prepared_datasets/combined_6class_plasticmetal_cleaned/train/Glass/glass469.jpg,,prepared_datasets/combined_6class_plasticmetal_cleaned/train/Glass/glass469.jpg,,,,,,,,
cleaned_train_Glass_glass47.jpg,CombinedCleaned,image_classification,train,Glass,Glass,prepared_datasets/combined_6class_plasticmetal_cleaned/train/Glass/glass47.jpg,,prepared_datasets/combined_6class_plasticmetal_cleaned/train/Glass/glass47.jpg,,,,,,,,
cleaned_train_Glass_glass471.jpg,CombinedCleaned,image_classification,train,Glass,Glass,prepared_datasets/combined_6class_plasticmetal_cleaned/train/Glass/glass471.jpg,,prepared_datasets/combined_6class_plasticmetal_cleaned/train/Glass/glass471.jpg,,,,,,,,
cleaned_train_Glass_glass472.jpg,CombinedCleaned,image_classification,train,Glass,Glass,prepared_datasets/combined_6class_plasticmetal_cleaned/train/Glass/glass472.jpg,,prepared_datasets/combined_6class_plasticmetal_cleaned/train/Glass/glass472.jpg,,,,,,,,
cleaned_train_Glass_glass473.jpg,CombinedCleaned,image_classification,train,Glass,Glass,prepared_datasets/combined_6class_plasticmetal_cleaned/train/Glass/glass473.jpg,,prepared_datasets/combined_6class_plasticmetal_cleaned/train/Glass/glass473.jpg,,,,,,,,
cleaned_train_Glass_glass474.jpg,CombinedCleaned,image_classification,train,Glass,Glass,prepared_datasets/combined_6class_plasticmetal_cleaned/train/Glass/glass474.jpg,,prepared_datasets/combined_6class_plasticmetal_cleaned/train/Glass/glass474.jpg,,,,,,,,
cleaned_train_Glass_glass475.jpg,CombinedCleaned,image_classification,train,Glass,Glass,prepared_datasets/combined_6class_plasticmetal_cleaned/train/Glass/glass475.jpg,,prepared_datasets/combined_6class_plasticmetal_cleaned/train/Glass/glass475.jpg,,,,,,,,
cleaned_train_Glass_glass476.jpg,CombinedCleaned,image_classification,train,Glass,Glass,prepared_datasets/combined_6class_plasticmetal_cleaned/train/Glass/glass476.jpg,,prepared_datasets/combined_6class_plasticmetal_cleaned/train/Glass/glass476.jpg,,,,,,,,
cleaned_train_Glass_glass477.jpg,CombinedCleaned,image_classification,train,Glass,Glass,prepared_datasets/combined_6class_plasticmetal_cleaned/train/Glass/glass477.jpg,,prepared_datasets/combined_6class_plasticmetal_cleaned/train/Glass/glass477.jpg,,,,,,,,
cleaned_train_Glass_glass478.jpg,CombinedCleaned,image_classification,train,Glass,Glass,prepared_datasets/combined_6class_plasticmetal_cleaned/train/Glass/glass478.jpg,,prepared_datasets/combined_6class_plasticmetal_cleaned/train/Glass/glass478.jpg,,,,,,,,
cleaned_train_Glass_glass479.jpg,CombinedCleaned,image_classification,train,Glass,Glass,prepared_datasets/combined_6class_plasticmetal_cleaned/train/Glass/glass479.jpg,,prepared_datasets/combined_6class_plasticmetal_cleaned/train/Glass/glass479.jpg,,,,,,,,
cleaned_train_Glass_glass48.jpg,CombinedCleaned,image_classification,train,Glass,Glass,prepared_datasets/combined_6class_plasticmetal_cleaned/train/Glass/glass48.jpg,,prepared_datasets/combined_6class_plasticmetal_cleaned/train/Glass/glass48.jpg,,,,,,,,
cleaned_train_Glass_glass480.jpg,CombinedCleaned,image_classification,train,Glass,Glass,prepared_datasets/combined_6class_plasticmetal_cleaned/train/Glass/glass480.jpg,,prepared_datasets/combined_6class_plasticmetal_cleaned/train/Glass/glass480.jpg,,,,,,,,
cleaned_train_Glass_glass482.jpg,CombinedCleaned,image_classification,train,Glass,Glass,prepared_datasets/combined_6class_plasticmetal_cleaned/train/Glass/glass482.jpg,,prepared_datasets/combined_6class_plasticmetal_cleaned/train/Glass/glass482.jpg,,,,,,,,
cleaned_train_Glass_glass483.jpg,CombinedCleaned,image_classification,train,Glass,Glass,prepared_datasets/combined_6class_plasticmetal_cleaned/train/Glass/glass483.jpg,,prepared_datasets/combined_6class_plasticmetal_cleaned/train/Glass/glass483.jpg,,,,,,,,
cleaned_train_Glass_glass484.jpg,CombinedCleaned,image_classification,train,Glass,Glass,prepared_datasets/combined_6class_plasticmetal_cleaned/train/Glass/glass484.jpg,,prepared_datasets/combined_6class_plasticmetal_cleaned/train/Glass/glass484.jpg,,,,,,,,
cleaned_train_Glass_glass485.jpg,CombinedCleaned,image_classification,train,Glass,Glass,prepared_datasets/combined_6class_plasticmetal_cleaned/train/Glass/glass485.jpg,,prepared_datasets/combined_6class_plasticmetal_cleaned/train/Glass/glass485.jpg,,,,,,,,
cleaned_train_Glass_glass486.jpg,CombinedCleaned,image_classification,train,Glass,Glass,prepared_datasets/combined_6class_plasticmetal_cleaned/train/Glass/glass486.jpg,,prepared_datasets/combined_6class_plasticmetal_cleaned/train/Glass/glass486.jpg,,,,,,,,
cleaned_train_Glass_glass487.jpg,CombinedCleaned,image_classification,train,Glass,Glass,prepared_datasets/combined_6class_plasticmetal_cleaned/train/Glass/glass487.jpg,,prepared_datasets/combined_6class_plasticmetal_cleaned/train/Glass/glass487.jpg,,,,,,,,
cleaned_train_Glass_glass489.jpg,CombinedCleaned,image_classification,train,Glass,Glass,prepared_datasets/combined_6class_plasticmetal_cleaned/train/Glass/glass489.jpg,,prepared_datasets/combined_6class_plasticmetal_cleaned/train/Glass/glass489.jpg,,,,,,,,
cleaned_train_Glass_glass491.jpg,CombinedCleaned,image_classification,train,Glass,Glass,prepared_datasets/combined_6class_plasticmetal_cleaned/train/Glass/glass491.jpg,,prepared_datasets/combined_6class_plasticmetal_cleaned/train/Glass/glass491.jpg,,,,,,,,
cleaned_train_Glass_glass492.jpg,CombinedCleaned,image_classification,train,Glass,Glass,prepared_datasets/combined_6class_plasticmetal_cleaned/train/Glass/glass492.jpg,,prepared_datasets/combined_6class_plasticmetal_cleaned/train/Glass/glass492.jpg,,,,,,,,
cleaned_train_Glass_glass493.jpg,CombinedCleaned,image_classification,train,Glass,Glass,prepared_datasets/combined_6class_plasticmetal_cleaned/train/Glass/glass493.jpg,,prepared_datasets/combined_6class_plasticmetal_cleaned/train/Glass/glass493.jpg,,,,,,,,
cleaned_train_Glass_glass495.jpg,CombinedCleaned,image_classification,train,Glass,Glass,prepared_datasets/combined_6class_plasticmetal_cleaned/train/Glass/glass495.jpg,,prepared_datasets/combined_6class_plasticmetal_cleaned/train/Glass/glass495.jpg,,,,,,,,
cleaned_train_Glass_glass496.jpg,CombinedCleaned,image_classification,train,Glass,Glass,prepared_datasets/combined_6class_plasticmetal_cleaned/train/Glass/glass496.jpg,,prepared_datasets/combined_6class_plasticmetal_cleaned/train/Glass/glass496.jpg,,,,,,,,
cleaned_train_Glass_glass497.jpg,CombinedCleaned,image_classification,train,Glass,Glass,prepared_datasets/combined_6class_plasticmetal_cleaned/train/Glass/glass497.jpg,,prepared_datasets/combined_6class_plasticmetal_cleaned/train/Glass/glass497.jpg,,,,,,,,
cleaned_train_Glass_glass498.jpg,CombinedCleaned,image_classification,train,Glass,Glass,prepared_datasets/combined_6class_plasticmetal_cleaned/train/Glass/glass498.jpg,,prepared_datasets/combined_6class_plasticmetal_cleaned/train/Glass/glass498.jpg,,,,,,,,
cleaned_train_Glass_glass499.jpg,CombinedCleaned,image_classification,train,Glass,Glass,prepared_datasets/combined_6class_plasticmetal_cleaned/train/Glass/glass499.jpg,,prepared_datasets/combined_6class_plasticmetal_cleaned/train/Glass/glass499.jpg,,,,,,,,
cleaned_train_Glass_glass50.jpg,CombinedCleaned,image_classification,train,Glass,Glass,prepared_datasets/combined_6class_plasticmetal_cleaned/train/Glass/glass50.jpg,,prepared_datasets/combined_6class_plasticmetal_cleaned/train/Glass/glass50.jpg,,,,,,,,
cleaned_train_Glass_glass500.jpg,CombinedCleaned,image_classification,train,Glass,Glass,prepared_datasets/combined_6class_plasticmetal_cleaned/train/Glass/glass500.jpg,,prepared_datasets/combined_6class_plasticmetal_cleaned/train/Glass/glass500.jpg,,,,,,,,
cleaned_train_Glass_glass501.jpg,CombinedCleaned,image_classification,train,Glass,Glass,prepared_datasets/combined_6class_plasticmetal_cleaned/train/Glass/glass501.jpg,,prepared_datasets/combined_6class_plasticmetal_cleaned/train/Glass/glass501.jpg,,,,,,,,
cleaned_train_Glass_glass54.jpg,CombinedCleaned,image_classification,train,Glass,Glass,prepared_datasets/combined_6class_plasticmetal_cleaned/train/Glass/glass54.jpg,,prepared_datasets/combined_6class_plasticmetal_cleaned/train/Glass/glass54.jpg,,,,,,,,
cleaned_train_Glass_glass55.jpg,CombinedCleaned,image_classification,train,Glass,Glass,prepared_datasets/combined_6class_plasticmetal_cleaned/train/Glass/glass55.jpg,,prepared_datasets/combined_6class_plasticmetal_cleaned/train/Glass/glass55.jpg,,,,,,,,
cleaned_train_Glass_glass56.jpg,CombinedCleaned,image_classification,train,Glass,Glass,prepared_datasets/combined_6class_plasticmetal_cleaned/train/Glass/glass56.jpg,,prepared_datasets/combined_6class_plasticmetal_cleaned/train/Glass/glass56.jpg,,,,,,,,
cleaned_train_Glass_glass57.jpg,CombinedCleaned,image_classification,train,Glass,Glass,prepared_datasets/combined_6class_plasticmetal_cleaned/train/Glass/glass57.jpg,,prepared_datasets/combined_6class_plasticmetal_cleaned/train/Glass/glass57.jpg,,,,,,,,
cleaned_train_Glass_glass58.jpg,CombinedCleaned,image_classification,train,Glass,Glass,prepared_datasets/combined_6class_plasticmetal_cleaned/train/Glass/glass58.jpg,,prepared_datasets/combined_6class_plasticmetal_cleaned/train/Glass/glass58.jpg,,,,,,,,
cleaned_train_Glass_glass6.jpg,CombinedCleaned,image_classification,train,Glass,Glass,prepared_datasets/combined_6class_plasticmetal_cleaned/train/Glass/glass6.jpg,,prepared_datasets/combined_6class_plasticmetal_cleaned/train/Glass/glass6.jpg,,,,,,,,
cleaned_train_Glass_glass60.jpg,CombinedCleaned,image_classification,train,Glass,Glass,prepared_datasets/combined_6class_plasticmetal_cleaned/train/Glass/glass60.jpg,,prepared_datasets/combined_6class_plasticmetal_cleaned/train/Glass/glass60.jpg,,,,,,,,
cleaned_train_Glass_glass61.jpg,CombinedCleaned,image_classification,train,Glass,Glass,prepared_datasets/combined_6class_plasticmetal_cleaned/train/Glass/glass61.jpg,,prepared_datasets/combined_6class_plasticmetal_cleaned/train/Glass/glass61.jpg,,,,,,,,
cleaned_train_Glass_glass64.jpg,CombinedCleaned,image_classification,train,Glass,Glass,prepared_datasets/combined_6class_plasticmetal_cleaned/train/Glass/glass64.jpg,,prepared_datasets/combined_6class_plasticmetal_cleaned/train/Glass/glass64.jpg,,,,,,,,
cleaned_train_Glass_glass65.jpg,CombinedCleaned,image_classification,train,Glass,Glass,prepared_datasets/combined_6class_plasticmetal_cleaned/train/Glass/glass65.jpg,,prepared_datasets/combined_6class_plasticmetal_cleaned/train/Glass/glass65.jpg,,,,,,,,
cleaned_train_Glass_glass66.jpg,CombinedCleaned,image_classification,train,Glass,Glass,prepared_datasets/combined_6class_plasticmetal_cleaned/train/Glass/glass66.jpg,,prepared_datasets/combined_6class_plasticmetal_cleaned/train/Glass/glass66.jpg,,,,,,,,
cleaned_train_Glass_glass67.jpg,CombinedCleaned,image_classification,train,Glass,Glass,prepared_datasets/combined_6class_plasticmetal_cleaned/train/Glass/glass67.jpg,,prepared_datasets/combined_6class_plasticmetal_cleaned/train/Glass/glass67.jpg,,,,,,,,
cleaned_train_Glass_glass68.jpg,CombinedCleaned,image_classification,train,Glass,Glass,prepared_datasets/combined_6class_plasticmetal_cleaned/train/Glass/glass68.jpg,,prepared_datasets/combined_6class_plasticmetal_cleaned/train/Glass/glass68.jpg,,,,,,,,
cleaned_train_Glass_glass69.jpg,CombinedCleaned,image_classification,train,Glass,Glass,prepared_datasets/combined_6class_plasticmetal_cleaned/train/Glass/glass69.jpg,,prepared_datasets/combined_6class_plasticmetal_cleaned/train/Glass/glass69.jpg,,,,,,,,
cleaned_train_Glass_glass7.jpg,CombinedCleaned,image_classification,train,Glass,Glass,prepared_datasets/combined_6class_plasticmetal_cleaned/train/Glass/glass7.jpg,,prepared_datasets/combined_6class_plasticmetal_cleaned/train/Glass/glass7.jpg,,,,,,,,
cleaned_train_Glass_glass70.jpg,CombinedCleaned,image_classification,train,Glass,Glass,prepared_datasets/combined_6class_plasticmetal_cleaned/train/Glass/glass70.jpg,,prepared_datasets/combined_6class_plasticmetal_cleaned/train/Glass/glass70.jpg,,,,,,,,
cleaned_train_Glass_glass71.jpg,CombinedCleaned,image_classification,train,Glass,Glass,prepared_datasets/combined_6class_plasticmetal_cleaned/train/Glass/glass71.jpg,,prepared_datasets/combined_6class_plasticmetal_cleaned/train/Glass/glass71.jpg,,,,,,,,
cleaned_train_Glass_glass77.jpg,CombinedCleaned,image_classification,train,Glass,Glass,prepared_datasets/combined_6class_plasticmetal_cleaned/train/Glass/glass77.jpg,,prepared_datasets/combined_6class_plasticmetal_cleaned/train/Glass/glass77.jpg,,,,,,,,
cleaned_train_Glass_glass78.jpg,CombinedCleaned,image_classification,train,Glass,Glass,prepared_datasets/combined_6class_plasticmetal_cleaned/train/Glass/glass78.jpg,,prepared_datasets/combined_6class_plasticmetal_cleaned/train/Glass/glass78.jpg,,,,,,,,
cleaned_train_Glass_glass79.jpg,CombinedCleaned,image_classification,train,Glass,Glass,prepared_datasets/combined_6class_plasticmetal_cleaned/train/Glass/glass79.jpg,,prepared_datasets/combined_6class_plasticmetal_cleaned/train/Glass/glass79.jpg,,,,,,,,
cleaned_train_Glass_glass8.jpg,CombinedCleaned,image_classification,train,Glass,Glass,prepared_datasets/combined_6class_plasticmetal_cleaned/train/Glass/glass8.jpg,,prepared_datasets/combined_6class_plasticmetal_cleaned/train/Glass/glass8.jpg,,,,,,,,
cleaned_train_Glass_glass81.jpg,CombinedCleaned,image_classification,train,Glass,Glass,prepared_datasets/combined_6class_plasticmetal_cleaned/train/Glass/glass81.jpg,,prepared_datasets/combined_6class_plasticmetal_cleaned/train/Glass/glass81.jpg,,,,,,,,
cleaned_train_Glass_glass82.jpg,CombinedCleaned,image_classification,train,Glass,Glass,prepared_datasets/combined_6class_plasticmetal_cleaned/train/Glass/glass82.jpg,,prepared_datasets/combined_6class_plasticmetal_cleaned/train/Glass/glass82.jpg,,,,,,,,
cleaned_train_Glass_glass83.jpg,CombinedCleaned,image_classification,train,Glass,Glass,prepared_datasets/combined_6class_plasticmetal_cleaned/train/Glass/glass83.jpg,,prepared_datasets/combined_6class_plasticmetal_cleaned/train/Glass/glass83.jpg,,,,,,,,
cleaned_train_Glass_glass84.jpg,CombinedCleaned,image_classification,train,Glass,Glass,prepared_datasets/combined_6class_plasticmetal_cleaned/train/Glass/glass84.jpg,,prepared_datasets/combined_6class_plasticmetal_cleaned/train/Glass/glass84.jpg,,,,,,,,
cleaned_train_Glass_glass85.jpg,CombinedCleaned,image_classification,train,Glass,Glass,prepared_datasets/combined_6class_plasticmetal_cleaned/train/Glass/glass85.jpg,,prepared_datasets/combined_6class_plasticmetal_cleaned/train/Glass/glass85.jpg,,,,,,,,
cleaned_train_Glass_glass86.jpg,CombinedCleaned,image_classification,train,Glass,Glass,prepared_datasets/combined_6class_plasticmetal_cleaned/train/Glass/glass86.jpg,,prepared_datasets/combined_6class_plasticmetal_cleaned/train/Glass/glass86.jpg,,,,,,,,
cleaned_train_Glass_glass88.jpg,CombinedCleaned,image_classification,train,Glass,Glass,prepared_datasets/combined_6class_plasticmetal_cleaned/train/Glass/glass88.jpg,,prepared_datasets/combined_6class_plasticmetal_cleaned/train/Glass/glass88.jpg,,,,,,,,
cleaned_train_Glass_glass89.jpg,CombinedCleaned,image_classification,train,Glass,Glass,prepared_datasets/combined_6class_plasticmetal_cleaned/train/Glass/glass89.jpg,,prepared_datasets/combined_6class_plasticmetal_cleaned/train/Glass/glass89.jpg,,,,,,,,
cleaned_train_Glass_glass90.jpg,CombinedCleaned,image_classification,train,Glass,Glass,prepared_datasets/combined_6class_plasticmetal_cleaned/train/Glass/glass90.jpg,,prepared_datasets/combined_6class_plasticmetal_cleaned/train/Glass/glass90.jpg,,,,,,,,
cleaned_train_Glass_glass91.jpg,CombinedCleaned,image_classification,train,Glass,Glass,prepared_datasets/combined_6class_plasticmetal_cleaned/train/Glass/glass91.jpg,,prepared_datasets/combined_6class_plasticmetal_cleaned/train/Glass/glass91.jpg,,,,,,,,
cleaned_train_Glass_glass92.jpg,CombinedCleaned,image_classification,train,Glass,Glass,prepared_datasets/combined_6class_plasticmetal_cleaned/train/Glass/glass92.jpg,,prepared_datasets/combined_6class_plasticmetal_cleaned/train/Glass/glass92.jpg,,,,,,,,
cleaned_train_Glass_glass95.jpg,CombinedCleaned,image_classification,train,Glass,Glass,prepared_datasets/combined_6class_plasticmetal_cleaned/train/Glass/glass95.jpg,,prepared_datasets/combined_6class_plasticmetal_cleaned/train/Glass/glass95.jpg,,,,,,,,
cleaned_train_Glass_glass96.jpg,CombinedCleaned,image_classification,train,Glass,Glass,prepared_datasets/combined_6class_plasticmetal_cleaned/train/Glass/glass96.jpg,,prepared_datasets/combined_6class_plasticmetal_cleaned/train/Glass/glass96.jpg,,,,,,,,
cleaned_train_Glass_glass97.jpg,CombinedCleaned,image_classification,train,Glass,Glass,prepared_datasets/combined_6class_plasticmetal_cleaned/train/Glass/glass97.jpg,,prepared_datasets/combined_6class_plasticmetal_cleaned/train/Glass/glass97.jpg,,,,,,,,
cleaned_train_Glass_glass98.jpg,CombinedCleaned,image_classification,train,Glass,Glass,prepared_datasets/combined_6class_plasticmetal_cleaned/train/Glass/glass98.jpg,,prepared_datasets/combined_6class_plasticmetal_cleaned/train/Glass/glass98.jpg,,,,,,,,
cleaned_train_Glass_glass99.jpg,CombinedCleaned,image_classification,train,Glass,Glass,prepared_datasets/combined_6class_plasticmetal_cleaned/train/Glass/glass99.jpg,,prepared_datasets/combined_6class_plasticmetal_cleaned/train/Glass/glass99.jpg,,,,,,,,
cleaned_train_Glass_IMG_5042_ann2513.jpg,CombinedCleaned,image_classification,train,Glass,Glass,prepared_datasets/combined_6class_plasticmetal_cleaned/train/Glass/IMG_5042_ann2513.jpg,,prepared_datasets/combined_6class_plasticmetal_cleaned/train/Glass/IMG_5042_ann2513.jpg,,,,,,,,
cleaned_train_Metal_000000_ann1882.jpg,CombinedCleaned,image_classification,train,Metal,Metal,prepared_datasets/combined_6class_plasticmetal_cleaned/train/Metal/000000_ann1882.jpg,,prepared_datasets/combined_6class_plasticmetal_cleaned/train/Metal/000000_ann1882.jpg,,,,,,,,
cleaned_train_Metal_000002_ann3034.jpg,CombinedCleaned,image_classification,train,Metal,Metal,prepared_datasets/combined_6class_plasticmetal_cleaned/train/Metal/000002_ann3034.jpg,,prepared_datasets/combined_6class_plasticmetal_cleaned/train/Metal/000002_ann3034.jpg,,,,,,,,
cleaned_train_Metal_000004_ann3037.jpg,CombinedCleaned,image_classification,train,Metal,Metal,prepared_datasets/combined_6class_plasticmetal_cleaned/train/Metal/000004_ann3037.jpg,,prepared_datasets/combined_6class_plasticmetal_cleaned/train/Metal/000004_ann3037.jpg,,,,,,,,
cleaned_train_Metal_000005_ann3042.jpg,CombinedCleaned,image_classification,train,Metal,Metal,prepared_datasets/combined_6class_plasticmetal_cleaned/train/Metal/000005_ann3042.jpg,,prepared_datasets/combined_6class_plasticmetal_cleaned/train/Metal/000005_ann3042.jpg,,,,,,,,
cleaned_train_Metal_000007_ann2213.jpg,CombinedCleaned,image_classification,train,Metal,Metal,prepared_datasets/combined_6class_plasticmetal_cleaned/train/Metal/000007_ann2213.jpg,,prepared_datasets/combined_6class_plasticmetal_cleaned/train/Metal/000007_ann2213.jpg,,,,,,,,
cleaned_train_Metal_000007_ann3047.jpg,CombinedCleaned,image_classification,train,Metal,Metal,prepared_datasets/combined_6class_plasticmetal_cleaned/train/Metal/000007_ann3047.jpg,,prepared_datasets/combined_6class_plasticmetal_cleaned/train/Metal/000007_ann3047.jpg,,,,,,,,
cleaned_train_Metal_000008_ann4060.jpg,CombinedCleaned,image_classification,train,Metal,Metal,prepared_datasets/combined_6class_plasticmetal_cleaned/train/Metal/000008_ann4060.jpg,,prepared_datasets/combined_6class_plasticmetal_cleaned/train/Metal/000008_ann4060.jpg,,,,,,,,
cleaned_train_Metal_000008_ann937.jpg,CombinedCleaned,image_classification,train,Metal,Metal,prepared_datasets/combined_6class_plasticmetal_cleaned/train/Metal/000008_ann937.jpg,,prepared_datasets/combined_6class_plasticmetal_cleaned/train/Metal/000008_ann937.jpg,,,,,,,,
cleaned_train_Metal_000009_ann4066.jpg,CombinedCleaned,image_classification,train,Metal,Metal,prepared_datasets/combined_6class_plasticmetal_cleaned/train/Metal/000009_ann4066.jpg,,prepared_datasets/combined_6class_plasticmetal_cleaned/train/Metal/000009_ann4066.jpg,,,,,,,,
cleaned_train_Metal_000011_ann53.jpg,CombinedCleaned,image_classification,train,Metal,Metal,prepared_datasets/combined_6class_plasticmetal_cleaned/train/Metal/000011_ann53.jpg,,prepared_datasets/combined_6class_plasticmetal_cleaned/train/Metal/000011_ann53.jpg,,,,,,,,
cleaned_train_Metal_000012_ann3061.jpg,CombinedCleaned,image_classification,train,Metal,Metal,prepared_datasets/combined_6class_plasticmetal_cleaned/train/Metal/000012_ann3061.jpg,,prepared_datasets/combined_6class_plasticmetal_cleaned/train/Metal/000012_ann3061.jpg,,,,,,,,
cleaned_train_Metal_000013_ann1924.jpg,CombinedCleaned,image_classification,train,Metal,Metal,prepared_datasets/combined_6class_plasticmetal_cleaned/train/Metal/000013_ann1924.jpg,,prepared_datasets/combined_6class_plasticmetal_cleaned/train/Metal/000013_ann1924.jpg,,,,,,,,
cleaned_train_Metal_000013_ann3560.jpg,CombinedCleaned,image_classification,train,Metal,Metal,prepared_datasets/combined_6class_plasticmetal_cleaned/train/Metal/000013_ann3560.jpg,,prepared_datasets/combined_6class_plasticmetal_cleaned/train/Metal/000013_ann3560.jpg,,,,,,,,
cleaned_train_Metal_000014_ann28.jpg,CombinedCleaned,image_classification,train,Metal,Metal,prepared_datasets/combined_6class_plasticmetal_cleaned/train/Metal/000014_ann28.jpg,,prepared_datasets/combined_6class_plasticmetal_cleaned/train/Metal/000014_ann28.jpg,,,,,,,,
cleaned_train_Metal_000014_ann4079.jpg,CombinedCleaned,image_classification,train,Metal,Metal,prepared_datasets/combined_6class_plasticmetal_cleaned/train/Metal/000014_ann4079.jpg,,prepared_datasets/combined_6class_plasticmetal_cleaned/train/Metal/000014_ann4079.jpg,,,,,,,,
cleaned_train_Metal_000014_ann4081.jpg,CombinedCleaned,image_classification,train,Metal,Metal,prepared_datasets/combined_6class_plasticmetal_cleaned/train/Metal/000014_ann4081.jpg,,prepared_datasets/combined_6class_plasticmetal_cleaned/train/Metal/000014_ann4081.jpg,,,,,,,,
cleaned_train_Metal_000014_ann4082.jpg,CombinedCleaned,image_classification,train,Metal,Metal,prepared_datasets/combined_6class_plasticmetal_cleaned/train/Metal/000014_ann4082.jpg,,prepared_datasets/combined_6class_plasticmetal_cleaned/train/Metal/000014_ann4082.jpg,,,,,,,,
cleaned_train_Metal_000014_ann4084.jpg,CombinedCleaned,image_classification,train,Metal,Metal,prepared_datasets/combined_6class_plasticmetal_cleaned/train/Metal/000014_ann4084.jpg,,prepared_datasets/combined_6class_plasticmetal_cleaned/train/Metal/000014_ann4084.jpg,,,,,,,,
cleaned_train_Metal_000014_ann4085.jpg,CombinedCleaned,image_classification,train,Metal,Metal,prepared_datasets/combined_6class_plasticmetal_cleaned/train/Metal/000014_ann4085.jpg,,prepared_datasets/combined_6class_plasticmetal_cleaned/train/Metal/000014_ann4085.jpg,,,,,,,,
cleaned_train_Metal_000014_ann4088.jpg,CombinedCleaned,image_classification,train,Metal,Metal,prepared_datasets/combined_6class_plasticmetal_cleaned/train/Metal/000014_ann4088.jpg,,prepared_datasets/combined_6class_plasticmetal_cleaned/train/Metal/000014_ann4088.jpg,,,,,,,,
cleaned_train_Metal_000014_ann4089.jpg,CombinedCleaned,image_classification,train,Metal,Metal,prepared_datasets/combined_6class_plasticmetal_cleaned/train/Metal/000014_ann4089.jpg,,prepared_datasets/combined_6class_plasticmetal_cleaned/train/Metal/000014_ann4089.jpg,,,,,,,,
cleaned_train_Metal_000014_ann4090.jpg,CombinedCleaned,image_classification,train,Metal,Metal,prepared_datasets/combined_6class_plasticmetal_cleaned/train/Metal/000014_ann4090.jpg,,prepared_datasets/combined_6class_plasticmetal_cleaned/train/Metal/000014_ann4090.jpg,,,,,,,,
cleaned_train_Metal_000014_ann4091.jpg,CombinedCleaned,image_classification,train,Metal,Metal,prepared_datasets/combined_6class_plasticmetal_cleaned/train/Metal/000014_ann4091.jpg,,prepared_datasets/combined_6class_plasticmetal_cleaned/train/Metal/000014_ann4091.jpg,,,,,,,,
cleaned_train_Metal_000016_ann3080.jpg,CombinedCleaned,image_classification,train,Metal,Metal,prepared_datasets/combined_6class_plasticmetal_cleaned/train/Metal/000016_ann3080.jpg,,prepared_datasets/combined_6class_plasticmetal_cleaned/train/Metal/000016_ann3080.jpg,,,,,,,,
cleaned_train_Metal_000018_ann958.jpg,CombinedCleaned,image_classification,train,Metal,Metal,prepared_datasets/combined_6class_plasticmetal_cleaned/train/Metal/000018_ann958.jpg,,prepared_datasets/combined_6class_plasticmetal_cleaned/train/Metal/000018_ann958.jpg,,,,,,,,
cleaned_train_Metal_000019_ann9.jpg,CombinedCleaned,image_classification,train,Metal,Metal,prepared_datasets/combined_6class_plasticmetal_cleaned/train/Metal/000019_ann9.jpg,,prepared_datasets/combined_6class_plasticmetal_cleaned/train/Metal/000019_ann9.jpg,,,,,,,,
cleaned_train_Metal_000021_ann1730.jpg,CombinedCleaned,image_classification,train,Metal,Metal,prepared_datasets/combined_6class_plasticmetal_cleaned/train/Metal/000021_ann1730.jpg,,prepared_datasets/combined_6class_plasticmetal_cleaned/train/Metal/000021_ann1730.jpg,,,,,,,,
cleaned_train_Metal_000023_ann75.jpg,CombinedCleaned,image_classification,train,Metal,Metal,prepared_datasets/combined_6class_plasticmetal_cleaned/train/Metal/000023_ann75.jpg,,prepared_datasets/combined_6class_plasticmetal_cleaned/train/Metal/000023_ann75.jpg,,,,,,,,
cleaned_train_Metal_000023_ann76.jpg,CombinedCleaned,image_classification,train,Metal,Metal,prepared_datasets/combined_6class_plasticmetal_cleaned/train/Metal/000023_ann76.jpg,,prepared_datasets/combined_6class_plasticmetal_cleaned/train/Metal/000023_ann76.jpg,,,,,,,,
cleaned_train_Metal_000024_ann1741.jpg,CombinedCleaned,image_classification,train,Metal,Metal,prepared_datasets/combined_6class_plasticmetal_cleaned/train/Metal/000024_ann1741.jpg,,prepared_datasets/combined_6class_plasticmetal_cleaned/train/Metal/000024_ann1741.jpg,,,,,,,,
cleaned_train_Metal_000024_ann3530.jpg,CombinedCleaned,image_classification,train,Metal,Metal,prepared_datasets/combined_6class_plasticmetal_cleaned/train/Metal/000024_ann3530.jpg,,prepared_datasets/combined_6class_plasticmetal_cleaned/train/Metal/000024_ann3530.jpg,,,,,,,,
cleaned_train_Metal_000025_ann103.jpg,CombinedCleaned,image_classification,train,Metal,Metal,prepared_datasets/combined_6class_plasticmetal_cleaned/train/Metal/000025_ann103.jpg,,prepared_datasets/combined_6class_plasticmetal_cleaned/train/Metal/000025_ann103.jpg,,,,,,,,
cleaned_train_Metal_000025_ann3691.jpg,CombinedCleaned,image_classification,train,Metal,Metal,prepared_datasets/combined_6class_plasticmetal_cleaned/train/Metal/000025_ann3691.jpg,,prepared_datasets/combined_6class_plasticmetal_cleaned/train/Metal/000025_ann3691.jpg,,,,,,,,
cleaned_train_Metal_000026_ann1543.jpg,CombinedCleaned,image_classification,train,Metal,Metal,prepared_datasets/combined_6class_plasticmetal_cleaned/train/Metal/000026_ann1543.jpg,,prepared_datasets/combined_6class_plasticmetal_cleaned/train/Metal/000026_ann1543.jpg,,,,,,,,
cleaned_train_Metal_000027_ann2257.jpg,CombinedCleaned,image_classification,train,Metal,Metal,prepared_datasets/combined_6class_plasticmetal_cleaned/train/Metal/000027_ann2257.jpg,,prepared_datasets/combined_6class_plasticmetal_cleaned/train/Metal/000027_ann2257.jpg,,,,,,,,
cleaned_train_Metal_000027_ann2258.jpg,CombinedCleaned,image_classification,train,Metal,Metal,prepared_datasets/combined_6class_plasticmetal_cleaned/train/Metal/000027_ann2258.jpg,,prepared_datasets/combined_6class_plasticmetal_cleaned/train/Metal/000027_ann2258.jpg,,,,,,,,
cleaned_train_Metal_000027_ann83.jpg,CombinedCleaned,image_classification,train,Metal,Metal,prepared_datasets/combined_6class_plasticmetal_cleaned/train/Metal/000027_ann83.jpg,,prepared_datasets/combined_6class_plasticmetal_cleaned/train/Metal/000027_ann83.jpg,,,,,,,,
cleaned_train_Metal_000028_ann4210.jpg,CombinedCleaned,image_classification,train,Metal,Metal,prepared_datasets/combined_6class_plasticmetal_cleaned/train/Metal/000028_ann4210.jpg,,prepared_datasets/combined_6class_plasticmetal_cleaned/train/Metal/000028_ann4210.jpg,,,,,,,,
cleaned_train_Metal_000029_ann106.jpg,CombinedCleaned,image_classification,train,Metal,Metal,prepared_datasets/combined_6class_plasticmetal_cleaned/train/Metal/000029_ann106.jpg,,prepared_datasets/combined_6class_plasticmetal_cleaned/train/Metal/000029_ann106.jpg,,,,,,,,
cleaned_train_Metal_000029_ann2260.jpg,CombinedCleaned,image_classification,train,Metal,Metal,prepared_datasets/combined_6class_plasticmetal_cleaned/train/Metal/000029_ann2260.jpg,,prepared_datasets/combined_6class_plasticmetal_cleaned/train/Metal/000029_ann2260.jpg,,,,,,,,
cleaned_train_Metal_000029_ann2261.jpg,CombinedCleaned,image_classification,train,Metal,Metal,prepared_datasets/combined_6class_plasticmetal_cleaned/train/Metal/000029_ann2261.jpg,,prepared_datasets/combined_6class_plasticmetal_cleaned/train/Metal/000029_ann2261.jpg,,,,,,,,
cleaned_train_Metal_000030_ann2050.jpg,CombinedCleaned,image_classification,train,Metal,Metal,prepared_datasets/combined_6class_plasticmetal_cleaned/train/Metal/000030_ann2050.jpg,,prepared_datasets/combined_6class_plasticmetal_cleaned/train/Metal/000030_ann2050.jpg,,,,,,,,
cleaned_train_Metal_000030_ann85.jpg,CombinedCleaned,image_classification,train,Metal,Metal,prepared_datasets/combined_6class_plasticmetal_cleaned/train/Metal/000030_ann85.jpg,,prepared_datasets/combined_6class_plasticmetal_cleaned/train/Metal/000030_ann85.jpg,,,,,,,,
cleaned_train_Metal_000031_ann86.jpg,CombinedCleaned,image_classification,train,Metal,Metal,prepared_datasets/combined_6class_plasticmetal_cleaned/train/Metal/000031_ann86.jpg,,prepared_datasets/combined_6class_plasticmetal_cleaned/train/Metal/000031_ann86.jpg,,,,,,,,
cleaned_train_Metal_000032_ann54.jpg,CombinedCleaned,image_classification,train,Metal,Metal,prepared_datasets/combined_6class_plasticmetal_cleaned/train/Metal/000032_ann54.jpg,,prepared_datasets/combined_6class_plasticmetal_cleaned/train/Metal/000032_ann54.jpg,,,,,,,,
cleaned_train_Metal_000035_ann2268.jpg,CombinedCleaned,image_classification,train,Metal,Metal,prepared_datasets/combined_6class_plasticmetal_cleaned/train/Metal/000035_ann2268.jpg,,prepared_datasets/combined_6class_plasticmetal_cleaned/train/Metal/000035_ann2268.jpg,,,,,,,,
cleaned_train_Metal_000036_ann1755.jpg,CombinedCleaned,image_classification,train,Metal,Metal,prepared_datasets/combined_6class_plasticmetal_cleaned/train/Metal/000036_ann1755.jpg,,prepared_datasets/combined_6class_plasticmetal_cleaned/train/Metal/000036_ann1755.jpg,,,,,,,,
cleaned_train_Metal_000037_ann110.jpg,CombinedCleaned,image_classification,train,Metal,Metal,prepared_datasets/combined_6class_plasticmetal_cleaned/train/Metal/000037_ann110.jpg,,prepared_datasets/combined_6class_plasticmetal_cleaned/train/Metal/000037_ann110.jpg,,,,,,,,
cleaned_train_Metal_000037_ann111.jpg,CombinedCleaned,image_classification,train,Metal,Metal,prepared_datasets/combined_6class_plasticmetal_cleaned/train/Metal/000037_ann111.jpg,,prepared_datasets/combined_6class_plasticmetal_cleaned/train/Metal/000037_ann111.jpg,,,,,,,,
cleaned_train_Metal_000037_ann112.jpg,CombinedCleaned,image_classification,train,Metal,Metal,prepared_datasets/combined_6class_plasticmetal_cleaned/train/Metal/000037_ann112.jpg,,prepared_datasets/combined_6class_plasticmetal_cleaned/train/Metal/000037_ann112.jpg,,,,,,,,
cleaned_train_Metal_000037_ann1564.jpg,CombinedCleaned,image_classification,train,Metal,Metal,prepared_datasets/combined_6class_plasticmetal_cleaned/train/Metal/000037_ann1564.jpg,,prepared_datasets/combined_6class_plasticmetal_cleaned/train/Metal/000037_ann1564.jpg,,,,,,,,
cleaned_train_Metal_000038_ann123.jpg,CombinedCleaned,image_classification,train,Metal,Metal,prepared_datasets/combined_6class_plasticmetal_cleaned/train/Metal/000038_ann123.jpg,,prepared_datasets/combined_6class_plasticmetal_cleaned/train/Metal/000038_ann123.jpg,,,,,,,,
cleaned_train_Metal_000039_ann2278.jpg,CombinedCleaned,image_classification,train,Metal,Metal,prepared_datasets/combined_6class_plasticmetal_cleaned/train/Metal/000039_ann2278.jpg,,prepared_datasets/combined_6class_plasticmetal_cleaned/train/Metal/000039_ann2278.jpg,,,,,,,,
cleaned_train_Metal_000040_ann3133.jpg,CombinedCleaned,image_classification,train,Metal,Metal,prepared_datasets/combined_6class_plasticmetal_cleaned/train/Metal/000040_ann3133.jpg,,prepared_datasets/combined_6class_plasticmetal_cleaned/train/Metal/000040_ann3133.jpg,,,,,,,,
cleaned_train_Metal_000040_ann56.jpg,CombinedCleaned,image_classification,train,Metal,Metal,prepared_datasets/combined_6class_plasticmetal_cleaned/train/Metal/000040_ann56.jpg,,prepared_datasets/combined_6class_plasticmetal_cleaned/train/Metal/000040_ann56.jpg,,,,,,,,
cleaned_train_Metal_000040_ann57.jpg,CombinedCleaned,image_classification,train,Metal,Metal,prepared_datasets/combined_6class_plasticmetal_cleaned/train/Metal/000040_ann57.jpg,,prepared_datasets/combined_6class_plasticmetal_cleaned/train/Metal/000040_ann57.jpg,,,,,,,,
cleaned_train_Metal_000041_ann784.jpg,CombinedCleaned,image_classification,train,Metal,Metal,prepared_datasets/combined_6class_plasticmetal_cleaned/train/Metal/000041_ann784.jpg,,prepared_datasets/combined_6class_plasticmetal_cleaned/train/Metal/000041_ann784.jpg,,,,,,,,
cleaned_train_Metal_000042_ann87.jpg,CombinedCleaned,image_classification,train,Metal,Metal,prepared_datasets/combined_6class_plasticmetal_cleaned/train/Metal/000042_ann87.jpg,,prepared_datasets/combined_6class_plasticmetal_cleaned/train/Metal/000042_ann87.jpg,,,,,,,,
cleaned_train_Metal_000042_ann88.jpg,CombinedCleaned,image_classification,train,Metal,Metal,prepared_datasets/combined_6class_plasticmetal_cleaned/train/Metal/000042_ann88.jpg,,prepared_datasets/combined_6class_plasticmetal_cleaned/train/Metal/000042_ann88.jpg,,,,,,,,
cleaned_train_Metal_000043_ann60.jpg,CombinedCleaned,image_classification,train,Metal,Metal,prepared_datasets/combined_6class_plasticmetal_cleaned/train/Metal/000043_ann60.jpg,,prepared_datasets/combined_6class_plasticmetal_cleaned/train/Metal/000043_ann60.jpg,,,,,,,,
cleaned_train_Metal_000044_ann1135.jpg,CombinedCleaned,image_classification,train,Metal,Metal,prepared_datasets/combined_6class_plasticmetal_cleaned/train/Metal/000044_ann1135.jpg,,prepared_datasets/combined_6class_plasticmetal_cleaned/train/Metal/000044_ann1135.jpg,,,,,,,,
cleaned_train_Metal_000045_ann115.jpg,CombinedCleaned,image_classification,train,Metal,Metal,prepared_datasets/combined_6class_plasticmetal_cleaned/train/Metal/000045_ann115.jpg,,prepared_datasets/combined_6class_plasticmetal_cleaned/train/Metal/000045_ann115.jpg,,,,,,,,
cleaned_train_Metal_000045_ann116.jpg,CombinedCleaned,image_classification,train,Metal,Metal,prepared_datasets/combined_6class_plasticmetal_cleaned/train/Metal/000045_ann116.jpg,,prepared_datasets/combined_6class_plasticmetal_cleaned/train/Metal/000045_ann116.jpg,,,,,,,,
cleaned_train_Metal_000045_ann118.jpg,CombinedCleaned,image_classification,train,Metal,Metal,prepared_datasets/combined_6class_plasticmetal_cleaned/train/Metal/000045_ann118.jpg,,prepared_datasets/combined_6class_plasticmetal_cleaned/train/Metal/000045_ann118.jpg,,,,,,,,
cleaned_train_Metal_000045_ann119.jpg,CombinedCleaned,image_classification,train,Metal,Metal,prepared_datasets/combined_6class_plasticmetal_cleaned/train/Metal/000045_ann119.jpg,,prepared_datasets/combined_6class_plasticmetal_cleaned/train/Metal/000045_ann119.jpg,,,,,,,,
cleaned_train_Metal_000045_ann1577.jpg,CombinedCleaned,image_classification,train,Metal,Metal,prepared_datasets/combined_6class_plasticmetal_cleaned/train/Metal/000045_ann1577.jpg,,prepared_datasets/combined_6class_plasticmetal_cleaned/train/Metal/000045_ann1577.jpg,,,,,,,,
cleaned_train_Metal_000046_ann3146.jpg,CombinedCleaned,image_classification,train,Metal,Metal,prepared_datasets/combined_6class_plasticmetal_cleaned/train/Metal/000046_ann3146.jpg,,prepared_datasets/combined_6class_plasticmetal_cleaned/train/Metal/000046_ann3146.jpg,,,,,,,,
cleaned_train_Metal_000047_ann11.jpg,CombinedCleaned,image_classification,train,Metal,Metal,prepared_datasets/combined_6class_plasticmetal_cleaned/train/Metal/000047_ann11.jpg,,prepared_datasets/combined_6class_plasticmetal_cleaned/train/Metal/000047_ann11.jpg,,,,,,,,
cleaned_train_Metal_000047_ann12.jpg,CombinedCleaned,image_classification,train,Metal,Metal,prepared_datasets/combined_6class_plasticmetal_cleaned/train/Metal/000047_ann12.jpg,,prepared_datasets/combined_6class_plasticmetal_cleaned/train/Metal/000047_ann12.jpg,,,,,,,,
cleaned_train_Metal_000047_ann1773.jpg,CombinedCleaned,image_classification,train,Metal,Metal,prepared_datasets/combined_6class_plasticmetal_cleaned/train/Metal/000047_ann1773.jpg,,prepared_datasets/combined_6class_plasticmetal_cleaned/train/Metal/000047_ann1773.jpg,,,,,,,,
cleaned_train_Metal_000049_ann62.jpg,CombinedCleaned,image_classification,train,Metal,Metal,prepared_datasets/combined_6class_plasticmetal_cleaned/train/Metal/000049_ann62.jpg,,prepared_datasets/combined_6class_plasticmetal_cleaned/train/Metal/000049_ann62.jpg,,,,,,,,
cleaned_train_Metal_000050_ann91.jpg,CombinedCleaned,image_classification,train,Metal,Metal,prepared_datasets/combined_6class_plasticmetal_cleaned/train/Metal/000050_ann91.jpg,,prepared_datasets/combined_6class_plasticmetal_cleaned/train/Metal/000050_ann91.jpg,,,,,,,,
cleaned_train_Metal_000051_ann3167.jpg,CombinedCleaned,image_classification,train,Metal,Metal,prepared_datasets/combined_6class_plasticmetal_cleaned/train/Metal/000051_ann3167.jpg,,prepared_datasets/combined_6class_plasticmetal_cleaned/train/Metal/000051_ann3167.jpg,,,,,,,,
cleaned_train_Metal_000053_ann1195.jpg,CombinedCleaned,image_classification,train,Metal,Metal,prepared_datasets/combined_6class_plasticmetal_cleaned/train/Metal/000053_ann1195.jpg,,prepared_datasets/combined_6class_plasticmetal_cleaned/train/Metal/000053_ann1195.jpg,,,,,,,,
cleaned_train_Metal_000054_ann1598.jpg,CombinedCleaned,image_classification,train,Metal,Metal,prepared_datasets/combined_6class_plasticmetal_cleaned/train/Metal/000054_ann1598.jpg,,prepared_datasets/combined_6class_plasticmetal_cleaned/train/Metal/000054_ann1598.jpg,,,,,,,,
cleaned_train_Metal_000054_ann1601.jpg,CombinedCleaned,image_classification,train,Metal,Metal,prepared_datasets/combined_6class_plasticmetal_cleaned/train/Metal/000054_ann1601.jpg,,prepared_datasets/combined_6class_plasticmetal_cleaned/train/Metal/000054_ann1601.jpg,,,,,,,,
cleaned_train_Metal_000054_ann1602.jpg,CombinedCleaned,image_classification,train,Metal,Metal,prepared_datasets/combined_6class_plasticmetal_cleaned/train/Metal/000054_ann1602.jpg,,prepared_datasets/combined_6class_plasticmetal_cleaned/train/Metal/000054_ann1602.jpg,,,,,,,,
cleaned_train_Metal_000054_ann1603.jpg,CombinedCleaned,image_classification,train,Metal,Metal,prepared_datasets/combined_6class_plasticmetal_cleaned/train/Metal/000054_ann1603.jpg,,prepared_datasets/combined_6class_plasticmetal_cleaned/train/Metal/000054_ann1603.jpg,,,,,,,,
cleaned_train_Metal_000054_ann1605.jpg,CombinedCleaned,image_classification,train,Metal,Metal,prepared_datasets/combined_6class_plasticmetal_cleaned/train/Metal/000054_ann1605.jpg,,prepared_datasets/combined_6class_plasticmetal_cleaned/train/Metal/000054_ann1605.jpg,,,,,,,,
cleaned_train_Metal_000054_ann1606.jpg,CombinedCleaned,image_classification,train,Metal,Metal,prepared_datasets/combined_6class_plasticmetal_cleaned/train/Metal/000054_ann1606.jpg,,prepared_datasets/combined_6class_plasticmetal_cleaned/train/Metal/000054_ann1606.jpg,,,,,,,,
cleaned_train_Metal_000054_ann1609.jpg,CombinedCleaned,image_classification,train,Metal,Metal,prepared_datasets/combined_6class_plasticmetal_cleaned/train/Metal/000054_ann1609.jpg,,prepared_datasets/combined_6class_plasticmetal_cleaned/train/Metal/000054_ann1609.jpg,,,,,,,,
cleaned_train_Metal_000054_ann1610.jpg,CombinedCleaned,image_classification,train,Metal,Metal,prepared_datasets/combined_6class_plasticmetal_cleaned/train/Metal/000054_ann1610.jpg,,prepared_datasets/combined_6class_plasticmetal_cleaned/train/Metal/000054_ann1610.jpg,,,,,,,,
cleaned_train_Metal_000054_ann1611.jpg,CombinedCleaned,image_classification,train,Metal,Metal,prepared_datasets/combined_6class_plasticmetal_cleaned/train/Metal/000054_ann1611.jpg,,prepared_datasets/combined_6class_plasticmetal_cleaned/train/Metal/000054_ann1611.jpg,,,,,,,,
cleaned_train_Metal_000054_ann64.jpg,CombinedCleaned,image_classification,train,Metal,Metal,prepared_datasets/combined_6class_plasticmetal_cleaned/train/Metal/000054_ann64.jpg,,prepared_datasets/combined_6class_plasticmetal_cleaned/train/Metal/000054_ann64.jpg,,,,,,,,
cleaned_train_Metal_000055_ann17.jpg,CombinedCleaned,image_classification,train,Metal,Metal,prepared_datasets/combined_6class_plasticmetal_cleaned/train/Metal/000055_ann17.jpg,,prepared_datasets/combined_6class_plasticmetal_cleaned/train/Metal/000055_ann17.jpg,,,,,,,,
cleaned_train_Metal_000057_ann3435.jpg,CombinedCleaned,image_classification,train,Metal,Metal,prepared_datasets/combined_6class_plasticmetal_cleaned/train/Metal/000057_ann3435.jpg,,prepared_datasets/combined_6class_plasticmetal_cleaned/train/Metal/000057_ann3435.jpg,,,,,,,,
cleaned_train_Metal_000057_ann3436.jpg,CombinedCleaned,image_classification,train,Metal,Metal,prepared_datasets/combined_6class_plasticmetal_cleaned/train/Metal/000057_ann3436.jpg,,prepared_datasets/combined_6class_plasticmetal_cleaned/train/Metal/000057_ann3436.jpg,,,,,,,,
cleaned_train_Metal_000057_ann3437.jpg,CombinedCleaned,image_classification,train,Metal,Metal,prepared_datasets/combined_6class_plasticmetal_cleaned/train/Metal/000057_ann3437.jpg,,prepared_datasets/combined_6class_plasticmetal_cleaned/train/Metal/000057_ann3437.jpg,,,,,,,,
cleaned_train_Metal_000057_ann3438.jpg,CombinedCleaned,image_classification,train,Metal,Metal,prepared_datasets/combined_6class_plasticmetal_cleaned/train/Metal/000057_ann3438.jpg,,prepared_datasets/combined_6class_plasticmetal_cleaned/train/Metal/000057_ann3438.jpg,,,,,,,,
cleaned_train_Metal_000057_ann3442.jpg,CombinedCleaned,image_classification,train,Metal,Metal,prepared_datasets/combined_6class_plasticmetal_cleaned/train/Metal/000057_ann3442.jpg,,prepared_datasets/combined_6class_plasticmetal_cleaned/train/Metal/000057_ann3442.jpg,,,,,,,,
cleaned_train_Metal_000057_ann3444.jpg,CombinedCleaned,image_classification,train,Metal,Metal,prepared_datasets/combined_6class_plasticmetal_cleaned/train/Metal/000057_ann3444.jpg,,prepared_datasets/combined_6class_plasticmetal_cleaned/train/Metal/000057_ann3444.jpg,,,,,,,,
cleaned_train_Metal_000059_ann1634.jpg,CombinedCleaned,image_classification,train,Metal,Metal,prepared_datasets/combined_6class_plasticmetal_cleaned/train/Metal/000059_ann1634.jpg,,prepared_datasets/combined_6class_plasticmetal_cleaned/train/Metal/000059_ann1634.jpg,,,,,,,,
cleaned_train_Metal_000059_ann4353.jpg,CombinedCleaned,image_classification,train,Metal,Metal,prepared_datasets/combined_6class_plasticmetal_cleaned/train/Metal/000059_ann4353.jpg,,prepared_datasets/combined_6class_plasticmetal_cleaned/train/Metal/000059_ann4353.jpg,,,,,,,,
cleaned_train_Metal_000059_ann93.jpg,CombinedCleaned,image_classification,train,Metal,Metal,prepared_datasets/combined_6class_plasticmetal_cleaned/train/Metal/000059_ann93.jpg,,prepared_datasets/combined_6class_plasticmetal_cleaned/train/Metal/000059_ann93.jpg,,,,,,,,
cleaned_train_Metal_000062_ann176.jpg,CombinedCleaned,image_classification,train,Metal,Metal,prepared_datasets/combined_6class_plasticmetal_cleaned/train/Metal/000062_ann176.jpg,,prepared_datasets/combined_6class_plasticmetal_cleaned/train/Metal/000062_ann176.jpg,,,,,,,,
cleaned_train_Metal_000062_ann177.jpg,CombinedCleaned,image_classification,train,Metal,Metal,prepared_datasets/combined_6class_plasticmetal_cleaned/train/Metal/000062_ann177.jpg,,prepared_datasets/combined_6class_plasticmetal_cleaned/train/Metal/000062_ann177.jpg,,,,,,,,
cleaned_train_Metal_000069_ann134.jpg,CombinedCleaned,image_classification,train,Metal,Metal,prepared_datasets/combined_6class_plasticmetal_cleaned/train/Metal/000069_ann134.jpg,,prepared_datasets/combined_6class_plasticmetal_cleaned/train/Metal/000069_ann134.jpg,,,,,,,,
cleaned_train_Metal_000070_ann135.jpg,CombinedCleaned,image_classification,train,Metal,Metal,prepared_datasets/combined_6class_plasticmetal_cleaned/train/Metal/000070_ann135.jpg,,prepared_datasets/combined_6class_plasticmetal_cleaned/train/Metal/000070_ann135.jpg,,,,,,,,
cleaned_train_Metal_000072_ann4405.jpg,CombinedCleaned,image_classification,train,Metal,Metal,prepared_datasets/combined_6class_plasticmetal_cleaned/train/Metal/000072_ann4405.jpg,,prepared_datasets/combined_6class_plasticmetal_cleaned/train/Metal/000072_ann4405.jpg,,,,,,,,
cleaned_train_Metal_000073_ann139.jpg,CombinedCleaned,image_classification,train,Metal,Metal,prepared_datasets/combined_6class_plasticmetal_cleaned/train/Metal/000073_ann139.jpg,,prepared_datasets/combined_6class_plasticmetal_cleaned/train/Metal/000073_ann139.jpg,,,,,,,,
cleaned_train_Metal_000075_ann2341.jpg,CombinedCleaned,image_classification,train,Metal,Metal,prepared_datasets/combined_6class_plasticmetal_cleaned/train/Metal/000075_ann2341.jpg,,prepared_datasets/combined_6class_plasticmetal_cleaned/train/Metal/000075_ann2341.jpg,,,,,,,,
cleaned_train_Metal_000076_ann2173.jpg,CombinedCleaned,image_classification,train,Metal,Metal,prepared_datasets/combined_6class_plasticmetal_cleaned/train/Metal/000076_ann2173.jpg,,prepared_datasets/combined_6class_plasticmetal_cleaned/train/Metal/000076_ann2173.jpg,,,,,,,,
cleaned_train_Metal_000077_ann1328.jpg,CombinedCleaned,image_classification,train,Metal,Metal,prepared_datasets/combined_6class_plasticmetal_cleaned/train/Metal/000077_ann1328.jpg,,prepared_datasets/combined_6class_plasticmetal_cleaned/train/Metal/000077_ann1328.jpg,,,,,,,,
cleaned_train_Metal_000078_ann2181.jpg,CombinedCleaned,image_classification,train,Metal,Metal,prepared_datasets/combined_6class_plasticmetal_cleaned/train/Metal/000078_ann2181.jpg,,prepared_datasets/combined_6class_plasticmetal_cleaned/train/Metal/000078_ann2181.jpg,,,,,,,,
cleaned_train_Metal_000078_ann3283.jpg,CombinedCleaned,image_classification,train,Metal,Metal,prepared_datasets/combined_6class_plasticmetal_cleaned/train/Metal/000078_ann3283.jpg,,prepared_datasets/combined_6class_plasticmetal_cleaned/train/Metal/000078_ann3283.jpg,,,,,,,,
cleaned_train_Metal_000079_ann1818.jpg,CombinedCleaned,image_classification,train,Metal,Metal,prepared_datasets/combined_6class_plasticmetal_cleaned/train/Metal/000079_ann1818.jpg,,prepared_datasets/combined_6class_plasticmetal_cleaned/train/Metal/000079_ann1818.jpg,,,,,,,,
cleaned_train_Metal_000081_ann1824.jpg,CombinedCleaned,image_classification,train,Metal,Metal,prepared_datasets/combined_6class_plasticmetal_cleaned/train/Metal/000081_ann1824.jpg,,prepared_datasets/combined_6class_plasticmetal_cleaned/train/Metal/000081_ann1824.jpg,,,,,,,,
cleaned_train_Metal_000083_ann4712.jpg,CombinedCleaned,image_classification,train,Metal,Metal,prepared_datasets/combined_6class_plasticmetal_cleaned/train/Metal/000083_ann4712.jpg,,prepared_datasets/combined_6class_plasticmetal_cleaned/train/Metal/000083_ann4712.jpg,,,,,,,,
cleaned_train_Metal_000086_ann2361.jpg,CombinedCleaned,image_classification,train,Metal,Metal,prepared_datasets/combined_6class_plasticmetal_cleaned/train/Metal/000086_ann2361.jpg,,prepared_datasets/combined_6class_plasticmetal_cleaned/train/Metal/000086_ann2361.jpg,,,,,,,,
cleaned_train_Metal_000088_ann158.jpg,CombinedCleaned,image_classification,train,Metal,Metal,prepared_datasets/combined_6class_plasticmetal_cleaned/train/Metal/000088_ann158.jpg,,prepared_datasets/combined_6class_plasticmetal_cleaned/train/Metal/000088_ann158.jpg,,,,,,,,
cleaned_train_Metal_000088_ann1681.jpg,CombinedCleaned,image_classification,train,Metal,Metal,prepared_datasets/combined_6class_plasticmetal_cleaned/train/Metal/000088_ann1681.jpg,,prepared_datasets/combined_6class_plasticmetal_cleaned/train/Metal/000088_ann1681.jpg,,,,,,,,
cleaned_train_Metal_000088_ann4451.jpg,CombinedCleaned,image_classification,train,Metal,Metal,prepared_datasets/combined_6class_plasticmetal_cleaned/train/Metal/000088_ann4451.jpg,,prepared_datasets/combined_6class_plasticmetal_cleaned/train/Metal/000088_ann4451.jpg,,,,,,,,
cleaned_train_Metal_000090_ann162.jpg,CombinedCleaned,image_classification,train,Metal,Metal,prepared_datasets/combined_6class_plasticmetal_cleaned/train/Metal/000090_ann162.jpg,,prepared_datasets/combined_6class_plasticmetal_cleaned/train/Metal/000090_ann162.jpg,,,,,,,,
cleaned_train_Metal_000092_ann3912.jpg,CombinedCleaned,image_classification,train,Metal,Metal,prepared_datasets/combined_6class_plasticmetal_cleaned/train/Metal/000092_ann3912.jpg,,prepared_datasets/combined_6class_plasticmetal_cleaned/train/Metal/000092_ann3912.jpg,,,,,,,,
cleaned_train_Metal_000092_ann3913.jpg,CombinedCleaned,image_classification,train,Metal,Metal,prepared_datasets/combined_6class_plasticmetal_cleaned/train/Metal/000092_ann3913.jpg,,prepared_datasets/combined_6class_plasticmetal_cleaned/train/Metal/000092_ann3913.jpg,,,,,,,,
cleaned_train_Metal_000094_ann1690.jpg,CombinedCleaned,image_classification,train,Metal,Metal,prepared_datasets/combined_6class_plasticmetal_cleaned/train/Metal/000094_ann1690.jpg,,prepared_datasets/combined_6class_plasticmetal_cleaned/train/Metal/000094_ann1690.jpg,,,,,,,,
cleaned_train_Metal_000095_ann3918.jpg,CombinedCleaned,image_classification,train,Metal,Metal,prepared_datasets/combined_6class_plasticmetal_cleaned/train/Metal/000095_ann3918.jpg,,prepared_datasets/combined_6class_plasticmetal_cleaned/train/Metal/000095_ann3918.jpg,,,,,,,,
cleaned_train_Metal_000095_ann4464.jpg,CombinedCleaned,image_classification,train,Metal,Metal,prepared_datasets/combined_6class_plasticmetal_cleaned/train/Metal/000095_ann4464.jpg,,prepared_datasets/combined_6class_plasticmetal_cleaned/train/Metal/000095_ann4464.jpg,,,,,,,,
cleaned_train_Metal_000097_ann4467.jpg,CombinedCleaned,image_classification,train,Metal,Metal,prepared_datasets/combined_6class_plasticmetal_cleaned/train/Metal/000097_ann4467.jpg,,prepared_datasets/combined_6class_plasticmetal_cleaned/train/Metal/000097_ann4467.jpg,,,,,,,,
cleaned_train_Metal_000097_ann4468.jpg,CombinedCleaned,image_classification,train,Metal,Metal,prepared_datasets/combined_6class_plasticmetal_cleaned/train/Metal/000097_ann4468.jpg,,prepared_datasets/combined_6class_plasticmetal_cleaned/train/Metal/000097_ann4468.jpg,,,,,,,,
cleaned_train_Metal_000104_ann208.jpg,CombinedCleaned,image_classification,train,Metal,Metal,prepared_datasets/combined_6class_plasticmetal_cleaned/train/Metal/000104_ann208.jpg,,prepared_datasets/combined_6class_plasticmetal_cleaned/train/Metal/000104_ann208.jpg,,,,,,,,
cleaned_train_Metal_000107_ann220.jpg,CombinedCleaned,image_classification,train,Metal,Metal,prepared_datasets/combined_6class_plasticmetal_cleaned/train/Metal/000107_ann220.jpg,,prepared_datasets/combined_6class_plasticmetal_cleaned/train/Metal/000107_ann220.jpg,,,,,,,,
cleaned_train_Metal_000111_ann228.jpg,CombinedCleaned,image_classification,train,Metal,Metal,prepared_datasets/combined_6class_plasticmetal_cleaned/train/Metal/000111_ann228.jpg,,prepared_datasets/combined_6class_plasticmetal_cleaned/train/Metal/000111_ann228.jpg,,,,,,,,
cleaned_train_Metal_000114_ann3942.jpg,CombinedCleaned,image_classification,train,Metal,Metal,prepared_datasets/combined_6class_plasticmetal_cleaned/train/Metal/000114_ann3942.jpg,,prepared_datasets/combined_6class_plasticmetal_cleaned/train/Metal/000114_ann3942.jpg,,,,,,,,
cleaned_train_Metal_000115_ann234.jpg,CombinedCleaned,image_classification,train,Metal,Metal,prepared_datasets/combined_6class_plasticmetal_cleaned/train/Metal/000115_ann234.jpg,,prepared_datasets/combined_6class_plasticmetal_cleaned/train/Metal/000115_ann234.jpg,,,,,,,,
cleaned_train_Metal_000118_ann3948.jpg,CombinedCleaned,image_classification,train,Metal,Metal,prepared_datasets/combined_6class_plasticmetal_cleaned/train/Metal/000118_ann3948.jpg,,prepared_datasets/combined_6class_plasticmetal_cleaned/train/Metal/000118_ann3948.jpg,,,,,,,,
cleaned_train_Metal_000127_ann253.jpg,CombinedCleaned,image_classification,train,Metal,Metal,prepared_datasets/combined_6class_plasticmetal_cleaned/train/Metal/000127_ann253.jpg,,prepared_datasets/combined_6class_plasticmetal_cleaned/train/Metal/000127_ann253.jpg,,,,,,,,
cleaned_train_Metal_000128_ann266.jpg,CombinedCleaned,image_classification,train,Metal,Metal,prepared_datasets/combined_6class_plasticmetal_cleaned/train/Metal/000128_ann266.jpg,,prepared_datasets/combined_6class_plasticmetal_cleaned/train/Metal/000128_ann266.jpg,,,,,,,,
cleaned_train_Metal_000128_ann267.jpg,CombinedCleaned,image_classification,train,Metal,Metal,prepared_datasets/combined_6class_plasticmetal_cleaned/train/Metal/000128_ann267.jpg,,prepared_datasets/combined_6class_plasticmetal_cleaned/train/Metal/000128_ann267.jpg,,,,,,,,
cleaned_train_Metal_IMG_4868_ann2559.jpg,CombinedCleaned,image_classification,train,Metal,Metal,prepared_datasets/combined_6class_plasticmetal_cleaned/train/Metal/IMG_4868_ann2559.jpg,,prepared_datasets/combined_6class_plasticmetal_cleaned/train/Metal/IMG_4868_ann2559.jpg,,,,,,,,
cleaned_train_Metal_IMG_4889_ann2577.jpg,CombinedCleaned,image_classification,train,Metal,Metal,prepared_datasets/combined_6class_plasticmetal_cleaned/train/Metal/IMG_4889_ann2577.jpg,,prepared_datasets/combined_6class_plasticmetal_cleaned/train/Metal/IMG_4889_ann2577.jpg,,,,,,,,
cleaned_train_Metal_IMG_4977_ann2487.jpg,CombinedCleaned,image_classification,train,Metal,Metal,prepared_datasets/combined_6class_plasticmetal_cleaned/train/Metal/IMG_4977_ann2487.jpg,,prepared_datasets/combined_6class_plasticmetal_cleaned/train/Metal/IMG_4977_ann2487.jpg,,,,,,,,
cleaned_train_Metal_IMG_4978_ann2488.jpg,CombinedCleaned,image_classification,train,Metal,Metal,prepared_datasets/combined_6class_plasticmetal_cleaned/train/Metal/IMG_4978_ann2488.jpg,,prepared_datasets/combined_6class_plasticmetal_cleaned/train/Metal/IMG_4978_ann2488.jpg,,,,,,,,
cleaned_train_Metal_IMG_4996_ann2498.jpg,CombinedCleaned,image_classification,train,Metal,Metal,prepared_datasets/combined_6class_plasticmetal_cleaned/train/Metal/IMG_4996_ann2498.jpg,,prepared_datasets/combined_6class_plasticmetal_cleaned/train/Metal/IMG_4996_ann2498.jpg,,,,,,,,
cleaned_train_Metal_IMG_4998_ann2502.jpg,CombinedCleaned,image_classification,train,Metal,Metal,prepared_datasets/combined_6class_plasticmetal_cleaned/train/Metal/IMG_4998_ann2502.jpg,,prepared_datasets/combined_6class_plasticmetal_cleaned/train/Metal/IMG_4998_ann2502.jpg,,,,,,,,
cleaned_train_Metal_IMG_5046_ann2518.jpg,CombinedCleaned,image_classification,train,Metal,Metal,prepared_datasets/combined_6class_plasticmetal_cleaned/train/Metal/IMG_5046_ann2518.jpg,,prepared_datasets/combined_6class_plasticmetal_cleaned/train/Metal/IMG_5046_ann2518.jpg,,,,,,,,
cleaned_train_Metal_IMG_5050_ann2524.jpg,CombinedCleaned,image_classification,train,Metal,Metal,prepared_datasets/combined_6class_plasticmetal_cleaned/train/Metal/IMG_5050_ann2524.jpg,,prepared_datasets/combined_6class_plasticmetal_cleaned/train/Metal/IMG_5050_ann2524.jpg,,,,,,,,
cleaned_train_Metal_IMG_5055_ann2537.jpg,CombinedCleaned,image_classification,train,Metal,Metal,prepared_datasets/combined_6class_plasticmetal_cleaned/train/Metal/IMG_5055_ann2537.jpg,,prepared_datasets/combined_6class_plasticmetal_cleaned/train/Metal/IMG_5055_ann2537.jpg,,,,,,,,
cleaned_train_Metal_IMG_5058_ann2542.jpg,CombinedCleaned,image_classification,train,Metal,Metal,prepared_datasets/combined_6class_plasticmetal_cleaned/train/Metal/IMG_5058_ann2542.jpg,,prepared_datasets/combined_6class_plasticmetal_cleaned/train/Metal/IMG_5058_ann2542.jpg,,,,,,,,
cleaned_train_Metal_metal10.jpg,CombinedCleaned,image_classification,train,Metal,Metal,prepared_datasets/combined_6class_plasticmetal_cleaned/train/Metal/metal10.jpg,,prepared_datasets/combined_6class_plasticmetal_cleaned/train/Metal/metal10.jpg,,,,,,,,
cleaned_train_Metal_metal101.jpg,CombinedCleaned,image_classification,train,Metal,Metal,prepared_datasets/combined_6class_plasticmetal_cleaned/train/Metal/metal101.jpg,,prepared_datasets/combined_6class_plasticmetal_cleaned/train/Metal/metal101.jpg,,,,,,,,
cleaned_train_Metal_metal102.jpg,CombinedCleaned,image_classification,train,Metal,Metal,prepared_datasets/combined_6class_plasticmetal_cleaned/train/Metal/metal102.jpg,,prepared_datasets/combined_6class_plasticmetal_cleaned/train/Metal/metal102.jpg,,,,,,,,
cleaned_train_Metal_metal103.jpg,CombinedCleaned,image_classification,train,Metal,Metal,prepared_datasets/combined_6class_plasticmetal_cleaned/train/Metal/metal103.jpg,,prepared_datasets/combined_6class_plasticmetal_cleaned/train/Metal/metal103.jpg,,,,,,,,
cleaned_train_Metal_metal104.jpg,CombinedCleaned,image_classification,train,Metal,Metal,prepared_datasets/combined_6class_plasticmetal_cleaned/train/Metal/metal104.jpg,,prepared_datasets/combined_6class_plasticmetal_cleaned/train/Metal/metal104.jpg,,,,,,,,
cleaned_train_Metal_metal105.jpg,CombinedCleaned,image_classification,train,Metal,Metal,prepared_datasets/combined_6class_plasticmetal_cleaned/train/Metal/metal105.jpg,,prepared_datasets/combined_6class_plasticmetal_cleaned/train/Metal/metal105.jpg,,,,,,,,
cleaned_train_Metal_metal109.jpg,CombinedCleaned,image_classification,train,Metal,Metal,prepared_datasets/combined_6class_plasticmetal_cleaned/train/Metal/metal109.jpg,,prepared_datasets/combined_6class_plasticmetal_cleaned/train/Metal/metal109.jpg,,,,,,,,
cleaned_train_Metal_metal11.jpg,CombinedCleaned,image_classification,train,Metal,Metal,prepared_datasets/combined_6class_plasticmetal_cleaned/train/Metal/metal11.jpg,,prepared_datasets/combined_6class_plasticmetal_cleaned/train/Metal/metal11.jpg,,,,,,,,
cleaned_train_Metal_metal110.jpg,CombinedCleaned,image_classification,train,Metal,Metal,prepared_datasets/combined_6class_plasticmetal_cleaned/train/Metal/metal110.jpg,,prepared_datasets/combined_6class_plasticmetal_cleaned/train/Metal/metal110.jpg,,,,,,,,
cleaned_train_Metal_metal111.jpg,CombinedCleaned,image_classification,train,Metal,Metal,prepared_datasets/combined_6class_plasticmetal_cleaned/train/Metal/metal111.jpg,,prepared_datasets/combined_6class_plasticmetal_cleaned/train/Metal/metal111.jpg,,,,,,,,
cleaned_train_Metal_metal112.jpg,CombinedCleaned,image_classification,train,Metal,Metal,prepared_datasets/combined_6class_plasticmetal_cleaned/train/Metal/metal112.jpg,,prepared_datasets/combined_6class_plasticmetal_cleaned/train/Metal/metal112.jpg,,,,,,,,
cleaned_train_Metal_metal113.jpg,CombinedCleaned,image_classification,train,Metal,Metal,prepared_datasets/combined_6class_plasticmetal_cleaned/train/Metal/metal113.jpg,,prepared_datasets/combined_6class_plasticmetal_cleaned/train/Metal/metal113.jpg,,,,,,,,
cleaned_train_Metal_metal114.jpg,CombinedCleaned,image_classification,train,Metal,Metal,prepared_datasets/combined_6class_plasticmetal_cleaned/train/Metal/metal114.jpg,,prepared_datasets/combined_6class_plasticmetal_cleaned/train/Metal/metal114.jpg,,,,,,,,
cleaned_train_Metal_metal116.jpg,CombinedCleaned,image_classification,train,Metal,Metal,prepared_datasets/combined_6class_plasticmetal_cleaned/train/Metal/metal116.jpg,,prepared_datasets/combined_6class_plasticmetal_cleaned/train/Metal/metal116.jpg,,,,,,,,
cleaned_train_Metal_metal117.jpg,CombinedCleaned,image_classification,train,Metal,Metal,prepared_datasets/combined_6class_plasticmetal_cleaned/train/Metal/metal117.jpg,,prepared_datasets/combined_6class_plasticmetal_cleaned/train/Metal/metal117.jpg,,,,,,,,
cleaned_train_Metal_metal12.jpg,CombinedCleaned,image_classification,train,Metal,Metal,prepared_datasets/combined_6class_plasticmetal_cleaned/train/Metal/metal12.jpg,,prepared_datasets/combined_6class_plasticmetal_cleaned/train/Metal/metal12.jpg,,,,,,,,
cleaned_train_Metal_metal121.jpg,CombinedCleaned,image_classification,train,Metal,Metal,prepared_datasets/combined_6class_plasticmetal_cleaned/train/Metal/metal121.jpg,,prepared_datasets/combined_6class_plasticmetal_cleaned/train/Metal/metal121.jpg,,,,,,,,
cleaned_train_Metal_metal122.jpg,CombinedCleaned,image_classification,train,Metal,Metal,prepared_datasets/combined_6class_plasticmetal_cleaned/train/Metal/metal122.jpg,,prepared_datasets/combined_6class_plasticmetal_cleaned/train/Metal/metal122.jpg,,,,,,,,
cleaned_train_Metal_metal123.jpg,CombinedCleaned,image_classification,train,Metal,Metal,prepared_datasets/combined_6class_plasticmetal_cleaned/train/Metal/metal123.jpg,,prepared_datasets/combined_6class_plasticmetal_cleaned/train/Metal/metal123.jpg,,,,,,,,
cleaned_train_Metal_metal124.jpg,CombinedCleaned,image_classification,train,Metal,Metal,prepared_datasets/combined_6class_plasticmetal_cleaned/train/Metal/metal124.jpg,,prepared_datasets/combined_6class_plasticmetal_cleaned/train/Metal/metal124.jpg,,,,,,,,
cleaned_train_Metal_metal125.jpg,CombinedCleaned,image_classification,train,Metal,Metal,prepared_datasets/combined_6class_plasticmetal_cleaned/train/Metal/metal125.jpg,,prepared_datasets/combined_6class_plasticmetal_cleaned/train/Metal/metal125.jpg,,,,,,,,
cleaned_train_Metal_metal126.jpg,CombinedCleaned,image_classification,train,Metal,Metal,prepared_datasets/combined_6class_plasticmetal_cleaned/train/Metal/metal126.jpg,,prepared_datasets/combined_6class_plasticmetal_cleaned/train/Metal/metal126.jpg,,,,,,,,
cleaned_train_Metal_metal127.jpg,CombinedCleaned,image_classification,train,Metal,Metal,prepared_datasets/combined_6class_plasticmetal_cleaned/train/Metal/metal127.jpg,,prepared_datasets/combined_6class_plasticmetal_cleaned/train/Metal/metal127.jpg,,,,,,,,
cleaned_train_Metal_metal129.jpg,CombinedCleaned,image_classification,train,Metal,Metal,prepared_datasets/combined_6class_plasticmetal_cleaned/train/Metal/metal129.jpg,,prepared_datasets/combined_6class_plasticmetal_cleaned/train/Metal/metal129.jpg,,,,,,,,
cleaned_train_Metal_metal130.jpg,CombinedCleaned,image_classification,train,Metal,Metal,prepared_datasets/combined_6class_plasticmetal_cleaned/train/Metal/metal130.jpg,,prepared_datasets/combined_6class_plasticmetal_cleaned/train/Metal/metal130.jpg,,,,,,,,
cleaned_train_Metal_metal131.jpg,CombinedCleaned,image_classification,train,Metal,Metal,prepared_datasets/combined_6class_plasticmetal_cleaned/train/Metal/metal131.jpg,,prepared_datasets/combined_6class_plasticmetal_cleaned/train/Metal/metal131.jpg,,,,,,,,
cleaned_train_Metal_metal132.jpg,CombinedCleaned,image_classification,train,Metal,Metal,prepared_datasets/combined_6class_plasticmetal_cleaned/train/Metal/metal132.jpg,,prepared_datasets/combined_6class_plasticmetal_cleaned/train/Metal/metal132.jpg,,,,,,,,
cleaned_train_Metal_metal133.jpg,CombinedCleaned,image_classification,train,Metal,Metal,prepared_datasets/combined_6class_plasticmetal_cleaned/train/Metal/metal133.jpg,,prepared_datasets/combined_6class_plasticmetal_cleaned/train/Metal/metal133.jpg,,,,,,,,
cleaned_train_Metal_metal134.jpg,CombinedCleaned,image_classification,train,Metal,Metal,prepared_datasets/combined_6class_plasticmetal_cleaned/train/Metal/metal134.jpg,,prepared_datasets/combined_6class_plasticmetal_cleaned/train/Metal/metal134.jpg,,,,,,,,
cleaned_train_Metal_metal136.jpg,CombinedCleaned,image_classification,train,Metal,Metal,prepared_datasets/combined_6class_plasticmetal_cleaned/train/Metal/metal136.jpg,,prepared_datasets/combined_6class_plasticmetal_cleaned/train/Metal/metal136.jpg,,,,,,,,
cleaned_train_Metal_metal139.jpg,CombinedCleaned,image_classification,train,Metal,Metal,prepared_datasets/combined_6class_plasticmetal_cleaned/train/Metal/metal139.jpg,,prepared_datasets/combined_6class_plasticmetal_cleaned/train/Metal/metal139.jpg,,,,,,,,
cleaned_train_Metal_metal14.jpg,CombinedCleaned,image_classification,train,Metal,Metal,prepared_datasets/combined_6class_plasticmetal_cleaned/train/Metal/metal14.jpg,,prepared_datasets/combined_6class_plasticmetal_cleaned/train/Metal/metal14.jpg,,,,,,,,
cleaned_train_Metal_metal140.jpg,CombinedCleaned,image_classification,train,Metal,Metal,prepared_datasets/combined_6class_plasticmetal_cleaned/train/Metal/metal140.jpg,,prepared_datasets/combined_6class_plasticmetal_cleaned/train/Metal/metal140.jpg,,,,,,,,
cleaned_train_Metal_metal141.jpg,CombinedCleaned,image_classification,train,Metal,Metal,prepared_datasets/combined_6class_plasticmetal_cleaned/train/Metal/metal141.jpg,,prepared_datasets/combined_6class_plasticmetal_cleaned/train/Metal/metal141.jpg,,,,,,,,
cleaned_train_Metal_metal142.jpg,CombinedCleaned,image_classification,train,Metal,Metal,prepared_datasets/combined_6class_plasticmetal_cleaned/train/Metal/metal142.jpg,,prepared_datasets/combined_6class_plasticmetal_cleaned/train/Metal/metal142.jpg,,,,,,,,
cleaned_train_Metal_metal143.jpg,CombinedCleaned,image_classification,train,Metal,Metal,prepared_datasets/combined_6class_plasticmetal_cleaned/train/Metal/metal143.jpg,,prepared_datasets/combined_6class_plasticmetal_cleaned/train/Metal/metal143.jpg,,,,,,,,
cleaned_train_Metal_metal144.jpg,CombinedCleaned,image_classification,train,Metal,Metal,prepared_datasets/combined_6class_plasticmetal_cleaned/train/Metal/metal144.jpg,,prepared_datasets/combined_6class_plasticmetal_cleaned/train/Metal/metal144.jpg,,,,,,,,
cleaned_train_Metal_metal145.jpg,CombinedCleaned,image_classification,train,Metal,Metal,prepared_datasets/combined_6class_plasticmetal_cleaned/train/Metal/metal145.jpg,,prepared_datasets/combined_6class_plasticmetal_cleaned/train/Metal/metal145.jpg,,,,,,,,
cleaned_train_Metal_metal146.jpg,CombinedCleaned,image_classification,train,Metal,Metal,prepared_datasets/combined_6class_plasticmetal_cleaned/train/Metal/metal146.jpg,,prepared_datasets/combined_6class_plasticmetal_cleaned/train/Metal/metal146.jpg,,,,,,,,
cleaned_train_Metal_metal148.jpg,CombinedCleaned,image_classification,train,Metal,Metal,prepared_datasets/combined_6class_plasticmetal_cleaned/train/Metal/metal148.jpg,,prepared_datasets/combined_6class_plasticmetal_cleaned/train/Metal/metal148.jpg,,,,,,,,
cleaned_train_Metal_metal149.jpg,CombinedCleaned,image_classification,train,Metal,Metal,prepared_datasets/combined_6class_plasticmetal_cleaned/train/Metal/metal149.jpg,,prepared_datasets/combined_6class_plasticmetal_cleaned/train/Metal/metal149.jpg,,,,,,,,
cleaned_train_Metal_metal150.jpg,CombinedCleaned,image_classification,train,Metal,Metal,prepared_datasets/combined_6class_plasticmetal_cleaned/train/Metal/metal150.jpg,,prepared_datasets/combined_6class_plasticmetal_cleaned/train/Metal/metal150.jpg,,,,,,,,
cleaned_train_Metal_metal151.jpg,CombinedCleaned,image_classification,train,Metal,Metal,prepared_datasets/combined_6class_plasticmetal_cleaned/train/Metal/metal151.jpg,,prepared_datasets/combined_6class_plasticmetal_cleaned/train/Metal/metal151.jpg,,,,,,,,
cleaned_train_Metal_metal152.jpg,CombinedCleaned,image_classification,train,Metal,Metal,prepared_datasets/combined_6class_plasticmetal_cleaned/train/Metal/metal152.jpg,,prepared_datasets/combined_6class_plasticmetal_cleaned/train/Metal/metal152.jpg,,,,,,,,
cleaned_train_Metal_metal153.jpg,CombinedCleaned,image_classification,train,Metal,Metal,prepared_datasets/combined_6class_plasticmetal_cleaned/train/Metal/metal153.jpg,,prepared_datasets/combined_6class_plasticmetal_cleaned/train/Metal/metal153.jpg,,,,,,,,
cleaned_train_Metal_metal154.jpg,CombinedCleaned,image_classification,train,Metal,Metal,prepared_datasets/combined_6class_plasticmetal_cleaned/train/Metal/metal154.jpg,,prepared_datasets/combined_6class_plasticmetal_cleaned/train/Metal/metal154.jpg,,,,,,,,
cleaned_train_Metal_metal157.jpg,CombinedCleaned,image_classification,train,Metal,Metal,prepared_datasets/combined_6class_plasticmetal_cleaned/train/Metal/metal157.jpg,,prepared_datasets/combined_6class_plasticmetal_cleaned/train/Metal/metal157.jpg,,,,,,,,
cleaned_train_Metal_metal158.jpg,CombinedCleaned,image_classification,train,Metal,Metal,prepared_datasets/combined_6class_plasticmetal_cleaned/train/Metal/metal158.jpg,,prepared_datasets/combined_6class_plasticmetal_cleaned/train/Metal/metal158.jpg,,,,,,,,
cleaned_train_Metal_metal159.jpg,CombinedCleaned,image_classification,train,Metal,Metal,prepared_datasets/combined_6class_plasticmetal_cleaned/train/Metal/metal159.jpg,,prepared_datasets/combined_6class_plasticmetal_cleaned/train/Metal/metal159.jpg,,,,,,,,
cleaned_train_Metal_metal16.jpg,CombinedCleaned,image_classification,train,Metal,Metal,prepared_datasets/combined_6class_plasticmetal_cleaned/train/Metal/metal16.jpg,,prepared_datasets/combined_6class_plasticmetal_cleaned/train/Metal/metal16.jpg,,,,,,,,
cleaned_train_Metal_metal162.jpg,CombinedCleaned,image_classification,train,Metal,Metal,prepared_datasets/combined_6class_plasticmetal_cleaned/train/Metal/metal162.jpg,,prepared_datasets/combined_6class_plasticmetal_cleaned/train/Metal/metal162.jpg,,,,,,,,
cleaned_train_Metal_metal163.jpg,CombinedCleaned,image_classification,train,Metal,Metal,prepared_datasets/combined_6class_plasticmetal_cleaned/train/Metal/metal163.jpg,,prepared_datasets/combined_6class_plasticmetal_cleaned/train/Metal/metal163.jpg,,,,,,,,
cleaned_train_Metal_metal164.jpg,CombinedCleaned,image_classification,train,Metal,Metal,prepared_datasets/combined_6class_plasticmetal_cleaned/train/Metal/metal164.jpg,,prepared_datasets/combined_6class_plasticmetal_cleaned/train/Metal/metal164.jpg,,,,,,,,
cleaned_train_Metal_metal166.jpg,CombinedCleaned,image_classification,train,Metal,Metal,prepared_datasets/combined_6class_plasticmetal_cleaned/train/Metal/metal166.jpg,,prepared_datasets/combined_6class_plasticmetal_cleaned/train/Metal/metal166.jpg,,,,,,,,
cleaned_train_Metal_metal167.jpg,CombinedCleaned,image_classification,train,Metal,Metal,prepared_datasets/combined_6class_plasticmetal_cleaned/train/Metal/metal167.jpg,,prepared_datasets/combined_6class_plasticmetal_cleaned/train/Metal/metal167.jpg,,,,,,,,
cleaned_train_Metal_metal169.jpg,CombinedCleaned,image_classification,train,Metal,Metal,prepared_datasets/combined_6class_plasticmetal_cleaned/train/Metal/metal169.jpg,,prepared_datasets/combined_6class_plasticmetal_cleaned/train/Metal/metal169.jpg,,,,,,,,
cleaned_train_Metal_metal17.jpg,CombinedCleaned,image_classification,train,Metal,Metal,prepared_datasets/combined_6class_plasticmetal_cleaned/train/Metal/metal17.jpg,,prepared_datasets/combined_6class_plasticmetal_cleaned/train/Metal/metal17.jpg,,,,,,,,
cleaned_train_Metal_metal170.jpg,CombinedCleaned,image_classification,train,Metal,Metal,prepared_datasets/combined_6class_plasticmetal_cleaned/train/Metal/metal170.jpg,,prepared_datasets/combined_6class_plasticmetal_cleaned/train/Metal/metal170.jpg,,,,,,,,
cleaned_train_Metal_metal171.jpg,CombinedCleaned,image_classification,train,Metal,Metal,prepared_datasets/combined_6class_plasticmetal_cleaned/train/Metal/metal171.jpg,,prepared_datasets/combined_6class_plasticmetal_cleaned/train/Metal/metal171.jpg,,,,,,,,
cleaned_train_Metal_metal172.jpg,CombinedCleaned,image_classification,train,Metal,Metal,prepared_datasets/combined_6class_plasticmetal_cleaned/train/Metal/metal172.jpg,,prepared_datasets/combined_6class_plasticmetal_cleaned/train/Metal/metal172.jpg,,,,,,,,
cleaned_train_Metal_metal173.jpg,CombinedCleaned,image_classification,train,Metal,Metal,prepared_datasets/combined_6class_plasticmetal_cleaned/train/Metal/metal173.jpg,,prepared_datasets/combined_6class_plasticmetal_cleaned/train/Metal/metal173.jpg,,,,,,,,
cleaned_train_Metal_metal174.jpg,CombinedCleaned,image_classification,train,Metal,Metal,prepared_datasets/combined_6class_plasticmetal_cleaned/train/Metal/metal174.jpg,,prepared_datasets/combined_6class_plasticmetal_cleaned/train/Metal/metal174.jpg,,,,,,,,
cleaned_train_Metal_metal175.jpg,CombinedCleaned,image_classification,train,Metal,Metal,prepared_datasets/combined_6class_plasticmetal_cleaned/train/Metal/metal175.jpg,,prepared_datasets/combined_6class_plasticmetal_cleaned/train/Metal/metal175.jpg,,,,,,,,
cleaned_train_Metal_metal176.jpg,CombinedCleaned,image_classification,train,Metal,Metal,prepared_datasets/combined_6class_plasticmetal_cleaned/train/Metal/metal176.jpg,,prepared_datasets/combined_6class_plasticmetal_cleaned/train/Metal/metal176.jpg,,,,,,,,
cleaned_train_Metal_metal177.jpg,CombinedCleaned,image_classification,train,Metal,Metal,prepared_datasets/combined_6class_plasticmetal_cleaned/train/Metal/metal177.jpg,,prepared_datasets/combined_6class_plasticmetal_cleaned/train/Metal/metal177.jpg,,,,,,,,
cleaned_train_Metal_metal178.jpg,CombinedCleaned,image_classification,train,Metal,Metal,prepared_datasets/combined_6class_plasticmetal_cleaned/train/Metal/metal178.jpg,,prepared_datasets/combined_6class_plasticmetal_cleaned/train/Metal/metal178.jpg,,,,,,,,
cleaned_train_Metal_metal179.jpg,CombinedCleaned,image_classification,train,Metal,Metal,prepared_datasets/combined_6class_plasticmetal_cleaned/train/Metal/metal179.jpg,,prepared_datasets/combined_6class_plasticmetal_cleaned/train/Metal/metal179.jpg,,,,,,,,
cleaned_train_Metal_metal180.jpg,CombinedCleaned,image_classification,train,Metal,Metal,prepared_datasets/combined_6class_plasticmetal_cleaned/train/Metal/metal180.jpg,,prepared_datasets/combined_6class_plasticmetal_cleaned/train/Metal/metal180.jpg,,,,,,,,
cleaned_train_Metal_metal181.jpg,CombinedCleaned,image_classification,train,Metal,Metal,prepared_datasets/combined_6class_plasticmetal_cleaned/train/Metal/metal181.jpg,,prepared_datasets/combined_6class_plasticmetal_cleaned/train/Metal/metal181.jpg,,,,,,,,
cleaned_train_Metal_metal182.jpg,CombinedCleaned,image_classification,train,Metal,Metal,prepared_datasets/combined_6class_plasticmetal_cleaned/train/Metal/metal182.jpg,,prepared_datasets/combined_6class_plasticmetal_cleaned/train/Metal/metal182.jpg,,,,,,,,
cleaned_train_Metal_metal184.jpg,CombinedCleaned,image_classification,train,Metal,Metal,prepared_datasets/combined_6class_plasticmetal_cleaned/train/Metal/metal184.jpg,,prepared_datasets/combined_6class_plasticmetal_cleaned/train/Metal/metal184.jpg,,,,,,,,
cleaned_train_Metal_metal186.jpg,CombinedCleaned,image_classification,train,Metal,Metal,prepared_datasets/combined_6class_plasticmetal_cleaned/train/Metal/metal186.jpg,,prepared_datasets/combined_6class_plasticmetal_cleaned/train/Metal/metal186.jpg,,,,,,,,
cleaned_train_Metal_metal188.jpg,CombinedCleaned,image_classification,train,Metal,Metal,prepared_datasets/combined_6class_plasticmetal_cleaned/train/Metal/metal188.jpg,,prepared_datasets/combined_6class_plasticmetal_cleaned/train/Metal/metal188.jpg,,,,,,,,
cleaned_train_Metal_metal189.jpg,CombinedCleaned,image_classification,train,Metal,Metal,prepared_datasets/combined_6class_plasticmetal_cleaned/train/Metal/metal189.jpg,,prepared_datasets/combined_6class_plasticmetal_cleaned/train/Metal/metal189.jpg,,,,,,,,
cleaned_train_Metal_metal19.jpg,CombinedCleaned,image_classification,train,Metal,Metal,prepared_datasets/combined_6class_plasticmetal_cleaned/train/Metal/metal19.jpg,,prepared_datasets/combined_6class_plasticmetal_cleaned/train/Metal/metal19.jpg,,,,,,,,
cleaned_train_Metal_metal190.jpg,CombinedCleaned,image_classification,train,Metal,Metal,prepared_datasets/combined_6class_plasticmetal_cleaned/train/Metal/metal190.jpg,,prepared_datasets/combined_6class_plasticmetal_cleaned/train/Metal/metal190.jpg,,,,,,,,
cleaned_train_Metal_metal193.jpg,CombinedCleaned,image_classification,train,Metal,Metal,prepared_datasets/combined_6class_plasticmetal_cleaned/train/Metal/metal193.jpg,,prepared_datasets/combined_6class_plasticmetal_cleaned/train/Metal/metal193.jpg,,,,,,,,
cleaned_train_Metal_metal194.jpg,CombinedCleaned,image_classification,train,Metal,Metal,prepared_datasets/combined_6class_plasticmetal_cleaned/train/Metal/metal194.jpg,,prepared_datasets/combined_6class_plasticmetal_cleaned/train/Metal/metal194.jpg,,,,,,,,
cleaned_train_Metal_metal195.jpg,CombinedCleaned,image_classification,train,Metal,Metal,prepared_datasets/combined_6class_plasticmetal_cleaned/train/Metal/metal195.jpg,,prepared_datasets/combined_6class_plasticmetal_cleaned/train/Metal/metal195.jpg,,,,,,,,
cleaned_train_Metal_metal196.jpg,CombinedCleaned,image_classification,train,Metal,Metal,prepared_datasets/combined_6class_plasticmetal_cleaned/train/Metal/metal196.jpg,,prepared_datasets/combined_6class_plasticmetal_cleaned/train/Metal/metal196.jpg,,,,,,,,
cleaned_train_Metal_metal197.jpg,CombinedCleaned,image_classification,train,Metal,Metal,prepared_datasets/combined_6class_plasticmetal_cleaned/train/Metal/metal197.jpg,,prepared_datasets/combined_6class_plasticmetal_cleaned/train/Metal/metal197.jpg,,,,,,,,
cleaned_train_Metal_metal198.jpg,CombinedCleaned,image_classification,train,Metal,Metal,prepared_datasets/combined_6class_plasticmetal_cleaned/train/Metal/metal198.jpg,,prepared_datasets/combined_6class_plasticmetal_cleaned/train/Metal/metal198.jpg,,,,,,,,
cleaned_train_Metal_metal2.jpg,CombinedCleaned,image_classification,train,Metal,Metal,prepared_datasets/combined_6class_plasticmetal_cleaned/train/Metal/metal2.jpg,,prepared_datasets/combined_6class_plasticmetal_cleaned/train/Metal/metal2.jpg,,,,,,,,
cleaned_train_Metal_metal20.jpg,CombinedCleaned,image_classification,train,Metal,Metal,prepared_datasets/combined_6class_plasticmetal_cleaned/train/Metal/metal20.jpg,,prepared_datasets/combined_6class_plasticmetal_cleaned/train/Metal/metal20.jpg,,,,,,,,
cleaned_train_Metal_metal200.jpg,CombinedCleaned,image_classification,train,Metal,Metal,prepared_datasets/combined_6class_plasticmetal_cleaned/train/Metal/metal200.jpg,,prepared_datasets/combined_6class_plasticmetal_cleaned/train/Metal/metal200.jpg,,,,,,,,
cleaned_train_Metal_metal201.jpg,CombinedCleaned,image_classification,train,Metal,Metal,prepared_datasets/combined_6class_plasticmetal_cleaned/train/Metal/metal201.jpg,,prepared_datasets/combined_6class_plasticmetal_cleaned/train/Metal/metal201.jpg,,,,,,,,
cleaned_train_Metal_metal202.jpg,CombinedCleaned,image_classification,train,Metal,Metal,prepared_datasets/combined_6class_plasticmetal_cleaned/train/Metal/metal202.jpg,,prepared_datasets/combined_6class_plasticmetal_cleaned/train/Metal/metal202.jpg,,,,,,,,
cleaned_train_Metal_metal203.jpg,CombinedCleaned,image_classification,train,Metal,Metal,prepared_datasets/combined_6class_plasticmetal_cleaned/train/Metal/metal203.jpg,,prepared_datasets/combined_6class_plasticmetal_cleaned/train/Metal/metal203.jpg,,,,,,,,
cleaned_train_Metal_metal204.jpg,CombinedCleaned,image_classification,train,Metal,Metal,prepared_datasets/combined_6class_plasticmetal_cleaned/train/Metal/metal204.jpg,,prepared_datasets/combined_6class_plasticmetal_cleaned/train/Metal/metal204.jpg,,,,,,,,
cleaned_train_Metal_metal205.jpg,CombinedCleaned,image_classification,train,Metal,Metal,prepared_datasets/combined_6class_plasticmetal_cleaned/train/Metal/metal205.jpg,,prepared_datasets/combined_6class_plasticmetal_cleaned/train/Metal/metal205.jpg,,,,,,,,
cleaned_train_Metal_metal206.jpg,CombinedCleaned,image_classification,train,Metal,Metal,prepared_datasets/combined_6class_plasticmetal_cleaned/train/Metal/metal206.jpg,,prepared_datasets/combined_6class_plasticmetal_cleaned/train/Metal/metal206.jpg,,,,,,,,
cleaned_train_Metal_metal207.jpg,CombinedCleaned,image_classification,train,Metal,Metal,prepared_datasets/combined_6class_plasticmetal_cleaned/train/Metal/metal207.jpg,,prepared_datasets/combined_6class_plasticmetal_cleaned/train/Metal/metal207.jpg,,,,,,,,
cleaned_train_Metal_metal210.jpg,CombinedCleaned,image_classification,train,Metal,Metal,prepared_datasets/combined_6class_plasticmetal_cleaned/train/Metal/metal210.jpg,,prepared_datasets/combined_6class_plasticmetal_cleaned/train/Metal/metal210.jpg,,,,,,,,
cleaned_train_Metal_metal211.jpg,CombinedCleaned,image_classification,train,Metal,Metal,prepared_datasets/combined_6class_plasticmetal_cleaned/train/Metal/metal211.jpg,,prepared_datasets/combined_6class_plasticmetal_cleaned/train/Metal/metal211.jpg,,,,,,,,
cleaned_train_Metal_metal212.jpg,CombinedCleaned,image_classification,train,Metal,Metal,prepared_datasets/combined_6class_plasticmetal_cleaned/train/Metal/metal212.jpg,,prepared_datasets/combined_6class_plasticmetal_cleaned/train/Metal/metal212.jpg,,,,,,,,
cleaned_train_Metal_metal213.jpg,CombinedCleaned,image_classification,train,Metal,Metal,prepared_datasets/combined_6class_plasticmetal_cleaned/train/Metal/metal213.jpg,,prepared_datasets/combined_6class_plasticmetal_cleaned/train/Metal/metal213.jpg,,,,,,,,
cleaned_train_Metal_metal214.jpg,CombinedCleaned,image_classification,train,Metal,Metal,prepared_datasets/combined_6class_plasticmetal_cleaned/train/Metal/metal214.jpg,,prepared_datasets/combined_6class_plasticmetal_cleaned/train/Metal/metal214.jpg,,,,,,,,
cleaned_train_Metal_metal216.jpg,CombinedCleaned,image_classification,train,Metal,Metal,prepared_datasets/combined_6class_plasticmetal_cleaned/train/Metal/metal216.jpg,,prepared_datasets/combined_6class_plasticmetal_cleaned/train/Metal/metal216.jpg,,,,,,,,
cleaned_train_Metal_metal218.jpg,CombinedCleaned,image_classification,train,Metal,Metal,prepared_datasets/combined_6class_plasticmetal_cleaned/train/Metal/metal218.jpg,,prepared_datasets/combined_6class_plasticmetal_cleaned/train/Metal/metal218.jpg,,,,,,,,
cleaned_train_Metal_metal219.jpg,CombinedCleaned,image_classification,train,Metal,Metal,prepared_datasets/combined_6class_plasticmetal_cleaned/train/Metal/metal219.jpg,,prepared_datasets/combined_6class_plasticmetal_cleaned/train/Metal/metal219.jpg,,,,,,,,
cleaned_train_Metal_metal22.jpg,CombinedCleaned,image_classification,train,Metal,Metal,prepared_datasets/combined_6class_plasticmetal_cleaned/train/Metal/metal22.jpg,,prepared_datasets/combined_6class_plasticmetal_cleaned/train/Metal/metal22.jpg,,,,,,,,
cleaned_train_Metal_metal220.jpg,CombinedCleaned,image_classification,train,Metal,Metal,prepared_datasets/combined_6class_plasticmetal_cleaned/train/Metal/metal220.jpg,,prepared_datasets/combined_6class_plasticmetal_cleaned/train/Metal/metal220.jpg,,,,,,,,
cleaned_train_Metal_metal222.jpg,CombinedCleaned,image_classification,train,Metal,Metal,prepared_datasets/combined_6class_plasticmetal_cleaned/train/Metal/metal222.jpg,,prepared_datasets/combined_6class_plasticmetal_cleaned/train/Metal/metal222.jpg,,,,,,,,
cleaned_train_Metal_metal223.jpg,CombinedCleaned,image_classification,train,Metal,Metal,prepared_datasets/combined_6class_plasticmetal_cleaned/train/Metal/metal223.jpg,,prepared_datasets/combined_6class_plasticmetal_cleaned/train/Metal/metal223.jpg,,,,,,,,
cleaned_train_Metal_metal225.jpg,CombinedCleaned,image_classification,train,Metal,Metal,prepared_datasets/combined_6class_plasticmetal_cleaned/train/Metal/metal225.jpg,,prepared_datasets/combined_6class_plasticmetal_cleaned/train/Metal/metal225.jpg,,,,,,,,
cleaned_train_Metal_metal226.jpg,CombinedCleaned,image_classification,train,Metal,Metal,prepared_datasets/combined_6class_plasticmetal_cleaned/train/Metal/metal226.jpg,,prepared_datasets/combined_6class_plasticmetal_cleaned/train/Metal/metal226.jpg,,,,,,,,
cleaned_train_Metal_metal227.jpg,CombinedCleaned,image_classification,train,Metal,Metal,prepared_datasets/combined_6class_plasticmetal_cleaned/train/Metal/metal227.jpg,,prepared_datasets/combined_6class_plasticmetal_cleaned/train/Metal/metal227.jpg,,,,,,,,
cleaned_train_Metal_metal228.jpg,CombinedCleaned,image_classification,train,Metal,Metal,prepared_datasets/combined_6class_plasticmetal_cleaned/train/Metal/metal228.jpg,,prepared_datasets/combined_6class_plasticmetal_cleaned/train/Metal/metal228.jpg,,,,,,,,
cleaned_train_Metal_metal229.jpg,CombinedCleaned,image_classification,train,Metal,Metal,prepared_datasets/combined_6class_plasticmetal_cleaned/train/Metal/metal229.jpg,,prepared_datasets/combined_6class_plasticmetal_cleaned/train/Metal/metal229.jpg,,,,,,,,
cleaned_train_Metal_metal23.jpg,CombinedCleaned,image_classification,train,Metal,Metal,prepared_datasets/combined_6class_plasticmetal_cleaned/train/Metal/metal23.jpg,,prepared_datasets/combined_6class_plasticmetal_cleaned/train/Metal/metal23.jpg,,,,,,,,
cleaned_train_Metal_metal232.jpg,CombinedCleaned,image_classification,train,Metal,Metal,prepared_datasets/combined_6class_plasticmetal_cleaned/train/Metal/metal232.jpg,,prepared_datasets/combined_6class_plasticmetal_cleaned/train/Metal/metal232.jpg,,,,,,,,
cleaned_train_Metal_metal235.jpg,CombinedCleaned,image_classification,train,Metal,Metal,prepared_datasets/combined_6class_plasticmetal_cleaned/train/Metal/metal235.jpg,,prepared_datasets/combined_6class_plasticmetal_cleaned/train/Metal/metal235.jpg,,,,,,,,
cleaned_train_Metal_metal236.jpg,CombinedCleaned,image_classification,train,Metal,Metal,prepared_datasets/combined_6class_plasticmetal_cleaned/train/Metal/metal236.jpg,,prepared_datasets/combined_6class_plasticmetal_cleaned/train/Metal/metal236.jpg,,,,,,,,
cleaned_train_Metal_metal237.jpg,CombinedCleaned,image_classification,train,Metal,Metal,prepared_datasets/combined_6class_plasticmetal_cleaned/train/Metal/metal237.jpg,,prepared_datasets/combined_6class_plasticmetal_cleaned/train/Metal/metal237.jpg,,,,,,,,
cleaned_train_Metal_metal239.jpg,CombinedCleaned,image_classification,train,Metal,Metal,prepared_datasets/combined_6class_plasticmetal_cleaned/train/Metal/metal239.jpg,,prepared_datasets/combined_6class_plasticmetal_cleaned/train/Metal/metal239.jpg,,,,,,,,
cleaned_train_Metal_metal24.jpg,CombinedCleaned,image_classification,train,Metal,Metal,prepared_datasets/combined_6class_plasticmetal_cleaned/train/Metal/metal24.jpg,,prepared_datasets/combined_6class_plasticmetal_cleaned/train/Metal/metal24.jpg,,,,,,,,
cleaned_train_Metal_metal240.jpg,CombinedCleaned,image_classification,train,Metal,Metal,prepared_datasets/combined_6class_plasticmetal_cleaned/train/Metal/metal240.jpg,,prepared_datasets/combined_6class_plasticmetal_cleaned/train/Metal/metal240.jpg,,,,,,,,
cleaned_train_Metal_metal242.jpg,CombinedCleaned,image_classification,train,Metal,Metal,prepared_datasets/combined_6class_plasticmetal_cleaned/train/Metal/metal242.jpg,,prepared_datasets/combined_6class_plasticmetal_cleaned/train/Metal/metal242.jpg,,,,,,,,
cleaned_train_Metal_metal243.jpg,CombinedCleaned,image_classification,train,Metal,Metal,prepared_datasets/combined_6class_plasticmetal_cleaned/train/Metal/metal243.jpg,,prepared_datasets/combined_6class_plasticmetal_cleaned/train/Metal/metal243.jpg,,,,,,,,
cleaned_train_Metal_metal245.jpg,CombinedCleaned,image_classification,train,Metal,Metal,prepared_datasets/combined_6class_plasticmetal_cleaned/train/Metal/metal245.jpg,,prepared_datasets/combined_6class_plasticmetal_cleaned/train/Metal/metal245.jpg,,,,,,,,
cleaned_train_Metal_metal246.jpg,CombinedCleaned,image_classification,train,Metal,Metal,prepared_datasets/combined_6class_plasticmetal_cleaned/train/Metal/metal246.jpg,,prepared_datasets/combined_6class_plasticmetal_cleaned/train/Metal/metal246.jpg,,,,,,,,
cleaned_train_Metal_metal247.jpg,CombinedCleaned,image_classification,train,Metal,Metal,prepared_datasets/combined_6class_plasticmetal_cleaned/train/Metal/metal247.jpg,,prepared_datasets/combined_6class_plasticmetal_cleaned/train/Metal/metal247.jpg,,,,,,,,
cleaned_train_Metal_metal248.jpg,CombinedCleaned,image_classification,train,Metal,Metal,prepared_datasets/combined_6class_plasticmetal_cleaned/train/Metal/metal248.jpg,,prepared_datasets/combined_6class_plasticmetal_cleaned/train/Metal/metal248.jpg,,,,,,,,
cleaned_train_Metal_metal249.jpg,CombinedCleaned,image_classification,train,Metal,Metal,prepared_datasets/combined_6class_plasticmetal_cleaned/train/Metal/metal249.jpg,,prepared_datasets/combined_6class_plasticmetal_cleaned/train/Metal/metal249.jpg,,,,,,,,
cleaned_train_Metal_metal25.jpg,CombinedCleaned,image_classification,train,Metal,Metal,prepared_datasets/combined_6class_plasticmetal_cleaned/train/Metal/metal25.jpg,,prepared_datasets/combined_6class_plasticmetal_cleaned/train/Metal/metal25.jpg,,,,,,,,
cleaned_train_Metal_metal250.jpg,CombinedCleaned,image_classification,train,Metal,Metal,prepared_datasets/combined_6class_plasticmetal_cleaned/train/Metal/metal250.jpg,,prepared_datasets/combined_6class_plasticmetal_cleaned/train/Metal/metal250.jpg,,,,,,,,
cleaned_train_Metal_metal253.jpg,CombinedCleaned,image_classification,train,Metal,Metal,prepared_datasets/combined_6class_plasticmetal_cleaned/train/Metal/metal253.jpg,,prepared_datasets/combined_6class_plasticmetal_cleaned/train/Metal/metal253.jpg,,,,,,,,
cleaned_train_Metal_metal254.jpg,CombinedCleaned,image_classification,train,Metal,Metal,prepared_datasets/combined_6class_plasticmetal_cleaned/train/Metal/metal254.jpg,,prepared_datasets/combined_6class_plasticmetal_cleaned/train/Metal/metal254.jpg,,,,,,,,
cleaned_train_Metal_metal256.jpg,CombinedCleaned,image_classification,train,Metal,Metal,prepared_datasets/combined_6class_plasticmetal_cleaned/train/Metal/metal256.jpg,,prepared_datasets/combined_6class_plasticmetal_cleaned/train/Metal/metal256.jpg,,,,,,,,
cleaned_train_Metal_metal257.jpg,CombinedCleaned,image_classification,train,Metal,Metal,prepared_datasets/combined_6class_plasticmetal_cleaned/train/Metal/metal257.jpg,,prepared_datasets/combined_6class_plasticmetal_cleaned/train/Metal/metal257.jpg,,,,,,,,
cleaned_train_Metal_metal259.jpg,CombinedCleaned,image_classification,train,Metal,Metal,prepared_datasets/combined_6class_plasticmetal_cleaned/train/Metal/metal259.jpg,,prepared_datasets/combined_6class_plasticmetal_cleaned/train/Metal/metal259.jpg,,,,,,,,
cleaned_train_Metal_metal26.jpg,CombinedCleaned,image_classification,train,Metal,Metal,prepared_datasets/combined_6class_plasticmetal_cleaned/train/Metal/metal26.jpg,,prepared_datasets/combined_6class_plasticmetal_cleaned/train/Metal/metal26.jpg,,,,,,,,
cleaned_train_Metal_metal260.jpg,CombinedCleaned,image_classification,train,Metal,Metal,prepared_datasets/combined_6class_plasticmetal_cleaned/train/Metal/metal260.jpg,,prepared_datasets/combined_6class_plasticmetal_cleaned/train/Metal/metal260.jpg,,,,,,,,
cleaned_train_Metal_metal262.jpg,CombinedCleaned,image_classification,train,Metal,Metal,prepared_datasets/combined_6class_plasticmetal_cleaned/train/Metal/metal262.jpg,,prepared_datasets/combined_6class_plasticmetal_cleaned/train/Metal/metal262.jpg,,,,,,,,
cleaned_train_Metal_metal264.jpg,CombinedCleaned,image_classification,train,Metal,Metal,prepared_datasets/combined_6class_plasticmetal_cleaned/train/Metal/metal264.jpg,,prepared_datasets/combined_6class_plasticmetal_cleaned/train/Metal/metal264.jpg,,,,,,,,
cleaned_train_Metal_metal266.jpg,CombinedCleaned,image_classification,train,Metal,Metal,prepared_datasets/combined_6class_plasticmetal_cleaned/train/Metal/metal266.jpg,,prepared_datasets/combined_6class_plasticmetal_cleaned/train/Metal/metal266.jpg,,,,,,,,
cleaned_train_Metal_metal267.jpg,CombinedCleaned,image_classification,train,Metal,Metal,prepared_datasets/combined_6class_plasticmetal_cleaned/train/Metal/metal267.jpg,,prepared_datasets/combined_6class_plasticmetal_cleaned/train/Metal/metal267.jpg,,,,,,,,
cleaned_train_Metal_metal268.jpg,CombinedCleaned,image_classification,train,Metal,Metal,prepared_datasets/combined_6class_plasticmetal_cleaned/train/Metal/metal268.jpg,,prepared_datasets/combined_6class_plasticmetal_cleaned/train/Metal/metal268.jpg,,,,,,,,
cleaned_train_Metal_metal27.jpg,CombinedCleaned,image_classification,train,Metal,Metal,prepared_datasets/combined_6class_plasticmetal_cleaned/train/Metal/metal27.jpg,,prepared_datasets/combined_6class_plasticmetal_cleaned/train/Metal/metal27.jpg,,,,,,,,
cleaned_train_Metal_metal270.jpg,CombinedCleaned,image_classification,train,Metal,Metal,prepared_datasets/combined_6class_plasticmetal_cleaned/train/Metal/metal270.jpg,,prepared_datasets/combined_6class_plasticmetal_cleaned/train/Metal/metal270.jpg,,,,,,,,
cleaned_train_Metal_metal272.jpg,CombinedCleaned,image_classification,train,Metal,Metal,prepared_datasets/combined_6class_plasticmetal_cleaned/train/Metal/metal272.jpg,,prepared_datasets/combined_6class_plasticmetal_cleaned/train/Metal/metal272.jpg,,,,,,,,
cleaned_train_Metal_metal273.jpg,CombinedCleaned,image_classification,train,Metal,Metal,prepared_datasets/combined_6class_plasticmetal_cleaned/train/Metal/metal273.jpg,,prepared_datasets/combined_6class_plasticmetal_cleaned/train/Metal/metal273.jpg,,,,,,,,
cleaned_train_Metal_metal274.jpg,CombinedCleaned,image_classification,train,Metal,Metal,prepared_datasets/combined_6class_plasticmetal_cleaned/train/Metal/metal274.jpg,,prepared_datasets/combined_6class_plasticmetal_cleaned/train/Metal/metal274.jpg,,,,,,,,
cleaned_train_Metal_metal275.jpg,CombinedCleaned,image_classification,train,Metal,Metal,prepared_datasets/combined_6class_plasticmetal_cleaned/train/Metal/metal275.jpg,,prepared_datasets/combined_6class_plasticmetal_cleaned/train/Metal/metal275.jpg,,,,,,,,
cleaned_train_Metal_metal276.jpg,CombinedCleaned,image_classification,train,Metal,Metal,prepared_datasets/combined_6class_plasticmetal_cleaned/train/Metal/metal276.jpg,,prepared_datasets/combined_6class_plasticmetal_cleaned/train/Metal/metal276.jpg,,,,,,,,
cleaned_train_Metal_metal28.jpg,CombinedCleaned,image_classification,train,Metal,Metal,prepared_datasets/combined_6class_plasticmetal_cleaned/train/Metal/metal28.jpg,,prepared_datasets/combined_6class_plasticmetal_cleaned/train/Metal/metal28.jpg,,,,,,,,
cleaned_train_Metal_metal280.jpg,CombinedCleaned,image_classification,train,Metal,Metal,prepared_datasets/combined_6class_plasticmetal_cleaned/train/Metal/metal280.jpg,,prepared_datasets/combined_6class_plasticmetal_cleaned/train/Metal/metal280.jpg,,,,,,,,
cleaned_train_Metal_metal281.jpg,CombinedCleaned,image_classification,train,Metal,Metal,prepared_datasets/combined_6class_plasticmetal_cleaned/train/Metal/metal281.jpg,,prepared_datasets/combined_6class_plasticmetal_cleaned/train/Metal/metal281.jpg,,,,,,,,
cleaned_train_Metal_metal284.jpg,CombinedCleaned,image_classification,train,Metal,Metal,prepared_datasets/combined_6class_plasticmetal_cleaned/train/Metal/metal284.jpg,,prepared_datasets/combined_6class_plasticmetal_cleaned/train/Metal/metal284.jpg,,,,,,,,
cleaned_train_Metal_metal285.jpg,CombinedCleaned,image_classification,train,Metal,Metal,prepared_datasets/combined_6class_plasticmetal_cleaned/train/Metal/metal285.jpg,,prepared_datasets/combined_6class_plasticmetal_cleaned/train/Metal/metal285.jpg,,,,,,,,
cleaned_train_Metal_metal286.jpg,CombinedCleaned,image_classification,train,Metal,Metal,prepared_datasets/combined_6class_plasticmetal_cleaned/train/Metal/metal286.jpg,,prepared_datasets/combined_6class_plasticmetal_cleaned/train/Metal/metal286.jpg,,,,,,,,
cleaned_train_Metal_metal287.jpg,CombinedCleaned,image_classification,train,Metal,Metal,prepared_datasets/combined_6class_plasticmetal_cleaned/train/Metal/metal287.jpg,,prepared_datasets/combined_6class_plasticmetal_cleaned/train/Metal/metal287.jpg,,,,,,,,
cleaned_train_Metal_metal288.jpg,CombinedCleaned,image_classification,train,Metal,Metal,prepared_datasets/combined_6class_plasticmetal_cleaned/train/Metal/metal288.jpg,,prepared_datasets/combined_6class_plasticmetal_cleaned/train/Metal/metal288.jpg,,,,,,,,
cleaned_train_Metal_metal289.jpg,CombinedCleaned,image_classification,train,Metal,Metal,prepared_datasets/combined_6class_plasticmetal_cleaned/train/Metal/metal289.jpg,,prepared_datasets/combined_6class_plasticmetal_cleaned/train/Metal/metal289.jpg,,,,,,,,
cleaned_train_Metal_metal29.jpg,CombinedCleaned,image_classification,train,Metal,Metal,prepared_datasets/combined_6class_plasticmetal_cleaned/train/Metal/metal29.jpg,,prepared_datasets/combined_6class_plasticmetal_cleaned/train/Metal/metal29.jpg,,,,,,,,
cleaned_train_Metal_metal290.jpg,CombinedCleaned,image_classification,train,Metal,Metal,prepared_datasets/combined_6class_plasticmetal_cleaned/train/Metal/metal290.jpg,,prepared_datasets/combined_6class_plasticmetal_cleaned/train/Metal/metal290.jpg,,,,,,,,
cleaned_train_Metal_metal293.jpg,CombinedCleaned,image_classification,train,Metal,Metal,prepared_datasets/combined_6class_plasticmetal_cleaned/train/Metal/metal293.jpg,,prepared_datasets/combined_6class_plasticmetal_cleaned/train/Metal/metal293.jpg,,,,,,,,
cleaned_train_Metal_metal296.jpg,CombinedCleaned,image_classification,train,Metal,Metal,prepared_datasets/combined_6class_plasticmetal_cleaned/train/Metal/metal296.jpg,,prepared_datasets/combined_6class_plasticmetal_cleaned/train/Metal/metal296.jpg,,,,,,,,
cleaned_train_Metal_metal298.jpg,CombinedCleaned,image_classification,train,Metal,Metal,prepared_datasets/combined_6class_plasticmetal_cleaned/train/Metal/metal298.jpg,,prepared_datasets/combined_6class_plasticmetal_cleaned/train/Metal/metal298.jpg,,,,,,,,
cleaned_train_Metal_metal299.jpg,CombinedCleaned,image_classification,train,Metal,Metal,prepared_datasets/combined_6class_plasticmetal_cleaned/train/Metal/metal299.jpg,,prepared_datasets/combined_6class_plasticmetal_cleaned/train/Metal/metal299.jpg,,,,,,,,
cleaned_train_Metal_metal3.jpg,CombinedCleaned,image_classification,train,Metal,Metal,prepared_datasets/combined_6class_plasticmetal_cleaned/train/Metal/metal3.jpg,,prepared_datasets/combined_6class_plasticmetal_cleaned/train/Metal/metal3.jpg,,,,,,,,
cleaned_train_Metal_metal300.jpg,CombinedCleaned,image_classification,train,Metal,Metal,prepared_datasets/combined_6class_plasticmetal_cleaned/train/Metal/metal300.jpg,,prepared_datasets/combined_6class_plasticmetal_cleaned/train/Metal/metal300.jpg,,,,,,,,
cleaned_train_Metal_metal302.jpg,CombinedCleaned,image_classification,train,Metal,Metal,prepared_datasets/combined_6class_plasticmetal_cleaned/train/Metal/metal302.jpg,,prepared_datasets/combined_6class_plasticmetal_cleaned/train/Metal/metal302.jpg,,,,,,,,
cleaned_train_Metal_metal303.jpg,CombinedCleaned,image_classification,train,Metal,Metal,prepared_datasets/combined_6class_plasticmetal_cleaned/train/Metal/metal303.jpg,,prepared_datasets/combined_6class_plasticmetal_cleaned/train/Metal/metal303.jpg,,,,,,,,
cleaned_train_Metal_metal304.jpg,CombinedCleaned,image_classification,train,Metal,Metal,prepared_datasets/combined_6class_plasticmetal_cleaned/train/Metal/metal304.jpg,,prepared_datasets/combined_6class_plasticmetal_cleaned/train/Metal/metal304.jpg,,,,,,,,
cleaned_train_Metal_metal306.jpg,CombinedCleaned,image_classification,train,Metal,Metal,prepared_datasets/combined_6class_plasticmetal_cleaned/train/Metal/metal306.jpg,,prepared_datasets/combined_6class_plasticmetal_cleaned/train/Metal/metal306.jpg,,,,,,,,
cleaned_train_Metal_metal307.jpg,CombinedCleaned,image_classification,train,Metal,Metal,prepared_datasets/combined_6class_plasticmetal_cleaned/train/Metal/metal307.jpg,,prepared_datasets/combined_6class_plasticmetal_cleaned/train/Metal/metal307.jpg,,,,,,,,
cleaned_train_Metal_metal308.jpg,CombinedCleaned,image_classification,train,Metal,Metal,prepared_datasets/combined_6class_plasticmetal_cleaned/train/Metal/metal308.jpg,,prepared_datasets/combined_6class_plasticmetal_cleaned/train/Metal/metal308.jpg,,,,,,,,
cleaned_train_Metal_metal309.jpg,CombinedCleaned,image_classification,train,Metal,Metal,prepared_datasets/combined_6class_plasticmetal_cleaned/train/Metal/metal309.jpg,,prepared_datasets/combined_6class_plasticmetal_cleaned/train/Metal/metal309.jpg,,,,,,,,
cleaned_train_Metal_metal310.jpg,CombinedCleaned,image_classification,train,Metal,Metal,prepared_datasets/combined_6class_plasticmetal_cleaned/train/Metal/metal310.jpg,,prepared_datasets/combined_6class_plasticmetal_cleaned/train/Metal/metal310.jpg,,,,,,,,
cleaned_train_Metal_metal311.jpg,CombinedCleaned,image_classification,train,Metal,Metal,prepared_datasets/combined_6class_plasticmetal_cleaned/train/Metal/metal311.jpg,,prepared_datasets/combined_6class_plasticmetal_cleaned/train/Metal/metal311.jpg,,,,,,,,
cleaned_train_Metal_metal313.jpg,CombinedCleaned,image_classification,train,Metal,Metal,prepared_datasets/combined_6class_plasticmetal_cleaned/train/Metal/metal313.jpg,,prepared_datasets/combined_6class_plasticmetal_cleaned/train/Metal/metal313.jpg,,,,,,,,
cleaned_train_Metal_metal314.jpg,CombinedCleaned,image_classification,train,Metal,Metal,prepared_datasets/combined_6class_plasticmetal_cleaned/train/Metal/metal314.jpg,,prepared_datasets/combined_6class_plasticmetal_cleaned/train/Metal/metal314.jpg,,,,,,,,
cleaned_train_Metal_metal316.jpg,CombinedCleaned,image_classification,train,Metal,Metal,prepared_datasets/combined_6class_plasticmetal_cleaned/train/Metal/metal316.jpg,,prepared_datasets/combined_6class_plasticmetal_cleaned/train/Metal/metal316.jpg,,,,,,,,
cleaned_train_Metal_metal318.jpg,CombinedCleaned,image_classification,train,Metal,Metal,prepared_datasets/combined_6class_plasticmetal_cleaned/train/Metal/metal318.jpg,,prepared_datasets/combined_6class_plasticmetal_cleaned/train/Metal/metal318.jpg,,,,,,,,
cleaned_train_Metal_metal319.jpg,CombinedCleaned,image_classification,train,Metal,Metal,prepared_datasets/combined_6class_plasticmetal_cleaned/train/Metal/metal319.jpg,,prepared_datasets/combined_6class_plasticmetal_cleaned/train/Metal/metal319.jpg,,,,,,,,
cleaned_train_Metal_metal320.jpg,CombinedCleaned,image_classification,train,Metal,Metal,prepared_datasets/combined_6class_plasticmetal_cleaned/train/Metal/metal320.jpg,,prepared_datasets/combined_6class_plasticmetal_cleaned/train/Metal/metal320.jpg,,,,,,,,
cleaned_train_Metal_metal321.jpg,CombinedCleaned,image_classification,train,Metal,Metal,prepared_datasets/combined_6class_plasticmetal_cleaned/train/Metal/metal321.jpg,,prepared_datasets/combined_6class_plasticmetal_cleaned/train/Metal/metal321.jpg,,,,,,,,
cleaned_train_Metal_metal322.jpg,CombinedCleaned,image_classification,train,Metal,Metal,prepared_datasets/combined_6class_plasticmetal_cleaned/train/Metal/metal322.jpg,,prepared_datasets/combined_6class_plasticmetal_cleaned/train/Metal/metal322.jpg,,,,,,,,
cleaned_train_Metal_metal323.jpg,CombinedCleaned,image_classification,train,Metal,Metal,prepared_datasets/combined_6class_plasticmetal_cleaned/train/Metal/metal323.jpg,,prepared_datasets/combined_6class_plasticmetal_cleaned/train/Metal/metal323.jpg,,,,,,,,
cleaned_train_Metal_metal324.jpg,CombinedCleaned,image_classification,train,Metal,Metal,prepared_datasets/combined_6class_plasticmetal_cleaned/train/Metal/metal324.jpg,,prepared_datasets/combined_6class_plasticmetal_cleaned/train/Metal/metal324.jpg,,,,,,,,
cleaned_train_Metal_metal325.jpg,CombinedCleaned,image_classification,train,Metal,Metal,prepared_datasets/combined_6class_plasticmetal_cleaned/train/Metal/metal325.jpg,,prepared_datasets/combined_6class_plasticmetal_cleaned/train/Metal/metal325.jpg,,,,,,,,
cleaned_train_Metal_metal326.jpg,CombinedCleaned,image_classification,train,Metal,Metal,prepared_datasets/combined_6class_plasticmetal_cleaned/train/Metal/metal326.jpg,,prepared_datasets/combined_6class_plasticmetal_cleaned/train/Metal/metal326.jpg,,,,,,,,
cleaned_train_Metal_metal327.jpg,CombinedCleaned,image_classification,train,Metal,Metal,prepared_datasets/combined_6class_plasticmetal_cleaned/train/Metal/metal327.jpg,,prepared_datasets/combined_6class_plasticmetal_cleaned/train/Metal/metal327.jpg,,,,,,,,
cleaned_train_Metal_metal33.jpg,CombinedCleaned,image_classification,train,Metal,Metal,prepared_datasets/combined_6class_plasticmetal_cleaned/train/Metal/metal33.jpg,,prepared_datasets/combined_6class_plasticmetal_cleaned/train/Metal/metal33.jpg,,,,,,,,
cleaned_train_Metal_metal330.jpg,CombinedCleaned,image_classification,train,Metal,Metal,prepared_datasets/combined_6class_plasticmetal_cleaned/train/Metal/metal330.jpg,,prepared_datasets/combined_6class_plasticmetal_cleaned/train/Metal/metal330.jpg,,,,,,,,
cleaned_train_Metal_metal331.jpg,CombinedCleaned,image_classification,train,Metal,Metal,prepared_datasets/combined_6class_plasticmetal_cleaned/train/Metal/metal331.jpg,,prepared_datasets/combined_6class_plasticmetal_cleaned/train/Metal/metal331.jpg,,,,,,,,
cleaned_train_Metal_metal333.jpg,CombinedCleaned,image_classification,train,Metal,Metal,prepared_datasets/combined_6class_plasticmetal_cleaned/train/Metal/metal333.jpg,,prepared_datasets/combined_6class_plasticmetal_cleaned/train/Metal/metal333.jpg,,,,,,,,
cleaned_train_Metal_metal334.jpg,CombinedCleaned,image_classification,train,Metal,Metal,prepared_datasets/combined_6class_plasticmetal_cleaned/train/Metal/metal334.jpg,,prepared_datasets/combined_6class_plasticmetal_cleaned/train/Metal/metal334.jpg,,,,,,,,
cleaned_train_Metal_metal335.jpg,CombinedCleaned,image_classification,train,Metal,Metal,prepared_datasets/combined_6class_plasticmetal_cleaned/train/Metal/metal335.jpg,,prepared_datasets/combined_6class_plasticmetal_cleaned/train/Metal/metal335.jpg,,,,,,,,
cleaned_train_Metal_metal337.jpg,CombinedCleaned,image_classification,train,Metal,Metal,prepared_datasets/combined_6class_plasticmetal_cleaned/train/Metal/metal337.jpg,,prepared_datasets/combined_6class_plasticmetal_cleaned/train/Metal/metal337.jpg,,,,,,,,
cleaned_train_Metal_metal339.jpg,CombinedCleaned,image_classification,train,Metal,Metal,prepared_datasets/combined_6class_plasticmetal_cleaned/train/Metal/metal339.jpg,,prepared_datasets/combined_6class_plasticmetal_cleaned/train/Metal/metal339.jpg,,,,,,,,
cleaned_train_Metal_metal34.jpg,CombinedCleaned,image_classification,train,Metal,Metal,prepared_datasets/combined_6class_plasticmetal_cleaned/train/Metal/metal34.jpg,,prepared_datasets/combined_6class_plasticmetal_cleaned/train/Metal/metal34.jpg,,,,,,,,
cleaned_train_Metal_metal343.jpg,CombinedCleaned,image_classification,train,Metal,Metal,prepared_datasets/combined_6class_plasticmetal_cleaned/train/Metal/metal343.jpg,,prepared_datasets/combined_6class_plasticmetal_cleaned/train/Metal/metal343.jpg,,,,,,,,
cleaned_train_Metal_metal344.jpg,CombinedCleaned,image_classification,train,Metal,Metal,prepared_datasets/combined_6class_plasticmetal_cleaned/train/Metal/metal344.jpg,,prepared_datasets/combined_6class_plasticmetal_cleaned/train/Metal/metal344.jpg,,,,,,,,
cleaned_train_Metal_metal345.jpg,CombinedCleaned,image_classification,train,Metal,Metal,prepared_datasets/combined_6class_plasticmetal_cleaned/train/Metal/metal345.jpg,,prepared_datasets/combined_6class_plasticmetal_cleaned/train/Metal/metal345.jpg,,,,,,,,
cleaned_train_Metal_metal347.jpg,CombinedCleaned,image_classification,train,Metal,Metal,prepared_datasets/combined_6class_plasticmetal_cleaned/train/Metal/metal347.jpg,,prepared_datasets/combined_6class_plasticmetal_cleaned/train/Metal/metal347.jpg,,,,,,,,
cleaned_train_Metal_metal348.jpg,CombinedCleaned,image_classification,train,Metal,Metal,prepared_datasets/combined_6class_plasticmetal_cleaned/train/Metal/metal348.jpg,,prepared_datasets/combined_6class_plasticmetal_cleaned/train/Metal/metal348.jpg,,,,,,,,
cleaned_train_Metal_metal349.jpg,CombinedCleaned,image_classification,train,Metal,Metal,prepared_datasets/combined_6class_plasticmetal_cleaned/train/Metal/metal349.jpg,,prepared_datasets/combined_6class_plasticmetal_cleaned/train/Metal/metal349.jpg,,,,,,,,
cleaned_train_Metal_metal352.jpg,CombinedCleaned,image_classification,train,Metal,Metal,prepared_datasets/combined_6class_plasticmetal_cleaned/train/Metal/metal352.jpg,,prepared_datasets/combined_6class_plasticmetal_cleaned/train/Metal/metal352.jpg,,,,,,,,
cleaned_train_Metal_metal353.jpg,CombinedCleaned,image_classification,train,Metal,Metal,prepared_datasets/combined_6class_plasticmetal_cleaned/train/Metal/metal353.jpg,,prepared_datasets/combined_6class_plasticmetal_cleaned/train/Metal/metal353.jpg,,,,,,,,
cleaned_train_Metal_metal355.jpg,CombinedCleaned,image_classification,train,Metal,Metal,prepared_datasets/combined_6class_plasticmetal_cleaned/train/Metal/metal355.jpg,,prepared_datasets/combined_6class_plasticmetal_cleaned/train/Metal/metal355.jpg,,,,,,,,
cleaned_train_Metal_metal356.jpg,CombinedCleaned,image_classification,train,Metal,Metal,prepared_datasets/combined_6class_plasticmetal_cleaned/train/Metal/metal356.jpg,,prepared_datasets/combined_6class_plasticmetal_cleaned/train/Metal/metal356.jpg,,,,,,,,
cleaned_train_Metal_metal357.jpg,CombinedCleaned,image_classification,train,Metal,Metal,prepared_datasets/combined_6class_plasticmetal_cleaned/train/Metal/metal357.jpg,,prepared_datasets/combined_6class_plasticmetal_cleaned/train/Metal/metal357.jpg,,,,,,,,
cleaned_train_Metal_metal358.jpg,CombinedCleaned,image_classification,train,Metal,Metal,prepared_datasets/combined_6class_plasticmetal_cleaned/train/Metal/metal358.jpg,,prepared_datasets/combined_6class_plasticmetal_cleaned/train/Metal/metal358.jpg,,,,,,,,
cleaned_train_Metal_metal359.jpg,CombinedCleaned,image_classification,train,Metal,Metal,prepared_datasets/combined_6class_plasticmetal_cleaned/train/Metal/metal359.jpg,,prepared_datasets/combined_6class_plasticmetal_cleaned/train/Metal/metal359.jpg,,,,,,,,
cleaned_train_Metal_metal36.jpg,CombinedCleaned,image_classification,train,Metal,Metal,prepared_datasets/combined_6class_plasticmetal_cleaned/train/Metal/metal36.jpg,,prepared_datasets/combined_6class_plasticmetal_cleaned/train/Metal/metal36.jpg,,,,,,,,
cleaned_train_Metal_metal360.jpg,CombinedCleaned,image_classification,train,Metal,Metal,prepared_datasets/combined_6class_plasticmetal_cleaned/train/Metal/metal360.jpg,,prepared_datasets/combined_6class_plasticmetal_cleaned/train/Metal/metal360.jpg,,,,,,,,
cleaned_train_Metal_metal361.jpg,CombinedCleaned,image_classification,train,Metal,Metal,prepared_datasets/combined_6class_plasticmetal_cleaned/train/Metal/metal361.jpg,,prepared_datasets/combined_6class_plasticmetal_cleaned/train/Metal/metal361.jpg,,,,,,,,
cleaned_train_Metal_metal365.jpg,CombinedCleaned,image_classification,train,Metal,Metal,prepared_datasets/combined_6class_plasticmetal_cleaned/train/Metal/metal365.jpg,,prepared_datasets/combined_6class_plasticmetal_cleaned/train/Metal/metal365.jpg,,,,,,,,
cleaned_train_Metal_metal366.jpg,CombinedCleaned,image_classification,train,Metal,Metal,prepared_datasets/combined_6class_plasticmetal_cleaned/train/Metal/metal366.jpg,,prepared_datasets/combined_6class_plasticmetal_cleaned/train/Metal/metal366.jpg,,,,,,,,
cleaned_train_Metal_metal368.jpg,CombinedCleaned,image_classification,train,Metal,Metal,prepared_datasets/combined_6class_plasticmetal_cleaned/train/Metal/metal368.jpg,,prepared_datasets/combined_6class_plasticmetal_cleaned/train/Metal/metal368.jpg,,,,,,,,
cleaned_train_Metal_metal369.jpg,CombinedCleaned,image_classification,train,Metal,Metal,prepared_datasets/combined_6class_plasticmetal_cleaned/train/Metal/metal369.jpg,,prepared_datasets/combined_6class_plasticmetal_cleaned/train/Metal/metal369.jpg,,,,,,,,
cleaned_train_Metal_metal370.jpg,CombinedCleaned,image_classification,train,Metal,Metal,prepared_datasets/combined_6class_plasticmetal_cleaned/train/Metal/metal370.jpg,,prepared_datasets/combined_6class_plasticmetal_cleaned/train/Metal/metal370.jpg,,,,,,,,
cleaned_train_Metal_metal371.jpg,CombinedCleaned,image_classification,train,Metal,Metal,prepared_datasets/combined_6class_plasticmetal_cleaned/train/Metal/metal371.jpg,,prepared_datasets/combined_6class_plasticmetal_cleaned/train/Metal/metal371.jpg,,,,,,,,
cleaned_train_Metal_metal372.jpg,CombinedCleaned,image_classification,train,Metal,Metal,prepared_datasets/combined_6class_plasticmetal_cleaned/train/Metal/metal372.jpg,,prepared_datasets/combined_6class_plasticmetal_cleaned/train/Metal/metal372.jpg,,,,,,,,
cleaned_train_Metal_metal373.jpg,CombinedCleaned,image_classification,train,Metal,Metal,prepared_datasets/combined_6class_plasticmetal_cleaned/train/Metal/metal373.jpg,,prepared_datasets/combined_6class_plasticmetal_cleaned/train/Metal/metal373.jpg,,,,,,,,
cleaned_train_Metal_metal375.jpg,CombinedCleaned,image_classification,train,Metal,Metal,prepared_datasets/combined_6class_plasticmetal_cleaned/train/Metal/metal375.jpg,,prepared_datasets/combined_6class_plasticmetal_cleaned/train/Metal/metal375.jpg,,,,,,,,
cleaned_train_Metal_metal376.jpg,CombinedCleaned,image_classification,train,Metal,Metal,prepared_datasets/combined_6class_plasticmetal_cleaned/train/Metal/metal376.jpg,,prepared_datasets/combined_6class_plasticmetal_cleaned/train/Metal/metal376.jpg,,,,,,,,
cleaned_train_Metal_metal377.jpg,CombinedCleaned,image_classification,train,Metal,Metal,prepared_datasets/combined_6class_plasticmetal_cleaned/train/Metal/metal377.jpg,,prepared_datasets/combined_6class_plasticmetal_cleaned/train/Metal/metal377.jpg,,,,,,,,
cleaned_train_Metal_metal378.jpg,CombinedCleaned,image_classification,train,Metal,Metal,prepared_datasets/combined_6class_plasticmetal_cleaned/train/Metal/metal378.jpg,,prepared_datasets/combined_6class_plasticmetal_cleaned/train/Metal/metal378.jpg,,,,,,,,
cleaned_train_Metal_metal379.jpg,CombinedCleaned,image_classification,train,Metal,Metal,prepared_datasets/combined_6class_plasticmetal_cleaned/train/Metal/metal379.jpg,,prepared_datasets/combined_6class_plasticmetal_cleaned/train/Metal/metal379.jpg,,,,,,,,
cleaned_train_Metal_metal380.jpg,CombinedCleaned,image_classification,train,Metal,Metal,prepared_datasets/combined_6class_plasticmetal_cleaned/train/Metal/metal380.jpg,,prepared_datasets/combined_6class_plasticmetal_cleaned/train/Metal/metal380.jpg,,,,,,,,
cleaned_train_Metal_metal381.jpg,CombinedCleaned,image_classification,train,Metal,Metal,prepared_datasets/combined_6class_plasticmetal_cleaned/train/Metal/metal381.jpg,,prepared_datasets/combined_6class_plasticmetal_cleaned/train/Metal/metal381.jpg,,,,,,,,
cleaned_train_Metal_metal384.jpg,CombinedCleaned,image_classification,train,Metal,Metal,prepared_datasets/combined_6class_plasticmetal_cleaned/train/Metal/metal384.jpg,,prepared_datasets/combined_6class_plasticmetal_cleaned/train/Metal/metal384.jpg,,,,,,,,
cleaned_train_Metal_metal385.jpg,CombinedCleaned,image_classification,train,Metal,Metal,prepared_datasets/combined_6class_plasticmetal_cleaned/train/Metal/metal385.jpg,,prepared_datasets/combined_6class_plasticmetal_cleaned/train/Metal/metal385.jpg,,,,,,,,
cleaned_train_Metal_metal387.jpg,CombinedCleaned,image_classification,train,Metal,Metal,prepared_datasets/combined_6class_plasticmetal_cleaned/train/Metal/metal387.jpg,,prepared_datasets/combined_6class_plasticmetal_cleaned/train/Metal/metal387.jpg,,,,,,,,
cleaned_train_Metal_metal388.jpg,CombinedCleaned,image_classification,train,Metal,Metal,prepared_datasets/combined_6class_plasticmetal_cleaned/train/Metal/metal388.jpg,,prepared_datasets/combined_6class_plasticmetal_cleaned/train/Metal/metal388.jpg,,,,,,,,
cleaned_train_Metal_metal39.jpg,CombinedCleaned,image_classification,train,Metal,Metal,prepared_datasets/combined_6class_plasticmetal_cleaned/train/Metal/metal39.jpg,,prepared_datasets/combined_6class_plasticmetal_cleaned/train/Metal/metal39.jpg,,,,,,,,
cleaned_train_Metal_metal391.jpg,CombinedCleaned,image_classification,train,Metal,Metal,prepared_datasets/combined_6class_plasticmetal_cleaned/train/Metal/metal391.jpg,,prepared_datasets/combined_6class_plasticmetal_cleaned/train/Metal/metal391.jpg,,,,,,,,
cleaned_train_Metal_metal393.jpg,CombinedCleaned,image_classification,train,Metal,Metal,prepared_datasets/combined_6class_plasticmetal_cleaned/train/Metal/metal393.jpg,,prepared_datasets/combined_6class_plasticmetal_cleaned/train/Metal/metal393.jpg,,,,,,,,
cleaned_train_Metal_metal395.jpg,CombinedCleaned,image_classification,train,Metal,Metal,prepared_datasets/combined_6class_plasticmetal_cleaned/train/Metal/metal395.jpg,,prepared_datasets/combined_6class_plasticmetal_cleaned/train/Metal/metal395.jpg,,,,,,,,
cleaned_train_Metal_metal397.jpg,CombinedCleaned,image_classification,train,Metal,Metal,prepared_datasets/combined_6class_plasticmetal_cleaned/train/Metal/metal397.jpg,,prepared_datasets/combined_6class_plasticmetal_cleaned/train/Metal/metal397.jpg,,,,,,,,
cleaned_train_Metal_metal399.jpg,CombinedCleaned,image_classification,train,Metal,Metal,prepared_datasets/combined_6class_plasticmetal_cleaned/train/Metal/metal399.jpg,,prepared_datasets/combined_6class_plasticmetal_cleaned/train/Metal/metal399.jpg,,,,,,,,
cleaned_train_Metal_metal4.jpg,CombinedCleaned,image_classification,train,Metal,Metal,prepared_datasets/combined_6class_plasticmetal_cleaned/train/Metal/metal4.jpg,,prepared_datasets/combined_6class_plasticmetal_cleaned/train/Metal/metal4.jpg,,,,,,,,
cleaned_train_Metal_metal400.jpg,CombinedCleaned,image_classification,train,Metal,Metal,prepared_datasets/combined_6class_plasticmetal_cleaned/train/Metal/metal400.jpg,,prepared_datasets/combined_6class_plasticmetal_cleaned/train/Metal/metal400.jpg,,,,,,,,
cleaned_train_Metal_metal402.jpg,CombinedCleaned,image_classification,train,Metal,Metal,prepared_datasets/combined_6class_plasticmetal_cleaned/train/Metal/metal402.jpg,,prepared_datasets/combined_6class_plasticmetal_cleaned/train/Metal/metal402.jpg,,,,,,,,
cleaned_train_Metal_metal403.jpg,CombinedCleaned,image_classification,train,Metal,Metal,prepared_datasets/combined_6class_plasticmetal_cleaned/train/Metal/metal403.jpg,,prepared_datasets/combined_6class_plasticmetal_cleaned/train/Metal/metal403.jpg,,,,,,,,
cleaned_train_Metal_metal406.jpg,CombinedCleaned,image_classification,train,Metal,Metal,prepared_datasets/combined_6class_plasticmetal_cleaned/train/Metal/metal406.jpg,,prepared_datasets/combined_6class_plasticmetal_cleaned/train/Metal/metal406.jpg,,,,,,,,
cleaned_train_Metal_metal408.jpg,CombinedCleaned,image_classification,train,Metal,Metal,prepared_datasets/combined_6class_plasticmetal_cleaned/train/Metal/metal408.jpg,,prepared_datasets/combined_6class_plasticmetal_cleaned/train/Metal/metal408.jpg,,,,,,,,
cleaned_train_Metal_metal41.jpg,CombinedCleaned,image_classification,train,Metal,Metal,prepared_datasets/combined_6class_plasticmetal_cleaned/train/Metal/metal41.jpg,,prepared_datasets/combined_6class_plasticmetal_cleaned/train/Metal/metal41.jpg,,,,,,,,
cleaned_train_Metal_metal42.jpg,CombinedCleaned,image_classification,train,Metal,Metal,prepared_datasets/combined_6class_plasticmetal_cleaned/train/Metal/metal42.jpg,,prepared_datasets/combined_6class_plasticmetal_cleaned/train/Metal/metal42.jpg,,,,,,,,
cleaned_train_Metal_metal43.jpg,CombinedCleaned,image_classification,train,Metal,Metal,prepared_datasets/combined_6class_plasticmetal_cleaned/train/Metal/metal43.jpg,,prepared_datasets/combined_6class_plasticmetal_cleaned/train/Metal/metal43.jpg,,,,,,,,
cleaned_train_Metal_metal44.jpg,CombinedCleaned,image_classification,train,Metal,Metal,prepared_datasets/combined_6class_plasticmetal_cleaned/train/Metal/metal44.jpg,,prepared_datasets/combined_6class_plasticmetal_cleaned/train/Metal/metal44.jpg,,,,,,,,
cleaned_train_Metal_metal46.jpg,CombinedCleaned,image_classification,train,Metal,Metal,prepared_datasets/combined_6class_plasticmetal_cleaned/train/Metal/metal46.jpg,,prepared_datasets/combined_6class_plasticmetal_cleaned/train/Metal/metal46.jpg,,,,,,,,
cleaned_train_Metal_metal47.jpg,CombinedCleaned,image_classification,train,Metal,Metal,prepared_datasets/combined_6class_plasticmetal_cleaned/train/Metal/metal47.jpg,,prepared_datasets/combined_6class_plasticmetal_cleaned/train/Metal/metal47.jpg,,,,,,,,
cleaned_train_Metal_metal48.jpg,CombinedCleaned,image_classification,train,Metal,Metal,prepared_datasets/combined_6class_plasticmetal_cleaned/train/Metal/metal48.jpg,,prepared_datasets/combined_6class_plasticmetal_cleaned/train/Metal/metal48.jpg,,,,,,,,
cleaned_train_Metal_metal49.jpg,CombinedCleaned,image_classification,train,Metal,Metal,prepared_datasets/combined_6class_plasticmetal_cleaned/train/Metal/metal49.jpg,,prepared_datasets/combined_6class_plasticmetal_cleaned/train/Metal/metal49.jpg,,,,,,,,
cleaned_train_Metal_metal5.jpg,CombinedCleaned,image_classification,train,Metal,Metal,prepared_datasets/combined_6class_plasticmetal_cleaned/train/Metal/metal5.jpg,,prepared_datasets/combined_6class_plasticmetal_cleaned/train/Metal/metal5.jpg,,,,,,,,
cleaned_train_Metal_metal52.jpg,CombinedCleaned,image_classification,train,Metal,Metal,prepared_datasets/combined_6class_plasticmetal_cleaned/train/Metal/metal52.jpg,,prepared_datasets/combined_6class_plasticmetal_cleaned/train/Metal/metal52.jpg,,,,,,,,
cleaned_train_Metal_metal54.jpg,CombinedCleaned,image_classification,train,Metal,Metal,prepared_datasets/combined_6class_plasticmetal_cleaned/train/Metal/metal54.jpg,,prepared_datasets/combined_6class_plasticmetal_cleaned/train/Metal/metal54.jpg,,,,,,,,
cleaned_train_Metal_metal55.jpg,CombinedCleaned,image_classification,train,Metal,Metal,prepared_datasets/combined_6class_plasticmetal_cleaned/train/Metal/metal55.jpg,,prepared_datasets/combined_6class_plasticmetal_cleaned/train/Metal/metal55.jpg,,,,,,,,
cleaned_train_Metal_metal56.jpg,CombinedCleaned,image_classification,train,Metal,Metal,prepared_datasets/combined_6class_plasticmetal_cleaned/train/Metal/metal56.jpg,,prepared_datasets/combined_6class_plasticmetal_cleaned/train/Metal/metal56.jpg,,,,,,,,
cleaned_train_Metal_metal57.jpg,CombinedCleaned,image_classification,train,Metal,Metal,prepared_datasets/combined_6class_plasticmetal_cleaned/train/Metal/metal57.jpg,,prepared_datasets/combined_6class_plasticmetal_cleaned/train/Metal/metal57.jpg,,,,,,,,
cleaned_train_Metal_metal58.jpg,CombinedCleaned,image_classification,train,Metal,Metal,prepared_datasets/combined_6class_plasticmetal_cleaned/train/Metal/metal58.jpg,,prepared_datasets/combined_6class_plasticmetal_cleaned/train/Metal/metal58.jpg,,,,,,,,
cleaned_train_Metal_metal6.jpg,CombinedCleaned,image_classification,train,Metal,Metal,prepared_datasets/combined_6class_plasticmetal_cleaned/train/Metal/metal6.jpg,,prepared_datasets/combined_6class_plasticmetal_cleaned/train/Metal/metal6.jpg,,,,,,,,
cleaned_train_Metal_metal63.jpg,CombinedCleaned,image_classification,train,Metal,Metal,prepared_datasets/combined_6class_plasticmetal_cleaned/train/Metal/metal63.jpg,,prepared_datasets/combined_6class_plasticmetal_cleaned/train/Metal/metal63.jpg,,,,,,,,
cleaned_train_Metal_metal64.jpg,CombinedCleaned,image_classification,train,Metal,Metal,prepared_datasets/combined_6class_plasticmetal_cleaned/train/Metal/metal64.jpg,,prepared_datasets/combined_6class_plasticmetal_cleaned/train/Metal/metal64.jpg,,,,,,,,
cleaned_train_Metal_metal66.jpg,CombinedCleaned,image_classification,train,Metal,Metal,prepared_datasets/combined_6class_plasticmetal_cleaned/train/Metal/metal66.jpg,,prepared_datasets/combined_6class_plasticmetal_cleaned/train/Metal/metal66.jpg,,,,,,,,
cleaned_train_Metal_metal67.jpg,CombinedCleaned,image_classification,train,Metal,Metal,prepared_datasets/combined_6class_plasticmetal_cleaned/train/Metal/metal67.jpg,,prepared_datasets/combined_6class_plasticmetal_cleaned/train/Metal/metal67.jpg,,,,,,,,
cleaned_train_Metal_metal68.jpg,CombinedCleaned,image_classification,train,Metal,Metal,prepared_datasets/combined_6class_plasticmetal_cleaned/train/Metal/metal68.jpg,,prepared_datasets/combined_6class_plasticmetal_cleaned/train/Metal/metal68.jpg,,,,,,,,
cleaned_train_Metal_metal7.jpg,CombinedCleaned,image_classification,train,Metal,Metal,prepared_datasets/combined_6class_plasticmetal_cleaned/train/Metal/metal7.jpg,,prepared_datasets/combined_6class_plasticmetal_cleaned/train/Metal/metal7.jpg,,,,,,,,
cleaned_train_Metal_metal73.jpg,CombinedCleaned,image_classification,train,Metal,Metal,prepared_datasets/combined_6class_plasticmetal_cleaned/train/Metal/metal73.jpg,,prepared_datasets/combined_6class_plasticmetal_cleaned/train/Metal/metal73.jpg,,,,,,,,
cleaned_train_Metal_metal74.jpg,CombinedCleaned,image_classification,train,Metal,Metal,prepared_datasets/combined_6class_plasticmetal_cleaned/train/Metal/metal74.jpg,,prepared_datasets/combined_6class_plasticmetal_cleaned/train/Metal/metal74.jpg,,,,,,,,
cleaned_train_Metal_metal75.jpg,CombinedCleaned,image_classification,train,Metal,Metal,prepared_datasets/combined_6class_plasticmetal_cleaned/train/Metal/metal75.jpg,,prepared_datasets/combined_6class_plasticmetal_cleaned/train/Metal/metal75.jpg,,,,,,,,
cleaned_train_Metal_metal76.jpg,CombinedCleaned,image_classification,train,Metal,Metal,prepared_datasets/combined_6class_plasticmetal_cleaned/train/Metal/metal76.jpg,,prepared_datasets/combined_6class_plasticmetal_cleaned/train/Metal/metal76.jpg,,,,,,,,
cleaned_train_Metal_metal79.jpg,CombinedCleaned,image_classification,train,Metal,Metal,prepared_datasets/combined_6class_plasticmetal_cleaned/train/Metal/metal79.jpg,,prepared_datasets/combined_6class_plasticmetal_cleaned/train/Metal/metal79.jpg,,,,,,,,
cleaned_train_Metal_metal8.jpg,CombinedCleaned,image_classification,train,Metal,Metal,prepared_datasets/combined_6class_plasticmetal_cleaned/train/Metal/metal8.jpg,,prepared_datasets/combined_6class_plasticmetal_cleaned/train/Metal/metal8.jpg,,,,,,,,
cleaned_train_Metal_metal80.jpg,CombinedCleaned,image_classification,train,Metal,Metal,prepared_datasets/combined_6class_plasticmetal_cleaned/train/Metal/metal80.jpg,,prepared_datasets/combined_6class_plasticmetal_cleaned/train/Metal/metal80.jpg,,,,,,,,
cleaned_train_Metal_metal81.jpg,CombinedCleaned,image_classification,train,Metal,Metal,prepared_datasets/combined_6class_plasticmetal_cleaned/train/Metal/metal81.jpg,,prepared_datasets/combined_6class_plasticmetal_cleaned/train/Metal/metal81.jpg,,,,,,,,
cleaned_train_Metal_metal83.jpg,CombinedCleaned,image_classification,train,Metal,Metal,prepared_datasets/combined_6class_plasticmetal_cleaned/train/Metal/metal83.jpg,,prepared_datasets/combined_6class_plasticmetal_cleaned/train/Metal/metal83.jpg,,,,,,,,
cleaned_train_Metal_metal84.jpg,CombinedCleaned,image_classification,train,Metal,Metal,prepared_datasets/combined_6class_plasticmetal_cleaned/train/Metal/metal84.jpg,,prepared_datasets/combined_6class_plasticmetal_cleaned/train/Metal/metal84.jpg,,,,,,,,
cleaned_train_Metal_metal85.jpg,CombinedCleaned,image_classification,train,Metal,Metal,prepared_datasets/combined_6class_plasticmetal_cleaned/train/Metal/metal85.jpg,,prepared_datasets/combined_6class_plasticmetal_cleaned/train/Metal/metal85.jpg,,,,,,,,
cleaned_train_Metal_metal86.jpg,CombinedCleaned,image_classification,train,Metal,Metal,prepared_datasets/combined_6class_plasticmetal_cleaned/train/Metal/metal86.jpg,,prepared_datasets/combined_6class_plasticmetal_cleaned/train/Metal/metal86.jpg,,,,,,,,
cleaned_train_Metal_metal88.jpg,CombinedCleaned,image_classification,train,Metal,Metal,prepared_datasets/combined_6class_plasticmetal_cleaned/train/Metal/metal88.jpg,,prepared_datasets/combined_6class_plasticmetal_cleaned/train/Metal/metal88.jpg,,,,,,,,
cleaned_train_Metal_metal89.jpg,CombinedCleaned,image_classification,train,Metal,Metal,prepared_datasets/combined_6class_plasticmetal_cleaned/train/Metal/metal89.jpg,,prepared_datasets/combined_6class_plasticmetal_cleaned/train/Metal/metal89.jpg,,,,,,,,
cleaned_train_Metal_metal9.jpg,CombinedCleaned,image_classification,train,Metal,Metal,prepared_datasets/combined_6class_plasticmetal_cleaned/train/Metal/metal9.jpg,,prepared_datasets/combined_6class_plasticmetal_cleaned/train/Metal/metal9.jpg,,,,,,,,
cleaned_train_Metal_metal90.jpg,CombinedCleaned,image_classification,train,Metal,Metal,prepared_datasets/combined_6class_plasticmetal_cleaned/train/Metal/metal90.jpg,,prepared_datasets/combined_6class_plasticmetal_cleaned/train/Metal/metal90.jpg,,,,,,,,
cleaned_train_Metal_metal91.jpg,CombinedCleaned,image_classification,train,Metal,Metal,prepared_datasets/combined_6class_plasticmetal_cleaned/train/Metal/metal91.jpg,,prepared_datasets/combined_6class_plasticmetal_cleaned/train/Metal/metal91.jpg,,,,,,,,
cleaned_train_Metal_metal92.jpg,CombinedCleaned,image_classification,train,Metal,Metal,prepared_datasets/combined_6class_plasticmetal_cleaned/train/Metal/metal92.jpg,,prepared_datasets/combined_6class_plasticmetal_cleaned/train/Metal/metal92.jpg,,,,,,,,
cleaned_train_Metal_metal93.jpg,CombinedCleaned,image_classification,train,Metal,Metal,prepared_datasets/combined_6class_plasticmetal_cleaned/train/Metal/metal93.jpg,,prepared_datasets/combined_6class_plasticmetal_cleaned/train/Metal/metal93.jpg,,,,,,,,
cleaned_train_Metal_metal94.jpg,CombinedCleaned,image_classification,train,Metal,Metal,prepared_datasets/combined_6class_plasticmetal_cleaned/train/Metal/metal94.jpg,,prepared_datasets/combined_6class_plasticmetal_cleaned/train/Metal/metal94.jpg,,,,,,,,
cleaned_train_Metal_metal95.jpg,CombinedCleaned,image_classification,train,Metal,Metal,prepared_datasets/combined_6class_plasticmetal_cleaned/train/Metal/metal95.jpg,,prepared_datasets/combined_6class_plasticmetal_cleaned/train/Metal/metal95.jpg,,,,,,,,
cleaned_train_Metal_metal96.jpg,CombinedCleaned,image_classification,train,Metal,Metal,prepared_datasets/combined_6class_plasticmetal_cleaned/train/Metal/metal96.jpg,,prepared_datasets/combined_6class_plasticmetal_cleaned/train/Metal/metal96.jpg,,,,,,,,
cleaned_train_Metal_metal97.jpg,CombinedCleaned,image_classification,train,Metal,Metal,prepared_datasets/combined_6class_plasticmetal_cleaned/train/Metal/metal97.jpg,,prepared_datasets/combined_6class_plasticmetal_cleaned/train/Metal/metal97.jpg,,,,,,,,
cleaned_train_Metal_metal98.jpg,CombinedCleaned,image_classification,train,Metal,Metal,prepared_datasets/combined_6class_plasticmetal_cleaned/train/Metal/metal98.jpg,,prepared_datasets/combined_6class_plasticmetal_cleaned/train/Metal/metal98.jpg,,,,,,,,
cleaned_train_Metal_metal99.jpg,CombinedCleaned,image_classification,train,Metal,Metal,prepared_datasets/combined_6class_plasticmetal_cleaned/train/Metal/metal99.jpg,,prepared_datasets/combined_6class_plasticmetal_cleaned/train/Metal/metal99.jpg,,,,,,,,
cleaned_train_Organic_000054_ann2835.jpg,CombinedCleaned,image_classification,train,Organic,Organic,prepared_datasets/combined_6class_plasticmetal_cleaned/train/Organic/000054_ann2835.jpg,,prepared_datasets/combined_6class_plasticmetal_cleaned/train/Organic/000054_ann2835.jpg,,,,,,,,
cleaned_train_Organic_000119_ann244.jpg,CombinedCleaned,image_classification,train,Organic,Organic,prepared_datasets/combined_6class_plasticmetal_cleaned/train/Organic/000119_ann244.jpg,,prepared_datasets/combined_6class_plasticmetal_cleaned/train/Organic/000119_ann244.jpg,,,,,,,,
cleaned_train_Other_000000_ann686.jpg,CombinedCleaned,image_classification,train,Other,Other,prepared_datasets/combined_6class_plasticmetal_cleaned/train/Other/000000_ann686.jpg,,prepared_datasets/combined_6class_plasticmetal_cleaned/train/Other/000000_ann686.jpg,,,,,,,,
cleaned_train_Other_000001_ann690.jpg,CombinedCleaned,image_classification,train,Other,Other,prepared_datasets/combined_6class_plasticmetal_cleaned/train/Other/000001_ann690.jpg,,prepared_datasets/combined_6class_plasticmetal_cleaned/train/Other/000001_ann690.jpg,,,,,,,,
cleaned_train_Other_000002_ann692.jpg,CombinedCleaned,image_classification,train,Other,Other,prepared_datasets/combined_6class_plasticmetal_cleaned/train/Other/000002_ann692.jpg,,prepared_datasets/combined_6class_plasticmetal_cleaned/train/Other/000002_ann692.jpg,,,,,,,,
cleaned_train_Other_000004_ann698.jpg,CombinedCleaned,image_classification,train,Other,Other,prepared_datasets/combined_6class_plasticmetal_cleaned/train/Other/000004_ann698.jpg,,prepared_datasets/combined_6class_plasticmetal_cleaned/train/Other/000004_ann698.jpg,,,,,,,,
cleaned_train_Other_000005_ann2207.jpg,CombinedCleaned,image_classification,train,Other,Other,prepared_datasets/combined_6class_plasticmetal_cleaned/train/Other/000005_ann2207.jpg,,prepared_datasets/combined_6class_plasticmetal_cleaned/train/Other/000005_ann2207.jpg,,,,,,,,
cleaned_train_Other_000005_ann701.jpg,CombinedCleaned,image_classification,train,Other,Other,prepared_datasets/combined_6class_plasticmetal_cleaned/train/Other/000005_ann701.jpg,,prepared_datasets/combined_6class_plasticmetal_cleaned/train/Other/000005_ann701.jpg,,,,,,,,
cleaned_train_Other_000006_ann2212.jpg,CombinedCleaned,image_classification,train,Other,Other,prepared_datasets/combined_6class_plasticmetal_cleaned/train/Other/000006_ann2212.jpg,,prepared_datasets/combined_6class_plasticmetal_cleaned/train/Other/000006_ann2212.jpg,,,,,,,,
cleaned_train_Other_000007_ann706.jpg,CombinedCleaned,image_classification,train,Other,Other,prepared_datasets/combined_6class_plasticmetal_cleaned/train/Other/000007_ann706.jpg,,prepared_datasets/combined_6class_plasticmetal_cleaned/train/Other/000007_ann706.jpg,,,,,,,,
cleaned_train_Other_000008_ann4495.jpg,CombinedCleaned,image_classification,train,Other,Other,prepared_datasets/combined_6class_plasticmetal_cleaned/train/Other/000008_ann4495.jpg,,prepared_datasets/combined_6class_plasticmetal_cleaned/train/Other/000008_ann4495.jpg,,,,,,,,
cleaned_train_Other_000008_ann707.jpg,CombinedCleaned,image_classification,train,Other,Other,prepared_datasets/combined_6class_plasticmetal_cleaned/train/Other/000008_ann707.jpg,,prepared_datasets/combined_6class_plasticmetal_cleaned/train/Other/000008_ann707.jpg,,,,,,,,
cleaned_train_Other_000009_ann710.jpg,CombinedCleaned,image_classification,train,Other,Other,prepared_datasets/combined_6class_plasticmetal_cleaned/train/Other/000009_ann710.jpg,,prepared_datasets/combined_6class_plasticmetal_cleaned/train/Other/000009_ann710.jpg,,,,,,,,
cleaned_train_Other_000013_ann3562.jpg,CombinedCleaned,image_classification,train,Other,Other,prepared_datasets/combined_6class_plasticmetal_cleaned/train/Other/000013_ann3562.jpg,,prepared_datasets/combined_6class_plasticmetal_cleaned/train/Other/000013_ann3562.jpg,,,,,,,,
cleaned_train_Other_000014_ann27.jpg,CombinedCleaned,image_classification,train,Other,Other,prepared_datasets/combined_6class_plasticmetal_cleaned/train/Other/000014_ann27.jpg,,prepared_datasets/combined_6class_plasticmetal_cleaned/train/Other/000014_ann27.jpg,,,,,,,,
cleaned_train_Other_000014_ann725.jpg,CombinedCleaned,image_classification,train,Other,Other,prepared_datasets/combined_6class_plasticmetal_cleaned/train/Other/000014_ann725.jpg,,prepared_datasets/combined_6class_plasticmetal_cleaned/train/Other/000014_ann725.jpg,,,,,,,,
cleaned_train_Other_000015_ann100.jpg,CombinedCleaned,image_classification,train,Other,Other,prepared_datasets/combined_6class_plasticmetal_cleaned/train/Other/000015_ann100.jpg,,prepared_datasets/combined_6class_plasticmetal_cleaned/train/Other/000015_ann100.jpg,,,,,,,,
cleaned_train_Other_000015_ann726.jpg,CombinedCleaned,image_classification,train,Other,Other,prepared_datasets/combined_6class_plasticmetal_cleaned/train/Other/000015_ann726.jpg,,prepared_datasets/combined_6class_plasticmetal_cleaned/train/Other/000015_ann726.jpg,,,,,,,,
cleaned_train_Other_000015_ann727.jpg,CombinedCleaned,image_classification,train,Other,Other,prepared_datasets/combined_6class_plasticmetal_cleaned/train/Other/000015_ann727.jpg,,prepared_datasets/combined_6class_plasticmetal_cleaned/train/Other/000015_ann727.jpg,,,,,,,,
cleaned_train_Other_000016_ann732.jpg,CombinedCleaned,image_classification,train,Other,Other,prepared_datasets/combined_6class_plasticmetal_cleaned/train/Other/000016_ann732.jpg,,prepared_datasets/combined_6class_plasticmetal_cleaned/train/Other/000016_ann732.jpg,,,,,,,,
cleaned_train_Other_000017_ann733.jpg,CombinedCleaned,image_classification,train,Other,Other,prepared_datasets/combined_6class_plasticmetal_cleaned/train/Other/000017_ann733.jpg,,prepared_datasets/combined_6class_plasticmetal_cleaned/train/Other/000017_ann733.jpg,,,,,,,,
cleaned_train_Other_000017_ann956.jpg,CombinedCleaned,image_classification,train,Other,Other,prepared_datasets/combined_6class_plasticmetal_cleaned/train/Other/000017_ann956.jpg,,prepared_datasets/combined_6class_plasticmetal_cleaned/train/Other/000017_ann956.jpg,,,,,,,,
cleaned_train_Other_000018_ann3663.jpg,CombinedCleaned,image_classification,train,Other,Other,prepared_datasets/combined_6class_plasticmetal_cleaned/train/Other/000018_ann3663.jpg,,prepared_datasets/combined_6class_plasticmetal_cleaned/train/Other/000018_ann3663.jpg,,,,,,,,
cleaned_train_Other_000020_ann3091.jpg,CombinedCleaned,image_classification,train,Other,Other,prepared_datasets/combined_6class_plasticmetal_cleaned/train/Other/000020_ann3091.jpg,,prepared_datasets/combined_6class_plasticmetal_cleaned/train/Other/000020_ann3091.jpg,,,,,,,,
cleaned_train_Other_000022_ann1973.jpg,CombinedCleaned,image_classification,train,Other,Other,prepared_datasets/combined_6class_plasticmetal_cleaned/train/Other/000022_ann1973.jpg,,prepared_datasets/combined_6class_plasticmetal_cleaned/train/Other/000022_ann1973.jpg,,,,,,,,
cleaned_train_Other_000023_ann2241.jpg,CombinedCleaned,image_classification,train,Other,Other,prepared_datasets/combined_6class_plasticmetal_cleaned/train/Other/000023_ann2241.jpg,,prepared_datasets/combined_6class_plasticmetal_cleaned/train/Other/000023_ann2241.jpg,,,,,,,,
cleaned_train_Other_000023_ann2242.jpg,CombinedCleaned,image_classification,train,Other,Other,prepared_datasets/combined_6class_plasticmetal_cleaned/train/Other/000023_ann2242.jpg,,prepared_datasets/combined_6class_plasticmetal_cleaned/train/Other/000023_ann2242.jpg,,,,,,,,
cleaned_train_Other_000035_ann3704.jpg,CombinedCleaned,image_classification,train,Other,Other,prepared_datasets/combined_6class_plasticmetal_cleaned/train/Other/000035_ann3704.jpg,,prepared_datasets/combined_6class_plasticmetal_cleaned/train/Other/000035_ann3704.jpg,,,,,,,,
cleaned_train_Other_000038_ann3130.jpg,CombinedCleaned,image_classification,train,Other,Other,prepared_datasets/combined_6class_plasticmetal_cleaned/train/Other/000038_ann3130.jpg,,prepared_datasets/combined_6class_plasticmetal_cleaned/train/Other/000038_ann3130.jpg,,,,,,,,
cleaned_train_Other_000043_ann3140.jpg,CombinedCleaned,image_classification,train,Other,Other,prepared_datasets/combined_6class_plasticmetal_cleaned/train/Other/000043_ann3140.jpg,,prepared_datasets/combined_6class_plasticmetal_cleaned/train/Other/000043_ann3140.jpg,,,,,,,,
cleaned_train_Other_000045_ann2091.jpg,CombinedCleaned,image_classification,train,Other,Other,prepared_datasets/combined_6class_plasticmetal_cleaned/train/Other/000045_ann2091.jpg,,prepared_datasets/combined_6class_plasticmetal_cleaned/train/Other/000045_ann2091.jpg,,,,,,,,
cleaned_train_Other_000049_ann1585.jpg,CombinedCleaned,image_classification,train,Other,Other,prepared_datasets/combined_6class_plasticmetal_cleaned/train/Other/000049_ann1585.jpg,,prepared_datasets/combined_6class_plasticmetal_cleaned/train/Other/000049_ann1585.jpg,,,,,,,,
cleaned_train_Other_000049_ann1586.jpg,CombinedCleaned,image_classification,train,Other,Other,prepared_datasets/combined_6class_plasticmetal_cleaned/train/Other/000049_ann1586.jpg,,prepared_datasets/combined_6class_plasticmetal_cleaned/train/Other/000049_ann1586.jpg,,,,,,,,
cleaned_train_Other_000052_ann4312.jpg,CombinedCleaned,image_classification,train,Other,Other,prepared_datasets/combined_6class_plasticmetal_cleaned/train/Other/000052_ann4312.jpg,,prepared_datasets/combined_6class_plasticmetal_cleaned/train/Other/000052_ann4312.jpg,,,,,,,,
cleaned_train_Other_000053_ann1595.jpg,CombinedCleaned,image_classification,train,Other,Other,prepared_datasets/combined_6class_plasticmetal_cleaned/train/Other/000053_ann1595.jpg,,prepared_datasets/combined_6class_plasticmetal_cleaned/train/Other/000053_ann1595.jpg,,,,,,,,
cleaned_train_Other_000053_ann4313.jpg,CombinedCleaned,image_classification,train,Other,Other,prepared_datasets/combined_6class_plasticmetal_cleaned/train/Other/000053_ann4313.jpg,,prepared_datasets/combined_6class_plasticmetal_cleaned/train/Other/000053_ann4313.jpg,,,,,,,,
cleaned_train_Other_000054_ann4335.jpg,CombinedCleaned,image_classification,train,Other,Other,prepared_datasets/combined_6class_plasticmetal_cleaned/train/Other/000054_ann4335.jpg,,prepared_datasets/combined_6class_plasticmetal_cleaned/train/Other/000054_ann4335.jpg,,,,,,,,
cleaned_train_Other_000054_ann4336.jpg,CombinedCleaned,image_classification,train,Other,Other,prepared_datasets/combined_6class_plasticmetal_cleaned/train/Other/000054_ann4336.jpg,,prepared_datasets/combined_6class_plasticmetal_cleaned/train/Other/000054_ann4336.jpg,,,,,,,,
cleaned_train_Other_000054_ann4337.jpg,CombinedCleaned,image_classification,train,Other,Other,prepared_datasets/combined_6class_plasticmetal_cleaned/train/Other/000054_ann4337.jpg,,prepared_datasets/combined_6class_plasticmetal_cleaned/train/Other/000054_ann4337.jpg,,,,,,,,
cleaned_train_Other_000055_ann1198.jpg,CombinedCleaned,image_classification,train,Other,Other,prepared_datasets/combined_6class_plasticmetal_cleaned/train/Other/000055_ann1198.jpg,,prepared_datasets/combined_6class_plasticmetal_cleaned/train/Other/000055_ann1198.jpg,,,,,,,,
cleaned_train_Other_000055_ann2117.jpg,CombinedCleaned,image_classification,train,Other,Other,prepared_datasets/combined_6class_plasticmetal_cleaned/train/Other/000055_ann2117.jpg,,prepared_datasets/combined_6class_plasticmetal_cleaned/train/Other/000055_ann2117.jpg,,,,,,,,
cleaned_train_Other_000055_ann4343.jpg,CombinedCleaned,image_classification,train,Other,Other,prepared_datasets/combined_6class_plasticmetal_cleaned/train/Other/000055_ann4343.jpg,,prepared_datasets/combined_6class_plasticmetal_cleaned/train/Other/000055_ann4343.jpg,,,,,,,,
cleaned_train_Other_000056_ann2314.jpg,CombinedCleaned,image_classification,train,Other,Other,prepared_datasets/combined_6class_plasticmetal_cleaned/train/Other/000056_ann2314.jpg,,prepared_datasets/combined_6class_plasticmetal_cleaned/train/Other/000056_ann2314.jpg,,,,,,,,
cleaned_train_Other_000057_ann1201.jpg,CombinedCleaned,image_classification,train,Other,Other,prepared_datasets/combined_6class_plasticmetal_cleaned/train/Other/000057_ann1201.jpg,,prepared_datasets/combined_6class_plasticmetal_cleaned/train/Other/000057_ann1201.jpg,,,,,,,,
cleaned_train_Other_000058_ann1789.jpg,CombinedCleaned,image_classification,train,Other,Other,prepared_datasets/combined_6class_plasticmetal_cleaned/train/Other/000058_ann1789.jpg,,prepared_datasets/combined_6class_plasticmetal_cleaned/train/Other/000058_ann1789.jpg,,,,,,,,
cleaned_train_Other_000059_ann3179.jpg,CombinedCleaned,image_classification,train,Other,Other,prepared_datasets/combined_6class_plasticmetal_cleaned/train/Other/000059_ann3179.jpg,,prepared_datasets/combined_6class_plasticmetal_cleaned/train/Other/000059_ann3179.jpg,,,,,,,,
cleaned_train_Other_000061_ann1244.jpg,CombinedCleaned,image_classification,train,Other,Other,prepared_datasets/combined_6class_plasticmetal_cleaned/train/Other/000061_ann1244.jpg,,prepared_datasets/combined_6class_plasticmetal_cleaned/train/Other/000061_ann1244.jpg,,,,,,,,
cleaned_train_Other_000062_ann816.jpg,CombinedCleaned,image_classification,train,Other,Other,prepared_datasets/combined_6class_plasticmetal_cleaned/train/Other/000062_ann816.jpg,,prepared_datasets/combined_6class_plasticmetal_cleaned/train/Other/000062_ann816.jpg,,,,,,,,
cleaned_train_Other_000063_ann1641.jpg,CombinedCleaned,image_classification,train,Other,Other,prepared_datasets/combined_6class_plasticmetal_cleaned/train/Other/000063_ann1641.jpg,,prepared_datasets/combined_6class_plasticmetal_cleaned/train/Other/000063_ann1641.jpg,,,,,,,,
cleaned_train_Other_000067_ann4397.jpg,CombinedCleaned,image_classification,train,Other,Other,prepared_datasets/combined_6class_plasticmetal_cleaned/train/Other/000067_ann4397.jpg,,prepared_datasets/combined_6class_plasticmetal_cleaned/train/Other/000067_ann4397.jpg,,,,,,,,
cleaned_train_Other_000069_ann829.jpg,CombinedCleaned,image_classification,train,Other,Other,prepared_datasets/combined_6class_plasticmetal_cleaned/train/Other/000069_ann829.jpg,,prepared_datasets/combined_6class_plasticmetal_cleaned/train/Other/000069_ann829.jpg,,,,,,,,
cleaned_train_Other_000070_ann2332.jpg,CombinedCleaned,image_classification,train,Other,Other,prepared_datasets/combined_6class_plasticmetal_cleaned/train/Other/000070_ann2332.jpg,,prepared_datasets/combined_6class_plasticmetal_cleaned/train/Other/000070_ann2332.jpg,,,,,,,,
cleaned_train_Other_000071_ann834.jpg,CombinedCleaned,image_classification,train,Other,Other,prepared_datasets/combined_6class_plasticmetal_cleaned/train/Other/000071_ann834.jpg,,prepared_datasets/combined_6class_plasticmetal_cleaned/train/Other/000071_ann834.jpg,,,,,,,,
cleaned_train_Other_000073_ann2167.jpg,CombinedCleaned,image_classification,train,Other,Other,prepared_datasets/combined_6class_plasticmetal_cleaned/train/Other/000073_ann2167.jpg,,prepared_datasets/combined_6class_plasticmetal_cleaned/train/Other/000073_ann2167.jpg,,,,,,,,
cleaned_train_Other_000073_ann2168.jpg,CombinedCleaned,image_classification,train,Other,Other,prepared_datasets/combined_6class_plasticmetal_cleaned/train/Other/000073_ann2168.jpg,,prepared_datasets/combined_6class_plasticmetal_cleaned/train/Other/000073_ann2168.jpg,,,,,,,,
cleaned_train_Other_000073_ann2857.jpg,CombinedCleaned,image_classification,train,Other,Other,prepared_datasets/combined_6class_plasticmetal_cleaned/train/Other/000073_ann2857.jpg,,prepared_datasets/combined_6class_plasticmetal_cleaned/train/Other/000073_ann2857.jpg,,,,,,,,
cleaned_train_Other_000074_ann845.jpg,CombinedCleaned,image_classification,train,Other,Other,prepared_datasets/combined_6class_plasticmetal_cleaned/train/Other/000074_ann845.jpg,,prepared_datasets/combined_6class_plasticmetal_cleaned/train/Other/000074_ann845.jpg,,,,,,,,
cleaned_train_Other_000076_ann856.jpg,CombinedCleaned,image_classification,train,Other,Other,prepared_datasets/combined_6class_plasticmetal_cleaned/train/Other/000076_ann856.jpg,,prepared_datasets/combined_6class_plasticmetal_cleaned/train/Other/000076_ann856.jpg,,,,,,,,
cleaned_train_Other_000077_ann858.jpg,CombinedCleaned,image_classification,train,Other,Other,prepared_datasets/combined_6class_plasticmetal_cleaned/train/Other/000077_ann858.jpg,,prepared_datasets/combined_6class_plasticmetal_cleaned/train/Other/000077_ann858.jpg,,,,,,,,
cleaned_train_Other_000078_ann3835.jpg,CombinedCleaned,image_classification,train,Other,Other,prepared_datasets/combined_6class_plasticmetal_cleaned/train/Other/000078_ann3835.jpg,,prepared_datasets/combined_6class_plasticmetal_cleaned/train/Other/000078_ann3835.jpg,,,,,,,,
cleaned_train_Other_000078_ann3836.jpg,CombinedCleaned,image_classification,train,Other,Other,prepared_datasets/combined_6class_plasticmetal_cleaned/train/Other/000078_ann3836.jpg,,prepared_datasets/combined_6class_plasticmetal_cleaned/train/Other/000078_ann3836.jpg,,,,,,,,
cleaned_train_Other_000078_ann3838.jpg,CombinedCleaned,image_classification,train,Other,Other,prepared_datasets/combined_6class_plasticmetal_cleaned/train/Other/000078_ann3838.jpg,,prepared_datasets/combined_6class_plasticmetal_cleaned/train/Other/000078_ann3838.jpg,,,,,,,,
cleaned_train_Other_000078_ann3841.jpg,CombinedCleaned,image_classification,train,Other,Other,prepared_datasets/combined_6class_plasticmetal_cleaned/train/Other/000078_ann3841.jpg,,prepared_datasets/combined_6class_plasticmetal_cleaned/train/Other/000078_ann3841.jpg,,,,,,,,
cleaned_train_Other_000080_ann871.jpg,CombinedCleaned,image_classification,train,Other,Other,prepared_datasets/combined_6class_plasticmetal_cleaned/train/Other/000080_ann871.jpg,,prepared_datasets/combined_6class_plasticmetal_cleaned/train/Other/000080_ann871.jpg,,,,,,,,
cleaned_train_Other_000081_ann2351.jpg,CombinedCleaned,image_classification,train,Other,Other,prepared_datasets/combined_6class_plasticmetal_cleaned/train/Other/000081_ann2351.jpg,,prepared_datasets/combined_6class_plasticmetal_cleaned/train/Other/000081_ann2351.jpg,,,,,,,,
cleaned_train_Other_000082_ann146.jpg,CombinedCleaned,image_classification,train,Other,Other,prepared_datasets/combined_6class_plasticmetal_cleaned/train/Other/000082_ann146.jpg,,prepared_datasets/combined_6class_plasticmetal_cleaned/train/Other/000082_ann146.jpg,,,,,,,,
cleaned_train_Other_000084_ann610.jpg,CombinedCleaned,image_classification,train,Other,Other,prepared_datasets/combined_6class_plasticmetal_cleaned/train/Other/000084_ann610.jpg,,prepared_datasets/combined_6class_plasticmetal_cleaned/train/Other/000084_ann610.jpg,,,,,,,,
cleaned_train_Other_000089_ann2952.jpg,CombinedCleaned,image_classification,train,Other,Other,prepared_datasets/combined_6class_plasticmetal_cleaned/train/Other/000089_ann2952.jpg,,prepared_datasets/combined_6class_plasticmetal_cleaned/train/Other/000089_ann2952.jpg,,,,,,,,
cleaned_train_Other_000093_ann2960.jpg,CombinedCleaned,image_classification,train,Other,Other,prepared_datasets/combined_6class_plasticmetal_cleaned/train/Other/000093_ann2960.jpg,,prepared_datasets/combined_6class_plasticmetal_cleaned/train/Other/000093_ann2960.jpg,,,,,,,,
cleaned_train_Other_000094_ann2383.jpg,CombinedCleaned,image_classification,train,Other,Other,prepared_datasets/combined_6class_plasticmetal_cleaned/train/Other/000094_ann2383.jpg,,prepared_datasets/combined_6class_plasticmetal_cleaned/train/Other/000094_ann2383.jpg,,,,,,,,
cleaned_train_Other_000095_ann2384.jpg,CombinedCleaned,image_classification,train,Other,Other,prepared_datasets/combined_6class_plasticmetal_cleaned/train/Other/000095_ann2384.jpg,,prepared_datasets/combined_6class_plasticmetal_cleaned/train/Other/000095_ann2384.jpg,,,,,,,,
cleaned_train_Other_000096_ann175.jpg,CombinedCleaned,image_classification,train,Other,Other,prepared_datasets/combined_6class_plasticmetal_cleaned/train/Other/000096_ann175.jpg,,prepared_datasets/combined_6class_plasticmetal_cleaned/train/Other/000096_ann175.jpg,,,,,,,,
cleaned_train_Other_000098_ann682.jpg,CombinedCleaned,image_classification,train,Other,Other,prepared_datasets/combined_6class_plasticmetal_cleaned/train/Other/000098_ann682.jpg,,prepared_datasets/combined_6class_plasticmetal_cleaned/train/Other/000098_ann682.jpg,,,,,,,,
cleaned_train_Other_000107_ann221.jpg,CombinedCleaned,image_classification,train,Other,Other,prepared_datasets/combined_6class_plasticmetal_cleaned/train/Other/000107_ann221.jpg,,prepared_datasets/combined_6class_plasticmetal_cleaned/train/Other/000107_ann221.jpg,,,,,,,,
cleaned_train_Other_000107_ann222.jpg,CombinedCleaned,image_classification,train,Other,Other,prepared_datasets/combined_6class_plasticmetal_cleaned/train/Other/000107_ann222.jpg,,prepared_datasets/combined_6class_plasticmetal_cleaned/train/Other/000107_ann222.jpg,,,,,,,,
cleaned_train_Other_000107_ann223.jpg,CombinedCleaned,image_classification,train,Other,Other,prepared_datasets/combined_6class_plasticmetal_cleaned/train/Other/000107_ann223.jpg,,prepared_datasets/combined_6class_plasticmetal_cleaned/train/Other/000107_ann223.jpg,,,,,,,,
cleaned_train_Other_000107_ann3002.jpg,CombinedCleaned,image_classification,train,Other,Other,prepared_datasets/combined_6class_plasticmetal_cleaned/train/Other/000107_ann3002.jpg,,prepared_datasets/combined_6class_plasticmetal_cleaned/train/Other/000107_ann3002.jpg,,,,,,,,
cleaned_train_Other_000115_ann3946.jpg,CombinedCleaned,image_classification,train,Other,Other,prepared_datasets/combined_6class_plasticmetal_cleaned/train/Other/000115_ann3946.jpg,,prepared_datasets/combined_6class_plasticmetal_cleaned/train/Other/000115_ann3946.jpg,,,,,,,,
cleaned_train_Other_000117_ann3947.jpg,CombinedCleaned,image_classification,train,Other,Other,prepared_datasets/combined_6class_plasticmetal_cleaned/train/Other/000117_ann3947.jpg,,prepared_datasets/combined_6class_plasticmetal_cleaned/train/Other/000117_ann3947.jpg,,,,,,,,
cleaned_train_Other_000118_ann243.jpg,CombinedCleaned,image_classification,train,Other,Other,prepared_datasets/combined_6class_plasticmetal_cleaned/train/Other/000118_ann243.jpg,,prepared_datasets/combined_6class_plasticmetal_cleaned/train/Other/000118_ann243.jpg,,,,,,,,
cleaned_train_Other_000120_ann3953.jpg,CombinedCleaned,image_classification,train,Other,Other,prepared_datasets/combined_6class_plasticmetal_cleaned/train/Other/000120_ann3953.jpg,,prepared_datasets/combined_6class_plasticmetal_cleaned/train/Other/000120_ann3953.jpg,,,,,,,,
cleaned_train_Other_000123_ann3962.jpg,CombinedCleaned,image_classification,train,Other,Other,prepared_datasets/combined_6class_plasticmetal_cleaned/train/Other/000123_ann3962.jpg,,prepared_datasets/combined_6class_plasticmetal_cleaned/train/Other/000123_ann3962.jpg,,,,,,,,
cleaned_train_Other_000124_ann250.jpg,CombinedCleaned,image_classification,train,Other,Other,prepared_datasets/combined_6class_plasticmetal_cleaned/train/Other/000124_ann250.jpg,,prepared_datasets/combined_6class_plasticmetal_cleaned/train/Other/000124_ann250.jpg,,,,,,,,
cleaned_train_Other_000125_ann3965.jpg,CombinedCleaned,image_classification,train,Other,Other,prepared_datasets/combined_6class_plasticmetal_cleaned/train/Other/000125_ann3965.jpg,,prepared_datasets/combined_6class_plasticmetal_cleaned/train/Other/000125_ann3965.jpg,,,,,,,,
cleaned_train_Other_000127_ann257.jpg,CombinedCleaned,image_classification,train,Other,Other,prepared_datasets/combined_6class_plasticmetal_cleaned/train/Other/000127_ann257.jpg,,prepared_datasets/combined_6class_plasticmetal_cleaned/train/Other/000127_ann257.jpg,,,,,,,,
cleaned_train_Other_IMG_5040_ann2511.jpg,CombinedCleaned,image_classification,train,Other,Other,prepared_datasets/combined_6class_plasticmetal_cleaned/train/Other/IMG_5040_ann2511.jpg,,prepared_datasets/combined_6class_plasticmetal_cleaned/train/Other/IMG_5040_ann2511.jpg,,,,,,,,
cleaned_train_Other_IMG_5041_ann2512.jpg,CombinedCleaned,image_classification,train,Other,Other,prepared_datasets/combined_6class_plasticmetal_cleaned/train/Other/IMG_5041_ann2512.jpg,,prepared_datasets/combined_6class_plasticmetal_cleaned/train/Other/IMG_5041_ann2512.jpg,,,,,,,,
cleaned_train_Other_IMG_5061_ann2706.jpg,CombinedCleaned,image_classification,train,Other,Other,prepared_datasets/combined_6class_plasticmetal_cleaned/train/Other/IMG_5061_ann2706.jpg,,prepared_datasets/combined_6class_plasticmetal_cleaned/train/Other/IMG_5061_ann2706.jpg,,,,,,,,
cleaned_train_Other_trash1.jpg,CombinedCleaned,image_classification,train,Other,Other,prepared_datasets/combined_6class_plasticmetal_cleaned/train/Other/trash1.jpg,,prepared_datasets/combined_6class_plasticmetal_cleaned/train/Other/trash1.jpg,,,,,,,,
cleaned_train_Other_trash10.jpg,CombinedCleaned,image_classification,train,Other,Other,prepared_datasets/combined_6class_plasticmetal_cleaned/train/Other/trash10.jpg,,prepared_datasets/combined_6class_plasticmetal_cleaned/train/Other/trash10.jpg,,,,,,,,
cleaned_train_Other_trash100.jpg,CombinedCleaned,image_classification,train,Other,Other,prepared_datasets/combined_6class_plasticmetal_cleaned/train/Other/trash100.jpg,,prepared_datasets/combined_6class_plasticmetal_cleaned/train/Other/trash100.jpg,,,,,,,,
cleaned_train_Other_trash101.jpg,CombinedCleaned,image_classification,train,Other,Other,prepared_datasets/combined_6class_plasticmetal_cleaned/train/Other/trash101.jpg,,prepared_datasets/combined_6class_plasticmetal_cleaned/train/Other/trash101.jpg,,,,,,,,
cleaned_train_Other_trash104.jpg,CombinedCleaned,image_classification,train,Other,Other,prepared_datasets/combined_6class_plasticmetal_cleaned/train/Other/trash104.jpg,,prepared_datasets/combined_6class_plasticmetal_cleaned/train/Other/trash104.jpg,,,,,,,,
cleaned_train_Other_trash105.jpg,CombinedCleaned,image_classification,train,Other,Other,prepared_datasets/combined_6class_plasticmetal_cleaned/train/Other/trash105.jpg,,prepared_datasets/combined_6class_plasticmetal_cleaned/train/Other/trash105.jpg,,,,,,,,
cleaned_train_Other_trash106.jpg,CombinedCleaned,image_classification,train,Other,Other,prepared_datasets/combined_6class_plasticmetal_cleaned/train/Other/trash106.jpg,,prepared_datasets/combined_6class_plasticmetal_cleaned/train/Other/trash106.jpg,,,,,,,,
cleaned_train_Other_trash107.jpg,CombinedCleaned,image_classification,train,Other,Other,prepared_datasets/combined_6class_plasticmetal_cleaned/train/Other/trash107.jpg,,prepared_datasets/combined_6class_plasticmetal_cleaned/train/Other/trash107.jpg,,,,,,,,
cleaned_train_Other_trash108.jpg,CombinedCleaned,image_classification,train,Other,Other,prepared_datasets/combined_6class_plasticmetal_cleaned/train/Other/trash108.jpg,,prepared_datasets/combined_6class_plasticmetal_cleaned/train/Other/trash108.jpg,,,,,,,,
cleaned_train_Other_trash109.jpg,CombinedCleaned,image_classification,train,Other,Other,prepared_datasets/combined_6class_plasticmetal_cleaned/train/Other/trash109.jpg,,prepared_datasets/combined_6class_plasticmetal_cleaned/train/Other/trash109.jpg,,,,,,,,
cleaned_train_Other_trash11.jpg,CombinedCleaned,image_classification,train,Other,Other,prepared_datasets/combined_6class_plasticmetal_cleaned/train/Other/trash11.jpg,,prepared_datasets/combined_6class_plasticmetal_cleaned/train/Other/trash11.jpg,,,,,,,,
cleaned_train_Other_trash110.jpg,CombinedCleaned,image_classification,train,Other,Other,prepared_datasets/combined_6class_plasticmetal_cleaned/train/Other/trash110.jpg,,prepared_datasets/combined_6class_plasticmetal_cleaned/train/Other/trash110.jpg,,,,,,,,
cleaned_train_Other_trash111.jpg,CombinedCleaned,image_classification,train,Other,Other,prepared_datasets/combined_6class_plasticmetal_cleaned/train/Other/trash111.jpg,,prepared_datasets/combined_6class_plasticmetal_cleaned/train/Other/trash111.jpg,,,,,,,,
cleaned_train_Other_trash112.jpg,CombinedCleaned,image_classification,train,Other,Other,prepared_datasets/combined_6class_plasticmetal_cleaned/train/Other/trash112.jpg,,prepared_datasets/combined_6class_plasticmetal_cleaned/train/Other/trash112.jpg,,,,,,,,
cleaned_train_Other_trash113.jpg,CombinedCleaned,image_classification,train,Other,Other,prepared_datasets/combined_6class_plasticmetal_cleaned/train/Other/trash113.jpg,,prepared_datasets/combined_6class_plasticmetal_cleaned/train/Other/trash113.jpg,,,,,,,,
cleaned_train_Other_trash118.jpg,CombinedCleaned,image_classification,train,Other,Other,prepared_datasets/combined_6class_plasticmetal_cleaned/train/Other/trash118.jpg,,prepared_datasets/combined_6class_plasticmetal_cleaned/train/Other/trash118.jpg,,,,,,,,
cleaned_train_Other_trash119.jpg,CombinedCleaned,image_classification,train,Other,Other,prepared_datasets/combined_6class_plasticmetal_cleaned/train/Other/trash119.jpg,,prepared_datasets/combined_6class_plasticmetal_cleaned/train/Other/trash119.jpg,,,,,,,,
cleaned_train_Other_trash12.jpg,CombinedCleaned,image_classification,train,Other,Other,prepared_datasets/combined_6class_plasticmetal_cleaned/train/Other/trash12.jpg,,prepared_datasets/combined_6class_plasticmetal_cleaned/train/Other/trash12.jpg,,,,,,,,
cleaned_train_Other_trash122.jpg,CombinedCleaned,image_classification,train,Other,Other,prepared_datasets/combined_6class_plasticmetal_cleaned/train/Other/trash122.jpg,,prepared_datasets/combined_6class_plasticmetal_cleaned/train/Other/trash122.jpg,,,,,,,,
cleaned_train_Other_trash123.jpg,CombinedCleaned,image_classification,train,Other,Other,prepared_datasets/combined_6class_plasticmetal_cleaned/train/Other/trash123.jpg,,prepared_datasets/combined_6class_plasticmetal_cleaned/train/Other/trash123.jpg,,,,,,,,
cleaned_train_Other_trash124.jpg,CombinedCleaned,image_classification,train,Other,Other,prepared_datasets/combined_6class_plasticmetal_cleaned/train/Other/trash124.jpg,,prepared_datasets/combined_6class_plasticmetal_cleaned/train/Other/trash124.jpg,,,,,,,,
cleaned_train_Other_trash125.jpg,CombinedCleaned,image_classification,train,Other,Other,prepared_datasets/combined_6class_plasticmetal_cleaned/train/Other/trash125.jpg,,prepared_datasets/combined_6class_plasticmetal_cleaned/train/Other/trash125.jpg,,,,,,,,
cleaned_train_Other_trash127.jpg,CombinedCleaned,image_classification,train,Other,Other,prepared_datasets/combined_6class_plasticmetal_cleaned/train/Other/trash127.jpg,,prepared_datasets/combined_6class_plasticmetal_cleaned/train/Other/trash127.jpg,,,,,,,,
cleaned_train_Other_trash129.jpg,CombinedCleaned,image_classification,train,Other,Other,prepared_datasets/combined_6class_plasticmetal_cleaned/train/Other/trash129.jpg,,prepared_datasets/combined_6class_plasticmetal_cleaned/train/Other/trash129.jpg,,,,,,,,
cleaned_train_Other_trash13.jpg,CombinedCleaned,image_classification,train,Other,Other,prepared_datasets/combined_6class_plasticmetal_cleaned/train/Other/trash13.jpg,,prepared_datasets/combined_6class_plasticmetal_cleaned/train/Other/trash13.jpg,,,,,,,,
cleaned_train_Other_trash130.jpg,CombinedCleaned,image_classification,train,Other,Other,prepared_datasets/combined_6class_plasticmetal_cleaned/train/Other/trash130.jpg,,prepared_datasets/combined_6class_plasticmetal_cleaned/train/Other/trash130.jpg,,,,,,,,
cleaned_train_Other_trash131.jpg,CombinedCleaned,image_classification,train,Other,Other,prepared_datasets/combined_6class_plasticmetal_cleaned/train/Other/trash131.jpg,,prepared_datasets/combined_6class_plasticmetal_cleaned/train/Other/trash131.jpg,,,,,,,,
cleaned_train_Other_trash132.jpg,CombinedCleaned,image_classification,train,Other,Other,prepared_datasets/combined_6class_plasticmetal_cleaned/train/Other/trash132.jpg,,prepared_datasets/combined_6class_plasticmetal_cleaned/train/Other/trash132.jpg,,,,,,,,
cleaned_train_Other_trash133.jpg,CombinedCleaned,image_classification,train,Other,Other,prepared_datasets/combined_6class_plasticmetal_cleaned/train/Other/trash133.jpg,,prepared_datasets/combined_6class_plasticmetal_cleaned/train/Other/trash133.jpg,,,,,,,,
cleaned_train_Other_trash134.jpg,CombinedCleaned,image_classification,train,Other,Other,prepared_datasets/combined_6class_plasticmetal_cleaned/train/Other/trash134.jpg,,prepared_datasets/combined_6class_plasticmetal_cleaned/train/Other/trash134.jpg,,,,,,,,
cleaned_train_Other_trash15.jpg,CombinedCleaned,image_classification,train,Other,Other,prepared_datasets/combined_6class_plasticmetal_cleaned/train/Other/trash15.jpg,,prepared_datasets/combined_6class_plasticmetal_cleaned/train/Other/trash15.jpg,,,,,,,,
cleaned_train_Other_trash16.jpg,CombinedCleaned,image_classification,train,Other,Other,prepared_datasets/combined_6class_plasticmetal_cleaned/train/Other/trash16.jpg,,prepared_datasets/combined_6class_plasticmetal_cleaned/train/Other/trash16.jpg,,,,,,,,
cleaned_train_Other_trash18.jpg,CombinedCleaned,image_classification,train,Other,Other,prepared_datasets/combined_6class_plasticmetal_cleaned/train/Other/trash18.jpg,,prepared_datasets/combined_6class_plasticmetal_cleaned/train/Other/trash18.jpg,,,,,,,,
cleaned_train_Other_trash19.jpg,CombinedCleaned,image_classification,train,Other,Other,prepared_datasets/combined_6class_plasticmetal_cleaned/train/Other/trash19.jpg,,prepared_datasets/combined_6class_plasticmetal_cleaned/train/Other/trash19.jpg,,,,,,,,
cleaned_train_Other_trash2.jpg,CombinedCleaned,image_classification,train,Other,Other,prepared_datasets/combined_6class_plasticmetal_cleaned/train/Other/trash2.jpg,,prepared_datasets/combined_6class_plasticmetal_cleaned/train/Other/trash2.jpg,,,,,,,,
cleaned_train_Other_trash22.jpg,CombinedCleaned,image_classification,train,Other,Other,prepared_datasets/combined_6class_plasticmetal_cleaned/train/Other/trash22.jpg,,prepared_datasets/combined_6class_plasticmetal_cleaned/train/Other/trash22.jpg,,,,,,,,
cleaned_train_Other_trash23.jpg,CombinedCleaned,image_classification,train,Other,Other,prepared_datasets/combined_6class_plasticmetal_cleaned/train/Other/trash23.jpg,,prepared_datasets/combined_6class_plasticmetal_cleaned/train/Other/trash23.jpg,,,,,,,,
cleaned_train_Other_trash24.jpg,CombinedCleaned,image_classification,train,Other,Other,prepared_datasets/combined_6class_plasticmetal_cleaned/train/Other/trash24.jpg,,prepared_datasets/combined_6class_plasticmetal_cleaned/train/Other/trash24.jpg,,,,,,,,
cleaned_train_Other_trash25.jpg,CombinedCleaned,image_classification,train,Other,Other,prepared_datasets/combined_6class_plasticmetal_cleaned/train/Other/trash25.jpg,,prepared_datasets/combined_6class_plasticmetal_cleaned/train/Other/trash25.jpg,,,,,,,,
cleaned_train_Other_trash26.jpg,CombinedCleaned,image_classification,train,Other,Other,prepared_datasets/combined_6class_plasticmetal_cleaned/train/Other/trash26.jpg,,prepared_datasets/combined_6class_plasticmetal_cleaned/train/Other/trash26.jpg,,,,,,,,
cleaned_train_Other_trash27.jpg,CombinedCleaned,image_classification,train,Other,Other,prepared_datasets/combined_6class_plasticmetal_cleaned/train/Other/trash27.jpg,,prepared_datasets/combined_6class_plasticmetal_cleaned/train/Other/trash27.jpg,,,,,,,,
cleaned_train_Other_trash29.jpg,CombinedCleaned,image_classification,train,Other,Other,prepared_datasets/combined_6class_plasticmetal_cleaned/train/Other/trash29.jpg,,prepared_datasets/combined_6class_plasticmetal_cleaned/train/Other/trash29.jpg,,,,,,,,
cleaned_train_Other_trash30.jpg,CombinedCleaned,image_classification,train,Other,Other,prepared_datasets/combined_6class_plasticmetal_cleaned/train/Other/trash30.jpg,,prepared_datasets/combined_6class_plasticmetal_cleaned/train/Other/trash30.jpg,,,,,,,,
cleaned_train_Other_trash31.jpg,CombinedCleaned,image_classification,train,Other,Other,prepared_datasets/combined_6class_plasticmetal_cleaned/train/Other/trash31.jpg,,prepared_datasets/combined_6class_plasticmetal_cleaned/train/Other/trash31.jpg,,,,,,,,
cleaned_train_Other_trash32.jpg,CombinedCleaned,image_classification,train,Other,Other,prepared_datasets/combined_6class_plasticmetal_cleaned/train/Other/trash32.jpg,,prepared_datasets/combined_6class_plasticmetal_cleaned/train/Other/trash32.jpg,,,,,,,,
cleaned_train_Other_trash36.jpg,CombinedCleaned,image_classification,train,Other,Other,prepared_datasets/combined_6class_plasticmetal_cleaned/train/Other/trash36.jpg,,prepared_datasets/combined_6class_plasticmetal_cleaned/train/Other/trash36.jpg,,,,,,,,
cleaned_train_Other_trash37.jpg,CombinedCleaned,image_classification,train,Other,Other,prepared_datasets/combined_6class_plasticmetal_cleaned/train/Other/trash37.jpg,,prepared_datasets/combined_6class_plasticmetal_cleaned/train/Other/trash37.jpg,,,,,,,,
cleaned_train_Other_trash38.jpg,CombinedCleaned,image_classification,train,Other,Other,prepared_datasets/combined_6class_plasticmetal_cleaned/train/Other/trash38.jpg,,prepared_datasets/combined_6class_plasticmetal_cleaned/train/Other/trash38.jpg,,,,,,,,
cleaned_train_Other_trash39.jpg,CombinedCleaned,image_classification,train,Other,Other,prepared_datasets/combined_6class_plasticmetal_cleaned/train/Other/trash39.jpg,,prepared_datasets/combined_6class_plasticmetal_cleaned/train/Other/trash39.jpg,,,,,,,,
cleaned_train_Other_trash40.jpg,CombinedCleaned,image_classification,train,Other,Other,prepared_datasets/combined_6class_plasticmetal_cleaned/train/Other/trash40.jpg,,prepared_datasets/combined_6class_plasticmetal_cleaned/train/Other/trash40.jpg,,,,,,,,
cleaned_train_Other_trash41.jpg,CombinedCleaned,image_classification,train,Other,Other,prepared_datasets/combined_6class_plasticmetal_cleaned/train/Other/trash41.jpg,,prepared_datasets/combined_6class_plasticmetal_cleaned/train/Other/trash41.jpg,,,,,,,,
cleaned_train_Other_trash42.jpg,CombinedCleaned,image_classification,train,Other,Other,prepared_datasets/combined_6class_plasticmetal_cleaned/train/Other/trash42.jpg,,prepared_datasets/combined_6class_plasticmetal_cleaned/train/Other/trash42.jpg,,,,,,,,
cleaned_train_Other_trash43.jpg,CombinedCleaned,image_classification,train,Other,Other,prepared_datasets/combined_6class_plasticmetal_cleaned/train/Other/trash43.jpg,,prepared_datasets/combined_6class_plasticmetal_cleaned/train/Other/trash43.jpg,,,,,,,,
cleaned_train_Other_trash44.jpg,CombinedCleaned,image_classification,train,Other,Other,prepared_datasets/combined_6class_plasticmetal_cleaned/train/Other/trash44.jpg,,prepared_datasets/combined_6class_plasticmetal_cleaned/train/Other/trash44.jpg,,,,,,,,
cleaned_train_Other_trash47.jpg,CombinedCleaned,image_classification,train,Other,Other,prepared_datasets/combined_6class_plasticmetal_cleaned/train/Other/trash47.jpg,,prepared_datasets/combined_6class_plasticmetal_cleaned/train/Other/trash47.jpg,,,,,,,,
cleaned_train_Other_trash48.jpg,CombinedCleaned,image_classification,train,Other,Other,prepared_datasets/combined_6class_plasticmetal_cleaned/train/Other/trash48.jpg,,prepared_datasets/combined_6class_plasticmetal_cleaned/train/Other/trash48.jpg,,,,,,,,
cleaned_train_Other_trash49.jpg,CombinedCleaned,image_classification,train,Other,Other,prepared_datasets/combined_6class_plasticmetal_cleaned/train/Other/trash49.jpg,,prepared_datasets/combined_6class_plasticmetal_cleaned/train/Other/trash49.jpg,,,,,,,,
cleaned_train_Other_trash5.jpg,CombinedCleaned,image_classification,train,Other,Other,prepared_datasets/combined_6class_plasticmetal_cleaned/train/Other/trash5.jpg,,prepared_datasets/combined_6class_plasticmetal_cleaned/train/Other/trash5.jpg,,,,,,,,
cleaned_train_Other_trash50.jpg,CombinedCleaned,image_classification,train,Other,Other,prepared_datasets/combined_6class_plasticmetal_cleaned/train/Other/trash50.jpg,,prepared_datasets/combined_6class_plasticmetal_cleaned/train/Other/trash50.jpg,,,,,,,,
cleaned_train_Other_trash51.jpg,CombinedCleaned,image_classification,train,Other,Other,prepared_datasets/combined_6class_plasticmetal_cleaned/train/Other/trash51.jpg,,prepared_datasets/combined_6class_plasticmetal_cleaned/train/Other/trash51.jpg,,,,,,,,
cleaned_train_Other_trash52.jpg,CombinedCleaned,image_classification,train,Other,Other,prepared_datasets/combined_6class_plasticmetal_cleaned/train/Other/trash52.jpg,,prepared_datasets/combined_6class_plasticmetal_cleaned/train/Other/trash52.jpg,,,,,,,,
cleaned_train_Other_trash53.jpg,CombinedCleaned,image_classification,train,Other,Other,prepared_datasets/combined_6class_plasticmetal_cleaned/train/Other/trash53.jpg,,prepared_datasets/combined_6class_plasticmetal_cleaned/train/Other/trash53.jpg,,,,,,,,
cleaned_train_Other_trash54.jpg,CombinedCleaned,image_classification,train,Other,Other,prepared_datasets/combined_6class_plasticmetal_cleaned/train/Other/trash54.jpg,,prepared_datasets/combined_6class_plasticmetal_cleaned/train/Other/trash54.jpg,,,,,,,,
cleaned_train_Other_trash55.jpg,CombinedCleaned,image_classification,train,Other,Other,prepared_datasets/combined_6class_plasticmetal_cleaned/train/Other/trash55.jpg,,prepared_datasets/combined_6class_plasticmetal_cleaned/train/Other/trash55.jpg,,,,,,,,
cleaned_train_Other_trash56.jpg,CombinedCleaned,image_classification,train,Other,Other,prepared_datasets/combined_6class_plasticmetal_cleaned/train/Other/trash56.jpg,,prepared_datasets/combined_6class_plasticmetal_cleaned/train/Other/trash56.jpg,,,,,,,,
cleaned_train_Other_trash57.jpg,CombinedCleaned,image_classification,train,Other,Other,prepared_datasets/combined_6class_plasticmetal_cleaned/train/Other/trash57.jpg,,prepared_datasets/combined_6class_plasticmetal_cleaned/train/Other/trash57.jpg,,,,,,,,
cleaned_train_Other_trash59.jpg,CombinedCleaned,image_classification,train,Other,Other,prepared_datasets/combined_6class_plasticmetal_cleaned/train/Other/trash59.jpg,,prepared_datasets/combined_6class_plasticmetal_cleaned/train/Other/trash59.jpg,,,,,,,,
cleaned_train_Other_trash6.jpg,CombinedCleaned,image_classification,train,Other,Other,prepared_datasets/combined_6class_plasticmetal_cleaned/train/Other/trash6.jpg,,prepared_datasets/combined_6class_plasticmetal_cleaned/train/Other/trash6.jpg,,,,,,,,
cleaned_train_Other_trash60.jpg,CombinedCleaned,image_classification,train,Other,Other,prepared_datasets/combined_6class_plasticmetal_cleaned/train/Other/trash60.jpg,,prepared_datasets/combined_6class_plasticmetal_cleaned/train/Other/trash60.jpg,,,,,,,,
cleaned_train_Other_trash63.jpg,CombinedCleaned,image_classification,train,Other,Other,prepared_datasets/combined_6class_plasticmetal_cleaned/train/Other/trash63.jpg,,prepared_datasets/combined_6class_plasticmetal_cleaned/train/Other/trash63.jpg,,,,,,,,
cleaned_train_Other_trash69.jpg,CombinedCleaned,image_classification,train,Other,Other,prepared_datasets/combined_6class_plasticmetal_cleaned/train/Other/trash69.jpg,,prepared_datasets/combined_6class_plasticmetal_cleaned/train/Other/trash69.jpg,,,,,,,,
cleaned_train_Other_trash7.jpg,CombinedCleaned,image_classification,train,Other,Other,prepared_datasets/combined_6class_plasticmetal_cleaned/train/Other/trash7.jpg,,prepared_datasets/combined_6class_plasticmetal_cleaned/train/Other/trash7.jpg,,,,,,,,
cleaned_train_Other_trash70.jpg,CombinedCleaned,image_classification,train,Other,Other,prepared_datasets/combined_6class_plasticmetal_cleaned/train/Other/trash70.jpg,,prepared_datasets/combined_6class_plasticmetal_cleaned/train/Other/trash70.jpg,,,,,,,,
cleaned_train_Other_trash71.jpg,CombinedCleaned,image_classification,train,Other,Other,prepared_datasets/combined_6class_plasticmetal_cleaned/train/Other/trash71.jpg,,prepared_datasets/combined_6class_plasticmetal_cleaned/train/Other/trash71.jpg,,,,,,,,
cleaned_train_Other_trash72.jpg,CombinedCleaned,image_classification,train,Other,Other,prepared_datasets/combined_6class_plasticmetal_cleaned/train/Other/trash72.jpg,,prepared_datasets/combined_6class_plasticmetal_cleaned/train/Other/trash72.jpg,,,,,,,,
cleaned_train_Other_trash73.jpg,CombinedCleaned,image_classification,train,Other,Other,prepared_datasets/combined_6class_plasticmetal_cleaned/train/Other/trash73.jpg,,prepared_datasets/combined_6class_plasticmetal_cleaned/train/Other/trash73.jpg,,,,,,,,
cleaned_train_Other_trash74.jpg,CombinedCleaned,image_classification,train,Other,Other,prepared_datasets/combined_6class_plasticmetal_cleaned/train/Other/trash74.jpg,,prepared_datasets/combined_6class_plasticmetal_cleaned/train/Other/trash74.jpg,,,,,,,,
cleaned_train_Other_trash75.jpg,CombinedCleaned,image_classification,train,Other,Other,prepared_datasets/combined_6class_plasticmetal_cleaned/train/Other/trash75.jpg,,prepared_datasets/combined_6class_plasticmetal_cleaned/train/Other/trash75.jpg,,,,,,,,
cleaned_train_Other_trash77.jpg,CombinedCleaned,image_classification,train,Other,Other,prepared_datasets/combined_6class_plasticmetal_cleaned/train/Other/trash77.jpg,,prepared_datasets/combined_6class_plasticmetal_cleaned/train/Other/trash77.jpg,,,,,,,,
cleaned_train_Other_trash78.jpg,CombinedCleaned,image_classification,train,Other,Other,prepared_datasets/combined_6class_plasticmetal_cleaned/train/Other/trash78.jpg,,prepared_datasets/combined_6class_plasticmetal_cleaned/train/Other/trash78.jpg,,,,,,,,
cleaned_train_Other_trash80.jpg,CombinedCleaned,image_classification,train,Other,Other,prepared_datasets/combined_6class_plasticmetal_cleaned/train/Other/trash80.jpg,,prepared_datasets/combined_6class_plasticmetal_cleaned/train/Other/trash80.jpg,,,,,,,,
cleaned_train_Other_trash83.jpg,CombinedCleaned,image_classification,train,Other,Other,prepared_datasets/combined_6class_plasticmetal_cleaned/train/Other/trash83.jpg,,prepared_datasets/combined_6class_plasticmetal_cleaned/train/Other/trash83.jpg,,,,,,,,
cleaned_train_Other_trash85.jpg,CombinedCleaned,image_classification,train,Other,Other,prepared_datasets/combined_6class_plasticmetal_cleaned/train/Other/trash85.jpg,,prepared_datasets/combined_6class_plasticmetal_cleaned/train/Other/trash85.jpg,,,,,,,,
cleaned_train_Other_trash86.jpg,CombinedCleaned,image_classification,train,Other,Other,prepared_datasets/combined_6class_plasticmetal_cleaned/train/Other/trash86.jpg,,prepared_datasets/combined_6class_plasticmetal_cleaned/train/Other/trash86.jpg,,,,,,,,
cleaned_train_Other_trash87.jpg,CombinedCleaned,image_classification,train,Other,Other,prepared_datasets/combined_6class_plasticmetal_cleaned/train/Other/trash87.jpg,,prepared_datasets/combined_6class_plasticmetal_cleaned/train/Other/trash87.jpg,,,,,,,,
cleaned_train_Other_trash88.jpg,CombinedCleaned,image_classification,train,Other,Other,prepared_datasets/combined_6class_plasticmetal_cleaned/train/Other/trash88.jpg,,prepared_datasets/combined_6class_plasticmetal_cleaned/train/Other/trash88.jpg,,,,,,,,
cleaned_train_Other_trash89.jpg,CombinedCleaned,image_classification,train,Other,Other,prepared_datasets/combined_6class_plasticmetal_cleaned/train/Other/trash89.jpg,,prepared_datasets/combined_6class_plasticmetal_cleaned/train/Other/trash89.jpg,,,,,,,,
cleaned_train_Other_trash9.jpg,CombinedCleaned,image_classification,train,Other,Other,prepared_datasets/combined_6class_plasticmetal_cleaned/train/Other/trash9.jpg,,prepared_datasets/combined_6class_plasticmetal_cleaned/train/Other/trash9.jpg,,,,,,,,
cleaned_train_Other_trash90.jpg,CombinedCleaned,image_classification,train,Other,Other,prepared_datasets/combined_6class_plasticmetal_cleaned/train/Other/trash90.jpg,,prepared_datasets/combined_6class_plasticmetal_cleaned/train/Other/trash90.jpg,,,,,,,,
cleaned_train_Other_trash91.jpg,CombinedCleaned,image_classification,train,Other,Other,prepared_datasets/combined_6class_plasticmetal_cleaned/train/Other/trash91.jpg,,prepared_datasets/combined_6class_plasticmetal_cleaned/train/Other/trash91.jpg,,,,,,,,
cleaned_train_Other_trash93.jpg,CombinedCleaned,image_classification,train,Other,Other,prepared_datasets/combined_6class_plasticmetal_cleaned/train/Other/trash93.jpg,,prepared_datasets/combined_6class_plasticmetal_cleaned/train/Other/trash93.jpg,,,,,,,,
cleaned_train_Other_trash94.jpg,CombinedCleaned,image_classification,train,Other,Other,prepared_datasets/combined_6class_plasticmetal_cleaned/train/Other/trash94.jpg,,prepared_datasets/combined_6class_plasticmetal_cleaned/train/Other/trash94.jpg,,,,,,,,
cleaned_train_Other_trash96.jpg,CombinedCleaned,image_classification,train,Other,Other,prepared_datasets/combined_6class_plasticmetal_cleaned/train/Other/trash96.jpg,,prepared_datasets/combined_6class_plasticmetal_cleaned/train/Other/trash96.jpg,,,,,,,,
cleaned_train_Other_trash97.jpg,CombinedCleaned,image_classification,train,Other,Other,prepared_datasets/combined_6class_plasticmetal_cleaned/train/Other/trash97.jpg,,prepared_datasets/combined_6class_plasticmetal_cleaned/train/Other/trash97.jpg,,,,,,,,
cleaned_train_Other_trash98.jpg,CombinedCleaned,image_classification,train,Other,Other,prepared_datasets/combined_6class_plasticmetal_cleaned/train/Other/trash98.jpg,,prepared_datasets/combined_6class_plasticmetal_cleaned/train/Other/trash98.jpg,,,,,,,,
cleaned_train_PaperCardboard_000000_ann687.jpg,CombinedCleaned,image_classification,train,PaperCardboard,PaperCardboard,prepared_datasets/combined_6class_plasticmetal_cleaned/train/PaperCardboard/000000_ann687.jpg,,prepared_datasets/combined_6class_plasticmetal_cleaned/train/PaperCardboard/000000_ann687.jpg,,,,,,,,
cleaned_train_PaperCardboard_000001_ann3579.jpg,CombinedCleaned,image_classification,train,PaperCardboard,PaperCardboard,prepared_datasets/combined_6class_plasticmetal_cleaned/train/PaperCardboard/000001_ann3579.jpg,,prepared_datasets/combined_6class_plasticmetal_cleaned/train/PaperCardboard/000001_ann3579.jpg,,,,,,,,
cleaned_train_PaperCardboard_000001_ann691.jpg,CombinedCleaned,image_classification,train,PaperCardboard,PaperCardboard,prepared_datasets/combined_6class_plasticmetal_cleaned/train/PaperCardboard/000001_ann691.jpg,,prepared_datasets/combined_6class_plasticmetal_cleaned/train/PaperCardboard/000001_ann691.jpg,,,,,,,,
cleaned_train_PaperCardboard_000002_ann3574.jpg,CombinedCleaned,image_classification,train,PaperCardboard,PaperCardboard,prepared_datasets/combined_6class_plasticmetal_cleaned/train/PaperCardboard/000002_ann3574.jpg,,prepared_datasets/combined_6class_plasticmetal_cleaned/train/PaperCardboard/000002_ann3574.jpg,,,,,,,,
cleaned_train_PaperCardboard_000003_ann693.jpg,CombinedCleaned,image_classification,train,PaperCardboard,PaperCardboard,prepared_datasets/combined_6class_plasticmetal_cleaned/train/PaperCardboard/000003_ann693.jpg,,prepared_datasets/combined_6class_plasticmetal_cleaned/train/PaperCardboard/000003_ann693.jpg,,,,,,,,
cleaned_train_PaperCardboard_000003_ann695.jpg,CombinedCleaned,image_classification,train,PaperCardboard,PaperCardboard,prepared_datasets/combined_6class_plasticmetal_cleaned/train/PaperCardboard/000003_ann695.jpg,,prepared_datasets/combined_6class_plasticmetal_cleaned/train/PaperCardboard/000003_ann695.jpg,,,,,,,,
cleaned_train_PaperCardboard_000004_ann2778.jpg,CombinedCleaned,image_classification,train,PaperCardboard,PaperCardboard,prepared_datasets/combined_6class_plasticmetal_cleaned/train/PaperCardboard/000004_ann2778.jpg,,prepared_datasets/combined_6class_plasticmetal_cleaned/train/PaperCardboard/000004_ann2778.jpg,,,,,,,,
cleaned_train_PaperCardboard_000005_ann1438.jpg,CombinedCleaned,image_classification,train,PaperCardboard,PaperCardboard,prepared_datasets/combined_6class_plasticmetal_cleaned/train/PaperCardboard/000005_ann1438.jpg,,prepared_datasets/combined_6class_plasticmetal_cleaned/train/PaperCardboard/000005_ann1438.jpg,,,,,,,,
cleaned_train_PaperCardboard_000005_ann2208.jpg,CombinedCleaned,image_classification,train,PaperCardboard,PaperCardboard,prepared_datasets/combined_6class_plasticmetal_cleaned/train/PaperCardboard/000005_ann2208.jpg,,prepared_datasets/combined_6class_plasticmetal_cleaned/train/PaperCardboard/000005_ann2208.jpg,,,,,,,,
cleaned_train_PaperCardboard_000005_ann2209.jpg,CombinedCleaned,image_classification,train,PaperCardboard,PaperCardboard,prepared_datasets/combined_6class_plasticmetal_cleaned/train/PaperCardboard/000005_ann2209.jpg,,prepared_datasets/combined_6class_plasticmetal_cleaned/train/PaperCardboard/000005_ann2209.jpg,,,,,,,,
cleaned_train_PaperCardboard_000005_ann700.jpg,CombinedCleaned,image_classification,train,PaperCardboard,PaperCardboard,prepared_datasets/combined_6class_plasticmetal_cleaned/train/PaperCardboard/000005_ann700.jpg,,prepared_datasets/combined_6class_plasticmetal_cleaned/train/PaperCardboard/000005_ann700.jpg,,,,,,,,
cleaned_train_PaperCardboard_000006_ann702.jpg,CombinedCleaned,image_classification,train,PaperCardboard,PaperCardboard,prepared_datasets/combined_6class_plasticmetal_cleaned/train/PaperCardboard/000006_ann702.jpg,,prepared_datasets/combined_6class_plasticmetal_cleaned/train/PaperCardboard/000006_ann702.jpg,,,,,,,,
cleaned_train_PaperCardboard_000006_ann703.jpg,CombinedCleaned,image_classification,train,PaperCardboard,PaperCardboard,prepared_datasets/combined_6class_plasticmetal_cleaned/train/PaperCardboard/000006_ann703.jpg,,prepared_datasets/combined_6class_plasticmetal_cleaned/train/PaperCardboard/000006_ann703.jpg,,,,,,,,
cleaned_train_PaperCardboard_000006_ann704.jpg,CombinedCleaned,image_classification,train,PaperCardboard,PaperCardboard,prepared_datasets/combined_6class_plasticmetal_cleaned/train/PaperCardboard/000006_ann704.jpg,,prepared_datasets/combined_6class_plasticmetal_cleaned/train/PaperCardboard/000006_ann704.jpg,,,,,,,,
cleaned_train_PaperCardboard_000006_ann705.jpg,CombinedCleaned,image_classification,train,PaperCardboard,PaperCardboard,prepared_datasets/combined_6class_plasticmetal_cleaned/train/PaperCardboard/000006_ann705.jpg,,prepared_datasets/combined_6class_plasticmetal_cleaned/train/PaperCardboard/000006_ann705.jpg,,,,,,,,
cleaned_train_PaperCardboard_000008_ann3.jpg,CombinedCleaned,image_classification,train,PaperCardboard,PaperCardboard,prepared_datasets/combined_6class_plasticmetal_cleaned/train/PaperCardboard/000008_ann3.jpg,,prepared_datasets/combined_6class_plasticmetal_cleaned/train/PaperCardboard/000008_ann3.jpg,,,,,,,,
cleaned_train_PaperCardboard_000008_ann708.jpg,CombinedCleaned,image_classification,train,PaperCardboard,PaperCardboard,prepared_datasets/combined_6class_plasticmetal_cleaned/train/PaperCardboard/000008_ann708.jpg,,prepared_datasets/combined_6class_plasticmetal_cleaned/train/PaperCardboard/000008_ann708.jpg,,,,,,,,
cleaned_train_PaperCardboard_000008_ann709.jpg,CombinedCleaned,image_classification,train,PaperCardboard,PaperCardboard,prepared_datasets/combined_6class_plasticmetal_cleaned/train/PaperCardboard/000008_ann709.jpg,,prepared_datasets/combined_6class_plasticmetal_cleaned/train/PaperCardboard/000008_ann709.jpg,,,,,,,,
cleaned_train_PaperCardboard_000009_ann1451.jpg,CombinedCleaned,image_classification,train,PaperCardboard,PaperCardboard,prepared_datasets/combined_6class_plasticmetal_cleaned/train/PaperCardboard/000009_ann1451.jpg,,prepared_datasets/combined_6class_plasticmetal_cleaned/train/PaperCardboard/000009_ann1451.jpg,,,,,,,,
cleaned_train_PaperCardboard_000009_ann1906.jpg,CombinedCleaned,image_classification,train,PaperCardboard,PaperCardboard,prepared_datasets/combined_6class_plasticmetal_cleaned/train/PaperCardboard/000009_ann1906.jpg,,prepared_datasets/combined_6class_plasticmetal_cleaned/train/PaperCardboard/000009_ann1906.jpg,,,,,,,,
cleaned_train_PaperCardboard_000009_ann3565.jpg,CombinedCleaned,image_classification,train,PaperCardboard,PaperCardboard,prepared_datasets/combined_6class_plasticmetal_cleaned/train/PaperCardboard/000009_ann3565.jpg,,prepared_datasets/combined_6class_plasticmetal_cleaned/train/PaperCardboard/000009_ann3565.jpg,,,,,,,,
cleaned_train_PaperCardboard_000009_ann711.jpg,CombinedCleaned,image_classification,train,PaperCardboard,PaperCardboard,prepared_datasets/combined_6class_plasticmetal_cleaned/train/PaperCardboard/000009_ann711.jpg,,prepared_datasets/combined_6class_plasticmetal_cleaned/train/PaperCardboard/000009_ann711.jpg,,,,,,,,
cleaned_train_PaperCardboard_000010_ann1917.jpg,CombinedCleaned,image_classification,train,PaperCardboard,PaperCardboard,prepared_datasets/combined_6class_plasticmetal_cleaned/train/PaperCardboard/000010_ann1917.jpg,,prepared_datasets/combined_6class_plasticmetal_cleaned/train/PaperCardboard/000010_ann1917.jpg,,,,,,,,
cleaned_train_PaperCardboard_000010_ann712.jpg,CombinedCleaned,image_classification,train,PaperCardboard,PaperCardboard,prepared_datasets/combined_6class_plasticmetal_cleaned/train/PaperCardboard/000010_ann712.jpg,,prepared_datasets/combined_6class_plasticmetal_cleaned/train/PaperCardboard/000010_ann712.jpg,,,,,,,,
cleaned_train_PaperCardboard_000010_ann716.jpg,CombinedCleaned,image_classification,train,PaperCardboard,PaperCardboard,prepared_datasets/combined_6class_plasticmetal_cleaned/train/PaperCardboard/000010_ann716.jpg,,prepared_datasets/combined_6class_plasticmetal_cleaned/train/PaperCardboard/000010_ann716.jpg,,,,,,,,
cleaned_train_PaperCardboard_000011_ann718.jpg,CombinedCleaned,image_classification,train,PaperCardboard,PaperCardboard,prepared_datasets/combined_6class_plasticmetal_cleaned/train/PaperCardboard/000011_ann718.jpg,,prepared_datasets/combined_6class_plasticmetal_cleaned/train/PaperCardboard/000011_ann718.jpg,,,,,,,,
cleaned_train_PaperCardboard_000012_ann721.jpg,CombinedCleaned,image_classification,train,PaperCardboard,PaperCardboard,prepared_datasets/combined_6class_plasticmetal_cleaned/train/PaperCardboard/000012_ann721.jpg,,prepared_datasets/combined_6class_plasticmetal_cleaned/train/PaperCardboard/000012_ann721.jpg,,,,,,,,
cleaned_train_PaperCardboard_000013_ann722.jpg,CombinedCleaned,image_classification,train,PaperCardboard,PaperCardboard,prepared_datasets/combined_6class_plasticmetal_cleaned/train/PaperCardboard/000013_ann722.jpg,,prepared_datasets/combined_6class_plasticmetal_cleaned/train/PaperCardboard/000013_ann722.jpg,,,,,,,,
cleaned_train_PaperCardboard_000014_ann30.jpg,CombinedCleaned,image_classification,train,PaperCardboard,PaperCardboard,prepared_datasets/combined_6class_plasticmetal_cleaned/train/PaperCardboard/000014_ann30.jpg,,prepared_datasets/combined_6class_plasticmetal_cleaned/train/PaperCardboard/000014_ann30.jpg,,,,,,,,
cleaned_train_PaperCardboard_000016_ann731.jpg,CombinedCleaned,image_classification,train,PaperCardboard,PaperCardboard,prepared_datasets/combined_6class_plasticmetal_cleaned/train/PaperCardboard/000016_ann731.jpg,,prepared_datasets/combined_6class_plasticmetal_cleaned/train/PaperCardboard/000016_ann731.jpg,,,,,,,,
cleaned_train_PaperCardboard_000017_ann1725.jpg,CombinedCleaned,image_classification,train,PaperCardboard,PaperCardboard,prepared_datasets/combined_6class_plasticmetal_cleaned/train/PaperCardboard/000017_ann1725.jpg,,prepared_datasets/combined_6class_plasticmetal_cleaned/train/PaperCardboard/000017_ann1725.jpg,,,,,,,,
cleaned_train_PaperCardboard_000019_ann404.jpg,CombinedCleaned,image_classification,train,PaperCardboard,PaperCardboard,prepared_datasets/combined_6class_plasticmetal_cleaned/train/PaperCardboard/000019_ann404.jpg,,prepared_datasets/combined_6class_plasticmetal_cleaned/train/PaperCardboard/000019_ann404.jpg,,,,,,,,
cleaned_train_PaperCardboard_000021_ann3672.jpg,CombinedCleaned,image_classification,train,PaperCardboard,PaperCardboard,prepared_datasets/combined_6class_plasticmetal_cleaned/train/PaperCardboard/000021_ann3672.jpg,,prepared_datasets/combined_6class_plasticmetal_cleaned/train/PaperCardboard/000021_ann3672.jpg,,,,,,,,
cleaned_train_PaperCardboard_000022_ann3538.jpg,CombinedCleaned,image_classification,train,PaperCardboard,PaperCardboard,prepared_datasets/combined_6class_plasticmetal_cleaned/train/PaperCardboard/000022_ann3538.jpg,,prepared_datasets/combined_6class_plasticmetal_cleaned/train/PaperCardboard/000022_ann3538.jpg,,,,,,,,
cleaned_train_PaperCardboard_000025_ann105.jpg,CombinedCleaned,image_classification,train,PaperCardboard,PaperCardboard,prepared_datasets/combined_6class_plasticmetal_cleaned/train/PaperCardboard/000025_ann105.jpg,,prepared_datasets/combined_6class_plasticmetal_cleaned/train/PaperCardboard/000025_ann105.jpg,,,,,,,,
cleaned_train_PaperCardboard_000025_ann3529.jpg,CombinedCleaned,image_classification,train,PaperCardboard,PaperCardboard,prepared_datasets/combined_6class_plasticmetal_cleaned/train/PaperCardboard/000025_ann3529.jpg,,prepared_datasets/combined_6class_plasticmetal_cleaned/train/PaperCardboard/000025_ann3529.jpg,,,,,,,,
cleaned_train_PaperCardboard_000025_ann4193.jpg,CombinedCleaned,image_classification,train,PaperCardboard,PaperCardboard,prepared_datasets/combined_6class_plasticmetal_cleaned/train/PaperCardboard/000025_ann4193.jpg,,prepared_datasets/combined_6class_plasticmetal_cleaned/train/PaperCardboard/000025_ann4193.jpg,,,,,,,,
cleaned_train_PaperCardboard_000026_ann430.jpg,CombinedCleaned,image_classification,train,PaperCardboard,PaperCardboard,prepared_datasets/combined_6class_plasticmetal_cleaned/train/PaperCardboard/000026_ann430.jpg,,prepared_datasets/combined_6class_plasticmetal_cleaned/train/PaperCardboard/000026_ann430.jpg,,,,,,,,
cleaned_train_PaperCardboard_000026_ann431.jpg,CombinedCleaned,image_classification,train,PaperCardboard,PaperCardboard,prepared_datasets/combined_6class_plasticmetal_cleaned/train/PaperCardboard/000026_ann431.jpg,,prepared_datasets/combined_6class_plasticmetal_cleaned/train/PaperCardboard/000026_ann431.jpg,,,,,,,,
cleaned_train_PaperCardboard_000029_ann1069.jpg,CombinedCleaned,image_classification,train,PaperCardboard,PaperCardboard,prepared_datasets/combined_6class_plasticmetal_cleaned/train/PaperCardboard/000029_ann1069.jpg,,prepared_datasets/combined_6class_plasticmetal_cleaned/train/PaperCardboard/000029_ann1069.jpg,,,,,,,,
cleaned_train_PaperCardboard_000029_ann4225.jpg,CombinedCleaned,image_classification,train,PaperCardboard,PaperCardboard,prepared_datasets/combined_6class_plasticmetal_cleaned/train/PaperCardboard/000029_ann4225.jpg,,prepared_datasets/combined_6class_plasticmetal_cleaned/train/PaperCardboard/000029_ann4225.jpg,,,,,,,,
cleaned_train_PaperCardboard_000030_ann442.jpg,CombinedCleaned,image_classification,train,PaperCardboard,PaperCardboard,prepared_datasets/combined_6class_plasticmetal_cleaned/train/PaperCardboard/000030_ann442.jpg,,prepared_datasets/combined_6class_plasticmetal_cleaned/train/PaperCardboard/000030_ann442.jpg,,,,,,,,
cleaned_train_PaperCardboard_000031_ann1082.jpg,CombinedCleaned,image_classification,train,PaperCardboard,PaperCardboard,prepared_datasets/combined_6class_plasticmetal_cleaned/train/PaperCardboard/000031_ann1082.jpg,,prepared_datasets/combined_6class_plasticmetal_cleaned/train/PaperCardboard/000031_ann1082.jpg,,,,,,,,
cleaned_train_PaperCardboard_000031_ann443.jpg,CombinedCleaned,image_classification,train,PaperCardboard,PaperCardboard,prepared_datasets/combined_6class_plasticmetal_cleaned/train/PaperCardboard/000031_ann443.jpg,,prepared_datasets/combined_6class_plasticmetal_cleaned/train/PaperCardboard/000031_ann443.jpg,,,,,,,,
cleaned_train_PaperCardboard_000031_ann769.jpg,CombinedCleaned,image_classification,train,PaperCardboard,PaperCardboard,prepared_datasets/combined_6class_plasticmetal_cleaned/train/PaperCardboard/000031_ann769.jpg,,prepared_datasets/combined_6class_plasticmetal_cleaned/train/PaperCardboard/000031_ann769.jpg,,,,,,,,
cleaned_train_PaperCardboard_000032_ann1751.jpg,CombinedCleaned,image_classification,train,PaperCardboard,PaperCardboard,prepared_datasets/combined_6class_plasticmetal_cleaned/train/PaperCardboard/000032_ann1751.jpg,,prepared_datasets/combined_6class_plasticmetal_cleaned/train/PaperCardboard/000032_ann1751.jpg,,,,,,,,
cleaned_train_PaperCardboard_000032_ann4238.jpg,CombinedCleaned,image_classification,train,PaperCardboard,PaperCardboard,prepared_datasets/combined_6class_plasticmetal_cleaned/train/PaperCardboard/000032_ann4238.jpg,,prepared_datasets/combined_6class_plasticmetal_cleaned/train/PaperCardboard/000032_ann4238.jpg,,,,,,,,
cleaned_train_PaperCardboard_000035_ann1104.jpg,CombinedCleaned,image_classification,train,PaperCardboard,PaperCardboard,prepared_datasets/combined_6class_plasticmetal_cleaned/train/PaperCardboard/000035_ann1104.jpg,,prepared_datasets/combined_6class_plasticmetal_cleaned/train/PaperCardboard/000035_ann1104.jpg,,,,,,,,
cleaned_train_PaperCardboard_000035_ann2272.jpg,CombinedCleaned,image_classification,train,PaperCardboard,PaperCardboard,prepared_datasets/combined_6class_plasticmetal_cleaned/train/PaperCardboard/000035_ann2272.jpg,,prepared_datasets/combined_6class_plasticmetal_cleaned/train/PaperCardboard/000035_ann2272.jpg,,,,,,,,
cleaned_train_PaperCardboard_000037_ann3129.jpg,CombinedCleaned,image_classification,train,PaperCardboard,PaperCardboard,prepared_datasets/combined_6class_plasticmetal_cleaned/train/PaperCardboard/000037_ann3129.jpg,,prepared_datasets/combined_6class_plasticmetal_cleaned/train/PaperCardboard/000037_ann3129.jpg,,,,,,,,
cleaned_train_PaperCardboard_000037_ann775.jpg,CombinedCleaned,image_classification,train,PaperCardboard,PaperCardboard,prepared_datasets/combined_6class_plasticmetal_cleaned/train/PaperCardboard/000037_ann775.jpg,,prepared_datasets/combined_6class_plasticmetal_cleaned/train/PaperCardboard/000037_ann775.jpg,,,,,,,,
cleaned_train_PaperCardboard_000038_ann507.jpg,CombinedCleaned,image_classification,train,PaperCardboard,PaperCardboard,prepared_datasets/combined_6class_plasticmetal_cleaned/train/PaperCardboard/000038_ann507.jpg,,prepared_datasets/combined_6class_plasticmetal_cleaned/train/PaperCardboard/000038_ann507.jpg,,,,,,,,
cleaned_train_PaperCardboard_000038_ann508.jpg,CombinedCleaned,image_classification,train,PaperCardboard,PaperCardboard,prepared_datasets/combined_6class_plasticmetal_cleaned/train/PaperCardboard/000038_ann508.jpg,,prepared_datasets/combined_6class_plasticmetal_cleaned/train/PaperCardboard/000038_ann508.jpg,,,,,,,,
cleaned_train_PaperCardboard_000039_ann1120.jpg,CombinedCleaned,image_classification,train,PaperCardboard,PaperCardboard,prepared_datasets/combined_6class_plasticmetal_cleaned/train/PaperCardboard/000039_ann1120.jpg,,prepared_datasets/combined_6class_plasticmetal_cleaned/train/PaperCardboard/000039_ann1120.jpg,,,,,,,,
cleaned_train_PaperCardboard_000047_ann1147.jpg,CombinedCleaned,image_classification,train,PaperCardboard,PaperCardboard,prepared_datasets/combined_6class_plasticmetal_cleaned/train/PaperCardboard/000047_ann1147.jpg,,prepared_datasets/combined_6class_plasticmetal_cleaned/train/PaperCardboard/000047_ann1147.jpg,,,,,,,,
cleaned_train_PaperCardboard_000048_ann3742.jpg,CombinedCleaned,image_classification,train,PaperCardboard,PaperCardboard,prepared_datasets/combined_6class_plasticmetal_cleaned/train/PaperCardboard/000048_ann3742.jpg,,prepared_datasets/combined_6class_plasticmetal_cleaned/train/PaperCardboard/000048_ann3742.jpg,,,,,,,,
cleaned_train_PaperCardboard_000049_ann3160.jpg,CombinedCleaned,image_classification,train,PaperCardboard,PaperCardboard,prepared_datasets/combined_6class_plasticmetal_cleaned/train/PaperCardboard/000049_ann3160.jpg,,prepared_datasets/combined_6class_plasticmetal_cleaned/train/PaperCardboard/000049_ann3160.jpg,,,,,,,,
cleaned_train_PaperCardboard_000049_ann3161.jpg,CombinedCleaned,image_classification,train,PaperCardboard,PaperCardboard,prepared_datasets/combined_6class_plasticmetal_cleaned/train/PaperCardboard/000049_ann3161.jpg,,prepared_datasets/combined_6class_plasticmetal_cleaned/train/PaperCardboard/000049_ann3161.jpg,,,,,,,,
cleaned_train_PaperCardboard_000050_ann4594.jpg,CombinedCleaned,image_classification,train,PaperCardboard,PaperCardboard,prepared_datasets/combined_6class_plasticmetal_cleaned/train/PaperCardboard/000050_ann4594.jpg,,prepared_datasets/combined_6class_plasticmetal_cleaned/train/PaperCardboard/000050_ann4594.jpg,,,,,,,,
cleaned_train_PaperCardboard_000051_ann3778.jpg,CombinedCleaned,image_classification,train,PaperCardboard,PaperCardboard,prepared_datasets/combined_6class_plasticmetal_cleaned/train/PaperCardboard/000051_ann3778.jpg,,prepared_datasets/combined_6class_plasticmetal_cleaned/train/PaperCardboard/000051_ann3778.jpg,,,,,,,,
cleaned_train_PaperCardboard_000052_ann1591.jpg,CombinedCleaned,image_classification,train,PaperCardboard,PaperCardboard,prepared_datasets/combined_6class_plasticmetal_cleaned/train/PaperCardboard/000052_ann1591.jpg,,prepared_datasets/combined_6class_plasticmetal_cleaned/train/PaperCardboard/000052_ann1591.jpg,,,,,,,,
cleaned_train_PaperCardboard_000052_ann3781.jpg,CombinedCleaned,image_classification,train,PaperCardboard,PaperCardboard,prepared_datasets/combined_6class_plasticmetal_cleaned/train/PaperCardboard/000052_ann3781.jpg,,prepared_datasets/combined_6class_plasticmetal_cleaned/train/PaperCardboard/000052_ann3781.jpg,,,,,,,,
cleaned_train_PaperCardboard_000054_ann1596.jpg,CombinedCleaned,image_classification,train,PaperCardboard,PaperCardboard,prepared_datasets/combined_6class_plasticmetal_cleaned/train/PaperCardboard/000054_ann1596.jpg,,prepared_datasets/combined_6class_plasticmetal_cleaned/train/PaperCardboard/000054_ann1596.jpg,,,,,,,,
cleaned_train_PaperCardboard_000056_ann1621.jpg,CombinedCleaned,image_classification,train,PaperCardboard,PaperCardboard,prepared_datasets/combined_6class_plasticmetal_cleaned/train/PaperCardboard/000056_ann1621.jpg,,prepared_datasets/combined_6class_plasticmetal_cleaned/train/PaperCardboard/000056_ann1621.jpg,,,,,,,,
cleaned_train_PaperCardboard_000056_ann1623.jpg,CombinedCleaned,image_classification,train,PaperCardboard,PaperCardboard,prepared_datasets/combined_6class_plasticmetal_cleaned/train/PaperCardboard/000056_ann1623.jpg,,prepared_datasets/combined_6class_plasticmetal_cleaned/train/PaperCardboard/000056_ann1623.jpg,,,,,,,,
cleaned_train_PaperCardboard_000056_ann1624.jpg,CombinedCleaned,image_classification,train,PaperCardboard,PaperCardboard,prepared_datasets/combined_6class_plasticmetal_cleaned/train/PaperCardboard/000056_ann1624.jpg,,prepared_datasets/combined_6class_plasticmetal_cleaned/train/PaperCardboard/000056_ann1624.jpg,,,,,,,,
cleaned_train_PaperCardboard_000056_ann2120.jpg,CombinedCleaned,image_classification,train,PaperCardboard,PaperCardboard,prepared_datasets/combined_6class_plasticmetal_cleaned/train/PaperCardboard/000056_ann2120.jpg,,prepared_datasets/combined_6class_plasticmetal_cleaned/train/PaperCardboard/000056_ann2120.jpg,,,,,,,,
cleaned_train_PaperCardboard_000058_ann2126.jpg,CombinedCleaned,image_classification,train,PaperCardboard,PaperCardboard,prepared_datasets/combined_6class_plasticmetal_cleaned/train/PaperCardboard/000058_ann2126.jpg,,prepared_datasets/combined_6class_plasticmetal_cleaned/train/PaperCardboard/000058_ann2126.jpg,,,,,,,,
cleaned_train_PaperCardboard_000058_ann3791.jpg,CombinedCleaned,image_classification,train,PaperCardboard,PaperCardboard,prepared_datasets/combined_6class_plasticmetal_cleaned/train/PaperCardboard/000058_ann3791.jpg,,prepared_datasets/combined_6class_plasticmetal_cleaned/train/PaperCardboard/000058_ann3791.jpg,,,,,,,,
cleaned_train_PaperCardboard_000059_ann1790.jpg,CombinedCleaned,image_classification,train,PaperCardboard,PaperCardboard,prepared_datasets/combined_6class_plasticmetal_cleaned/train/PaperCardboard/000059_ann1790.jpg,,prepared_datasets/combined_6class_plasticmetal_cleaned/train/PaperCardboard/000059_ann1790.jpg,,,,,,,,
cleaned_train_PaperCardboard_000059_ann94.jpg,CombinedCleaned,image_classification,train,PaperCardboard,PaperCardboard,prepared_datasets/combined_6class_plasticmetal_cleaned/train/PaperCardboard/000059_ann94.jpg,,prepared_datasets/combined_6class_plasticmetal_cleaned/train/PaperCardboard/000059_ann94.jpg,,,,,,,,
cleaned_train_PaperCardboard_000060_ann51.jpg,CombinedCleaned,image_classification,train,PaperCardboard,PaperCardboard,prepared_datasets/combined_6class_plasticmetal_cleaned/train/PaperCardboard/000060_ann51.jpg,,prepared_datasets/combined_6class_plasticmetal_cleaned/train/PaperCardboard/000060_ann51.jpg,,,,,,,,
cleaned_train_PaperCardboard_000062_ann1263.jpg,CombinedCleaned,image_classification,train,PaperCardboard,PaperCardboard,prepared_datasets/combined_6class_plasticmetal_cleaned/train/PaperCardboard/000062_ann1263.jpg,,prepared_datasets/combined_6class_plasticmetal_cleaned/train/PaperCardboard/000062_ann1263.jpg,,,,,,,,
cleaned_train_PaperCardboard_000062_ann1794.jpg,CombinedCleaned,image_classification,train,PaperCardboard,PaperCardboard,prepared_datasets/combined_6class_plasticmetal_cleaned/train/PaperCardboard/000062_ann1794.jpg,,prepared_datasets/combined_6class_plasticmetal_cleaned/train/PaperCardboard/000062_ann1794.jpg,,,,,,,,
cleaned_train_PaperCardboard_000063_ann4649.jpg,CombinedCleaned,image_classification,train,PaperCardboard,PaperCardboard,prepared_datasets/combined_6class_plasticmetal_cleaned/train/PaperCardboard/000063_ann4649.jpg,,prepared_datasets/combined_6class_plasticmetal_cleaned/train/PaperCardboard/000063_ann4649.jpg,,,,,,,,
cleaned_train_PaperCardboard_000064_ann2325.jpg,CombinedCleaned,image_classification,train,PaperCardboard,PaperCardboard,prepared_datasets/combined_6class_plasticmetal_cleaned/train/PaperCardboard/000064_ann2325.jpg,,prepared_datasets/combined_6class_plasticmetal_cleaned/train/PaperCardboard/000064_ann2325.jpg,,,,,,,,
cleaned_train_PaperCardboard_000064_ann4361.jpg,CombinedCleaned,image_classification,train,PaperCardboard,PaperCardboard,prepared_datasets/combined_6class_plasticmetal_cleaned/train/PaperCardboard/000064_ann4361.jpg,,prepared_datasets/combined_6class_plasticmetal_cleaned/train/PaperCardboard/000064_ann4361.jpg,,,,,,,,
cleaned_train_PaperCardboard_000065_ann129.jpg,CombinedCleaned,image_classification,train,PaperCardboard,PaperCardboard,prepared_datasets/combined_6class_plasticmetal_cleaned/train/PaperCardboard/000065_ann129.jpg,,prepared_datasets/combined_6class_plasticmetal_cleaned/train/PaperCardboard/000065_ann129.jpg,,,,,,,,
cleaned_train_PaperCardboard_000065_ann130.jpg,CombinedCleaned,image_classification,train,PaperCardboard,PaperCardboard,prepared_datasets/combined_6class_plasticmetal_cleaned/train/PaperCardboard/000065_ann130.jpg,,prepared_datasets/combined_6class_plasticmetal_cleaned/train/PaperCardboard/000065_ann130.jpg,,,,,,,,
cleaned_train_PaperCardboard_000066_ann131.jpg,CombinedCleaned,image_classification,train,PaperCardboard,PaperCardboard,prepared_datasets/combined_6class_plasticmetal_cleaned/train/PaperCardboard/000066_ann131.jpg,,prepared_datasets/combined_6class_plasticmetal_cleaned/train/PaperCardboard/000066_ann131.jpg,,,,,,,,
cleaned_train_PaperCardboard_000068_ann2328.jpg,CombinedCleaned,image_classification,train,PaperCardboard,PaperCardboard,prepared_datasets/combined_6class_plasticmetal_cleaned/train/PaperCardboard/000068_ann2328.jpg,,prepared_datasets/combined_6class_plasticmetal_cleaned/train/PaperCardboard/000068_ann2328.jpg,,,,,,,,
cleaned_train_PaperCardboard_000068_ann2329.jpg,CombinedCleaned,image_classification,train,PaperCardboard,PaperCardboard,prepared_datasets/combined_6class_plasticmetal_cleaned/train/PaperCardboard/000068_ann2329.jpg,,prepared_datasets/combined_6class_plasticmetal_cleaned/train/PaperCardboard/000068_ann2329.jpg,,,,,,,,
cleaned_train_PaperCardboard_000068_ann2982.jpg,CombinedCleaned,image_classification,train,PaperCardboard,PaperCardboard,prepared_datasets/combined_6class_plasticmetal_cleaned/train/PaperCardboard/000068_ann2982.jpg,,prepared_datasets/combined_6class_plasticmetal_cleaned/train/PaperCardboard/000068_ann2982.jpg,,,,,,,,
cleaned_train_PaperCardboard_000068_ann3395.jpg,CombinedCleaned,image_classification,train,PaperCardboard,PaperCardboard,prepared_datasets/combined_6class_plasticmetal_cleaned/train/PaperCardboard/000068_ann3395.jpg,,prepared_datasets/combined_6class_plasticmetal_cleaned/train/PaperCardboard/000068_ann3395.jpg,,,,,,,,
cleaned_train_PaperCardboard_000069_ann2331.jpg,CombinedCleaned,image_classification,train,PaperCardboard,PaperCardboard,prepared_datasets/combined_6class_plasticmetal_cleaned/train/PaperCardboard/000069_ann2331.jpg,,prepared_datasets/combined_6class_plasticmetal_cleaned/train/PaperCardboard/000069_ann2331.jpg,,,,,,,,
cleaned_train_PaperCardboard_000069_ann2984.jpg,CombinedCleaned,image_classification,train,PaperCardboard,PaperCardboard,prepared_datasets/combined_6class_plasticmetal_cleaned/train/PaperCardboard/000069_ann2984.jpg,,prepared_datasets/combined_6class_plasticmetal_cleaned/train/PaperCardboard/000069_ann2984.jpg,,,,,,,,
cleaned_train_PaperCardboard_000071_ann136.jpg,CombinedCleaned,image_classification,train,PaperCardboard,PaperCardboard,prepared_datasets/combined_6class_plasticmetal_cleaned/train/PaperCardboard/000071_ann136.jpg,,prepared_datasets/combined_6class_plasticmetal_cleaned/train/PaperCardboard/000071_ann136.jpg,,,,,,,,
cleaned_train_PaperCardboard_000071_ann1649.jpg,CombinedCleaned,image_classification,train,PaperCardboard,PaperCardboard,prepared_datasets/combined_6class_plasticmetal_cleaned/train/PaperCardboard/000071_ann1649.jpg,,prepared_datasets/combined_6class_plasticmetal_cleaned/train/PaperCardboard/000071_ann1649.jpg,,,,,,,,
cleaned_train_PaperCardboard_000071_ann1806.jpg,CombinedCleaned,image_classification,train,PaperCardboard,PaperCardboard,prepared_datasets/combined_6class_plasticmetal_cleaned/train/PaperCardboard/000071_ann1806.jpg,,prepared_datasets/combined_6class_plasticmetal_cleaned/train/PaperCardboard/000071_ann1806.jpg,,,,,,,,
cleaned_train_PaperCardboard_000072_ann138.jpg,CombinedCleaned,image_classification,train,PaperCardboard,PaperCardboard,prepared_datasets/combined_6class_plasticmetal_cleaned/train/PaperCardboard/000072_ann138.jpg,,prepared_datasets/combined_6class_plasticmetal_cleaned/train/PaperCardboard/000072_ann138.jpg,,,,,,,,
cleaned_train_PaperCardboard_000072_ann1808.jpg,CombinedCleaned,image_classification,train,PaperCardboard,PaperCardboard,prepared_datasets/combined_6class_plasticmetal_cleaned/train/PaperCardboard/000072_ann1808.jpg,,prepared_datasets/combined_6class_plasticmetal_cleaned/train/PaperCardboard/000072_ann1808.jpg,,,,,,,,
cleaned_train_PaperCardboard_000074_ann3295.jpg,CombinedCleaned,image_classification,train,PaperCardboard,PaperCardboard,prepared_datasets/combined_6class_plasticmetal_cleaned/train/PaperCardboard/000074_ann3295.jpg,,prepared_datasets/combined_6class_plasticmetal_cleaned/train/PaperCardboard/000074_ann3295.jpg,,,,,,,,
cleaned_train_PaperCardboard_000076_ann2174.jpg,CombinedCleaned,image_classification,train,PaperCardboard,PaperCardboard,prepared_datasets/combined_6class_plasticmetal_cleaned/train/PaperCardboard/000076_ann2174.jpg,,prepared_datasets/combined_6class_plasticmetal_cleaned/train/PaperCardboard/000076_ann2174.jpg,,,,,,,,
cleaned_train_PaperCardboard_000076_ann2177.jpg,CombinedCleaned,image_classification,train,PaperCardboard,PaperCardboard,prepared_datasets/combined_6class_plasticmetal_cleaned/train/PaperCardboard/000076_ann2177.jpg,,prepared_datasets/combined_6class_plasticmetal_cleaned/train/PaperCardboard/000076_ann2177.jpg,,,,,,,,
cleaned_train_PaperCardboard_000077_ann2344.jpg,CombinedCleaned,image_classification,train,PaperCardboard,PaperCardboard,prepared_datasets/combined_6class_plasticmetal_cleaned/train/PaperCardboard/000077_ann2344.jpg,,prepared_datasets/combined_6class_plasticmetal_cleaned/train/PaperCardboard/000077_ann2344.jpg,,,,,,,,
cleaned_train_PaperCardboard_000078_ann142.jpg,CombinedCleaned,image_classification,train,PaperCardboard,PaperCardboard,prepared_datasets/combined_6class_plasticmetal_cleaned/train/PaperCardboard/000078_ann142.jpg,,prepared_datasets/combined_6class_plasticmetal_cleaned/train/PaperCardboard/000078_ann142.jpg,,,,,,,,
cleaned_train_PaperCardboard_000078_ann2184.jpg,CombinedCleaned,image_classification,train,PaperCardboard,PaperCardboard,prepared_datasets/combined_6class_plasticmetal_cleaned/train/PaperCardboard/000078_ann2184.jpg,,prepared_datasets/combined_6class_plasticmetal_cleaned/train/PaperCardboard/000078_ann2184.jpg,,,,,,,,
cleaned_train_PaperCardboard_000078_ann2185.jpg,CombinedCleaned,image_classification,train,PaperCardboard,PaperCardboard,prepared_datasets/combined_6class_plasticmetal_cleaned/train/PaperCardboard/000078_ann2185.jpg,,prepared_datasets/combined_6class_plasticmetal_cleaned/train/PaperCardboard/000078_ann2185.jpg,,,,,,,,
cleaned_train_PaperCardboard_000078_ann2186.jpg,CombinedCleaned,image_classification,train,PaperCardboard,PaperCardboard,prepared_datasets/combined_6class_plasticmetal_cleaned/train/PaperCardboard/000078_ann2186.jpg,,prepared_datasets/combined_6class_plasticmetal_cleaned/train/PaperCardboard/000078_ann2186.jpg,,,,,,,,
cleaned_train_PaperCardboard_000078_ann3843.jpg,CombinedCleaned,image_classification,train,PaperCardboard,PaperCardboard,prepared_datasets/combined_6class_plasticmetal_cleaned/train/PaperCardboard/000078_ann3843.jpg,,prepared_datasets/combined_6class_plasticmetal_cleaned/train/PaperCardboard/000078_ann3843.jpg,,,,,,,,
cleaned_train_PaperCardboard_000078_ann3844.jpg,CombinedCleaned,image_classification,train,PaperCardboard,PaperCardboard,prepared_datasets/combined_6class_plasticmetal_cleaned/train/PaperCardboard/000078_ann3844.jpg,,prepared_datasets/combined_6class_plasticmetal_cleaned/train/PaperCardboard/000078_ann3844.jpg,,,,,,,,
cleaned_train_PaperCardboard_000078_ann3848.jpg,CombinedCleaned,image_classification,train,PaperCardboard,PaperCardboard,prepared_datasets/combined_6class_plasticmetal_cleaned/train/PaperCardboard/000078_ann3848.jpg,,prepared_datasets/combined_6class_plasticmetal_cleaned/train/PaperCardboard/000078_ann3848.jpg,,,,,,,,
cleaned_train_PaperCardboard_000078_ann4434.jpg,CombinedCleaned,image_classification,train,PaperCardboard,PaperCardboard,prepared_datasets/combined_6class_plasticmetal_cleaned/train/PaperCardboard/000078_ann4434.jpg,,prepared_datasets/combined_6class_plasticmetal_cleaned/train/PaperCardboard/000078_ann4434.jpg,,,,,,,,
cleaned_train_PaperCardboard_000079_ann143.jpg,CombinedCleaned,image_classification,train,PaperCardboard,PaperCardboard,prepared_datasets/combined_6class_plasticmetal_cleaned/train/PaperCardboard/000079_ann143.jpg,,prepared_datasets/combined_6class_plasticmetal_cleaned/train/PaperCardboard/000079_ann143.jpg,,,,,,,,
cleaned_train_PaperCardboard_000079_ann2346.jpg,CombinedCleaned,image_classification,train,PaperCardboard,PaperCardboard,prepared_datasets/combined_6class_plasticmetal_cleaned/train/PaperCardboard/000079_ann2346.jpg,,prepared_datasets/combined_6class_plasticmetal_cleaned/train/PaperCardboard/000079_ann2346.jpg,,,,,,,,
cleaned_train_PaperCardboard_000080_ann1332.jpg,CombinedCleaned,image_classification,train,PaperCardboard,PaperCardboard,prepared_datasets/combined_6class_plasticmetal_cleaned/train/PaperCardboard/000080_ann1332.jpg,,prepared_datasets/combined_6class_plasticmetal_cleaned/train/PaperCardboard/000080_ann1332.jpg,,,,,,,,
cleaned_train_PaperCardboard_000081_ann3865.jpg,CombinedCleaned,image_classification,train,PaperCardboard,PaperCardboard,prepared_datasets/combined_6class_plasticmetal_cleaned/train/PaperCardboard/000081_ann3865.jpg,,prepared_datasets/combined_6class_plasticmetal_cleaned/train/PaperCardboard/000081_ann3865.jpg,,,,,,,,
cleaned_train_PaperCardboard_000081_ann4439.jpg,CombinedCleaned,image_classification,train,PaperCardboard,PaperCardboard,prepared_datasets/combined_6class_plasticmetal_cleaned/train/PaperCardboard/000081_ann4439.jpg,,prepared_datasets/combined_6class_plasticmetal_cleaned/train/PaperCardboard/000081_ann4439.jpg,,,,,,,,
cleaned_train_PaperCardboard_000082_ann2192.jpg,CombinedCleaned,image_classification,train,PaperCardboard,PaperCardboard,prepared_datasets/combined_6class_plasticmetal_cleaned/train/PaperCardboard/000082_ann2192.jpg,,prepared_datasets/combined_6class_plasticmetal_cleaned/train/PaperCardboard/000082_ann2192.jpg,,,,,,,,
cleaned_train_PaperCardboard_000084_ann1337.jpg,CombinedCleaned,image_classification,train,PaperCardboard,PaperCardboard,prepared_datasets/combined_6class_plasticmetal_cleaned/train/PaperCardboard/000084_ann1337.jpg,,prepared_datasets/combined_6class_plasticmetal_cleaned/train/PaperCardboard/000084_ann1337.jpg,,,,,,,,
cleaned_train_PaperCardboard_000084_ann4443.jpg,CombinedCleaned,image_classification,train,PaperCardboard,PaperCardboard,prepared_datasets/combined_6class_plasticmetal_cleaned/train/PaperCardboard/000084_ann4443.jpg,,prepared_datasets/combined_6class_plasticmetal_cleaned/train/PaperCardboard/000084_ann4443.jpg,,,,,,,,
cleaned_train_PaperCardboard_000087_ann157.jpg,CombinedCleaned,image_classification,train,PaperCardboard,PaperCardboard,prepared_datasets/combined_6class_plasticmetal_cleaned/train/PaperCardboard/000087_ann157.jpg,,prepared_datasets/combined_6class_plasticmetal_cleaned/train/PaperCardboard/000087_ann157.jpg,,,,,,,,
cleaned_train_PaperCardboard_000088_ann4741.jpg,CombinedCleaned,image_classification,train,PaperCardboard,PaperCardboard,prepared_datasets/combined_6class_plasticmetal_cleaned/train/PaperCardboard/000088_ann4741.jpg,,prepared_datasets/combined_6class_plasticmetal_cleaned/train/PaperCardboard/000088_ann4741.jpg,,,,,,,,
cleaned_train_PaperCardboard_000089_ann884.jpg,CombinedCleaned,image_classification,train,PaperCardboard,PaperCardboard,prepared_datasets/combined_6class_plasticmetal_cleaned/train/PaperCardboard/000089_ann884.jpg,,prepared_datasets/combined_6class_plasticmetal_cleaned/train/PaperCardboard/000089_ann884.jpg,,,,,,,,
cleaned_train_PaperCardboard_000090_ann4456.jpg,CombinedCleaned,image_classification,train,PaperCardboard,PaperCardboard,prepared_datasets/combined_6class_plasticmetal_cleaned/train/PaperCardboard/000090_ann4456.jpg,,prepared_datasets/combined_6class_plasticmetal_cleaned/train/PaperCardboard/000090_ann4456.jpg,,,,,,,,
cleaned_train_PaperCardboard_000092_ann2957.jpg,CombinedCleaned,image_classification,train,PaperCardboard,PaperCardboard,prepared_datasets/combined_6class_plasticmetal_cleaned/train/PaperCardboard/000092_ann2957.jpg,,prepared_datasets/combined_6class_plasticmetal_cleaned/train/PaperCardboard/000092_ann2957.jpg,,,,,,,,
cleaned_train_PaperCardboard_000094_ann4463.jpg,CombinedCleaned,image_classification,train,PaperCardboard,PaperCardboard,prepared_datasets/combined_6class_plasticmetal_cleaned/train/PaperCardboard/000094_ann4463.jpg,,prepared_datasets/combined_6class_plasticmetal_cleaned/train/PaperCardboard/000094_ann4463.jpg,,,,,,,,
cleaned_train_PaperCardboard_000097_ann2966.jpg,CombinedCleaned,image_classification,train,PaperCardboard,PaperCardboard,prepared_datasets/combined_6class_plasticmetal_cleaned/train/PaperCardboard/000097_ann2966.jpg,,prepared_datasets/combined_6class_plasticmetal_cleaned/train/PaperCardboard/000097_ann2966.jpg,,,,,,,,
cleaned_train_PaperCardboard_000098_ann683.jpg,CombinedCleaned,image_classification,train,PaperCardboard,PaperCardboard,prepared_datasets/combined_6class_plasticmetal_cleaned/train/PaperCardboard/000098_ann683.jpg,,prepared_datasets/combined_6class_plasticmetal_cleaned/train/PaperCardboard/000098_ann683.jpg,,,,,,,,
cleaned_train_PaperCardboard_000099_ann4782.jpg,CombinedCleaned,image_classification,train,PaperCardboard,PaperCardboard,prepared_datasets/combined_6class_plasticmetal_cleaned/train/PaperCardboard/000099_ann4782.jpg,,prepared_datasets/combined_6class_plasticmetal_cleaned/train/PaperCardboard/000099_ann4782.jpg,,,,,,,,
cleaned_train_PaperCardboard_000102_ann200.jpg,CombinedCleaned,image_classification,train,PaperCardboard,PaperCardboard,prepared_datasets/combined_6class_plasticmetal_cleaned/train/PaperCardboard/000102_ann200.jpg,,prepared_datasets/combined_6class_plasticmetal_cleaned/train/PaperCardboard/000102_ann200.jpg,,,,,,,,
cleaned_train_PaperCardboard_000102_ann202.jpg,CombinedCleaned,image_classification,train,PaperCardboard,PaperCardboard,prepared_datasets/combined_6class_plasticmetal_cleaned/train/PaperCardboard/000102_ann202.jpg,,prepared_datasets/combined_6class_plasticmetal_cleaned/train/PaperCardboard/000102_ann202.jpg,,,,,,,,
cleaned_train_PaperCardboard_000104_ann2991.jpg,CombinedCleaned,image_classification,train,PaperCardboard,PaperCardboard,prepared_datasets/combined_6class_plasticmetal_cleaned/train/PaperCardboard/000104_ann2991.jpg,,prepared_datasets/combined_6class_plasticmetal_cleaned/train/PaperCardboard/000104_ann2991.jpg,,,,,,,,
cleaned_train_PaperCardboard_000127_ann258.jpg,CombinedCleaned,image_classification,train,PaperCardboard,PaperCardboard,prepared_datasets/combined_6class_plasticmetal_cleaned/train/PaperCardboard/000127_ann258.jpg,,prepared_datasets/combined_6class_plasticmetal_cleaned/train/PaperCardboard/000127_ann258.jpg,,,,,,,,
cleaned_train_PaperCardboard_000127_ann259.jpg,CombinedCleaned,image_classification,train,PaperCardboard,PaperCardboard,prepared_datasets/combined_6class_plasticmetal_cleaned/train/PaperCardboard/000127_ann259.jpg,,prepared_datasets/combined_6class_plasticmetal_cleaned/train/PaperCardboard/000127_ann259.jpg,,,,,,,,
cleaned_train_PaperCardboard_000128_ann263.jpg,CombinedCleaned,image_classification,train,PaperCardboard,PaperCardboard,prepared_datasets/combined_6class_plasticmetal_cleaned/train/PaperCardboard/000128_ann263.jpg,,prepared_datasets/combined_6class_plasticmetal_cleaned/train/PaperCardboard/000128_ann263.jpg,,,,,,,,
cleaned_train_PaperCardboard_000128_ann265.jpg,CombinedCleaned,image_classification,train,PaperCardboard,PaperCardboard,prepared_datasets/combined_6class_plasticmetal_cleaned/train/PaperCardboard/000128_ann265.jpg,,prepared_datasets/combined_6class_plasticmetal_cleaned/train/PaperCardboard/000128_ann265.jpg,,,,,,,,
cleaned_train_PaperCardboard_000129_ann276.jpg,CombinedCleaned,image_classification,train,PaperCardboard,PaperCardboard,prepared_datasets/combined_6class_plasticmetal_cleaned/train/PaperCardboard/000129_ann276.jpg,,prepared_datasets/combined_6class_plasticmetal_cleaned/train/PaperCardboard/000129_ann276.jpg,,,,,,,,
cleaned_train_PaperCardboard_000129_ann279.jpg,CombinedCleaned,image_classification,train,PaperCardboard,PaperCardboard,prepared_datasets/combined_6class_plasticmetal_cleaned/train/PaperCardboard/000129_ann279.jpg,,prepared_datasets/combined_6class_plasticmetal_cleaned/train/PaperCardboard/000129_ann279.jpg,,,,,,,,
cleaned_train_PaperCardboard_000129_ann281.jpg,CombinedCleaned,image_classification,train,PaperCardboard,PaperCardboard,prepared_datasets/combined_6class_plasticmetal_cleaned/train/PaperCardboard/000129_ann281.jpg,,prepared_datasets/combined_6class_plasticmetal_cleaned/train/PaperCardboard/000129_ann281.jpg,,,,,,,,
cleaned_train_PaperCardboard_000129_ann282.jpg,CombinedCleaned,image_classification,train,PaperCardboard,PaperCardboard,prepared_datasets/combined_6class_plasticmetal_cleaned/train/PaperCardboard/000129_ann282.jpg,,prepared_datasets/combined_6class_plasticmetal_cleaned/train/PaperCardboard/000129_ann282.jpg,,,,,,,,
cleaned_train_PaperCardboard_cardboard1.jpg,CombinedCleaned,image_classification,train,PaperCardboard,PaperCardboard,prepared_datasets/combined_6class_plasticmetal_cleaned/train/PaperCardboard/cardboard1.jpg,,prepared_datasets/combined_6class_plasticmetal_cleaned/train/PaperCardboard/cardboard1.jpg,,,,,,,,
cleaned_train_PaperCardboard_cardboard10.jpg,CombinedCleaned,image_classification,train,PaperCardboard,PaperCardboard,prepared_datasets/combined_6class_plasticmetal_cleaned/train/PaperCardboard/cardboard10.jpg,,prepared_datasets/combined_6class_plasticmetal_cleaned/train/PaperCardboard/cardboard10.jpg,,,,,,,,
cleaned_train_PaperCardboard_cardboard100.jpg,CombinedCleaned,image_classification,train,PaperCardboard,PaperCardboard,prepared_datasets/combined_6class_plasticmetal_cleaned/train/PaperCardboard/cardboard100.jpg,,prepared_datasets/combined_6class_plasticmetal_cleaned/train/PaperCardboard/cardboard100.jpg,,,,,,,,
cleaned_train_PaperCardboard_cardboard101.jpg,CombinedCleaned,image_classification,train,PaperCardboard,PaperCardboard,prepared_datasets/combined_6class_plasticmetal_cleaned/train/PaperCardboard/cardboard101.jpg,,prepared_datasets/combined_6class_plasticmetal_cleaned/train/PaperCardboard/cardboard101.jpg,,,,,,,,
cleaned_train_PaperCardboard_cardboard102.jpg,CombinedCleaned,image_classification,train,PaperCardboard,PaperCardboard,prepared_datasets/combined_6class_plasticmetal_cleaned/train/PaperCardboard/cardboard102.jpg,,prepared_datasets/combined_6class_plasticmetal_cleaned/train/PaperCardboard/cardboard102.jpg,,,,,,,,
cleaned_train_PaperCardboard_cardboard104.jpg,CombinedCleaned,image_classification,train,PaperCardboard,PaperCardboard,prepared_datasets/combined_6class_plasticmetal_cleaned/train/PaperCardboard/cardboard104.jpg,,prepared_datasets/combined_6class_plasticmetal_cleaned/train/PaperCardboard/cardboard104.jpg,,,,,,,,
cleaned_train_PaperCardboard_cardboard106.jpg,CombinedCleaned,image_classification,train,PaperCardboard,PaperCardboard,prepared_datasets/combined_6class_plasticmetal_cleaned/train/PaperCardboard/cardboard106.jpg,,prepared_datasets/combined_6class_plasticmetal_cleaned/train/PaperCardboard/cardboard106.jpg,,,,,,,,
cleaned_train_PaperCardboard_cardboard109.jpg,CombinedCleaned,image_classification,train,PaperCardboard,PaperCardboard,prepared_datasets/combined_6class_plasticmetal_cleaned/train/PaperCardboard/cardboard109.jpg,,prepared_datasets/combined_6class_plasticmetal_cleaned/train/PaperCardboard/cardboard109.jpg,,,,,,,,
cleaned_train_PaperCardboard_cardboard11.jpg,CombinedCleaned,image_classification,train,PaperCardboard,PaperCardboard,prepared_datasets/combined_6class_plasticmetal_cleaned/train/PaperCardboard/cardboard11.jpg,,prepared_datasets/combined_6class_plasticmetal_cleaned/train/PaperCardboard/cardboard11.jpg,,,,,,,,
cleaned_train_PaperCardboard_cardboard110.jpg,CombinedCleaned,image_classification,train,PaperCardboard,PaperCardboard,prepared_datasets/combined_6class_plasticmetal_cleaned/train/PaperCardboard/cardboard110.jpg,,prepared_datasets/combined_6class_plasticmetal_cleaned/train/PaperCardboard/cardboard110.jpg,,,,,,,,
cleaned_train_PaperCardboard_cardboard111.jpg,CombinedCleaned,image_classification,train,PaperCardboard,PaperCardboard,prepared_datasets/combined_6class_plasticmetal_cleaned/train/PaperCardboard/cardboard111.jpg,,prepared_datasets/combined_6class_plasticmetal_cleaned/train/PaperCardboard/cardboard111.jpg,,,,,,,,
cleaned_train_PaperCardboard_cardboard113.jpg,CombinedCleaned,image_classification,train,PaperCardboard,PaperCardboard,prepared_datasets/combined_6class_plasticmetal_cleaned/train/PaperCardboard/cardboard113.jpg,,prepared_datasets/combined_6class_plasticmetal_cleaned/train/PaperCardboard/cardboard113.jpg,,,,,,,,
cleaned_train_PaperCardboard_cardboard114.jpg,CombinedCleaned,image_classification,train,PaperCardboard,PaperCardboard,prepared_datasets/combined_6class_plasticmetal_cleaned/train/PaperCardboard/cardboard114.jpg,,prepared_datasets/combined_6class_plasticmetal_cleaned/train/PaperCardboard/cardboard114.jpg,,,,,,,,
cleaned_train_PaperCardboard_cardboard117.jpg,CombinedCleaned,image_classification,train,PaperCardboard,PaperCardboard,prepared_datasets/combined_6class_plasticmetal_cleaned/train/PaperCardboard/cardboard117.jpg,,prepared_datasets/combined_6class_plasticmetal_cleaned/train/PaperCardboard/cardboard117.jpg,,,,,,,,
cleaned_train_PaperCardboard_cardboard118.jpg,CombinedCleaned,image_classification,train,PaperCardboard,PaperCardboard,prepared_datasets/combined_6class_plasticmetal_cleaned/train/PaperCardboard/cardboard118.jpg,,prepared_datasets/combined_6class_plasticmetal_cleaned/train/PaperCardboard/cardboard118.jpg,,,,,,,,
cleaned_train_PaperCardboard_cardboard119.jpg,CombinedCleaned,image_classification,train,PaperCardboard,PaperCardboard,prepared_datasets/combined_6class_plasticmetal_cleaned/train/PaperCardboard/cardboard119.jpg,,prepared_datasets/combined_6class_plasticmetal_cleaned/train/PaperCardboard/cardboard119.jpg,,,,,,,,
cleaned_train_PaperCardboard_cardboard12.jpg,CombinedCleaned,image_classification,train,PaperCardboard,PaperCardboard,prepared_datasets/combined_6class_plasticmetal_cleaned/train/PaperCardboard/cardboard12.jpg,,prepared_datasets/combined_6class_plasticmetal_cleaned/train/PaperCardboard/cardboard12.jpg,,,,,,,,
cleaned_train_PaperCardboard_cardboard121.jpg,CombinedCleaned,image_classification,train,PaperCardboard,PaperCardboard,prepared_datasets/combined_6class_plasticmetal_cleaned/train/PaperCardboard/cardboard121.jpg,,prepared_datasets/combined_6class_plasticmetal_cleaned/train/PaperCardboard/cardboard121.jpg,,,,,,,,
cleaned_train_PaperCardboard_cardboard122.jpg,CombinedCleaned,image_classification,train,PaperCardboard,PaperCardboard,prepared_datasets/combined_6class_plasticmetal_cleaned/train/PaperCardboard/cardboard122.jpg,,prepared_datasets/combined_6class_plasticmetal_cleaned/train/PaperCardboard/cardboard122.jpg,,,,,,,,
cleaned_train_PaperCardboard_cardboard123.jpg,CombinedCleaned,image_classification,train,PaperCardboard,PaperCardboard,prepared_datasets/combined_6class_plasticmetal_cleaned/train/PaperCardboard/cardboard123.jpg,,prepared_datasets/combined_6class_plasticmetal_cleaned/train/PaperCardboard/cardboard123.jpg,,,,,,,,
cleaned_train_PaperCardboard_cardboard124.jpg,CombinedCleaned,image_classification,train,PaperCardboard,PaperCardboard,prepared_datasets/combined_6class_plasticmetal_cleaned/train/PaperCardboard/cardboard124.jpg,,prepared_datasets/combined_6class_plasticmetal_cleaned/train/PaperCardboard/cardboard124.jpg,,,,,,,,
cleaned_train_PaperCardboard_cardboard126.jpg,CombinedCleaned,image_classification,train,PaperCardboard,PaperCardboard,prepared_datasets/combined_6class_plasticmetal_cleaned/train/PaperCardboard/cardboard126.jpg,,prepared_datasets/combined_6class_plasticmetal_cleaned/train/PaperCardboard/cardboard126.jpg,,,,,,,,
cleaned_train_PaperCardboard_cardboard127.jpg,CombinedCleaned,image_classification,train,PaperCardboard,PaperCardboard,prepared_datasets/combined_6class_plasticmetal_cleaned/train/PaperCardboard/cardboard127.jpg,,prepared_datasets/combined_6class_plasticmetal_cleaned/train/PaperCardboard/cardboard127.jpg,,,,,,,,
cleaned_train_PaperCardboard_cardboard128.jpg,CombinedCleaned,image_classification,train,PaperCardboard,PaperCardboard,prepared_datasets/combined_6class_plasticmetal_cleaned/train/PaperCardboard/cardboard128.jpg,,prepared_datasets/combined_6class_plasticmetal_cleaned/train/PaperCardboard/cardboard128.jpg,,,,,,,,
cleaned_train_PaperCardboard_cardboard129.jpg,CombinedCleaned,image_classification,train,PaperCardboard,PaperCardboard,prepared_datasets/combined_6class_plasticmetal_cleaned/train/PaperCardboard/cardboard129.jpg,,prepared_datasets/combined_6class_plasticmetal_cleaned/train/PaperCardboard/cardboard129.jpg,,,,,,,,
cleaned_train_PaperCardboard_cardboard13.jpg,CombinedCleaned,image_classification,train,PaperCardboard,PaperCardboard,prepared_datasets/combined_6class_plasticmetal_cleaned/train/PaperCardboard/cardboard13.jpg,,prepared_datasets/combined_6class_plasticmetal_cleaned/train/PaperCardboard/cardboard13.jpg,,,,,,,,
cleaned_train_PaperCardboard_cardboard130.jpg,CombinedCleaned,image_classification,train,PaperCardboard,PaperCardboard,prepared_datasets/combined_6class_plasticmetal_cleaned/train/PaperCardboard/cardboard130.jpg,,prepared_datasets/combined_6class_plasticmetal_cleaned/train/PaperCardboard/cardboard130.jpg,,,,,,,,
cleaned_train_PaperCardboard_cardboard131.jpg,CombinedCleaned,image_classification,train,PaperCardboard,PaperCardboard,prepared_datasets/combined_6class_plasticmetal_cleaned/train/PaperCardboard/cardboard131.jpg,,prepared_datasets/combined_6class_plasticmetal_cleaned/train/PaperCardboard/cardboard131.jpg,,,,,,,,
cleaned_train_PaperCardboard_cardboard132.jpg,CombinedCleaned,image_classification,train,PaperCardboard,PaperCardboard,prepared_datasets/combined_6class_plasticmetal_cleaned/train/PaperCardboard/cardboard132.jpg,,prepared_datasets/combined_6class_plasticmetal_cleaned/train/PaperCardboard/cardboard132.jpg,,,,,,,,
cleaned_train_PaperCardboard_cardboard134.jpg,CombinedCleaned,image_classification,train,PaperCardboard,PaperCardboard,prepared_datasets/combined_6class_plasticmetal_cleaned/train/PaperCardboard/cardboard134.jpg,,prepared_datasets/combined_6class_plasticmetal_cleaned/train/PaperCardboard/cardboard134.jpg,,,,,,,,
cleaned_train_PaperCardboard_cardboard135.jpg,CombinedCleaned,image_classification,train,PaperCardboard,PaperCardboard,prepared_datasets/combined_6class_plasticmetal_cleaned/train/PaperCardboard/cardboard135.jpg,,prepared_datasets/combined_6class_plasticmetal_cleaned/train/PaperCardboard/cardboard135.jpg,,,,,,,,
cleaned_train_PaperCardboard_cardboard136.jpg,CombinedCleaned,image_classification,train,PaperCardboard,PaperCardboard,prepared_datasets/combined_6class_plasticmetal_cleaned/train/PaperCardboard/cardboard136.jpg,,prepared_datasets/combined_6class_plasticmetal_cleaned/train/PaperCardboard/cardboard136.jpg,,,,,,,,
cleaned_train_PaperCardboard_cardboard137.jpg,CombinedCleaned,image_classification,train,PaperCardboard,PaperCardboard,prepared_datasets/combined_6class_plasticmetal_cleaned/train/PaperCardboard/cardboard137.jpg,,prepared_datasets/combined_6class_plasticmetal_cleaned/train/PaperCardboard/cardboard137.jpg,,,,,,,,
cleaned_train_PaperCardboard_cardboard14.jpg,CombinedCleaned,image_classification,train,PaperCardboard,PaperCardboard,prepared_datasets/combined_6class_plasticmetal_cleaned/train/PaperCardboard/cardboard14.jpg,,prepared_datasets/combined_6class_plasticmetal_cleaned/train/PaperCardboard/cardboard14.jpg,,,,,,,,
cleaned_train_PaperCardboard_cardboard142.jpg,CombinedCleaned,image_classification,train,PaperCardboard,PaperCardboard,prepared_datasets/combined_6class_plasticmetal_cleaned/train/PaperCardboard/cardboard142.jpg,,prepared_datasets/combined_6class_plasticmetal_cleaned/train/PaperCardboard/cardboard142.jpg,,,,,,,,
cleaned_train_PaperCardboard_cardboard143.jpg,CombinedCleaned,image_classification,train,PaperCardboard,PaperCardboard,prepared_datasets/combined_6class_plasticmetal_cleaned/train/PaperCardboard/cardboard143.jpg,,prepared_datasets/combined_6class_plasticmetal_cleaned/train/PaperCardboard/cardboard143.jpg,,,,,,,,
cleaned_train_PaperCardboard_cardboard144.jpg,CombinedCleaned,image_classification,train,PaperCardboard,PaperCardboard,prepared_datasets/combined_6class_plasticmetal_cleaned/train/PaperCardboard/cardboard144.jpg,,prepared_datasets/combined_6class_plasticmetal_cleaned/train/PaperCardboard/cardboard144.jpg,,,,,,,,
cleaned_train_PaperCardboard_cardboard147.jpg,CombinedCleaned,image_classification,train,PaperCardboard,PaperCardboard,prepared_datasets/combined_6class_plasticmetal_cleaned/train/PaperCardboard/cardboard147.jpg,,prepared_datasets/combined_6class_plasticmetal_cleaned/train/PaperCardboard/cardboard147.jpg,,,,,,,,
cleaned_train_PaperCardboard_cardboard149.jpg,CombinedCleaned,image_classification,train,PaperCardboard,PaperCardboard,prepared_datasets/combined_6class_plasticmetal_cleaned/train/PaperCardboard/cardboard149.jpg,,prepared_datasets/combined_6class_plasticmetal_cleaned/train/PaperCardboard/cardboard149.jpg,,,,,,,,
cleaned_train_PaperCardboard_cardboard150.jpg,CombinedCleaned,image_classification,train,PaperCardboard,PaperCardboard,prepared_datasets/combined_6class_plasticmetal_cleaned/train/PaperCardboard/cardboard150.jpg,,prepared_datasets/combined_6class_plasticmetal_cleaned/train/PaperCardboard/cardboard150.jpg,,,,,,,,
cleaned_train_PaperCardboard_cardboard151.jpg,CombinedCleaned,image_classification,train,PaperCardboard,PaperCardboard,prepared_datasets/combined_6class_plasticmetal_cleaned/train/PaperCardboard/cardboard151.jpg,,prepared_datasets/combined_6class_plasticmetal_cleaned/train/PaperCardboard/cardboard151.jpg,,,,,,,,
cleaned_train_PaperCardboard_cardboard152.jpg,CombinedCleaned,image_classification,train,PaperCardboard,PaperCardboard,prepared_datasets/combined_6class_plasticmetal_cleaned/train/PaperCardboard/cardboard152.jpg,,prepared_datasets/combined_6class_plasticmetal_cleaned/train/PaperCardboard/cardboard152.jpg,,,,,,,,
cleaned_train_PaperCardboard_cardboard153.jpg,CombinedCleaned,image_classification,train,PaperCardboard,PaperCardboard,prepared_datasets/combined_6class_plasticmetal_cleaned/train/PaperCardboard/cardboard153.jpg,,prepared_datasets/combined_6class_plasticmetal_cleaned/train/PaperCardboard/cardboard153.jpg,,,,,,,,
cleaned_train_PaperCardboard_cardboard154.jpg,CombinedCleaned,image_classification,train,PaperCardboard,PaperCardboard,prepared_datasets/combined_6class_plasticmetal_cleaned/train/PaperCardboard/cardboard154.jpg,,prepared_datasets/combined_6class_plasticmetal_cleaned/train/PaperCardboard/cardboard154.jpg,,,,,,,,
cleaned_train_PaperCardboard_cardboard155.jpg,CombinedCleaned,image_classification,train,PaperCardboard,PaperCardboard,prepared_datasets/combined_6class_plasticmetal_cleaned/train/PaperCardboard/cardboard155.jpg,,prepared_datasets/combined_6class_plasticmetal_cleaned/train/PaperCardboard/cardboard155.jpg,,,,,,,,
cleaned_train_PaperCardboard_cardboard156.jpg,CombinedCleaned,image_classification,train,PaperCardboard,PaperCardboard,prepared_datasets/combined_6class_plasticmetal_cleaned/train/PaperCardboard/cardboard156.jpg,,prepared_datasets/combined_6class_plasticmetal_cleaned/train/PaperCardboard/cardboard156.jpg,,,,,,,,
cleaned_train_PaperCardboard_cardboard157.jpg,CombinedCleaned,image_classification,train,PaperCardboard,PaperCardboard,prepared_datasets/combined_6class_plasticmetal_cleaned/train/PaperCardboard/cardboard157.jpg,,prepared_datasets/combined_6class_plasticmetal_cleaned/train/PaperCardboard/cardboard157.jpg,,,,,,,,
cleaned_train_PaperCardboard_cardboard158.jpg,CombinedCleaned,image_classification,train,PaperCardboard,PaperCardboard,prepared_datasets/combined_6class_plasticmetal_cleaned/train/PaperCardboard/cardboard158.jpg,,prepared_datasets/combined_6class_plasticmetal_cleaned/train/PaperCardboard/cardboard158.jpg,,,,,,,,
cleaned_train_PaperCardboard_cardboard159.jpg,CombinedCleaned,image_classification,train,PaperCardboard,PaperCardboard,prepared_datasets/combined_6class_plasticmetal_cleaned/train/PaperCardboard/cardboard159.jpg,,prepared_datasets/combined_6class_plasticmetal_cleaned/train/PaperCardboard/cardboard159.jpg,,,,,,,,
cleaned_train_PaperCardboard_cardboard16.jpg,CombinedCleaned,image_classification,train,PaperCardboard,PaperCardboard,prepared_datasets/combined_6class_plasticmetal_cleaned/train/PaperCardboard/cardboard16.jpg,,prepared_datasets/combined_6class_plasticmetal_cleaned/train/PaperCardboard/cardboard16.jpg,,,,,,,,
cleaned_train_PaperCardboard_cardboard160.jpg,CombinedCleaned,image_classification,train,PaperCardboard,PaperCardboard,prepared_datasets/combined_6class_plasticmetal_cleaned/train/PaperCardboard/cardboard160.jpg,,prepared_datasets/combined_6class_plasticmetal_cleaned/train/PaperCardboard/cardboard160.jpg,,,,,,,,
cleaned_train_PaperCardboard_cardboard162.jpg,CombinedCleaned,image_classification,train,PaperCardboard,PaperCardboard,prepared_datasets/combined_6class_plasticmetal_cleaned/train/PaperCardboard/cardboard162.jpg,,prepared_datasets/combined_6class_plasticmetal_cleaned/train/PaperCardboard/cardboard162.jpg,,,,,,,,
cleaned_train_PaperCardboard_cardboard164.jpg,CombinedCleaned,image_classification,train,PaperCardboard,PaperCardboard,prepared_datasets/combined_6class_plasticmetal_cleaned/train/PaperCardboard/cardboard164.jpg,,prepared_datasets/combined_6class_plasticmetal_cleaned/train/PaperCardboard/cardboard164.jpg,,,,,,,,
cleaned_train_PaperCardboard_cardboard166.jpg,CombinedCleaned,image_classification,train,PaperCardboard,PaperCardboard,prepared_datasets/combined_6class_plasticmetal_cleaned/train/PaperCardboard/cardboard166.jpg,,prepared_datasets/combined_6class_plasticmetal_cleaned/train/PaperCardboard/cardboard166.jpg,,,,,,,,
cleaned_train_PaperCardboard_cardboard167.jpg,CombinedCleaned,image_classification,train,PaperCardboard,PaperCardboard,prepared_datasets/combined_6class_plasticmetal_cleaned/train/PaperCardboard/cardboard167.jpg,,prepared_datasets/combined_6class_plasticmetal_cleaned/train/PaperCardboard/cardboard167.jpg,,,,,,,,
cleaned_train_PaperCardboard_cardboard169.jpg,CombinedCleaned,image_classification,train,PaperCardboard,PaperCardboard,prepared_datasets/combined_6class_plasticmetal_cleaned/train/PaperCardboard/cardboard169.jpg,,prepared_datasets/combined_6class_plasticmetal_cleaned/train/PaperCardboard/cardboard169.jpg,,,,,,,,
cleaned_train_PaperCardboard_cardboard17.jpg,CombinedCleaned,image_classification,train,PaperCardboard,PaperCardboard,prepared_datasets/combined_6class_plasticmetal_cleaned/train/PaperCardboard/cardboard17.jpg,,prepared_datasets/combined_6class_plasticmetal_cleaned/train/PaperCardboard/cardboard17.jpg,,,,,,,,
cleaned_train_PaperCardboard_cardboard171.jpg,CombinedCleaned,image_classification,train,PaperCardboard,PaperCardboard,prepared_datasets/combined_6class_plasticmetal_cleaned/train/PaperCardboard/cardboard171.jpg,,prepared_datasets/combined_6class_plasticmetal_cleaned/train/PaperCardboard/cardboard171.jpg,,,,,,,,
cleaned_train_PaperCardboard_cardboard173.jpg,CombinedCleaned,image_classification,train,PaperCardboard,PaperCardboard,prepared_datasets/combined_6class_plasticmetal_cleaned/train/PaperCardboard/cardboard173.jpg,,prepared_datasets/combined_6class_plasticmetal_cleaned/train/PaperCardboard/cardboard173.jpg,,,,,,,,
cleaned_train_PaperCardboard_cardboard177.jpg,CombinedCleaned,image_classification,train,PaperCardboard,PaperCardboard,prepared_datasets/combined_6class_plasticmetal_cleaned/train/PaperCardboard/cardboard177.jpg,,prepared_datasets/combined_6class_plasticmetal_cleaned/train/PaperCardboard/cardboard177.jpg,,,,,,,,
cleaned_train_PaperCardboard_cardboard178.jpg,CombinedCleaned,image_classification,train,PaperCardboard,PaperCardboard,prepared_datasets/combined_6class_plasticmetal_cleaned/train/PaperCardboard/cardboard178.jpg,,prepared_datasets/combined_6class_plasticmetal_cleaned/train/PaperCardboard/cardboard178.jpg,,,,,,,,
cleaned_train_PaperCardboard_cardboard179.jpg,CombinedCleaned,image_classification,train,PaperCardboard,PaperCardboard,prepared_datasets/combined_6class_plasticmetal_cleaned/train/PaperCardboard/cardboard179.jpg,,prepared_datasets/combined_6class_plasticmetal_cleaned/train/PaperCardboard/cardboard179.jpg,,,,,,,,
cleaned_train_PaperCardboard_cardboard18.jpg,CombinedCleaned,image_classification,train,PaperCardboard,PaperCardboard,prepared_datasets/combined_6class_plasticmetal_cleaned/train/PaperCardboard/cardboard18.jpg,,prepared_datasets/combined_6class_plasticmetal_cleaned/train/PaperCardboard/cardboard18.jpg,,,,,,,,
cleaned_train_PaperCardboard_cardboard180.jpg,CombinedCleaned,image_classification,train,PaperCardboard,PaperCardboard,prepared_datasets/combined_6class_plasticmetal_cleaned/train/PaperCardboard/cardboard180.jpg,,prepared_datasets/combined_6class_plasticmetal_cleaned/train/PaperCardboard/cardboard180.jpg,,,,,,,,
cleaned_train_PaperCardboard_cardboard181.jpg,CombinedCleaned,image_classification,train,PaperCardboard,PaperCardboard,prepared_datasets/combined_6class_plasticmetal_cleaned/train/PaperCardboard/cardboard181.jpg,,prepared_datasets/combined_6class_plasticmetal_cleaned/train/PaperCardboard/cardboard181.jpg,,,,,,,,
cleaned_train_PaperCardboard_cardboard183.jpg,CombinedCleaned,image_classification,train,PaperCardboard,PaperCardboard,prepared_datasets/combined_6class_plasticmetal_cleaned/train/PaperCardboard/cardboard183.jpg,,prepared_datasets/combined_6class_plasticmetal_cleaned/train/PaperCardboard/cardboard183.jpg,,,,,,,,
cleaned_train_PaperCardboard_cardboard185.jpg,CombinedCleaned,image_classification,train,PaperCardboard,PaperCardboard,prepared_datasets/combined_6class_plasticmetal_cleaned/train/PaperCardboard/cardboard185.jpg,,prepared_datasets/combined_6class_plasticmetal_cleaned/train/PaperCardboard/cardboard185.jpg,,,,,,,,
cleaned_train_PaperCardboard_cardboard187.jpg,CombinedCleaned,image_classification,train,PaperCardboard,PaperCardboard,prepared_datasets/combined_6class_plasticmetal_cleaned/train/PaperCardboard/cardboard187.jpg,,prepared_datasets/combined_6class_plasticmetal_cleaned/train/PaperCardboard/cardboard187.jpg,,,,,,,,
cleaned_train_PaperCardboard_cardboard188.jpg,CombinedCleaned,image_classification,train,PaperCardboard,PaperCardboard,prepared_datasets/combined_6class_plasticmetal_cleaned/train/PaperCardboard/cardboard188.jpg,,prepared_datasets/combined_6class_plasticmetal_cleaned/train/PaperCardboard/cardboard188.jpg,,,,,,,,
cleaned_train_PaperCardboard_cardboard189.jpg,CombinedCleaned,image_classification,train,PaperCardboard,PaperCardboard,prepared_datasets/combined_6class_plasticmetal_cleaned/train/PaperCardboard/cardboard189.jpg,,prepared_datasets/combined_6class_plasticmetal_cleaned/train/PaperCardboard/cardboard189.jpg,,,,,,,,
cleaned_train_PaperCardboard_cardboard19.jpg,CombinedCleaned,image_classification,train,PaperCardboard,PaperCardboard,prepared_datasets/combined_6class_plasticmetal_cleaned/train/PaperCardboard/cardboard19.jpg,,prepared_datasets/combined_6class_plasticmetal_cleaned/train/PaperCardboard/cardboard19.jpg,,,,,,,,
cleaned_train_PaperCardboard_cardboard190.jpg,CombinedCleaned,image_classification,train,PaperCardboard,PaperCardboard,prepared_datasets/combined_6class_plasticmetal_cleaned/train/PaperCardboard/cardboard190.jpg,,prepared_datasets/combined_6class_plasticmetal_cleaned/train/PaperCardboard/cardboard190.jpg,,,,,,,,
cleaned_train_PaperCardboard_cardboard191.jpg,CombinedCleaned,image_classification,train,PaperCardboard,PaperCardboard,prepared_datasets/combined_6class_plasticmetal_cleaned/train/PaperCardboard/cardboard191.jpg,,prepared_datasets/combined_6class_plasticmetal_cleaned/train/PaperCardboard/cardboard191.jpg,,,,,,,,
cleaned_train_PaperCardboard_cardboard192.jpg,CombinedCleaned,image_classification,train,PaperCardboard,PaperCardboard,prepared_datasets/combined_6class_plasticmetal_cleaned/train/PaperCardboard/cardboard192.jpg,,prepared_datasets/combined_6class_plasticmetal_cleaned/train/PaperCardboard/cardboard192.jpg,,,,,,,,
cleaned_train_PaperCardboard_cardboard194.jpg,CombinedCleaned,image_classification,train,PaperCardboard,PaperCardboard,prepared_datasets/combined_6class_plasticmetal_cleaned/train/PaperCardboard/cardboard194.jpg,,prepared_datasets/combined_6class_plasticmetal_cleaned/train/PaperCardboard/cardboard194.jpg,,,,,,,,
cleaned_train_PaperCardboard_cardboard196.jpg,CombinedCleaned,image_classification,train,PaperCardboard,PaperCardboard,prepared_datasets/combined_6class_plasticmetal_cleaned/train/PaperCardboard/cardboard196.jpg,,prepared_datasets/combined_6class_plasticmetal_cleaned/train/PaperCardboard/cardboard196.jpg,,,,,,,,
cleaned_train_PaperCardboard_cardboard197.jpg,CombinedCleaned,image_classification,train,PaperCardboard,PaperCardboard,prepared_datasets/combined_6class_plasticmetal_cleaned/train/PaperCardboard/cardboard197.jpg,,prepared_datasets/combined_6class_plasticmetal_cleaned/train/PaperCardboard/cardboard197.jpg,,,,,,,,
cleaned_train_PaperCardboard_cardboard199.jpg,CombinedCleaned,image_classification,train,PaperCardboard,PaperCardboard,prepared_datasets/combined_6class_plasticmetal_cleaned/train/PaperCardboard/cardboard199.jpg,,prepared_datasets/combined_6class_plasticmetal_cleaned/train/PaperCardboard/cardboard199.jpg,,,,,,,,
cleaned_train_PaperCardboard_cardboard20.jpg,CombinedCleaned,image_classification,train,PaperCardboard,PaperCardboard,prepared_datasets/combined_6class_plasticmetal_cleaned/train/PaperCardboard/cardboard20.jpg,,prepared_datasets/combined_6class_plasticmetal_cleaned/train/PaperCardboard/cardboard20.jpg,,,,,,,,
cleaned_train_PaperCardboard_cardboard200.jpg,CombinedCleaned,image_classification,train,PaperCardboard,PaperCardboard,prepared_datasets/combined_6class_plasticmetal_cleaned/train/PaperCardboard/cardboard200.jpg,,prepared_datasets/combined_6class_plasticmetal_cleaned/train/PaperCardboard/cardboard200.jpg,,,,,,,,
cleaned_train_PaperCardboard_cardboard201.jpg,CombinedCleaned,image_classification,train,PaperCardboard,PaperCardboard,prepared_datasets/combined_6class_plasticmetal_cleaned/train/PaperCardboard/cardboard201.jpg,,prepared_datasets/combined_6class_plasticmetal_cleaned/train/PaperCardboard/cardboard201.jpg,,,,,,,,
cleaned_train_PaperCardboard_cardboard204.jpg,CombinedCleaned,image_classification,train,PaperCardboard,PaperCardboard,prepared_datasets/combined_6class_plasticmetal_cleaned/train/PaperCardboard/cardboard204.jpg,,prepared_datasets/combined_6class_plasticmetal_cleaned/train/PaperCardboard/cardboard204.jpg,,,,,,,,
cleaned_train_PaperCardboard_cardboard205.jpg,CombinedCleaned,image_classification,train,PaperCardboard,PaperCardboard,prepared_datasets/combined_6class_plasticmetal_cleaned/train/PaperCardboard/cardboard205.jpg,,prepared_datasets/combined_6class_plasticmetal_cleaned/train/PaperCardboard/cardboard205.jpg,,,,,,,,
cleaned_train_PaperCardboard_cardboard206.jpg,CombinedCleaned,image_classification,train,PaperCardboard,PaperCardboard,prepared_datasets/combined_6class_plasticmetal_cleaned/train/PaperCardboard/cardboard206.jpg,,prepared_datasets/combined_6class_plasticmetal_cleaned/train/PaperCardboard/cardboard206.jpg,,,,,,,,
cleaned_train_PaperCardboard_cardboard21.jpg,CombinedCleaned,image_classification,train,PaperCardboard,PaperCardboard,prepared_datasets/combined_6class_plasticmetal_cleaned/train/PaperCardboard/cardboard21.jpg,,prepared_datasets/combined_6class_plasticmetal_cleaned/train/PaperCardboard/cardboard21.jpg,,,,,,,,
cleaned_train_PaperCardboard_cardboard210.jpg,CombinedCleaned,image_classification,train,PaperCardboard,PaperCardboard,prepared_datasets/combined_6class_plasticmetal_cleaned/train/PaperCardboard/cardboard210.jpg,,prepared_datasets/combined_6class_plasticmetal_cleaned/train/PaperCardboard/cardboard210.jpg,,,,,,,,
cleaned_train_PaperCardboard_cardboard213.jpg,CombinedCleaned,image_classification,train,PaperCardboard,PaperCardboard,prepared_datasets/combined_6class_plasticmetal_cleaned/train/PaperCardboard/cardboard213.jpg,,prepared_datasets/combined_6class_plasticmetal_cleaned/train/PaperCardboard/cardboard213.jpg,,,,,,,,
cleaned_train_PaperCardboard_cardboard216.jpg,CombinedCleaned,image_classification,train,PaperCardboard,PaperCardboard,prepared_datasets/combined_6class_plasticmetal_cleaned/train/PaperCardboard/cardboard216.jpg,,prepared_datasets/combined_6class_plasticmetal_cleaned/train/PaperCardboard/cardboard216.jpg,,,,,,,,
cleaned_train_PaperCardboard_cardboard217.jpg,CombinedCleaned,image_classification,train,PaperCardboard,PaperCardboard,prepared_datasets/combined_6class_plasticmetal_cleaned/train/PaperCardboard/cardboard217.jpg,,prepared_datasets/combined_6class_plasticmetal_cleaned/train/PaperCardboard/cardboard217.jpg,,,,,,,,
cleaned_train_PaperCardboard_cardboard219.jpg,CombinedCleaned,image_classification,train,PaperCardboard,PaperCardboard,prepared_datasets/combined_6class_plasticmetal_cleaned/train/PaperCardboard/cardboard219.jpg,,prepared_datasets/combined_6class_plasticmetal_cleaned/train/PaperCardboard/cardboard219.jpg,,,,,,,,
cleaned_train_PaperCardboard_cardboard22.jpg,CombinedCleaned,image_classification,train,PaperCardboard,PaperCardboard,prepared_datasets/combined_6class_plasticmetal_cleaned/train/PaperCardboard/cardboard22.jpg,,prepared_datasets/combined_6class_plasticmetal_cleaned/train/PaperCardboard/cardboard22.jpg,,,,,,,,
cleaned_train_PaperCardboard_cardboard220.jpg,CombinedCleaned,image_classification,train,PaperCardboard,PaperCardboard,prepared_datasets/combined_6class_plasticmetal_cleaned/train/PaperCardboard/cardboard220.jpg,,prepared_datasets/combined_6class_plasticmetal_cleaned/train/PaperCardboard/cardboard220.jpg,,,,,,,,
cleaned_train_PaperCardboard_cardboard221.jpg,CombinedCleaned,image_classification,train,PaperCardboard,PaperCardboard,prepared_datasets/combined_6class_plasticmetal_cleaned/train/PaperCardboard/cardboard221.jpg,,prepared_datasets/combined_6class_plasticmetal_cleaned/train/PaperCardboard/cardboard221.jpg,,,,,,,,
cleaned_train_PaperCardboard_cardboard222.jpg,CombinedCleaned,image_classification,train,PaperCardboard,PaperCardboard,prepared_datasets/combined_6class_plasticmetal_cleaned/train/PaperCardboard/cardboard222.jpg,,prepared_datasets/combined_6class_plasticmetal_cleaned/train/PaperCardboard/cardboard222.jpg,,,,,,,,
cleaned_train_PaperCardboard_cardboard223.jpg,CombinedCleaned,image_classification,train,PaperCardboard,PaperCardboard,prepared_datasets/combined_6class_plasticmetal_cleaned/train/PaperCardboard/cardboard223.jpg,,prepared_datasets/combined_6class_plasticmetal_cleaned/train/PaperCardboard/cardboard223.jpg,,,,,,,,
cleaned_train_PaperCardboard_cardboard225.jpg,CombinedCleaned,image_classification,train,PaperCardboard,PaperCardboard,prepared_datasets/combined_6class_plasticmetal_cleaned/train/PaperCardboard/cardboard225.jpg,,prepared_datasets/combined_6class_plasticmetal_cleaned/train/PaperCardboard/cardboard225.jpg,,,,,,,,
cleaned_train_PaperCardboard_cardboard226.jpg,CombinedCleaned,image_classification,train,PaperCardboard,PaperCardboard,prepared_datasets/combined_6class_plasticmetal_cleaned/train/PaperCardboard/cardboard226.jpg,,prepared_datasets/combined_6class_plasticmetal_cleaned/train/PaperCardboard/cardboard226.jpg,,,,,,,,
cleaned_train_PaperCardboard_cardboard227.jpg,CombinedCleaned,image_classification,train,PaperCardboard,PaperCardboard,prepared_datasets/combined_6class_plasticmetal_cleaned/train/PaperCardboard/cardboard227.jpg,,prepared_datasets/combined_6class_plasticmetal_cleaned/train/PaperCardboard/cardboard227.jpg,,,,,,,,
cleaned_train_PaperCardboard_cardboard228.jpg,CombinedCleaned,image_classification,train,PaperCardboard,PaperCardboard,prepared_datasets/combined_6class_plasticmetal_cleaned/train/PaperCardboard/cardboard228.jpg,,prepared_datasets/combined_6class_plasticmetal_cleaned/train/PaperCardboard/cardboard228.jpg,,,,,,,,
cleaned_train_PaperCardboard_cardboard229.jpg,CombinedCleaned,image_classification,train,PaperCardboard,PaperCardboard,prepared_datasets/combined_6class_plasticmetal_cleaned/train/PaperCardboard/cardboard229.jpg,,prepared_datasets/combined_6class_plasticmetal_cleaned/train/PaperCardboard/cardboard229.jpg,,,,,,,,
cleaned_train_PaperCardboard_cardboard230.jpg,CombinedCleaned,image_classification,train,PaperCardboard,PaperCardboard,prepared_datasets/combined_6class_plasticmetal_cleaned/train/PaperCardboard/cardboard230.jpg,,prepared_datasets/combined_6class_plasticmetal_cleaned/train/PaperCardboard/cardboard230.jpg,,,,,,,,
cleaned_train_PaperCardboard_cardboard231.jpg,CombinedCleaned,image_classification,train,PaperCardboard,PaperCardboard,prepared_datasets/combined_6class_plasticmetal_cleaned/train/PaperCardboard/cardboard231.jpg,,prepared_datasets/combined_6class_plasticmetal_cleaned/train/PaperCardboard/cardboard231.jpg,,,,,,,,
cleaned_train_PaperCardboard_cardboard232.jpg,CombinedCleaned,image_classification,train,PaperCardboard,PaperCardboard,prepared_datasets/combined_6class_plasticmetal_cleaned/train/PaperCardboard/cardboard232.jpg,,prepared_datasets/combined_6class_plasticmetal_cleaned/train/PaperCardboard/cardboard232.jpg,,,,,,,,
cleaned_train_PaperCardboard_cardboard234.jpg,CombinedCleaned,image_classification,train,PaperCardboard,PaperCardboard,prepared_datasets/combined_6class_plasticmetal_cleaned/train/PaperCardboard/cardboard234.jpg,,prepared_datasets/combined_6class_plasticmetal_cleaned/train/PaperCardboard/cardboard234.jpg,,,,,,,,
cleaned_train_PaperCardboard_cardboard235.jpg,CombinedCleaned,image_classification,train,PaperCardboard,PaperCardboard,prepared_datasets/combined_6class_plasticmetal_cleaned/train/PaperCardboard/cardboard235.jpg,,prepared_datasets/combined_6class_plasticmetal_cleaned/train/PaperCardboard/cardboard235.jpg,,,,,,,,
cleaned_train_PaperCardboard_cardboard236.jpg,CombinedCleaned,image_classification,train,PaperCardboard,PaperCardboard,prepared_datasets/combined_6class_plasticmetal_cleaned/train/PaperCardboard/cardboard236.jpg,,prepared_datasets/combined_6class_plasticmetal_cleaned/train/PaperCardboard/cardboard236.jpg,,,,,,,,
cleaned_train_PaperCardboard_cardboard237.jpg,CombinedCleaned,image_classification,train,PaperCardboard,PaperCardboard,prepared_datasets/combined_6class_plasticmetal_cleaned/train/PaperCardboard/cardboard237.jpg,,prepared_datasets/combined_6class_plasticmetal_cleaned/train/PaperCardboard/cardboard237.jpg,,,,,,,,
cleaned_train_PaperCardboard_cardboard238.jpg,CombinedCleaned,image_classification,train,PaperCardboard,PaperCardboard,prepared_datasets/combined_6class_plasticmetal_cleaned/train/PaperCardboard/cardboard238.jpg,,prepared_datasets/combined_6class_plasticmetal_cleaned/train/PaperCardboard/cardboard238.jpg,,,,,,,,
cleaned_train_PaperCardboard_cardboard239.jpg,CombinedCleaned,image_classification,train,PaperCardboard,PaperCardboard,prepared_datasets/combined_6class_plasticmetal_cleaned/train/PaperCardboard/cardboard239.jpg,,prepared_datasets/combined_6class_plasticmetal_cleaned/train/PaperCardboard/cardboard239.jpg,,,,,,,,
cleaned_train_PaperCardboard_cardboard24.jpg,CombinedCleaned,image_classification,train,PaperCardboard,PaperCardboard,prepared_datasets/combined_6class_plasticmetal_cleaned/train/PaperCardboard/cardboard24.jpg,,prepared_datasets/combined_6class_plasticmetal_cleaned/train/PaperCardboard/cardboard24.jpg,,,,,,,,
cleaned_train_PaperCardboard_cardboard240.jpg,CombinedCleaned,image_classification,train,PaperCardboard,PaperCardboard,prepared_datasets/combined_6class_plasticmetal_cleaned/train/PaperCardboard/cardboard240.jpg,,prepared_datasets/combined_6class_plasticmetal_cleaned/train/PaperCardboard/cardboard240.jpg,,,,,,,,
cleaned_train_PaperCardboard_cardboard242.jpg,CombinedCleaned,image_classification,train,PaperCardboard,PaperCardboard,prepared_datasets/combined_6class_plasticmetal_cleaned/train/PaperCardboard/cardboard242.jpg,,prepared_datasets/combined_6class_plasticmetal_cleaned/train/PaperCardboard/cardboard242.jpg,,,,,,,,
cleaned_train_PaperCardboard_cardboard243.jpg,CombinedCleaned,image_classification,train,PaperCardboard,PaperCardboard,prepared_datasets/combined_6class_plasticmetal_cleaned/train/PaperCardboard/cardboard243.jpg,,prepared_datasets/combined_6class_plasticmetal_cleaned/train/PaperCardboard/cardboard243.jpg,,,,,,,,
cleaned_train_PaperCardboard_cardboard244.jpg,CombinedCleaned,image_classification,train,PaperCardboard,PaperCardboard,prepared_datasets/combined_6class_plasticmetal_cleaned/train/PaperCardboard/cardboard244.jpg,,prepared_datasets/combined_6class_plasticmetal_cleaned/train/PaperCardboard/cardboard244.jpg,,,,,,,,
cleaned_train_PaperCardboard_cardboard245.jpg,CombinedCleaned,image_classification,train,PaperCardboard,PaperCardboard,prepared_datasets/combined_6class_plasticmetal_cleaned/train/PaperCardboard/cardboard245.jpg,,prepared_datasets/combined_6class_plasticmetal_cleaned/train/PaperCardboard/cardboard245.jpg,,,,,,,,
cleaned_train_PaperCardboard_cardboard246.jpg,CombinedCleaned,image_classification,train,PaperCardboard,PaperCardboard,prepared_datasets/combined_6class_plasticmetal_cleaned/train/PaperCardboard/cardboard246.jpg,,prepared_datasets/combined_6class_plasticmetal_cleaned/train/PaperCardboard/cardboard246.jpg,,,,,,,,
cleaned_train_PaperCardboard_cardboard248.jpg,CombinedCleaned,image_classification,train,PaperCardboard,PaperCardboard,prepared_datasets/combined_6class_plasticmetal_cleaned/train/PaperCardboard/cardboard248.jpg,,prepared_datasets/combined_6class_plasticmetal_cleaned/train/PaperCardboard/cardboard248.jpg,,,,,,,,
cleaned_train_PaperCardboard_cardboard25.jpg,CombinedCleaned,image_classification,train,PaperCardboard,PaperCardboard,prepared_datasets/combined_6class_plasticmetal_cleaned/train/PaperCardboard/cardboard25.jpg,,prepared_datasets/combined_6class_plasticmetal_cleaned/train/PaperCardboard/cardboard25.jpg,,,,,,,,
cleaned_train_PaperCardboard_cardboard251.jpg,CombinedCleaned,image_classification,train,PaperCardboard,PaperCardboard,prepared_datasets/combined_6class_plasticmetal_cleaned/train/PaperCardboard/cardboard251.jpg,,prepared_datasets/combined_6class_plasticmetal_cleaned/train/PaperCardboard/cardboard251.jpg,,,,,,,,
cleaned_train_PaperCardboard_cardboard253.jpg,CombinedCleaned,image_classification,train,PaperCardboard,PaperCardboard,prepared_datasets/combined_6class_plasticmetal_cleaned/train/PaperCardboard/cardboard253.jpg,,prepared_datasets/combined_6class_plasticmetal_cleaned/train/PaperCardboard/cardboard253.jpg,,,,,,,,
cleaned_train_PaperCardboard_cardboard255.jpg,CombinedCleaned,image_classification,train,PaperCardboard,PaperCardboard,prepared_datasets/combined_6class_plasticmetal_cleaned/train/PaperCardboard/cardboard255.jpg,,prepared_datasets/combined_6class_plasticmetal_cleaned/train/PaperCardboard/cardboard255.jpg,,,,,,,,
cleaned_train_PaperCardboard_cardboard256.jpg,CombinedCleaned,image_classification,train,PaperCardboard,PaperCardboard,prepared_datasets/combined_6class_plasticmetal_cleaned/train/PaperCardboard/cardboard256.jpg,,prepared_datasets/combined_6class_plasticmetal_cleaned/train/PaperCardboard/cardboard256.jpg,,,,,,,,
cleaned_train_PaperCardboard_cardboard257.jpg,CombinedCleaned,image_classification,train,PaperCardboard,PaperCardboard,prepared_datasets/combined_6class_plasticmetal_cleaned/train/PaperCardboard/cardboard257.jpg,,prepared_datasets/combined_6class_plasticmetal_cleaned/train/PaperCardboard/cardboard257.jpg,,,,,,,,
cleaned_train_PaperCardboard_cardboard258.jpg,CombinedCleaned,image_classification,train,PaperCardboard,PaperCardboard,prepared_datasets/combined_6class_plasticmetal_cleaned/train/PaperCardboard/cardboard258.jpg,,prepared_datasets/combined_6class_plasticmetal_cleaned/train/PaperCardboard/cardboard258.jpg,,,,,,,,
cleaned_train_PaperCardboard_cardboard259.jpg,CombinedCleaned,image_classification,train,PaperCardboard,PaperCardboard,prepared_datasets/combined_6class_plasticmetal_cleaned/train/PaperCardboard/cardboard259.jpg,,prepared_datasets/combined_6class_plasticmetal_cleaned/train/PaperCardboard/cardboard259.jpg,,,,,,,,
cleaned_train_PaperCardboard_cardboard26.jpg,CombinedCleaned,image_classification,train,PaperCardboard,PaperCardboard,prepared_datasets/combined_6class_plasticmetal_cleaned/train/PaperCardboard/cardboard26.jpg,,prepared_datasets/combined_6class_plasticmetal_cleaned/train/PaperCardboard/cardboard26.jpg,,,,,,,,
cleaned_train_PaperCardboard_cardboard260.jpg,CombinedCleaned,image_classification,train,PaperCardboard,PaperCardboard,prepared_datasets/combined_6class_plasticmetal_cleaned/train/PaperCardboard/cardboard260.jpg,,prepared_datasets/combined_6class_plasticmetal_cleaned/train/PaperCardboard/cardboard260.jpg,,,,,,,,
cleaned_train_PaperCardboard_cardboard262.jpg,CombinedCleaned,image_classification,train,PaperCardboard,PaperCardboard,prepared_datasets/combined_6class_plasticmetal_cleaned/train/PaperCardboard/cardboard262.jpg,,prepared_datasets/combined_6class_plasticmetal_cleaned/train/PaperCardboard/cardboard262.jpg,,,,,,,,
cleaned_train_PaperCardboard_cardboard263.jpg,CombinedCleaned,image_classification,train,PaperCardboard,PaperCardboard,prepared_datasets/combined_6class_plasticmetal_cleaned/train/PaperCardboard/cardboard263.jpg,,prepared_datasets/combined_6class_plasticmetal_cleaned/train/PaperCardboard/cardboard263.jpg,,,,,,,,
cleaned_train_PaperCardboard_cardboard264.jpg,CombinedCleaned,image_classification,train,PaperCardboard,PaperCardboard,prepared_datasets/combined_6class_plasticmetal_cleaned/train/PaperCardboard/cardboard264.jpg,,prepared_datasets/combined_6class_plasticmetal_cleaned/train/PaperCardboard/cardboard264.jpg,,,,,,,,
cleaned_train_PaperCardboard_cardboard266.jpg,CombinedCleaned,image_classification,train,PaperCardboard,PaperCardboard,prepared_datasets/combined_6class_plasticmetal_cleaned/train/PaperCardboard/cardboard266.jpg,,prepared_datasets/combined_6class_plasticmetal_cleaned/train/PaperCardboard/cardboard266.jpg,,,,,,,,
cleaned_train_PaperCardboard_cardboard267.jpg,CombinedCleaned,image_classification,train,PaperCardboard,PaperCardboard,prepared_datasets/combined_6class_plasticmetal_cleaned/train/PaperCardboard/cardboard267.jpg,,prepared_datasets/combined_6class_plasticmetal_cleaned/train/PaperCardboard/cardboard267.jpg,,,,,,,,
cleaned_train_PaperCardboard_cardboard269.jpg,CombinedCleaned,image_classification,train,PaperCardboard,PaperCardboard,prepared_datasets/combined_6class_plasticmetal_cleaned/train/PaperCardboard/cardboard269.jpg,,prepared_datasets/combined_6class_plasticmetal_cleaned/train/PaperCardboard/cardboard269.jpg,,,,,,,,
cleaned_train_PaperCardboard_cardboard270.jpg,CombinedCleaned,image_classification,train,PaperCardboard,PaperCardboard,prepared_datasets/combined_6class_plasticmetal_cleaned/train/PaperCardboard/cardboard270.jpg,,prepared_datasets/combined_6class_plasticmetal_cleaned/train/PaperCardboard/cardboard270.jpg,,,,,,,,
cleaned_train_PaperCardboard_cardboard271.jpg,CombinedCleaned,image_classification,train,PaperCardboard,PaperCardboard,prepared_datasets/combined_6class_plasticmetal_cleaned/train/PaperCardboard/cardboard271.jpg,,prepared_datasets/combined_6class_plasticmetal_cleaned/train/PaperCardboard/cardboard271.jpg,,,,,,,,
cleaned_train_PaperCardboard_cardboard272.jpg,CombinedCleaned,image_classification,train,PaperCardboard,PaperCardboard,prepared_datasets/combined_6class_plasticmetal_cleaned/train/PaperCardboard/cardboard272.jpg,,prepared_datasets/combined_6class_plasticmetal_cleaned/train/PaperCardboard/cardboard272.jpg,,,,,,,,
cleaned_train_PaperCardboard_cardboard273.jpg,CombinedCleaned,image_classification,train,PaperCardboard,PaperCardboard,prepared_datasets/combined_6class_plasticmetal_cleaned/train/PaperCardboard/cardboard273.jpg,,prepared_datasets/combined_6class_plasticmetal_cleaned/train/PaperCardboard/cardboard273.jpg,,,,,,,,
cleaned_train_PaperCardboard_cardboard274.jpg,CombinedCleaned,image_classification,train,PaperCardboard,PaperCardboard,prepared_datasets/combined_6class_plasticmetal_cleaned/train/PaperCardboard/cardboard274.jpg,,prepared_datasets/combined_6class_plasticmetal_cleaned/train/PaperCardboard/cardboard274.jpg,,,,,,,,
cleaned_train_PaperCardboard_cardboard275.jpg,CombinedCleaned,image_classification,train,PaperCardboard,PaperCardboard,prepared_datasets/combined_6class_plasticmetal_cleaned/train/PaperCardboard/cardboard275.jpg,,prepared_datasets/combined_6class_plasticmetal_cleaned/train/PaperCardboard/cardboard275.jpg,,,,,,,,
cleaned_train_PaperCardboard_cardboard276.jpg,CombinedCleaned,image_classification,train,PaperCardboard,PaperCardboard,prepared_datasets/combined_6class_plasticmetal_cleaned/train/PaperCardboard/cardboard276.jpg,,prepared_datasets/combined_6class_plasticmetal_cleaned/train/PaperCardboard/cardboard276.jpg,,,,,,,,
cleaned_train_PaperCardboard_cardboard278.jpg,CombinedCleaned,image_classification,train,PaperCardboard,PaperCardboard,prepared_datasets/combined_6class_plasticmetal_cleaned/train/PaperCardboard/cardboard278.jpg,,prepared_datasets/combined_6class_plasticmetal_cleaned/train/PaperCardboard/cardboard278.jpg,,,,,,,,
cleaned_train_PaperCardboard_cardboard279.jpg,CombinedCleaned,image_classification,train,PaperCardboard,PaperCardboard,prepared_datasets/combined_6class_plasticmetal_cleaned/train/PaperCardboard/cardboard279.jpg,,prepared_datasets/combined_6class_plasticmetal_cleaned/train/PaperCardboard/cardboard279.jpg,,,,,,,,
cleaned_train_PaperCardboard_cardboard28.jpg,CombinedCleaned,image_classification,train,PaperCardboard,PaperCardboard,prepared_datasets/combined_6class_plasticmetal_cleaned/train/PaperCardboard/cardboard28.jpg,,prepared_datasets/combined_6class_plasticmetal_cleaned/train/PaperCardboard/cardboard28.jpg,,,,,,,,
cleaned_train_PaperCardboard_cardboard280.jpg,CombinedCleaned,image_classification,train,PaperCardboard,PaperCardboard,prepared_datasets/combined_6class_plasticmetal_cleaned/train/PaperCardboard/cardboard280.jpg,,prepared_datasets/combined_6class_plasticmetal_cleaned/train/PaperCardboard/cardboard280.jpg,,,,,,,,
cleaned_train_PaperCardboard_cardboard281.jpg,CombinedCleaned,image_classification,train,PaperCardboard,PaperCardboard,prepared_datasets/combined_6class_plasticmetal_cleaned/train/PaperCardboard/cardboard281.jpg,,prepared_datasets/combined_6class_plasticmetal_cleaned/train/PaperCardboard/cardboard281.jpg,,,,,,,,
cleaned_train_PaperCardboard_cardboard282.jpg,CombinedCleaned,image_classification,train,PaperCardboard,PaperCardboard,prepared_datasets/combined_6class_plasticmetal_cleaned/train/PaperCardboard/cardboard282.jpg,,prepared_datasets/combined_6class_plasticmetal_cleaned/train/PaperCardboard/cardboard282.jpg,,,,,,,,
cleaned_train_PaperCardboard_cardboard283.jpg,CombinedCleaned,image_classification,train,PaperCardboard,PaperCardboard,prepared_datasets/combined_6class_plasticmetal_cleaned/train/PaperCardboard/cardboard283.jpg,,prepared_datasets/combined_6class_plasticmetal_cleaned/train/PaperCardboard/cardboard283.jpg,,,,,,,,
cleaned_train_PaperCardboard_cardboard284.jpg,CombinedCleaned,image_classification,train,PaperCardboard,PaperCardboard,prepared_datasets/combined_6class_plasticmetal_cleaned/train/PaperCardboard/cardboard284.jpg,,prepared_datasets/combined_6class_plasticmetal_cleaned/train/PaperCardboard/cardboard284.jpg,,,,,,,,
cleaned_train_PaperCardboard_cardboard285.jpg,CombinedCleaned,image_classification,train,PaperCardboard,PaperCardboard,prepared_datasets/combined_6class_plasticmetal_cleaned/train/PaperCardboard/cardboard285.jpg,,prepared_datasets/combined_6class_plasticmetal_cleaned/train/PaperCardboard/cardboard285.jpg,,,,,,,,
cleaned_train_PaperCardboard_cardboard286.jpg,CombinedCleaned,image_classification,train,PaperCardboard,PaperCardboard,prepared_datasets/combined_6class_plasticmetal_cleaned/train/PaperCardboard/cardboard286.jpg,,prepared_datasets/combined_6class_plasticmetal_cleaned/train/PaperCardboard/cardboard286.jpg,,,,,,,,
cleaned_train_PaperCardboard_cardboard287.jpg,CombinedCleaned,image_classification,train,PaperCardboard,PaperCardboard,prepared_datasets/combined_6class_plasticmetal_cleaned/train/PaperCardboard/cardboard287.jpg,,prepared_datasets/combined_6class_plasticmetal_cleaned/train/PaperCardboard/cardboard287.jpg,,,,,,,,
cleaned_train_PaperCardboard_cardboard288.jpg,CombinedCleaned,image_classification,train,PaperCardboard,PaperCardboard,prepared_datasets/combined_6class_plasticmetal_cleaned/train/PaperCardboard/cardboard288.jpg,,prepared_datasets/combined_6class_plasticmetal_cleaned/train/PaperCardboard/cardboard288.jpg,,,,,,,,
cleaned_train_PaperCardboard_cardboard289.jpg,CombinedCleaned,image_classification,train,PaperCardboard,PaperCardboard,prepared_datasets/combined_6class_plasticmetal_cleaned/train/PaperCardboard/cardboard289.jpg,,prepared_datasets/combined_6class_plasticmetal_cleaned/train/PaperCardboard/cardboard289.jpg,,,,,,,,
cleaned_train_PaperCardboard_cardboard29.jpg,CombinedCleaned,image_classification,train,PaperCardboard,PaperCardboard,prepared_datasets/combined_6class_plasticmetal_cleaned/train/PaperCardboard/cardboard29.jpg,,prepared_datasets/combined_6class_plasticmetal_cleaned/train/PaperCardboard/cardboard29.jpg,,,,,,,,
cleaned_train_PaperCardboard_cardboard291.jpg,CombinedCleaned,image_classification,train,PaperCardboard,PaperCardboard,prepared_datasets/combined_6class_plasticmetal_cleaned/train/PaperCardboard/cardboard291.jpg,,prepared_datasets/combined_6class_plasticmetal_cleaned/train/PaperCardboard/cardboard291.jpg,,,,,,,,
cleaned_train_PaperCardboard_cardboard293.jpg,CombinedCleaned,image_classification,train,PaperCardboard,PaperCardboard,prepared_datasets/combined_6class_plasticmetal_cleaned/train/PaperCardboard/cardboard293.jpg,,prepared_datasets/combined_6class_plasticmetal_cleaned/train/PaperCardboard/cardboard293.jpg,,,,,,,,
cleaned_train_PaperCardboard_cardboard296.jpg,CombinedCleaned,image_classification,train,PaperCardboard,PaperCardboard,prepared_datasets/combined_6class_plasticmetal_cleaned/train/PaperCardboard/cardboard296.jpg,,prepared_datasets/combined_6class_plasticmetal_cleaned/train/PaperCardboard/cardboard296.jpg,,,,,,,,
cleaned_train_PaperCardboard_cardboard297.jpg,CombinedCleaned,image_classification,train,PaperCardboard,PaperCardboard,prepared_datasets/combined_6class_plasticmetal_cleaned/train/PaperCardboard/cardboard297.jpg,,prepared_datasets/combined_6class_plasticmetal_cleaned/train/PaperCardboard/cardboard297.jpg,,,,,,,,
cleaned_train_PaperCardboard_cardboard298.jpg,CombinedCleaned,image_classification,train,PaperCardboard,PaperCardboard,prepared_datasets/combined_6class_plasticmetal_cleaned/train/PaperCardboard/cardboard298.jpg,,prepared_datasets/combined_6class_plasticmetal_cleaned/train/PaperCardboard/cardboard298.jpg,,,,,,,,
cleaned_train_PaperCardboard_cardboard299.jpg,CombinedCleaned,image_classification,train,PaperCardboard,PaperCardboard,prepared_datasets/combined_6class_plasticmetal_cleaned/train/PaperCardboard/cardboard299.jpg,,prepared_datasets/combined_6class_plasticmetal_cleaned/train/PaperCardboard/cardboard299.jpg,,,,,,,,
cleaned_train_PaperCardboard_cardboard3.jpg,CombinedCleaned,image_classification,train,PaperCardboard,PaperCardboard,prepared_datasets/combined_6class_plasticmetal_cleaned/train/PaperCardboard/cardboard3.jpg,,prepared_datasets/combined_6class_plasticmetal_cleaned/train/PaperCardboard/cardboard3.jpg,,,,,,,,
cleaned_train_PaperCardboard_cardboard301.jpg,CombinedCleaned,image_classification,train,PaperCardboard,PaperCardboard,prepared_datasets/combined_6class_plasticmetal_cleaned/train/PaperCardboard/cardboard301.jpg,,prepared_datasets/combined_6class_plasticmetal_cleaned/train/PaperCardboard/cardboard301.jpg,,,,,,,,
cleaned_train_PaperCardboard_cardboard303.jpg,CombinedCleaned,image_classification,train,PaperCardboard,PaperCardboard,prepared_datasets/combined_6class_plasticmetal_cleaned/train/PaperCardboard/cardboard303.jpg,,prepared_datasets/combined_6class_plasticmetal_cleaned/train/PaperCardboard/cardboard303.jpg,,,,,,,,
cleaned_train_PaperCardboard_cardboard304.jpg,CombinedCleaned,image_classification,train,PaperCardboard,PaperCardboard,prepared_datasets/combined_6class_plasticmetal_cleaned/train/PaperCardboard/cardboard304.jpg,,prepared_datasets/combined_6class_plasticmetal_cleaned/train/PaperCardboard/cardboard304.jpg,,,,,,,,
cleaned_train_PaperCardboard_cardboard306.jpg,CombinedCleaned,image_classification,train,PaperCardboard,PaperCardboard,prepared_datasets/combined_6class_plasticmetal_cleaned/train/PaperCardboard/cardboard306.jpg,,prepared_datasets/combined_6class_plasticmetal_cleaned/train/PaperCardboard/cardboard306.jpg,,,,,,,,
cleaned_train_PaperCardboard_cardboard307.jpg,CombinedCleaned,image_classification,train,PaperCardboard,PaperCardboard,prepared_datasets/combined_6class_plasticmetal_cleaned/train/PaperCardboard/cardboard307.jpg,,prepared_datasets/combined_6class_plasticmetal_cleaned/train/PaperCardboard/cardboard307.jpg,,,,,,,,
cleaned_train_PaperCardboard_cardboard309.jpg,CombinedCleaned,image_classification,train,PaperCardboard,PaperCardboard,prepared_datasets/combined_6class_plasticmetal_cleaned/train/PaperCardboard/cardboard309.jpg,,prepared_datasets/combined_6class_plasticmetal_cleaned/train/PaperCardboard/cardboard309.jpg,,,,,,,,
cleaned_train_PaperCardboard_cardboard31.jpg,CombinedCleaned,image_classification,train,PaperCardboard,PaperCardboard,prepared_datasets/combined_6class_plasticmetal_cleaned/train/PaperCardboard/cardboard31.jpg,,prepared_datasets/combined_6class_plasticmetal_cleaned/train/PaperCardboard/cardboard31.jpg,,,,,,,,
cleaned_train_PaperCardboard_cardboard310.jpg,CombinedCleaned,image_classification,train,PaperCardboard,PaperCardboard,prepared_datasets/combined_6class_plasticmetal_cleaned/train/PaperCardboard/cardboard310.jpg,,prepared_datasets/combined_6class_plasticmetal_cleaned/train/PaperCardboard/cardboard310.jpg,,,,,,,,
cleaned_train_PaperCardboard_cardboard311.jpg,CombinedCleaned,image_classification,train,PaperCardboard,PaperCardboard,prepared_datasets/combined_6class_plasticmetal_cleaned/train/PaperCardboard/cardboard311.jpg,,prepared_datasets/combined_6class_plasticmetal_cleaned/train/PaperCardboard/cardboard311.jpg,,,,,,,,
cleaned_train_PaperCardboard_cardboard312.jpg,CombinedCleaned,image_classification,train,PaperCardboard,PaperCardboard,prepared_datasets/combined_6class_plasticmetal_cleaned/train/PaperCardboard/cardboard312.jpg,,prepared_datasets/combined_6class_plasticmetal_cleaned/train/PaperCardboard/cardboard312.jpg,,,,,,,,
cleaned_train_PaperCardboard_cardboard313.jpg,CombinedCleaned,image_classification,train,PaperCardboard,PaperCardboard,prepared_datasets/combined_6class_plasticmetal_cleaned/train/PaperCardboard/cardboard313.jpg,,prepared_datasets/combined_6class_plasticmetal_cleaned/train/PaperCardboard/cardboard313.jpg,,,,,,,,
cleaned_train_PaperCardboard_cardboard315.jpg,CombinedCleaned,image_classification,train,PaperCardboard,PaperCardboard,prepared_datasets/combined_6class_plasticmetal_cleaned/train/PaperCardboard/cardboard315.jpg,,prepared_datasets/combined_6class_plasticmetal_cleaned/train/PaperCardboard/cardboard315.jpg,,,,,,,,
cleaned_train_PaperCardboard_cardboard316.jpg,CombinedCleaned,image_classification,train,PaperCardboard,PaperCardboard,prepared_datasets/combined_6class_plasticmetal_cleaned/train/PaperCardboard/cardboard316.jpg,,prepared_datasets/combined_6class_plasticmetal_cleaned/train/PaperCardboard/cardboard316.jpg,,,,,,,,
cleaned_train_PaperCardboard_cardboard317.jpg,CombinedCleaned,image_classification,train,PaperCardboard,PaperCardboard,prepared_datasets/combined_6class_plasticmetal_cleaned/train/PaperCardboard/cardboard317.jpg,,prepared_datasets/combined_6class_plasticmetal_cleaned/train/PaperCardboard/cardboard317.jpg,,,,,,,,
cleaned_train_PaperCardboard_cardboard318.jpg,CombinedCleaned,image_classification,train,PaperCardboard,PaperCardboard,prepared_datasets/combined_6class_plasticmetal_cleaned/train/PaperCardboard/cardboard318.jpg,,prepared_datasets/combined_6class_plasticmetal_cleaned/train/PaperCardboard/cardboard318.jpg,,,,,,,,
cleaned_train_PaperCardboard_cardboard319.jpg,CombinedCleaned,image_classification,train,PaperCardboard,PaperCardboard,prepared_datasets/combined_6class_plasticmetal_cleaned/train/PaperCardboard/cardboard319.jpg,,prepared_datasets/combined_6class_plasticmetal_cleaned/train/PaperCardboard/cardboard319.jpg,,,,,,,,
cleaned_train_PaperCardboard_cardboard320.jpg,CombinedCleaned,image_classification,train,PaperCardboard,PaperCardboard,prepared_datasets/combined_6class_plasticmetal_cleaned/train/PaperCardboard/cardboard320.jpg,,prepared_datasets/combined_6class_plasticmetal_cleaned/train/PaperCardboard/cardboard320.jpg,,,,,,,,
cleaned_train_PaperCardboard_cardboard322.jpg,CombinedCleaned,image_classification,train,PaperCardboard,PaperCardboard,prepared_datasets/combined_6class_plasticmetal_cleaned/train/PaperCardboard/cardboard322.jpg,,prepared_datasets/combined_6class_plasticmetal_cleaned/train/PaperCardboard/cardboard322.jpg,,,,,,,,
cleaned_train_PaperCardboard_cardboard323.jpg,CombinedCleaned,image_classification,train,PaperCardboard,PaperCardboard,prepared_datasets/combined_6class_plasticmetal_cleaned/train/PaperCardboard/cardboard323.jpg,,prepared_datasets/combined_6class_plasticmetal_cleaned/train/PaperCardboard/cardboard323.jpg,,,,,,,,
cleaned_train_PaperCardboard_cardboard325.jpg,CombinedCleaned,image_classification,train,PaperCardboard,PaperCardboard,prepared_datasets/combined_6class_plasticmetal_cleaned/train/PaperCardboard/cardboard325.jpg,,prepared_datasets/combined_6class_plasticmetal_cleaned/train/PaperCardboard/cardboard325.jpg,,,,,,,,
cleaned_train_PaperCardboard_cardboard327.jpg,CombinedCleaned,image_classification,train,PaperCardboard,PaperCardboard,prepared_datasets/combined_6class_plasticmetal_cleaned/train/PaperCardboard/cardboard327.jpg,,prepared_datasets/combined_6class_plasticmetal_cleaned/train/PaperCardboard/cardboard327.jpg,,,,,,,,
cleaned_train_PaperCardboard_cardboard328.jpg,CombinedCleaned,image_classification,train,PaperCardboard,PaperCardboard,prepared_datasets/combined_6class_plasticmetal_cleaned/train/PaperCardboard/cardboard328.jpg,,prepared_datasets/combined_6class_plasticmetal_cleaned/train/PaperCardboard/cardboard328.jpg,,,,,,,,
cleaned_train_PaperCardboard_cardboard33.jpg,CombinedCleaned,image_classification,train,PaperCardboard,PaperCardboard,prepared_datasets/combined_6class_plasticmetal_cleaned/train/PaperCardboard/cardboard33.jpg,,prepared_datasets/combined_6class_plasticmetal_cleaned/train/PaperCardboard/cardboard33.jpg,,,,,,,,
cleaned_train_PaperCardboard_cardboard330.jpg,CombinedCleaned,image_classification,train,PaperCardboard,PaperCardboard,prepared_datasets/combined_6class_plasticmetal_cleaned/train/PaperCardboard/cardboard330.jpg,,prepared_datasets/combined_6class_plasticmetal_cleaned/train/PaperCardboard/cardboard330.jpg,,,,,,,,
cleaned_train_PaperCardboard_cardboard331.jpg,CombinedCleaned,image_classification,train,PaperCardboard,PaperCardboard,prepared_datasets/combined_6class_plasticmetal_cleaned/train/PaperCardboard/cardboard331.jpg,,prepared_datasets/combined_6class_plasticmetal_cleaned/train/PaperCardboard/cardboard331.jpg,,,,,,,,
cleaned_train_PaperCardboard_cardboard332.jpg,CombinedCleaned,image_classification,train,PaperCardboard,PaperCardboard,prepared_datasets/combined_6class_plasticmetal_cleaned/train/PaperCardboard/cardboard332.jpg,,prepared_datasets/combined_6class_plasticmetal_cleaned/train/PaperCardboard/cardboard332.jpg,,,,,,,,
cleaned_train_PaperCardboard_cardboard334.jpg,CombinedCleaned,image_classification,train,PaperCardboard,PaperCardboard,prepared_datasets/combined_6class_plasticmetal_cleaned/train/PaperCardboard/cardboard334.jpg,,prepared_datasets/combined_6class_plasticmetal_cleaned/train/PaperCardboard/cardboard334.jpg,,,,,,,,
cleaned_train_PaperCardboard_cardboard337.jpg,CombinedCleaned,image_classification,train,PaperCardboard,PaperCardboard,prepared_datasets/combined_6class_plasticmetal_cleaned/train/PaperCardboard/cardboard337.jpg,,prepared_datasets/combined_6class_plasticmetal_cleaned/train/PaperCardboard/cardboard337.jpg,,,,,,,,
cleaned_train_PaperCardboard_cardboard338.jpg,CombinedCleaned,image_classification,train,PaperCardboard,PaperCardboard,prepared_datasets/combined_6class_plasticmetal_cleaned/train/PaperCardboard/cardboard338.jpg,,prepared_datasets/combined_6class_plasticmetal_cleaned/train/PaperCardboard/cardboard338.jpg,,,,,,,,
cleaned_train_PaperCardboard_cardboard339.jpg,CombinedCleaned,image_classification,train,PaperCardboard,PaperCardboard,prepared_datasets/combined_6class_plasticmetal_cleaned/train/PaperCardboard/cardboard339.jpg,,prepared_datasets/combined_6class_plasticmetal_cleaned/train/PaperCardboard/cardboard339.jpg,,,,,,,,
cleaned_train_PaperCardboard_cardboard34.jpg,CombinedCleaned,image_classification,train,PaperCardboard,PaperCardboard,prepared_datasets/combined_6class_plasticmetal_cleaned/train/PaperCardboard/cardboard34.jpg,,prepared_datasets/combined_6class_plasticmetal_cleaned/train/PaperCardboard/cardboard34.jpg,,,,,,,,
cleaned_train_PaperCardboard_cardboard340.jpg,CombinedCleaned,image_classification,train,PaperCardboard,PaperCardboard,prepared_datasets/combined_6class_plasticmetal_cleaned/train/PaperCardboard/cardboard340.jpg,,prepared_datasets/combined_6class_plasticmetal_cleaned/train/PaperCardboard/cardboard340.jpg,,,,,,,,
cleaned_train_PaperCardboard_cardboard342.jpg,CombinedCleaned,image_classification,train,PaperCardboard,PaperCardboard,prepared_datasets/combined_6class_plasticmetal_cleaned/train/PaperCardboard/cardboard342.jpg,,prepared_datasets/combined_6class_plasticmetal_cleaned/train/PaperCardboard/cardboard342.jpg,,,,,,,,
cleaned_train_PaperCardboard_cardboard343.jpg,CombinedCleaned,image_classification,train,PaperCardboard,PaperCardboard,prepared_datasets/combined_6class_plasticmetal_cleaned/train/PaperCardboard/cardboard343.jpg,,prepared_datasets/combined_6class_plasticmetal_cleaned/train/PaperCardboard/cardboard343.jpg,,,,,,,,
cleaned_train_PaperCardboard_cardboard344.jpg,CombinedCleaned,image_classification,train,PaperCardboard,PaperCardboard,prepared_datasets/combined_6class_plasticmetal_cleaned/train/PaperCardboard/cardboard344.jpg,,prepared_datasets/combined_6class_plasticmetal_cleaned/train/PaperCardboard/cardboard344.jpg,,,,,,,,
cleaned_train_PaperCardboard_cardboard345.jpg,CombinedCleaned,image_classification,train,PaperCardboard,PaperCardboard,prepared_datasets/combined_6class_plasticmetal_cleaned/train/PaperCardboard/cardboard345.jpg,,prepared_datasets/combined_6class_plasticmetal_cleaned/train/PaperCardboard/cardboard345.jpg,,,,,,,,
cleaned_train_PaperCardboard_cardboard346.jpg,CombinedCleaned,image_classification,train,PaperCardboard,PaperCardboard,prepared_datasets/combined_6class_plasticmetal_cleaned/train/PaperCardboard/cardboard346.jpg,,prepared_datasets/combined_6class_plasticmetal_cleaned/train/PaperCardboard/cardboard346.jpg,,,,,,,,
cleaned_train_PaperCardboard_cardboard347.jpg,CombinedCleaned,image_classification,train,PaperCardboard,PaperCardboard,prepared_datasets/combined_6class_plasticmetal_cleaned/train/PaperCardboard/cardboard347.jpg,,prepared_datasets/combined_6class_plasticmetal_cleaned/train/PaperCardboard/cardboard347.jpg,,,,,,,,
cleaned_train_PaperCardboard_cardboard348.jpg,CombinedCleaned,image_classification,train,PaperCardboard,PaperCardboard,prepared_datasets/combined_6class_plasticmetal_cleaned/train/PaperCardboard/cardboard348.jpg,,prepared_datasets/combined_6class_plasticmetal_cleaned/train/PaperCardboard/cardboard348.jpg,,,,,,,,
cleaned_train_PaperCardboard_cardboard349.jpg,CombinedCleaned,image_classification,train,PaperCardboard,PaperCardboard,prepared_datasets/combined_6class_plasticmetal_cleaned/train/PaperCardboard/cardboard349.jpg,,prepared_datasets/combined_6class_plasticmetal_cleaned/train/PaperCardboard/cardboard349.jpg,,,,,,,,
cleaned_train_PaperCardboard_cardboard35.jpg,CombinedCleaned,image_classification,train,PaperCardboard,PaperCardboard,prepared_datasets/combined_6class_plasticmetal_cleaned/train/PaperCardboard/cardboard35.jpg,,prepared_datasets/combined_6class_plasticmetal_cleaned/train/PaperCardboard/cardboard35.jpg,,,,,,,,
cleaned_train_PaperCardboard_cardboard350.jpg,CombinedCleaned,image_classification,train,PaperCardboard,PaperCardboard,prepared_datasets/combined_6class_plasticmetal_cleaned/train/PaperCardboard/cardboard350.jpg,,prepared_datasets/combined_6class_plasticmetal_cleaned/train/PaperCardboard/cardboard350.jpg,,,,,,,,
cleaned_train_PaperCardboard_cardboard351.jpg,CombinedCleaned,image_classification,train,PaperCardboard,PaperCardboard,prepared_datasets/combined_6class_plasticmetal_cleaned/train/PaperCardboard/cardboard351.jpg,,prepared_datasets/combined_6class_plasticmetal_cleaned/train/PaperCardboard/cardboard351.jpg,,,,,,,,
cleaned_train_PaperCardboard_cardboard352.jpg,CombinedCleaned,image_classification,train,PaperCardboard,PaperCardboard,prepared_datasets/combined_6class_plasticmetal_cleaned/train/PaperCardboard/cardboard352.jpg,,prepared_datasets/combined_6class_plasticmetal_cleaned/train/PaperCardboard/cardboard352.jpg,,,,,,,,
cleaned_train_PaperCardboard_cardboard353.jpg,CombinedCleaned,image_classification,train,PaperCardboard,PaperCardboard,prepared_datasets/combined_6class_plasticmetal_cleaned/train/PaperCardboard/cardboard353.jpg,,prepared_datasets/combined_6class_plasticmetal_cleaned/train/PaperCardboard/cardboard353.jpg,,,,,,,,
cleaned_train_PaperCardboard_cardboard354.jpg,CombinedCleaned,image_classification,train,PaperCardboard,PaperCardboard,prepared_datasets/combined_6class_plasticmetal_cleaned/train/PaperCardboard/cardboard354.jpg,,prepared_datasets/combined_6class_plasticmetal_cleaned/train/PaperCardboard/cardboard354.jpg,,,,,,,,
cleaned_train_PaperCardboard_cardboard356.jpg,CombinedCleaned,image_classification,train,PaperCardboard,PaperCardboard,prepared_datasets/combined_6class_plasticmetal_cleaned/train/PaperCardboard/cardboard356.jpg,,prepared_datasets/combined_6class_plasticmetal_cleaned/train/PaperCardboard/cardboard356.jpg,,,,,,,,
cleaned_train_PaperCardboard_cardboard359.jpg,CombinedCleaned,image_classification,train,PaperCardboard,PaperCardboard,prepared_datasets/combined_6class_plasticmetal_cleaned/train/PaperCardboard/cardboard359.jpg,,prepared_datasets/combined_6class_plasticmetal_cleaned/train/PaperCardboard/cardboard359.jpg,,,,,,,,
cleaned_train_PaperCardboard_cardboard36.jpg,CombinedCleaned,image_classification,train,PaperCardboard,PaperCardboard,prepared_datasets/combined_6class_plasticmetal_cleaned/train/PaperCardboard/cardboard36.jpg,,prepared_datasets/combined_6class_plasticmetal_cleaned/train/PaperCardboard/cardboard36.jpg,,,,,,,,
cleaned_train_PaperCardboard_cardboard360.jpg,CombinedCleaned,image_classification,train,PaperCardboard,PaperCardboard,prepared_datasets/combined_6class_plasticmetal_cleaned/train/PaperCardboard/cardboard360.jpg,,prepared_datasets/combined_6class_plasticmetal_cleaned/train/PaperCardboard/cardboard360.jpg,,,,,,,,
cleaned_train_PaperCardboard_cardboard362.jpg,CombinedCleaned,image_classification,train,PaperCardboard,PaperCardboard,prepared_datasets/combined_6class_plasticmetal_cleaned/train/PaperCardboard/cardboard362.jpg,,prepared_datasets/combined_6class_plasticmetal_cleaned/train/PaperCardboard/cardboard362.jpg,,,,,,,,
cleaned_train_PaperCardboard_cardboard364.jpg,CombinedCleaned,image_classification,train,PaperCardboard,PaperCardboard,prepared_datasets/combined_6class_plasticmetal_cleaned/train/PaperCardboard/cardboard364.jpg,,prepared_datasets/combined_6class_plasticmetal_cleaned/train/PaperCardboard/cardboard364.jpg,,,,,,,,
cleaned_train_PaperCardboard_cardboard365.jpg,CombinedCleaned,image_classification,train,PaperCardboard,PaperCardboard,prepared_datasets/combined_6class_plasticmetal_cleaned/train/PaperCardboard/cardboard365.jpg,,prepared_datasets/combined_6class_plasticmetal_cleaned/train/PaperCardboard/cardboard365.jpg,,,,,,,,
cleaned_train_PaperCardboard_cardboard366.jpg,CombinedCleaned,image_classification,train,PaperCardboard,PaperCardboard,prepared_datasets/combined_6class_plasticmetal_cleaned/train/PaperCardboard/cardboard366.jpg,,prepared_datasets/combined_6class_plasticmetal_cleaned/train/PaperCardboard/cardboard366.jpg,,,,,,,,
cleaned_train_PaperCardboard_cardboard367.jpg,CombinedCleaned,image_classification,train,PaperCardboard,PaperCardboard,prepared_datasets/combined_6class_plasticmetal_cleaned/train/PaperCardboard/cardboard367.jpg,,prepared_datasets/combined_6class_plasticmetal_cleaned/train/PaperCardboard/cardboard367.jpg,,,,,,,,
cleaned_train_PaperCardboard_cardboard370.jpg,CombinedCleaned,image_classification,train,PaperCardboard,PaperCardboard,prepared_datasets/combined_6class_plasticmetal_cleaned/train/PaperCardboard/cardboard370.jpg,,prepared_datasets/combined_6class_plasticmetal_cleaned/train/PaperCardboard/cardboard370.jpg,,,,,,,,
cleaned_train_PaperCardboard_cardboard371.jpg,CombinedCleaned,image_classification,train,PaperCardboard,PaperCardboard,prepared_datasets/combined_6class_plasticmetal_cleaned/train/PaperCardboard/cardboard371.jpg,,prepared_datasets/combined_6class_plasticmetal_cleaned/train/PaperCardboard/cardboard371.jpg,,,,,,,,
cleaned_train_PaperCardboard_cardboard373.jpg,CombinedCleaned,image_classification,train,PaperCardboard,PaperCardboard,prepared_datasets/combined_6class_plasticmetal_cleaned/train/PaperCardboard/cardboard373.jpg,,prepared_datasets/combined_6class_plasticmetal_cleaned/train/PaperCardboard/cardboard373.jpg,,,,,,,,
cleaned_train_PaperCardboard_cardboard374.jpg,CombinedCleaned,image_classification,train,PaperCardboard,PaperCardboard,prepared_datasets/combined_6class_plasticmetal_cleaned/train/PaperCardboard/cardboard374.jpg,,prepared_datasets/combined_6class_plasticmetal_cleaned/train/PaperCardboard/cardboard374.jpg,,,,,,,,
cleaned_train_PaperCardboard_cardboard375.jpg,CombinedCleaned,image_classification,train,PaperCardboard,PaperCardboard,prepared_datasets/combined_6class_plasticmetal_cleaned/train/PaperCardboard/cardboard375.jpg,,prepared_datasets/combined_6class_plasticmetal_cleaned/train/PaperCardboard/cardboard375.jpg,,,,,,,,
cleaned_train_PaperCardboard_cardboard376.jpg,CombinedCleaned,image_classification,train,PaperCardboard,PaperCardboard,prepared_datasets/combined_6class_plasticmetal_cleaned/train/PaperCardboard/cardboard376.jpg,,prepared_datasets/combined_6class_plasticmetal_cleaned/train/PaperCardboard/cardboard376.jpg,,,,,,,,
cleaned_train_PaperCardboard_cardboard377.jpg,CombinedCleaned,image_classification,train,PaperCardboard,PaperCardboard,prepared_datasets/combined_6class_plasticmetal_cleaned/train/PaperCardboard/cardboard377.jpg,,prepared_datasets/combined_6class_plasticmetal_cleaned/train/PaperCardboard/cardboard377.jpg,,,,,,,,
cleaned_train_PaperCardboard_cardboard378.jpg,CombinedCleaned,image_classification,train,PaperCardboard,PaperCardboard,prepared_datasets/combined_6class_plasticmetal_cleaned/train/PaperCardboard/cardboard378.jpg,,prepared_datasets/combined_6class_plasticmetal_cleaned/train/PaperCardboard/cardboard378.jpg,,,,,,,,
cleaned_train_PaperCardboard_cardboard379.jpg,CombinedCleaned,image_classification,train,PaperCardboard,PaperCardboard,prepared_datasets/combined_6class_plasticmetal_cleaned/train/PaperCardboard/cardboard379.jpg,,prepared_datasets/combined_6class_plasticmetal_cleaned/train/PaperCardboard/cardboard379.jpg,,,,,,,,
cleaned_train_PaperCardboard_cardboard38.jpg,CombinedCleaned,image_classification,train,PaperCardboard,PaperCardboard,prepared_datasets/combined_6class_plasticmetal_cleaned/train/PaperCardboard/cardboard38.jpg,,prepared_datasets/combined_6class_plasticmetal_cleaned/train/PaperCardboard/cardboard38.jpg,,,,,,,,
cleaned_train_PaperCardboard_cardboard380.jpg,CombinedCleaned,image_classification,train,PaperCardboard,PaperCardboard,prepared_datasets/combined_6class_plasticmetal_cleaned/train/PaperCardboard/cardboard380.jpg,,prepared_datasets/combined_6class_plasticmetal_cleaned/train/PaperCardboard/cardboard380.jpg,,,,,,,,
cleaned_train_PaperCardboard_cardboard382.jpg,CombinedCleaned,image_classification,train,PaperCardboard,PaperCardboard,prepared_datasets/combined_6class_plasticmetal_cleaned/train/PaperCardboard/cardboard382.jpg,,prepared_datasets/combined_6class_plasticmetal_cleaned/train/PaperCardboard/cardboard382.jpg,,,,,,,,
cleaned_train_PaperCardboard_cardboard383.jpg,CombinedCleaned,image_classification,train,PaperCardboard,PaperCardboard,prepared_datasets/combined_6class_plasticmetal_cleaned/train/PaperCardboard/cardboard383.jpg,,prepared_datasets/combined_6class_plasticmetal_cleaned/train/PaperCardboard/cardboard383.jpg,,,,,,,,
cleaned_train_PaperCardboard_cardboard385.jpg,CombinedCleaned,image_classification,train,PaperCardboard,PaperCardboard,prepared_datasets/combined_6class_plasticmetal_cleaned/train/PaperCardboard/cardboard385.jpg,,prepared_datasets/combined_6class_plasticmetal_cleaned/train/PaperCardboard/cardboard385.jpg,,,,,,,,
cleaned_train_PaperCardboard_cardboard386.jpg,CombinedCleaned,image_classification,train,PaperCardboard,PaperCardboard,prepared_datasets/combined_6class_plasticmetal_cleaned/train/PaperCardboard/cardboard386.jpg,,prepared_datasets/combined_6class_plasticmetal_cleaned/train/PaperCardboard/cardboard386.jpg,,,,,,,,
cleaned_train_PaperCardboard_cardboard389.jpg,CombinedCleaned,image_classification,train,PaperCardboard,PaperCardboard,prepared_datasets/combined_6class_plasticmetal_cleaned/train/PaperCardboard/cardboard389.jpg,,prepared_datasets/combined_6class_plasticmetal_cleaned/train/PaperCardboard/cardboard389.jpg,,,,,,,,
cleaned_train_PaperCardboard_cardboard393.jpg,CombinedCleaned,image_classification,train,PaperCardboard,PaperCardboard,prepared_datasets/combined_6class_plasticmetal_cleaned/train/PaperCardboard/cardboard393.jpg,,prepared_datasets/combined_6class_plasticmetal_cleaned/train/PaperCardboard/cardboard393.jpg,,,,,,,,
cleaned_train_PaperCardboard_cardboard394.jpg,CombinedCleaned,image_classification,train,PaperCardboard,PaperCardboard,prepared_datasets/combined_6class_plasticmetal_cleaned/train/PaperCardboard/cardboard394.jpg,,prepared_datasets/combined_6class_plasticmetal_cleaned/train/PaperCardboard/cardboard394.jpg,,,,,,,,
cleaned_train_PaperCardboard_cardboard395.jpg,CombinedCleaned,image_classification,train,PaperCardboard,PaperCardboard,prepared_datasets/combined_6class_plasticmetal_cleaned/train/PaperCardboard/cardboard395.jpg,,prepared_datasets/combined_6class_plasticmetal_cleaned/train/PaperCardboard/cardboard395.jpg,,,,,,,,
cleaned_train_PaperCardboard_cardboard397.jpg,CombinedCleaned,image_classification,train,PaperCardboard,PaperCardboard,prepared_datasets/combined_6class_plasticmetal_cleaned/train/PaperCardboard/cardboard397.jpg,,prepared_datasets/combined_6class_plasticmetal_cleaned/train/PaperCardboard/cardboard397.jpg,,,,,,,,
cleaned_train_PaperCardboard_cardboard398.jpg,CombinedCleaned,image_classification,train,PaperCardboard,PaperCardboard,prepared_datasets/combined_6class_plasticmetal_cleaned/train/PaperCardboard/cardboard398.jpg,,prepared_datasets/combined_6class_plasticmetal_cleaned/train/PaperCardboard/cardboard398.jpg,,,,,,,,
cleaned_train_PaperCardboard_cardboard399.jpg,CombinedCleaned,image_classification,train,PaperCardboard,PaperCardboard,prepared_datasets/combined_6class_plasticmetal_cleaned/train/PaperCardboard/cardboard399.jpg,,prepared_datasets/combined_6class_plasticmetal_cleaned/train/PaperCardboard/cardboard399.jpg,,,,,,,,
cleaned_train_PaperCardboard_cardboard40.jpg,CombinedCleaned,image_classification,train,PaperCardboard,PaperCardboard,prepared_datasets/combined_6class_plasticmetal_cleaned/train/PaperCardboard/cardboard40.jpg,,prepared_datasets/combined_6class_plasticmetal_cleaned/train/PaperCardboard/cardboard40.jpg,,,,,,,,
cleaned_train_PaperCardboard_cardboard400.jpg,CombinedCleaned,image_classification,train,PaperCardboard,PaperCardboard,prepared_datasets/combined_6class_plasticmetal_cleaned/train/PaperCardboard/cardboard400.jpg,,prepared_datasets/combined_6class_plasticmetal_cleaned/train/PaperCardboard/cardboard400.jpg,,,,,,,,
cleaned_train_PaperCardboard_cardboard403.jpg,CombinedCleaned,image_classification,train,PaperCardboard,PaperCardboard,prepared_datasets/combined_6class_plasticmetal_cleaned/train/PaperCardboard/cardboard403.jpg,,prepared_datasets/combined_6class_plasticmetal_cleaned/train/PaperCardboard/cardboard403.jpg,,,,,,,,
cleaned_train_PaperCardboard_cardboard42.jpg,CombinedCleaned,image_classification,train,PaperCardboard,PaperCardboard,prepared_datasets/combined_6class_plasticmetal_cleaned/train/PaperCardboard/cardboard42.jpg,,prepared_datasets/combined_6class_plasticmetal_cleaned/train/PaperCardboard/cardboard42.jpg,,,,,,,,
cleaned_train_PaperCardboard_cardboard43.jpg,CombinedCleaned,image_classification,train,PaperCardboard,PaperCardboard,prepared_datasets/combined_6class_plasticmetal_cleaned/train/PaperCardboard/cardboard43.jpg,,prepared_datasets/combined_6class_plasticmetal_cleaned/train/PaperCardboard/cardboard43.jpg,,,,,,,,
cleaned_train_PaperCardboard_cardboard44.jpg,CombinedCleaned,image_classification,train,PaperCardboard,PaperCardboard,prepared_datasets/combined_6class_plasticmetal_cleaned/train/PaperCardboard/cardboard44.jpg,,prepared_datasets/combined_6class_plasticmetal_cleaned/train/PaperCardboard/cardboard44.jpg,,,,,,,,
cleaned_train_PaperCardboard_cardboard45.jpg,CombinedCleaned,image_classification,train,PaperCardboard,PaperCardboard,prepared_datasets/combined_6class_plasticmetal_cleaned/train/PaperCardboard/cardboard45.jpg,,prepared_datasets/combined_6class_plasticmetal_cleaned/train/PaperCardboard/cardboard45.jpg,,,,,,,,
cleaned_train_PaperCardboard_cardboard46.jpg,CombinedCleaned,image_classification,train,PaperCardboard,PaperCardboard,prepared_datasets/combined_6class_plasticmetal_cleaned/train/PaperCardboard/cardboard46.jpg,,prepared_datasets/combined_6class_plasticmetal_cleaned/train/PaperCardboard/cardboard46.jpg,,,,,,,,
cleaned_train_PaperCardboard_cardboard47.jpg,CombinedCleaned,image_classification,train,PaperCardboard,PaperCardboard,prepared_datasets/combined_6class_plasticmetal_cleaned/train/PaperCardboard/cardboard47.jpg,,prepared_datasets/combined_6class_plasticmetal_cleaned/train/PaperCardboard/cardboard47.jpg,,,,,,,,
cleaned_train_PaperCardboard_cardboard48.jpg,CombinedCleaned,image_classification,train,PaperCardboard,PaperCardboard,prepared_datasets/combined_6class_plasticmetal_cleaned/train/PaperCardboard/cardboard48.jpg,,prepared_datasets/combined_6class_plasticmetal_cleaned/train/PaperCardboard/cardboard48.jpg,,,,,,,,
cleaned_train_PaperCardboard_cardboard49.jpg,CombinedCleaned,image_classification,train,PaperCardboard,PaperCardboard,prepared_datasets/combined_6class_plasticmetal_cleaned/train/PaperCardboard/cardboard49.jpg,,prepared_datasets/combined_6class_plasticmetal_cleaned/train/PaperCardboard/cardboard49.jpg,,,,,,,,
cleaned_train_PaperCardboard_cardboard5.jpg,CombinedCleaned,image_classification,train,PaperCardboard,PaperCardboard,prepared_datasets/combined_6class_plasticmetal_cleaned/train/PaperCardboard/cardboard5.jpg,,prepared_datasets/combined_6class_plasticmetal_cleaned/train/PaperCardboard/cardboard5.jpg,,,,,,,,
cleaned_train_PaperCardboard_cardboard52.jpg,CombinedCleaned,image_classification,train,PaperCardboard,PaperCardboard,prepared_datasets/combined_6class_plasticmetal_cleaned/train/PaperCardboard/cardboard52.jpg,,prepared_datasets/combined_6class_plasticmetal_cleaned/train/PaperCardboard/cardboard52.jpg,,,,,,,,
cleaned_train_PaperCardboard_cardboard54.jpg,CombinedCleaned,image_classification,train,PaperCardboard,PaperCardboard,prepared_datasets/combined_6class_plasticmetal_cleaned/train/PaperCardboard/cardboard54.jpg,,prepared_datasets/combined_6class_plasticmetal_cleaned/train/PaperCardboard/cardboard54.jpg,,,,,,,,
cleaned_train_PaperCardboard_cardboard55.jpg,CombinedCleaned,image_classification,train,PaperCardboard,PaperCardboard,prepared_datasets/combined_6class_plasticmetal_cleaned/train/PaperCardboard/cardboard55.jpg,,prepared_datasets/combined_6class_plasticmetal_cleaned/train/PaperCardboard/cardboard55.jpg,,,,,,,,
cleaned_train_PaperCardboard_cardboard56.jpg,CombinedCleaned,image_classification,train,PaperCardboard,PaperCardboard,prepared_datasets/combined_6class_plasticmetal_cleaned/train/PaperCardboard/cardboard56.jpg,,prepared_datasets/combined_6class_plasticmetal_cleaned/train/PaperCardboard/cardboard56.jpg,,,,,,,,
cleaned_train_PaperCardboard_cardboard57.jpg,CombinedCleaned,image_classification,train,PaperCardboard,PaperCardboard,prepared_datasets/combined_6class_plasticmetal_cleaned/train/PaperCardboard/cardboard57.jpg,,prepared_datasets/combined_6class_plasticmetal_cleaned/train/PaperCardboard/cardboard57.jpg,,,,,,,,
cleaned_train_PaperCardboard_cardboard58.jpg,CombinedCleaned,image_classification,train,PaperCardboard,PaperCardboard,prepared_datasets/combined_6class_plasticmetal_cleaned/train/PaperCardboard/cardboard58.jpg,,prepared_datasets/combined_6class_plasticmetal_cleaned/train/PaperCardboard/cardboard58.jpg,,,,,,,,
cleaned_train_PaperCardboard_cardboard59.jpg,CombinedCleaned,image_classification,train,PaperCardboard,PaperCardboard,prepared_datasets/combined_6class_plasticmetal_cleaned/train/PaperCardboard/cardboard59.jpg,,prepared_datasets/combined_6class_plasticmetal_cleaned/train/PaperCardboard/cardboard59.jpg,,,,,,,,
cleaned_train_PaperCardboard_cardboard6.jpg,CombinedCleaned,image_classification,train,PaperCardboard,PaperCardboard,prepared_datasets/combined_6class_plasticmetal_cleaned/train/PaperCardboard/cardboard6.jpg,,prepared_datasets/combined_6class_plasticmetal_cleaned/train/PaperCardboard/cardboard6.jpg,,,,,,,,
cleaned_train_PaperCardboard_cardboard60.jpg,CombinedCleaned,image_classification,train,PaperCardboard,PaperCardboard,prepared_datasets/combined_6class_plasticmetal_cleaned/train/PaperCardboard/cardboard60.jpg,,prepared_datasets/combined_6class_plasticmetal_cleaned/train/PaperCardboard/cardboard60.jpg,,,,,,,,
cleaned_train_PaperCardboard_cardboard61.jpg,CombinedCleaned,image_classification,train,PaperCardboard,PaperCardboard,prepared_datasets/combined_6class_plasticmetal_cleaned/train/PaperCardboard/cardboard61.jpg,,prepared_datasets/combined_6class_plasticmetal_cleaned/train/PaperCardboard/cardboard61.jpg,,,,,,,,
cleaned_train_PaperCardboard_cardboard64.jpg,CombinedCleaned,image_classification,train,PaperCardboard,PaperCardboard,prepared_datasets/combined_6class_plasticmetal_cleaned/train/PaperCardboard/cardboard64.jpg,,prepared_datasets/combined_6class_plasticmetal_cleaned/train/PaperCardboard/cardboard64.jpg,,,,,,,,
cleaned_train_PaperCardboard_cardboard66.jpg,CombinedCleaned,image_classification,train,PaperCardboard,PaperCardboard,prepared_datasets/combined_6class_plasticmetal_cleaned/train/PaperCardboard/cardboard66.jpg,,prepared_datasets/combined_6class_plasticmetal_cleaned/train/PaperCardboard/cardboard66.jpg,,,,,,,,
cleaned_train_PaperCardboard_cardboard67.jpg,CombinedCleaned,image_classification,train,PaperCardboard,PaperCardboard,prepared_datasets/combined_6class_plasticmetal_cleaned/train/PaperCardboard/cardboard67.jpg,,prepared_datasets/combined_6class_plasticmetal_cleaned/train/PaperCardboard/cardboard67.jpg,,,,,,,,
cleaned_train_PaperCardboard_cardboard68.jpg,CombinedCleaned,image_classification,train,PaperCardboard,PaperCardboard,prepared_datasets/combined_6class_plasticmetal_cleaned/train/PaperCardboard/cardboard68.jpg,,prepared_datasets/combined_6class_plasticmetal_cleaned/train/PaperCardboard/cardboard68.jpg,,,,,,,,
cleaned_train_PaperCardboard_cardboard69.jpg,CombinedCleaned,image_classification,train,PaperCardboard,PaperCardboard,prepared_datasets/combined_6class_plasticmetal_cleaned/train/PaperCardboard/cardboard69.jpg,,prepared_datasets/combined_6class_plasticmetal_cleaned/train/PaperCardboard/cardboard69.jpg,,,,,,,,
cleaned_train_PaperCardboard_cardboard7.jpg,CombinedCleaned,image_classification,train,PaperCardboard,PaperCardboard,prepared_datasets/combined_6class_plasticmetal_cleaned/train/PaperCardboard/cardboard7.jpg,,prepared_datasets/combined_6class_plasticmetal_cleaned/train/PaperCardboard/cardboard7.jpg,,,,,,,,
cleaned_train_PaperCardboard_cardboard70.jpg,CombinedCleaned,image_classification,train,PaperCardboard,PaperCardboard,prepared_datasets/combined_6class_plasticmetal_cleaned/train/PaperCardboard/cardboard70.jpg,,prepared_datasets/combined_6class_plasticmetal_cleaned/train/PaperCardboard/cardboard70.jpg,,,,,,,,
cleaned_train_PaperCardboard_cardboard71.jpg,CombinedCleaned,image_classification,train,PaperCardboard,PaperCardboard,prepared_datasets/combined_6class_plasticmetal_cleaned/train/PaperCardboard/cardboard71.jpg,,prepared_datasets/combined_6class_plasticmetal_cleaned/train/PaperCardboard/cardboard71.jpg,,,,,,,,
cleaned_train_PaperCardboard_cardboard72.jpg,CombinedCleaned,image_classification,train,PaperCardboard,PaperCardboard,prepared_datasets/combined_6class_plasticmetal_cleaned/train/PaperCardboard/cardboard72.jpg,,prepared_datasets/combined_6class_plasticmetal_cleaned/train/PaperCardboard/cardboard72.jpg,,,,,,,,
cleaned_train_PaperCardboard_cardboard73.jpg,CombinedCleaned,image_classification,train,PaperCardboard,PaperCardboard,prepared_datasets/combined_6class_plasticmetal_cleaned/train/PaperCardboard/cardboard73.jpg,,prepared_datasets/combined_6class_plasticmetal_cleaned/train/PaperCardboard/cardboard73.jpg,,,,,,,,
cleaned_train_PaperCardboard_cardboard74.jpg,CombinedCleaned,image_classification,train,PaperCardboard,PaperCardboard,prepared_datasets/combined_6class_plasticmetal_cleaned/train/PaperCardboard/cardboard74.jpg,,prepared_datasets/combined_6class_plasticmetal_cleaned/train/PaperCardboard/cardboard74.jpg,,,,,,,,
cleaned_train_PaperCardboard_cardboard75.jpg,CombinedCleaned,image_classification,train,PaperCardboard,PaperCardboard,prepared_datasets/combined_6class_plasticmetal_cleaned/train/PaperCardboard/cardboard75.jpg,,prepared_datasets/combined_6class_plasticmetal_cleaned/train/PaperCardboard/cardboard75.jpg,,,,,,,,
cleaned_train_PaperCardboard_cardboard79.jpg,CombinedCleaned,image_classification,train,PaperCardboard,PaperCardboard,prepared_datasets/combined_6class_plasticmetal_cleaned/train/PaperCardboard/cardboard79.jpg,,prepared_datasets/combined_6class_plasticmetal_cleaned/train/PaperCardboard/cardboard79.jpg,,,,,,,,
cleaned_train_PaperCardboard_cardboard8.jpg,CombinedCleaned,image_classification,train,PaperCardboard,PaperCardboard,prepared_datasets/combined_6class_plasticmetal_cleaned/train/PaperCardboard/cardboard8.jpg,,prepared_datasets/combined_6class_plasticmetal_cleaned/train/PaperCardboard/cardboard8.jpg,,,,,,,,
cleaned_train_PaperCardboard_cardboard80.jpg,CombinedCleaned,image_classification,train,PaperCardboard,PaperCardboard,prepared_datasets/combined_6class_plasticmetal_cleaned/train/PaperCardboard/cardboard80.jpg,,prepared_datasets/combined_6class_plasticmetal_cleaned/train/PaperCardboard/cardboard80.jpg,,,,,,,,
cleaned_train_PaperCardboard_cardboard81.jpg,CombinedCleaned,image_classification,train,PaperCardboard,PaperCardboard,prepared_datasets/combined_6class_plasticmetal_cleaned/train/PaperCardboard/cardboard81.jpg,,prepared_datasets/combined_6class_plasticmetal_cleaned/train/PaperCardboard/cardboard81.jpg,,,,,,,,
cleaned_train_PaperCardboard_cardboard83.jpg,CombinedCleaned,image_classification,train,PaperCardboard,PaperCardboard,prepared_datasets/combined_6class_plasticmetal_cleaned/train/PaperCardboard/cardboard83.jpg,,prepared_datasets/combined_6class_plasticmetal_cleaned/train/PaperCardboard/cardboard83.jpg,,,,,,,,
cleaned_train_PaperCardboard_cardboard84.jpg,CombinedCleaned,image_classification,train,PaperCardboard,PaperCardboard,prepared_datasets/combined_6class_plasticmetal_cleaned/train/PaperCardboard/cardboard84.jpg,,prepared_datasets/combined_6class_plasticmetal_cleaned/train/PaperCardboard/cardboard84.jpg,,,,,,,,
cleaned_train_PaperCardboard_cardboard85.jpg,CombinedCleaned,image_classification,train,PaperCardboard,PaperCardboard,prepared_datasets/combined_6class_plasticmetal_cleaned/train/PaperCardboard/cardboard85.jpg,,prepared_datasets/combined_6class_plasticmetal_cleaned/train/PaperCardboard/cardboard85.jpg,,,,,,,,
cleaned_train_PaperCardboard_cardboard87.jpg,CombinedCleaned,image_classification,train,PaperCardboard,PaperCardboard,prepared_datasets/combined_6class_plasticmetal_cleaned/train/PaperCardboard/cardboard87.jpg,,prepared_datasets/combined_6class_plasticmetal_cleaned/train/PaperCardboard/cardboard87.jpg,,,,,,,,
cleaned_train_PaperCardboard_cardboard88.jpg,CombinedCleaned,image_classification,train,PaperCardboard,PaperCardboard,prepared_datasets/combined_6class_plasticmetal_cleaned/train/PaperCardboard/cardboard88.jpg,,prepared_datasets/combined_6class_plasticmetal_cleaned/train/PaperCardboard/cardboard88.jpg,,,,,,,,
cleaned_train_PaperCardboard_cardboard89.jpg,CombinedCleaned,image_classification,train,PaperCardboard,PaperCardboard,prepared_datasets/combined_6class_plasticmetal_cleaned/train/PaperCardboard/cardboard89.jpg,,prepared_datasets/combined_6class_plasticmetal_cleaned/train/PaperCardboard/cardboard89.jpg,,,,,,,,
cleaned_train_PaperCardboard_cardboard9.jpg,CombinedCleaned,image_classification,train,PaperCardboard,PaperCardboard,prepared_datasets/combined_6class_plasticmetal_cleaned/train/PaperCardboard/cardboard9.jpg,,prepared_datasets/combined_6class_plasticmetal_cleaned/train/PaperCardboard/cardboard9.jpg,,,,,,,,
cleaned_train_PaperCardboard_cardboard91.jpg,CombinedCleaned,image_classification,train,PaperCardboard,PaperCardboard,prepared_datasets/combined_6class_plasticmetal_cleaned/train/PaperCardboard/cardboard91.jpg,,prepared_datasets/combined_6class_plasticmetal_cleaned/train/PaperCardboard/cardboard91.jpg,,,,,,,,
cleaned_train_PaperCardboard_cardboard92.jpg,CombinedCleaned,image_classification,train,PaperCardboard,PaperCardboard,prepared_datasets/combined_6class_plasticmetal_cleaned/train/PaperCardboard/cardboard92.jpg,,prepared_datasets/combined_6class_plasticmetal_cleaned/train/PaperCardboard/cardboard92.jpg,,,,,,,,
cleaned_train_PaperCardboard_cardboard93.jpg,CombinedCleaned,image_classification,train,PaperCardboard,PaperCardboard,prepared_datasets/combined_6class_plasticmetal_cleaned/train/PaperCardboard/cardboard93.jpg,,prepared_datasets/combined_6class_plasticmetal_cleaned/train/PaperCardboard/cardboard93.jpg,,,,,,,,
cleaned_train_PaperCardboard_cardboard94.jpg,CombinedCleaned,image_classification,train,PaperCardboard,PaperCardboard,prepared_datasets/combined_6class_plasticmetal_cleaned/train/PaperCardboard/cardboard94.jpg,,prepared_datasets/combined_6class_plasticmetal_cleaned/train/PaperCardboard/cardboard94.jpg,,,,,,,,
cleaned_train_PaperCardboard_cardboard95.jpg,CombinedCleaned,image_classification,train,PaperCardboard,PaperCardboard,prepared_datasets/combined_6class_plasticmetal_cleaned/train/PaperCardboard/cardboard95.jpg,,prepared_datasets/combined_6class_plasticmetal_cleaned/train/PaperCardboard/cardboard95.jpg,,,,,,,,
cleaned_train_PaperCardboard_cardboard97.jpg,CombinedCleaned,image_classification,train,PaperCardboard,PaperCardboard,prepared_datasets/combined_6class_plasticmetal_cleaned/train/PaperCardboard/cardboard97.jpg,,prepared_datasets/combined_6class_plasticmetal_cleaned/train/PaperCardboard/cardboard97.jpg,,,,,,,,
cleaned_train_PaperCardboard_cardboard99.jpg,CombinedCleaned,image_classification,train,PaperCardboard,PaperCardboard,prepared_datasets/combined_6class_plasticmetal_cleaned/train/PaperCardboard/cardboard99.jpg,,prepared_datasets/combined_6class_plasticmetal_cleaned/train/PaperCardboard/cardboard99.jpg,,,,,,,,
cleaned_train_PaperCardboard_IMG_4865_ann2557.jpg,CombinedCleaned,image_classification,train,PaperCardboard,PaperCardboard,prepared_datasets/combined_6class_plasticmetal_cleaned/train/PaperCardboard/IMG_4865_ann2557.jpg,,prepared_datasets/combined_6class_plasticmetal_cleaned/train/PaperCardboard/IMG_4865_ann2557.jpg,,,,,,,,
cleaned_train_PaperCardboard_IMG_4874_ann2563.jpg,CombinedCleaned,image_classification,train,PaperCardboard,PaperCardboard,prepared_datasets/combined_6class_plasticmetal_cleaned/train/PaperCardboard/IMG_4874_ann2563.jpg,,prepared_datasets/combined_6class_plasticmetal_cleaned/train/PaperCardboard/IMG_4874_ann2563.jpg,,,,,,,,
cleaned_train_PaperCardboard_IMG_4875_ann2564.jpg,CombinedCleaned,image_classification,train,PaperCardboard,PaperCardboard,prepared_datasets/combined_6class_plasticmetal_cleaned/train/PaperCardboard/IMG_4875_ann2564.jpg,,prepared_datasets/combined_6class_plasticmetal_cleaned/train/PaperCardboard/IMG_4875_ann2564.jpg,,,,,,,,
cleaned_train_PaperCardboard_IMG_4875_ann2565.jpg,CombinedCleaned,image_classification,train,PaperCardboard,PaperCardboard,prepared_datasets/combined_6class_plasticmetal_cleaned/train/PaperCardboard/IMG_4875_ann2565.jpg,,prepared_datasets/combined_6class_plasticmetal_cleaned/train/PaperCardboard/IMG_4875_ann2565.jpg,,,,,,,,
cleaned_train_PaperCardboard_IMG_4877_ann2568.jpg,CombinedCleaned,image_classification,train,PaperCardboard,PaperCardboard,prepared_datasets/combined_6class_plasticmetal_cleaned/train/PaperCardboard/IMG_4877_ann2568.jpg,,prepared_datasets/combined_6class_plasticmetal_cleaned/train/PaperCardboard/IMG_4877_ann2568.jpg,,,,,,,,
cleaned_train_PaperCardboard_IMG_4934_ann2628.jpg,CombinedCleaned,image_classification,train,PaperCardboard,PaperCardboard,prepared_datasets/combined_6class_plasticmetal_cleaned/train/PaperCardboard/IMG_4934_ann2628.jpg,,prepared_datasets/combined_6class_plasticmetal_cleaned/train/PaperCardboard/IMG_4934_ann2628.jpg,,,,,,,,
cleaned_train_PaperCardboard_IMG_4934_ann2629.jpg,CombinedCleaned,image_classification,train,PaperCardboard,PaperCardboard,prepared_datasets/combined_6class_plasticmetal_cleaned/train/PaperCardboard/IMG_4934_ann2629.jpg,,prepared_datasets/combined_6class_plasticmetal_cleaned/train/PaperCardboard/IMG_4934_ann2629.jpg,,,,,,,,
cleaned_train_PaperCardboard_IMG_4939_ann2634.jpg,CombinedCleaned,image_classification,train,PaperCardboard,PaperCardboard,prepared_datasets/combined_6class_plasticmetal_cleaned/train/PaperCardboard/IMG_4939_ann2634.jpg,,prepared_datasets/combined_6class_plasticmetal_cleaned/train/PaperCardboard/IMG_4939_ann2634.jpg,,,,,,,,
cleaned_train_PaperCardboard_IMG_4941_ann2646.jpg,CombinedCleaned,image_classification,train,PaperCardboard,PaperCardboard,prepared_datasets/combined_6class_plasticmetal_cleaned/train/PaperCardboard/IMG_4941_ann2646.jpg,,prepared_datasets/combined_6class_plasticmetal_cleaned/train/PaperCardboard/IMG_4941_ann2646.jpg,,,,,,,,
cleaned_train_PaperCardboard_IMG_5044_ann2515.jpg,CombinedCleaned,image_classification,train,PaperCardboard,PaperCardboard,prepared_datasets/combined_6class_plasticmetal_cleaned/train/PaperCardboard/IMG_5044_ann2515.jpg,,prepared_datasets/combined_6class_plasticmetal_cleaned/train/PaperCardboard/IMG_5044_ann2515.jpg,,,,,,,,
cleaned_train_PaperCardboard_IMG_5045_ann2516.jpg,CombinedCleaned,image_classification,train,PaperCardboard,PaperCardboard,prepared_datasets/combined_6class_plasticmetal_cleaned/train/PaperCardboard/IMG_5045_ann2516.jpg,,prepared_datasets/combined_6class_plasticmetal_cleaned/train/PaperCardboard/IMG_5045_ann2516.jpg,,,,,,,,
cleaned_train_PaperCardboard_IMG_5064_ann2709.jpg,CombinedCleaned,image_classification,train,PaperCardboard,PaperCardboard,prepared_datasets/combined_6class_plasticmetal_cleaned/train/PaperCardboard/IMG_5064_ann2709.jpg,,prepared_datasets/combined_6class_plasticmetal_cleaned/train/PaperCardboard/IMG_5064_ann2709.jpg,,,,,,,,
cleaned_train_PaperCardboard_IMG_5067_ann2717.jpg,CombinedCleaned,image_classification,train,PaperCardboard,PaperCardboard,prepared_datasets/combined_6class_plasticmetal_cleaned/train/PaperCardboard/IMG_5067_ann2717.jpg,,prepared_datasets/combined_6class_plasticmetal_cleaned/train/PaperCardboard/IMG_5067_ann2717.jpg,,,,,,,,
cleaned_train_PaperCardboard_IMG_5068_ann2719.jpg,CombinedCleaned,image_classification,train,PaperCardboard,PaperCardboard,prepared_datasets/combined_6class_plasticmetal_cleaned/train/PaperCardboard/IMG_5068_ann2719.jpg,,prepared_datasets/combined_6class_plasticmetal_cleaned/train/PaperCardboard/IMG_5068_ann2719.jpg,,,,,,,,
cleaned_train_PaperCardboard_IMG_5068_ann2720.jpg,CombinedCleaned,image_classification,train,PaperCardboard,PaperCardboard,prepared_datasets/combined_6class_plasticmetal_cleaned/train/PaperCardboard/IMG_5068_ann2720.jpg,,prepared_datasets/combined_6class_plasticmetal_cleaned/train/PaperCardboard/IMG_5068_ann2720.jpg,,,,,,,,
cleaned_train_PaperCardboard_IMG_5068_ann2722.jpg,CombinedCleaned,image_classification,train,PaperCardboard,PaperCardboard,prepared_datasets/combined_6class_plasticmetal_cleaned/train/PaperCardboard/IMG_5068_ann2722.jpg,,prepared_datasets/combined_6class_plasticmetal_cleaned/train/PaperCardboard/IMG_5068_ann2722.jpg,,,,,,,,
cleaned_train_PaperCardboard_IMG_5068_ann2723.jpg,CombinedCleaned,image_classification,train,PaperCardboard,PaperCardboard,prepared_datasets/combined_6class_plasticmetal_cleaned/train/PaperCardboard/IMG_5068_ann2723.jpg,,prepared_datasets/combined_6class_plasticmetal_cleaned/train/PaperCardboard/IMG_5068_ann2723.jpg,,,,,,,,
cleaned_train_PaperCardboard_IMG_5068_ann2724.jpg,CombinedCleaned,image_classification,train,PaperCardboard,PaperCardboard,prepared_datasets/combined_6class_plasticmetal_cleaned/train/PaperCardboard/IMG_5068_ann2724.jpg,,prepared_datasets/combined_6class_plasticmetal_cleaned/train/PaperCardboard/IMG_5068_ann2724.jpg,,,,,,,,
cleaned_train_PaperCardboard_IMG_5068_ann2725.jpg,CombinedCleaned,image_classification,train,PaperCardboard,PaperCardboard,prepared_datasets/combined_6class_plasticmetal_cleaned/train/PaperCardboard/IMG_5068_ann2725.jpg,,prepared_datasets/combined_6class_plasticmetal_cleaned/train/PaperCardboard/IMG_5068_ann2725.jpg,,,,,,,,
cleaned_train_PaperCardboard_paper1.jpg,CombinedCleaned,image_classification,train,PaperCardboard,PaperCardboard,prepared_datasets/combined_6class_plasticmetal_cleaned/train/PaperCardboard/paper1.jpg,,prepared_datasets/combined_6class_plasticmetal_cleaned/train/PaperCardboard/paper1.jpg,,,,,,,,
cleaned_train_PaperCardboard_paper101.jpg,CombinedCleaned,image_classification,train,PaperCardboard,PaperCardboard,prepared_datasets/combined_6class_plasticmetal_cleaned/train/PaperCardboard/paper101.jpg,,prepared_datasets/combined_6class_plasticmetal_cleaned/train/PaperCardboard/paper101.jpg,,,,,,,,
cleaned_train_PaperCardboard_paper102.jpg,CombinedCleaned,image_classification,train,PaperCardboard,PaperCardboard,prepared_datasets/combined_6class_plasticmetal_cleaned/train/PaperCardboard/paper102.jpg,,prepared_datasets/combined_6class_plasticmetal_cleaned/train/PaperCardboard/paper102.jpg,,,,,,,,
cleaned_train_PaperCardboard_paper103.jpg,CombinedCleaned,image_classification,train,PaperCardboard,PaperCardboard,prepared_datasets/combined_6class_plasticmetal_cleaned/train/PaperCardboard/paper103.jpg,,prepared_datasets/combined_6class_plasticmetal_cleaned/train/PaperCardboard/paper103.jpg,,,,,,,,
cleaned_train_PaperCardboard_paper104.jpg,CombinedCleaned,image_classification,train,PaperCardboard,PaperCardboard,prepared_datasets/combined_6class_plasticmetal_cleaned/train/PaperCardboard/paper104.jpg,,prepared_datasets/combined_6class_plasticmetal_cleaned/train/PaperCardboard/paper104.jpg,,,,,,,,
cleaned_train_PaperCardboard_paper105.jpg,CombinedCleaned,image_classification,train,PaperCardboard,PaperCardboard,prepared_datasets/combined_6class_plasticmetal_cleaned/train/PaperCardboard/paper105.jpg,,prepared_datasets/combined_6class_plasticmetal_cleaned/train/PaperCardboard/paper105.jpg,,,,,,,,
cleaned_train_PaperCardboard_paper106.jpg,CombinedCleaned,image_classification,train,PaperCardboard,PaperCardboard,prepared_datasets/combined_6class_plasticmetal_cleaned/train/PaperCardboard/paper106.jpg,,prepared_datasets/combined_6class_plasticmetal_cleaned/train/PaperCardboard/paper106.jpg,,,,,,,,
cleaned_train_PaperCardboard_paper107.jpg,CombinedCleaned,image_classification,train,PaperCardboard,PaperCardboard,prepared_datasets/combined_6class_plasticmetal_cleaned/train/PaperCardboard/paper107.jpg,,prepared_datasets/combined_6class_plasticmetal_cleaned/train/PaperCardboard/paper107.jpg,,,,,,,,
cleaned_train_PaperCardboard_paper108.jpg,CombinedCleaned,image_classification,train,PaperCardboard,PaperCardboard,prepared_datasets/combined_6class_plasticmetal_cleaned/train/PaperCardboard/paper108.jpg,,prepared_datasets/combined_6class_plasticmetal_cleaned/train/PaperCardboard/paper108.jpg,,,,,,,,
cleaned_train_PaperCardboard_paper109.jpg,CombinedCleaned,image_classification,train,PaperCardboard,PaperCardboard,prepared_datasets/combined_6class_plasticmetal_cleaned/train/PaperCardboard/paper109.jpg,,prepared_datasets/combined_6class_plasticmetal_cleaned/train/PaperCardboard/paper109.jpg,,,,,,,,
cleaned_train_PaperCardboard_paper11.jpg,CombinedCleaned,image_classification,train,PaperCardboard,PaperCardboard,prepared_datasets/combined_6class_plasticmetal_cleaned/train/PaperCardboard/paper11.jpg,,prepared_datasets/combined_6class_plasticmetal_cleaned/train/PaperCardboard/paper11.jpg,,,,,,,,
cleaned_train_PaperCardboard_paper110.jpg,CombinedCleaned,image_classification,train,PaperCardboard,PaperCardboard,prepared_datasets/combined_6class_plasticmetal_cleaned/train/PaperCardboard/paper110.jpg,,prepared_datasets/combined_6class_plasticmetal_cleaned/train/PaperCardboard/paper110.jpg,,,,,,,,
cleaned_train_PaperCardboard_paper113.jpg,CombinedCleaned,image_classification,train,PaperCardboard,PaperCardboard,prepared_datasets/combined_6class_plasticmetal_cleaned/train/PaperCardboard/paper113.jpg,,prepared_datasets/combined_6class_plasticmetal_cleaned/train/PaperCardboard/paper113.jpg,,,,,,,,
cleaned_train_PaperCardboard_paper114.jpg,CombinedCleaned,image_classification,train,PaperCardboard,PaperCardboard,prepared_datasets/combined_6class_plasticmetal_cleaned/train/PaperCardboard/paper114.jpg,,prepared_datasets/combined_6class_plasticmetal_cleaned/train/PaperCardboard/paper114.jpg,,,,,,,,
cleaned_train_PaperCardboard_paper115.jpg,CombinedCleaned,image_classification,train,PaperCardboard,PaperCardboard,prepared_datasets/combined_6class_plasticmetal_cleaned/train/PaperCardboard/paper115.jpg,,prepared_datasets/combined_6class_plasticmetal_cleaned/train/PaperCardboard/paper115.jpg,,,,,,,,
cleaned_train_PaperCardboard_paper116.jpg,CombinedCleaned,image_classification,train,PaperCardboard,PaperCardboard,prepared_datasets/combined_6class_plasticmetal_cleaned/train/PaperCardboard/paper116.jpg,,prepared_datasets/combined_6class_plasticmetal_cleaned/train/PaperCardboard/paper116.jpg,,,,,,,,
cleaned_train_PaperCardboard_paper117.jpg,CombinedCleaned,image_classification,train,PaperCardboard,PaperCardboard,prepared_datasets/combined_6class_plasticmetal_cleaned/train/PaperCardboard/paper117.jpg,,prepared_datasets/combined_6class_plasticmetal_cleaned/train/PaperCardboard/paper117.jpg,,,,,,,,
cleaned_train_PaperCardboard_paper119.jpg,CombinedCleaned,image_classification,train,PaperCardboard,PaperCardboard,prepared_datasets/combined_6class_plasticmetal_cleaned/train/PaperCardboard/paper119.jpg,,prepared_datasets/combined_6class_plasticmetal_cleaned/train/PaperCardboard/paper119.jpg,,,,,,,,
cleaned_train_PaperCardboard_paper12.jpg,CombinedCleaned,image_classification,train,PaperCardboard,PaperCardboard,prepared_datasets/combined_6class_plasticmetal_cleaned/train/PaperCardboard/paper12.jpg,,prepared_datasets/combined_6class_plasticmetal_cleaned/train/PaperCardboard/paper12.jpg,,,,,,,,
cleaned_train_PaperCardboard_paper120.jpg,CombinedCleaned,image_classification,train,PaperCardboard,PaperCardboard,prepared_datasets/combined_6class_plasticmetal_cleaned/train/PaperCardboard/paper120.jpg,,prepared_datasets/combined_6class_plasticmetal_cleaned/train/PaperCardboard/paper120.jpg,,,,,,,,
cleaned_train_PaperCardboard_paper121.jpg,CombinedCleaned,image_classification,train,PaperCardboard,PaperCardboard,prepared_datasets/combined_6class_plasticmetal_cleaned/train/PaperCardboard/paper121.jpg,,prepared_datasets/combined_6class_plasticmetal_cleaned/train/PaperCardboard/paper121.jpg,,,,,,,,
cleaned_train_PaperCardboard_paper123.jpg,CombinedCleaned,image_classification,train,PaperCardboard,PaperCardboard,prepared_datasets/combined_6class_plasticmetal_cleaned/train/PaperCardboard/paper123.jpg,,prepared_datasets/combined_6class_plasticmetal_cleaned/train/PaperCardboard/paper123.jpg,,,,,,,,
cleaned_train_PaperCardboard_paper124.jpg,CombinedCleaned,image_classification,train,PaperCardboard,PaperCardboard,prepared_datasets/combined_6class_plasticmetal_cleaned/train/PaperCardboard/paper124.jpg,,prepared_datasets/combined_6class_plasticmetal_cleaned/train/PaperCardboard/paper124.jpg,,,,,,,,
cleaned_train_PaperCardboard_paper126.jpg,CombinedCleaned,image_classification,train,PaperCardboard,PaperCardboard,prepared_datasets/combined_6class_plasticmetal_cleaned/train/PaperCardboard/paper126.jpg,,prepared_datasets/combined_6class_plasticmetal_cleaned/train/PaperCardboard/paper126.jpg,,,,,,,,
cleaned_train_PaperCardboard_paper127.jpg,CombinedCleaned,image_classification,train,PaperCardboard,PaperCardboard,prepared_datasets/combined_6class_plasticmetal_cleaned/train/PaperCardboard/paper127.jpg,,prepared_datasets/combined_6class_plasticmetal_cleaned/train/PaperCardboard/paper127.jpg,,,,,,,,
cleaned_train_PaperCardboard_paper128.jpg,CombinedCleaned,image_classification,train,PaperCardboard,PaperCardboard,prepared_datasets/combined_6class_plasticmetal_cleaned/train/PaperCardboard/paper128.jpg,,prepared_datasets/combined_6class_plasticmetal_cleaned/train/PaperCardboard/paper128.jpg,,,,,,,,
cleaned_train_PaperCardboard_paper129.jpg,CombinedCleaned,image_classification,train,PaperCardboard,PaperCardboard,prepared_datasets/combined_6class_plasticmetal_cleaned/train/PaperCardboard/paper129.jpg,,prepared_datasets/combined_6class_plasticmetal_cleaned/train/PaperCardboard/paper129.jpg,,,,,,,,
cleaned_train_PaperCardboard_paper13.jpg,CombinedCleaned,image_classification,train,PaperCardboard,PaperCardboard,prepared_datasets/combined_6class_plasticmetal_cleaned/train/PaperCardboard/paper13.jpg,,prepared_datasets/combined_6class_plasticmetal_cleaned/train/PaperCardboard/paper13.jpg,,,,,,,,
cleaned_train_PaperCardboard_paper130.jpg,CombinedCleaned,image_classification,train,PaperCardboard,PaperCardboard,prepared_datasets/combined_6class_plasticmetal_cleaned/train/PaperCardboard/paper130.jpg,,prepared_datasets/combined_6class_plasticmetal_cleaned/train/PaperCardboard/paper130.jpg,,,,,,,,
cleaned_train_PaperCardboard_paper133.jpg,CombinedCleaned,image_classification,train,PaperCardboard,PaperCardboard,prepared_datasets/combined_6class_plasticmetal_cleaned/train/PaperCardboard/paper133.jpg,,prepared_datasets/combined_6class_plasticmetal_cleaned/train/PaperCardboard/paper133.jpg,,,,,,,,
cleaned_train_PaperCardboard_paper134.jpg,CombinedCleaned,image_classification,train,PaperCardboard,PaperCardboard,prepared_datasets/combined_6class_plasticmetal_cleaned/train/PaperCardboard/paper134.jpg,,prepared_datasets/combined_6class_plasticmetal_cleaned/train/PaperCardboard/paper134.jpg,,,,,,,,
cleaned_train_PaperCardboard_paper137.jpg,CombinedCleaned,image_classification,train,PaperCardboard,PaperCardboard,prepared_datasets/combined_6class_plasticmetal_cleaned/train/PaperCardboard/paper137.jpg,,prepared_datasets/combined_6class_plasticmetal_cleaned/train/PaperCardboard/paper137.jpg,,,,,,,,
cleaned_train_PaperCardboard_paper138.jpg,CombinedCleaned,image_classification,train,PaperCardboard,PaperCardboard,prepared_datasets/combined_6class_plasticmetal_cleaned/train/PaperCardboard/paper138.jpg,,prepared_datasets/combined_6class_plasticmetal_cleaned/train/PaperCardboard/paper138.jpg,,,,,,,,
cleaned_train_PaperCardboard_paper14.jpg,CombinedCleaned,image_classification,train,PaperCardboard,PaperCardboard,prepared_datasets/combined_6class_plasticmetal_cleaned/train/PaperCardboard/paper14.jpg,,prepared_datasets/combined_6class_plasticmetal_cleaned/train/PaperCardboard/paper14.jpg,,,,,,,,
cleaned_train_PaperCardboard_paper140.jpg,CombinedCleaned,image_classification,train,PaperCardboard,PaperCardboard,prepared_datasets/combined_6class_plasticmetal_cleaned/train/PaperCardboard/paper140.jpg,,prepared_datasets/combined_6class_plasticmetal_cleaned/train/PaperCardboard/paper140.jpg,,,,,,,,
cleaned_train_PaperCardboard_paper142.jpg,CombinedCleaned,image_classification,train,PaperCardboard,PaperCardboard,prepared_datasets/combined_6class_plasticmetal_cleaned/train/PaperCardboard/paper142.jpg,,prepared_datasets/combined_6class_plasticmetal_cleaned/train/PaperCardboard/paper142.jpg,,,,,,,,
cleaned_train_PaperCardboard_paper143.jpg,CombinedCleaned,image_classification,train,PaperCardboard,PaperCardboard,prepared_datasets/combined_6class_plasticmetal_cleaned/train/PaperCardboard/paper143.jpg,,prepared_datasets/combined_6class_plasticmetal_cleaned/train/PaperCardboard/paper143.jpg,,,,,,,,
cleaned_train_PaperCardboard_paper144.jpg,CombinedCleaned,image_classification,train,PaperCardboard,PaperCardboard,prepared_datasets/combined_6class_plasticmetal_cleaned/train/PaperCardboard/paper144.jpg,,prepared_datasets/combined_6class_plasticmetal_cleaned/train/PaperCardboard/paper144.jpg,,,,,,,,
cleaned_train_PaperCardboard_paper145.jpg,CombinedCleaned,image_classification,train,PaperCardboard,PaperCardboard,prepared_datasets/combined_6class_plasticmetal_cleaned/train/PaperCardboard/paper145.jpg,,prepared_datasets/combined_6class_plasticmetal_cleaned/train/PaperCardboard/paper145.jpg,,,,,,,,
cleaned_train_PaperCardboard_paper147.jpg,CombinedCleaned,image_classification,train,PaperCardboard,PaperCardboard,prepared_datasets/combined_6class_plasticmetal_cleaned/train/PaperCardboard/paper147.jpg,,prepared_datasets/combined_6class_plasticmetal_cleaned/train/PaperCardboard/paper147.jpg,,,,,,,,
cleaned_train_PaperCardboard_paper148.jpg,CombinedCleaned,image_classification,train,PaperCardboard,PaperCardboard,prepared_datasets/combined_6class_plasticmetal_cleaned/train/PaperCardboard/paper148.jpg,,prepared_datasets/combined_6class_plasticmetal_cleaned/train/PaperCardboard/paper148.jpg,,,,,,,,
cleaned_train_PaperCardboard_paper15.jpg,CombinedCleaned,image_classification,train,PaperCardboard,PaperCardboard,prepared_datasets/combined_6class_plasticmetal_cleaned/train/PaperCardboard/paper15.jpg,,prepared_datasets/combined_6class_plasticmetal_cleaned/train/PaperCardboard/paper15.jpg,,,,,,,,
cleaned_train_PaperCardboard_paper151.jpg,CombinedCleaned,image_classification,train,PaperCardboard,PaperCardboard,prepared_datasets/combined_6class_plasticmetal_cleaned/train/PaperCardboard/paper151.jpg,,prepared_datasets/combined_6class_plasticmetal_cleaned/train/PaperCardboard/paper151.jpg,,,,,,,,
cleaned_train_PaperCardboard_paper152.jpg,CombinedCleaned,image_classification,train,PaperCardboard,PaperCardboard,prepared_datasets/combined_6class_plasticmetal_cleaned/train/PaperCardboard/paper152.jpg,,prepared_datasets/combined_6class_plasticmetal_cleaned/train/PaperCardboard/paper152.jpg,,,,,,,,
cleaned_train_PaperCardboard_paper153.jpg,CombinedCleaned,image_classification,train,PaperCardboard,PaperCardboard,prepared_datasets/combined_6class_plasticmetal_cleaned/train/PaperCardboard/paper153.jpg,,prepared_datasets/combined_6class_plasticmetal_cleaned/train/PaperCardboard/paper153.jpg,,,,,,,,
cleaned_train_PaperCardboard_paper155.jpg,CombinedCleaned,image_classification,train,PaperCardboard,PaperCardboard,prepared_datasets/combined_6class_plasticmetal_cleaned/train/PaperCardboard/paper155.jpg,,prepared_datasets/combined_6class_plasticmetal_cleaned/train/PaperCardboard/paper155.jpg,,,,,,,,
cleaned_train_PaperCardboard_paper156.jpg,CombinedCleaned,image_classification,train,PaperCardboard,PaperCardboard,prepared_datasets/combined_6class_plasticmetal_cleaned/train/PaperCardboard/paper156.jpg,,prepared_datasets/combined_6class_plasticmetal_cleaned/train/PaperCardboard/paper156.jpg,,,,,,,,
cleaned_train_PaperCardboard_paper157.jpg,CombinedCleaned,image_classification,train,PaperCardboard,PaperCardboard,prepared_datasets/combined_6class_plasticmetal_cleaned/train/PaperCardboard/paper157.jpg,,prepared_datasets/combined_6class_plasticmetal_cleaned/train/PaperCardboard/paper157.jpg,,,,,,,,
cleaned_train_PaperCardboard_paper158.jpg,CombinedCleaned,image_classification,train,PaperCardboard,PaperCardboard,prepared_datasets/combined_6class_plasticmetal_cleaned/train/PaperCardboard/paper158.jpg,,prepared_datasets/combined_6class_plasticmetal_cleaned/train/PaperCardboard/paper158.jpg,,,,,,,,
cleaned_train_PaperCardboard_paper159.jpg,CombinedCleaned,image_classification,train,PaperCardboard,PaperCardboard,prepared_datasets/combined_6class_plasticmetal_cleaned/train/PaperCardboard/paper159.jpg,,prepared_datasets/combined_6class_plasticmetal_cleaned/train/PaperCardboard/paper159.jpg,,,,,,,,
cleaned_train_PaperCardboard_paper16.jpg,CombinedCleaned,image_classification,train,PaperCardboard,PaperCardboard,prepared_datasets/combined_6class_plasticmetal_cleaned/train/PaperCardboard/paper16.jpg,,prepared_datasets/combined_6class_plasticmetal_cleaned/train/PaperCardboard/paper16.jpg,,,,,,,,
cleaned_train_PaperCardboard_paper160.jpg,CombinedCleaned,image_classification,train,PaperCardboard,PaperCardboard,prepared_datasets/combined_6class_plasticmetal_cleaned/train/PaperCardboard/paper160.jpg,,prepared_datasets/combined_6class_plasticmetal_cleaned/train/PaperCardboard/paper160.jpg,,,,,,,,
cleaned_train_PaperCardboard_paper161.jpg,CombinedCleaned,image_classification,train,PaperCardboard,PaperCardboard,prepared_datasets/combined_6class_plasticmetal_cleaned/train/PaperCardboard/paper161.jpg,,prepared_datasets/combined_6class_plasticmetal_cleaned/train/PaperCardboard/paper161.jpg,,,,,,,,
cleaned_train_PaperCardboard_paper166.jpg,CombinedCleaned,image_classification,train,PaperCardboard,PaperCardboard,prepared_datasets/combined_6class_plasticmetal_cleaned/train/PaperCardboard/paper166.jpg,,prepared_datasets/combined_6class_plasticmetal_cleaned/train/PaperCardboard/paper166.jpg,,,,,,,,
cleaned_train_PaperCardboard_paper167.jpg,CombinedCleaned,image_classification,train,PaperCardboard,PaperCardboard,prepared_datasets/combined_6class_plasticmetal_cleaned/train/PaperCardboard/paper167.jpg,,prepared_datasets/combined_6class_plasticmetal_cleaned/train/PaperCardboard/paper167.jpg,,,,,,,,
cleaned_train_PaperCardboard_paper169.jpg,CombinedCleaned,image_classification,train,PaperCardboard,PaperCardboard,prepared_datasets/combined_6class_plasticmetal_cleaned/train/PaperCardboard/paper169.jpg,,prepared_datasets/combined_6class_plasticmetal_cleaned/train/PaperCardboard/paper169.jpg,,,,,,,,
cleaned_train_PaperCardboard_paper17.jpg,CombinedCleaned,image_classification,train,PaperCardboard,PaperCardboard,prepared_datasets/combined_6class_plasticmetal_cleaned/train/PaperCardboard/paper17.jpg,,prepared_datasets/combined_6class_plasticmetal_cleaned/train/PaperCardboard/paper17.jpg,,,,,,,,
cleaned_train_PaperCardboard_paper170.jpg,CombinedCleaned,image_classification,train,PaperCardboard,PaperCardboard,prepared_datasets/combined_6class_plasticmetal_cleaned/train/PaperCardboard/paper170.jpg,,prepared_datasets/combined_6class_plasticmetal_cleaned/train/PaperCardboard/paper170.jpg,,,,,,,,
cleaned_train_PaperCardboard_paper172.jpg,CombinedCleaned,image_classification,train,PaperCardboard,PaperCardboard,prepared_datasets/combined_6class_plasticmetal_cleaned/train/PaperCardboard/paper172.jpg,,prepared_datasets/combined_6class_plasticmetal_cleaned/train/PaperCardboard/paper172.jpg,,,,,,,,
cleaned_train_PaperCardboard_paper174.jpg,CombinedCleaned,image_classification,train,PaperCardboard,PaperCardboard,prepared_datasets/combined_6class_plasticmetal_cleaned/train/PaperCardboard/paper174.jpg,,prepared_datasets/combined_6class_plasticmetal_cleaned/train/PaperCardboard/paper174.jpg,,,,,,,,
cleaned_train_PaperCardboard_paper175.jpg,CombinedCleaned,image_classification,train,PaperCardboard,PaperCardboard,prepared_datasets/combined_6class_plasticmetal_cleaned/train/PaperCardboard/paper175.jpg,,prepared_datasets/combined_6class_plasticmetal_cleaned/train/PaperCardboard/paper175.jpg,,,,,,,,
cleaned_train_PaperCardboard_paper176.jpg,CombinedCleaned,image_classification,train,PaperCardboard,PaperCardboard,prepared_datasets/combined_6class_plasticmetal_cleaned/train/PaperCardboard/paper176.jpg,,prepared_datasets/combined_6class_plasticmetal_cleaned/train/PaperCardboard/paper176.jpg,,,,,,,,
cleaned_train_PaperCardboard_paper177.jpg,CombinedCleaned,image_classification,train,PaperCardboard,PaperCardboard,prepared_datasets/combined_6class_plasticmetal_cleaned/train/PaperCardboard/paper177.jpg,,prepared_datasets/combined_6class_plasticmetal_cleaned/train/PaperCardboard/paper177.jpg,,,,,,,,
cleaned_train_PaperCardboard_paper178.jpg,CombinedCleaned,image_classification,train,PaperCardboard,PaperCardboard,prepared_datasets/combined_6class_plasticmetal_cleaned/train/PaperCardboard/paper178.jpg,,prepared_datasets/combined_6class_plasticmetal_cleaned/train/PaperCardboard/paper178.jpg,,,,,,,,
cleaned_train_PaperCardboard_paper179.jpg,CombinedCleaned,image_classification,train,PaperCardboard,PaperCardboard,prepared_datasets/combined_6class_plasticmetal_cleaned/train/PaperCardboard/paper179.jpg,,prepared_datasets/combined_6class_plasticmetal_cleaned/train/PaperCardboard/paper179.jpg,,,,,,,,
cleaned_train_PaperCardboard_paper18.jpg,CombinedCleaned,image_classification,train,PaperCardboard,PaperCardboard,prepared_datasets/combined_6class_plasticmetal_cleaned/train/PaperCardboard/paper18.jpg,,prepared_datasets/combined_6class_plasticmetal_cleaned/train/PaperCardboard/paper18.jpg,,,,,,,,
cleaned_train_PaperCardboard_paper181.jpg,CombinedCleaned,image_classification,train,PaperCardboard,PaperCardboard,prepared_datasets/combined_6class_plasticmetal_cleaned/train/PaperCardboard/paper181.jpg,,prepared_datasets/combined_6class_plasticmetal_cleaned/train/PaperCardboard/paper181.jpg,,,,,,,,
cleaned_train_PaperCardboard_paper184.jpg,CombinedCleaned,image_classification,train,PaperCardboard,PaperCardboard,prepared_datasets/combined_6class_plasticmetal_cleaned/train/PaperCardboard/paper184.jpg,,prepared_datasets/combined_6class_plasticmetal_cleaned/train/PaperCardboard/paper184.jpg,,,,,,,,
cleaned_train_PaperCardboard_paper186.jpg,CombinedCleaned,image_classification,train,PaperCardboard,PaperCardboard,prepared_datasets/combined_6class_plasticmetal_cleaned/train/PaperCardboard/paper186.jpg,,prepared_datasets/combined_6class_plasticmetal_cleaned/train/PaperCardboard/paper186.jpg,,,,,,,,
cleaned_train_PaperCardboard_paper187.jpg,CombinedCleaned,image_classification,train,PaperCardboard,PaperCardboard,prepared_datasets/combined_6class_plasticmetal_cleaned/train/PaperCardboard/paper187.jpg,,prepared_datasets/combined_6class_plasticmetal_cleaned/train/PaperCardboard/paper187.jpg,,,,,,,,
cleaned_train_PaperCardboard_paper188.jpg,CombinedCleaned,image_classification,train,PaperCardboard,PaperCardboard,prepared_datasets/combined_6class_plasticmetal_cleaned/train/PaperCardboard/paper188.jpg,,prepared_datasets/combined_6class_plasticmetal_cleaned/train/PaperCardboard/paper188.jpg,,,,,,,,
cleaned_train_PaperCardboard_paper189.jpg,CombinedCleaned,image_classification,train,PaperCardboard,PaperCardboard,prepared_datasets/combined_6class_plasticmetal_cleaned/train/PaperCardboard/paper189.jpg,,prepared_datasets/combined_6class_plasticmetal_cleaned/train/PaperCardboard/paper189.jpg,,,,,,,,
cleaned_train_PaperCardboard_paper190.jpg,CombinedCleaned,image_classification,train,PaperCardboard,PaperCardboard,prepared_datasets/combined_6class_plasticmetal_cleaned/train/PaperCardboard/paper190.jpg,,prepared_datasets/combined_6class_plasticmetal_cleaned/train/PaperCardboard/paper190.jpg,,,,,,,,
cleaned_train_PaperCardboard_paper192.jpg,CombinedCleaned,image_classification,train,PaperCardboard,PaperCardboard,prepared_datasets/combined_6class_plasticmetal_cleaned/train/PaperCardboard/paper192.jpg,,prepared_datasets/combined_6class_plasticmetal_cleaned/train/PaperCardboard/paper192.jpg,,,,,,,,
cleaned_train_PaperCardboard_paper193.jpg,CombinedCleaned,image_classification,train,PaperCardboard,PaperCardboard,prepared_datasets/combined_6class_plasticmetal_cleaned/train/PaperCardboard/paper193.jpg,,prepared_datasets/combined_6class_plasticmetal_cleaned/train/PaperCardboard/paper193.jpg,,,,,,,,
cleaned_train_PaperCardboard_paper194.jpg,CombinedCleaned,image_classification,train,PaperCardboard,PaperCardboard,prepared_datasets/combined_6class_plasticmetal_cleaned/train/PaperCardboard/paper194.jpg,,prepared_datasets/combined_6class_plasticmetal_cleaned/train/PaperCardboard/paper194.jpg,,,,,,,,
cleaned_train_PaperCardboard_paper195.jpg,CombinedCleaned,image_classification,train,PaperCardboard,PaperCardboard,prepared_datasets/combined_6class_plasticmetal_cleaned/train/PaperCardboard/paper195.jpg,,prepared_datasets/combined_6class_plasticmetal_cleaned/train/PaperCardboard/paper195.jpg,,,,,,,,
cleaned_train_PaperCardboard_paper197.jpg,CombinedCleaned,image_classification,train,PaperCardboard,PaperCardboard,prepared_datasets/combined_6class_plasticmetal_cleaned/train/PaperCardboard/paper197.jpg,,prepared_datasets/combined_6class_plasticmetal_cleaned/train/PaperCardboard/paper197.jpg,,,,,,,,
cleaned_train_PaperCardboard_paper198.jpg,CombinedCleaned,image_classification,train,PaperCardboard,PaperCardboard,prepared_datasets/combined_6class_plasticmetal_cleaned/train/PaperCardboard/paper198.jpg,,prepared_datasets/combined_6class_plasticmetal_cleaned/train/PaperCardboard/paper198.jpg,,,,,,,,
cleaned_train_PaperCardboard_paper199.jpg,CombinedCleaned,image_classification,train,PaperCardboard,PaperCardboard,prepared_datasets/combined_6class_plasticmetal_cleaned/train/PaperCardboard/paper199.jpg,,prepared_datasets/combined_6class_plasticmetal_cleaned/train/PaperCardboard/paper199.jpg,,,,,,,,
cleaned_train_PaperCardboard_paper2.jpg,CombinedCleaned,image_classification,train,PaperCardboard,PaperCardboard,prepared_datasets/combined_6class_plasticmetal_cleaned/train/PaperCardboard/paper2.jpg,,prepared_datasets/combined_6class_plasticmetal_cleaned/train/PaperCardboard/paper2.jpg,,,,,,,,
cleaned_train_PaperCardboard_paper20.jpg,CombinedCleaned,image_classification,train,PaperCardboard,PaperCardboard,prepared_datasets/combined_6class_plasticmetal_cleaned/train/PaperCardboard/paper20.jpg,,prepared_datasets/combined_6class_plasticmetal_cleaned/train/PaperCardboard/paper20.jpg,,,,,,,,
cleaned_train_PaperCardboard_paper200.jpg,CombinedCleaned,image_classification,train,PaperCardboard,PaperCardboard,prepared_datasets/combined_6class_plasticmetal_cleaned/train/PaperCardboard/paper200.jpg,,prepared_datasets/combined_6class_plasticmetal_cleaned/train/PaperCardboard/paper200.jpg,,,,,,,,
cleaned_train_PaperCardboard_paper201.jpg,CombinedCleaned,image_classification,train,PaperCardboard,PaperCardboard,prepared_datasets/combined_6class_plasticmetal_cleaned/train/PaperCardboard/paper201.jpg,,prepared_datasets/combined_6class_plasticmetal_cleaned/train/PaperCardboard/paper201.jpg,,,,,,,,
cleaned_train_PaperCardboard_paper202.jpg,CombinedCleaned,image_classification,train,PaperCardboard,PaperCardboard,prepared_datasets/combined_6class_plasticmetal_cleaned/train/PaperCardboard/paper202.jpg,,prepared_datasets/combined_6class_plasticmetal_cleaned/train/PaperCardboard/paper202.jpg,,,,,,,,
cleaned_train_PaperCardboard_paper206.jpg,CombinedCleaned,image_classification,train,PaperCardboard,PaperCardboard,prepared_datasets/combined_6class_plasticmetal_cleaned/train/PaperCardboard/paper206.jpg,,prepared_datasets/combined_6class_plasticmetal_cleaned/train/PaperCardboard/paper206.jpg,,,,,,,,
cleaned_train_PaperCardboard_paper208.jpg,CombinedCleaned,image_classification,train,PaperCardboard,PaperCardboard,prepared_datasets/combined_6class_plasticmetal_cleaned/train/PaperCardboard/paper208.jpg,,prepared_datasets/combined_6class_plasticmetal_cleaned/train/PaperCardboard/paper208.jpg,,,,,,,,
cleaned_train_PaperCardboard_paper209.jpg,CombinedCleaned,image_classification,train,PaperCardboard,PaperCardboard,prepared_datasets/combined_6class_plasticmetal_cleaned/train/PaperCardboard/paper209.jpg,,prepared_datasets/combined_6class_plasticmetal_cleaned/train/PaperCardboard/paper209.jpg,,,,,,,,
cleaned_train_PaperCardboard_paper21.jpg,CombinedCleaned,image_classification,train,PaperCardboard,PaperCardboard,prepared_datasets/combined_6class_plasticmetal_cleaned/train/PaperCardboard/paper21.jpg,,prepared_datasets/combined_6class_plasticmetal_cleaned/train/PaperCardboard/paper21.jpg,,,,,,,,
cleaned_train_PaperCardboard_paper211.jpg,CombinedCleaned,image_classification,train,PaperCardboard,PaperCardboard,prepared_datasets/combined_6class_plasticmetal_cleaned/train/PaperCardboard/paper211.jpg,,prepared_datasets/combined_6class_plasticmetal_cleaned/train/PaperCardboard/paper211.jpg,,,,,,,,
cleaned_train_PaperCardboard_paper212.jpg,CombinedCleaned,image_classification,train,PaperCardboard,PaperCardboard,prepared_datasets/combined_6class_plasticmetal_cleaned/train/PaperCardboard/paper212.jpg,,prepared_datasets/combined_6class_plasticmetal_cleaned/train/PaperCardboard/paper212.jpg,,,,,,,,
cleaned_train_PaperCardboard_paper214.jpg,CombinedCleaned,image_classification,train,PaperCardboard,PaperCardboard,prepared_datasets/combined_6class_plasticmetal_cleaned/train/PaperCardboard/paper214.jpg,,prepared_datasets/combined_6class_plasticmetal_cleaned/train/PaperCardboard/paper214.jpg,,,,,,,,
cleaned_train_PaperCardboard_paper216.jpg,CombinedCleaned,image_classification,train,PaperCardboard,PaperCardboard,prepared_datasets/combined_6class_plasticmetal_cleaned/train/PaperCardboard/paper216.jpg,,prepared_datasets/combined_6class_plasticmetal_cleaned/train/PaperCardboard/paper216.jpg,,,,,,,,
cleaned_train_PaperCardboard_paper217.jpg,CombinedCleaned,image_classification,train,PaperCardboard,PaperCardboard,prepared_datasets/combined_6class_plasticmetal_cleaned/train/PaperCardboard/paper217.jpg,,prepared_datasets/combined_6class_plasticmetal_cleaned/train/PaperCardboard/paper217.jpg,,,,,,,,
cleaned_train_PaperCardboard_paper218.jpg,CombinedCleaned,image_classification,train,PaperCardboard,PaperCardboard,prepared_datasets/combined_6class_plasticmetal_cleaned/train/PaperCardboard/paper218.jpg,,prepared_datasets/combined_6class_plasticmetal_cleaned/train/PaperCardboard/paper218.jpg,,,,,,,,
cleaned_train_PaperCardboard_paper219.jpg,CombinedCleaned,image_classification,train,PaperCardboard,PaperCardboard,prepared_datasets/combined_6class_plasticmetal_cleaned/train/PaperCardboard/paper219.jpg,,prepared_datasets/combined_6class_plasticmetal_cleaned/train/PaperCardboard/paper219.jpg,,,,,,,,
cleaned_train_PaperCardboard_paper220.jpg,CombinedCleaned,image_classification,train,PaperCardboard,PaperCardboard,prepared_datasets/combined_6class_plasticmetal_cleaned/train/PaperCardboard/paper220.jpg,,prepared_datasets/combined_6class_plasticmetal_cleaned/train/PaperCardboard/paper220.jpg,,,,,,,,
cleaned_train_PaperCardboard_paper221.jpg,CombinedCleaned,image_classification,train,PaperCardboard,PaperCardboard,prepared_datasets/combined_6class_plasticmetal_cleaned/train/PaperCardboard/paper221.jpg,,prepared_datasets/combined_6class_plasticmetal_cleaned/train/PaperCardboard/paper221.jpg,,,,,,,,
cleaned_train_PaperCardboard_paper222.jpg,CombinedCleaned,image_classification,train,PaperCardboard,PaperCardboard,prepared_datasets/combined_6class_plasticmetal_cleaned/train/PaperCardboard/paper222.jpg,,prepared_datasets/combined_6class_plasticmetal_cleaned/train/PaperCardboard/paper222.jpg,,,,,,,,
cleaned_train_PaperCardboard_paper223.jpg,CombinedCleaned,image_classification,train,PaperCardboard,PaperCardboard,prepared_datasets/combined_6class_plasticmetal_cleaned/train/PaperCardboard/paper223.jpg,,prepared_datasets/combined_6class_plasticmetal_cleaned/train/PaperCardboard/paper223.jpg,,,,,,,,
cleaned_train_PaperCardboard_paper225.jpg,CombinedCleaned,image_classification,train,PaperCardboard,PaperCardboard,prepared_datasets/combined_6class_plasticmetal_cleaned/train/PaperCardboard/paper225.jpg,,prepared_datasets/combined_6class_plasticmetal_cleaned/train/PaperCardboard/paper225.jpg,,,,,,,,
cleaned_train_PaperCardboard_paper226.jpg,CombinedCleaned,image_classification,train,PaperCardboard,PaperCardboard,prepared_datasets/combined_6class_plasticmetal_cleaned/train/PaperCardboard/paper226.jpg,,prepared_datasets/combined_6class_plasticmetal_cleaned/train/PaperCardboard/paper226.jpg,,,,,,,,
cleaned_train_PaperCardboard_paper227.jpg,CombinedCleaned,image_classification,train,PaperCardboard,PaperCardboard,prepared_datasets/combined_6class_plasticmetal_cleaned/train/PaperCardboard/paper227.jpg,,prepared_datasets/combined_6class_plasticmetal_cleaned/train/PaperCardboard/paper227.jpg,,,,,,,,
cleaned_train_PaperCardboard_paper228.jpg,CombinedCleaned,image_classification,train,PaperCardboard,PaperCardboard,prepared_datasets/combined_6class_plasticmetal_cleaned/train/PaperCardboard/paper228.jpg,,prepared_datasets/combined_6class_plasticmetal_cleaned/train/PaperCardboard/paper228.jpg,,,,,,,,
cleaned_train_PaperCardboard_paper229.jpg,CombinedCleaned,image_classification,train,PaperCardboard,PaperCardboard,prepared_datasets/combined_6class_plasticmetal_cleaned/train/PaperCardboard/paper229.jpg,,prepared_datasets/combined_6class_plasticmetal_cleaned/train/PaperCardboard/paper229.jpg,,,,,,,,
cleaned_train_PaperCardboard_paper230.jpg,CombinedCleaned,image_classification,train,PaperCardboard,PaperCardboard,prepared_datasets/combined_6class_plasticmetal_cleaned/train/PaperCardboard/paper230.jpg,,prepared_datasets/combined_6class_plasticmetal_cleaned/train/PaperCardboard/paper230.jpg,,,,,,,,
cleaned_train_PaperCardboard_paper234.jpg,CombinedCleaned,image_classification,train,PaperCardboard,PaperCardboard,prepared_datasets/combined_6class_plasticmetal_cleaned/train/PaperCardboard/paper234.jpg,,prepared_datasets/combined_6class_plasticmetal_cleaned/train/PaperCardboard/paper234.jpg,,,,,,,,
cleaned_train_PaperCardboard_paper235.jpg,CombinedCleaned,image_classification,train,PaperCardboard,PaperCardboard,prepared_datasets/combined_6class_plasticmetal_cleaned/train/PaperCardboard/paper235.jpg,,prepared_datasets/combined_6class_plasticmetal_cleaned/train/PaperCardboard/paper235.jpg,,,,,,,,
cleaned_train_PaperCardboard_paper237.jpg,CombinedCleaned,image_classification,train,PaperCardboard,PaperCardboard,prepared_datasets/combined_6class_plasticmetal_cleaned/train/PaperCardboard/paper237.jpg,,prepared_datasets/combined_6class_plasticmetal_cleaned/train/PaperCardboard/paper237.jpg,,,,,,,,
cleaned_train_PaperCardboard_paper238.jpg,CombinedCleaned,image_classification,train,PaperCardboard,PaperCardboard,prepared_datasets/combined_6class_plasticmetal_cleaned/train/PaperCardboard/paper238.jpg,,prepared_datasets/combined_6class_plasticmetal_cleaned/train/PaperCardboard/paper238.jpg,,,,,,,,
cleaned_train_PaperCardboard_paper24.jpg,CombinedCleaned,image_classification,train,PaperCardboard,PaperCardboard,prepared_datasets/combined_6class_plasticmetal_cleaned/train/PaperCardboard/paper24.jpg,,prepared_datasets/combined_6class_plasticmetal_cleaned/train/PaperCardboard/paper24.jpg,,,,,,,,
cleaned_train_PaperCardboard_paper242.jpg,CombinedCleaned,image_classification,train,PaperCardboard,PaperCardboard,prepared_datasets/combined_6class_plasticmetal_cleaned/train/PaperCardboard/paper242.jpg,,prepared_datasets/combined_6class_plasticmetal_cleaned/train/PaperCardboard/paper242.jpg,,,,,,,,
cleaned_train_PaperCardboard_paper243.jpg,CombinedCleaned,image_classification,train,PaperCardboard,PaperCardboard,prepared_datasets/combined_6class_plasticmetal_cleaned/train/PaperCardboard/paper243.jpg,,prepared_datasets/combined_6class_plasticmetal_cleaned/train/PaperCardboard/paper243.jpg,,,,,,,,
cleaned_train_PaperCardboard_paper244.jpg,CombinedCleaned,image_classification,train,PaperCardboard,PaperCardboard,prepared_datasets/combined_6class_plasticmetal_cleaned/train/PaperCardboard/paper244.jpg,,prepared_datasets/combined_6class_plasticmetal_cleaned/train/PaperCardboard/paper244.jpg,,,,,,,,
cleaned_train_PaperCardboard_paper246.jpg,CombinedCleaned,image_classification,train,PaperCardboard,PaperCardboard,prepared_datasets/combined_6class_plasticmetal_cleaned/train/PaperCardboard/paper246.jpg,,prepared_datasets/combined_6class_plasticmetal_cleaned/train/PaperCardboard/paper246.jpg,,,,,,,,
cleaned_train_PaperCardboard_paper248.jpg,CombinedCleaned,image_classification,train,PaperCardboard,PaperCardboard,prepared_datasets/combined_6class_plasticmetal_cleaned/train/PaperCardboard/paper248.jpg,,prepared_datasets/combined_6class_plasticmetal_cleaned/train/PaperCardboard/paper248.jpg,,,,,,,,
cleaned_train_PaperCardboard_paper249.jpg,CombinedCleaned,image_classification,train,PaperCardboard,PaperCardboard,prepared_datasets/combined_6class_plasticmetal_cleaned/train/PaperCardboard/paper249.jpg,,prepared_datasets/combined_6class_plasticmetal_cleaned/train/PaperCardboard/paper249.jpg,,,,,,,,
cleaned_train_PaperCardboard_paper25.jpg,CombinedCleaned,image_classification,train,PaperCardboard,PaperCardboard,prepared_datasets/combined_6class_plasticmetal_cleaned/train/PaperCardboard/paper25.jpg,,prepared_datasets/combined_6class_plasticmetal_cleaned/train/PaperCardboard/paper25.jpg,,,,,,,,
cleaned_train_PaperCardboard_paper250.jpg,CombinedCleaned,image_classification,train,PaperCardboard,PaperCardboard,prepared_datasets/combined_6class_plasticmetal_cleaned/train/PaperCardboard/paper250.jpg,,prepared_datasets/combined_6class_plasticmetal_cleaned/train/PaperCardboard/paper250.jpg,,,,,,,,
cleaned_train_PaperCardboard_paper253.jpg,CombinedCleaned,image_classification,train,PaperCardboard,PaperCardboard,prepared_datasets/combined_6class_plasticmetal_cleaned/train/PaperCardboard/paper253.jpg,,prepared_datasets/combined_6class_plasticmetal_cleaned/train/PaperCardboard/paper253.jpg,,,,,,,,
cleaned_train_PaperCardboard_paper254.jpg,CombinedCleaned,image_classification,train,PaperCardboard,PaperCardboard,prepared_datasets/combined_6class_plasticmetal_cleaned/train/PaperCardboard/paper254.jpg,,prepared_datasets/combined_6class_plasticmetal_cleaned/train/PaperCardboard/paper254.jpg,,,,,,,,
cleaned_train_PaperCardboard_paper255.jpg,CombinedCleaned,image_classification,train,PaperCardboard,PaperCardboard,prepared_datasets/combined_6class_plasticmetal_cleaned/train/PaperCardboard/paper255.jpg,,prepared_datasets/combined_6class_plasticmetal_cleaned/train/PaperCardboard/paper255.jpg,,,,,,,,
cleaned_train_PaperCardboard_paper257.jpg,CombinedCleaned,image_classification,train,PaperCardboard,PaperCardboard,prepared_datasets/combined_6class_plasticmetal_cleaned/train/PaperCardboard/paper257.jpg,,prepared_datasets/combined_6class_plasticmetal_cleaned/train/PaperCardboard/paper257.jpg,,,,,,,,
cleaned_train_PaperCardboard_paper258.jpg,CombinedCleaned,image_classification,train,PaperCardboard,PaperCardboard,prepared_datasets/combined_6class_plasticmetal_cleaned/train/PaperCardboard/paper258.jpg,,prepared_datasets/combined_6class_plasticmetal_cleaned/train/PaperCardboard/paper258.jpg,,,,,,,,
cleaned_train_PaperCardboard_paper259.jpg,CombinedCleaned,image_classification,train,PaperCardboard,PaperCardboard,prepared_datasets/combined_6class_plasticmetal_cleaned/train/PaperCardboard/paper259.jpg,,prepared_datasets/combined_6class_plasticmetal_cleaned/train/PaperCardboard/paper259.jpg,,,,,,,,
cleaned_train_PaperCardboard_paper26.jpg,CombinedCleaned,image_classification,train,PaperCardboard,PaperCardboard,prepared_datasets/combined_6class_plasticmetal_cleaned/train/PaperCardboard/paper26.jpg,,prepared_datasets/combined_6class_plasticmetal_cleaned/train/PaperCardboard/paper26.jpg,,,,,,,,
cleaned_train_PaperCardboard_paper261.jpg,CombinedCleaned,image_classification,train,PaperCardboard,PaperCardboard,prepared_datasets/combined_6class_plasticmetal_cleaned/train/PaperCardboard/paper261.jpg,,prepared_datasets/combined_6class_plasticmetal_cleaned/train/PaperCardboard/paper261.jpg,,,,,,,,
cleaned_train_PaperCardboard_paper262.jpg,CombinedCleaned,image_classification,train,PaperCardboard,PaperCardboard,prepared_datasets/combined_6class_plasticmetal_cleaned/train/PaperCardboard/paper262.jpg,,prepared_datasets/combined_6class_plasticmetal_cleaned/train/PaperCardboard/paper262.jpg,,,,,,,,
cleaned_train_PaperCardboard_paper263.jpg,CombinedCleaned,image_classification,train,PaperCardboard,PaperCardboard,prepared_datasets/combined_6class_plasticmetal_cleaned/train/PaperCardboard/paper263.jpg,,prepared_datasets/combined_6class_plasticmetal_cleaned/train/PaperCardboard/paper263.jpg,,,,,,,,
cleaned_train_PaperCardboard_paper264.jpg,CombinedCleaned,image_classification,train,PaperCardboard,PaperCardboard,prepared_datasets/combined_6class_plasticmetal_cleaned/train/PaperCardboard/paper264.jpg,,prepared_datasets/combined_6class_plasticmetal_cleaned/train/PaperCardboard/paper264.jpg,,,,,,,,
cleaned_train_PaperCardboard_paper267.jpg,CombinedCleaned,image_classification,train,PaperCardboard,PaperCardboard,prepared_datasets/combined_6class_plasticmetal_cleaned/train/PaperCardboard/paper267.jpg,,prepared_datasets/combined_6class_plasticmetal_cleaned/train/PaperCardboard/paper267.jpg,,,,,,,,
cleaned_train_PaperCardboard_paper268.jpg,CombinedCleaned,image_classification,train,PaperCardboard,PaperCardboard,prepared_datasets/combined_6class_plasticmetal_cleaned/train/PaperCardboard/paper268.jpg,,prepared_datasets/combined_6class_plasticmetal_cleaned/train/PaperCardboard/paper268.jpg,,,,,,,,
cleaned_train_PaperCardboard_paper269.jpg,CombinedCleaned,image_classification,train,PaperCardboard,PaperCardboard,prepared_datasets/combined_6class_plasticmetal_cleaned/train/PaperCardboard/paper269.jpg,,prepared_datasets/combined_6class_plasticmetal_cleaned/train/PaperCardboard/paper269.jpg,,,,,,,,
cleaned_train_PaperCardboard_paper27.jpg,CombinedCleaned,image_classification,train,PaperCardboard,PaperCardboard,prepared_datasets/combined_6class_plasticmetal_cleaned/train/PaperCardboard/paper27.jpg,,prepared_datasets/combined_6class_plasticmetal_cleaned/train/PaperCardboard/paper27.jpg,,,,,,,,
cleaned_train_PaperCardboard_paper270.jpg,CombinedCleaned,image_classification,train,PaperCardboard,PaperCardboard,prepared_datasets/combined_6class_plasticmetal_cleaned/train/PaperCardboard/paper270.jpg,,prepared_datasets/combined_6class_plasticmetal_cleaned/train/PaperCardboard/paper270.jpg,,,,,,,,
cleaned_train_PaperCardboard_paper271.jpg,CombinedCleaned,image_classification,train,PaperCardboard,PaperCardboard,prepared_datasets/combined_6class_plasticmetal_cleaned/train/PaperCardboard/paper271.jpg,,prepared_datasets/combined_6class_plasticmetal_cleaned/train/PaperCardboard/paper271.jpg,,,,,,,,
cleaned_train_PaperCardboard_paper274.jpg,CombinedCleaned,image_classification,train,PaperCardboard,PaperCardboard,prepared_datasets/combined_6class_plasticmetal_cleaned/train/PaperCardboard/paper274.jpg,,prepared_datasets/combined_6class_plasticmetal_cleaned/train/PaperCardboard/paper274.jpg,,,,,,,,
cleaned_train_PaperCardboard_paper276.jpg,CombinedCleaned,image_classification,train,PaperCardboard,PaperCardboard,prepared_datasets/combined_6class_plasticmetal_cleaned/train/PaperCardboard/paper276.jpg,,prepared_datasets/combined_6class_plasticmetal_cleaned/train/PaperCardboard/paper276.jpg,,,,,,,,
cleaned_train_PaperCardboard_paper277.jpg,CombinedCleaned,image_classification,train,PaperCardboard,PaperCardboard,prepared_datasets/combined_6class_plasticmetal_cleaned/train/PaperCardboard/paper277.jpg,,prepared_datasets/combined_6class_plasticmetal_cleaned/train/PaperCardboard/paper277.jpg,,,,,,,,
cleaned_train_PaperCardboard_paper278.jpg,CombinedCleaned,image_classification,train,PaperCardboard,PaperCardboard,prepared_datasets/combined_6class_plasticmetal_cleaned/train/PaperCardboard/paper278.jpg,,prepared_datasets/combined_6class_plasticmetal_cleaned/train/PaperCardboard/paper278.jpg,,,,,,,,
cleaned_train_PaperCardboard_paper279.jpg,CombinedCleaned,image_classification,train,PaperCardboard,PaperCardboard,prepared_datasets/combined_6class_plasticmetal_cleaned/train/PaperCardboard/paper279.jpg,,prepared_datasets/combined_6class_plasticmetal_cleaned/train/PaperCardboard/paper279.jpg,,,,,,,,
cleaned_train_PaperCardboard_paper28.jpg,CombinedCleaned,image_classification,train,PaperCardboard,PaperCardboard,prepared_datasets/combined_6class_plasticmetal_cleaned/train/PaperCardboard/paper28.jpg,,prepared_datasets/combined_6class_plasticmetal_cleaned/train/PaperCardboard/paper28.jpg,,,,,,,,
cleaned_train_PaperCardboard_paper280.jpg,CombinedCleaned,image_classification,train,PaperCardboard,PaperCardboard,prepared_datasets/combined_6class_plasticmetal_cleaned/train/PaperCardboard/paper280.jpg,,prepared_datasets/combined_6class_plasticmetal_cleaned/train/PaperCardboard/paper280.jpg,,,,,,,,
cleaned_train_PaperCardboard_paper282.jpg,CombinedCleaned,image_classification,train,PaperCardboard,PaperCardboard,prepared_datasets/combined_6class_plasticmetal_cleaned/train/PaperCardboard/paper282.jpg,,prepared_datasets/combined_6class_plasticmetal_cleaned/train/PaperCardboard/paper282.jpg,,,,,,,,
cleaned_train_PaperCardboard_paper283.jpg,CombinedCleaned,image_classification,train,PaperCardboard,PaperCardboard,prepared_datasets/combined_6class_plasticmetal_cleaned/train/PaperCardboard/paper283.jpg,,prepared_datasets/combined_6class_plasticmetal_cleaned/train/PaperCardboard/paper283.jpg,,,,,,,,
cleaned_train_PaperCardboard_paper284.jpg,CombinedCleaned,image_classification,train,PaperCardboard,PaperCardboard,prepared_datasets/combined_6class_plasticmetal_cleaned/train/PaperCardboard/paper284.jpg,,prepared_datasets/combined_6class_plasticmetal_cleaned/train/PaperCardboard/paper284.jpg,,,,,,,,
cleaned_train_PaperCardboard_paper285.jpg,CombinedCleaned,image_classification,train,PaperCardboard,PaperCardboard,prepared_datasets/combined_6class_plasticmetal_cleaned/train/PaperCardboard/paper285.jpg,,prepared_datasets/combined_6class_plasticmetal_cleaned/train/PaperCardboard/paper285.jpg,,,,,,,,
cleaned_train_PaperCardboard_paper286.jpg,CombinedCleaned,image_classification,train,PaperCardboard,PaperCardboard,prepared_datasets/combined_6class_plasticmetal_cleaned/train/PaperCardboard/paper286.jpg,,prepared_datasets/combined_6class_plasticmetal_cleaned/train/PaperCardboard/paper286.jpg,,,,,,,,
cleaned_train_PaperCardboard_paper288.jpg,CombinedCleaned,image_classification,train,PaperCardboard,PaperCardboard,prepared_datasets/combined_6class_plasticmetal_cleaned/train/PaperCardboard/paper288.jpg,,prepared_datasets/combined_6class_plasticmetal_cleaned/train/PaperCardboard/paper288.jpg,,,,,,,,
cleaned_train_PaperCardboard_paper289.jpg,CombinedCleaned,image_classification,train,PaperCardboard,PaperCardboard,prepared_datasets/combined_6class_plasticmetal_cleaned/train/PaperCardboard/paper289.jpg,,prepared_datasets/combined_6class_plasticmetal_cleaned/train/PaperCardboard/paper289.jpg,,,,,,,,
cleaned_train_PaperCardboard_paper29.jpg,CombinedCleaned,image_classification,train,PaperCardboard,PaperCardboard,prepared_datasets/combined_6class_plasticmetal_cleaned/train/PaperCardboard/paper29.jpg,,prepared_datasets/combined_6class_plasticmetal_cleaned/train/PaperCardboard/paper29.jpg,,,,,,,,
cleaned_train_PaperCardboard_paper290.jpg,CombinedCleaned,image_classification,train,PaperCardboard,PaperCardboard,prepared_datasets/combined_6class_plasticmetal_cleaned/train/PaperCardboard/paper290.jpg,,prepared_datasets/combined_6class_plasticmetal_cleaned/train/PaperCardboard/paper290.jpg,,,,,,,,
cleaned_train_PaperCardboard_paper291.jpg,CombinedCleaned,image_classification,train,PaperCardboard,PaperCardboard,prepared_datasets/combined_6class_plasticmetal_cleaned/train/PaperCardboard/paper291.jpg,,prepared_datasets/combined_6class_plasticmetal_cleaned/train/PaperCardboard/paper291.jpg,,,,,,,,
cleaned_train_PaperCardboard_paper292.jpg,CombinedCleaned,image_classification,train,PaperCardboard,PaperCardboard,prepared_datasets/combined_6class_plasticmetal_cleaned/train/PaperCardboard/paper292.jpg,,prepared_datasets/combined_6class_plasticmetal_cleaned/train/PaperCardboard/paper292.jpg,,,,,,,,
cleaned_train_PaperCardboard_paper293.jpg,CombinedCleaned,image_classification,train,PaperCardboard,PaperCardboard,prepared_datasets/combined_6class_plasticmetal_cleaned/train/PaperCardboard/paper293.jpg,,prepared_datasets/combined_6class_plasticmetal_cleaned/train/PaperCardboard/paper293.jpg,,,,,,,,
cleaned_train_PaperCardboard_paper294.jpg,CombinedCleaned,image_classification,train,PaperCardboard,PaperCardboard,prepared_datasets/combined_6class_plasticmetal_cleaned/train/PaperCardboard/paper294.jpg,,prepared_datasets/combined_6class_plasticmetal_cleaned/train/PaperCardboard/paper294.jpg,,,,,,,,
cleaned_train_PaperCardboard_paper295.jpg,CombinedCleaned,image_classification,train,PaperCardboard,PaperCardboard,prepared_datasets/combined_6class_plasticmetal_cleaned/train/PaperCardboard/paper295.jpg,,prepared_datasets/combined_6class_plasticmetal_cleaned/train/PaperCardboard/paper295.jpg,,,,,,,,
cleaned_train_PaperCardboard_paper296.jpg,CombinedCleaned,image_classification,train,PaperCardboard,PaperCardboard,prepared_datasets/combined_6class_plasticmetal_cleaned/train/PaperCardboard/paper296.jpg,,prepared_datasets/combined_6class_plasticmetal_cleaned/train/PaperCardboard/paper296.jpg,,,,,,,,
cleaned_train_PaperCardboard_paper297.jpg,CombinedCleaned,image_classification,train,PaperCardboard,PaperCardboard,prepared_datasets/combined_6class_plasticmetal_cleaned/train/PaperCardboard/paper297.jpg,,prepared_datasets/combined_6class_plasticmetal_cleaned/train/PaperCardboard/paper297.jpg,,,,,,,,
cleaned_train_PaperCardboard_paper298.jpg,CombinedCleaned,image_classification,train,PaperCardboard,PaperCardboard,prepared_datasets/combined_6class_plasticmetal_cleaned/train/PaperCardboard/paper298.jpg,,prepared_datasets/combined_6class_plasticmetal_cleaned/train/PaperCardboard/paper298.jpg,,,,,,,,
cleaned_train_PaperCardboard_paper299.jpg,CombinedCleaned,image_classification,train,PaperCardboard,PaperCardboard,prepared_datasets/combined_6class_plasticmetal_cleaned/train/PaperCardboard/paper299.jpg,,prepared_datasets/combined_6class_plasticmetal_cleaned/train/PaperCardboard/paper299.jpg,,,,,,,,
cleaned_train_PaperCardboard_paper3.jpg,CombinedCleaned,image_classification,train,PaperCardboard,PaperCardboard,prepared_datasets/combined_6class_plasticmetal_cleaned/train/PaperCardboard/paper3.jpg,,prepared_datasets/combined_6class_plasticmetal_cleaned/train/PaperCardboard/paper3.jpg,,,,,,,,
cleaned_train_PaperCardboard_paper30.jpg,CombinedCleaned,image_classification,train,PaperCardboard,PaperCardboard,prepared_datasets/combined_6class_plasticmetal_cleaned/train/PaperCardboard/paper30.jpg,,prepared_datasets/combined_6class_plasticmetal_cleaned/train/PaperCardboard/paper30.jpg,,,,,,,,
cleaned_train_PaperCardboard_paper300.jpg,CombinedCleaned,image_classification,train,PaperCardboard,PaperCardboard,prepared_datasets/combined_6class_plasticmetal_cleaned/train/PaperCardboard/paper300.jpg,,prepared_datasets/combined_6class_plasticmetal_cleaned/train/PaperCardboard/paper300.jpg,,,,,,,,
cleaned_train_PaperCardboard_paper301.jpg,CombinedCleaned,image_classification,train,PaperCardboard,PaperCardboard,prepared_datasets/combined_6class_plasticmetal_cleaned/train/PaperCardboard/paper301.jpg,,prepared_datasets/combined_6class_plasticmetal_cleaned/train/PaperCardboard/paper301.jpg,,,,,,,,
cleaned_train_PaperCardboard_paper302.jpg,CombinedCleaned,image_classification,train,PaperCardboard,PaperCardboard,prepared_datasets/combined_6class_plasticmetal_cleaned/train/PaperCardboard/paper302.jpg,,prepared_datasets/combined_6class_plasticmetal_cleaned/train/PaperCardboard/paper302.jpg,,,,,,,,
cleaned_train_PaperCardboard_paper303.jpg,CombinedCleaned,image_classification,train,PaperCardboard,PaperCardboard,prepared_datasets/combined_6class_plasticmetal_cleaned/train/PaperCardboard/paper303.jpg,,prepared_datasets/combined_6class_plasticmetal_cleaned/train/PaperCardboard/paper303.jpg,,,,,,,,
cleaned_train_PaperCardboard_paper304.jpg,CombinedCleaned,image_classification,train,PaperCardboard,PaperCardboard,prepared_datasets/combined_6class_plasticmetal_cleaned/train/PaperCardboard/paper304.jpg,,prepared_datasets/combined_6class_plasticmetal_cleaned/train/PaperCardboard/paper304.jpg,,,,,,,,
cleaned_train_PaperCardboard_paper305.jpg,CombinedCleaned,image_classification,train,PaperCardboard,PaperCardboard,prepared_datasets/combined_6class_plasticmetal_cleaned/train/PaperCardboard/paper305.jpg,,prepared_datasets/combined_6class_plasticmetal_cleaned/train/PaperCardboard/paper305.jpg,,,,,,,,
cleaned_train_PaperCardboard_paper307.jpg,CombinedCleaned,image_classification,train,PaperCardboard,PaperCardboard,prepared_datasets/combined_6class_plasticmetal_cleaned/train/PaperCardboard/paper307.jpg,,prepared_datasets/combined_6class_plasticmetal_cleaned/train/PaperCardboard/paper307.jpg,,,,,,,,
cleaned_train_PaperCardboard_paper309.jpg,CombinedCleaned,image_classification,train,PaperCardboard,PaperCardboard,prepared_datasets/combined_6class_plasticmetal_cleaned/train/PaperCardboard/paper309.jpg,,prepared_datasets/combined_6class_plasticmetal_cleaned/train/PaperCardboard/paper309.jpg,,,,,,,,
cleaned_train_PaperCardboard_paper310.jpg,CombinedCleaned,image_classification,train,PaperCardboard,PaperCardboard,prepared_datasets/combined_6class_plasticmetal_cleaned/train/PaperCardboard/paper310.jpg,,prepared_datasets/combined_6class_plasticmetal_cleaned/train/PaperCardboard/paper310.jpg,,,,,,,,
cleaned_train_PaperCardboard_paper311.jpg,CombinedCleaned,image_classification,train,PaperCardboard,PaperCardboard,prepared_datasets/combined_6class_plasticmetal_cleaned/train/PaperCardboard/paper311.jpg,,prepared_datasets/combined_6class_plasticmetal_cleaned/train/PaperCardboard/paper311.jpg,,,,,,,,
cleaned_train_PaperCardboard_paper313.jpg,CombinedCleaned,image_classification,train,PaperCardboard,PaperCardboard,prepared_datasets/combined_6class_plasticmetal_cleaned/train/PaperCardboard/paper313.jpg,,prepared_datasets/combined_6class_plasticmetal_cleaned/train/PaperCardboard/paper313.jpg,,,,,,,,
cleaned_train_PaperCardboard_paper316.jpg,CombinedCleaned,image_classification,train,PaperCardboard,PaperCardboard,prepared_datasets/combined_6class_plasticmetal_cleaned/train/PaperCardboard/paper316.jpg,,prepared_datasets/combined_6class_plasticmetal_cleaned/train/PaperCardboard/paper316.jpg,,,,,,,,
cleaned_train_PaperCardboard_paper317.jpg,CombinedCleaned,image_classification,train,PaperCardboard,PaperCardboard,prepared_datasets/combined_6class_plasticmetal_cleaned/train/PaperCardboard/paper317.jpg,,prepared_datasets/combined_6class_plasticmetal_cleaned/train/PaperCardboard/paper317.jpg,,,,,,,,
cleaned_train_PaperCardboard_paper318.jpg,CombinedCleaned,image_classification,train,PaperCardboard,PaperCardboard,prepared_datasets/combined_6class_plasticmetal_cleaned/train/PaperCardboard/paper318.jpg,,prepared_datasets/combined_6class_plasticmetal_cleaned/train/PaperCardboard/paper318.jpg,,,,,,,,
cleaned_train_PaperCardboard_paper320.jpg,CombinedCleaned,image_classification,train,PaperCardboard,PaperCardboard,prepared_datasets/combined_6class_plasticmetal_cleaned/train/PaperCardboard/paper320.jpg,,prepared_datasets/combined_6class_plasticmetal_cleaned/train/PaperCardboard/paper320.jpg,,,,,,,,
cleaned_train_PaperCardboard_paper321.jpg,CombinedCleaned,image_classification,train,PaperCardboard,PaperCardboard,prepared_datasets/combined_6class_plasticmetal_cleaned/train/PaperCardboard/paper321.jpg,,prepared_datasets/combined_6class_plasticmetal_cleaned/train/PaperCardboard/paper321.jpg,,,,,,,,
cleaned_train_PaperCardboard_paper322.jpg,CombinedCleaned,image_classification,train,PaperCardboard,PaperCardboard,prepared_datasets/combined_6class_plasticmetal_cleaned/train/PaperCardboard/paper322.jpg,,prepared_datasets/combined_6class_plasticmetal_cleaned/train/PaperCardboard/paper322.jpg,,,,,,,,
cleaned_train_PaperCardboard_paper325.jpg,CombinedCleaned,image_classification,train,PaperCardboard,PaperCardboard,prepared_datasets/combined_6class_plasticmetal_cleaned/train/PaperCardboard/paper325.jpg,,prepared_datasets/combined_6class_plasticmetal_cleaned/train/PaperCardboard/paper325.jpg,,,,,,,,
cleaned_train_PaperCardboard_paper326.jpg,CombinedCleaned,image_classification,train,PaperCardboard,PaperCardboard,prepared_datasets/combined_6class_plasticmetal_cleaned/train/PaperCardboard/paper326.jpg,,prepared_datasets/combined_6class_plasticmetal_cleaned/train/PaperCardboard/paper326.jpg,,,,,,,,
cleaned_train_PaperCardboard_paper327.jpg,CombinedCleaned,image_classification,train,PaperCardboard,PaperCardboard,prepared_datasets/combined_6class_plasticmetal_cleaned/train/PaperCardboard/paper327.jpg,,prepared_datasets/combined_6class_plasticmetal_cleaned/train/PaperCardboard/paper327.jpg,,,,,,,,
cleaned_train_PaperCardboard_paper328.jpg,CombinedCleaned,image_classification,train,PaperCardboard,PaperCardboard,prepared_datasets/combined_6class_plasticmetal_cleaned/train/PaperCardboard/paper328.jpg,,prepared_datasets/combined_6class_plasticmetal_cleaned/train/PaperCardboard/paper328.jpg,,,,,,,,
cleaned_train_PaperCardboard_paper329.jpg,CombinedCleaned,image_classification,train,PaperCardboard,PaperCardboard,prepared_datasets/combined_6class_plasticmetal_cleaned/train/PaperCardboard/paper329.jpg,,prepared_datasets/combined_6class_plasticmetal_cleaned/train/PaperCardboard/paper329.jpg,,,,,,,,
cleaned_train_PaperCardboard_paper330.jpg,CombinedCleaned,image_classification,train,PaperCardboard,PaperCardboard,prepared_datasets/combined_6class_plasticmetal_cleaned/train/PaperCardboard/paper330.jpg,,prepared_datasets/combined_6class_plasticmetal_cleaned/train/PaperCardboard/paper330.jpg,,,,,,,,
cleaned_train_PaperCardboard_paper332.jpg,CombinedCleaned,image_classification,train,PaperCardboard,PaperCardboard,prepared_datasets/combined_6class_plasticmetal_cleaned/train/PaperCardboard/paper332.jpg,,prepared_datasets/combined_6class_plasticmetal_cleaned/train/PaperCardboard/paper332.jpg,,,,,,,,
cleaned_train_PaperCardboard_paper333.jpg,CombinedCleaned,image_classification,train,PaperCardboard,PaperCardboard,prepared_datasets/combined_6class_plasticmetal_cleaned/train/PaperCardboard/paper333.jpg,,prepared_datasets/combined_6class_plasticmetal_cleaned/train/PaperCardboard/paper333.jpg,,,,,,,,
cleaned_train_PaperCardboard_paper334.jpg,CombinedCleaned,image_classification,train,PaperCardboard,PaperCardboard,prepared_datasets/combined_6class_plasticmetal_cleaned/train/PaperCardboard/paper334.jpg,,prepared_datasets/combined_6class_plasticmetal_cleaned/train/PaperCardboard/paper334.jpg,,,,,,,,
cleaned_train_PaperCardboard_paper335.jpg,CombinedCleaned,image_classification,train,PaperCardboard,PaperCardboard,prepared_datasets/combined_6class_plasticmetal_cleaned/train/PaperCardboard/paper335.jpg,,prepared_datasets/combined_6class_plasticmetal_cleaned/train/PaperCardboard/paper335.jpg,,,,,,,,
cleaned_train_PaperCardboard_paper336.jpg,CombinedCleaned,image_classification,train,PaperCardboard,PaperCardboard,prepared_datasets/combined_6class_plasticmetal_cleaned/train/PaperCardboard/paper336.jpg,,prepared_datasets/combined_6class_plasticmetal_cleaned/train/PaperCardboard/paper336.jpg,,,,,,,,
cleaned_train_PaperCardboard_paper337.jpg,CombinedCleaned,image_classification,train,PaperCardboard,PaperCardboard,prepared_datasets/combined_6class_plasticmetal_cleaned/train/PaperCardboard/paper337.jpg,,prepared_datasets/combined_6class_plasticmetal_cleaned/train/PaperCardboard/paper337.jpg,,,,,,,,
cleaned_train_PaperCardboard_paper338.jpg,CombinedCleaned,image_classification,train,PaperCardboard,PaperCardboard,prepared_datasets/combined_6class_plasticmetal_cleaned/train/PaperCardboard/paper338.jpg,,prepared_datasets/combined_6class_plasticmetal_cleaned/train/PaperCardboard/paper338.jpg,,,,,,,,
cleaned_train_PaperCardboard_paper339.jpg,CombinedCleaned,image_classification,train,PaperCardboard,PaperCardboard,prepared_datasets/combined_6class_plasticmetal_cleaned/train/PaperCardboard/paper339.jpg,,prepared_datasets/combined_6class_plasticmetal_cleaned/train/PaperCardboard/paper339.jpg,,,,,,,,
cleaned_train_PaperCardboard_paper34.jpg,CombinedCleaned,image_classification,train,PaperCardboard,PaperCardboard,prepared_datasets/combined_6class_plasticmetal_cleaned/train/PaperCardboard/paper34.jpg,,prepared_datasets/combined_6class_plasticmetal_cleaned/train/PaperCardboard/paper34.jpg,,,,,,,,
cleaned_train_PaperCardboard_paper340.jpg,CombinedCleaned,image_classification,train,PaperCardboard,PaperCardboard,prepared_datasets/combined_6class_plasticmetal_cleaned/train/PaperCardboard/paper340.jpg,,prepared_datasets/combined_6class_plasticmetal_cleaned/train/PaperCardboard/paper340.jpg,,,,,,,,
cleaned_train_PaperCardboard_paper341.jpg,CombinedCleaned,image_classification,train,PaperCardboard,PaperCardboard,prepared_datasets/combined_6class_plasticmetal_cleaned/train/PaperCardboard/paper341.jpg,,prepared_datasets/combined_6class_plasticmetal_cleaned/train/PaperCardboard/paper341.jpg,,,,,,,,
cleaned_train_PaperCardboard_paper346.jpg,CombinedCleaned,image_classification,train,PaperCardboard,PaperCardboard,prepared_datasets/combined_6class_plasticmetal_cleaned/train/PaperCardboard/paper346.jpg,,prepared_datasets/combined_6class_plasticmetal_cleaned/train/PaperCardboard/paper346.jpg,,,,,,,,
cleaned_train_PaperCardboard_paper348.jpg,CombinedCleaned,image_classification,train,PaperCardboard,PaperCardboard,prepared_datasets/combined_6class_plasticmetal_cleaned/train/PaperCardboard/paper348.jpg,,prepared_datasets/combined_6class_plasticmetal_cleaned/train/PaperCardboard/paper348.jpg,,,,,,,,
cleaned_train_PaperCardboard_paper349.jpg,CombinedCleaned,image_classification,train,PaperCardboard,PaperCardboard,prepared_datasets/combined_6class_plasticmetal_cleaned/train/PaperCardboard/paper349.jpg,,prepared_datasets/combined_6class_plasticmetal_cleaned/train/PaperCardboard/paper349.jpg,,,,,,,,
cleaned_train_PaperCardboard_paper351.jpg,CombinedCleaned,image_classification,train,PaperCardboard,PaperCardboard,prepared_datasets/combined_6class_plasticmetal_cleaned/train/PaperCardboard/paper351.jpg,,prepared_datasets/combined_6class_plasticmetal_cleaned/train/PaperCardboard/paper351.jpg,,,,,,,,
cleaned_train_PaperCardboard_paper352.jpg,CombinedCleaned,image_classification,train,PaperCardboard,PaperCardboard,prepared_datasets/combined_6class_plasticmetal_cleaned/train/PaperCardboard/paper352.jpg,,prepared_datasets/combined_6class_plasticmetal_cleaned/train/PaperCardboard/paper352.jpg,,,,,,,,
cleaned_train_PaperCardboard_paper354.jpg,CombinedCleaned,image_classification,train,PaperCardboard,PaperCardboard,prepared_datasets/combined_6class_plasticmetal_cleaned/train/PaperCardboard/paper354.jpg,,prepared_datasets/combined_6class_plasticmetal_cleaned/train/PaperCardboard/paper354.jpg,,,,,,,,
cleaned_train_PaperCardboard_paper356.jpg,CombinedCleaned,image_classification,train,PaperCardboard,PaperCardboard,prepared_datasets/combined_6class_plasticmetal_cleaned/train/PaperCardboard/paper356.jpg,,prepared_datasets/combined_6class_plasticmetal_cleaned/train/PaperCardboard/paper356.jpg,,,,,,,,
cleaned_train_PaperCardboard_paper357.jpg,CombinedCleaned,image_classification,train,PaperCardboard,PaperCardboard,prepared_datasets/combined_6class_plasticmetal_cleaned/train/PaperCardboard/paper357.jpg,,prepared_datasets/combined_6class_plasticmetal_cleaned/train/PaperCardboard/paper357.jpg,,,,,,,,
cleaned_train_PaperCardboard_paper358.jpg,CombinedCleaned,image_classification,train,PaperCardboard,PaperCardboard,prepared_datasets/combined_6class_plasticmetal_cleaned/train/PaperCardboard/paper358.jpg,,prepared_datasets/combined_6class_plasticmetal_cleaned/train/PaperCardboard/paper358.jpg,,,,,,,,
cleaned_train_PaperCardboard_paper359.jpg,CombinedCleaned,image_classification,train,PaperCardboard,PaperCardboard,prepared_datasets/combined_6class_plasticmetal_cleaned/train/PaperCardboard/paper359.jpg,,prepared_datasets/combined_6class_plasticmetal_cleaned/train/PaperCardboard/paper359.jpg,,,,,,,,
cleaned_train_PaperCardboard_paper360.jpg,CombinedCleaned,image_classification,train,PaperCardboard,PaperCardboard,prepared_datasets/combined_6class_plasticmetal_cleaned/train/PaperCardboard/paper360.jpg,,prepared_datasets/combined_6class_plasticmetal_cleaned/train/PaperCardboard/paper360.jpg,,,,,,,,
cleaned_train_PaperCardboard_paper361.jpg,CombinedCleaned,image_classification,train,PaperCardboard,PaperCardboard,prepared_datasets/combined_6class_plasticmetal_cleaned/train/PaperCardboard/paper361.jpg,,prepared_datasets/combined_6class_plasticmetal_cleaned/train/PaperCardboard/paper361.jpg,,,,,,,,
cleaned_train_PaperCardboard_paper362.jpg,CombinedCleaned,image_classification,train,PaperCardboard,PaperCardboard,prepared_datasets/combined_6class_plasticmetal_cleaned/train/PaperCardboard/paper362.jpg,,prepared_datasets/combined_6class_plasticmetal_cleaned/train/PaperCardboard/paper362.jpg,,,,,,,,
cleaned_train_PaperCardboard_paper363.jpg,CombinedCleaned,image_classification,train,PaperCardboard,PaperCardboard,prepared_datasets/combined_6class_plasticmetal_cleaned/train/PaperCardboard/paper363.jpg,,prepared_datasets/combined_6class_plasticmetal_cleaned/train/PaperCardboard/paper363.jpg,,,,,,,,
cleaned_train_PaperCardboard_paper366.jpg,CombinedCleaned,image_classification,train,PaperCardboard,PaperCardboard,prepared_datasets/combined_6class_plasticmetal_cleaned/train/PaperCardboard/paper366.jpg,,prepared_datasets/combined_6class_plasticmetal_cleaned/train/PaperCardboard/paper366.jpg,,,,,,,,
cleaned_train_PaperCardboard_paper367.jpg,CombinedCleaned,image_classification,train,PaperCardboard,PaperCardboard,prepared_datasets/combined_6class_plasticmetal_cleaned/train/PaperCardboard/paper367.jpg,,prepared_datasets/combined_6class_plasticmetal_cleaned/train/PaperCardboard/paper367.jpg,,,,,,,,
cleaned_train_PaperCardboard_paper369.jpg,CombinedCleaned,image_classification,train,PaperCardboard,PaperCardboard,prepared_datasets/combined_6class_plasticmetal_cleaned/train/PaperCardboard/paper369.jpg,,prepared_datasets/combined_6class_plasticmetal_cleaned/train/PaperCardboard/paper369.jpg,,,,,,,,
cleaned_train_PaperCardboard_paper370.jpg,CombinedCleaned,image_classification,train,PaperCardboard,PaperCardboard,prepared_datasets/combined_6class_plasticmetal_cleaned/train/PaperCardboard/paper370.jpg,,prepared_datasets/combined_6class_plasticmetal_cleaned/train/PaperCardboard/paper370.jpg,,,,,,,,
cleaned_train_PaperCardboard_paper371.jpg,CombinedCleaned,image_classification,train,PaperCardboard,PaperCardboard,prepared_datasets/combined_6class_plasticmetal_cleaned/train/PaperCardboard/paper371.jpg,,prepared_datasets/combined_6class_plasticmetal_cleaned/train/PaperCardboard/paper371.jpg,,,,,,,,
cleaned_train_PaperCardboard_paper372.jpg,CombinedCleaned,image_classification,train,PaperCardboard,PaperCardboard,prepared_datasets/combined_6class_plasticmetal_cleaned/train/PaperCardboard/paper372.jpg,,prepared_datasets/combined_6class_plasticmetal_cleaned/train/PaperCardboard/paper372.jpg,,,,,,,,
cleaned_train_PaperCardboard_paper373.jpg,CombinedCleaned,image_classification,train,PaperCardboard,PaperCardboard,prepared_datasets/combined_6class_plasticmetal_cleaned/train/PaperCardboard/paper373.jpg,,prepared_datasets/combined_6class_plasticmetal_cleaned/train/PaperCardboard/paper373.jpg,,,,,,,,
cleaned_train_PaperCardboard_paper376.jpg,CombinedCleaned,image_classification,train,PaperCardboard,PaperCardboard,prepared_datasets/combined_6class_plasticmetal_cleaned/train/PaperCardboard/paper376.jpg,,prepared_datasets/combined_6class_plasticmetal_cleaned/train/PaperCardboard/paper376.jpg,,,,,,,,
cleaned_train_PaperCardboard_paper377.jpg,CombinedCleaned,image_classification,train,PaperCardboard,PaperCardboard,prepared_datasets/combined_6class_plasticmetal_cleaned/train/PaperCardboard/paper377.jpg,,prepared_datasets/combined_6class_plasticmetal_cleaned/train/PaperCardboard/paper377.jpg,,,,,,,,
cleaned_train_PaperCardboard_paper378.jpg,CombinedCleaned,image_classification,train,PaperCardboard,PaperCardboard,prepared_datasets/combined_6class_plasticmetal_cleaned/train/PaperCardboard/paper378.jpg,,prepared_datasets/combined_6class_plasticmetal_cleaned/train/PaperCardboard/paper378.jpg,,,,,,,,
cleaned_train_PaperCardboard_paper379.jpg,CombinedCleaned,image_classification,train,PaperCardboard,PaperCardboard,prepared_datasets/combined_6class_plasticmetal_cleaned/train/PaperCardboard/paper379.jpg,,prepared_datasets/combined_6class_plasticmetal_cleaned/train/PaperCardboard/paper379.jpg,,,,,,,,
cleaned_train_PaperCardboard_paper380.jpg,CombinedCleaned,image_classification,train,PaperCardboard,PaperCardboard,prepared_datasets/combined_6class_plasticmetal_cleaned/train/PaperCardboard/paper380.jpg,,prepared_datasets/combined_6class_plasticmetal_cleaned/train/PaperCardboard/paper380.jpg,,,,,,,,
cleaned_train_PaperCardboard_paper381.jpg,CombinedCleaned,image_classification,train,PaperCardboard,PaperCardboard,prepared_datasets/combined_6class_plasticmetal_cleaned/train/PaperCardboard/paper381.jpg,,prepared_datasets/combined_6class_plasticmetal_cleaned/train/PaperCardboard/paper381.jpg,,,,,,,,
cleaned_train_PaperCardboard_paper383.jpg,CombinedCleaned,image_classification,train,PaperCardboard,PaperCardboard,prepared_datasets/combined_6class_plasticmetal_cleaned/train/PaperCardboard/paper383.jpg,,prepared_datasets/combined_6class_plasticmetal_cleaned/train/PaperCardboard/paper383.jpg,,,,,,,,
cleaned_train_PaperCardboard_paper384.jpg,CombinedCleaned,image_classification,train,PaperCardboard,PaperCardboard,prepared_datasets/combined_6class_plasticmetal_cleaned/train/PaperCardboard/paper384.jpg,,prepared_datasets/combined_6class_plasticmetal_cleaned/train/PaperCardboard/paper384.jpg,,,,,,,,
cleaned_train_PaperCardboard_paper385.jpg,CombinedCleaned,image_classification,train,PaperCardboard,PaperCardboard,prepared_datasets/combined_6class_plasticmetal_cleaned/train/PaperCardboard/paper385.jpg,,prepared_datasets/combined_6class_plasticmetal_cleaned/train/PaperCardboard/paper385.jpg,,,,,,,,
cleaned_train_PaperCardboard_paper387.jpg,CombinedCleaned,image_classification,train,PaperCardboard,PaperCardboard,prepared_datasets/combined_6class_plasticmetal_cleaned/train/PaperCardboard/paper387.jpg,,prepared_datasets/combined_6class_plasticmetal_cleaned/train/PaperCardboard/paper387.jpg,,,,,,,,
cleaned_train_PaperCardboard_paper388.jpg,CombinedCleaned,image_classification,train,PaperCardboard,PaperCardboard,prepared_datasets/combined_6class_plasticmetal_cleaned/train/PaperCardboard/paper388.jpg,,prepared_datasets/combined_6class_plasticmetal_cleaned/train/PaperCardboard/paper388.jpg,,,,,,,,
cleaned_train_PaperCardboard_paper389.jpg,CombinedCleaned,image_classification,train,PaperCardboard,PaperCardboard,prepared_datasets/combined_6class_plasticmetal_cleaned/train/PaperCardboard/paper389.jpg,,prepared_datasets/combined_6class_plasticmetal_cleaned/train/PaperCardboard/paper389.jpg,,,,,,,,
cleaned_train_PaperCardboard_paper390.jpg,CombinedCleaned,image_classification,train,PaperCardboard,PaperCardboard,prepared_datasets/combined_6class_plasticmetal_cleaned/train/PaperCardboard/paper390.jpg,,prepared_datasets/combined_6class_plasticmetal_cleaned/train/PaperCardboard/paper390.jpg,,,,,,,,
cleaned_train_PaperCardboard_paper393.jpg,CombinedCleaned,image_classification,train,PaperCardboard,PaperCardboard,prepared_datasets/combined_6class_plasticmetal_cleaned/train/PaperCardboard/paper393.jpg,,prepared_datasets/combined_6class_plasticmetal_cleaned/train/PaperCardboard/paper393.jpg,,,,,,,,
cleaned_train_PaperCardboard_paper394.jpg,CombinedCleaned,image_classification,train,PaperCardboard,PaperCardboard,prepared_datasets/combined_6class_plasticmetal_cleaned/train/PaperCardboard/paper394.jpg,,prepared_datasets/combined_6class_plasticmetal_cleaned/train/PaperCardboard/paper394.jpg,,,,,,,,
cleaned_train_PaperCardboard_paper4.jpg,CombinedCleaned,image_classification,train,PaperCardboard,PaperCardboard,prepared_datasets/combined_6class_plasticmetal_cleaned/train/PaperCardboard/paper4.jpg,,prepared_datasets/combined_6class_plasticmetal_cleaned/train/PaperCardboard/paper4.jpg,,,,,,,,
cleaned_train_PaperCardboard_paper40.jpg,CombinedCleaned,image_classification,train,PaperCardboard,PaperCardboard,prepared_datasets/combined_6class_plasticmetal_cleaned/train/PaperCardboard/paper40.jpg,,prepared_datasets/combined_6class_plasticmetal_cleaned/train/PaperCardboard/paper40.jpg,,,,,,,,
cleaned_train_PaperCardboard_paper400.jpg,CombinedCleaned,image_classification,train,PaperCardboard,PaperCardboard,prepared_datasets/combined_6class_plasticmetal_cleaned/train/PaperCardboard/paper400.jpg,,prepared_datasets/combined_6class_plasticmetal_cleaned/train/PaperCardboard/paper400.jpg,,,,,,,,
cleaned_train_PaperCardboard_paper403.jpg,CombinedCleaned,image_classification,train,PaperCardboard,PaperCardboard,prepared_datasets/combined_6class_plasticmetal_cleaned/train/PaperCardboard/paper403.jpg,,prepared_datasets/combined_6class_plasticmetal_cleaned/train/PaperCardboard/paper403.jpg,,,,,,,,
cleaned_train_PaperCardboard_paper407.jpg,CombinedCleaned,image_classification,train,PaperCardboard,PaperCardboard,prepared_datasets/combined_6class_plasticmetal_cleaned/train/PaperCardboard/paper407.jpg,,prepared_datasets/combined_6class_plasticmetal_cleaned/train/PaperCardboard/paper407.jpg,,,,,,,,
cleaned_train_PaperCardboard_paper408.jpg,CombinedCleaned,image_classification,train,PaperCardboard,PaperCardboard,prepared_datasets/combined_6class_plasticmetal_cleaned/train/PaperCardboard/paper408.jpg,,prepared_datasets/combined_6class_plasticmetal_cleaned/train/PaperCardboard/paper408.jpg,,,,,,,,
cleaned_train_PaperCardboard_paper409.jpg,CombinedCleaned,image_classification,train,PaperCardboard,PaperCardboard,prepared_datasets/combined_6class_plasticmetal_cleaned/train/PaperCardboard/paper409.jpg,,prepared_datasets/combined_6class_plasticmetal_cleaned/train/PaperCardboard/paper409.jpg,,,,,,,,
cleaned_train_PaperCardboard_paper41.jpg,CombinedCleaned,image_classification,train,PaperCardboard,PaperCardboard,prepared_datasets/combined_6class_plasticmetal_cleaned/train/PaperCardboard/paper41.jpg,,prepared_datasets/combined_6class_plasticmetal_cleaned/train/PaperCardboard/paper41.jpg,,,,,,,,
cleaned_train_PaperCardboard_paper411.jpg,CombinedCleaned,image_classification,train,PaperCardboard,PaperCardboard,prepared_datasets/combined_6class_plasticmetal_cleaned/train/PaperCardboard/paper411.jpg,,prepared_datasets/combined_6class_plasticmetal_cleaned/train/PaperCardboard/paper411.jpg,,,,,,,,
cleaned_train_PaperCardboard_paper413.jpg,CombinedCleaned,image_classification,train,PaperCardboard,PaperCardboard,prepared_datasets/combined_6class_plasticmetal_cleaned/train/PaperCardboard/paper413.jpg,,prepared_datasets/combined_6class_plasticmetal_cleaned/train/PaperCardboard/paper413.jpg,,,,,,,,
cleaned_train_PaperCardboard_paper414.jpg,CombinedCleaned,image_classification,train,PaperCardboard,PaperCardboard,prepared_datasets/combined_6class_plasticmetal_cleaned/train/PaperCardboard/paper414.jpg,,prepared_datasets/combined_6class_plasticmetal_cleaned/train/PaperCardboard/paper414.jpg,,,,,,,,
cleaned_train_PaperCardboard_paper415.jpg,CombinedCleaned,image_classification,train,PaperCardboard,PaperCardboard,prepared_datasets/combined_6class_plasticmetal_cleaned/train/PaperCardboard/paper415.jpg,,prepared_datasets/combined_6class_plasticmetal_cleaned/train/PaperCardboard/paper415.jpg,,,,,,,,
cleaned_train_PaperCardboard_paper416.jpg,CombinedCleaned,image_classification,train,PaperCardboard,PaperCardboard,prepared_datasets/combined_6class_plasticmetal_cleaned/train/PaperCardboard/paper416.jpg,,prepared_datasets/combined_6class_plasticmetal_cleaned/train/PaperCardboard/paper416.jpg,,,,,,,,
cleaned_train_PaperCardboard_paper418.jpg,CombinedCleaned,image_classification,train,PaperCardboard,PaperCardboard,prepared_datasets/combined_6class_plasticmetal_cleaned/train/PaperCardboard/paper418.jpg,,prepared_datasets/combined_6class_plasticmetal_cleaned/train/PaperCardboard/paper418.jpg,,,,,,,,
cleaned_train_PaperCardboard_paper419.jpg,CombinedCleaned,image_classification,train,PaperCardboard,PaperCardboard,prepared_datasets/combined_6class_plasticmetal_cleaned/train/PaperCardboard/paper419.jpg,,prepared_datasets/combined_6class_plasticmetal_cleaned/train/PaperCardboard/paper419.jpg,,,,,,,,
cleaned_train_PaperCardboard_paper420.jpg,CombinedCleaned,image_classification,train,PaperCardboard,PaperCardboard,prepared_datasets/combined_6class_plasticmetal_cleaned/train/PaperCardboard/paper420.jpg,,prepared_datasets/combined_6class_plasticmetal_cleaned/train/PaperCardboard/paper420.jpg,,,,,,,,
cleaned_train_PaperCardboard_paper421.jpg,CombinedCleaned,image_classification,train,PaperCardboard,PaperCardboard,prepared_datasets/combined_6class_plasticmetal_cleaned/train/PaperCardboard/paper421.jpg,,prepared_datasets/combined_6class_plasticmetal_cleaned/train/PaperCardboard/paper421.jpg,,,,,,,,
cleaned_train_PaperCardboard_paper422.jpg,CombinedCleaned,image_classification,train,PaperCardboard,PaperCardboard,prepared_datasets/combined_6class_plasticmetal_cleaned/train/PaperCardboard/paper422.jpg,,prepared_datasets/combined_6class_plasticmetal_cleaned/train/PaperCardboard/paper422.jpg,,,,,,,,
cleaned_train_PaperCardboard_paper423.jpg,CombinedCleaned,image_classification,train,PaperCardboard,PaperCardboard,prepared_datasets/combined_6class_plasticmetal_cleaned/train/PaperCardboard/paper423.jpg,,prepared_datasets/combined_6class_plasticmetal_cleaned/train/PaperCardboard/paper423.jpg,,,,,,,,
cleaned_train_PaperCardboard_paper424.jpg,CombinedCleaned,image_classification,train,PaperCardboard,PaperCardboard,prepared_datasets/combined_6class_plasticmetal_cleaned/train/PaperCardboard/paper424.jpg,,prepared_datasets/combined_6class_plasticmetal_cleaned/train/PaperCardboard/paper424.jpg,,,,,,,,
cleaned_train_PaperCardboard_paper425.jpg,CombinedCleaned,image_classification,train,PaperCardboard,PaperCardboard,prepared_datasets/combined_6class_plasticmetal_cleaned/train/PaperCardboard/paper425.jpg,,prepared_datasets/combined_6class_plasticmetal_cleaned/train/PaperCardboard/paper425.jpg,,,,,,,,
cleaned_train_PaperCardboard_paper426.jpg,CombinedCleaned,image_classification,train,PaperCardboard,PaperCardboard,prepared_datasets/combined_6class_plasticmetal_cleaned/train/PaperCardboard/paper426.jpg,,prepared_datasets/combined_6class_plasticmetal_cleaned/train/PaperCardboard/paper426.jpg,,,,,,,,
cleaned_train_PaperCardboard_paper427.jpg,CombinedCleaned,image_classification,train,PaperCardboard,PaperCardboard,prepared_datasets/combined_6class_plasticmetal_cleaned/train/PaperCardboard/paper427.jpg,,prepared_datasets/combined_6class_plasticmetal_cleaned/train/PaperCardboard/paper427.jpg,,,,,,,,
cleaned_train_PaperCardboard_paper428.jpg,CombinedCleaned,image_classification,train,PaperCardboard,PaperCardboard,prepared_datasets/combined_6class_plasticmetal_cleaned/train/PaperCardboard/paper428.jpg,,prepared_datasets/combined_6class_plasticmetal_cleaned/train/PaperCardboard/paper428.jpg,,,,,,,,
cleaned_train_PaperCardboard_paper429.jpg,CombinedCleaned,image_classification,train,PaperCardboard,PaperCardboard,prepared_datasets/combined_6class_plasticmetal_cleaned/train/PaperCardboard/paper429.jpg,,prepared_datasets/combined_6class_plasticmetal_cleaned/train/PaperCardboard/paper429.jpg,,,,,,,,
cleaned_train_PaperCardboard_paper430.jpg,CombinedCleaned,image_classification,train,PaperCardboard,PaperCardboard,prepared_datasets/combined_6class_plasticmetal_cleaned/train/PaperCardboard/paper430.jpg,,prepared_datasets/combined_6class_plasticmetal_cleaned/train/PaperCardboard/paper430.jpg,,,,,,,,
cleaned_train_PaperCardboard_paper431.jpg,CombinedCleaned,image_classification,train,PaperCardboard,PaperCardboard,prepared_datasets/combined_6class_plasticmetal_cleaned/train/PaperCardboard/paper431.jpg,,prepared_datasets/combined_6class_plasticmetal_cleaned/train/PaperCardboard/paper431.jpg,,,,,,,,
cleaned_train_PaperCardboard_paper433.jpg,CombinedCleaned,image_classification,train,PaperCardboard,PaperCardboard,prepared_datasets/combined_6class_plasticmetal_cleaned/train/PaperCardboard/paper433.jpg,,prepared_datasets/combined_6class_plasticmetal_cleaned/train/PaperCardboard/paper433.jpg,,,,,,,,
cleaned_train_PaperCardboard_paper434.jpg,CombinedCleaned,image_classification,train,PaperCardboard,PaperCardboard,prepared_datasets/combined_6class_plasticmetal_cleaned/train/PaperCardboard/paper434.jpg,,prepared_datasets/combined_6class_plasticmetal_cleaned/train/PaperCardboard/paper434.jpg,,,,,,,,
cleaned_train_PaperCardboard_paper435.jpg,CombinedCleaned,image_classification,train,PaperCardboard,PaperCardboard,prepared_datasets/combined_6class_plasticmetal_cleaned/train/PaperCardboard/paper435.jpg,,prepared_datasets/combined_6class_plasticmetal_cleaned/train/PaperCardboard/paper435.jpg,,,,,,,,
cleaned_train_PaperCardboard_paper436.jpg,CombinedCleaned,image_classification,train,PaperCardboard,PaperCardboard,prepared_datasets/combined_6class_plasticmetal_cleaned/train/PaperCardboard/paper436.jpg,,prepared_datasets/combined_6class_plasticmetal_cleaned/train/PaperCardboard/paper436.jpg,,,,,,,,
cleaned_train_PaperCardboard_paper437.jpg,CombinedCleaned,image_classification,train,PaperCardboard,PaperCardboard,prepared_datasets/combined_6class_plasticmetal_cleaned/train/PaperCardboard/paper437.jpg,,prepared_datasets/combined_6class_plasticmetal_cleaned/train/PaperCardboard/paper437.jpg,,,,,,,,
cleaned_train_PaperCardboard_paper438.jpg,CombinedCleaned,image_classification,train,PaperCardboard,PaperCardboard,prepared_datasets/combined_6class_plasticmetal_cleaned/train/PaperCardboard/paper438.jpg,,prepared_datasets/combined_6class_plasticmetal_cleaned/train/PaperCardboard/paper438.jpg,,,,,,,,
cleaned_train_PaperCardboard_paper439.jpg,CombinedCleaned,image_classification,train,PaperCardboard,PaperCardboard,prepared_datasets/combined_6class_plasticmetal_cleaned/train/PaperCardboard/paper439.jpg,,prepared_datasets/combined_6class_plasticmetal_cleaned/train/PaperCardboard/paper439.jpg,,,,,,,,
cleaned_train_PaperCardboard_paper44.jpg,CombinedCleaned,image_classification,train,PaperCardboard,PaperCardboard,prepared_datasets/combined_6class_plasticmetal_cleaned/train/PaperCardboard/paper44.jpg,,prepared_datasets/combined_6class_plasticmetal_cleaned/train/PaperCardboard/paper44.jpg,,,,,,,,
cleaned_train_PaperCardboard_paper440.jpg,CombinedCleaned,image_classification,train,PaperCardboard,PaperCardboard,prepared_datasets/combined_6class_plasticmetal_cleaned/train/PaperCardboard/paper440.jpg,,prepared_datasets/combined_6class_plasticmetal_cleaned/train/PaperCardboard/paper440.jpg,,,,,,,,
cleaned_train_PaperCardboard_paper441.jpg,CombinedCleaned,image_classification,train,PaperCardboard,PaperCardboard,prepared_datasets/combined_6class_plasticmetal_cleaned/train/PaperCardboard/paper441.jpg,,prepared_datasets/combined_6class_plasticmetal_cleaned/train/PaperCardboard/paper441.jpg,,,,,,,,
cleaned_train_PaperCardboard_paper442.jpg,CombinedCleaned,image_classification,train,PaperCardboard,PaperCardboard,prepared_datasets/combined_6class_plasticmetal_cleaned/train/PaperCardboard/paper442.jpg,,prepared_datasets/combined_6class_plasticmetal_cleaned/train/PaperCardboard/paper442.jpg,,,,,,,,
cleaned_train_PaperCardboard_paper443.jpg,CombinedCleaned,image_classification,train,PaperCardboard,PaperCardboard,prepared_datasets/combined_6class_plasticmetal_cleaned/train/PaperCardboard/paper443.jpg,,prepared_datasets/combined_6class_plasticmetal_cleaned/train/PaperCardboard/paper443.jpg,,,,,,,,
cleaned_train_PaperCardboard_paper445.jpg,CombinedCleaned,image_classification,train,PaperCardboard,PaperCardboard,prepared_datasets/combined_6class_plasticmetal_cleaned/train/PaperCardboard/paper445.jpg,,prepared_datasets/combined_6class_plasticmetal_cleaned/train/PaperCardboard/paper445.jpg,,,,,,,,
cleaned_train_PaperCardboard_paper446.jpg,CombinedCleaned,image_classification,train,PaperCardboard,PaperCardboard,prepared_datasets/combined_6class_plasticmetal_cleaned/train/PaperCardboard/paper446.jpg,,prepared_datasets/combined_6class_plasticmetal_cleaned/train/PaperCardboard/paper446.jpg,,,,,,,,
cleaned_train_PaperCardboard_paper448.jpg,CombinedCleaned,image_classification,train,PaperCardboard,PaperCardboard,prepared_datasets/combined_6class_plasticmetal_cleaned/train/PaperCardboard/paper448.jpg,,prepared_datasets/combined_6class_plasticmetal_cleaned/train/PaperCardboard/paper448.jpg,,,,,,,,
cleaned_train_PaperCardboard_paper449.jpg,CombinedCleaned,image_classification,train,PaperCardboard,PaperCardboard,prepared_datasets/combined_6class_plasticmetal_cleaned/train/PaperCardboard/paper449.jpg,,prepared_datasets/combined_6class_plasticmetal_cleaned/train/PaperCardboard/paper449.jpg,,,,,,,,
cleaned_train_PaperCardboard_paper451.jpg,CombinedCleaned,image_classification,train,PaperCardboard,PaperCardboard,prepared_datasets/combined_6class_plasticmetal_cleaned/train/PaperCardboard/paper451.jpg,,prepared_datasets/combined_6class_plasticmetal_cleaned/train/PaperCardboard/paper451.jpg,,,,,,,,
cleaned_train_PaperCardboard_paper453.jpg,CombinedCleaned,image_classification,train,PaperCardboard,PaperCardboard,prepared_datasets/combined_6class_plasticmetal_cleaned/train/PaperCardboard/paper453.jpg,,prepared_datasets/combined_6class_plasticmetal_cleaned/train/PaperCardboard/paper453.jpg,,,,,,,,
cleaned_train_PaperCardboard_paper454.jpg,CombinedCleaned,image_classification,train,PaperCardboard,PaperCardboard,prepared_datasets/combined_6class_plasticmetal_cleaned/train/PaperCardboard/paper454.jpg,,prepared_datasets/combined_6class_plasticmetal_cleaned/train/PaperCardboard/paper454.jpg,,,,,,,,
cleaned_train_PaperCardboard_paper456.jpg,CombinedCleaned,image_classification,train,PaperCardboard,PaperCardboard,prepared_datasets/combined_6class_plasticmetal_cleaned/train/PaperCardboard/paper456.jpg,,prepared_datasets/combined_6class_plasticmetal_cleaned/train/PaperCardboard/paper456.jpg,,,,,,,,
cleaned_train_PaperCardboard_paper457.jpg,CombinedCleaned,image_classification,train,PaperCardboard,PaperCardboard,prepared_datasets/combined_6class_plasticmetal_cleaned/train/PaperCardboard/paper457.jpg,,prepared_datasets/combined_6class_plasticmetal_cleaned/train/PaperCardboard/paper457.jpg,,,,,,,,
cleaned_train_PaperCardboard_paper458.jpg,CombinedCleaned,image_classification,train,PaperCardboard,PaperCardboard,prepared_datasets/combined_6class_plasticmetal_cleaned/train/PaperCardboard/paper458.jpg,,prepared_datasets/combined_6class_plasticmetal_cleaned/train/PaperCardboard/paper458.jpg,,,,,,,,
cleaned_train_PaperCardboard_paper459.jpg,CombinedCleaned,image_classification,train,PaperCardboard,PaperCardboard,prepared_datasets/combined_6class_plasticmetal_cleaned/train/PaperCardboard/paper459.jpg,,prepared_datasets/combined_6class_plasticmetal_cleaned/train/PaperCardboard/paper459.jpg,,,,,,,,
cleaned_train_PaperCardboard_paper46.jpg,CombinedCleaned,image_classification,train,PaperCardboard,PaperCardboard,prepared_datasets/combined_6class_plasticmetal_cleaned/train/PaperCardboard/paper46.jpg,,prepared_datasets/combined_6class_plasticmetal_cleaned/train/PaperCardboard/paper46.jpg,,,,,,,,
cleaned_train_PaperCardboard_paper460.jpg,CombinedCleaned,image_classification,train,PaperCardboard,PaperCardboard,prepared_datasets/combined_6class_plasticmetal_cleaned/train/PaperCardboard/paper460.jpg,,prepared_datasets/combined_6class_plasticmetal_cleaned/train/PaperCardboard/paper460.jpg,,,,,,,,
cleaned_train_PaperCardboard_paper461.jpg,CombinedCleaned,image_classification,train,PaperCardboard,PaperCardboard,prepared_datasets/combined_6class_plasticmetal_cleaned/train/PaperCardboard/paper461.jpg,,prepared_datasets/combined_6class_plasticmetal_cleaned/train/PaperCardboard/paper461.jpg,,,,,,,,
cleaned_train_PaperCardboard_paper462.jpg,CombinedCleaned,image_classification,train,PaperCardboard,PaperCardboard,prepared_datasets/combined_6class_plasticmetal_cleaned/train/PaperCardboard/paper462.jpg,,prepared_datasets/combined_6class_plasticmetal_cleaned/train/PaperCardboard/paper462.jpg,,,,,,,,
cleaned_train_PaperCardboard_paper463.jpg,CombinedCleaned,image_classification,train,PaperCardboard,PaperCardboard,prepared_datasets/combined_6class_plasticmetal_cleaned/train/PaperCardboard/paper463.jpg,,prepared_datasets/combined_6class_plasticmetal_cleaned/train/PaperCardboard/paper463.jpg,,,,,,,,
cleaned_train_PaperCardboard_paper464.jpg,CombinedCleaned,image_classification,train,PaperCardboard,PaperCardboard,prepared_datasets/combined_6class_plasticmetal_cleaned/train/PaperCardboard/paper464.jpg,,prepared_datasets/combined_6class_plasticmetal_cleaned/train/PaperCardboard/paper464.jpg,,,,,,,,
cleaned_train_PaperCardboard_paper465.jpg,CombinedCleaned,image_classification,train,PaperCardboard,PaperCardboard,prepared_datasets/combined_6class_plasticmetal_cleaned/train/PaperCardboard/paper465.jpg,,prepared_datasets/combined_6class_plasticmetal_cleaned/train/PaperCardboard/paper465.jpg,,,,,,,,
cleaned_train_PaperCardboard_paper467.jpg,CombinedCleaned,image_classification,train,PaperCardboard,PaperCardboard,prepared_datasets/combined_6class_plasticmetal_cleaned/train/PaperCardboard/paper467.jpg,,prepared_datasets/combined_6class_plasticmetal_cleaned/train/PaperCardboard/paper467.jpg,,,,,,,,
cleaned_train_PaperCardboard_paper468.jpg,CombinedCleaned,image_classification,train,PaperCardboard,PaperCardboard,prepared_datasets/combined_6class_plasticmetal_cleaned/train/PaperCardboard/paper468.jpg,,prepared_datasets/combined_6class_plasticmetal_cleaned/train/PaperCardboard/paper468.jpg,,,,,,,,
cleaned_train_PaperCardboard_paper47.jpg,CombinedCleaned,image_classification,train,PaperCardboard,PaperCardboard,prepared_datasets/combined_6class_plasticmetal_cleaned/train/PaperCardboard/paper47.jpg,,prepared_datasets/combined_6class_plasticmetal_cleaned/train/PaperCardboard/paper47.jpg,,,,,,,,
cleaned_train_PaperCardboard_paper472.jpg,CombinedCleaned,image_classification,train,PaperCardboard,PaperCardboard,prepared_datasets/combined_6class_plasticmetal_cleaned/train/PaperCardboard/paper472.jpg,,prepared_datasets/combined_6class_plasticmetal_cleaned/train/PaperCardboard/paper472.jpg,,,,,,,,
cleaned_train_PaperCardboard_paper473.jpg,CombinedCleaned,image_classification,train,PaperCardboard,PaperCardboard,prepared_datasets/combined_6class_plasticmetal_cleaned/train/PaperCardboard/paper473.jpg,,prepared_datasets/combined_6class_plasticmetal_cleaned/train/PaperCardboard/paper473.jpg,,,,,,,,
cleaned_train_PaperCardboard_paper474.jpg,CombinedCleaned,image_classification,train,PaperCardboard,PaperCardboard,prepared_datasets/combined_6class_plasticmetal_cleaned/train/PaperCardboard/paper474.jpg,,prepared_datasets/combined_6class_plasticmetal_cleaned/train/PaperCardboard/paper474.jpg,,,,,,,,
cleaned_train_PaperCardboard_paper48.jpg,CombinedCleaned,image_classification,train,PaperCardboard,PaperCardboard,prepared_datasets/combined_6class_plasticmetal_cleaned/train/PaperCardboard/paper48.jpg,,prepared_datasets/combined_6class_plasticmetal_cleaned/train/PaperCardboard/paper48.jpg,,,,,,,,
cleaned_train_PaperCardboard_paper483.jpg,CombinedCleaned,image_classification,train,PaperCardboard,PaperCardboard,prepared_datasets/combined_6class_plasticmetal_cleaned/train/PaperCardboard/paper483.jpg,,prepared_datasets/combined_6class_plasticmetal_cleaned/train/PaperCardboard/paper483.jpg,,,,,,,,
cleaned_train_PaperCardboard_paper484.jpg,CombinedCleaned,image_classification,train,PaperCardboard,PaperCardboard,prepared_datasets/combined_6class_plasticmetal_cleaned/train/PaperCardboard/paper484.jpg,,prepared_datasets/combined_6class_plasticmetal_cleaned/train/PaperCardboard/paper484.jpg,,,,,,,,
cleaned_train_PaperCardboard_paper485.jpg,CombinedCleaned,image_classification,train,PaperCardboard,PaperCardboard,prepared_datasets/combined_6class_plasticmetal_cleaned/train/PaperCardboard/paper485.jpg,,prepared_datasets/combined_6class_plasticmetal_cleaned/train/PaperCardboard/paper485.jpg,,,,,,,,
cleaned_train_PaperCardboard_paper486.jpg,CombinedCleaned,image_classification,train,PaperCardboard,PaperCardboard,prepared_datasets/combined_6class_plasticmetal_cleaned/train/PaperCardboard/paper486.jpg,,prepared_datasets/combined_6class_plasticmetal_cleaned/train/PaperCardboard/paper486.jpg,,,,,,,,
cleaned_train_PaperCardboard_paper487.jpg,CombinedCleaned,image_classification,train,PaperCardboard,PaperCardboard,prepared_datasets/combined_6class_plasticmetal_cleaned/train/PaperCardboard/paper487.jpg,,prepared_datasets/combined_6class_plasticmetal_cleaned/train/PaperCardboard/paper487.jpg,,,,,,,,
cleaned_train_PaperCardboard_paper488.jpg,CombinedCleaned,image_classification,train,PaperCardboard,PaperCardboard,prepared_datasets/combined_6class_plasticmetal_cleaned/train/PaperCardboard/paper488.jpg,,prepared_datasets/combined_6class_plasticmetal_cleaned/train/PaperCardboard/paper488.jpg,,,,,,,,
cleaned_train_PaperCardboard_paper489.jpg,CombinedCleaned,image_classification,train,PaperCardboard,PaperCardboard,prepared_datasets/combined_6class_plasticmetal_cleaned/train/PaperCardboard/paper489.jpg,,prepared_datasets/combined_6class_plasticmetal_cleaned/train/PaperCardboard/paper489.jpg,,,,,,,,
cleaned_train_PaperCardboard_paper49.jpg,CombinedCleaned,image_classification,train,PaperCardboard,PaperCardboard,prepared_datasets/combined_6class_plasticmetal_cleaned/train/PaperCardboard/paper49.jpg,,prepared_datasets/combined_6class_plasticmetal_cleaned/train/PaperCardboard/paper49.jpg,,,,,,,,
cleaned_train_PaperCardboard_paper490.jpg,CombinedCleaned,image_classification,train,PaperCardboard,PaperCardboard,prepared_datasets/combined_6class_plasticmetal_cleaned/train/PaperCardboard/paper490.jpg,,prepared_datasets/combined_6class_plasticmetal_cleaned/train/PaperCardboard/paper490.jpg,,,,,,,,
cleaned_train_PaperCardboard_paper492.jpg,CombinedCleaned,image_classification,train,PaperCardboard,PaperCardboard,prepared_datasets/combined_6class_plasticmetal_cleaned/train/PaperCardboard/paper492.jpg,,prepared_datasets/combined_6class_plasticmetal_cleaned/train/PaperCardboard/paper492.jpg,,,,,,,,
cleaned_train_PaperCardboard_paper493.jpg,CombinedCleaned,image_classification,train,PaperCardboard,PaperCardboard,prepared_datasets/combined_6class_plasticmetal_cleaned/train/PaperCardboard/paper493.jpg,,prepared_datasets/combined_6class_plasticmetal_cleaned/train/PaperCardboard/paper493.jpg,,,,,,,,
cleaned_train_PaperCardboard_paper494.jpg,CombinedCleaned,image_classification,train,PaperCardboard,PaperCardboard,prepared_datasets/combined_6class_plasticmetal_cleaned/train/PaperCardboard/paper494.jpg,,prepared_datasets/combined_6class_plasticmetal_cleaned/train/PaperCardboard/paper494.jpg,,,,,,,,
cleaned_train_PaperCardboard_paper495.jpg,CombinedCleaned,image_classification,train,PaperCardboard,PaperCardboard,prepared_datasets/combined_6class_plasticmetal_cleaned/train/PaperCardboard/paper495.jpg,,prepared_datasets/combined_6class_plasticmetal_cleaned/train/PaperCardboard/paper495.jpg,,,,,,,,
cleaned_train_PaperCardboard_paper496.jpg,CombinedCleaned,image_classification,train,PaperCardboard,PaperCardboard,prepared_datasets/combined_6class_plasticmetal_cleaned/train/PaperCardboard/paper496.jpg,,prepared_datasets/combined_6class_plasticmetal_cleaned/train/PaperCardboard/paper496.jpg,,,,,,,,
cleaned_train_PaperCardboard_paper499.jpg,CombinedCleaned,image_classification,train,PaperCardboard,PaperCardboard,prepared_datasets/combined_6class_plasticmetal_cleaned/train/PaperCardboard/paper499.jpg,,prepared_datasets/combined_6class_plasticmetal_cleaned/train/PaperCardboard/paper499.jpg,,,,,,,,
cleaned_train_PaperCardboard_paper50.jpg,CombinedCleaned,image_classification,train,PaperCardboard,PaperCardboard,prepared_datasets/combined_6class_plasticmetal_cleaned/train/PaperCardboard/paper50.jpg,,prepared_datasets/combined_6class_plasticmetal_cleaned/train/PaperCardboard/paper50.jpg,,,,,,,,
cleaned_train_PaperCardboard_paper501.jpg,CombinedCleaned,image_classification,train,PaperCardboard,PaperCardboard,prepared_datasets/combined_6class_plasticmetal_cleaned/train/PaperCardboard/paper501.jpg,,prepared_datasets/combined_6class_plasticmetal_cleaned/train/PaperCardboard/paper501.jpg,,,,,,,,
cleaned_train_PaperCardboard_paper505.jpg,CombinedCleaned,image_classification,train,PaperCardboard,PaperCardboard,prepared_datasets/combined_6class_plasticmetal_cleaned/train/PaperCardboard/paper505.jpg,,prepared_datasets/combined_6class_plasticmetal_cleaned/train/PaperCardboard/paper505.jpg,,,,,,,,
cleaned_train_PaperCardboard_paper507.jpg,CombinedCleaned,image_classification,train,PaperCardboard,PaperCardboard,prepared_datasets/combined_6class_plasticmetal_cleaned/train/PaperCardboard/paper507.jpg,,prepared_datasets/combined_6class_plasticmetal_cleaned/train/PaperCardboard/paper507.jpg,,,,,,,,
cleaned_train_PaperCardboard_paper509.jpg,CombinedCleaned,image_classification,train,PaperCardboard,PaperCardboard,prepared_datasets/combined_6class_plasticmetal_cleaned/train/PaperCardboard/paper509.jpg,,prepared_datasets/combined_6class_plasticmetal_cleaned/train/PaperCardboard/paper509.jpg,,,,,,,,
cleaned_train_PaperCardboard_paper51.jpg,CombinedCleaned,image_classification,train,PaperCardboard,PaperCardboard,prepared_datasets/combined_6class_plasticmetal_cleaned/train/PaperCardboard/paper51.jpg,,prepared_datasets/combined_6class_plasticmetal_cleaned/train/PaperCardboard/paper51.jpg,,,,,,,,
cleaned_train_PaperCardboard_paper511.jpg,CombinedCleaned,image_classification,train,PaperCardboard,PaperCardboard,prepared_datasets/combined_6class_plasticmetal_cleaned/train/PaperCardboard/paper511.jpg,,prepared_datasets/combined_6class_plasticmetal_cleaned/train/PaperCardboard/paper511.jpg,,,,,,,,
cleaned_train_PaperCardboard_paper512.jpg,CombinedCleaned,image_classification,train,PaperCardboard,PaperCardboard,prepared_datasets/combined_6class_plasticmetal_cleaned/train/PaperCardboard/paper512.jpg,,prepared_datasets/combined_6class_plasticmetal_cleaned/train/PaperCardboard/paper512.jpg,,,,,,,,
cleaned_train_PaperCardboard_paper513.jpg,CombinedCleaned,image_classification,train,PaperCardboard,PaperCardboard,prepared_datasets/combined_6class_plasticmetal_cleaned/train/PaperCardboard/paper513.jpg,,prepared_datasets/combined_6class_plasticmetal_cleaned/train/PaperCardboard/paper513.jpg,,,,,,,,
cleaned_train_PaperCardboard_paper514.jpg,CombinedCleaned,image_classification,train,PaperCardboard,PaperCardboard,prepared_datasets/combined_6class_plasticmetal_cleaned/train/PaperCardboard/paper514.jpg,,prepared_datasets/combined_6class_plasticmetal_cleaned/train/PaperCardboard/paper514.jpg,,,,,,,,
cleaned_train_PaperCardboard_paper515.jpg,CombinedCleaned,image_classification,train,PaperCardboard,PaperCardboard,prepared_datasets/combined_6class_plasticmetal_cleaned/train/PaperCardboard/paper515.jpg,,prepared_datasets/combined_6class_plasticmetal_cleaned/train/PaperCardboard/paper515.jpg,,,,,,,,
cleaned_train_PaperCardboard_paper516.jpg,CombinedCleaned,image_classification,train,PaperCardboard,PaperCardboard,prepared_datasets/combined_6class_plasticmetal_cleaned/train/PaperCardboard/paper516.jpg,,prepared_datasets/combined_6class_plasticmetal_cleaned/train/PaperCardboard/paper516.jpg,,,,,,,,
cleaned_train_PaperCardboard_paper520.jpg,CombinedCleaned,image_classification,train,PaperCardboard,PaperCardboard,prepared_datasets/combined_6class_plasticmetal_cleaned/train/PaperCardboard/paper520.jpg,,prepared_datasets/combined_6class_plasticmetal_cleaned/train/PaperCardboard/paper520.jpg,,,,,,,,
cleaned_train_PaperCardboard_paper521.jpg,CombinedCleaned,image_classification,train,PaperCardboard,PaperCardboard,prepared_datasets/combined_6class_plasticmetal_cleaned/train/PaperCardboard/paper521.jpg,,prepared_datasets/combined_6class_plasticmetal_cleaned/train/PaperCardboard/paper521.jpg,,,,,,,,
cleaned_train_PaperCardboard_paper522.jpg,CombinedCleaned,image_classification,train,PaperCardboard,PaperCardboard,prepared_datasets/combined_6class_plasticmetal_cleaned/train/PaperCardboard/paper522.jpg,,prepared_datasets/combined_6class_plasticmetal_cleaned/train/PaperCardboard/paper522.jpg,,,,,,,,
cleaned_train_PaperCardboard_paper523.jpg,CombinedCleaned,image_classification,train,PaperCardboard,PaperCardboard,prepared_datasets/combined_6class_plasticmetal_cleaned/train/PaperCardboard/paper523.jpg,,prepared_datasets/combined_6class_plasticmetal_cleaned/train/PaperCardboard/paper523.jpg,,,,,,,,
cleaned_train_PaperCardboard_paper526.jpg,CombinedCleaned,image_classification,train,PaperCardboard,PaperCardboard,prepared_datasets/combined_6class_plasticmetal_cleaned/train/PaperCardboard/paper526.jpg,,prepared_datasets/combined_6class_plasticmetal_cleaned/train/PaperCardboard/paper526.jpg,,,,,,,,
cleaned_train_PaperCardboard_paper527.jpg,CombinedCleaned,image_classification,train,PaperCardboard,PaperCardboard,prepared_datasets/combined_6class_plasticmetal_cleaned/train/PaperCardboard/paper527.jpg,,prepared_datasets/combined_6class_plasticmetal_cleaned/train/PaperCardboard/paper527.jpg,,,,,,,,
cleaned_train_PaperCardboard_paper528.jpg,CombinedCleaned,image_classification,train,PaperCardboard,PaperCardboard,prepared_datasets/combined_6class_plasticmetal_cleaned/train/PaperCardboard/paper528.jpg,,prepared_datasets/combined_6class_plasticmetal_cleaned/train/PaperCardboard/paper528.jpg,,,,,,,,
cleaned_train_PaperCardboard_paper529.jpg,CombinedCleaned,image_classification,train,PaperCardboard,PaperCardboard,prepared_datasets/combined_6class_plasticmetal_cleaned/train/PaperCardboard/paper529.jpg,,prepared_datasets/combined_6class_plasticmetal_cleaned/train/PaperCardboard/paper529.jpg,,,,,,,,
cleaned_train_PaperCardboard_paper53.jpg,CombinedCleaned,image_classification,train,PaperCardboard,PaperCardboard,prepared_datasets/combined_6class_plasticmetal_cleaned/train/PaperCardboard/paper53.jpg,,prepared_datasets/combined_6class_plasticmetal_cleaned/train/PaperCardboard/paper53.jpg,,,,,,,,
cleaned_train_PaperCardboard_paper533.jpg,CombinedCleaned,image_classification,train,PaperCardboard,PaperCardboard,prepared_datasets/combined_6class_plasticmetal_cleaned/train/PaperCardboard/paper533.jpg,,prepared_datasets/combined_6class_plasticmetal_cleaned/train/PaperCardboard/paper533.jpg,,,,,,,,
cleaned_train_PaperCardboard_paper536.jpg,CombinedCleaned,image_classification,train,PaperCardboard,PaperCardboard,prepared_datasets/combined_6class_plasticmetal_cleaned/train/PaperCardboard/paper536.jpg,,prepared_datasets/combined_6class_plasticmetal_cleaned/train/PaperCardboard/paper536.jpg,,,,,,,,
cleaned_train_PaperCardboard_paper537.jpg,CombinedCleaned,image_classification,train,PaperCardboard,PaperCardboard,prepared_datasets/combined_6class_plasticmetal_cleaned/train/PaperCardboard/paper537.jpg,,prepared_datasets/combined_6class_plasticmetal_cleaned/train/PaperCardboard/paper537.jpg,,,,,,,,
cleaned_train_PaperCardboard_paper538.jpg,CombinedCleaned,image_classification,train,PaperCardboard,PaperCardboard,prepared_datasets/combined_6class_plasticmetal_cleaned/train/PaperCardboard/paper538.jpg,,prepared_datasets/combined_6class_plasticmetal_cleaned/train/PaperCardboard/paper538.jpg,,,,,,,,
cleaned_train_PaperCardboard_paper539.jpg,CombinedCleaned,image_classification,train,PaperCardboard,PaperCardboard,prepared_datasets/combined_6class_plasticmetal_cleaned/train/PaperCardboard/paper539.jpg,,prepared_datasets/combined_6class_plasticmetal_cleaned/train/PaperCardboard/paper539.jpg,,,,,,,,
cleaned_train_PaperCardboard_paper54.jpg,CombinedCleaned,image_classification,train,PaperCardboard,PaperCardboard,prepared_datasets/combined_6class_plasticmetal_cleaned/train/PaperCardboard/paper54.jpg,,prepared_datasets/combined_6class_plasticmetal_cleaned/train/PaperCardboard/paper54.jpg,,,,,,,,
cleaned_train_PaperCardboard_paper540.jpg,CombinedCleaned,image_classification,train,PaperCardboard,PaperCardboard,prepared_datasets/combined_6class_plasticmetal_cleaned/train/PaperCardboard/paper540.jpg,,prepared_datasets/combined_6class_plasticmetal_cleaned/train/PaperCardboard/paper540.jpg,,,,,,,,
cleaned_train_PaperCardboard_paper541.jpg,CombinedCleaned,image_classification,train,PaperCardboard,PaperCardboard,prepared_datasets/combined_6class_plasticmetal_cleaned/train/PaperCardboard/paper541.jpg,,prepared_datasets/combined_6class_plasticmetal_cleaned/train/PaperCardboard/paper541.jpg,,,,,,,,
cleaned_train_PaperCardboard_paper542.jpg,CombinedCleaned,image_classification,train,PaperCardboard,PaperCardboard,prepared_datasets/combined_6class_plasticmetal_cleaned/train/PaperCardboard/paper542.jpg,,prepared_datasets/combined_6class_plasticmetal_cleaned/train/PaperCardboard/paper542.jpg,,,,,,,,
cleaned_train_PaperCardboard_paper543.jpg,CombinedCleaned,image_classification,train,PaperCardboard,PaperCardboard,prepared_datasets/combined_6class_plasticmetal_cleaned/train/PaperCardboard/paper543.jpg,,prepared_datasets/combined_6class_plasticmetal_cleaned/train/PaperCardboard/paper543.jpg,,,,,,,,
cleaned_train_PaperCardboard_paper547.jpg,CombinedCleaned,image_classification,train,PaperCardboard,PaperCardboard,prepared_datasets/combined_6class_plasticmetal_cleaned/train/PaperCardboard/paper547.jpg,,prepared_datasets/combined_6class_plasticmetal_cleaned/train/PaperCardboard/paper547.jpg,,,,,,,,
cleaned_train_PaperCardboard_paper548.jpg,CombinedCleaned,image_classification,train,PaperCardboard,PaperCardboard,prepared_datasets/combined_6class_plasticmetal_cleaned/train/PaperCardboard/paper548.jpg,,prepared_datasets/combined_6class_plasticmetal_cleaned/train/PaperCardboard/paper548.jpg,,,,,,,,
cleaned_train_PaperCardboard_paper55.jpg,CombinedCleaned,image_classification,train,PaperCardboard,PaperCardboard,prepared_datasets/combined_6class_plasticmetal_cleaned/train/PaperCardboard/paper55.jpg,,prepared_datasets/combined_6class_plasticmetal_cleaned/train/PaperCardboard/paper55.jpg,,,,,,,,
cleaned_train_PaperCardboard_paper551.jpg,CombinedCleaned,image_classification,train,PaperCardboard,PaperCardboard,prepared_datasets/combined_6class_plasticmetal_cleaned/train/PaperCardboard/paper551.jpg,,prepared_datasets/combined_6class_plasticmetal_cleaned/train/PaperCardboard/paper551.jpg,,,,,,,,
cleaned_train_PaperCardboard_paper553.jpg,CombinedCleaned,image_classification,train,PaperCardboard,PaperCardboard,prepared_datasets/combined_6class_plasticmetal_cleaned/train/PaperCardboard/paper553.jpg,,prepared_datasets/combined_6class_plasticmetal_cleaned/train/PaperCardboard/paper553.jpg,,,,,,,,
cleaned_train_PaperCardboard_paper555.jpg,CombinedCleaned,image_classification,train,PaperCardboard,PaperCardboard,prepared_datasets/combined_6class_plasticmetal_cleaned/train/PaperCardboard/paper555.jpg,,prepared_datasets/combined_6class_plasticmetal_cleaned/train/PaperCardboard/paper555.jpg,,,,,,,,
cleaned_train_PaperCardboard_paper557.jpg,CombinedCleaned,image_classification,train,PaperCardboard,PaperCardboard,prepared_datasets/combined_6class_plasticmetal_cleaned/train/PaperCardboard/paper557.jpg,,prepared_datasets/combined_6class_plasticmetal_cleaned/train/PaperCardboard/paper557.jpg,,,,,,,,
cleaned_train_PaperCardboard_paper558.jpg,CombinedCleaned,image_classification,train,PaperCardboard,PaperCardboard,prepared_datasets/combined_6class_plasticmetal_cleaned/train/PaperCardboard/paper558.jpg,,prepared_datasets/combined_6class_plasticmetal_cleaned/train/PaperCardboard/paper558.jpg,,,,,,,,
cleaned_train_PaperCardboard_paper56.jpg,CombinedCleaned,image_classification,train,PaperCardboard,PaperCardboard,prepared_datasets/combined_6class_plasticmetal_cleaned/train/PaperCardboard/paper56.jpg,,prepared_datasets/combined_6class_plasticmetal_cleaned/train/PaperCardboard/paper56.jpg,,,,,,,,
cleaned_train_PaperCardboard_paper561.jpg,CombinedCleaned,image_classification,train,PaperCardboard,PaperCardboard,prepared_datasets/combined_6class_plasticmetal_cleaned/train/PaperCardboard/paper561.jpg,,prepared_datasets/combined_6class_plasticmetal_cleaned/train/PaperCardboard/paper561.jpg,,,,,,,,
cleaned_train_PaperCardboard_paper563.jpg,CombinedCleaned,image_classification,train,PaperCardboard,PaperCardboard,prepared_datasets/combined_6class_plasticmetal_cleaned/train/PaperCardboard/paper563.jpg,,prepared_datasets/combined_6class_plasticmetal_cleaned/train/PaperCardboard/paper563.jpg,,,,,,,,
cleaned_train_PaperCardboard_paper564.jpg,CombinedCleaned,image_classification,train,PaperCardboard,PaperCardboard,prepared_datasets/combined_6class_plasticmetal_cleaned/train/PaperCardboard/paper564.jpg,,prepared_datasets/combined_6class_plasticmetal_cleaned/train/PaperCardboard/paper564.jpg,,,,,,,,
cleaned_train_PaperCardboard_paper565.jpg,CombinedCleaned,image_classification,train,PaperCardboard,PaperCardboard,prepared_datasets/combined_6class_plasticmetal_cleaned/train/PaperCardboard/paper565.jpg,,prepared_datasets/combined_6class_plasticmetal_cleaned/train/PaperCardboard/paper565.jpg,,,,,,,,
cleaned_train_PaperCardboard_paper566.jpg,CombinedCleaned,image_classification,train,PaperCardboard,PaperCardboard,prepared_datasets/combined_6class_plasticmetal_cleaned/train/PaperCardboard/paper566.jpg,,prepared_datasets/combined_6class_plasticmetal_cleaned/train/PaperCardboard/paper566.jpg,,,,,,,,
cleaned_train_PaperCardboard_paper57.jpg,CombinedCleaned,image_classification,train,PaperCardboard,PaperCardboard,prepared_datasets/combined_6class_plasticmetal_cleaned/train/PaperCardboard/paper57.jpg,,prepared_datasets/combined_6class_plasticmetal_cleaned/train/PaperCardboard/paper57.jpg,,,,,,,,
cleaned_train_PaperCardboard_paper570.jpg,CombinedCleaned,image_classification,train,PaperCardboard,PaperCardboard,prepared_datasets/combined_6class_plasticmetal_cleaned/train/PaperCardboard/paper570.jpg,,prepared_datasets/combined_6class_plasticmetal_cleaned/train/PaperCardboard/paper570.jpg,,,,,,,,
cleaned_train_PaperCardboard_paper571.jpg,CombinedCleaned,image_classification,train,PaperCardboard,PaperCardboard,prepared_datasets/combined_6class_plasticmetal_cleaned/train/PaperCardboard/paper571.jpg,,prepared_datasets/combined_6class_plasticmetal_cleaned/train/PaperCardboard/paper571.jpg,,,,,,,,
cleaned_train_PaperCardboard_paper572.jpg,CombinedCleaned,image_classification,train,PaperCardboard,PaperCardboard,prepared_datasets/combined_6class_plasticmetal_cleaned/train/PaperCardboard/paper572.jpg,,prepared_datasets/combined_6class_plasticmetal_cleaned/train/PaperCardboard/paper572.jpg,,,,,,,,
cleaned_train_PaperCardboard_paper574.jpg,CombinedCleaned,image_classification,train,PaperCardboard,PaperCardboard,prepared_datasets/combined_6class_plasticmetal_cleaned/train/PaperCardboard/paper574.jpg,,prepared_datasets/combined_6class_plasticmetal_cleaned/train/PaperCardboard/paper574.jpg,,,,,,,,
cleaned_train_PaperCardboard_paper575.jpg,CombinedCleaned,image_classification,train,PaperCardboard,PaperCardboard,prepared_datasets/combined_6class_plasticmetal_cleaned/train/PaperCardboard/paper575.jpg,,prepared_datasets/combined_6class_plasticmetal_cleaned/train/PaperCardboard/paper575.jpg,,,,,,,,
cleaned_train_PaperCardboard_paper576.jpg,CombinedCleaned,image_classification,train,PaperCardboard,PaperCardboard,prepared_datasets/combined_6class_plasticmetal_cleaned/train/PaperCardboard/paper576.jpg,,prepared_datasets/combined_6class_plasticmetal_cleaned/train/PaperCardboard/paper576.jpg,,,,,,,,
cleaned_train_PaperCardboard_paper579.jpg,CombinedCleaned,image_classification,train,PaperCardboard,PaperCardboard,prepared_datasets/combined_6class_plasticmetal_cleaned/train/PaperCardboard/paper579.jpg,,prepared_datasets/combined_6class_plasticmetal_cleaned/train/PaperCardboard/paper579.jpg,,,,,,,,
cleaned_train_PaperCardboard_paper58.jpg,CombinedCleaned,image_classification,train,PaperCardboard,PaperCardboard,prepared_datasets/combined_6class_plasticmetal_cleaned/train/PaperCardboard/paper58.jpg,,prepared_datasets/combined_6class_plasticmetal_cleaned/train/PaperCardboard/paper58.jpg,,,,,,,,
cleaned_train_PaperCardboard_paper580.jpg,CombinedCleaned,image_classification,train,PaperCardboard,PaperCardboard,prepared_datasets/combined_6class_plasticmetal_cleaned/train/PaperCardboard/paper580.jpg,,prepared_datasets/combined_6class_plasticmetal_cleaned/train/PaperCardboard/paper580.jpg,,,,,,,,
cleaned_train_PaperCardboard_paper581.jpg,CombinedCleaned,image_classification,train,PaperCardboard,PaperCardboard,prepared_datasets/combined_6class_plasticmetal_cleaned/train/PaperCardboard/paper581.jpg,,prepared_datasets/combined_6class_plasticmetal_cleaned/train/PaperCardboard/paper581.jpg,,,,,,,,
cleaned_train_PaperCardboard_paper582.jpg,CombinedCleaned,image_classification,train,PaperCardboard,PaperCardboard,prepared_datasets/combined_6class_plasticmetal_cleaned/train/PaperCardboard/paper582.jpg,,prepared_datasets/combined_6class_plasticmetal_cleaned/train/PaperCardboard/paper582.jpg,,,,,,,,
cleaned_train_PaperCardboard_paper583.jpg,CombinedCleaned,image_classification,train,PaperCardboard,PaperCardboard,prepared_datasets/combined_6class_plasticmetal_cleaned/train/PaperCardboard/paper583.jpg,,prepared_datasets/combined_6class_plasticmetal_cleaned/train/PaperCardboard/paper583.jpg,,,,,,,,
cleaned_train_PaperCardboard_paper585.jpg,CombinedCleaned,image_classification,train,PaperCardboard,PaperCardboard,prepared_datasets/combined_6class_plasticmetal_cleaned/train/PaperCardboard/paper585.jpg,,prepared_datasets/combined_6class_plasticmetal_cleaned/train/PaperCardboard/paper585.jpg,,,,,,,,
cleaned_train_PaperCardboard_paper586.jpg,CombinedCleaned,image_classification,train,PaperCardboard,PaperCardboard,prepared_datasets/combined_6class_plasticmetal_cleaned/train/PaperCardboard/paper586.jpg,,prepared_datasets/combined_6class_plasticmetal_cleaned/train/PaperCardboard/paper586.jpg,,,,,,,,
cleaned_train_PaperCardboard_paper587.jpg,CombinedCleaned,image_classification,train,PaperCardboard,PaperCardboard,prepared_datasets/combined_6class_plasticmetal_cleaned/train/PaperCardboard/paper587.jpg,,prepared_datasets/combined_6class_plasticmetal_cleaned/train/PaperCardboard/paper587.jpg,,,,,,,,
cleaned_train_PaperCardboard_paper588.jpg,CombinedCleaned,image_classification,train,PaperCardboard,PaperCardboard,prepared_datasets/combined_6class_plasticmetal_cleaned/train/PaperCardboard/paper588.jpg,,prepared_datasets/combined_6class_plasticmetal_cleaned/train/PaperCardboard/paper588.jpg,,,,,,,,
cleaned_train_PaperCardboard_paper59.jpg,CombinedCleaned,image_classification,train,PaperCardboard,PaperCardboard,prepared_datasets/combined_6class_plasticmetal_cleaned/train/PaperCardboard/paper59.jpg,,prepared_datasets/combined_6class_plasticmetal_cleaned/train/PaperCardboard/paper59.jpg,,,,,,,,
cleaned_train_PaperCardboard_paper590.jpg,CombinedCleaned,image_classification,train,PaperCardboard,PaperCardboard,prepared_datasets/combined_6class_plasticmetal_cleaned/train/PaperCardboard/paper590.jpg,,prepared_datasets/combined_6class_plasticmetal_cleaned/train/PaperCardboard/paper590.jpg,,,,,,,,
cleaned_train_PaperCardboard_paper592.jpg,CombinedCleaned,image_classification,train,PaperCardboard,PaperCardboard,prepared_datasets/combined_6class_plasticmetal_cleaned/train/PaperCardboard/paper592.jpg,,prepared_datasets/combined_6class_plasticmetal_cleaned/train/PaperCardboard/paper592.jpg,,,,,,,,
cleaned_train_PaperCardboard_paper593.jpg,CombinedCleaned,image_classification,train,PaperCardboard,PaperCardboard,prepared_datasets/combined_6class_plasticmetal_cleaned/train/PaperCardboard/paper593.jpg,,prepared_datasets/combined_6class_plasticmetal_cleaned/train/PaperCardboard/paper593.jpg,,,,,,,,
cleaned_train_PaperCardboard_paper594.jpg,CombinedCleaned,image_classification,train,PaperCardboard,PaperCardboard,prepared_datasets/combined_6class_plasticmetal_cleaned/train/PaperCardboard/paper594.jpg,,prepared_datasets/combined_6class_plasticmetal_cleaned/train/PaperCardboard/paper594.jpg,,,,,,,,
cleaned_train_PaperCardboard_paper6.jpg,CombinedCleaned,image_classification,train,PaperCardboard,PaperCardboard,prepared_datasets/combined_6class_plasticmetal_cleaned/train/PaperCardboard/paper6.jpg,,prepared_datasets/combined_6class_plasticmetal_cleaned/train/PaperCardboard/paper6.jpg,,,,,,,,
cleaned_train_PaperCardboard_paper62.jpg,CombinedCleaned,image_classification,train,PaperCardboard,PaperCardboard,prepared_datasets/combined_6class_plasticmetal_cleaned/train/PaperCardboard/paper62.jpg,,prepared_datasets/combined_6class_plasticmetal_cleaned/train/PaperCardboard/paper62.jpg,,,,,,,,
cleaned_train_PaperCardboard_paper67.jpg,CombinedCleaned,image_classification,train,PaperCardboard,PaperCardboard,prepared_datasets/combined_6class_plasticmetal_cleaned/train/PaperCardboard/paper67.jpg,,prepared_datasets/combined_6class_plasticmetal_cleaned/train/PaperCardboard/paper67.jpg,,,,,,,,
cleaned_train_PaperCardboard_paper68.jpg,CombinedCleaned,image_classification,train,PaperCardboard,PaperCardboard,prepared_datasets/combined_6class_plasticmetal_cleaned/train/PaperCardboard/paper68.jpg,,prepared_datasets/combined_6class_plasticmetal_cleaned/train/PaperCardboard/paper68.jpg,,,,,,,,
cleaned_train_PaperCardboard_paper69.jpg,CombinedCleaned,image_classification,train,PaperCardboard,PaperCardboard,prepared_datasets/combined_6class_plasticmetal_cleaned/train/PaperCardboard/paper69.jpg,,prepared_datasets/combined_6class_plasticmetal_cleaned/train/PaperCardboard/paper69.jpg,,,,,,,,
cleaned_train_PaperCardboard_paper7.jpg,CombinedCleaned,image_classification,train,PaperCardboard,PaperCardboard,prepared_datasets/combined_6class_plasticmetal_cleaned/train/PaperCardboard/paper7.jpg,,prepared_datasets/combined_6class_plasticmetal_cleaned/train/PaperCardboard/paper7.jpg,,,,,,,,
cleaned_train_PaperCardboard_paper74.jpg,CombinedCleaned,image_classification,train,PaperCardboard,PaperCardboard,prepared_datasets/combined_6class_plasticmetal_cleaned/train/PaperCardboard/paper74.jpg,,prepared_datasets/combined_6class_plasticmetal_cleaned/train/PaperCardboard/paper74.jpg,,,,,,,,
cleaned_train_PaperCardboard_paper75.jpg,CombinedCleaned,image_classification,train,PaperCardboard,PaperCardboard,prepared_datasets/combined_6class_plasticmetal_cleaned/train/PaperCardboard/paper75.jpg,,prepared_datasets/combined_6class_plasticmetal_cleaned/train/PaperCardboard/paper75.jpg,,,,,,,,
cleaned_train_PaperCardboard_paper76.jpg,CombinedCleaned,image_classification,train,PaperCardboard,PaperCardboard,prepared_datasets/combined_6class_plasticmetal_cleaned/train/PaperCardboard/paper76.jpg,,prepared_datasets/combined_6class_plasticmetal_cleaned/train/PaperCardboard/paper76.jpg,,,,,,,,
cleaned_train_PaperCardboard_paper77.jpg,CombinedCleaned,image_classification,train,PaperCardboard,PaperCardboard,prepared_datasets/combined_6class_plasticmetal_cleaned/train/PaperCardboard/paper77.jpg,,prepared_datasets/combined_6class_plasticmetal_cleaned/train/PaperCardboard/paper77.jpg,,,,,,,,
cleaned_train_PaperCardboard_paper78.jpg,CombinedCleaned,image_classification,train,PaperCardboard,PaperCardboard,prepared_datasets/combined_6class_plasticmetal_cleaned/train/PaperCardboard/paper78.jpg,,prepared_datasets/combined_6class_plasticmetal_cleaned/train/PaperCardboard/paper78.jpg,,,,,,,,
cleaned_train_PaperCardboard_paper79.jpg,CombinedCleaned,image_classification,train,PaperCardboard,PaperCardboard,prepared_datasets/combined_6class_plasticmetal_cleaned/train/PaperCardboard/paper79.jpg,,prepared_datasets/combined_6class_plasticmetal_cleaned/train/PaperCardboard/paper79.jpg,,,,,,,,
cleaned_train_PaperCardboard_paper8.jpg,CombinedCleaned,image_classification,train,PaperCardboard,PaperCardboard,prepared_datasets/combined_6class_plasticmetal_cleaned/train/PaperCardboard/paper8.jpg,,prepared_datasets/combined_6class_plasticmetal_cleaned/train/PaperCardboard/paper8.jpg,,,,,,,,
cleaned_train_PaperCardboard_paper80.jpg,CombinedCleaned,image_classification,train,PaperCardboard,PaperCardboard,prepared_datasets/combined_6class_plasticmetal_cleaned/train/PaperCardboard/paper80.jpg,,prepared_datasets/combined_6class_plasticmetal_cleaned/train/PaperCardboard/paper80.jpg,,,,,,,,
cleaned_train_PaperCardboard_paper81.jpg,CombinedCleaned,image_classification,train,PaperCardboard,PaperCardboard,prepared_datasets/combined_6class_plasticmetal_cleaned/train/PaperCardboard/paper81.jpg,,prepared_datasets/combined_6class_plasticmetal_cleaned/train/PaperCardboard/paper81.jpg,,,,,,,,
cleaned_train_PaperCardboard_paper82.jpg,CombinedCleaned,image_classification,train,PaperCardboard,PaperCardboard,prepared_datasets/combined_6class_plasticmetal_cleaned/train/PaperCardboard/paper82.jpg,,prepared_datasets/combined_6class_plasticmetal_cleaned/train/PaperCardboard/paper82.jpg,,,,,,,,
cleaned_train_PaperCardboard_paper83.jpg,CombinedCleaned,image_classification,train,PaperCardboard,PaperCardboard,prepared_datasets/combined_6class_plasticmetal_cleaned/train/PaperCardboard/paper83.jpg,,prepared_datasets/combined_6class_plasticmetal_cleaned/train/PaperCardboard/paper83.jpg,,,,,,,,
cleaned_train_PaperCardboard_paper84.jpg,CombinedCleaned,image_classification,train,PaperCardboard,PaperCardboard,prepared_datasets/combined_6class_plasticmetal_cleaned/train/PaperCardboard/paper84.jpg,,prepared_datasets/combined_6class_plasticmetal_cleaned/train/PaperCardboard/paper84.jpg,,,,,,,,
cleaned_train_PaperCardboard_paper85.jpg,CombinedCleaned,image_classification,train,PaperCardboard,PaperCardboard,prepared_datasets/combined_6class_plasticmetal_cleaned/train/PaperCardboard/paper85.jpg,,prepared_datasets/combined_6class_plasticmetal_cleaned/train/PaperCardboard/paper85.jpg,,,,,,,,
cleaned_train_PaperCardboard_paper87.jpg,CombinedCleaned,image_classification,train,PaperCardboard,PaperCardboard,prepared_datasets/combined_6class_plasticmetal_cleaned/train/PaperCardboard/paper87.jpg,,prepared_datasets/combined_6class_plasticmetal_cleaned/train/PaperCardboard/paper87.jpg,,,,,,,,
cleaned_train_PaperCardboard_paper88.jpg,CombinedCleaned,image_classification,train,PaperCardboard,PaperCardboard,prepared_datasets/combined_6class_plasticmetal_cleaned/train/PaperCardboard/paper88.jpg,,prepared_datasets/combined_6class_plasticmetal_cleaned/train/PaperCardboard/paper88.jpg,,,,,,,,
cleaned_train_PaperCardboard_paper9.jpg,CombinedCleaned,image_classification,train,PaperCardboard,PaperCardboard,prepared_datasets/combined_6class_plasticmetal_cleaned/train/PaperCardboard/paper9.jpg,,prepared_datasets/combined_6class_plasticmetal_cleaned/train/PaperCardboard/paper9.jpg,,,,,,,,
cleaned_train_PaperCardboard_paper90.jpg,CombinedCleaned,image_classification,train,PaperCardboard,PaperCardboard,prepared_datasets/combined_6class_plasticmetal_cleaned/train/PaperCardboard/paper90.jpg,,prepared_datasets/combined_6class_plasticmetal_cleaned/train/PaperCardboard/paper90.jpg,,,,,,,,
cleaned_train_PaperCardboard_paper92.jpg,CombinedCleaned,image_classification,train,PaperCardboard,PaperCardboard,prepared_datasets/combined_6class_plasticmetal_cleaned/train/PaperCardboard/paper92.jpg,,prepared_datasets/combined_6class_plasticmetal_cleaned/train/PaperCardboard/paper92.jpg,,,,,,,,
cleaned_train_PaperCardboard_paper93.jpg,CombinedCleaned,image_classification,train,PaperCardboard,PaperCardboard,prepared_datasets/combined_6class_plasticmetal_cleaned/train/PaperCardboard/paper93.jpg,,prepared_datasets/combined_6class_plasticmetal_cleaned/train/PaperCardboard/paper93.jpg,,,,,,,,
cleaned_train_PaperCardboard_paper94.jpg,CombinedCleaned,image_classification,train,PaperCardboard,PaperCardboard,prepared_datasets/combined_6class_plasticmetal_cleaned/train/PaperCardboard/paper94.jpg,,prepared_datasets/combined_6class_plasticmetal_cleaned/train/PaperCardboard/paper94.jpg,,,,,,,,
cleaned_train_PaperCardboard_paper97.jpg,CombinedCleaned,image_classification,train,PaperCardboard,PaperCardboard,prepared_datasets/combined_6class_plasticmetal_cleaned/train/PaperCardboard/paper97.jpg,,prepared_datasets/combined_6class_plasticmetal_cleaned/train/PaperCardboard/paper97.jpg,,,,,,,,
cleaned_train_PaperCardboard_paper98.jpg,CombinedCleaned,image_classification,train,PaperCardboard,PaperCardboard,prepared_datasets/combined_6class_plasticmetal_cleaned/train/PaperCardboard/paper98.jpg,,prepared_datasets/combined_6class_plasticmetal_cleaned/train/PaperCardboard/paper98.jpg,,,,,,,,
cleaned_train_Plastic_000000_ann2198.jpg,CombinedCleaned,image_classification,train,Plastic,Plastic,prepared_datasets/combined_6class_plasticmetal_cleaned/train/Plastic/000000_ann2198.jpg,,prepared_datasets/combined_6class_plasticmetal_cleaned/train/Plastic/000000_ann2198.jpg,,,,,,,,
cleaned_train_Plastic_000000_ann3029.jpg,CombinedCleaned,image_classification,train,Plastic,Plastic,prepared_datasets/combined_6class_plasticmetal_cleaned/train/Plastic/000000_ann3029.jpg,,prepared_datasets/combined_6class_plasticmetal_cleaned/train/Plastic/000000_ann3029.jpg,,,,,,,,
cleaned_train_Plastic_000000_ann309.jpg,CombinedCleaned,image_classification,train,Plastic,Plastic,prepared_datasets/combined_6class_plasticmetal_cleaned/train/Plastic/000000_ann309.jpg,,prepared_datasets/combined_6class_plasticmetal_cleaned/train/Plastic/000000_ann309.jpg,,,,,,,,
cleaned_train_Plastic_000000_ann97.jpg,CombinedCleaned,image_classification,train,Plastic,Plastic,prepared_datasets/combined_6class_plasticmetal_cleaned/train/Plastic/000000_ann97.jpg,,prepared_datasets/combined_6class_plasticmetal_cleaned/train/Plastic/000000_ann97.jpg,,,,,,,,
cleaned_train_Plastic_000001_ann1701.jpg,CombinedCleaned,image_classification,train,Plastic,Plastic,prepared_datasets/combined_6class_plasticmetal_cleaned/train/Plastic/000001_ann1701.jpg,,prepared_datasets/combined_6class_plasticmetal_cleaned/train/Plastic/000001_ann1701.jpg,,,,,,,,
cleaned_train_Plastic_000001_ann3032.jpg,CombinedCleaned,image_classification,train,Plastic,Plastic,prepared_datasets/combined_6class_plasticmetal_cleaned/train/Plastic/000001_ann3032.jpg,,prepared_datasets/combined_6class_plasticmetal_cleaned/train/Plastic/000001_ann3032.jpg,,,,,,,,
cleaned_train_Plastic_000001_ann4043.jpg,CombinedCleaned,image_classification,train,Plastic,Plastic,prepared_datasets/combined_6class_plasticmetal_cleaned/train/Plastic/000001_ann4043.jpg,,prepared_datasets/combined_6class_plasticmetal_cleaned/train/Plastic/000001_ann4043.jpg,,,,,,,,
cleaned_train_Plastic_000003_ann1892.jpg,CombinedCleaned,image_classification,train,Plastic,Plastic,prepared_datasets/combined_6class_plasticmetal_cleaned/train/Plastic/000003_ann1892.jpg,,prepared_datasets/combined_6class_plasticmetal_cleaned/train/Plastic/000003_ann1892.jpg,,,,,,,,
cleaned_train_Plastic_000003_ann330.jpg,CombinedCleaned,image_classification,train,Plastic,Plastic,prepared_datasets/combined_6class_plasticmetal_cleaned/train/Plastic/000003_ann330.jpg,,prepared_datasets/combined_6class_plasticmetal_cleaned/train/Plastic/000003_ann330.jpg,,,,,,,,
cleaned_train_Plastic_000004_ann4047.jpg,CombinedCleaned,image_classification,train,Plastic,Plastic,prepared_datasets/combined_6class_plasticmetal_cleaned/train/Plastic/000004_ann4047.jpg,,prepared_datasets/combined_6class_plasticmetal_cleaned/train/Plastic/000004_ann4047.jpg,,,,,,,,
cleaned_train_Plastic_000004_ann4485.jpg,CombinedCleaned,image_classification,train,Plastic,Plastic,prepared_datasets/combined_6class_plasticmetal_cleaned/train/Plastic/000004_ann4485.jpg,,prepared_datasets/combined_6class_plasticmetal_cleaned/train/Plastic/000004_ann4485.jpg,,,,,,,,
cleaned_train_Plastic_000005_ann20.jpg,CombinedCleaned,image_classification,train,Plastic,Plastic,prepared_datasets/combined_6class_plasticmetal_cleaned/train/Plastic/000005_ann20.jpg,,prepared_datasets/combined_6class_plasticmetal_cleaned/train/Plastic/000005_ann20.jpg,,,,,,,,
cleaned_train_Plastic_000005_ann3044.jpg,CombinedCleaned,image_classification,train,Plastic,Plastic,prepared_datasets/combined_6class_plasticmetal_cleaned/train/Plastic/000005_ann3044.jpg,,prepared_datasets/combined_6class_plasticmetal_cleaned/train/Plastic/000005_ann3044.jpg,,,,,,,,
cleaned_train_Plastic_000005_ann357.jpg,CombinedCleaned,image_classification,train,Plastic,Plastic,prepared_datasets/combined_6class_plasticmetal_cleaned/train/Plastic/000005_ann357.jpg,,prepared_datasets/combined_6class_plasticmetal_cleaned/train/Plastic/000005_ann357.jpg,,,,,,,,
cleaned_train_Plastic_000005_ann4487.jpg,CombinedCleaned,image_classification,train,Plastic,Plastic,prepared_datasets/combined_6class_plasticmetal_cleaned/train/Plastic/000005_ann4487.jpg,,prepared_datasets/combined_6class_plasticmetal_cleaned/train/Plastic/000005_ann4487.jpg,,,,,,,,
cleaned_train_Plastic_000007_ann4054.jpg,CombinedCleaned,image_classification,train,Plastic,Plastic,prepared_datasets/combined_6class_plasticmetal_cleaned/train/Plastic/000007_ann4054.jpg,,prepared_datasets/combined_6class_plasticmetal_cleaned/train/Plastic/000007_ann4054.jpg,,,,,,,,
cleaned_train_Plastic_000007_ann4056.jpg,CombinedCleaned,image_classification,train,Plastic,Plastic,prepared_datasets/combined_6class_plasticmetal_cleaned/train/Plastic/000007_ann4056.jpg,,prepared_datasets/combined_6class_plasticmetal_cleaned/train/Plastic/000007_ann4056.jpg,,,,,,,,
cleaned_train_Plastic_000008_ann1444.jpg,CombinedCleaned,image_classification,train,Plastic,Plastic,prepared_datasets/combined_6class_plasticmetal_cleaned/train/Plastic/000008_ann1444.jpg,,prepared_datasets/combined_6class_plasticmetal_cleaned/train/Plastic/000008_ann1444.jpg,,,,,,,,
cleaned_train_Plastic_000008_ann3048.jpg,CombinedCleaned,image_classification,train,Plastic,Plastic,prepared_datasets/combined_6class_plasticmetal_cleaned/train/Plastic/000008_ann3048.jpg,,prepared_datasets/combined_6class_plasticmetal_cleaned/train/Plastic/000008_ann3048.jpg,,,,,,,,
cleaned_train_Plastic_000008_ann4493.jpg,CombinedCleaned,image_classification,train,Plastic,Plastic,prepared_datasets/combined_6class_plasticmetal_cleaned/train/Plastic/000008_ann4493.jpg,,prepared_datasets/combined_6class_plasticmetal_cleaned/train/Plastic/000008_ann4493.jpg,,,,,,,,
cleaned_train_Plastic_000008_ann4498.jpg,CombinedCleaned,image_classification,train,Plastic,Plastic,prepared_datasets/combined_6class_plasticmetal_cleaned/train/Plastic/000008_ann4498.jpg,,prepared_datasets/combined_6class_plasticmetal_cleaned/train/Plastic/000008_ann4498.jpg,,,,,,,,
cleaned_train_Plastic_000008_ann4501.jpg,CombinedCleaned,image_classification,train,Plastic,Plastic,prepared_datasets/combined_6class_plasticmetal_cleaned/train/Plastic/000008_ann4501.jpg,,prepared_datasets/combined_6class_plasticmetal_cleaned/train/Plastic/000008_ann4501.jpg,,,,,,,,
cleaned_train_Plastic_000009_ann1452.jpg,CombinedCleaned,image_classification,train,Plastic,Plastic,prepared_datasets/combined_6class_plasticmetal_cleaned/train/Plastic/000009_ann1452.jpg,,prepared_datasets/combined_6class_plasticmetal_cleaned/train/Plastic/000009_ann1452.jpg,,,,,,,,
cleaned_train_Plastic_000010_ann1454.jpg,CombinedCleaned,image_classification,train,Plastic,Plastic,prepared_datasets/combined_6class_plasticmetal_cleaned/train/Plastic/000010_ann1454.jpg,,prepared_datasets/combined_6class_plasticmetal_cleaned/train/Plastic/000010_ann1454.jpg,,,,,,,,
cleaned_train_Plastic_000010_ann3564.jpg,CombinedCleaned,image_classification,train,Plastic,Plastic,prepared_datasets/combined_6class_plasticmetal_cleaned/train/Plastic/000010_ann3564.jpg,,prepared_datasets/combined_6class_plasticmetal_cleaned/train/Plastic/000010_ann3564.jpg,,,,,,,,
cleaned_train_Plastic_000010_ann4.jpg,CombinedCleaned,image_classification,train,Plastic,Plastic,prepared_datasets/combined_6class_plasticmetal_cleaned/train/Plastic/000010_ann4.jpg,,prepared_datasets/combined_6class_plasticmetal_cleaned/train/Plastic/000010_ann4.jpg,,,,,,,,
cleaned_train_Plastic_000011_ann4070.jpg,CombinedCleaned,image_classification,train,Plastic,Plastic,prepared_datasets/combined_6class_plasticmetal_cleaned/train/Plastic/000011_ann4070.jpg,,prepared_datasets/combined_6class_plasticmetal_cleaned/train/Plastic/000011_ann4070.jpg,,,,,,,,
cleaned_train_Plastic_000012_ann4073.jpg,CombinedCleaned,image_classification,train,Plastic,Plastic,prepared_datasets/combined_6class_plasticmetal_cleaned/train/Plastic/000012_ann4073.jpg,,prepared_datasets/combined_6class_plasticmetal_cleaned/train/Plastic/000012_ann4073.jpg,,,,,,,,
cleaned_train_Plastic_000012_ann947.jpg,CombinedCleaned,image_classification,train,Plastic,Plastic,prepared_datasets/combined_6class_plasticmetal_cleaned/train/Plastic/000012_ann947.jpg,,prepared_datasets/combined_6class_plasticmetal_cleaned/train/Plastic/000012_ann947.jpg,,,,,,,,
cleaned_train_Plastic_000013_ann1718.jpg,CombinedCleaned,image_classification,train,Plastic,Plastic,prepared_datasets/combined_6class_plasticmetal_cleaned/train/Plastic/000013_ann1718.jpg,,prepared_datasets/combined_6class_plasticmetal_cleaned/train/Plastic/000013_ann1718.jpg,,,,,,,,
cleaned_train_Plastic_000013_ann948.jpg,CombinedCleaned,image_classification,train,Plastic,Plastic,prepared_datasets/combined_6class_plasticmetal_cleaned/train/Plastic/000013_ann948.jpg,,prepared_datasets/combined_6class_plasticmetal_cleaned/train/Plastic/000013_ann948.jpg,,,,,,,,
cleaned_train_Plastic_000014_ann1467.jpg,CombinedCleaned,image_classification,train,Plastic,Plastic,prepared_datasets/combined_6class_plasticmetal_cleaned/train/Plastic/000014_ann1467.jpg,,prepared_datasets/combined_6class_plasticmetal_cleaned/train/Plastic/000014_ann1467.jpg,,,,,,,,
cleaned_train_Plastic_000014_ann3559.jpg,CombinedCleaned,image_classification,train,Plastic,Plastic,prepared_datasets/combined_6class_plasticmetal_cleaned/train/Plastic/000014_ann3559.jpg,,prepared_datasets/combined_6class_plasticmetal_cleaned/train/Plastic/000014_ann3559.jpg,,,,,,,,
cleaned_train_Plastic_000014_ann4087.jpg,CombinedCleaned,image_classification,train,Plastic,Plastic,prepared_datasets/combined_6class_plasticmetal_cleaned/train/Plastic/000014_ann4087.jpg,,prepared_datasets/combined_6class_plasticmetal_cleaned/train/Plastic/000014_ann4087.jpg,,,,,,,,
cleaned_train_Plastic_000015_ann1722.jpg,CombinedCleaned,image_classification,train,Plastic,Plastic,prepared_datasets/combined_6class_plasticmetal_cleaned/train/Plastic/000015_ann1722.jpg,,prepared_datasets/combined_6class_plasticmetal_cleaned/train/Plastic/000015_ann1722.jpg,,,,,,,,
cleaned_train_Plastic_000015_ann3557.jpg,CombinedCleaned,image_classification,train,Plastic,Plastic,prepared_datasets/combined_6class_plasticmetal_cleaned/train/Plastic/000015_ann3557.jpg,,prepared_datasets/combined_6class_plasticmetal_cleaned/train/Plastic/000015_ann3557.jpg,,,,,,,,
cleaned_train_Plastic_000016_ann3661.jpg,CombinedCleaned,image_classification,train,Plastic,Plastic,prepared_datasets/combined_6class_plasticmetal_cleaned/train/Plastic/000016_ann3661.jpg,,prepared_datasets/combined_6class_plasticmetal_cleaned/train/Plastic/000016_ann3661.jpg,,,,,,,,
cleaned_train_Plastic_000017_ann1482.jpg,CombinedCleaned,image_classification,train,Plastic,Plastic,prepared_datasets/combined_6class_plasticmetal_cleaned/train/Plastic/000017_ann1482.jpg,,prepared_datasets/combined_6class_plasticmetal_cleaned/train/Plastic/000017_ann1482.jpg,,,,,,,,
cleaned_train_Plastic_000017_ann1948.jpg,CombinedCleaned,image_classification,train,Plastic,Plastic,prepared_datasets/combined_6class_plasticmetal_cleaned/train/Plastic/000017_ann1948.jpg,,prepared_datasets/combined_6class_plasticmetal_cleaned/train/Plastic/000017_ann1948.jpg,,,,,,,,
cleaned_train_Plastic_000017_ann3553.jpg,CombinedCleaned,image_classification,train,Plastic,Plastic,prepared_datasets/combined_6class_plasticmetal_cleaned/train/Plastic/000017_ann3553.jpg,,prepared_datasets/combined_6class_plasticmetal_cleaned/train/Plastic/000017_ann3553.jpg,,,,,,,,
cleaned_train_Plastic_000017_ann957.jpg,CombinedCleaned,image_classification,train,Plastic,Plastic,prepared_datasets/combined_6class_plasticmetal_cleaned/train/Plastic/000017_ann957.jpg,,prepared_datasets/combined_6class_plasticmetal_cleaned/train/Plastic/000017_ann957.jpg,,,,,,,,
cleaned_train_Plastic_000019_ann1727.jpg,CombinedCleaned,image_classification,train,Plastic,Plastic,prepared_datasets/combined_6class_plasticmetal_cleaned/train/Plastic/000019_ann1727.jpg,,prepared_datasets/combined_6class_plasticmetal_cleaned/train/Plastic/000019_ann1727.jpg,,,,,,,,
cleaned_train_Plastic_000019_ann1956.jpg,CombinedCleaned,image_classification,train,Plastic,Plastic,prepared_datasets/combined_6class_plasticmetal_cleaned/train/Plastic/000019_ann1956.jpg,,prepared_datasets/combined_6class_plasticmetal_cleaned/train/Plastic/000019_ann1956.jpg,,,,,,,,
cleaned_train_Plastic_000019_ann1961.jpg,CombinedCleaned,image_classification,train,Plastic,Plastic,prepared_datasets/combined_6class_plasticmetal_cleaned/train/Plastic/000019_ann1961.jpg,,prepared_datasets/combined_6class_plasticmetal_cleaned/train/Plastic/000019_ann1961.jpg,,,,,,,,
cleaned_train_Plastic_000019_ann3547.jpg,CombinedCleaned,image_classification,train,Plastic,Plastic,prepared_datasets/combined_6class_plasticmetal_cleaned/train/Plastic/000019_ann3547.jpg,,prepared_datasets/combined_6class_plasticmetal_cleaned/train/Plastic/000019_ann3547.jpg,,,,,,,,
cleaned_train_Plastic_000019_ann741.jpg,CombinedCleaned,image_classification,train,Plastic,Plastic,prepared_datasets/combined_6class_plasticmetal_cleaned/train/Plastic/000019_ann741.jpg,,prepared_datasets/combined_6class_plasticmetal_cleaned/train/Plastic/000019_ann741.jpg,,,,,,,,
cleaned_train_Plastic_000019_ann964.jpg,CombinedCleaned,image_classification,train,Plastic,Plastic,prepared_datasets/combined_6class_plasticmetal_cleaned/train/Plastic/000019_ann964.jpg,,prepared_datasets/combined_6class_plasticmetal_cleaned/train/Plastic/000019_ann964.jpg,,,,,,,,
cleaned_train_Plastic_000021_ann1731.jpg,CombinedCleaned,image_classification,train,Plastic,Plastic,prepared_datasets/combined_6class_plasticmetal_cleaned/train/Plastic/000021_ann1731.jpg,,prepared_datasets/combined_6class_plasticmetal_cleaned/train/Plastic/000021_ann1731.jpg,,,,,,,,
cleaned_train_Plastic_000021_ann2233.jpg,CombinedCleaned,image_classification,train,Plastic,Plastic,prepared_datasets/combined_6class_plasticmetal_cleaned/train/Plastic/000021_ann2233.jpg,,prepared_datasets/combined_6class_plasticmetal_cleaned/train/Plastic/000021_ann2233.jpg,,,,,,,,
cleaned_train_Plastic_000021_ann3545.jpg,CombinedCleaned,image_classification,train,Plastic,Plastic,prepared_datasets/combined_6class_plasticmetal_cleaned/train/Plastic/000021_ann3545.jpg,,prepared_datasets/combined_6class_plasticmetal_cleaned/train/Plastic/000021_ann3545.jpg,,,,,,,,
cleaned_train_Plastic_000021_ann746.jpg,CombinedCleaned,image_classification,train,Plastic,Plastic,prepared_datasets/combined_6class_plasticmetal_cleaned/train/Plastic/000021_ann746.jpg,,prepared_datasets/combined_6class_plasticmetal_cleaned/train/Plastic/000021_ann746.jpg,,,,,,,,
cleaned_train_Plastic_000021_ann970.jpg,CombinedCleaned,image_classification,train,Plastic,Plastic,prepared_datasets/combined_6class_plasticmetal_cleaned/train/Plastic/000021_ann970.jpg,,prepared_datasets/combined_6class_plasticmetal_cleaned/train/Plastic/000021_ann970.jpg,,,,,,,,
cleaned_train_Plastic_000022_ann1499.jpg,CombinedCleaned,image_classification,train,Plastic,Plastic,prepared_datasets/combined_6class_plasticmetal_cleaned/train/Plastic/000022_ann1499.jpg,,prepared_datasets/combined_6class_plasticmetal_cleaned/train/Plastic/000022_ann1499.jpg,,,,,,,,
cleaned_train_Plastic_000022_ann3683.jpg,CombinedCleaned,image_classification,train,Plastic,Plastic,prepared_datasets/combined_6class_plasticmetal_cleaned/train/Plastic/000022_ann3683.jpg,,prepared_datasets/combined_6class_plasticmetal_cleaned/train/Plastic/000022_ann3683.jpg,,,,,,,,
cleaned_train_Plastic_000022_ann747.jpg,CombinedCleaned,image_classification,train,Plastic,Plastic,prepared_datasets/combined_6class_plasticmetal_cleaned/train/Plastic/000022_ann747.jpg,,prepared_datasets/combined_6class_plasticmetal_cleaned/train/Plastic/000022_ann747.jpg,,,,,,,,
cleaned_train_Plastic_000023_ann1739.jpg,CombinedCleaned,image_classification,train,Plastic,Plastic,prepared_datasets/combined_6class_plasticmetal_cleaned/train/Plastic/000023_ann1739.jpg,,prepared_datasets/combined_6class_plasticmetal_cleaned/train/Plastic/000023_ann1739.jpg,,,,,,,,
cleaned_train_Plastic_000023_ann3535.jpg,CombinedCleaned,image_classification,train,Plastic,Plastic,prepared_datasets/combined_6class_plasticmetal_cleaned/train/Plastic/000023_ann3535.jpg,,prepared_datasets/combined_6class_plasticmetal_cleaned/train/Plastic/000023_ann3535.jpg,,,,,,,,
cleaned_train_Plastic_000023_ann73.jpg,CombinedCleaned,image_classification,train,Plastic,Plastic,prepared_datasets/combined_6class_plasticmetal_cleaned/train/Plastic/000023_ann73.jpg,,prepared_datasets/combined_6class_plasticmetal_cleaned/train/Plastic/000023_ann73.jpg,,,,,,,,
cleaned_train_Plastic_000025_ann1742.jpg,CombinedCleaned,image_classification,train,Plastic,Plastic,prepared_datasets/combined_6class_plasticmetal_cleaned/train/Plastic/000025_ann1742.jpg,,prepared_datasets/combined_6class_plasticmetal_cleaned/train/Plastic/000025_ann1742.jpg,,,,,,,,
cleaned_train_Plastic_000025_ann4195.jpg,CombinedCleaned,image_classification,train,Plastic,Plastic,prepared_datasets/combined_6class_plasticmetal_cleaned/train/Plastic/000025_ann4195.jpg,,prepared_datasets/combined_6class_plasticmetal_cleaned/train/Plastic/000025_ann4195.jpg,,,,,,,,
cleaned_train_Plastic_000026_ann4198.jpg,CombinedCleaned,image_classification,train,Plastic,Plastic,prepared_datasets/combined_6class_plasticmetal_cleaned/train/Plastic/000026_ann4198.jpg,,prepared_datasets/combined_6class_plasticmetal_cleaned/train/Plastic/000026_ann4198.jpg,,,,,,,,
cleaned_train_Plastic_000027_ann4200.jpg,CombinedCleaned,image_classification,train,Plastic,Plastic,prepared_datasets/combined_6class_plasticmetal_cleaned/train/Plastic/000027_ann4200.jpg,,prepared_datasets/combined_6class_plasticmetal_cleaned/train/Plastic/000027_ann4200.jpg,,,,,,,,
cleaned_train_Plastic_000028_ann3106.jpg,CombinedCleaned,image_classification,train,Plastic,Plastic,prepared_datasets/combined_6class_plasticmetal_cleaned/train/Plastic/000028_ann3106.jpg,,prepared_datasets/combined_6class_plasticmetal_cleaned/train/Plastic/000028_ann3106.jpg,,,,,,,,
cleaned_train_Plastic_000028_ann4205.jpg,CombinedCleaned,image_classification,train,Plastic,Plastic,prepared_datasets/combined_6class_plasticmetal_cleaned/train/Plastic/000028_ann4205.jpg,,prepared_datasets/combined_6class_plasticmetal_cleaned/train/Plastic/000028_ann4205.jpg,,,,,,,,
cleaned_train_Plastic_000029_ann1066.jpg,CombinedCleaned,image_classification,train,Plastic,Plastic,prepared_datasets/combined_6class_plasticmetal_cleaned/train/Plastic/000029_ann1066.jpg,,prepared_datasets/combined_6class_plasticmetal_cleaned/train/Plastic/000029_ann1066.jpg,,,,,,,,
cleaned_train_Plastic_000029_ann3521.jpg,CombinedCleaned,image_classification,train,Plastic,Plastic,prepared_datasets/combined_6class_plasticmetal_cleaned/train/Plastic/000029_ann3521.jpg,,prepared_datasets/combined_6class_plasticmetal_cleaned/train/Plastic/000029_ann3521.jpg,,,,,,,,
cleaned_train_Plastic_000029_ann438.jpg,CombinedCleaned,image_classification,train,Plastic,Plastic,prepared_datasets/combined_6class_plasticmetal_cleaned/train/Plastic/000029_ann438.jpg,,prepared_datasets/combined_6class_plasticmetal_cleaned/train/Plastic/000029_ann438.jpg,,,,,,,,
cleaned_train_Plastic_000030_ann3696.jpg,CombinedCleaned,image_classification,train,Plastic,Plastic,prepared_datasets/combined_6class_plasticmetal_cleaned/train/Plastic/000030_ann3696.jpg,,prepared_datasets/combined_6class_plasticmetal_cleaned/train/Plastic/000030_ann3696.jpg,,,,,,,,
cleaned_train_Plastic_000030_ann4226.jpg,CombinedCleaned,image_classification,train,Plastic,Plastic,prepared_datasets/combined_6class_plasticmetal_cleaned/train/Plastic/000030_ann4226.jpg,,prepared_datasets/combined_6class_plasticmetal_cleaned/train/Plastic/000030_ann4226.jpg,,,,,,,,
cleaned_train_Plastic_000031_ann1749.jpg,CombinedCleaned,image_classification,train,Plastic,Plastic,prepared_datasets/combined_6class_plasticmetal_cleaned/train/Plastic/000031_ann1749.jpg,,prepared_datasets/combined_6class_plasticmetal_cleaned/train/Plastic/000031_ann1749.jpg,,,,,,,,
cleaned_train_Plastic_000031_ann4228.jpg,CombinedCleaned,image_classification,train,Plastic,Plastic,prepared_datasets/combined_6class_plasticmetal_cleaned/train/Plastic/000031_ann4228.jpg,,prepared_datasets/combined_6class_plasticmetal_cleaned/train/Plastic/000031_ann4228.jpg,,,,,,,,
cleaned_train_Plastic_000032_ann2763.jpg,CombinedCleaned,image_classification,train,Plastic,Plastic,prepared_datasets/combined_6class_plasticmetal_cleaned/train/Plastic/000032_ann2763.jpg,,prepared_datasets/combined_6class_plasticmetal_cleaned/train/Plastic/000032_ann2763.jpg,,,,,,,,
cleaned_train_Plastic_000034_ann1100.jpg,CombinedCleaned,image_classification,train,Plastic,Plastic,prepared_datasets/combined_6class_plasticmetal_cleaned/train/Plastic/000034_ann1100.jpg,,prepared_datasets/combined_6class_plasticmetal_cleaned/train/Plastic/000034_ann1100.jpg,,,,,,,,
cleaned_train_Plastic_000034_ann1557.jpg,CombinedCleaned,image_classification,train,Plastic,Plastic,prepared_datasets/combined_6class_plasticmetal_cleaned/train/Plastic/000034_ann1557.jpg,,prepared_datasets/combined_6class_plasticmetal_cleaned/train/Plastic/000034_ann1557.jpg,,,,,,,,
cleaned_train_Plastic_000034_ann3505.jpg,CombinedCleaned,image_classification,train,Plastic,Plastic,prepared_datasets/combined_6class_plasticmetal_cleaned/train/Plastic/000034_ann3505.jpg,,prepared_datasets/combined_6class_plasticmetal_cleaned/train/Plastic/000034_ann3505.jpg,,,,,,,,
cleaned_train_Plastic_000034_ann3506.jpg,CombinedCleaned,image_classification,train,Plastic,Plastic,prepared_datasets/combined_6class_plasticmetal_cleaned/train/Plastic/000034_ann3506.jpg,,prepared_datasets/combined_6class_plasticmetal_cleaned/train/Plastic/000034_ann3506.jpg,,,,,,,,
cleaned_train_Plastic_000034_ann772.jpg,CombinedCleaned,image_classification,train,Plastic,Plastic,prepared_datasets/combined_6class_plasticmetal_cleaned/train/Plastic/000034_ann772.jpg,,prepared_datasets/combined_6class_plasticmetal_cleaned/train/Plastic/000034_ann772.jpg,,,,,,,,
cleaned_train_Plastic_000035_ann107.jpg,CombinedCleaned,image_classification,train,Plastic,Plastic,prepared_datasets/combined_6class_plasticmetal_cleaned/train/Plastic/000035_ann107.jpg,,prepared_datasets/combined_6class_plasticmetal_cleaned/train/Plastic/000035_ann107.jpg,,,,,,,,
cleaned_train_Plastic_000036_ann1562.jpg,CombinedCleaned,image_classification,train,Plastic,Plastic,prepared_datasets/combined_6class_plasticmetal_cleaned/train/Plastic/000036_ann1562.jpg,,prepared_datasets/combined_6class_plasticmetal_cleaned/train/Plastic/000036_ann1562.jpg,,,,,,,,
cleaned_train_Plastic_000036_ann3498.jpg,CombinedCleaned,image_classification,train,Plastic,Plastic,prepared_datasets/combined_6class_plasticmetal_cleaned/train/Plastic/000036_ann3498.jpg,,prepared_datasets/combined_6class_plasticmetal_cleaned/train/Plastic/000036_ann3498.jpg,,,,,,,,
cleaned_train_Plastic_000036_ann774.jpg,CombinedCleaned,image_classification,train,Plastic,Plastic,prepared_datasets/combined_6class_plasticmetal_cleaned/train/Plastic/000036_ann774.jpg,,prepared_datasets/combined_6class_plasticmetal_cleaned/train/Plastic/000036_ann774.jpg,,,,,,,,
cleaned_train_Plastic_000037_ann2274.jpg,CombinedCleaned,image_classification,train,Plastic,Plastic,prepared_datasets/combined_6class_plasticmetal_cleaned/train/Plastic/000037_ann2274.jpg,,prepared_datasets/combined_6class_plasticmetal_cleaned/train/Plastic/000037_ann2274.jpg,,,,,,,,
cleaned_train_Plastic_000037_ann3484.jpg,CombinedCleaned,image_classification,train,Plastic,Plastic,prepared_datasets/combined_6class_plasticmetal_cleaned/train/Plastic/000037_ann3484.jpg,,prepared_datasets/combined_6class_plasticmetal_cleaned/train/Plastic/000037_ann3484.jpg,,,,,,,,
cleaned_train_Plastic_000038_ann2276.jpg,CombinedCleaned,image_classification,train,Plastic,Plastic,prepared_datasets/combined_6class_plasticmetal_cleaned/train/Plastic/000038_ann2276.jpg,,prepared_datasets/combined_6class_plasticmetal_cleaned/train/Plastic/000038_ann2276.jpg,,,,,,,,
cleaned_train_Plastic_000039_ann1566.jpg,CombinedCleaned,image_classification,train,Plastic,Plastic,prepared_datasets/combined_6class_plasticmetal_cleaned/train/Plastic/000039_ann1566.jpg,,prepared_datasets/combined_6class_plasticmetal_cleaned/train/Plastic/000039_ann1566.jpg,,,,,,,,
cleaned_train_Plastic_000039_ann2818.jpg,CombinedCleaned,image_classification,train,Plastic,Plastic,prepared_datasets/combined_6class_plasticmetal_cleaned/train/Plastic/000039_ann2818.jpg,,prepared_datasets/combined_6class_plasticmetal_cleaned/train/Plastic/000039_ann2818.jpg,,,,,,,,
cleaned_train_Plastic_000040_ann2085.jpg,CombinedCleaned,image_classification,train,Plastic,Plastic,prepared_datasets/combined_6class_plasticmetal_cleaned/train/Plastic/000040_ann2085.jpg,,prepared_datasets/combined_6class_plasticmetal_cleaned/train/Plastic/000040_ann2085.jpg,,,,,,,,
cleaned_train_Plastic_000040_ann2819.jpg,CombinedCleaned,image_classification,train,Plastic,Plastic,prepared_datasets/combined_6class_plasticmetal_cleaned/train/Plastic/000040_ann2819.jpg,,prepared_datasets/combined_6class_plasticmetal_cleaned/train/Plastic/000040_ann2819.jpg,,,,,,,,
cleaned_train_Plastic_000041_ann4279.jpg,CombinedCleaned,image_classification,train,Plastic,Plastic,prepared_datasets/combined_6class_plasticmetal_cleaned/train/Plastic/000041_ann4279.jpg,,prepared_datasets/combined_6class_plasticmetal_cleaned/train/Plastic/000041_ann4279.jpg,,,,,,,,
cleaned_train_Plastic_000042_ann1571.jpg,CombinedCleaned,image_classification,train,Plastic,Plastic,prepared_datasets/combined_6class_plasticmetal_cleaned/train/Plastic/000042_ann1571.jpg,,prepared_datasets/combined_6class_plasticmetal_cleaned/train/Plastic/000042_ann1571.jpg,,,,,,,,
cleaned_train_Plastic_000042_ann2088.jpg,CombinedCleaned,image_classification,train,Plastic,Plastic,prepared_datasets/combined_6class_plasticmetal_cleaned/train/Plastic/000042_ann2088.jpg,,prepared_datasets/combined_6class_plasticmetal_cleaned/train/Plastic/000042_ann2088.jpg,,,,,,,,
cleaned_train_Plastic_000042_ann3472.jpg,CombinedCleaned,image_classification,train,Plastic,Plastic,prepared_datasets/combined_6class_plasticmetal_cleaned/train/Plastic/000042_ann3472.jpg,,prepared_datasets/combined_6class_plasticmetal_cleaned/train/Plastic/000042_ann3472.jpg,,,,,,,,
cleaned_train_Plastic_000043_ann1572.jpg,CombinedCleaned,image_classification,train,Plastic,Plastic,prepared_datasets/combined_6class_plasticmetal_cleaned/train/Plastic/000043_ann1572.jpg,,prepared_datasets/combined_6class_plasticmetal_cleaned/train/Plastic/000043_ann1572.jpg,,,,,,,,
cleaned_train_Plastic_000043_ann4284.jpg,CombinedCleaned,image_classification,train,Plastic,Plastic,prepared_datasets/combined_6class_plasticmetal_cleaned/train/Plastic/000043_ann4284.jpg,,prepared_datasets/combined_6class_plasticmetal_cleaned/train/Plastic/000043_ann4284.jpg,,,,,,,,
cleaned_train_Plastic_000045_ann3467.jpg,CombinedCleaned,image_classification,train,Plastic,Plastic,prepared_datasets/combined_6class_plasticmetal_cleaned/train/Plastic/000045_ann3467.jpg,,prepared_datasets/combined_6class_plasticmetal_cleaned/train/Plastic/000045_ann3467.jpg,,,,,,,,
cleaned_train_Plastic_000046_ann1137.jpg,CombinedCleaned,image_classification,train,Plastic,Plastic,prepared_datasets/combined_6class_plasticmetal_cleaned/train/Plastic/000046_ann1137.jpg,,prepared_datasets/combined_6class_plasticmetal_cleaned/train/Plastic/000046_ann1137.jpg,,,,,,,,
cleaned_train_Plastic_000046_ann1141.jpg,CombinedCleaned,image_classification,train,Plastic,Plastic,prepared_datasets/combined_6class_plasticmetal_cleaned/train/Plastic/000046_ann1141.jpg,,prepared_datasets/combined_6class_plasticmetal_cleaned/train/Plastic/000046_ann1141.jpg,,,,,,,,
cleaned_train_Plastic_000047_ann13.jpg,CombinedCleaned,image_classification,train,Plastic,Plastic,prepared_datasets/combined_6class_plasticmetal_cleaned/train/Plastic/000047_ann13.jpg,,prepared_datasets/combined_6class_plasticmetal_cleaned/train/Plastic/000047_ann13.jpg,,,,,,,,
cleaned_train_Plastic_000048_ann32.jpg,CombinedCleaned,image_classification,train,Plastic,Plastic,prepared_datasets/combined_6class_plasticmetal_cleaned/train/Plastic/000048_ann32.jpg,,prepared_datasets/combined_6class_plasticmetal_cleaned/train/Plastic/000048_ann32.jpg,,,,,,,,
cleaned_train_Plastic_000048_ann4298.jpg,CombinedCleaned,image_classification,train,Plastic,Plastic,prepared_datasets/combined_6class_plasticmetal_cleaned/train/Plastic/000048_ann4298.jpg,,prepared_datasets/combined_6class_plasticmetal_cleaned/train/Plastic/000048_ann4298.jpg,,,,,,,,
cleaned_train_Plastic_000049_ann2099.jpg,CombinedCleaned,image_classification,train,Plastic,Plastic,prepared_datasets/combined_6class_plasticmetal_cleaned/train/Plastic/000049_ann2099.jpg,,prepared_datasets/combined_6class_plasticmetal_cleaned/train/Plastic/000049_ann2099.jpg,,,,,,,,
cleaned_train_Plastic_000049_ann3152.jpg,CombinedCleaned,image_classification,train,Plastic,Plastic,prepared_datasets/combined_6class_plasticmetal_cleaned/train/Plastic/000049_ann3152.jpg,,prepared_datasets/combined_6class_plasticmetal_cleaned/train/Plastic/000049_ann3152.jpg,,,,,,,,
cleaned_train_Plastic_000049_ann3751.jpg,CombinedCleaned,image_classification,train,Plastic,Plastic,prepared_datasets/combined_6class_plasticmetal_cleaned/train/Plastic/000049_ann3751.jpg,,prepared_datasets/combined_6class_plasticmetal_cleaned/train/Plastic/000049_ann3751.jpg,,,,,,,,
cleaned_train_Plastic_000050_ann2294.jpg,CombinedCleaned,image_classification,train,Plastic,Plastic,prepared_datasets/combined_6class_plasticmetal_cleaned/train/Plastic/000050_ann2294.jpg,,prepared_datasets/combined_6class_plasticmetal_cleaned/train/Plastic/000050_ann2294.jpg,,,,,,,,
cleaned_train_Plastic_000051_ann3459.jpg,CombinedCleaned,image_classification,train,Plastic,Plastic,prepared_datasets/combined_6class_plasticmetal_cleaned/train/Plastic/000051_ann3459.jpg,,prepared_datasets/combined_6class_plasticmetal_cleaned/train/Plastic/000051_ann3459.jpg,,,,,,,,
cleaned_train_Plastic_000051_ann4303.jpg,CombinedCleaned,image_classification,train,Plastic,Plastic,prepared_datasets/combined_6class_plasticmetal_cleaned/train/Plastic/000051_ann4303.jpg,,prepared_datasets/combined_6class_plasticmetal_cleaned/train/Plastic/000051_ann4303.jpg,,,,,,,,
cleaned_train_Plastic_000052_ann1194.jpg,CombinedCleaned,image_classification,train,Plastic,Plastic,prepared_datasets/combined_6class_plasticmetal_cleaned/train/Plastic/000052_ann1194.jpg,,prepared_datasets/combined_6class_plasticmetal_cleaned/train/Plastic/000052_ann1194.jpg,,,,,,,,
cleaned_train_Plastic_000052_ann3229.jpg,CombinedCleaned,image_classification,train,Plastic,Plastic,prepared_datasets/combined_6class_plasticmetal_cleaned/train/Plastic/000052_ann3229.jpg,,prepared_datasets/combined_6class_plasticmetal_cleaned/train/Plastic/000052_ann3229.jpg,,,,,,,,
cleaned_train_Plastic_000053_ann42.jpg,CombinedCleaned,image_classification,train,Plastic,Plastic,prepared_datasets/combined_6class_plasticmetal_cleaned/train/Plastic/000053_ann42.jpg,,prepared_datasets/combined_6class_plasticmetal_cleaned/train/Plastic/000053_ann42.jpg,,,,,,,,
cleaned_train_Plastic_000054_ann1196.jpg,CombinedCleaned,image_classification,train,Plastic,Plastic,prepared_datasets/combined_6class_plasticmetal_cleaned/train/Plastic/000054_ann1196.jpg,,prepared_datasets/combined_6class_plasticmetal_cleaned/train/Plastic/000054_ann1196.jpg,,,,,,,,
cleaned_train_Plastic_000054_ann3455.jpg,CombinedCleaned,image_classification,train,Plastic,Plastic,prepared_datasets/combined_6class_plasticmetal_cleaned/train/Plastic/000054_ann3455.jpg,,prepared_datasets/combined_6class_plasticmetal_cleaned/train/Plastic/000054_ann3455.jpg,,,,,,,,
cleaned_train_Plastic_000054_ann65.jpg,CombinedCleaned,image_classification,train,Plastic,Plastic,prepared_datasets/combined_6class_plasticmetal_cleaned/train/Plastic/000054_ann65.jpg,,prepared_datasets/combined_6class_plasticmetal_cleaned/train/Plastic/000054_ann65.jpg,,,,,,,,
cleaned_train_Plastic_000054_ann66.jpg,CombinedCleaned,image_classification,train,Plastic,Plastic,prepared_datasets/combined_6class_plasticmetal_cleaned/train/Plastic/000054_ann66.jpg,,prepared_datasets/combined_6class_plasticmetal_cleaned/train/Plastic/000054_ann66.jpg,,,,,,,,
cleaned_train_Plastic_000055_ann3430.jpg,CombinedCleaned,image_classification,train,Plastic,Plastic,prepared_datasets/combined_6class_plasticmetal_cleaned/train/Plastic/000055_ann3430.jpg,,prepared_datasets/combined_6class_plasticmetal_cleaned/train/Plastic/000055_ann3430.jpg,,,,,,,,
cleaned_train_Plastic_000056_ann1618.jpg,CombinedCleaned,image_classification,train,Plastic,Plastic,prepared_datasets/combined_6class_plasticmetal_cleaned/train/Plastic/000056_ann1618.jpg,,prepared_datasets/combined_6class_plasticmetal_cleaned/train/Plastic/000056_ann1618.jpg,,,,,,,,
cleaned_train_Plastic_000056_ann2119.jpg,CombinedCleaned,image_classification,train,Plastic,Plastic,prepared_datasets/combined_6class_plasticmetal_cleaned/train/Plastic/000056_ann2119.jpg,,prepared_datasets/combined_6class_plasticmetal_cleaned/train/Plastic/000056_ann2119.jpg,,,,,,,,
cleaned_train_Plastic_000056_ann3426.jpg,CombinedCleaned,image_classification,train,Plastic,Plastic,prepared_datasets/combined_6class_plasticmetal_cleaned/train/Plastic/000056_ann3426.jpg,,prepared_datasets/combined_6class_plasticmetal_cleaned/train/Plastic/000056_ann3426.jpg,,,,,,,,
cleaned_train_Plastic_000056_ann3427.jpg,CombinedCleaned,image_classification,train,Plastic,Plastic,prepared_datasets/combined_6class_plasticmetal_cleaned/train/Plastic/000056_ann3427.jpg,,prepared_datasets/combined_6class_plasticmetal_cleaned/train/Plastic/000056_ann3427.jpg,,,,,,,,
cleaned_train_Plastic_000056_ann46.jpg,CombinedCleaned,image_classification,train,Plastic,Plastic,prepared_datasets/combined_6class_plasticmetal_cleaned/train/Plastic/000056_ann46.jpg,,prepared_datasets/combined_6class_plasticmetal_cleaned/train/Plastic/000056_ann46.jpg,,,,,,,,
cleaned_train_Plastic_000057_ann2124.jpg,CombinedCleaned,image_classification,train,Plastic,Plastic,prepared_datasets/combined_6class_plasticmetal_cleaned/train/Plastic/000057_ann2124.jpg,,prepared_datasets/combined_6class_plasticmetal_cleaned/train/Plastic/000057_ann2124.jpg,,,,,,,,
cleaned_train_Plastic_000057_ann3446.jpg,CombinedCleaned,image_classification,train,Plastic,Plastic,prepared_datasets/combined_6class_plasticmetal_cleaned/train/Plastic/000057_ann3446.jpg,,prepared_datasets/combined_6class_plasticmetal_cleaned/train/Plastic/000057_ann3446.jpg,,,,,,,,
cleaned_train_Plastic_000058_ann3421.jpg,CombinedCleaned,image_classification,train,Plastic,Plastic,prepared_datasets/combined_6class_plasticmetal_cleaned/train/Plastic/000058_ann3421.jpg,,prepared_datasets/combined_6class_plasticmetal_cleaned/train/Plastic/000058_ann3421.jpg,,,,,,,,
cleaned_train_Plastic_000058_ann3790.jpg,CombinedCleaned,image_classification,train,Plastic,Plastic,prepared_datasets/combined_6class_plasticmetal_cleaned/train/Plastic/000058_ann3790.jpg,,prepared_datasets/combined_6class_plasticmetal_cleaned/train/Plastic/000058_ann3790.jpg,,,,,,,,
cleaned_train_Plastic_000058_ann47.jpg,CombinedCleaned,image_classification,train,Plastic,Plastic,prepared_datasets/combined_6class_plasticmetal_cleaned/train/Plastic/000058_ann47.jpg,,prepared_datasets/combined_6class_plasticmetal_cleaned/train/Plastic/000058_ann47.jpg,,,,,,,,
cleaned_train_Plastic_000058_ann48.jpg,CombinedCleaned,image_classification,train,Plastic,Plastic,prepared_datasets/combined_6class_plasticmetal_cleaned/train/Plastic/000058_ann48.jpg,,prepared_datasets/combined_6class_plasticmetal_cleaned/train/Plastic/000058_ann48.jpg,,,,,,,,
cleaned_train_Plastic_000059_ann1217.jpg,CombinedCleaned,image_classification,train,Plastic,Plastic,prepared_datasets/combined_6class_plasticmetal_cleaned/train/Plastic/000059_ann1217.jpg,,prepared_datasets/combined_6class_plasticmetal_cleaned/train/Plastic/000059_ann1217.jpg,,,,,,,,
cleaned_train_Plastic_000059_ann1632.jpg,CombinedCleaned,image_classification,train,Plastic,Plastic,prepared_datasets/combined_6class_plasticmetal_cleaned/train/Plastic/000059_ann1632.jpg,,prepared_datasets/combined_6class_plasticmetal_cleaned/train/Plastic/000059_ann1632.jpg,,,,,,,,
cleaned_train_Plastic_000060_ann3180.jpg,CombinedCleaned,image_classification,train,Plastic,Plastic,prepared_datasets/combined_6class_plasticmetal_cleaned/train/Plastic/000060_ann3180.jpg,,prepared_datasets/combined_6class_plasticmetal_cleaned/train/Plastic/000060_ann3180.jpg,,,,,,,,
cleaned_train_Plastic_000060_ann3416.jpg,CombinedCleaned,image_classification,train,Plastic,Plastic,prepared_datasets/combined_6class_plasticmetal_cleaned/train/Plastic/000060_ann3416.jpg,,prepared_datasets/combined_6class_plasticmetal_cleaned/train/Plastic/000060_ann3416.jpg,,,,,,,,
cleaned_train_Plastic_000061_ann4356.jpg,CombinedCleaned,image_classification,train,Plastic,Plastic,prepared_datasets/combined_6class_plasticmetal_cleaned/train/Plastic/000061_ann4356.jpg,,prepared_datasets/combined_6class_plasticmetal_cleaned/train/Plastic/000061_ann4356.jpg,,,,,,,,
cleaned_train_Plastic_000062_ann178.jpg,CombinedCleaned,image_classification,train,Plastic,Plastic,prepared_datasets/combined_6class_plasticmetal_cleaned/train/Plastic/000062_ann178.jpg,,prepared_datasets/combined_6class_plasticmetal_cleaned/train/Plastic/000062_ann178.jpg,,,,,,,,
cleaned_train_Plastic_000062_ann2131.jpg,CombinedCleaned,image_classification,train,Plastic,Plastic,prepared_datasets/combined_6class_plasticmetal_cleaned/train/Plastic/000062_ann2131.jpg,,prepared_datasets/combined_6class_plasticmetal_cleaned/train/Plastic/000062_ann2131.jpg,,,,,,,,
cleaned_train_Plastic_000065_ann4655.jpg,CombinedCleaned,image_classification,train,Plastic,Plastic,prepared_datasets/combined_6class_plasticmetal_cleaned/train/Plastic/000065_ann4655.jpg,,prepared_datasets/combined_6class_plasticmetal_cleaned/train/Plastic/000065_ann4655.jpg,,,,,,,,
cleaned_train_Plastic_000066_ann1798.jpg,CombinedCleaned,image_classification,train,Plastic,Plastic,prepared_datasets/combined_6class_plasticmetal_cleaned/train/Plastic/000066_ann1798.jpg,,prepared_datasets/combined_6class_plasticmetal_cleaned/train/Plastic/000066_ann1798.jpg,,,,,,,,
cleaned_train_Plastic_000066_ann2975.jpg,CombinedCleaned,image_classification,train,Plastic,Plastic,prepared_datasets/combined_6class_plasticmetal_cleaned/train/Plastic/000066_ann2975.jpg,,prepared_datasets/combined_6class_plasticmetal_cleaned/train/Plastic/000066_ann2975.jpg,,,,,,,,
cleaned_train_Plastic_000066_ann4393.jpg,CombinedCleaned,image_classification,train,Plastic,Plastic,prepared_datasets/combined_6class_plasticmetal_cleaned/train/Plastic/000066_ann4393.jpg,,prepared_datasets/combined_6class_plasticmetal_cleaned/train/Plastic/000066_ann4393.jpg,,,,,,,,
cleaned_train_Plastic_000067_ann1308.jpg,CombinedCleaned,image_classification,train,Plastic,Plastic,prepared_datasets/combined_6class_plasticmetal_cleaned/train/Plastic/000067_ann1308.jpg,,prepared_datasets/combined_6class_plasticmetal_cleaned/train/Plastic/000067_ann1308.jpg,,,,,,,,
cleaned_train_Plastic_000067_ann2977.jpg,CombinedCleaned,image_classification,train,Plastic,Plastic,prepared_datasets/combined_6class_plasticmetal_cleaned/train/Plastic/000067_ann2977.jpg,,prepared_datasets/combined_6class_plasticmetal_cleaned/train/Plastic/000067_ann2977.jpg,,,,,,,,
cleaned_train_Plastic_000067_ann4658.jpg,CombinedCleaned,image_classification,train,Plastic,Plastic,prepared_datasets/combined_6class_plasticmetal_cleaned/train/Plastic/000067_ann4658.jpg,,prepared_datasets/combined_6class_plasticmetal_cleaned/train/Plastic/000067_ann4658.jpg,,,,,,,,
cleaned_train_Plastic_000069_ann3391.jpg,CombinedCleaned,image_classification,train,Plastic,Plastic,prepared_datasets/combined_6class_plasticmetal_cleaned/train/Plastic/000069_ann3391.jpg,,prepared_datasets/combined_6class_plasticmetal_cleaned/train/Plastic/000069_ann3391.jpg,,,,,,,,
cleaned_train_Plastic_000069_ann3392.jpg,CombinedCleaned,image_classification,train,Plastic,Plastic,prepared_datasets/combined_6class_plasticmetal_cleaned/train/Plastic/000069_ann3392.jpg,,prepared_datasets/combined_6class_plasticmetal_cleaned/train/Plastic/000069_ann3392.jpg,,,,,,,,
cleaned_train_Plastic_000069_ann4399.jpg,CombinedCleaned,image_classification,train,Plastic,Plastic,prepared_datasets/combined_6class_plasticmetal_cleaned/train/Plastic/000069_ann4399.jpg,,prepared_datasets/combined_6class_plasticmetal_cleaned/train/Plastic/000069_ann4399.jpg,,,,,,,,
cleaned_train_Plastic_000069_ann4664.jpg,CombinedCleaned,image_classification,train,Plastic,Plastic,prepared_datasets/combined_6class_plasticmetal_cleaned/train/Plastic/000069_ann4664.jpg,,prepared_datasets/combined_6class_plasticmetal_cleaned/train/Plastic/000069_ann4664.jpg,,,,,,,,
cleaned_train_Plastic_000070_ann2985.jpg,CombinedCleaned,image_classification,train,Plastic,Plastic,prepared_datasets/combined_6class_plasticmetal_cleaned/train/Plastic/000070_ann2985.jpg,,prepared_datasets/combined_6class_plasticmetal_cleaned/train/Plastic/000070_ann2985.jpg,,,,,,,,
cleaned_train_Plastic_000070_ann3390.jpg,CombinedCleaned,image_classification,train,Plastic,Plastic,prepared_datasets/combined_6class_plasticmetal_cleaned/train/Plastic/000070_ann3390.jpg,,prepared_datasets/combined_6class_plasticmetal_cleaned/train/Plastic/000070_ann3390.jpg,,,,,,,,
cleaned_train_Plastic_000070_ann4666.jpg,CombinedCleaned,image_classification,train,Plastic,Plastic,prepared_datasets/combined_6class_plasticmetal_cleaned/train/Plastic/000070_ann4666.jpg,,prepared_datasets/combined_6class_plasticmetal_cleaned/train/Plastic/000070_ann4666.jpg,,,,,,,,
cleaned_train_Plastic_000070_ann830.jpg,CombinedCleaned,image_classification,train,Plastic,Plastic,prepared_datasets/combined_6class_plasticmetal_cleaned/train/Plastic/000070_ann830.jpg,,prepared_datasets/combined_6class_plasticmetal_cleaned/train/Plastic/000070_ann830.jpg,,,,,,,,
cleaned_train_Plastic_000071_ann2926.jpg,CombinedCleaned,image_classification,train,Plastic,Plastic,prepared_datasets/combined_6class_plasticmetal_cleaned/train/Plastic/000071_ann2926.jpg,,prepared_datasets/combined_6class_plasticmetal_cleaned/train/Plastic/000071_ann2926.jpg,,,,,,,,
cleaned_train_Plastic_000071_ann4672.jpg,CombinedCleaned,image_classification,train,Plastic,Plastic,prepared_datasets/combined_6class_plasticmetal_cleaned/train/Plastic/000071_ann4672.jpg,,prepared_datasets/combined_6class_plasticmetal_cleaned/train/Plastic/000071_ann4672.jpg,,,,,,,,
cleaned_train_Plastic_000072_ann2164.jpg,CombinedCleaned,image_classification,train,Plastic,Plastic,prepared_datasets/combined_6class_plasticmetal_cleaned/train/Plastic/000072_ann2164.jpg,,prepared_datasets/combined_6class_plasticmetal_cleaned/train/Plastic/000072_ann2164.jpg,,,,,,,,
cleaned_train_Plastic_000072_ann2929.jpg,CombinedCleaned,image_classification,train,Plastic,Plastic,prepared_datasets/combined_6class_plasticmetal_cleaned/train/Plastic/000072_ann2929.jpg,,prepared_datasets/combined_6class_plasticmetal_cleaned/train/Plastic/000072_ann2929.jpg,,,,,,,,
cleaned_train_Plastic_000072_ann3825.jpg,CombinedCleaned,image_classification,train,Plastic,Plastic,prepared_datasets/combined_6class_plasticmetal_cleaned/train/Plastic/000072_ann3825.jpg,,prepared_datasets/combined_6class_plasticmetal_cleaned/train/Plastic/000072_ann3825.jpg,,,,,,,,
cleaned_train_Plastic_000072_ann3826.jpg,CombinedCleaned,image_classification,train,Plastic,Plastic,prepared_datasets/combined_6class_plasticmetal_cleaned/train/Plastic/000072_ann3826.jpg,,prepared_datasets/combined_6class_plasticmetal_cleaned/train/Plastic/000072_ann3826.jpg,,,,,,,,
cleaned_train_Plastic_000073_ann4415.jpg,CombinedCleaned,image_classification,train,Plastic,Plastic,prepared_datasets/combined_6class_plasticmetal_cleaned/train/Plastic/000073_ann4415.jpg,,prepared_datasets/combined_6class_plasticmetal_cleaned/train/Plastic/000073_ann4415.jpg,,,,,,,,
cleaned_train_Plastic_000074_ann1315.jpg,CombinedCleaned,image_classification,train,Plastic,Plastic,prepared_datasets/combined_6class_plasticmetal_cleaned/train/Plastic/000074_ann1315.jpg,,prepared_datasets/combined_6class_plasticmetal_cleaned/train/Plastic/000074_ann1315.jpg,,,,,,,,
cleaned_train_Plastic_000074_ann1320.jpg,CombinedCleaned,image_classification,train,Plastic,Plastic,prepared_datasets/combined_6class_plasticmetal_cleaned/train/Plastic/000074_ann1320.jpg,,prepared_datasets/combined_6class_plasticmetal_cleaned/train/Plastic/000074_ann1320.jpg,,,,,,,,
cleaned_train_Plastic_000076_ann2176.jpg,CombinedCleaned,image_classification,train,Plastic,Plastic,prepared_datasets/combined_6class_plasticmetal_cleaned/train/Plastic/000076_ann2176.jpg,,prepared_datasets/combined_6class_plasticmetal_cleaned/train/Plastic/000076_ann2176.jpg,,,,,,,,
cleaned_train_Plastic_000076_ann2342.jpg,CombinedCleaned,image_classification,train,Plastic,Plastic,prepared_datasets/combined_6class_plasticmetal_cleaned/train/Plastic/000076_ann2342.jpg,,prepared_datasets/combined_6class_plasticmetal_cleaned/train/Plastic/000076_ann2342.jpg,,,,,,,,
cleaned_train_Plastic_000076_ann3290.jpg,CombinedCleaned,image_classification,train,Plastic,Plastic,prepared_datasets/combined_6class_plasticmetal_cleaned/train/Plastic/000076_ann3290.jpg,,prepared_datasets/combined_6class_plasticmetal_cleaned/train/Plastic/000076_ann3290.jpg,,,,,,,,
cleaned_train_Plastic_000077_ann1813.jpg,CombinedCleaned,image_classification,train,Plastic,Plastic,prepared_datasets/combined_6class_plasticmetal_cleaned/train/Plastic/000077_ann1813.jpg,,prepared_datasets/combined_6class_plasticmetal_cleaned/train/Plastic/000077_ann1813.jpg,,,,,,,,
cleaned_train_Plastic_000078_ann2183.jpg,CombinedCleaned,image_classification,train,Plastic,Plastic,prepared_datasets/combined_6class_plasticmetal_cleaned/train/Plastic/000078_ann2183.jpg,,prepared_datasets/combined_6class_plasticmetal_cleaned/train/Plastic/000078_ann2183.jpg,,,,,,,,
cleaned_train_Plastic_000078_ann3853.jpg,CombinedCleaned,image_classification,train,Plastic,Plastic,prepared_datasets/combined_6class_plasticmetal_cleaned/train/Plastic/000078_ann3853.jpg,,prepared_datasets/combined_6class_plasticmetal_cleaned/train/Plastic/000078_ann3853.jpg,,,,,,,,
cleaned_train_Plastic_000079_ann1330.jpg,CombinedCleaned,image_classification,train,Plastic,Plastic,prepared_datasets/combined_6class_plasticmetal_cleaned/train/Plastic/000079_ann1330.jpg,,prepared_datasets/combined_6class_plasticmetal_cleaned/train/Plastic/000079_ann1330.jpg,,,,,,,,
cleaned_train_Plastic_000079_ann1816.jpg,CombinedCleaned,image_classification,train,Plastic,Plastic,prepared_datasets/combined_6class_plasticmetal_cleaned/train/Plastic/000079_ann1816.jpg,,prepared_datasets/combined_6class_plasticmetal_cleaned/train/Plastic/000079_ann1816.jpg,,,,,,,,
cleaned_train_Plastic_000079_ann3856.jpg,CombinedCleaned,image_classification,train,Plastic,Plastic,prepared_datasets/combined_6class_plasticmetal_cleaned/train/Plastic/000079_ann3856.jpg,,prepared_datasets/combined_6class_plasticmetal_cleaned/train/Plastic/000079_ann3856.jpg,,,,,,,,
cleaned_train_Plastic_000080_ann4438.jpg,CombinedCleaned,image_classification,train,Plastic,Plastic,prepared_datasets/combined_6class_plasticmetal_cleaned/train/Plastic/000080_ann4438.jpg,,prepared_datasets/combined_6class_plasticmetal_cleaned/train/Plastic/000080_ann4438.jpg,,,,,,,,
cleaned_train_Plastic_000081_ann144.jpg,CombinedCleaned,image_classification,train,Plastic,Plastic,prepared_datasets/combined_6class_plasticmetal_cleaned/train/Plastic/000081_ann144.jpg,,prepared_datasets/combined_6class_plasticmetal_cleaned/train/Plastic/000081_ann144.jpg,,,,,,,,
cleaned_train_Plastic_000082_ann2866.jpg,CombinedCleaned,image_classification,train,Plastic,Plastic,prepared_datasets/combined_6class_plasticmetal_cleaned/train/Plastic/000082_ann2866.jpg,,prepared_datasets/combined_6class_plasticmetal_cleaned/train/Plastic/000082_ann2866.jpg,,,,,,,,
cleaned_train_Plastic_000082_ann3869.jpg,CombinedCleaned,image_classification,train,Plastic,Plastic,prepared_datasets/combined_6class_plasticmetal_cleaned/train/Plastic/000082_ann3869.jpg,,prepared_datasets/combined_6class_plasticmetal_cleaned/train/Plastic/000082_ann3869.jpg,,,,,,,,
cleaned_train_Plastic_000083_ann2941.jpg,CombinedCleaned,image_classification,train,Plastic,Plastic,prepared_datasets/combined_6class_plasticmetal_cleaned/train/Plastic/000083_ann2941.jpg,,prepared_datasets/combined_6class_plasticmetal_cleaned/train/Plastic/000083_ann2941.jpg,,,,,,,,
cleaned_train_Plastic_000084_ann149.jpg,CombinedCleaned,image_classification,train,Plastic,Plastic,prepared_datasets/combined_6class_plasticmetal_cleaned/train/Plastic/000084_ann149.jpg,,prepared_datasets/combined_6class_plasticmetal_cleaned/train/Plastic/000084_ann149.jpg,,,,,,,,
cleaned_train_Plastic_000084_ann2944.jpg,CombinedCleaned,image_classification,train,Plastic,Plastic,prepared_datasets/combined_6class_plasticmetal_cleaned/train/Plastic/000084_ann2944.jpg,,prepared_datasets/combined_6class_plasticmetal_cleaned/train/Plastic/000084_ann2944.jpg,,,,,,,,
cleaned_train_Plastic_000084_ann4713.jpg,CombinedCleaned,image_classification,train,Plastic,Plastic,prepared_datasets/combined_6class_plasticmetal_cleaned/train/Plastic/000084_ann4713.jpg,,prepared_datasets/combined_6class_plasticmetal_cleaned/train/Plastic/000084_ann4713.jpg,,,,,,,,
cleaned_train_Plastic_000084_ann4714.jpg,CombinedCleaned,image_classification,train,Plastic,Plastic,prepared_datasets/combined_6class_plasticmetal_cleaned/train/Plastic/000084_ann4714.jpg,,prepared_datasets/combined_6class_plasticmetal_cleaned/train/Plastic/000084_ann4714.jpg,,,,,,,,
cleaned_train_Plastic_000085_ann3876.jpg,CombinedCleaned,image_classification,train,Plastic,Plastic,prepared_datasets/combined_6class_plasticmetal_cleaned/train/Plastic/000085_ann3876.jpg,,prepared_datasets/combined_6class_plasticmetal_cleaned/train/Plastic/000085_ann3876.jpg,,,,,,,,
cleaned_train_Plastic_000085_ann4446.jpg,CombinedCleaned,image_classification,train,Plastic,Plastic,prepared_datasets/combined_6class_plasticmetal_cleaned/train/Plastic/000085_ann4446.jpg,,prepared_datasets/combined_6class_plasticmetal_cleaned/train/Plastic/000085_ann4446.jpg,,,,,,,,
cleaned_train_Plastic_000086_ann1677.jpg,CombinedCleaned,image_classification,train,Plastic,Plastic,prepared_datasets/combined_6class_plasticmetal_cleaned/train/Plastic/000086_ann1677.jpg,,prepared_datasets/combined_6class_plasticmetal_cleaned/train/Plastic/000086_ann1677.jpg,,,,,,,,
cleaned_train_Plastic_000087_ann3900.jpg,CombinedCleaned,image_classification,train,Plastic,Plastic,prepared_datasets/combined_6class_plasticmetal_cleaned/train/Plastic/000087_ann3900.jpg,,prepared_datasets/combined_6class_plasticmetal_cleaned/train/Plastic/000087_ann3900.jpg,,,,,,,,
cleaned_train_Plastic_000089_ann1385.jpg,CombinedCleaned,image_classification,train,Plastic,Plastic,prepared_datasets/combined_6class_plasticmetal_cleaned/train/Plastic/000089_ann1385.jpg,,prepared_datasets/combined_6class_plasticmetal_cleaned/train/Plastic/000089_ann1385.jpg,,,,,,,,
cleaned_train_Plastic_000090_ann3268.jpg,CombinedCleaned,image_classification,train,Plastic,Plastic,prepared_datasets/combined_6class_plasticmetal_cleaned/train/Plastic/000090_ann3268.jpg,,prepared_datasets/combined_6class_plasticmetal_cleaned/train/Plastic/000090_ann3268.jpg,,,,,,,,
cleaned_train_Plastic_000090_ann3907.jpg,CombinedCleaned,image_classification,train,Plastic,Plastic,prepared_datasets/combined_6class_plasticmetal_cleaned/train/Plastic/000090_ann3907.jpg,,prepared_datasets/combined_6class_plasticmetal_cleaned/train/Plastic/000090_ann3907.jpg,,,,,,,,
cleaned_train_Plastic_000090_ann4756.jpg,CombinedCleaned,image_classification,train,Plastic,Plastic,prepared_datasets/combined_6class_plasticmetal_cleaned/train/Plastic/000090_ann4756.jpg,,prepared_datasets/combined_6class_plasticmetal_cleaned/train/Plastic/000090_ann4756.jpg,,,,,,,,
cleaned_train_Plastic_000090_ann885.jpg,CombinedCleaned,image_classification,train,Plastic,Plastic,prepared_datasets/combined_6class_plasticmetal_cleaned/train/Plastic/000090_ann885.jpg,,prepared_datasets/combined_6class_plasticmetal_cleaned/train/Plastic/000090_ann885.jpg,,,,,,,,
cleaned_train_Plastic_000091_ann1398.jpg,CombinedCleaned,image_classification,train,Plastic,Plastic,prepared_datasets/combined_6class_plasticmetal_cleaned/train/Plastic/000091_ann1398.jpg,,prepared_datasets/combined_6class_plasticmetal_cleaned/train/Plastic/000091_ann1398.jpg,,,,,,,,
cleaned_train_Plastic_000091_ann4758.jpg,CombinedCleaned,image_classification,train,Plastic,Plastic,prepared_datasets/combined_6class_plasticmetal_cleaned/train/Plastic/000091_ann4758.jpg,,prepared_datasets/combined_6class_plasticmetal_cleaned/train/Plastic/000091_ann4758.jpg,,,,,,,,
cleaned_train_Plastic_000092_ann1405.jpg,CombinedCleaned,image_classification,train,Plastic,Plastic,prepared_datasets/combined_6class_plasticmetal_cleaned/train/Plastic/000092_ann1405.jpg,,prepared_datasets/combined_6class_plasticmetal_cleaned/train/Plastic/000092_ann1405.jpg,,,,,,,,
cleaned_train_Plastic_000092_ann167.jpg,CombinedCleaned,image_classification,train,Plastic,Plastic,prepared_datasets/combined_6class_plasticmetal_cleaned/train/Plastic/000092_ann167.jpg,,prepared_datasets/combined_6class_plasticmetal_cleaned/train/Plastic/000092_ann167.jpg,,,,,,,,
cleaned_train_Plastic_000092_ann1687.jpg,CombinedCleaned,image_classification,train,Plastic,Plastic,prepared_datasets/combined_6class_plasticmetal_cleaned/train/Plastic/000092_ann1687.jpg,,prepared_datasets/combined_6class_plasticmetal_cleaned/train/Plastic/000092_ann1687.jpg,,,,,,,,
cleaned_train_Plastic_000093_ann1408.jpg,CombinedCleaned,image_classification,train,Plastic,Plastic,prepared_datasets/combined_6class_plasticmetal_cleaned/train/Plastic/000093_ann1408.jpg,,prepared_datasets/combined_6class_plasticmetal_cleaned/train/Plastic/000093_ann1408.jpg,,,,,,,,
cleaned_train_Plastic_000093_ann1689.jpg,CombinedCleaned,image_classification,train,Plastic,Plastic,prepared_datasets/combined_6class_plasticmetal_cleaned/train/Plastic/000093_ann1689.jpg,,prepared_datasets/combined_6class_plasticmetal_cleaned/train/Plastic/000093_ann1689.jpg,,,,,,,,
cleaned_train_Plastic_000093_ann169.jpg,CombinedCleaned,image_classification,train,Plastic,Plastic,prepared_datasets/combined_6class_plasticmetal_cleaned/train/Plastic/000093_ann169.jpg,,prepared_datasets/combined_6class_plasticmetal_cleaned/train/Plastic/000093_ann169.jpg,,,,,,,,
cleaned_train_Plastic_000093_ann3262.jpg,CombinedCleaned,image_classification,train,Plastic,Plastic,prepared_datasets/combined_6class_plasticmetal_cleaned/train/Plastic/000093_ann3262.jpg,,prepared_datasets/combined_6class_plasticmetal_cleaned/train/Plastic/000093_ann3262.jpg,,,,,,,,
cleaned_train_Plastic_000093_ann3916.jpg,CombinedCleaned,image_classification,train,Plastic,Plastic,prepared_datasets/combined_6class_plasticmetal_cleaned/train/Plastic/000093_ann3916.jpg,,prepared_datasets/combined_6class_plasticmetal_cleaned/train/Plastic/000093_ann3916.jpg,,,,,,,,
cleaned_train_Plastic_000094_ann891.jpg,CombinedCleaned,image_classification,train,Plastic,Plastic,prepared_datasets/combined_6class_plasticmetal_cleaned/train/Plastic/000094_ann891.jpg,,prepared_datasets/combined_6class_plasticmetal_cleaned/train/Plastic/000094_ann891.jpg,,,,,,,,
cleaned_train_Plastic_000095_ann1692.jpg,CombinedCleaned,image_classification,train,Plastic,Plastic,prepared_datasets/combined_6class_plasticmetal_cleaned/train/Plastic/000095_ann1692.jpg,,prepared_datasets/combined_6class_plasticmetal_cleaned/train/Plastic/000095_ann1692.jpg,,,,,,,,
cleaned_train_Plastic_000095_ann893.jpg,CombinedCleaned,image_classification,train,Plastic,Plastic,prepared_datasets/combined_6class_plasticmetal_cleaned/train/Plastic/000095_ann893.jpg,,prepared_datasets/combined_6class_plasticmetal_cleaned/train/Plastic/000095_ann893.jpg,,,,,,,,
cleaned_train_Plastic_000096_ann2965.jpg,CombinedCleaned,image_classification,train,Plastic,Plastic,prepared_datasets/combined_6class_plasticmetal_cleaned/train/Plastic/000096_ann2965.jpg,,prepared_datasets/combined_6class_plasticmetal_cleaned/train/Plastic/000096_ann2965.jpg,,,,,,,,
cleaned_train_Plastic_000097_ann2888.jpg,CombinedCleaned,image_classification,train,Plastic,Plastic,prepared_datasets/combined_6class_plasticmetal_cleaned/train/Plastic/000097_ann2888.jpg,,prepared_datasets/combined_6class_plasticmetal_cleaned/train/Plastic/000097_ann2888.jpg,,,,,,,,
cleaned_train_Plastic_000097_ann2889.jpg,CombinedCleaned,image_classification,train,Plastic,Plastic,prepared_datasets/combined_6class_plasticmetal_cleaned/train/Plastic/000097_ann2889.jpg,,prepared_datasets/combined_6class_plasticmetal_cleaned/train/Plastic/000097_ann2889.jpg,,,,,,,,
cleaned_train_Plastic_000097_ann3252.jpg,CombinedCleaned,image_classification,train,Plastic,Plastic,prepared_datasets/combined_6class_plasticmetal_cleaned/train/Plastic/000097_ann3252.jpg,,prepared_datasets/combined_6class_plasticmetal_cleaned/train/Plastic/000097_ann3252.jpg,,,,,,,,
cleaned_train_Plastic_000097_ann680.jpg,CombinedCleaned,image_classification,train,Plastic,Plastic,prepared_datasets/combined_6class_plasticmetal_cleaned/train/Plastic/000097_ann680.jpg,,prepared_datasets/combined_6class_plasticmetal_cleaned/train/Plastic/000097_ann680.jpg,,,,,,,,
cleaned_train_Plastic_000098_ann189.jpg,CombinedCleaned,image_classification,train,Plastic,Plastic,prepared_datasets/combined_6class_plasticmetal_cleaned/train/Plastic/000098_ann189.jpg,,prepared_datasets/combined_6class_plasticmetal_cleaned/train/Plastic/000098_ann189.jpg,,,,,,,,
cleaned_train_Plastic_000099_ann3247.jpg,CombinedCleaned,image_classification,train,Plastic,Plastic,prepared_datasets/combined_6class_plasticmetal_cleaned/train/Plastic/000099_ann3247.jpg,,prepared_datasets/combined_6class_plasticmetal_cleaned/train/Plastic/000099_ann3247.jpg,,,,,,,,
cleaned_train_Plastic_000099_ann919.jpg,CombinedCleaned,image_classification,train,Plastic,Plastic,prepared_datasets/combined_6class_plasticmetal_cleaned/train/Plastic/000099_ann919.jpg,,prepared_datasets/combined_6class_plasticmetal_cleaned/train/Plastic/000099_ann919.jpg,,,,,,,,
cleaned_train_Plastic_000100_ann3244.jpg,CombinedCleaned,image_classification,train,Plastic,Plastic,prepared_datasets/combined_6class_plasticmetal_cleaned/train/Plastic/000100_ann3244.jpg,,prepared_datasets/combined_6class_plasticmetal_cleaned/train/Plastic/000100_ann3244.jpg,,,,,,,,
cleaned_train_Plastic_000100_ann3245.jpg,CombinedCleaned,image_classification,train,Plastic,Plastic,prepared_datasets/combined_6class_plasticmetal_cleaned/train/Plastic/000100_ann3245.jpg,,prepared_datasets/combined_6class_plasticmetal_cleaned/train/Plastic/000100_ann3245.jpg,,,,,,,,
cleaned_train_Plastic_000104_ann3230.jpg,CombinedCleaned,image_classification,train,Plastic,Plastic,prepared_datasets/combined_6class_plasticmetal_cleaned/train/Plastic/000104_ann3230.jpg,,prepared_datasets/combined_6class_plasticmetal_cleaned/train/Plastic/000104_ann3230.jpg,,,,,,,,
cleaned_train_Plastic_000106_ann217.jpg,CombinedCleaned,image_classification,train,Plastic,Plastic,prepared_datasets/combined_6class_plasticmetal_cleaned/train/Plastic/000106_ann217.jpg,,prepared_datasets/combined_6class_plasticmetal_cleaned/train/Plastic/000106_ann217.jpg,,,,,,,,
cleaned_train_Plastic_000106_ann218.jpg,CombinedCleaned,image_classification,train,Plastic,Plastic,prepared_datasets/combined_6class_plasticmetal_cleaned/train/Plastic/000106_ann218.jpg,,prepared_datasets/combined_6class_plasticmetal_cleaned/train/Plastic/000106_ann218.jpg,,,,,,,,
cleaned_train_Plastic_000109_ann3932.jpg,CombinedCleaned,image_classification,train,Plastic,Plastic,prepared_datasets/combined_6class_plasticmetal_cleaned/train/Plastic/000109_ann3932.jpg,,prepared_datasets/combined_6class_plasticmetal_cleaned/train/Plastic/000109_ann3932.jpg,,,,,,,,
cleaned_train_Plastic_000110_ann3935.jpg,CombinedCleaned,image_classification,train,Plastic,Plastic,prepared_datasets/combined_6class_plasticmetal_cleaned/train/Plastic/000110_ann3935.jpg,,prepared_datasets/combined_6class_plasticmetal_cleaned/train/Plastic/000110_ann3935.jpg,,,,,,,,
cleaned_train_Plastic_000114_ann3021.jpg,CombinedCleaned,image_classification,train,Plastic,Plastic,prepared_datasets/combined_6class_plasticmetal_cleaned/train/Plastic/000114_ann3021.jpg,,prepared_datasets/combined_6class_plasticmetal_cleaned/train/Plastic/000114_ann3021.jpg,,,,,,,,
cleaned_train_Plastic_000120_ann3008.jpg,CombinedCleaned,image_classification,train,Plastic,Plastic,prepared_datasets/combined_6class_plasticmetal_cleaned/train/Plastic/000120_ann3008.jpg,,prepared_datasets/combined_6class_plasticmetal_cleaned/train/Plastic/000120_ann3008.jpg,,,,,,,,
cleaned_train_Plastic_IMG_4879_ann2572.jpg,CombinedCleaned,image_classification,train,Plastic,Plastic,prepared_datasets/combined_6class_plasticmetal_cleaned/train/Plastic/IMG_4879_ann2572.jpg,,prepared_datasets/combined_6class_plasticmetal_cleaned/train/Plastic/IMG_4879_ann2572.jpg,,,,,,,,
cleaned_train_Plastic_IMG_4922_ann2620.jpg,CombinedCleaned,image_classification,train,Plastic,Plastic,prepared_datasets/combined_6class_plasticmetal_cleaned/train/Plastic/IMG_4922_ann2620.jpg,,prepared_datasets/combined_6class_plasticmetal_cleaned/train/Plastic/IMG_4922_ann2620.jpg,,,,,,,,
cleaned_train_Plastic_IMG_4932_ann2626.jpg,CombinedCleaned,image_classification,train,Plastic,Plastic,prepared_datasets/combined_6class_plasticmetal_cleaned/train/Plastic/IMG_4932_ann2626.jpg,,prepared_datasets/combined_6class_plasticmetal_cleaned/train/Plastic/IMG_4932_ann2626.jpg,,,,,,,,
cleaned_train_Plastic_IMG_4948_ann2688.jpg,CombinedCleaned,image_classification,train,Plastic,Plastic,prepared_datasets/combined_6class_plasticmetal_cleaned/train/Plastic/IMG_4948_ann2688.jpg,,prepared_datasets/combined_6class_plasticmetal_cleaned/train/Plastic/IMG_4948_ann2688.jpg,,,,,,,,
cleaned_train_Plastic_IMG_4963_ann2657.jpg,CombinedCleaned,image_classification,train,Plastic,Plastic,prepared_datasets/combined_6class_plasticmetal_cleaned/train/Plastic/IMG_4963_ann2657.jpg,,prepared_datasets/combined_6class_plasticmetal_cleaned/train/Plastic/IMG_4963_ann2657.jpg,,,,,,,,
cleaned_train_Plastic_IMG_4992_ann2491.jpg,CombinedCleaned,image_classification,train,Plastic,Plastic,prepared_datasets/combined_6class_plasticmetal_cleaned/train/Plastic/IMG_4992_ann2491.jpg,,prepared_datasets/combined_6class_plasticmetal_cleaned/train/Plastic/IMG_4992_ann2491.jpg,,,,,,,,
cleaned_train_Plastic_IMG_4996_ann2496.jpg,CombinedCleaned,image_classification,train,Plastic,Plastic,prepared_datasets/combined_6class_plasticmetal_cleaned/train/Plastic/IMG_4996_ann2496.jpg,,prepared_datasets/combined_6class_plasticmetal_cleaned/train/Plastic/IMG_4996_ann2496.jpg,,,,,,,,
cleaned_train_Plastic_IMG_5043_ann2514.jpg,CombinedCleaned,image_classification,train,Plastic,Plastic,prepared_datasets/combined_6class_plasticmetal_cleaned/train/Plastic/IMG_5043_ann2514.jpg,,prepared_datasets/combined_6class_plasticmetal_cleaned/train/Plastic/IMG_5043_ann2514.jpg,,,,,,,,
cleaned_train_Plastic_IMG_5053_ann2529.jpg,CombinedCleaned,image_classification,train,Plastic,Plastic,prepared_datasets/combined_6class_plasticmetal_cleaned/train/Plastic/IMG_5053_ann2529.jpg,,prepared_datasets/combined_6class_plasticmetal_cleaned/train/Plastic/IMG_5053_ann2529.jpg,,,,,,,,
cleaned_train_Plastic_IMG_5066_ann2712.jpg,CombinedCleaned,image_classification,train,Plastic,Plastic,prepared_datasets/combined_6class_plasticmetal_cleaned/train/Plastic/IMG_5066_ann2712.jpg,,prepared_datasets/combined_6class_plasticmetal_cleaned/train/Plastic/IMG_5066_ann2712.jpg,,,,,,,,
cleaned_train_Plastic_plastic1.jpg,CombinedCleaned,image_classification,train,Plastic,Plastic,prepared_datasets/combined_6class_plasticmetal_cleaned/train/Plastic/plastic1.jpg,,prepared_datasets/combined_6class_plasticmetal_cleaned/train/Plastic/plastic1.jpg,,,,,,,,
cleaned_train_Plastic_plastic10.jpg,CombinedCleaned,image_classification,train,Plastic,Plastic,prepared_datasets/combined_6class_plasticmetal_cleaned/train/Plastic/plastic10.jpg,,prepared_datasets/combined_6class_plasticmetal_cleaned/train/Plastic/plastic10.jpg,,,,,,,,
cleaned_train_Plastic_plastic100.jpg,CombinedCleaned,image_classification,train,Plastic,Plastic,prepared_datasets/combined_6class_plasticmetal_cleaned/train/Plastic/plastic100.jpg,,prepared_datasets/combined_6class_plasticmetal_cleaned/train/Plastic/plastic100.jpg,,,,,,,,
cleaned_train_Plastic_plastic102.jpg,CombinedCleaned,image_classification,train,Plastic,Plastic,prepared_datasets/combined_6class_plasticmetal_cleaned/train/Plastic/plastic102.jpg,,prepared_datasets/combined_6class_plasticmetal_cleaned/train/Plastic/plastic102.jpg,,,,,,,,
cleaned_train_Plastic_plastic103.jpg,CombinedCleaned,image_classification,train,Plastic,Plastic,prepared_datasets/combined_6class_plasticmetal_cleaned/train/Plastic/plastic103.jpg,,prepared_datasets/combined_6class_plasticmetal_cleaned/train/Plastic/plastic103.jpg,,,,,,,,
cleaned_train_Plastic_plastic104.jpg,CombinedCleaned,image_classification,train,Plastic,Plastic,prepared_datasets/combined_6class_plasticmetal_cleaned/train/Plastic/plastic104.jpg,,prepared_datasets/combined_6class_plasticmetal_cleaned/train/Plastic/plastic104.jpg,,,,,,,,
cleaned_train_Plastic_plastic105.jpg,CombinedCleaned,image_classification,train,Plastic,Plastic,prepared_datasets/combined_6class_plasticmetal_cleaned/train/Plastic/plastic105.jpg,,prepared_datasets/combined_6class_plasticmetal_cleaned/train/Plastic/plastic105.jpg,,,,,,,,
cleaned_train_Plastic_plastic106.jpg,CombinedCleaned,image_classification,train,Plastic,Plastic,prepared_datasets/combined_6class_plasticmetal_cleaned/train/Plastic/plastic106.jpg,,prepared_datasets/combined_6class_plasticmetal_cleaned/train/Plastic/plastic106.jpg,,,,,,,,
cleaned_train_Plastic_plastic107.jpg,CombinedCleaned,image_classification,train,Plastic,Plastic,prepared_datasets/combined_6class_plasticmetal_cleaned/train/Plastic/plastic107.jpg,,prepared_datasets/combined_6class_plasticmetal_cleaned/train/Plastic/plastic107.jpg,,,,,,,,
cleaned_train_Plastic_plastic108.jpg,CombinedCleaned,image_classification,train,Plastic,Plastic,prepared_datasets/combined_6class_plasticmetal_cleaned/train/Plastic/plastic108.jpg,,prepared_datasets/combined_6class_plasticmetal_cleaned/train/Plastic/plastic108.jpg,,,,,,,,
cleaned_train_Plastic_plastic109.jpg,CombinedCleaned,image_classification,train,Plastic,Plastic,prepared_datasets/combined_6class_plasticmetal_cleaned/train/Plastic/plastic109.jpg,,prepared_datasets/combined_6class_plasticmetal_cleaned/train/Plastic/plastic109.jpg,,,,,,,,
cleaned_train_Plastic_plastic111.jpg,CombinedCleaned,image_classification,train,Plastic,Plastic,prepared_datasets/combined_6class_plasticmetal_cleaned/train/Plastic/plastic111.jpg,,prepared_datasets/combined_6class_plasticmetal_cleaned/train/Plastic/plastic111.jpg,,,,,,,,
cleaned_train_Plastic_plastic114.jpg,CombinedCleaned,image_classification,train,Plastic,Plastic,prepared_datasets/combined_6class_plasticmetal_cleaned/train/Plastic/plastic114.jpg,,prepared_datasets/combined_6class_plasticmetal_cleaned/train/Plastic/plastic114.jpg,,,,,,,,
cleaned_train_Plastic_plastic115.jpg,CombinedCleaned,image_classification,train,Plastic,Plastic,prepared_datasets/combined_6class_plasticmetal_cleaned/train/Plastic/plastic115.jpg,,prepared_datasets/combined_6class_plasticmetal_cleaned/train/Plastic/plastic115.jpg,,,,,,,,
cleaned_train_Plastic_plastic116.jpg,CombinedCleaned,image_classification,train,Plastic,Plastic,prepared_datasets/combined_6class_plasticmetal_cleaned/train/Plastic/plastic116.jpg,,prepared_datasets/combined_6class_plasticmetal_cleaned/train/Plastic/plastic116.jpg,,,,,,,,
cleaned_train_Plastic_plastic117.jpg,CombinedCleaned,image_classification,train,Plastic,Plastic,prepared_datasets/combined_6class_plasticmetal_cleaned/train/Plastic/plastic117.jpg,,prepared_datasets/combined_6class_plasticmetal_cleaned/train/Plastic/plastic117.jpg,,,,,,,,
cleaned_train_Plastic_plastic118.jpg,CombinedCleaned,image_classification,train,Plastic,Plastic,prepared_datasets/combined_6class_plasticmetal_cleaned/train/Plastic/plastic118.jpg,,prepared_datasets/combined_6class_plasticmetal_cleaned/train/Plastic/plastic118.jpg,,,,,,,,
cleaned_train_Plastic_plastic120.jpg,CombinedCleaned,image_classification,train,Plastic,Plastic,prepared_datasets/combined_6class_plasticmetal_cleaned/train/Plastic/plastic120.jpg,,prepared_datasets/combined_6class_plasticmetal_cleaned/train/Plastic/plastic120.jpg,,,,,,,,
cleaned_train_Plastic_plastic121.jpg,CombinedCleaned,image_classification,train,Plastic,Plastic,prepared_datasets/combined_6class_plasticmetal_cleaned/train/Plastic/plastic121.jpg,,prepared_datasets/combined_6class_plasticmetal_cleaned/train/Plastic/plastic121.jpg,,,,,,,,
cleaned_train_Plastic_plastic122.jpg,CombinedCleaned,image_classification,train,Plastic,Plastic,prepared_datasets/combined_6class_plasticmetal_cleaned/train/Plastic/plastic122.jpg,,prepared_datasets/combined_6class_plasticmetal_cleaned/train/Plastic/plastic122.jpg,,,,,,,,
cleaned_train_Plastic_plastic123.jpg,CombinedCleaned,image_classification,train,Plastic,Plastic,prepared_datasets/combined_6class_plasticmetal_cleaned/train/Plastic/plastic123.jpg,,prepared_datasets/combined_6class_plasticmetal_cleaned/train/Plastic/plastic123.jpg,,,,,,,,
cleaned_train_Plastic_plastic125.jpg,CombinedCleaned,image_classification,train,Plastic,Plastic,prepared_datasets/combined_6class_plasticmetal_cleaned/train/Plastic/plastic125.jpg,,prepared_datasets/combined_6class_plasticmetal_cleaned/train/Plastic/plastic125.jpg,,,,,,,,
cleaned_train_Plastic_plastic126.jpg,CombinedCleaned,image_classification,train,Plastic,Plastic,prepared_datasets/combined_6class_plasticmetal_cleaned/train/Plastic/plastic126.jpg,,prepared_datasets/combined_6class_plasticmetal_cleaned/train/Plastic/plastic126.jpg,,,,,,,,
cleaned_train_Plastic_plastic127.jpg,CombinedCleaned,image_classification,train,Plastic,Plastic,prepared_datasets/combined_6class_plasticmetal_cleaned/train/Plastic/plastic127.jpg,,prepared_datasets/combined_6class_plasticmetal_cleaned/train/Plastic/plastic127.jpg,,,,,,,,
cleaned_train_Plastic_plastic128.jpg,CombinedCleaned,image_classification,train,Plastic,Plastic,prepared_datasets/combined_6class_plasticmetal_cleaned/train/Plastic/plastic128.jpg,,prepared_datasets/combined_6class_plasticmetal_cleaned/train/Plastic/plastic128.jpg,,,,,,,,
cleaned_train_Plastic_plastic13.jpg,CombinedCleaned,image_classification,train,Plastic,Plastic,prepared_datasets/combined_6class_plasticmetal_cleaned/train/Plastic/plastic13.jpg,,prepared_datasets/combined_6class_plasticmetal_cleaned/train/Plastic/plastic13.jpg,,,,,,,,
cleaned_train_Plastic_plastic132.jpg,CombinedCleaned,image_classification,train,Plastic,Plastic,prepared_datasets/combined_6class_plasticmetal_cleaned/train/Plastic/plastic132.jpg,,prepared_datasets/combined_6class_plasticmetal_cleaned/train/Plastic/plastic132.jpg,,,,,,,,
cleaned_train_Plastic_plastic133.jpg,CombinedCleaned,image_classification,train,Plastic,Plastic,prepared_datasets/combined_6class_plasticmetal_cleaned/train/Plastic/plastic133.jpg,,prepared_datasets/combined_6class_plasticmetal_cleaned/train/Plastic/plastic133.jpg,,,,,,,,
cleaned_train_Plastic_plastic134.jpg,CombinedCleaned,image_classification,train,Plastic,Plastic,prepared_datasets/combined_6class_plasticmetal_cleaned/train/Plastic/plastic134.jpg,,prepared_datasets/combined_6class_plasticmetal_cleaned/train/Plastic/plastic134.jpg,,,,,,,,
cleaned_train_Plastic_plastic136.jpg,CombinedCleaned,image_classification,train,Plastic,Plastic,prepared_datasets/combined_6class_plasticmetal_cleaned/train/Plastic/plastic136.jpg,,prepared_datasets/combined_6class_plasticmetal_cleaned/train/Plastic/plastic136.jpg,,,,,,,,
cleaned_train_Plastic_plastic137.jpg,CombinedCleaned,image_classification,train,Plastic,Plastic,prepared_datasets/combined_6class_plasticmetal_cleaned/train/Plastic/plastic137.jpg,,prepared_datasets/combined_6class_plasticmetal_cleaned/train/Plastic/plastic137.jpg,,,,,,,,
cleaned_train_Plastic_plastic138.jpg,CombinedCleaned,image_classification,train,Plastic,Plastic,prepared_datasets/combined_6class_plasticmetal_cleaned/train/Plastic/plastic138.jpg,,prepared_datasets/combined_6class_plasticmetal_cleaned/train/Plastic/plastic138.jpg,,,,,,,,
cleaned_train_Plastic_plastic14.jpg,CombinedCleaned,image_classification,train,Plastic,Plastic,prepared_datasets/combined_6class_plasticmetal_cleaned/train/Plastic/plastic14.jpg,,prepared_datasets/combined_6class_plasticmetal_cleaned/train/Plastic/plastic14.jpg,,,,,,,,
cleaned_train_Plastic_plastic140.jpg,CombinedCleaned,image_classification,train,Plastic,Plastic,prepared_datasets/combined_6class_plasticmetal_cleaned/train/Plastic/plastic140.jpg,,prepared_datasets/combined_6class_plasticmetal_cleaned/train/Plastic/plastic140.jpg,,,,,,,,
cleaned_train_Plastic_plastic142.jpg,CombinedCleaned,image_classification,train,Plastic,Plastic,prepared_datasets/combined_6class_plasticmetal_cleaned/train/Plastic/plastic142.jpg,,prepared_datasets/combined_6class_plasticmetal_cleaned/train/Plastic/plastic142.jpg,,,,,,,,
cleaned_train_Plastic_plastic144.jpg,CombinedCleaned,image_classification,train,Plastic,Plastic,prepared_datasets/combined_6class_plasticmetal_cleaned/train/Plastic/plastic144.jpg,,prepared_datasets/combined_6class_plasticmetal_cleaned/train/Plastic/plastic144.jpg,,,,,,,,
cleaned_train_Plastic_plastic147.jpg,CombinedCleaned,image_classification,train,Plastic,Plastic,prepared_datasets/combined_6class_plasticmetal_cleaned/train/Plastic/plastic147.jpg,,prepared_datasets/combined_6class_plasticmetal_cleaned/train/Plastic/plastic147.jpg,,,,,,,,
cleaned_train_Plastic_plastic148.jpg,CombinedCleaned,image_classification,train,Plastic,Plastic,prepared_datasets/combined_6class_plasticmetal_cleaned/train/Plastic/plastic148.jpg,,prepared_datasets/combined_6class_plasticmetal_cleaned/train/Plastic/plastic148.jpg,,,,,,,,
cleaned_train_Plastic_plastic149.jpg,CombinedCleaned,image_classification,train,Plastic,Plastic,prepared_datasets/combined_6class_plasticmetal_cleaned/train/Plastic/plastic149.jpg,,prepared_datasets/combined_6class_plasticmetal_cleaned/train/Plastic/plastic149.jpg,,,,,,,,
cleaned_train_Plastic_plastic15.jpg,CombinedCleaned,image_classification,train,Plastic,Plastic,prepared_datasets/combined_6class_plasticmetal_cleaned/train/Plastic/plastic15.jpg,,prepared_datasets/combined_6class_plasticmetal_cleaned/train/Plastic/plastic15.jpg,,,,,,,,
cleaned_train_Plastic_plastic151.jpg,CombinedCleaned,image_classification,train,Plastic,Plastic,prepared_datasets/combined_6class_plasticmetal_cleaned/train/Plastic/plastic151.jpg,,prepared_datasets/combined_6class_plasticmetal_cleaned/train/Plastic/plastic151.jpg,,,,,,,,
cleaned_train_Plastic_plastic152.jpg,CombinedCleaned,image_classification,train,Plastic,Plastic,prepared_datasets/combined_6class_plasticmetal_cleaned/train/Plastic/plastic152.jpg,,prepared_datasets/combined_6class_plasticmetal_cleaned/train/Plastic/plastic152.jpg,,,,,,,,
cleaned_train_Plastic_plastic153.jpg,CombinedCleaned,image_classification,train,Plastic,Plastic,prepared_datasets/combined_6class_plasticmetal_cleaned/train/Plastic/plastic153.jpg,,prepared_datasets/combined_6class_plasticmetal_cleaned/train/Plastic/plastic153.jpg,,,,,,,,
cleaned_train_Plastic_plastic154.jpg,CombinedCleaned,image_classification,train,Plastic,Plastic,prepared_datasets/combined_6class_plasticmetal_cleaned/train/Plastic/plastic154.jpg,,prepared_datasets/combined_6class_plasticmetal_cleaned/train/Plastic/plastic154.jpg,,,,,,,,
cleaned_train_Plastic_plastic155.jpg,CombinedCleaned,image_classification,train,Plastic,Plastic,prepared_datasets/combined_6class_plasticmetal_cleaned/train/Plastic/plastic155.jpg,,prepared_datasets/combined_6class_plasticmetal_cleaned/train/Plastic/plastic155.jpg,,,,,,,,
cleaned_train_Plastic_plastic157.jpg,CombinedCleaned,image_classification,train,Plastic,Plastic,prepared_datasets/combined_6class_plasticmetal_cleaned/train/Plastic/plastic157.jpg,,prepared_datasets/combined_6class_plasticmetal_cleaned/train/Plastic/plastic157.jpg,,,,,,,,
cleaned_train_Plastic_plastic158.jpg,CombinedCleaned,image_classification,train,Plastic,Plastic,prepared_datasets/combined_6class_plasticmetal_cleaned/train/Plastic/plastic158.jpg,,prepared_datasets/combined_6class_plasticmetal_cleaned/train/Plastic/plastic158.jpg,,,,,,,,
cleaned_train_Plastic_plastic159.jpg,CombinedCleaned,image_classification,train,Plastic,Plastic,prepared_datasets/combined_6class_plasticmetal_cleaned/train/Plastic/plastic159.jpg,,prepared_datasets/combined_6class_plasticmetal_cleaned/train/Plastic/plastic159.jpg,,,,,,,,
cleaned_train_Plastic_plastic16.jpg,CombinedCleaned,image_classification,train,Plastic,Plastic,prepared_datasets/combined_6class_plasticmetal_cleaned/train/Plastic/plastic16.jpg,,prepared_datasets/combined_6class_plasticmetal_cleaned/train/Plastic/plastic16.jpg,,,,,,,,
cleaned_train_Plastic_plastic160.jpg,CombinedCleaned,image_classification,train,Plastic,Plastic,prepared_datasets/combined_6class_plasticmetal_cleaned/train/Plastic/plastic160.jpg,,prepared_datasets/combined_6class_plasticmetal_cleaned/train/Plastic/plastic160.jpg,,,,,,,,
cleaned_train_Plastic_plastic161.jpg,CombinedCleaned,image_classification,train,Plastic,Plastic,prepared_datasets/combined_6class_plasticmetal_cleaned/train/Plastic/plastic161.jpg,,prepared_datasets/combined_6class_plasticmetal_cleaned/train/Plastic/plastic161.jpg,,,,,,,,
cleaned_train_Plastic_plastic164.jpg,CombinedCleaned,image_classification,train,Plastic,Plastic,prepared_datasets/combined_6class_plasticmetal_cleaned/train/Plastic/plastic164.jpg,,prepared_datasets/combined_6class_plasticmetal_cleaned/train/Plastic/plastic164.jpg,,,,,,,,
cleaned_train_Plastic_plastic166.jpg,CombinedCleaned,image_classification,train,Plastic,Plastic,prepared_datasets/combined_6class_plasticmetal_cleaned/train/Plastic/plastic166.jpg,,prepared_datasets/combined_6class_plasticmetal_cleaned/train/Plastic/plastic166.jpg,,,,,,,,
cleaned_train_Plastic_plastic167.jpg,CombinedCleaned,image_classification,train,Plastic,Plastic,prepared_datasets/combined_6class_plasticmetal_cleaned/train/Plastic/plastic167.jpg,,prepared_datasets/combined_6class_plasticmetal_cleaned/train/Plastic/plastic167.jpg,,,,,,,,
cleaned_train_Plastic_plastic168.jpg,CombinedCleaned,image_classification,train,Plastic,Plastic,prepared_datasets/combined_6class_plasticmetal_cleaned/train/Plastic/plastic168.jpg,,prepared_datasets/combined_6class_plasticmetal_cleaned/train/Plastic/plastic168.jpg,,,,,,,,
cleaned_train_Plastic_plastic169.jpg,CombinedCleaned,image_classification,train,Plastic,Plastic,prepared_datasets/combined_6class_plasticmetal_cleaned/train/Plastic/plastic169.jpg,,prepared_datasets/combined_6class_plasticmetal_cleaned/train/Plastic/plastic169.jpg,,,,,,,,
cleaned_train_Plastic_plastic17.jpg,CombinedCleaned,image_classification,train,Plastic,Plastic,prepared_datasets/combined_6class_plasticmetal_cleaned/train/Plastic/plastic17.jpg,,prepared_datasets/combined_6class_plasticmetal_cleaned/train/Plastic/plastic17.jpg,,,,,,,,
cleaned_train_Plastic_plastic171.jpg,CombinedCleaned,image_classification,train,Plastic,Plastic,prepared_datasets/combined_6class_plasticmetal_cleaned/train/Plastic/plastic171.jpg,,prepared_datasets/combined_6class_plasticmetal_cleaned/train/Plastic/plastic171.jpg,,,,,,,,
cleaned_train_Plastic_plastic173.jpg,CombinedCleaned,image_classification,train,Plastic,Plastic,prepared_datasets/combined_6class_plasticmetal_cleaned/train/Plastic/plastic173.jpg,,prepared_datasets/combined_6class_plasticmetal_cleaned/train/Plastic/plastic173.jpg,,,,,,,,
cleaned_train_Plastic_plastic175.jpg,CombinedCleaned,image_classification,train,Plastic,Plastic,prepared_datasets/combined_6class_plasticmetal_cleaned/train/Plastic/plastic175.jpg,,prepared_datasets/combined_6class_plasticmetal_cleaned/train/Plastic/plastic175.jpg,,,,,,,,
cleaned_train_Plastic_plastic176.jpg,CombinedCleaned,image_classification,train,Plastic,Plastic,prepared_datasets/combined_6class_plasticmetal_cleaned/train/Plastic/plastic176.jpg,,prepared_datasets/combined_6class_plasticmetal_cleaned/train/Plastic/plastic176.jpg,,,,,,,,
cleaned_train_Plastic_plastic177.jpg,CombinedCleaned,image_classification,train,Plastic,Plastic,prepared_datasets/combined_6class_plasticmetal_cleaned/train/Plastic/plastic177.jpg,,prepared_datasets/combined_6class_plasticmetal_cleaned/train/Plastic/plastic177.jpg,,,,,,,,
cleaned_train_Plastic_plastic179.jpg,CombinedCleaned,image_classification,train,Plastic,Plastic,prepared_datasets/combined_6class_plasticmetal_cleaned/train/Plastic/plastic179.jpg,,prepared_datasets/combined_6class_plasticmetal_cleaned/train/Plastic/plastic179.jpg,,,,,,,,
cleaned_train_Plastic_plastic18.jpg,CombinedCleaned,image_classification,train,Plastic,Plastic,prepared_datasets/combined_6class_plasticmetal_cleaned/train/Plastic/plastic18.jpg,,prepared_datasets/combined_6class_plasticmetal_cleaned/train/Plastic/plastic18.jpg,,,,,,,,
cleaned_train_Plastic_plastic180.jpg,CombinedCleaned,image_classification,train,Plastic,Plastic,prepared_datasets/combined_6class_plasticmetal_cleaned/train/Plastic/plastic180.jpg,,prepared_datasets/combined_6class_plasticmetal_cleaned/train/Plastic/plastic180.jpg,,,,,,,,
cleaned_train_Plastic_plastic181.jpg,CombinedCleaned,image_classification,train,Plastic,Plastic,prepared_datasets/combined_6class_plasticmetal_cleaned/train/Plastic/plastic181.jpg,,prepared_datasets/combined_6class_plasticmetal_cleaned/train/Plastic/plastic181.jpg,,,,,,,,
cleaned_train_Plastic_plastic182.jpg,CombinedCleaned,image_classification,train,Plastic,Plastic,prepared_datasets/combined_6class_plasticmetal_cleaned/train/Plastic/plastic182.jpg,,prepared_datasets/combined_6class_plasticmetal_cleaned/train/Plastic/plastic182.jpg,,,,,,,,
cleaned_train_Plastic_plastic183.jpg,CombinedCleaned,image_classification,train,Plastic,Plastic,prepared_datasets/combined_6class_plasticmetal_cleaned/train/Plastic/plastic183.jpg,,prepared_datasets/combined_6class_plasticmetal_cleaned/train/Plastic/plastic183.jpg,,,,,,,,
cleaned_train_Plastic_plastic184.jpg,CombinedCleaned,image_classification,train,Plastic,Plastic,prepared_datasets/combined_6class_plasticmetal_cleaned/train/Plastic/plastic184.jpg,,prepared_datasets/combined_6class_plasticmetal_cleaned/train/Plastic/plastic184.jpg,,,,,,,,
cleaned_train_Plastic_plastic185.jpg,CombinedCleaned,image_classification,train,Plastic,Plastic,prepared_datasets/combined_6class_plasticmetal_cleaned/train/Plastic/plastic185.jpg,,prepared_datasets/combined_6class_plasticmetal_cleaned/train/Plastic/plastic185.jpg,,,,,,,,
cleaned_train_Plastic_plastic186.jpg,CombinedCleaned,image_classification,train,Plastic,Plastic,prepared_datasets/combined_6class_plasticmetal_cleaned/train/Plastic/plastic186.jpg,,prepared_datasets/combined_6class_plasticmetal_cleaned/train/Plastic/plastic186.jpg,,,,,,,,
cleaned_train_Plastic_plastic187.jpg,CombinedCleaned,image_classification,train,Plastic,Plastic,prepared_datasets/combined_6class_plasticmetal_cleaned/train/Plastic/plastic187.jpg,,prepared_datasets/combined_6class_plasticmetal_cleaned/train/Plastic/plastic187.jpg,,,,,,,,
cleaned_train_Plastic_plastic19.jpg,CombinedCleaned,image_classification,train,Plastic,Plastic,prepared_datasets/combined_6class_plasticmetal_cleaned/train/Plastic/plastic19.jpg,,prepared_datasets/combined_6class_plasticmetal_cleaned/train/Plastic/plastic19.jpg,,,,,,,,
cleaned_train_Plastic_plastic191.jpg,CombinedCleaned,image_classification,train,Plastic,Plastic,prepared_datasets/combined_6class_plasticmetal_cleaned/train/Plastic/plastic191.jpg,,prepared_datasets/combined_6class_plasticmetal_cleaned/train/Plastic/plastic191.jpg,,,,,,,,
cleaned_train_Plastic_plastic192.jpg,CombinedCleaned,image_classification,train,Plastic,Plastic,prepared_datasets/combined_6class_plasticmetal_cleaned/train/Plastic/plastic192.jpg,,prepared_datasets/combined_6class_plasticmetal_cleaned/train/Plastic/plastic192.jpg,,,,,,,,
cleaned_train_Plastic_plastic193.jpg,CombinedCleaned,image_classification,train,Plastic,Plastic,prepared_datasets/combined_6class_plasticmetal_cleaned/train/Plastic/plastic193.jpg,,prepared_datasets/combined_6class_plasticmetal_cleaned/train/Plastic/plastic193.jpg,,,,,,,,
cleaned_train_Plastic_plastic194.jpg,CombinedCleaned,image_classification,train,Plastic,Plastic,prepared_datasets/combined_6class_plasticmetal_cleaned/train/Plastic/plastic194.jpg,,prepared_datasets/combined_6class_plasticmetal_cleaned/train/Plastic/plastic194.jpg,,,,,,,,
cleaned_train_Plastic_plastic195.jpg,CombinedCleaned,image_classification,train,Plastic,Plastic,prepared_datasets/combined_6class_plasticmetal_cleaned/train/Plastic/plastic195.jpg,,prepared_datasets/combined_6class_plasticmetal_cleaned/train/Plastic/plastic195.jpg,,,,,,,,
cleaned_train_Plastic_plastic198.jpg,CombinedCleaned,image_classification,train,Plastic,Plastic,prepared_datasets/combined_6class_plasticmetal_cleaned/train/Plastic/plastic198.jpg,,prepared_datasets/combined_6class_plasticmetal_cleaned/train/Plastic/plastic198.jpg,,,,,,,,
cleaned_train_Plastic_plastic200.jpg,CombinedCleaned,image_classification,train,Plastic,Plastic,prepared_datasets/combined_6class_plasticmetal_cleaned/train/Plastic/plastic200.jpg,,prepared_datasets/combined_6class_plasticmetal_cleaned/train/Plastic/plastic200.jpg,,,,,,,,
cleaned_train_Plastic_plastic202.jpg,CombinedCleaned,image_classification,train,Plastic,Plastic,prepared_datasets/combined_6class_plasticmetal_cleaned/train/Plastic/plastic202.jpg,,prepared_datasets/combined_6class_plasticmetal_cleaned/train/Plastic/plastic202.jpg,,,,,,,,
cleaned_train_Plastic_plastic205.jpg,CombinedCleaned,image_classification,train,Plastic,Plastic,prepared_datasets/combined_6class_plasticmetal_cleaned/train/Plastic/plastic205.jpg,,prepared_datasets/combined_6class_plasticmetal_cleaned/train/Plastic/plastic205.jpg,,,,,,,,
cleaned_train_Plastic_plastic207.jpg,CombinedCleaned,image_classification,train,Plastic,Plastic,prepared_datasets/combined_6class_plasticmetal_cleaned/train/Plastic/plastic207.jpg,,prepared_datasets/combined_6class_plasticmetal_cleaned/train/Plastic/plastic207.jpg,,,,,,,,
cleaned_train_Plastic_plastic208.jpg,CombinedCleaned,image_classification,train,Plastic,Plastic,prepared_datasets/combined_6class_plasticmetal_cleaned/train/Plastic/plastic208.jpg,,prepared_datasets/combined_6class_plasticmetal_cleaned/train/Plastic/plastic208.jpg,,,,,,,,
cleaned_train_Plastic_plastic209.jpg,CombinedCleaned,image_classification,train,Plastic,Plastic,prepared_datasets/combined_6class_plasticmetal_cleaned/train/Plastic/plastic209.jpg,,prepared_datasets/combined_6class_plasticmetal_cleaned/train/Plastic/plastic209.jpg,,,,,,,,
cleaned_train_Plastic_plastic21.jpg,CombinedCleaned,image_classification,train,Plastic,Plastic,prepared_datasets/combined_6class_plasticmetal_cleaned/train/Plastic/plastic21.jpg,,prepared_datasets/combined_6class_plasticmetal_cleaned/train/Plastic/plastic21.jpg,,,,,,,,
cleaned_train_Plastic_plastic210.jpg,CombinedCleaned,image_classification,train,Plastic,Plastic,prepared_datasets/combined_6class_plasticmetal_cleaned/train/Plastic/plastic210.jpg,,prepared_datasets/combined_6class_plasticmetal_cleaned/train/Plastic/plastic210.jpg,,,,,,,,
cleaned_train_Plastic_plastic213.jpg,CombinedCleaned,image_classification,train,Plastic,Plastic,prepared_datasets/combined_6class_plasticmetal_cleaned/train/Plastic/plastic213.jpg,,prepared_datasets/combined_6class_plasticmetal_cleaned/train/Plastic/plastic213.jpg,,,,,,,,
cleaned_train_Plastic_plastic214.jpg,CombinedCleaned,image_classification,train,Plastic,Plastic,prepared_datasets/combined_6class_plasticmetal_cleaned/train/Plastic/plastic214.jpg,,prepared_datasets/combined_6class_plasticmetal_cleaned/train/Plastic/plastic214.jpg,,,,,,,,
cleaned_train_Plastic_plastic215.jpg,CombinedCleaned,image_classification,train,Plastic,Plastic,prepared_datasets/combined_6class_plasticmetal_cleaned/train/Plastic/plastic215.jpg,,prepared_datasets/combined_6class_plasticmetal_cleaned/train/Plastic/plastic215.jpg,,,,,,,,
cleaned_train_Plastic_plastic216.jpg,CombinedCleaned,image_classification,train,Plastic,Plastic,prepared_datasets/combined_6class_plasticmetal_cleaned/train/Plastic/plastic216.jpg,,prepared_datasets/combined_6class_plasticmetal_cleaned/train/Plastic/plastic216.jpg,,,,,,,,
cleaned_train_Plastic_plastic217.jpg,CombinedCleaned,image_classification,train,Plastic,Plastic,prepared_datasets/combined_6class_plasticmetal_cleaned/train/Plastic/plastic217.jpg,,prepared_datasets/combined_6class_plasticmetal_cleaned/train/Plastic/plastic217.jpg,,,,,,,,
cleaned_train_Plastic_plastic218.jpg,CombinedCleaned,image_classification,train,Plastic,Plastic,prepared_datasets/combined_6class_plasticmetal_cleaned/train/Plastic/plastic218.jpg,,prepared_datasets/combined_6class_plasticmetal_cleaned/train/Plastic/plastic218.jpg,,,,,,,,
cleaned_train_Plastic_plastic219.jpg,CombinedCleaned,image_classification,train,Plastic,Plastic,prepared_datasets/combined_6class_plasticmetal_cleaned/train/Plastic/plastic219.jpg,,prepared_datasets/combined_6class_plasticmetal_cleaned/train/Plastic/plastic219.jpg,,,,,,,,
cleaned_train_Plastic_plastic224.jpg,CombinedCleaned,image_classification,train,Plastic,Plastic,prepared_datasets/combined_6class_plasticmetal_cleaned/train/Plastic/plastic224.jpg,,prepared_datasets/combined_6class_plasticmetal_cleaned/train/Plastic/plastic224.jpg,,,,,,,,
cleaned_train_Plastic_plastic226.jpg,CombinedCleaned,image_classification,train,Plastic,Plastic,prepared_datasets/combined_6class_plasticmetal_cleaned/train/Plastic/plastic226.jpg,,prepared_datasets/combined_6class_plasticmetal_cleaned/train/Plastic/plastic226.jpg,,,,,,,,
cleaned_train_Plastic_plastic228.jpg,CombinedCleaned,image_classification,train,Plastic,Plastic,prepared_datasets/combined_6class_plasticmetal_cleaned/train/Plastic/plastic228.jpg,,prepared_datasets/combined_6class_plasticmetal_cleaned/train/Plastic/plastic228.jpg,,,,,,,,
cleaned_train_Plastic_plastic229.jpg,CombinedCleaned,image_classification,train,Plastic,Plastic,prepared_datasets/combined_6class_plasticmetal_cleaned/train/Plastic/plastic229.jpg,,prepared_datasets/combined_6class_plasticmetal_cleaned/train/Plastic/plastic229.jpg,,,,,,,,
cleaned_train_Plastic_plastic23.jpg,CombinedCleaned,image_classification,train,Plastic,Plastic,prepared_datasets/combined_6class_plasticmetal_cleaned/train/Plastic/plastic23.jpg,,prepared_datasets/combined_6class_plasticmetal_cleaned/train/Plastic/plastic23.jpg,,,,,,,,
cleaned_train_Plastic_plastic230.jpg,CombinedCleaned,image_classification,train,Plastic,Plastic,prepared_datasets/combined_6class_plasticmetal_cleaned/train/Plastic/plastic230.jpg,,prepared_datasets/combined_6class_plasticmetal_cleaned/train/Plastic/plastic230.jpg,,,,,,,,
cleaned_train_Plastic_plastic231.jpg,CombinedCleaned,image_classification,train,Plastic,Plastic,prepared_datasets/combined_6class_plasticmetal_cleaned/train/Plastic/plastic231.jpg,,prepared_datasets/combined_6class_plasticmetal_cleaned/train/Plastic/plastic231.jpg,,,,,,,,
cleaned_train_Plastic_plastic233.jpg,CombinedCleaned,image_classification,train,Plastic,Plastic,prepared_datasets/combined_6class_plasticmetal_cleaned/train/Plastic/plastic233.jpg,,prepared_datasets/combined_6class_plasticmetal_cleaned/train/Plastic/plastic233.jpg,,,,,,,,
cleaned_train_Plastic_plastic235.jpg,CombinedCleaned,image_classification,train,Plastic,Plastic,prepared_datasets/combined_6class_plasticmetal_cleaned/train/Plastic/plastic235.jpg,,prepared_datasets/combined_6class_plasticmetal_cleaned/train/Plastic/plastic235.jpg,,,,,,,,
cleaned_train_Plastic_plastic236.jpg,CombinedCleaned,image_classification,train,Plastic,Plastic,prepared_datasets/combined_6class_plasticmetal_cleaned/train/Plastic/plastic236.jpg,,prepared_datasets/combined_6class_plasticmetal_cleaned/train/Plastic/plastic236.jpg,,,,,,,,
cleaned_train_Plastic_plastic237.jpg,CombinedCleaned,image_classification,train,Plastic,Plastic,prepared_datasets/combined_6class_plasticmetal_cleaned/train/Plastic/plastic237.jpg,,prepared_datasets/combined_6class_plasticmetal_cleaned/train/Plastic/plastic237.jpg,,,,,,,,
cleaned_train_Plastic_plastic238.jpg,CombinedCleaned,image_classification,train,Plastic,Plastic,prepared_datasets/combined_6class_plasticmetal_cleaned/train/Plastic/plastic238.jpg,,prepared_datasets/combined_6class_plasticmetal_cleaned/train/Plastic/plastic238.jpg,,,,,,,,
cleaned_train_Plastic_plastic239.jpg,CombinedCleaned,image_classification,train,Plastic,Plastic,prepared_datasets/combined_6class_plasticmetal_cleaned/train/Plastic/plastic239.jpg,,prepared_datasets/combined_6class_plasticmetal_cleaned/train/Plastic/plastic239.jpg,,,,,,,,
cleaned_train_Plastic_plastic24.jpg,CombinedCleaned,image_classification,train,Plastic,Plastic,prepared_datasets/combined_6class_plasticmetal_cleaned/train/Plastic/plastic24.jpg,,prepared_datasets/combined_6class_plasticmetal_cleaned/train/Plastic/plastic24.jpg,,,,,,,,
cleaned_train_Plastic_plastic240.jpg,CombinedCleaned,image_classification,train,Plastic,Plastic,prepared_datasets/combined_6class_plasticmetal_cleaned/train/Plastic/plastic240.jpg,,prepared_datasets/combined_6class_plasticmetal_cleaned/train/Plastic/plastic240.jpg,,,,,,,,
cleaned_train_Plastic_plastic241.jpg,CombinedCleaned,image_classification,train,Plastic,Plastic,prepared_datasets/combined_6class_plasticmetal_cleaned/train/Plastic/plastic241.jpg,,prepared_datasets/combined_6class_plasticmetal_cleaned/train/Plastic/plastic241.jpg,,,,,,,,
cleaned_train_Plastic_plastic242.jpg,CombinedCleaned,image_classification,train,Plastic,Plastic,prepared_datasets/combined_6class_plasticmetal_cleaned/train/Plastic/plastic242.jpg,,prepared_datasets/combined_6class_plasticmetal_cleaned/train/Plastic/plastic242.jpg,,,,,,,,
cleaned_train_Plastic_plastic243.jpg,CombinedCleaned,image_classification,train,Plastic,Plastic,prepared_datasets/combined_6class_plasticmetal_cleaned/train/Plastic/plastic243.jpg,,prepared_datasets/combined_6class_plasticmetal_cleaned/train/Plastic/plastic243.jpg,,,,,,,,
cleaned_train_Plastic_plastic245.jpg,CombinedCleaned,image_classification,train,Plastic,Plastic,prepared_datasets/combined_6class_plasticmetal_cleaned/train/Plastic/plastic245.jpg,,prepared_datasets/combined_6class_plasticmetal_cleaned/train/Plastic/plastic245.jpg,,,,,,,,
cleaned_train_Plastic_plastic246.jpg,CombinedCleaned,image_classification,train,Plastic,Plastic,prepared_datasets/combined_6class_plasticmetal_cleaned/train/Plastic/plastic246.jpg,,prepared_datasets/combined_6class_plasticmetal_cleaned/train/Plastic/plastic246.jpg,,,,,,,,
cleaned_train_Plastic_plastic247.jpg,CombinedCleaned,image_classification,train,Plastic,Plastic,prepared_datasets/combined_6class_plasticmetal_cleaned/train/Plastic/plastic247.jpg,,prepared_datasets/combined_6class_plasticmetal_cleaned/train/Plastic/plastic247.jpg,,,,,,,,
cleaned_train_Plastic_plastic248.jpg,CombinedCleaned,image_classification,train,Plastic,Plastic,prepared_datasets/combined_6class_plasticmetal_cleaned/train/Plastic/plastic248.jpg,,prepared_datasets/combined_6class_plasticmetal_cleaned/train/Plastic/plastic248.jpg,,,,,,,,
cleaned_train_Plastic_plastic25.jpg,CombinedCleaned,image_classification,train,Plastic,Plastic,prepared_datasets/combined_6class_plasticmetal_cleaned/train/Plastic/plastic25.jpg,,prepared_datasets/combined_6class_plasticmetal_cleaned/train/Plastic/plastic25.jpg,,,,,,,,
cleaned_train_Plastic_plastic250.jpg,CombinedCleaned,image_classification,train,Plastic,Plastic,prepared_datasets/combined_6class_plasticmetal_cleaned/train/Plastic/plastic250.jpg,,prepared_datasets/combined_6class_plasticmetal_cleaned/train/Plastic/plastic250.jpg,,,,,,,,
cleaned_train_Plastic_plastic251.jpg,CombinedCleaned,image_classification,train,Plastic,Plastic,prepared_datasets/combined_6class_plasticmetal_cleaned/train/Plastic/plastic251.jpg,,prepared_datasets/combined_6class_plasticmetal_cleaned/train/Plastic/plastic251.jpg,,,,,,,,
cleaned_train_Plastic_plastic252.jpg,CombinedCleaned,image_classification,train,Plastic,Plastic,prepared_datasets/combined_6class_plasticmetal_cleaned/train/Plastic/plastic252.jpg,,prepared_datasets/combined_6class_plasticmetal_cleaned/train/Plastic/plastic252.jpg,,,,,,,,
cleaned_train_Plastic_plastic253.jpg,CombinedCleaned,image_classification,train,Plastic,Plastic,prepared_datasets/combined_6class_plasticmetal_cleaned/train/Plastic/plastic253.jpg,,prepared_datasets/combined_6class_plasticmetal_cleaned/train/Plastic/plastic253.jpg,,,,,,,,
cleaned_train_Plastic_plastic255.jpg,CombinedCleaned,image_classification,train,Plastic,Plastic,prepared_datasets/combined_6class_plasticmetal_cleaned/train/Plastic/plastic255.jpg,,prepared_datasets/combined_6class_plasticmetal_cleaned/train/Plastic/plastic255.jpg,,,,,,,,
cleaned_train_Plastic_plastic257.jpg,CombinedCleaned,image_classification,train,Plastic,Plastic,prepared_datasets/combined_6class_plasticmetal_cleaned/train/Plastic/plastic257.jpg,,prepared_datasets/combined_6class_plasticmetal_cleaned/train/Plastic/plastic257.jpg,,,,,,,,
cleaned_train_Plastic_plastic259.jpg,CombinedCleaned,image_classification,train,Plastic,Plastic,prepared_datasets/combined_6class_plasticmetal_cleaned/train/Plastic/plastic259.jpg,,prepared_datasets/combined_6class_plasticmetal_cleaned/train/Plastic/plastic259.jpg,,,,,,,,
cleaned_train_Plastic_plastic26.jpg,CombinedCleaned,image_classification,train,Plastic,Plastic,prepared_datasets/combined_6class_plasticmetal_cleaned/train/Plastic/plastic26.jpg,,prepared_datasets/combined_6class_plasticmetal_cleaned/train/Plastic/plastic26.jpg,,,,,,,,
cleaned_train_Plastic_plastic260.jpg,CombinedCleaned,image_classification,train,Plastic,Plastic,prepared_datasets/combined_6class_plasticmetal_cleaned/train/Plastic/plastic260.jpg,,prepared_datasets/combined_6class_plasticmetal_cleaned/train/Plastic/plastic260.jpg,,,,,,,,
cleaned_train_Plastic_plastic261.jpg,CombinedCleaned,image_classification,train,Plastic,Plastic,prepared_datasets/combined_6class_plasticmetal_cleaned/train/Plastic/plastic261.jpg,,prepared_datasets/combined_6class_plasticmetal_cleaned/train/Plastic/plastic261.jpg,,,,,,,,
cleaned_train_Plastic_plastic263.jpg,CombinedCleaned,image_classification,train,Plastic,Plastic,prepared_datasets/combined_6class_plasticmetal_cleaned/train/Plastic/plastic263.jpg,,prepared_datasets/combined_6class_plasticmetal_cleaned/train/Plastic/plastic263.jpg,,,,,,,,
cleaned_train_Plastic_plastic265.jpg,CombinedCleaned,image_classification,train,Plastic,Plastic,prepared_datasets/combined_6class_plasticmetal_cleaned/train/Plastic/plastic265.jpg,,prepared_datasets/combined_6class_plasticmetal_cleaned/train/Plastic/plastic265.jpg,,,,,,,,
cleaned_train_Plastic_plastic268.jpg,CombinedCleaned,image_classification,train,Plastic,Plastic,prepared_datasets/combined_6class_plasticmetal_cleaned/train/Plastic/plastic268.jpg,,prepared_datasets/combined_6class_plasticmetal_cleaned/train/Plastic/plastic268.jpg,,,,,,,,
cleaned_train_Plastic_plastic269.jpg,CombinedCleaned,image_classification,train,Plastic,Plastic,prepared_datasets/combined_6class_plasticmetal_cleaned/train/Plastic/plastic269.jpg,,prepared_datasets/combined_6class_plasticmetal_cleaned/train/Plastic/plastic269.jpg,,,,,,,,
cleaned_train_Plastic_plastic270.jpg,CombinedCleaned,image_classification,train,Plastic,Plastic,prepared_datasets/combined_6class_plasticmetal_cleaned/train/Plastic/plastic270.jpg,,prepared_datasets/combined_6class_plasticmetal_cleaned/train/Plastic/plastic270.jpg,,,,,,,,
cleaned_train_Plastic_plastic271.jpg,CombinedCleaned,image_classification,train,Plastic,Plastic,prepared_datasets/combined_6class_plasticmetal_cleaned/train/Plastic/plastic271.jpg,,prepared_datasets/combined_6class_plasticmetal_cleaned/train/Plastic/plastic271.jpg,,,,,,,,
cleaned_train_Plastic_plastic272.jpg,CombinedCleaned,image_classification,train,Plastic,Plastic,prepared_datasets/combined_6class_plasticmetal_cleaned/train/Plastic/plastic272.jpg,,prepared_datasets/combined_6class_plasticmetal_cleaned/train/Plastic/plastic272.jpg,,,,,,,,
cleaned_train_Plastic_plastic275.jpg,CombinedCleaned,image_classification,train,Plastic,Plastic,prepared_datasets/combined_6class_plasticmetal_cleaned/train/Plastic/plastic275.jpg,,prepared_datasets/combined_6class_plasticmetal_cleaned/train/Plastic/plastic275.jpg,,,,,,,,
cleaned_train_Plastic_plastic276.jpg,CombinedCleaned,image_classification,train,Plastic,Plastic,prepared_datasets/combined_6class_plasticmetal_cleaned/train/Plastic/plastic276.jpg,,prepared_datasets/combined_6class_plasticmetal_cleaned/train/Plastic/plastic276.jpg,,,,,,,,
cleaned_train_Plastic_plastic277.jpg,CombinedCleaned,image_classification,train,Plastic,Plastic,prepared_datasets/combined_6class_plasticmetal_cleaned/train/Plastic/plastic277.jpg,,prepared_datasets/combined_6class_plasticmetal_cleaned/train/Plastic/plastic277.jpg,,,,,,,,
cleaned_train_Plastic_plastic278.jpg,CombinedCleaned,image_classification,train,Plastic,Plastic,prepared_datasets/combined_6class_plasticmetal_cleaned/train/Plastic/plastic278.jpg,,prepared_datasets/combined_6class_plasticmetal_cleaned/train/Plastic/plastic278.jpg,,,,,,,,
cleaned_train_Plastic_plastic279.jpg,CombinedCleaned,image_classification,train,Plastic,Plastic,prepared_datasets/combined_6class_plasticmetal_cleaned/train/Plastic/plastic279.jpg,,prepared_datasets/combined_6class_plasticmetal_cleaned/train/Plastic/plastic279.jpg,,,,,,,,
cleaned_train_Plastic_plastic28.jpg,CombinedCleaned,image_classification,train,Plastic,Plastic,prepared_datasets/combined_6class_plasticmetal_cleaned/train/Plastic/plastic28.jpg,,prepared_datasets/combined_6class_plasticmetal_cleaned/train/Plastic/plastic28.jpg,,,,,,,,
cleaned_train_Plastic_plastic280.jpg,CombinedCleaned,image_classification,train,Plastic,Plastic,prepared_datasets/combined_6class_plasticmetal_cleaned/train/Plastic/plastic280.jpg,,prepared_datasets/combined_6class_plasticmetal_cleaned/train/Plastic/plastic280.jpg,,,,,,,,
cleaned_train_Plastic_plastic282.jpg,CombinedCleaned,image_classification,train,Plastic,Plastic,prepared_datasets/combined_6class_plasticmetal_cleaned/train/Plastic/plastic282.jpg,,prepared_datasets/combined_6class_plasticmetal_cleaned/train/Plastic/plastic282.jpg,,,,,,,,
cleaned_train_Plastic_plastic285.jpg,CombinedCleaned,image_classification,train,Plastic,Plastic,prepared_datasets/combined_6class_plasticmetal_cleaned/train/Plastic/plastic285.jpg,,prepared_datasets/combined_6class_plasticmetal_cleaned/train/Plastic/plastic285.jpg,,,,,,,,
cleaned_train_Plastic_plastic286.jpg,CombinedCleaned,image_classification,train,Plastic,Plastic,prepared_datasets/combined_6class_plasticmetal_cleaned/train/Plastic/plastic286.jpg,,prepared_datasets/combined_6class_plasticmetal_cleaned/train/Plastic/plastic286.jpg,,,,,,,,
cleaned_train_Plastic_plastic287.jpg,CombinedCleaned,image_classification,train,Plastic,Plastic,prepared_datasets/combined_6class_plasticmetal_cleaned/train/Plastic/plastic287.jpg,,prepared_datasets/combined_6class_plasticmetal_cleaned/train/Plastic/plastic287.jpg,,,,,,,,
cleaned_train_Plastic_plastic288.jpg,CombinedCleaned,image_classification,train,Plastic,Plastic,prepared_datasets/combined_6class_plasticmetal_cleaned/train/Plastic/plastic288.jpg,,prepared_datasets/combined_6class_plasticmetal_cleaned/train/Plastic/plastic288.jpg,,,,,,,,
cleaned_train_Plastic_plastic289.jpg,CombinedCleaned,image_classification,train,Plastic,Plastic,prepared_datasets/combined_6class_plasticmetal_cleaned/train/Plastic/plastic289.jpg,,prepared_datasets/combined_6class_plasticmetal_cleaned/train/Plastic/plastic289.jpg,,,,,,,,
cleaned_train_Plastic_plastic29.jpg,CombinedCleaned,image_classification,train,Plastic,Plastic,prepared_datasets/combined_6class_plasticmetal_cleaned/train/Plastic/plastic29.jpg,,prepared_datasets/combined_6class_plasticmetal_cleaned/train/Plastic/plastic29.jpg,,,,,,,,
cleaned_train_Plastic_plastic290.jpg,CombinedCleaned,image_classification,train,Plastic,Plastic,prepared_datasets/combined_6class_plasticmetal_cleaned/train/Plastic/plastic290.jpg,,prepared_datasets/combined_6class_plasticmetal_cleaned/train/Plastic/plastic290.jpg,,,,,,,,
cleaned_train_Plastic_plastic291.jpg,CombinedCleaned,image_classification,train,Plastic,Plastic,prepared_datasets/combined_6class_plasticmetal_cleaned/train/Plastic/plastic291.jpg,,prepared_datasets/combined_6class_plasticmetal_cleaned/train/Plastic/plastic291.jpg,,,,,,,,
cleaned_train_Plastic_plastic293.jpg,CombinedCleaned,image_classification,train,Plastic,Plastic,prepared_datasets/combined_6class_plasticmetal_cleaned/train/Plastic/plastic293.jpg,,prepared_datasets/combined_6class_plasticmetal_cleaned/train/Plastic/plastic293.jpg,,,,,,,,
cleaned_train_Plastic_plastic295.jpg,CombinedCleaned,image_classification,train,Plastic,Plastic,prepared_datasets/combined_6class_plasticmetal_cleaned/train/Plastic/plastic295.jpg,,prepared_datasets/combined_6class_plasticmetal_cleaned/train/Plastic/plastic295.jpg,,,,,,,,
cleaned_train_Plastic_plastic296.jpg,CombinedCleaned,image_classification,train,Plastic,Plastic,prepared_datasets/combined_6class_plasticmetal_cleaned/train/Plastic/plastic296.jpg,,prepared_datasets/combined_6class_plasticmetal_cleaned/train/Plastic/plastic296.jpg,,,,,,,,
cleaned_train_Plastic_plastic298.jpg,CombinedCleaned,image_classification,train,Plastic,Plastic,prepared_datasets/combined_6class_plasticmetal_cleaned/train/Plastic/plastic298.jpg,,prepared_datasets/combined_6class_plasticmetal_cleaned/train/Plastic/plastic298.jpg,,,,,,,,
cleaned_train_Plastic_plastic299.jpg,CombinedCleaned,image_classification,train,Plastic,Plastic,prepared_datasets/combined_6class_plasticmetal_cleaned/train/Plastic/plastic299.jpg,,prepared_datasets/combined_6class_plasticmetal_cleaned/train/Plastic/plastic299.jpg,,,,,,,,
cleaned_train_Plastic_plastic3.jpg,CombinedCleaned,image_classification,train,Plastic,Plastic,prepared_datasets/combined_6class_plasticmetal_cleaned/train/Plastic/plastic3.jpg,,prepared_datasets/combined_6class_plasticmetal_cleaned/train/Plastic/plastic3.jpg,,,,,,,,
cleaned_train_Plastic_plastic30.jpg,CombinedCleaned,image_classification,train,Plastic,Plastic,prepared_datasets/combined_6class_plasticmetal_cleaned/train/Plastic/plastic30.jpg,,prepared_datasets/combined_6class_plasticmetal_cleaned/train/Plastic/plastic30.jpg,,,,,,,,
cleaned_train_Plastic_plastic300.jpg,CombinedCleaned,image_classification,train,Plastic,Plastic,prepared_datasets/combined_6class_plasticmetal_cleaned/train/Plastic/plastic300.jpg,,prepared_datasets/combined_6class_plasticmetal_cleaned/train/Plastic/plastic300.jpg,,,,,,,,
cleaned_train_Plastic_plastic301.jpg,CombinedCleaned,image_classification,train,Plastic,Plastic,prepared_datasets/combined_6class_plasticmetal_cleaned/train/Plastic/plastic301.jpg,,prepared_datasets/combined_6class_plasticmetal_cleaned/train/Plastic/plastic301.jpg,,,,,,,,
cleaned_train_Plastic_plastic302.jpg,CombinedCleaned,image_classification,train,Plastic,Plastic,prepared_datasets/combined_6class_plasticmetal_cleaned/train/Plastic/plastic302.jpg,,prepared_datasets/combined_6class_plasticmetal_cleaned/train/Plastic/plastic302.jpg,,,,,,,,
cleaned_train_Plastic_plastic303.jpg,CombinedCleaned,image_classification,train,Plastic,Plastic,prepared_datasets/combined_6class_plasticmetal_cleaned/train/Plastic/plastic303.jpg,,prepared_datasets/combined_6class_plasticmetal_cleaned/train/Plastic/plastic303.jpg,,,,,,,,
cleaned_train_Plastic_plastic304.jpg,CombinedCleaned,image_classification,train,Plastic,Plastic,prepared_datasets/combined_6class_plasticmetal_cleaned/train/Plastic/plastic304.jpg,,prepared_datasets/combined_6class_plasticmetal_cleaned/train/Plastic/plastic304.jpg,,,,,,,,
cleaned_train_Plastic_plastic306.jpg,CombinedCleaned,image_classification,train,Plastic,Plastic,prepared_datasets/combined_6class_plasticmetal_cleaned/train/Plastic/plastic306.jpg,,prepared_datasets/combined_6class_plasticmetal_cleaned/train/Plastic/plastic306.jpg,,,,,,,,
cleaned_train_Plastic_plastic307.jpg,CombinedCleaned,image_classification,train,Plastic,Plastic,prepared_datasets/combined_6class_plasticmetal_cleaned/train/Plastic/plastic307.jpg,,prepared_datasets/combined_6class_plasticmetal_cleaned/train/Plastic/plastic307.jpg,,,,,,,,
cleaned_train_Plastic_plastic309.jpg,CombinedCleaned,image_classification,train,Plastic,Plastic,prepared_datasets/combined_6class_plasticmetal_cleaned/train/Plastic/plastic309.jpg,,prepared_datasets/combined_6class_plasticmetal_cleaned/train/Plastic/plastic309.jpg,,,,,,,,
cleaned_train_Plastic_plastic312.jpg,CombinedCleaned,image_classification,train,Plastic,Plastic,prepared_datasets/combined_6class_plasticmetal_cleaned/train/Plastic/plastic312.jpg,,prepared_datasets/combined_6class_plasticmetal_cleaned/train/Plastic/plastic312.jpg,,,,,,,,
cleaned_train_Plastic_plastic313.jpg,CombinedCleaned,image_classification,train,Plastic,Plastic,prepared_datasets/combined_6class_plasticmetal_cleaned/train/Plastic/plastic313.jpg,,prepared_datasets/combined_6class_plasticmetal_cleaned/train/Plastic/plastic313.jpg,,,,,,,,
cleaned_train_Plastic_plastic314.jpg,CombinedCleaned,image_classification,train,Plastic,Plastic,prepared_datasets/combined_6class_plasticmetal_cleaned/train/Plastic/plastic314.jpg,,prepared_datasets/combined_6class_plasticmetal_cleaned/train/Plastic/plastic314.jpg,,,,,,,,
cleaned_train_Plastic_plastic315.jpg,CombinedCleaned,image_classification,train,Plastic,Plastic,prepared_datasets/combined_6class_plasticmetal_cleaned/train/Plastic/plastic315.jpg,,prepared_datasets/combined_6class_plasticmetal_cleaned/train/Plastic/plastic315.jpg,,,,,,,,
cleaned_train_Plastic_plastic316.jpg,CombinedCleaned,image_classification,train,Plastic,Plastic,prepared_datasets/combined_6class_plasticmetal_cleaned/train/Plastic/plastic316.jpg,,prepared_datasets/combined_6class_plasticmetal_cleaned/train/Plastic/plastic316.jpg,,,,,,,,
cleaned_train_Plastic_plastic317.jpg,CombinedCleaned,image_classification,train,Plastic,Plastic,prepared_datasets/combined_6class_plasticmetal_cleaned/train/Plastic/plastic317.jpg,,prepared_datasets/combined_6class_plasticmetal_cleaned/train/Plastic/plastic317.jpg,,,,,,,,
cleaned_train_Plastic_plastic318.jpg,CombinedCleaned,image_classification,train,Plastic,Plastic,prepared_datasets/combined_6class_plasticmetal_cleaned/train/Plastic/plastic318.jpg,,prepared_datasets/combined_6class_plasticmetal_cleaned/train/Plastic/plastic318.jpg,,,,,,,,
cleaned_train_Plastic_plastic319.jpg,CombinedCleaned,image_classification,train,Plastic,Plastic,prepared_datasets/combined_6class_plasticmetal_cleaned/train/Plastic/plastic319.jpg,,prepared_datasets/combined_6class_plasticmetal_cleaned/train/Plastic/plastic319.jpg,,,,,,,,
cleaned_train_Plastic_plastic32.jpg,CombinedCleaned,image_classification,train,Plastic,Plastic,prepared_datasets/combined_6class_plasticmetal_cleaned/train/Plastic/plastic32.jpg,,prepared_datasets/combined_6class_plasticmetal_cleaned/train/Plastic/plastic32.jpg,,,,,,,,
cleaned_train_Plastic_plastic320.jpg,CombinedCleaned,image_classification,train,Plastic,Plastic,prepared_datasets/combined_6class_plasticmetal_cleaned/train/Plastic/plastic320.jpg,,prepared_datasets/combined_6class_plasticmetal_cleaned/train/Plastic/plastic320.jpg,,,,,,,,
cleaned_train_Plastic_plastic321.jpg,CombinedCleaned,image_classification,train,Plastic,Plastic,prepared_datasets/combined_6class_plasticmetal_cleaned/train/Plastic/plastic321.jpg,,prepared_datasets/combined_6class_plasticmetal_cleaned/train/Plastic/plastic321.jpg,,,,,,,,
cleaned_train_Plastic_plastic322.jpg,CombinedCleaned,image_classification,train,Plastic,Plastic,prepared_datasets/combined_6class_plasticmetal_cleaned/train/Plastic/plastic322.jpg,,prepared_datasets/combined_6class_plasticmetal_cleaned/train/Plastic/plastic322.jpg,,,,,,,,
cleaned_train_Plastic_plastic323.jpg,CombinedCleaned,image_classification,train,Plastic,Plastic,prepared_datasets/combined_6class_plasticmetal_cleaned/train/Plastic/plastic323.jpg,,prepared_datasets/combined_6class_plasticmetal_cleaned/train/Plastic/plastic323.jpg,,,,,,,,
cleaned_train_Plastic_plastic324.jpg,CombinedCleaned,image_classification,train,Plastic,Plastic,prepared_datasets/combined_6class_plasticmetal_cleaned/train/Plastic/plastic324.jpg,,prepared_datasets/combined_6class_plasticmetal_cleaned/train/Plastic/plastic324.jpg,,,,,,,,
cleaned_train_Plastic_plastic325.jpg,CombinedCleaned,image_classification,train,Plastic,Plastic,prepared_datasets/combined_6class_plasticmetal_cleaned/train/Plastic/plastic325.jpg,,prepared_datasets/combined_6class_plasticmetal_cleaned/train/Plastic/plastic325.jpg,,,,,,,,
cleaned_train_Plastic_plastic327.jpg,CombinedCleaned,image_classification,train,Plastic,Plastic,prepared_datasets/combined_6class_plasticmetal_cleaned/train/Plastic/plastic327.jpg,,prepared_datasets/combined_6class_plasticmetal_cleaned/train/Plastic/plastic327.jpg,,,,,,,,
cleaned_train_Plastic_plastic328.jpg,CombinedCleaned,image_classification,train,Plastic,Plastic,prepared_datasets/combined_6class_plasticmetal_cleaned/train/Plastic/plastic328.jpg,,prepared_datasets/combined_6class_plasticmetal_cleaned/train/Plastic/plastic328.jpg,,,,,,,,
cleaned_train_Plastic_plastic330.jpg,CombinedCleaned,image_classification,train,Plastic,Plastic,prepared_datasets/combined_6class_plasticmetal_cleaned/train/Plastic/plastic330.jpg,,prepared_datasets/combined_6class_plasticmetal_cleaned/train/Plastic/plastic330.jpg,,,,,,,,
cleaned_train_Plastic_plastic332.jpg,CombinedCleaned,image_classification,train,Plastic,Plastic,prepared_datasets/combined_6class_plasticmetal_cleaned/train/Plastic/plastic332.jpg,,prepared_datasets/combined_6class_plasticmetal_cleaned/train/Plastic/plastic332.jpg,,,,,,,,
cleaned_train_Plastic_plastic334.jpg,CombinedCleaned,image_classification,train,Plastic,Plastic,prepared_datasets/combined_6class_plasticmetal_cleaned/train/Plastic/plastic334.jpg,,prepared_datasets/combined_6class_plasticmetal_cleaned/train/Plastic/plastic334.jpg,,,,,,,,
cleaned_train_Plastic_plastic335.jpg,CombinedCleaned,image_classification,train,Plastic,Plastic,prepared_datasets/combined_6class_plasticmetal_cleaned/train/Plastic/plastic335.jpg,,prepared_datasets/combined_6class_plasticmetal_cleaned/train/Plastic/plastic335.jpg,,,,,,,,
cleaned_train_Plastic_plastic336.jpg,CombinedCleaned,image_classification,train,Plastic,Plastic,prepared_datasets/combined_6class_plasticmetal_cleaned/train/Plastic/plastic336.jpg,,prepared_datasets/combined_6class_plasticmetal_cleaned/train/Plastic/plastic336.jpg,,,,,,,,
cleaned_train_Plastic_plastic337.jpg,CombinedCleaned,image_classification,train,Plastic,Plastic,prepared_datasets/combined_6class_plasticmetal_cleaned/train/Plastic/plastic337.jpg,,prepared_datasets/combined_6class_plasticmetal_cleaned/train/Plastic/plastic337.jpg,,,,,,,,
cleaned_train_Plastic_plastic338.jpg,CombinedCleaned,image_classification,train,Plastic,Plastic,prepared_datasets/combined_6class_plasticmetal_cleaned/train/Plastic/plastic338.jpg,,prepared_datasets/combined_6class_plasticmetal_cleaned/train/Plastic/plastic338.jpg,,,,,,,,
cleaned_train_Plastic_plastic339.jpg,CombinedCleaned,image_classification,train,Plastic,Plastic,prepared_datasets/combined_6class_plasticmetal_cleaned/train/Plastic/plastic339.jpg,,prepared_datasets/combined_6class_plasticmetal_cleaned/train/Plastic/plastic339.jpg,,,,,,,,
cleaned_train_Plastic_plastic34.jpg,CombinedCleaned,image_classification,train,Plastic,Plastic,prepared_datasets/combined_6class_plasticmetal_cleaned/train/Plastic/plastic34.jpg,,prepared_datasets/combined_6class_plasticmetal_cleaned/train/Plastic/plastic34.jpg,,,,,,,,
cleaned_train_Plastic_plastic340.jpg,CombinedCleaned,image_classification,train,Plastic,Plastic,prepared_datasets/combined_6class_plasticmetal_cleaned/train/Plastic/plastic340.jpg,,prepared_datasets/combined_6class_plasticmetal_cleaned/train/Plastic/plastic340.jpg,,,,,,,,
cleaned_train_Plastic_plastic341.jpg,CombinedCleaned,image_classification,train,Plastic,Plastic,prepared_datasets/combined_6class_plasticmetal_cleaned/train/Plastic/plastic341.jpg,,prepared_datasets/combined_6class_plasticmetal_cleaned/train/Plastic/plastic341.jpg,,,,,,,,
cleaned_train_Plastic_plastic342.jpg,CombinedCleaned,image_classification,train,Plastic,Plastic,prepared_datasets/combined_6class_plasticmetal_cleaned/train/Plastic/plastic342.jpg,,prepared_datasets/combined_6class_plasticmetal_cleaned/train/Plastic/plastic342.jpg,,,,,,,,
cleaned_train_Plastic_plastic343.jpg,CombinedCleaned,image_classification,train,Plastic,Plastic,prepared_datasets/combined_6class_plasticmetal_cleaned/train/Plastic/plastic343.jpg,,prepared_datasets/combined_6class_plasticmetal_cleaned/train/Plastic/plastic343.jpg,,,,,,,,
cleaned_train_Plastic_plastic344.jpg,CombinedCleaned,image_classification,train,Plastic,Plastic,prepared_datasets/combined_6class_plasticmetal_cleaned/train/Plastic/plastic344.jpg,,prepared_datasets/combined_6class_plasticmetal_cleaned/train/Plastic/plastic344.jpg,,,,,,,,
cleaned_train_Plastic_plastic348.jpg,CombinedCleaned,image_classification,train,Plastic,Plastic,prepared_datasets/combined_6class_plasticmetal_cleaned/train/Plastic/plastic348.jpg,,prepared_datasets/combined_6class_plasticmetal_cleaned/train/Plastic/plastic348.jpg,,,,,,,,
cleaned_train_Plastic_plastic349.jpg,CombinedCleaned,image_classification,train,Plastic,Plastic,prepared_datasets/combined_6class_plasticmetal_cleaned/train/Plastic/plastic349.jpg,,prepared_datasets/combined_6class_plasticmetal_cleaned/train/Plastic/plastic349.jpg,,,,,,,,
cleaned_train_Plastic_plastic35.jpg,CombinedCleaned,image_classification,train,Plastic,Plastic,prepared_datasets/combined_6class_plasticmetal_cleaned/train/Plastic/plastic35.jpg,,prepared_datasets/combined_6class_plasticmetal_cleaned/train/Plastic/plastic35.jpg,,,,,,,,
cleaned_train_Plastic_plastic351.jpg,CombinedCleaned,image_classification,train,Plastic,Plastic,prepared_datasets/combined_6class_plasticmetal_cleaned/train/Plastic/plastic351.jpg,,prepared_datasets/combined_6class_plasticmetal_cleaned/train/Plastic/plastic351.jpg,,,,,,,,
cleaned_train_Plastic_plastic352.jpg,CombinedCleaned,image_classification,train,Plastic,Plastic,prepared_datasets/combined_6class_plasticmetal_cleaned/train/Plastic/plastic352.jpg,,prepared_datasets/combined_6class_plasticmetal_cleaned/train/Plastic/plastic352.jpg,,,,,,,,
cleaned_train_Plastic_plastic354.jpg,CombinedCleaned,image_classification,train,Plastic,Plastic,prepared_datasets/combined_6class_plasticmetal_cleaned/train/Plastic/plastic354.jpg,,prepared_datasets/combined_6class_plasticmetal_cleaned/train/Plastic/plastic354.jpg,,,,,,,,
cleaned_train_Plastic_plastic355.jpg,CombinedCleaned,image_classification,train,Plastic,Plastic,prepared_datasets/combined_6class_plasticmetal_cleaned/train/Plastic/plastic355.jpg,,prepared_datasets/combined_6class_plasticmetal_cleaned/train/Plastic/plastic355.jpg,,,,,,,,
cleaned_train_Plastic_plastic357.jpg,CombinedCleaned,image_classification,train,Plastic,Plastic,prepared_datasets/combined_6class_plasticmetal_cleaned/train/Plastic/plastic357.jpg,,prepared_datasets/combined_6class_plasticmetal_cleaned/train/Plastic/plastic357.jpg,,,,,,,,
cleaned_train_Plastic_plastic359.jpg,CombinedCleaned,image_classification,train,Plastic,Plastic,prepared_datasets/combined_6class_plasticmetal_cleaned/train/Plastic/plastic359.jpg,,prepared_datasets/combined_6class_plasticmetal_cleaned/train/Plastic/plastic359.jpg,,,,,,,,
cleaned_train_Plastic_plastic36.jpg,CombinedCleaned,image_classification,train,Plastic,Plastic,prepared_datasets/combined_6class_plasticmetal_cleaned/train/Plastic/plastic36.jpg,,prepared_datasets/combined_6class_plasticmetal_cleaned/train/Plastic/plastic36.jpg,,,,,,,,
cleaned_train_Plastic_plastic361.jpg,CombinedCleaned,image_classification,train,Plastic,Plastic,prepared_datasets/combined_6class_plasticmetal_cleaned/train/Plastic/plastic361.jpg,,prepared_datasets/combined_6class_plasticmetal_cleaned/train/Plastic/plastic361.jpg,,,,,,,,
cleaned_train_Plastic_plastic362.jpg,CombinedCleaned,image_classification,train,Plastic,Plastic,prepared_datasets/combined_6class_plasticmetal_cleaned/train/Plastic/plastic362.jpg,,prepared_datasets/combined_6class_plasticmetal_cleaned/train/Plastic/plastic362.jpg,,,,,,,,
cleaned_train_Plastic_plastic363.jpg,CombinedCleaned,image_classification,train,Plastic,Plastic,prepared_datasets/combined_6class_plasticmetal_cleaned/train/Plastic/plastic363.jpg,,prepared_datasets/combined_6class_plasticmetal_cleaned/train/Plastic/plastic363.jpg,,,,,,,,
cleaned_train_Plastic_plastic364.jpg,CombinedCleaned,image_classification,train,Plastic,Plastic,prepared_datasets/combined_6class_plasticmetal_cleaned/train/Plastic/plastic364.jpg,,prepared_datasets/combined_6class_plasticmetal_cleaned/train/Plastic/plastic364.jpg,,,,,,,,
cleaned_train_Plastic_plastic366.jpg,CombinedCleaned,image_classification,train,Plastic,Plastic,prepared_datasets/combined_6class_plasticmetal_cleaned/train/Plastic/plastic366.jpg,,prepared_datasets/combined_6class_plasticmetal_cleaned/train/Plastic/plastic366.jpg,,,,,,,,
cleaned_train_Plastic_plastic367.jpg,CombinedCleaned,image_classification,train,Plastic,Plastic,prepared_datasets/combined_6class_plasticmetal_cleaned/train/Plastic/plastic367.jpg,,prepared_datasets/combined_6class_plasticmetal_cleaned/train/Plastic/plastic367.jpg,,,,,,,,
cleaned_train_Plastic_plastic37.jpg,CombinedCleaned,image_classification,train,Plastic,Plastic,prepared_datasets/combined_6class_plasticmetal_cleaned/train/Plastic/plastic37.jpg,,prepared_datasets/combined_6class_plasticmetal_cleaned/train/Plastic/plastic37.jpg,,,,,,,,
cleaned_train_Plastic_plastic372.jpg,CombinedCleaned,image_classification,train,Plastic,Plastic,prepared_datasets/combined_6class_plasticmetal_cleaned/train/Plastic/plastic372.jpg,,prepared_datasets/combined_6class_plasticmetal_cleaned/train/Plastic/plastic372.jpg,,,,,,,,
cleaned_train_Plastic_plastic373.jpg,CombinedCleaned,image_classification,train,Plastic,Plastic,prepared_datasets/combined_6class_plasticmetal_cleaned/train/Plastic/plastic373.jpg,,prepared_datasets/combined_6class_plasticmetal_cleaned/train/Plastic/plastic373.jpg,,,,,,,,
cleaned_train_Plastic_plastic374.jpg,CombinedCleaned,image_classification,train,Plastic,Plastic,prepared_datasets/combined_6class_plasticmetal_cleaned/train/Plastic/plastic374.jpg,,prepared_datasets/combined_6class_plasticmetal_cleaned/train/Plastic/plastic374.jpg,,,,,,,,
cleaned_train_Plastic_plastic375.jpg,CombinedCleaned,image_classification,train,Plastic,Plastic,prepared_datasets/combined_6class_plasticmetal_cleaned/train/Plastic/plastic375.jpg,,prepared_datasets/combined_6class_plasticmetal_cleaned/train/Plastic/plastic375.jpg,,,,,,,,
cleaned_train_Plastic_plastic376.jpg,CombinedCleaned,image_classification,train,Plastic,Plastic,prepared_datasets/combined_6class_plasticmetal_cleaned/train/Plastic/plastic376.jpg,,prepared_datasets/combined_6class_plasticmetal_cleaned/train/Plastic/plastic376.jpg,,,,,,,,
cleaned_train_Plastic_plastic379.jpg,CombinedCleaned,image_classification,train,Plastic,Plastic,prepared_datasets/combined_6class_plasticmetal_cleaned/train/Plastic/plastic379.jpg,,prepared_datasets/combined_6class_plasticmetal_cleaned/train/Plastic/plastic379.jpg,,,,,,,,
cleaned_train_Plastic_plastic380.jpg,CombinedCleaned,image_classification,train,Plastic,Plastic,prepared_datasets/combined_6class_plasticmetal_cleaned/train/Plastic/plastic380.jpg,,prepared_datasets/combined_6class_plasticmetal_cleaned/train/Plastic/plastic380.jpg,,,,,,,,
cleaned_train_Plastic_plastic381.jpg,CombinedCleaned,image_classification,train,Plastic,Plastic,prepared_datasets/combined_6class_plasticmetal_cleaned/train/Plastic/plastic381.jpg,,prepared_datasets/combined_6class_plasticmetal_cleaned/train/Plastic/plastic381.jpg,,,,,,,,
cleaned_train_Plastic_plastic382.jpg,CombinedCleaned,image_classification,train,Plastic,Plastic,prepared_datasets/combined_6class_plasticmetal_cleaned/train/Plastic/plastic382.jpg,,prepared_datasets/combined_6class_plasticmetal_cleaned/train/Plastic/plastic382.jpg,,,,,,,,
cleaned_train_Plastic_plastic383.jpg,CombinedCleaned,image_classification,train,Plastic,Plastic,prepared_datasets/combined_6class_plasticmetal_cleaned/train/Plastic/plastic383.jpg,,prepared_datasets/combined_6class_plasticmetal_cleaned/train/Plastic/plastic383.jpg,,,,,,,,
cleaned_train_Plastic_plastic385.jpg,CombinedCleaned,image_classification,train,Plastic,Plastic,prepared_datasets/combined_6class_plasticmetal_cleaned/train/Plastic/plastic385.jpg,,prepared_datasets/combined_6class_plasticmetal_cleaned/train/Plastic/plastic385.jpg,,,,,,,,
cleaned_train_Plastic_plastic386.jpg,CombinedCleaned,image_classification,train,Plastic,Plastic,prepared_datasets/combined_6class_plasticmetal_cleaned/train/Plastic/plastic386.jpg,,prepared_datasets/combined_6class_plasticmetal_cleaned/train/Plastic/plastic386.jpg,,,,,,,,
cleaned_train_Plastic_plastic387.jpg,CombinedCleaned,image_classification,train,Plastic,Plastic,prepared_datasets/combined_6class_plasticmetal_cleaned/train/Plastic/plastic387.jpg,,prepared_datasets/combined_6class_plasticmetal_cleaned/train/Plastic/plastic387.jpg,,,,,,,,
cleaned_train_Plastic_plastic388.jpg,CombinedCleaned,image_classification,train,Plastic,Plastic,prepared_datasets/combined_6class_plasticmetal_cleaned/train/Plastic/plastic388.jpg,,prepared_datasets/combined_6class_plasticmetal_cleaned/train/Plastic/plastic388.jpg,,,,,,,,
cleaned_train_Plastic_plastic39.jpg,CombinedCleaned,image_classification,train,Plastic,Plastic,prepared_datasets/combined_6class_plasticmetal_cleaned/train/Plastic/plastic39.jpg,,prepared_datasets/combined_6class_plasticmetal_cleaned/train/Plastic/plastic39.jpg,,,,,,,,
cleaned_train_Plastic_plastic390.jpg,CombinedCleaned,image_classification,train,Plastic,Plastic,prepared_datasets/combined_6class_plasticmetal_cleaned/train/Plastic/plastic390.jpg,,prepared_datasets/combined_6class_plasticmetal_cleaned/train/Plastic/plastic390.jpg,,,,,,,,
cleaned_train_Plastic_plastic391.jpg,CombinedCleaned,image_classification,train,Plastic,Plastic,prepared_datasets/combined_6class_plasticmetal_cleaned/train/Plastic/plastic391.jpg,,prepared_datasets/combined_6class_plasticmetal_cleaned/train/Plastic/plastic391.jpg,,,,,,,,
cleaned_train_Plastic_plastic393.jpg,CombinedCleaned,image_classification,train,Plastic,Plastic,prepared_datasets/combined_6class_plasticmetal_cleaned/train/Plastic/plastic393.jpg,,prepared_datasets/combined_6class_plasticmetal_cleaned/train/Plastic/plastic393.jpg,,,,,,,,
cleaned_train_Plastic_plastic395.jpg,CombinedCleaned,image_classification,train,Plastic,Plastic,prepared_datasets/combined_6class_plasticmetal_cleaned/train/Plastic/plastic395.jpg,,prepared_datasets/combined_6class_plasticmetal_cleaned/train/Plastic/plastic395.jpg,,,,,,,,
cleaned_train_Plastic_plastic397.jpg,CombinedCleaned,image_classification,train,Plastic,Plastic,prepared_datasets/combined_6class_plasticmetal_cleaned/train/Plastic/plastic397.jpg,,prepared_datasets/combined_6class_plasticmetal_cleaned/train/Plastic/plastic397.jpg,,,,,,,,
cleaned_train_Plastic_plastic4.jpg,CombinedCleaned,image_classification,train,Plastic,Plastic,prepared_datasets/combined_6class_plasticmetal_cleaned/train/Plastic/plastic4.jpg,,prepared_datasets/combined_6class_plasticmetal_cleaned/train/Plastic/plastic4.jpg,,,,,,,,
cleaned_train_Plastic_plastic40.jpg,CombinedCleaned,image_classification,train,Plastic,Plastic,prepared_datasets/combined_6class_plasticmetal_cleaned/train/Plastic/plastic40.jpg,,prepared_datasets/combined_6class_plasticmetal_cleaned/train/Plastic/plastic40.jpg,,,,,,,,
cleaned_train_Plastic_plastic401.jpg,CombinedCleaned,image_classification,train,Plastic,Plastic,prepared_datasets/combined_6class_plasticmetal_cleaned/train/Plastic/plastic401.jpg,,prepared_datasets/combined_6class_plasticmetal_cleaned/train/Plastic/plastic401.jpg,,,,,,,,
cleaned_train_Plastic_plastic402.jpg,CombinedCleaned,image_classification,train,Plastic,Plastic,prepared_datasets/combined_6class_plasticmetal_cleaned/train/Plastic/plastic402.jpg,,prepared_datasets/combined_6class_plasticmetal_cleaned/train/Plastic/plastic402.jpg,,,,,,,,
cleaned_train_Plastic_plastic404.jpg,CombinedCleaned,image_classification,train,Plastic,Plastic,prepared_datasets/combined_6class_plasticmetal_cleaned/train/Plastic/plastic404.jpg,,prepared_datasets/combined_6class_plasticmetal_cleaned/train/Plastic/plastic404.jpg,,,,,,,,
cleaned_train_Plastic_plastic405.jpg,CombinedCleaned,image_classification,train,Plastic,Plastic,prepared_datasets/combined_6class_plasticmetal_cleaned/train/Plastic/plastic405.jpg,,prepared_datasets/combined_6class_plasticmetal_cleaned/train/Plastic/plastic405.jpg,,,,,,,,
cleaned_train_Plastic_plastic406.jpg,CombinedCleaned,image_classification,train,Plastic,Plastic,prepared_datasets/combined_6class_plasticmetal_cleaned/train/Plastic/plastic406.jpg,,prepared_datasets/combined_6class_plasticmetal_cleaned/train/Plastic/plastic406.jpg,,,,,,,,
cleaned_train_Plastic_plastic407.jpg,CombinedCleaned,image_classification,train,Plastic,Plastic,prepared_datasets/combined_6class_plasticmetal_cleaned/train/Plastic/plastic407.jpg,,prepared_datasets/combined_6class_plasticmetal_cleaned/train/Plastic/plastic407.jpg,,,,,,,,
cleaned_train_Plastic_plastic409.jpg,CombinedCleaned,image_classification,train,Plastic,Plastic,prepared_datasets/combined_6class_plasticmetal_cleaned/train/Plastic/plastic409.jpg,,prepared_datasets/combined_6class_plasticmetal_cleaned/train/Plastic/plastic409.jpg,,,,,,,,
cleaned_train_Plastic_plastic41.jpg,CombinedCleaned,image_classification,train,Plastic,Plastic,prepared_datasets/combined_6class_plasticmetal_cleaned/train/Plastic/plastic41.jpg,,prepared_datasets/combined_6class_plasticmetal_cleaned/train/Plastic/plastic41.jpg,,,,,,,,
cleaned_train_Plastic_plastic411.jpg,CombinedCleaned,image_classification,train,Plastic,Plastic,prepared_datasets/combined_6class_plasticmetal_cleaned/train/Plastic/plastic411.jpg,,prepared_datasets/combined_6class_plasticmetal_cleaned/train/Plastic/plastic411.jpg,,,,,,,,
cleaned_train_Plastic_plastic412.jpg,CombinedCleaned,image_classification,train,Plastic,Plastic,prepared_datasets/combined_6class_plasticmetal_cleaned/train/Plastic/plastic412.jpg,,prepared_datasets/combined_6class_plasticmetal_cleaned/train/Plastic/plastic412.jpg,,,,,,,,
cleaned_train_Plastic_plastic415.jpg,CombinedCleaned,image_classification,train,Plastic,Plastic,prepared_datasets/combined_6class_plasticmetal_cleaned/train/Plastic/plastic415.jpg,,prepared_datasets/combined_6class_plasticmetal_cleaned/train/Plastic/plastic415.jpg,,,,,,,,
cleaned_train_Plastic_plastic417.jpg,CombinedCleaned,image_classification,train,Plastic,Plastic,prepared_datasets/combined_6class_plasticmetal_cleaned/train/Plastic/plastic417.jpg,,prepared_datasets/combined_6class_plasticmetal_cleaned/train/Plastic/plastic417.jpg,,,,,,,,
cleaned_train_Plastic_plastic418.jpg,CombinedCleaned,image_classification,train,Plastic,Plastic,prepared_datasets/combined_6class_plasticmetal_cleaned/train/Plastic/plastic418.jpg,,prepared_datasets/combined_6class_plasticmetal_cleaned/train/Plastic/plastic418.jpg,,,,,,,,
cleaned_train_Plastic_plastic419.jpg,CombinedCleaned,image_classification,train,Plastic,Plastic,prepared_datasets/combined_6class_plasticmetal_cleaned/train/Plastic/plastic419.jpg,,prepared_datasets/combined_6class_plasticmetal_cleaned/train/Plastic/plastic419.jpg,,,,,,,,
cleaned_train_Plastic_plastic42.jpg,CombinedCleaned,image_classification,train,Plastic,Plastic,prepared_datasets/combined_6class_plasticmetal_cleaned/train/Plastic/plastic42.jpg,,prepared_datasets/combined_6class_plasticmetal_cleaned/train/Plastic/plastic42.jpg,,,,,,,,
cleaned_train_Plastic_plastic421.jpg,CombinedCleaned,image_classification,train,Plastic,Plastic,prepared_datasets/combined_6class_plasticmetal_cleaned/train/Plastic/plastic421.jpg,,prepared_datasets/combined_6class_plasticmetal_cleaned/train/Plastic/plastic421.jpg,,,,,,,,
cleaned_train_Plastic_plastic425.jpg,CombinedCleaned,image_classification,train,Plastic,Plastic,prepared_datasets/combined_6class_plasticmetal_cleaned/train/Plastic/plastic425.jpg,,prepared_datasets/combined_6class_plasticmetal_cleaned/train/Plastic/plastic425.jpg,,,,,,,,
cleaned_train_Plastic_plastic427.jpg,CombinedCleaned,image_classification,train,Plastic,Plastic,prepared_datasets/combined_6class_plasticmetal_cleaned/train/Plastic/plastic427.jpg,,prepared_datasets/combined_6class_plasticmetal_cleaned/train/Plastic/plastic427.jpg,,,,,,,,
cleaned_train_Plastic_plastic43.jpg,CombinedCleaned,image_classification,train,Plastic,Plastic,prepared_datasets/combined_6class_plasticmetal_cleaned/train/Plastic/plastic43.jpg,,prepared_datasets/combined_6class_plasticmetal_cleaned/train/Plastic/plastic43.jpg,,,,,,,,
cleaned_train_Plastic_plastic430.jpg,CombinedCleaned,image_classification,train,Plastic,Plastic,prepared_datasets/combined_6class_plasticmetal_cleaned/train/Plastic/plastic430.jpg,,prepared_datasets/combined_6class_plasticmetal_cleaned/train/Plastic/plastic430.jpg,,,,,,,,
cleaned_train_Plastic_plastic431.jpg,CombinedCleaned,image_classification,train,Plastic,Plastic,prepared_datasets/combined_6class_plasticmetal_cleaned/train/Plastic/plastic431.jpg,,prepared_datasets/combined_6class_plasticmetal_cleaned/train/Plastic/plastic431.jpg,,,,,,,,
cleaned_train_Plastic_plastic432.jpg,CombinedCleaned,image_classification,train,Plastic,Plastic,prepared_datasets/combined_6class_plasticmetal_cleaned/train/Plastic/plastic432.jpg,,prepared_datasets/combined_6class_plasticmetal_cleaned/train/Plastic/plastic432.jpg,,,,,,,,
cleaned_train_Plastic_plastic434.jpg,CombinedCleaned,image_classification,train,Plastic,Plastic,prepared_datasets/combined_6class_plasticmetal_cleaned/train/Plastic/plastic434.jpg,,prepared_datasets/combined_6class_plasticmetal_cleaned/train/Plastic/plastic434.jpg,,,,,,,,
cleaned_train_Plastic_plastic436.jpg,CombinedCleaned,image_classification,train,Plastic,Plastic,prepared_datasets/combined_6class_plasticmetal_cleaned/train/Plastic/plastic436.jpg,,prepared_datasets/combined_6class_plasticmetal_cleaned/train/Plastic/plastic436.jpg,,,,,,,,
cleaned_train_Plastic_plastic437.jpg,CombinedCleaned,image_classification,train,Plastic,Plastic,prepared_datasets/combined_6class_plasticmetal_cleaned/train/Plastic/plastic437.jpg,,prepared_datasets/combined_6class_plasticmetal_cleaned/train/Plastic/plastic437.jpg,,,,,,,,
cleaned_train_Plastic_plastic438.jpg,CombinedCleaned,image_classification,train,Plastic,Plastic,prepared_datasets/combined_6class_plasticmetal_cleaned/train/Plastic/plastic438.jpg,,prepared_datasets/combined_6class_plasticmetal_cleaned/train/Plastic/plastic438.jpg,,,,,,,,
cleaned_train_Plastic_plastic44.jpg,CombinedCleaned,image_classification,train,Plastic,Plastic,prepared_datasets/combined_6class_plasticmetal_cleaned/train/Plastic/plastic44.jpg,,prepared_datasets/combined_6class_plasticmetal_cleaned/train/Plastic/plastic44.jpg,,,,,,,,
cleaned_train_Plastic_plastic441.jpg,CombinedCleaned,image_classification,train,Plastic,Plastic,prepared_datasets/combined_6class_plasticmetal_cleaned/train/Plastic/plastic441.jpg,,prepared_datasets/combined_6class_plasticmetal_cleaned/train/Plastic/plastic441.jpg,,,,,,,,
cleaned_train_Plastic_plastic442.jpg,CombinedCleaned,image_classification,train,Plastic,Plastic,prepared_datasets/combined_6class_plasticmetal_cleaned/train/Plastic/plastic442.jpg,,prepared_datasets/combined_6class_plasticmetal_cleaned/train/Plastic/plastic442.jpg,,,,,,,,
cleaned_train_Plastic_plastic443.jpg,CombinedCleaned,image_classification,train,Plastic,Plastic,prepared_datasets/combined_6class_plasticmetal_cleaned/train/Plastic/plastic443.jpg,,prepared_datasets/combined_6class_plasticmetal_cleaned/train/Plastic/plastic443.jpg,,,,,,,,
cleaned_train_Plastic_plastic444.jpg,CombinedCleaned,image_classification,train,Plastic,Plastic,prepared_datasets/combined_6class_plasticmetal_cleaned/train/Plastic/plastic444.jpg,,prepared_datasets/combined_6class_plasticmetal_cleaned/train/Plastic/plastic444.jpg,,,,,,,,
cleaned_train_Plastic_plastic445.jpg,CombinedCleaned,image_classification,train,Plastic,Plastic,prepared_datasets/combined_6class_plasticmetal_cleaned/train/Plastic/plastic445.jpg,,prepared_datasets/combined_6class_plasticmetal_cleaned/train/Plastic/plastic445.jpg,,,,,,,,
cleaned_train_Plastic_plastic446.jpg,CombinedCleaned,image_classification,train,Plastic,Plastic,prepared_datasets/combined_6class_plasticmetal_cleaned/train/Plastic/plastic446.jpg,,prepared_datasets/combined_6class_plasticmetal_cleaned/train/Plastic/plastic446.jpg,,,,,,,,
cleaned_train_Plastic_plastic447.jpg,CombinedCleaned,image_classification,train,Plastic,Plastic,prepared_datasets/combined_6class_plasticmetal_cleaned/train/Plastic/plastic447.jpg,,prepared_datasets/combined_6class_plasticmetal_cleaned/train/Plastic/plastic447.jpg,,,,,,,,
cleaned_train_Plastic_plastic448.jpg,CombinedCleaned,image_classification,train,Plastic,Plastic,prepared_datasets/combined_6class_plasticmetal_cleaned/train/Plastic/plastic448.jpg,,prepared_datasets/combined_6class_plasticmetal_cleaned/train/Plastic/plastic448.jpg,,,,,,,,
cleaned_train_Plastic_plastic45.jpg,CombinedCleaned,image_classification,train,Plastic,Plastic,prepared_datasets/combined_6class_plasticmetal_cleaned/train/Plastic/plastic45.jpg,,prepared_datasets/combined_6class_plasticmetal_cleaned/train/Plastic/plastic45.jpg,,,,,,,,
cleaned_train_Plastic_plastic451.jpg,CombinedCleaned,image_classification,train,Plastic,Plastic,prepared_datasets/combined_6class_plasticmetal_cleaned/train/Plastic/plastic451.jpg,,prepared_datasets/combined_6class_plasticmetal_cleaned/train/Plastic/plastic451.jpg,,,,,,,,
cleaned_train_Plastic_plastic452.jpg,CombinedCleaned,image_classification,train,Plastic,Plastic,prepared_datasets/combined_6class_plasticmetal_cleaned/train/Plastic/plastic452.jpg,,prepared_datasets/combined_6class_plasticmetal_cleaned/train/Plastic/plastic452.jpg,,,,,,,,
cleaned_train_Plastic_plastic453.jpg,CombinedCleaned,image_classification,train,Plastic,Plastic,prepared_datasets/combined_6class_plasticmetal_cleaned/train/Plastic/plastic453.jpg,,prepared_datasets/combined_6class_plasticmetal_cleaned/train/Plastic/plastic453.jpg,,,,,,,,
cleaned_train_Plastic_plastic458.jpg,CombinedCleaned,image_classification,train,Plastic,Plastic,prepared_datasets/combined_6class_plasticmetal_cleaned/train/Plastic/plastic458.jpg,,prepared_datasets/combined_6class_plasticmetal_cleaned/train/Plastic/plastic458.jpg,,,,,,,,
cleaned_train_Plastic_plastic46.jpg,CombinedCleaned,image_classification,train,Plastic,Plastic,prepared_datasets/combined_6class_plasticmetal_cleaned/train/Plastic/plastic46.jpg,,prepared_datasets/combined_6class_plasticmetal_cleaned/train/Plastic/plastic46.jpg,,,,,,,,
cleaned_train_Plastic_plastic460.jpg,CombinedCleaned,image_classification,train,Plastic,Plastic,prepared_datasets/combined_6class_plasticmetal_cleaned/train/Plastic/plastic460.jpg,,prepared_datasets/combined_6class_plasticmetal_cleaned/train/Plastic/plastic460.jpg,,,,,,,,
cleaned_train_Plastic_plastic461.jpg,CombinedCleaned,image_classification,train,Plastic,Plastic,prepared_datasets/combined_6class_plasticmetal_cleaned/train/Plastic/plastic461.jpg,,prepared_datasets/combined_6class_plasticmetal_cleaned/train/Plastic/plastic461.jpg,,,,,,,,
cleaned_train_Plastic_plastic462.jpg,CombinedCleaned,image_classification,train,Plastic,Plastic,prepared_datasets/combined_6class_plasticmetal_cleaned/train/Plastic/plastic462.jpg,,prepared_datasets/combined_6class_plasticmetal_cleaned/train/Plastic/plastic462.jpg,,,,,,,,
cleaned_train_Plastic_plastic463.jpg,CombinedCleaned,image_classification,train,Plastic,Plastic,prepared_datasets/combined_6class_plasticmetal_cleaned/train/Plastic/plastic463.jpg,,prepared_datasets/combined_6class_plasticmetal_cleaned/train/Plastic/plastic463.jpg,,,,,,,,
cleaned_train_Plastic_plastic464.jpg,CombinedCleaned,image_classification,train,Plastic,Plastic,prepared_datasets/combined_6class_plasticmetal_cleaned/train/Plastic/plastic464.jpg,,prepared_datasets/combined_6class_plasticmetal_cleaned/train/Plastic/plastic464.jpg,,,,,,,,
cleaned_train_Plastic_plastic465.jpg,CombinedCleaned,image_classification,train,Plastic,Plastic,prepared_datasets/combined_6class_plasticmetal_cleaned/train/Plastic/plastic465.jpg,,prepared_datasets/combined_6class_plasticmetal_cleaned/train/Plastic/plastic465.jpg,,,,,,,,
cleaned_train_Plastic_plastic466.jpg,CombinedCleaned,image_classification,train,Plastic,Plastic,prepared_datasets/combined_6class_plasticmetal_cleaned/train/Plastic/plastic466.jpg,,prepared_datasets/combined_6class_plasticmetal_cleaned/train/Plastic/plastic466.jpg,,,,,,,,
cleaned_train_Plastic_plastic468.jpg,CombinedCleaned,image_classification,train,Plastic,Plastic,prepared_datasets/combined_6class_plasticmetal_cleaned/train/Plastic/plastic468.jpg,,prepared_datasets/combined_6class_plasticmetal_cleaned/train/Plastic/plastic468.jpg,,,,,,,,
cleaned_train_Plastic_plastic469.jpg,CombinedCleaned,image_classification,train,Plastic,Plastic,prepared_datasets/combined_6class_plasticmetal_cleaned/train/Plastic/plastic469.jpg,,prepared_datasets/combined_6class_plasticmetal_cleaned/train/Plastic/plastic469.jpg,,,,,,,,
cleaned_train_Plastic_plastic47.jpg,CombinedCleaned,image_classification,train,Plastic,Plastic,prepared_datasets/combined_6class_plasticmetal_cleaned/train/Plastic/plastic47.jpg,,prepared_datasets/combined_6class_plasticmetal_cleaned/train/Plastic/plastic47.jpg,,,,,,,,
cleaned_train_Plastic_plastic473.jpg,CombinedCleaned,image_classification,train,Plastic,Plastic,prepared_datasets/combined_6class_plasticmetal_cleaned/train/Plastic/plastic473.jpg,,prepared_datasets/combined_6class_plasticmetal_cleaned/train/Plastic/plastic473.jpg,,,,,,,,
cleaned_train_Plastic_plastic474.jpg,CombinedCleaned,image_classification,train,Plastic,Plastic,prepared_datasets/combined_6class_plasticmetal_cleaned/train/Plastic/plastic474.jpg,,prepared_datasets/combined_6class_plasticmetal_cleaned/train/Plastic/plastic474.jpg,,,,,,,,
cleaned_train_Plastic_plastic476.jpg,CombinedCleaned,image_classification,train,Plastic,Plastic,prepared_datasets/combined_6class_plasticmetal_cleaned/train/Plastic/plastic476.jpg,,prepared_datasets/combined_6class_plasticmetal_cleaned/train/Plastic/plastic476.jpg,,,,,,,,
cleaned_train_Plastic_plastic477.jpg,CombinedCleaned,image_classification,train,Plastic,Plastic,prepared_datasets/combined_6class_plasticmetal_cleaned/train/Plastic/plastic477.jpg,,prepared_datasets/combined_6class_plasticmetal_cleaned/train/Plastic/plastic477.jpg,,,,,,,,
cleaned_train_Plastic_plastic478.jpg,CombinedCleaned,image_classification,train,Plastic,Plastic,prepared_datasets/combined_6class_plasticmetal_cleaned/train/Plastic/plastic478.jpg,,prepared_datasets/combined_6class_plasticmetal_cleaned/train/Plastic/plastic478.jpg,,,,,,,,
cleaned_train_Plastic_plastic479.jpg,CombinedCleaned,image_classification,train,Plastic,Plastic,prepared_datasets/combined_6class_plasticmetal_cleaned/train/Plastic/plastic479.jpg,,prepared_datasets/combined_6class_plasticmetal_cleaned/train/Plastic/plastic479.jpg,,,,,,,,
cleaned_train_Plastic_plastic480.jpg,CombinedCleaned,image_classification,train,Plastic,Plastic,prepared_datasets/combined_6class_plasticmetal_cleaned/train/Plastic/plastic480.jpg,,prepared_datasets/combined_6class_plasticmetal_cleaned/train/Plastic/plastic480.jpg,,,,,,,,
cleaned_train_Plastic_plastic481.jpg,CombinedCleaned,image_classification,train,Plastic,Plastic,prepared_datasets/combined_6class_plasticmetal_cleaned/train/Plastic/plastic481.jpg,,prepared_datasets/combined_6class_plasticmetal_cleaned/train/Plastic/plastic481.jpg,,,,,,,,
cleaned_train_Plastic_plastic49.jpg,CombinedCleaned,image_classification,train,Plastic,Plastic,prepared_datasets/combined_6class_plasticmetal_cleaned/train/Plastic/plastic49.jpg,,prepared_datasets/combined_6class_plasticmetal_cleaned/train/Plastic/plastic49.jpg,,,,,,,,
cleaned_train_Plastic_plastic5.jpg,CombinedCleaned,image_classification,train,Plastic,Plastic,prepared_datasets/combined_6class_plasticmetal_cleaned/train/Plastic/plastic5.jpg,,prepared_datasets/combined_6class_plasticmetal_cleaned/train/Plastic/plastic5.jpg,,,,,,,,
cleaned_train_Plastic_plastic50.jpg,CombinedCleaned,image_classification,train,Plastic,Plastic,prepared_datasets/combined_6class_plasticmetal_cleaned/train/Plastic/plastic50.jpg,,prepared_datasets/combined_6class_plasticmetal_cleaned/train/Plastic/plastic50.jpg,,,,,,,,
cleaned_train_Plastic_plastic51.jpg,CombinedCleaned,image_classification,train,Plastic,Plastic,prepared_datasets/combined_6class_plasticmetal_cleaned/train/Plastic/plastic51.jpg,,prepared_datasets/combined_6class_plasticmetal_cleaned/train/Plastic/plastic51.jpg,,,,,,,,
cleaned_train_Plastic_plastic53.jpg,CombinedCleaned,image_classification,train,Plastic,Plastic,prepared_datasets/combined_6class_plasticmetal_cleaned/train/Plastic/plastic53.jpg,,prepared_datasets/combined_6class_plasticmetal_cleaned/train/Plastic/plastic53.jpg,,,,,,,,
cleaned_train_Plastic_plastic54.jpg,CombinedCleaned,image_classification,train,Plastic,Plastic,prepared_datasets/combined_6class_plasticmetal_cleaned/train/Plastic/plastic54.jpg,,prepared_datasets/combined_6class_plasticmetal_cleaned/train/Plastic/plastic54.jpg,,,,,,,,
cleaned_train_Plastic_plastic55.jpg,CombinedCleaned,image_classification,train,Plastic,Plastic,prepared_datasets/combined_6class_plasticmetal_cleaned/train/Plastic/plastic55.jpg,,prepared_datasets/combined_6class_plasticmetal_cleaned/train/Plastic/plastic55.jpg,,,,,,,,
cleaned_train_Plastic_plastic56.jpg,CombinedCleaned,image_classification,train,Plastic,Plastic,prepared_datasets/combined_6class_plasticmetal_cleaned/train/Plastic/plastic56.jpg,,prepared_datasets/combined_6class_plasticmetal_cleaned/train/Plastic/plastic56.jpg,,,,,,,,
cleaned_train_Plastic_plastic57.jpg,CombinedCleaned,image_classification,train,Plastic,Plastic,prepared_datasets/combined_6class_plasticmetal_cleaned/train/Plastic/plastic57.jpg,,prepared_datasets/combined_6class_plasticmetal_cleaned/train/Plastic/plastic57.jpg,,,,,,,,
cleaned_train_Plastic_plastic58.jpg,CombinedCleaned,image_classification,train,Plastic,Plastic,prepared_datasets/combined_6class_plasticmetal_cleaned/train/Plastic/plastic58.jpg,,prepared_datasets/combined_6class_plasticmetal_cleaned/train/Plastic/plastic58.jpg,,,,,,,,
cleaned_train_Plastic_plastic6.jpg,CombinedCleaned,image_classification,train,Plastic,Plastic,prepared_datasets/combined_6class_plasticmetal_cleaned/train/Plastic/plastic6.jpg,,prepared_datasets/combined_6class_plasticmetal_cleaned/train/Plastic/plastic6.jpg,,,,,,,,
cleaned_train_Plastic_plastic60.jpg,CombinedCleaned,image_classification,train,Plastic,Plastic,prepared_datasets/combined_6class_plasticmetal_cleaned/train/Plastic/plastic60.jpg,,prepared_datasets/combined_6class_plasticmetal_cleaned/train/Plastic/plastic60.jpg,,,,,,,,
cleaned_train_Plastic_plastic61.jpg,CombinedCleaned,image_classification,train,Plastic,Plastic,prepared_datasets/combined_6class_plasticmetal_cleaned/train/Plastic/plastic61.jpg,,prepared_datasets/combined_6class_plasticmetal_cleaned/train/Plastic/plastic61.jpg,,,,,,,,
cleaned_train_Plastic_plastic62.jpg,CombinedCleaned,image_classification,train,Plastic,Plastic,prepared_datasets/combined_6class_plasticmetal_cleaned/train/Plastic/plastic62.jpg,,prepared_datasets/combined_6class_plasticmetal_cleaned/train/Plastic/plastic62.jpg,,,,,,,,
cleaned_train_Plastic_plastic64.jpg,CombinedCleaned,image_classification,train,Plastic,Plastic,prepared_datasets/combined_6class_plasticmetal_cleaned/train/Plastic/plastic64.jpg,,prepared_datasets/combined_6class_plasticmetal_cleaned/train/Plastic/plastic64.jpg,,,,,,,,
cleaned_train_Plastic_plastic65.jpg,CombinedCleaned,image_classification,train,Plastic,Plastic,prepared_datasets/combined_6class_plasticmetal_cleaned/train/Plastic/plastic65.jpg,,prepared_datasets/combined_6class_plasticmetal_cleaned/train/Plastic/plastic65.jpg,,,,,,,,
cleaned_train_Plastic_plastic66.jpg,CombinedCleaned,image_classification,train,Plastic,Plastic,prepared_datasets/combined_6class_plasticmetal_cleaned/train/Plastic/plastic66.jpg,,prepared_datasets/combined_6class_plasticmetal_cleaned/train/Plastic/plastic66.jpg,,,,,,,,
cleaned_train_Plastic_plastic68.jpg,CombinedCleaned,image_classification,train,Plastic,Plastic,prepared_datasets/combined_6class_plasticmetal_cleaned/train/Plastic/plastic68.jpg,,prepared_datasets/combined_6class_plasticmetal_cleaned/train/Plastic/plastic68.jpg,,,,,,,,
cleaned_train_Plastic_plastic69.jpg,CombinedCleaned,image_classification,train,Plastic,Plastic,prepared_datasets/combined_6class_plasticmetal_cleaned/train/Plastic/plastic69.jpg,,prepared_datasets/combined_6class_plasticmetal_cleaned/train/Plastic/plastic69.jpg,,,,,,,,
cleaned_train_Plastic_plastic70.jpg,CombinedCleaned,image_classification,train,Plastic,Plastic,prepared_datasets/combined_6class_plasticmetal_cleaned/train/Plastic/plastic70.jpg,,prepared_datasets/combined_6class_plasticmetal_cleaned/train/Plastic/plastic70.jpg,,,,,,,,
cleaned_train_Plastic_plastic71.jpg,CombinedCleaned,image_classification,train,Plastic,Plastic,prepared_datasets/combined_6class_plasticmetal_cleaned/train/Plastic/plastic71.jpg,,prepared_datasets/combined_6class_plasticmetal_cleaned/train/Plastic/plastic71.jpg,,,,,,,,
cleaned_train_Plastic_plastic73.jpg,CombinedCleaned,image_classification,train,Plastic,Plastic,prepared_datasets/combined_6class_plasticmetal_cleaned/train/Plastic/plastic73.jpg,,prepared_datasets/combined_6class_plasticmetal_cleaned/train/Plastic/plastic73.jpg,,,,,,,,
cleaned_train_Plastic_plastic74.jpg,CombinedCleaned,image_classification,train,Plastic,Plastic,prepared_datasets/combined_6class_plasticmetal_cleaned/train/Plastic/plastic74.jpg,,prepared_datasets/combined_6class_plasticmetal_cleaned/train/Plastic/plastic74.jpg,,,,,,,,
cleaned_train_Plastic_plastic75.jpg,CombinedCleaned,image_classification,train,Plastic,Plastic,prepared_datasets/combined_6class_plasticmetal_cleaned/train/Plastic/plastic75.jpg,,prepared_datasets/combined_6class_plasticmetal_cleaned/train/Plastic/plastic75.jpg,,,,,,,,
cleaned_train_Plastic_plastic77.jpg,CombinedCleaned,image_classification,train,Plastic,Plastic,prepared_datasets/combined_6class_plasticmetal_cleaned/train/Plastic/plastic77.jpg,,prepared_datasets/combined_6class_plasticmetal_cleaned/train/Plastic/plastic77.jpg,,,,,,,,
cleaned_train_Plastic_plastic78.jpg,CombinedCleaned,image_classification,train,Plastic,Plastic,prepared_datasets/combined_6class_plasticmetal_cleaned/train/Plastic/plastic78.jpg,,prepared_datasets/combined_6class_plasticmetal_cleaned/train/Plastic/plastic78.jpg,,,,,,,,
cleaned_train_Plastic_plastic79.jpg,CombinedCleaned,image_classification,train,Plastic,Plastic,prepared_datasets/combined_6class_plasticmetal_cleaned/train/Plastic/plastic79.jpg,,prepared_datasets/combined_6class_plasticmetal_cleaned/train/Plastic/plastic79.jpg,,,,,,,,
cleaned_train_Plastic_plastic80.jpg,CombinedCleaned,image_classification,train,Plastic,Plastic,prepared_datasets/combined_6class_plasticmetal_cleaned/train/Plastic/plastic80.jpg,,prepared_datasets/combined_6class_plasticmetal_cleaned/train/Plastic/plastic80.jpg,,,,,,,,
cleaned_train_Plastic_plastic82.jpg,CombinedCleaned,image_classification,train,Plastic,Plastic,prepared_datasets/combined_6class_plasticmetal_cleaned/train/Plastic/plastic82.jpg,,prepared_datasets/combined_6class_plasticmetal_cleaned/train/Plastic/plastic82.jpg,,,,,,,,
cleaned_train_Plastic_plastic85.jpg,CombinedCleaned,image_classification,train,Plastic,Plastic,prepared_datasets/combined_6class_plasticmetal_cleaned/train/Plastic/plastic85.jpg,,prepared_datasets/combined_6class_plasticmetal_cleaned/train/Plastic/plastic85.jpg,,,,,,,,
cleaned_train_Plastic_plastic86.jpg,CombinedCleaned,image_classification,train,Plastic,Plastic,prepared_datasets/combined_6class_plasticmetal_cleaned/train/Plastic/plastic86.jpg,,prepared_datasets/combined_6class_plasticmetal_cleaned/train/Plastic/plastic86.jpg,,,,,,,,
cleaned_train_Plastic_plastic89.jpg,CombinedCleaned,image_classification,train,Plastic,Plastic,prepared_datasets/combined_6class_plasticmetal_cleaned/train/Plastic/plastic89.jpg,,prepared_datasets/combined_6class_plasticmetal_cleaned/train/Plastic/plastic89.jpg,,,,,,,,
cleaned_train_Plastic_plastic9.jpg,CombinedCleaned,image_classification,train,Plastic,Plastic,prepared_datasets/combined_6class_plasticmetal_cleaned/train/Plastic/plastic9.jpg,,prepared_datasets/combined_6class_plasticmetal_cleaned/train/Plastic/plastic9.jpg,,,,,,,,
cleaned_train_Plastic_plastic91.jpg,CombinedCleaned,image_classification,train,Plastic,Plastic,prepared_datasets/combined_6class_plasticmetal_cleaned/train/Plastic/plastic91.jpg,,prepared_datasets/combined_6class_plasticmetal_cleaned/train/Plastic/plastic91.jpg,,,,,,,,
cleaned_train_Plastic_plastic93.jpg,CombinedCleaned,image_classification,train,Plastic,Plastic,prepared_datasets/combined_6class_plasticmetal_cleaned/train/Plastic/plastic93.jpg,,prepared_datasets/combined_6class_plasticmetal_cleaned/train/Plastic/plastic93.jpg,,,,,,,,
cleaned_train_Plastic_plastic95.jpg,CombinedCleaned,image_classification,train,Plastic,Plastic,prepared_datasets/combined_6class_plasticmetal_cleaned/train/Plastic/plastic95.jpg,,prepared_datasets/combined_6class_plasticmetal_cleaned/train/Plastic/plastic95.jpg,,,,,,,,
cleaned_train_Plastic_plastic97.jpg,CombinedCleaned,image_classification,train,Plastic,Plastic,prepared_datasets/combined_6class_plasticmetal_cleaned/train/Plastic/plastic97.jpg,,prepared_datasets/combined_6class_plasticmetal_cleaned/train/Plastic/plastic97.jpg,,,,,,,,
cleaned_train_Plastic_plastic98.jpg,CombinedCleaned,image_classification,train,Plastic,Plastic,prepared_datasets/combined_6class_plasticmetal_cleaned/train/Plastic/plastic98.jpg,,prepared_datasets/combined_6class_plasticmetal_cleaned/train/Plastic/plastic98.jpg,,,,,,,,
cleaned_val_Glass_000013_ann98.jpg,CombinedCleaned,image_classification,val,Glass,Glass,prepared_datasets/combined_6class_plasticmetal_cleaned/val/Glass/000013_ann98.jpg,,prepared_datasets/combined_6class_plasticmetal_cleaned/val/Glass/000013_ann98.jpg,,,,,,,,
cleaned_val_Glass_000025_ann2247.jpg,CombinedCleaned,image_classification,val,Glass,Glass,prepared_datasets/combined_6class_plasticmetal_cleaned/val/Glass/000025_ann2247.jpg,,prepared_datasets/combined_6class_plasticmetal_cleaned/val/Glass/000025_ann2247.jpg,,,,,,,,
cleaned_val_Glass_000036_ann4266.jpg,CombinedCleaned,image_classification,val,Glass,Glass,prepared_datasets/combined_6class_plasticmetal_cleaned/val/Glass/000036_ann4266.jpg,,prepared_datasets/combined_6class_plasticmetal_cleaned/val/Glass/000036_ann4266.jpg,,,,,,,,
cleaned_val_Glass_000048_ann34.jpg,CombinedCleaned,image_classification,val,Glass,Glass,prepared_datasets/combined_6class_plasticmetal_cleaned/val/Glass/000048_ann34.jpg,,prepared_datasets/combined_6class_plasticmetal_cleaned/val/Glass/000048_ann34.jpg,,,,,,,,
cleaned_val_Glass_000050_ann2103.jpg,CombinedCleaned,image_classification,val,Glass,Glass,prepared_datasets/combined_6class_plasticmetal_cleaned/val/Glass/000050_ann2103.jpg,,prepared_datasets/combined_6class_plasticmetal_cleaned/val/Glass/000050_ann2103.jpg,,,,,,,,
cleaned_val_Glass_000082_ann2352.jpg,CombinedCleaned,image_classification,val,Glass,Glass,prepared_datasets/combined_6class_plasticmetal_cleaned/val/Glass/000082_ann2352.jpg,,prepared_datasets/combined_6class_plasticmetal_cleaned/val/Glass/000082_ann2352.jpg,,,,,,,,
cleaned_val_Glass_000089_ann4452.jpg,CombinedCleaned,image_classification,val,Glass,Glass,prepared_datasets/combined_6class_plasticmetal_cleaned/val/Glass/000089_ann4452.jpg,,prepared_datasets/combined_6class_plasticmetal_cleaned/val/Glass/000089_ann4452.jpg,,,,,,,,
cleaned_val_Glass_000093_ann657.jpg,CombinedCleaned,image_classification,val,Glass,Glass,prepared_datasets/combined_6class_plasticmetal_cleaned/val/Glass/000093_ann657.jpg,,prepared_datasets/combined_6class_plasticmetal_cleaned/val/Glass/000093_ann657.jpg,,,,,,,,
cleaned_val_Glass_000097_ann4777.jpg,CombinedCleaned,image_classification,val,Glass,Glass,prepared_datasets/combined_6class_plasticmetal_cleaned/val/Glass/000097_ann4777.jpg,,prepared_datasets/combined_6class_plasticmetal_cleaned/val/Glass/000097_ann4777.jpg,,,,,,,,
cleaned_val_Glass_glass100.jpg,CombinedCleaned,image_classification,val,Glass,Glass,prepared_datasets/combined_6class_plasticmetal_cleaned/val/Glass/glass100.jpg,,prepared_datasets/combined_6class_plasticmetal_cleaned/val/Glass/glass100.jpg,,,,,,,,
cleaned_val_Glass_glass11.jpg,CombinedCleaned,image_classification,val,Glass,Glass,prepared_datasets/combined_6class_plasticmetal_cleaned/val/Glass/glass11.jpg,,prepared_datasets/combined_6class_plasticmetal_cleaned/val/Glass/glass11.jpg,,,,,,,,
cleaned_val_Glass_glass12.jpg,CombinedCleaned,image_classification,val,Glass,Glass,prepared_datasets/combined_6class_plasticmetal_cleaned/val/Glass/glass12.jpg,,prepared_datasets/combined_6class_plasticmetal_cleaned/val/Glass/glass12.jpg,,,,,,,,
cleaned_val_Glass_glass121.jpg,CombinedCleaned,image_classification,val,Glass,Glass,prepared_datasets/combined_6class_plasticmetal_cleaned/val/Glass/glass121.jpg,,prepared_datasets/combined_6class_plasticmetal_cleaned/val/Glass/glass121.jpg,,,,,,,,
cleaned_val_Glass_glass132.jpg,CombinedCleaned,image_classification,val,Glass,Glass,prepared_datasets/combined_6class_plasticmetal_cleaned/val/Glass/glass132.jpg,,prepared_datasets/combined_6class_plasticmetal_cleaned/val/Glass/glass132.jpg,,,,,,,,
cleaned_val_Glass_glass138.jpg,CombinedCleaned,image_classification,val,Glass,Glass,prepared_datasets/combined_6class_plasticmetal_cleaned/val/Glass/glass138.jpg,,prepared_datasets/combined_6class_plasticmetal_cleaned/val/Glass/glass138.jpg,,,,,,,,
cleaned_val_Glass_glass141.jpg,CombinedCleaned,image_classification,val,Glass,Glass,prepared_datasets/combined_6class_plasticmetal_cleaned/val/Glass/glass141.jpg,,prepared_datasets/combined_6class_plasticmetal_cleaned/val/Glass/glass141.jpg,,,,,,,,
cleaned_val_Glass_glass148.jpg,CombinedCleaned,image_classification,val,Glass,Glass,prepared_datasets/combined_6class_plasticmetal_cleaned/val/Glass/glass148.jpg,,prepared_datasets/combined_6class_plasticmetal_cleaned/val/Glass/glass148.jpg,,,,,,,,
cleaned_val_Glass_glass155.jpg,CombinedCleaned,image_classification,val,Glass,Glass,prepared_datasets/combined_6class_plasticmetal_cleaned/val/Glass/glass155.jpg,,prepared_datasets/combined_6class_plasticmetal_cleaned/val/Glass/glass155.jpg,,,,,,,,
cleaned_val_Glass_glass167.jpg,CombinedCleaned,image_classification,val,Glass,Glass,prepared_datasets/combined_6class_plasticmetal_cleaned/val/Glass/glass167.jpg,,prepared_datasets/combined_6class_plasticmetal_cleaned/val/Glass/glass167.jpg,,,,,,,,
cleaned_val_Glass_glass177.jpg,CombinedCleaned,image_classification,val,Glass,Glass,prepared_datasets/combined_6class_plasticmetal_cleaned/val/Glass/glass177.jpg,,prepared_datasets/combined_6class_plasticmetal_cleaned/val/Glass/glass177.jpg,,,,,,,,
cleaned_val_Glass_glass18.jpg,CombinedCleaned,image_classification,val,Glass,Glass,prepared_datasets/combined_6class_plasticmetal_cleaned/val/Glass/glass18.jpg,,prepared_datasets/combined_6class_plasticmetal_cleaned/val/Glass/glass18.jpg,,,,,,,,
cleaned_val_Glass_glass180.jpg,CombinedCleaned,image_classification,val,Glass,Glass,prepared_datasets/combined_6class_plasticmetal_cleaned/val/Glass/glass180.jpg,,prepared_datasets/combined_6class_plasticmetal_cleaned/val/Glass/glass180.jpg,,,,,,,,
cleaned_val_Glass_glass189.jpg,CombinedCleaned,image_classification,val,Glass,Glass,prepared_datasets/combined_6class_plasticmetal_cleaned/val/Glass/glass189.jpg,,prepared_datasets/combined_6class_plasticmetal_cleaned/val/Glass/glass189.jpg,,,,,,,,
cleaned_val_Glass_glass190.jpg,CombinedCleaned,image_classification,val,Glass,Glass,prepared_datasets/combined_6class_plasticmetal_cleaned/val/Glass/glass190.jpg,,prepared_datasets/combined_6class_plasticmetal_cleaned/val/Glass/glass190.jpg,,,,,,,,
cleaned_val_Glass_glass196.jpg,CombinedCleaned,image_classification,val,Glass,Glass,prepared_datasets/combined_6class_plasticmetal_cleaned/val/Glass/glass196.jpg,,prepared_datasets/combined_6class_plasticmetal_cleaned/val/Glass/glass196.jpg,,,,,,,,
cleaned_val_Glass_glass198.jpg,CombinedCleaned,image_classification,val,Glass,Glass,prepared_datasets/combined_6class_plasticmetal_cleaned/val/Glass/glass198.jpg,,prepared_datasets/combined_6class_plasticmetal_cleaned/val/Glass/glass198.jpg,,,,,,,,
cleaned_val_Glass_glass20.jpg,CombinedCleaned,image_classification,val,Glass,Glass,prepared_datasets/combined_6class_plasticmetal_cleaned/val/Glass/glass20.jpg,,prepared_datasets/combined_6class_plasticmetal_cleaned/val/Glass/glass20.jpg,,,,,,,,
cleaned_val_Glass_glass202.jpg,CombinedCleaned,image_classification,val,Glass,Glass,prepared_datasets/combined_6class_plasticmetal_cleaned/val/Glass/glass202.jpg,,prepared_datasets/combined_6class_plasticmetal_cleaned/val/Glass/glass202.jpg,,,,,,,,
cleaned_val_Glass_glass207.jpg,CombinedCleaned,image_classification,val,Glass,Glass,prepared_datasets/combined_6class_plasticmetal_cleaned/val/Glass/glass207.jpg,,prepared_datasets/combined_6class_plasticmetal_cleaned/val/Glass/glass207.jpg,,,,,,,,
cleaned_val_Glass_glass210.jpg,CombinedCleaned,image_classification,val,Glass,Glass,prepared_datasets/combined_6class_plasticmetal_cleaned/val/Glass/glass210.jpg,,prepared_datasets/combined_6class_plasticmetal_cleaned/val/Glass/glass210.jpg,,,,,,,,
cleaned_val_Glass_glass211.jpg,CombinedCleaned,image_classification,val,Glass,Glass,prepared_datasets/combined_6class_plasticmetal_cleaned/val/Glass/glass211.jpg,,prepared_datasets/combined_6class_plasticmetal_cleaned/val/Glass/glass211.jpg,,,,,,,,
cleaned_val_Glass_glass213.jpg,CombinedCleaned,image_classification,val,Glass,Glass,prepared_datasets/combined_6class_plasticmetal_cleaned/val/Glass/glass213.jpg,,prepared_datasets/combined_6class_plasticmetal_cleaned/val/Glass/glass213.jpg,,,,,,,,
cleaned_val_Glass_glass23.jpg,CombinedCleaned,image_classification,val,Glass,Glass,prepared_datasets/combined_6class_plasticmetal_cleaned/val/Glass/glass23.jpg,,prepared_datasets/combined_6class_plasticmetal_cleaned/val/Glass/glass23.jpg,,,,,,,,
cleaned_val_Glass_glass230.jpg,CombinedCleaned,image_classification,val,Glass,Glass,prepared_datasets/combined_6class_plasticmetal_cleaned/val/Glass/glass230.jpg,,prepared_datasets/combined_6class_plasticmetal_cleaned/val/Glass/glass230.jpg,,,,,,,,
cleaned_val_Glass_glass238.jpg,CombinedCleaned,image_classification,val,Glass,Glass,prepared_datasets/combined_6class_plasticmetal_cleaned/val/Glass/glass238.jpg,,prepared_datasets/combined_6class_plasticmetal_cleaned/val/Glass/glass238.jpg,,,,,,,,
cleaned_val_Glass_glass239.jpg,CombinedCleaned,image_classification,val,Glass,Glass,prepared_datasets/combined_6class_plasticmetal_cleaned/val/Glass/glass239.jpg,,prepared_datasets/combined_6class_plasticmetal_cleaned/val/Glass/glass239.jpg,,,,,,,,
cleaned_val_Glass_glass247.jpg,CombinedCleaned,image_classification,val,Glass,Glass,prepared_datasets/combined_6class_plasticmetal_cleaned/val/Glass/glass247.jpg,,prepared_datasets/combined_6class_plasticmetal_cleaned/val/Glass/glass247.jpg,,,,,,,,
cleaned_val_Glass_glass253.jpg,CombinedCleaned,image_classification,val,Glass,Glass,prepared_datasets/combined_6class_plasticmetal_cleaned/val/Glass/glass253.jpg,,prepared_datasets/combined_6class_plasticmetal_cleaned/val/Glass/glass253.jpg,,,,,,,,
cleaned_val_Glass_glass276.jpg,CombinedCleaned,image_classification,val,Glass,Glass,prepared_datasets/combined_6class_plasticmetal_cleaned/val/Glass/glass276.jpg,,prepared_datasets/combined_6class_plasticmetal_cleaned/val/Glass/glass276.jpg,,,,,,,,
cleaned_val_Glass_glass286.jpg,CombinedCleaned,image_classification,val,Glass,Glass,prepared_datasets/combined_6class_plasticmetal_cleaned/val/Glass/glass286.jpg,,prepared_datasets/combined_6class_plasticmetal_cleaned/val/Glass/glass286.jpg,,,,,,,,
cleaned_val_Glass_glass290.jpg,CombinedCleaned,image_classification,val,Glass,Glass,prepared_datasets/combined_6class_plasticmetal_cleaned/val/Glass/glass290.jpg,,prepared_datasets/combined_6class_plasticmetal_cleaned/val/Glass/glass290.jpg,,,,,,,,
cleaned_val_Glass_glass295.jpg,CombinedCleaned,image_classification,val,Glass,Glass,prepared_datasets/combined_6class_plasticmetal_cleaned/val/Glass/glass295.jpg,,prepared_datasets/combined_6class_plasticmetal_cleaned/val/Glass/glass295.jpg,,,,,,,,
cleaned_val_Glass_glass302.jpg,CombinedCleaned,image_classification,val,Glass,Glass,prepared_datasets/combined_6class_plasticmetal_cleaned/val/Glass/glass302.jpg,,prepared_datasets/combined_6class_plasticmetal_cleaned/val/Glass/glass302.jpg,,,,,,,,
cleaned_val_Glass_glass309.jpg,CombinedCleaned,image_classification,val,Glass,Glass,prepared_datasets/combined_6class_plasticmetal_cleaned/val/Glass/glass309.jpg,,prepared_datasets/combined_6class_plasticmetal_cleaned/val/Glass/glass309.jpg,,,,,,,,
cleaned_val_Glass_glass312.jpg,CombinedCleaned,image_classification,val,Glass,Glass,prepared_datasets/combined_6class_plasticmetal_cleaned/val/Glass/glass312.jpg,,prepared_datasets/combined_6class_plasticmetal_cleaned/val/Glass/glass312.jpg,,,,,,,,
cleaned_val_Glass_glass313.jpg,CombinedCleaned,image_classification,val,Glass,Glass,prepared_datasets/combined_6class_plasticmetal_cleaned/val/Glass/glass313.jpg,,prepared_datasets/combined_6class_plasticmetal_cleaned/val/Glass/glass313.jpg,,,,,,,,
cleaned_val_Glass_glass317.jpg,CombinedCleaned,image_classification,val,Glass,Glass,prepared_datasets/combined_6class_plasticmetal_cleaned/val/Glass/glass317.jpg,,prepared_datasets/combined_6class_plasticmetal_cleaned/val/Glass/glass317.jpg,,,,,,,,
cleaned_val_Glass_glass318.jpg,CombinedCleaned,image_classification,val,Glass,Glass,prepared_datasets/combined_6class_plasticmetal_cleaned/val/Glass/glass318.jpg,,prepared_datasets/combined_6class_plasticmetal_cleaned/val/Glass/glass318.jpg,,,,,,,,
cleaned_val_Glass_glass327.jpg,CombinedCleaned,image_classification,val,Glass,Glass,prepared_datasets/combined_6class_plasticmetal_cleaned/val/Glass/glass327.jpg,,prepared_datasets/combined_6class_plasticmetal_cleaned/val/Glass/glass327.jpg,,,,,,,,
cleaned_val_Glass_glass336.jpg,CombinedCleaned,image_classification,val,Glass,Glass,prepared_datasets/combined_6class_plasticmetal_cleaned/val/Glass/glass336.jpg,,prepared_datasets/combined_6class_plasticmetal_cleaned/val/Glass/glass336.jpg,,,,,,,,
cleaned_val_Glass_glass338.jpg,CombinedCleaned,image_classification,val,Glass,Glass,prepared_datasets/combined_6class_plasticmetal_cleaned/val/Glass/glass338.jpg,,prepared_datasets/combined_6class_plasticmetal_cleaned/val/Glass/glass338.jpg,,,,,,,,
cleaned_val_Glass_glass351.jpg,CombinedCleaned,image_classification,val,Glass,Glass,prepared_datasets/combined_6class_plasticmetal_cleaned/val/Glass/glass351.jpg,,prepared_datasets/combined_6class_plasticmetal_cleaned/val/Glass/glass351.jpg,,,,,,,,
cleaned_val_Glass_glass356.jpg,CombinedCleaned,image_classification,val,Glass,Glass,prepared_datasets/combined_6class_plasticmetal_cleaned/val/Glass/glass356.jpg,,prepared_datasets/combined_6class_plasticmetal_cleaned/val/Glass/glass356.jpg,,,,,,,,
cleaned_val_Glass_glass361.jpg,CombinedCleaned,image_classification,val,Glass,Glass,prepared_datasets/combined_6class_plasticmetal_cleaned/val/Glass/glass361.jpg,,prepared_datasets/combined_6class_plasticmetal_cleaned/val/Glass/glass361.jpg,,,,,,,,
cleaned_val_Glass_glass364.jpg,CombinedCleaned,image_classification,val,Glass,Glass,prepared_datasets/combined_6class_plasticmetal_cleaned/val/Glass/glass364.jpg,,prepared_datasets/combined_6class_plasticmetal_cleaned/val/Glass/glass364.jpg,,,,,,,,
cleaned_val_Glass_glass366.jpg,CombinedCleaned,image_classification,val,Glass,Glass,prepared_datasets/combined_6class_plasticmetal_cleaned/val/Glass/glass366.jpg,,prepared_datasets/combined_6class_plasticmetal_cleaned/val/Glass/glass366.jpg,,,,,,,,
cleaned_val_Glass_glass380.jpg,CombinedCleaned,image_classification,val,Glass,Glass,prepared_datasets/combined_6class_plasticmetal_cleaned/val/Glass/glass380.jpg,,prepared_datasets/combined_6class_plasticmetal_cleaned/val/Glass/glass380.jpg,,,,,,,,
cleaned_val_Glass_glass383.jpg,CombinedCleaned,image_classification,val,Glass,Glass,prepared_datasets/combined_6class_plasticmetal_cleaned/val/Glass/glass383.jpg,,prepared_datasets/combined_6class_plasticmetal_cleaned/val/Glass/glass383.jpg,,,,,,,,
cleaned_val_Glass_glass385.jpg,CombinedCleaned,image_classification,val,Glass,Glass,prepared_datasets/combined_6class_plasticmetal_cleaned/val/Glass/glass385.jpg,,prepared_datasets/combined_6class_plasticmetal_cleaned/val/Glass/glass385.jpg,,,,,,,,
cleaned_val_Glass_glass39.jpg,CombinedCleaned,image_classification,val,Glass,Glass,prepared_datasets/combined_6class_plasticmetal_cleaned/val/Glass/glass39.jpg,,prepared_datasets/combined_6class_plasticmetal_cleaned/val/Glass/glass39.jpg,,,,,,,,
cleaned_val_Glass_glass391.jpg,CombinedCleaned,image_classification,val,Glass,Glass,prepared_datasets/combined_6class_plasticmetal_cleaned/val/Glass/glass391.jpg,,prepared_datasets/combined_6class_plasticmetal_cleaned/val/Glass/glass391.jpg,,,,,,,,
cleaned_val_Glass_glass400.jpg,CombinedCleaned,image_classification,val,Glass,Glass,prepared_datasets/combined_6class_plasticmetal_cleaned/val/Glass/glass400.jpg,,prepared_datasets/combined_6class_plasticmetal_cleaned/val/Glass/glass400.jpg,,,,,,,,
cleaned_val_Glass_glass402.jpg,CombinedCleaned,image_classification,val,Glass,Glass,prepared_datasets/combined_6class_plasticmetal_cleaned/val/Glass/glass402.jpg,,prepared_datasets/combined_6class_plasticmetal_cleaned/val/Glass/glass402.jpg,,,,,,,,
cleaned_val_Glass_glass409.jpg,CombinedCleaned,image_classification,val,Glass,Glass,prepared_datasets/combined_6class_plasticmetal_cleaned/val/Glass/glass409.jpg,,prepared_datasets/combined_6class_plasticmetal_cleaned/val/Glass/glass409.jpg,,,,,,,,
cleaned_val_Glass_glass41.jpg,CombinedCleaned,image_classification,val,Glass,Glass,prepared_datasets/combined_6class_plasticmetal_cleaned/val/Glass/glass41.jpg,,prepared_datasets/combined_6class_plasticmetal_cleaned/val/Glass/glass41.jpg,,,,,,,,
cleaned_val_Glass_glass416.jpg,CombinedCleaned,image_classification,val,Glass,Glass,prepared_datasets/combined_6class_plasticmetal_cleaned/val/Glass/glass416.jpg,,prepared_datasets/combined_6class_plasticmetal_cleaned/val/Glass/glass416.jpg,,,,,,,,
cleaned_val_Glass_glass43.jpg,CombinedCleaned,image_classification,val,Glass,Glass,prepared_datasets/combined_6class_plasticmetal_cleaned/val/Glass/glass43.jpg,,prepared_datasets/combined_6class_plasticmetal_cleaned/val/Glass/glass43.jpg,,,,,,,,
cleaned_val_Glass_glass432.jpg,CombinedCleaned,image_classification,val,Glass,Glass,prepared_datasets/combined_6class_plasticmetal_cleaned/val/Glass/glass432.jpg,,prepared_datasets/combined_6class_plasticmetal_cleaned/val/Glass/glass432.jpg,,,,,,,,
cleaned_val_Glass_glass438.jpg,CombinedCleaned,image_classification,val,Glass,Glass,prepared_datasets/combined_6class_plasticmetal_cleaned/val/Glass/glass438.jpg,,prepared_datasets/combined_6class_plasticmetal_cleaned/val/Glass/glass438.jpg,,,,,,,,
cleaned_val_Glass_glass444.jpg,CombinedCleaned,image_classification,val,Glass,Glass,prepared_datasets/combined_6class_plasticmetal_cleaned/val/Glass/glass444.jpg,,prepared_datasets/combined_6class_plasticmetal_cleaned/val/Glass/glass444.jpg,,,,,,,,
cleaned_val_Glass_glass445.jpg,CombinedCleaned,image_classification,val,Glass,Glass,prepared_datasets/combined_6class_plasticmetal_cleaned/val/Glass/glass445.jpg,,prepared_datasets/combined_6class_plasticmetal_cleaned/val/Glass/glass445.jpg,,,,,,,,
cleaned_val_Glass_glass46.jpg,CombinedCleaned,image_classification,val,Glass,Glass,prepared_datasets/combined_6class_plasticmetal_cleaned/val/Glass/glass46.jpg,,prepared_datasets/combined_6class_plasticmetal_cleaned/val/Glass/glass46.jpg,,,,,,,,
cleaned_val_Glass_glass465.jpg,CombinedCleaned,image_classification,val,Glass,Glass,prepared_datasets/combined_6class_plasticmetal_cleaned/val/Glass/glass465.jpg,,prepared_datasets/combined_6class_plasticmetal_cleaned/val/Glass/glass465.jpg,,,,,,,,
cleaned_val_Glass_glass468.jpg,CombinedCleaned,image_classification,val,Glass,Glass,prepared_datasets/combined_6class_plasticmetal_cleaned/val/Glass/glass468.jpg,,prepared_datasets/combined_6class_plasticmetal_cleaned/val/Glass/glass468.jpg,,,,,,,,
cleaned_val_Glass_glass481.jpg,CombinedCleaned,image_classification,val,Glass,Glass,prepared_datasets/combined_6class_plasticmetal_cleaned/val/Glass/glass481.jpg,,prepared_datasets/combined_6class_plasticmetal_cleaned/val/Glass/glass481.jpg,,,,,,,,
cleaned_val_Glass_glass49.jpg,CombinedCleaned,image_classification,val,Glass,Glass,prepared_datasets/combined_6class_plasticmetal_cleaned/val/Glass/glass49.jpg,,prepared_datasets/combined_6class_plasticmetal_cleaned/val/Glass/glass49.jpg,,,,,,,,
cleaned_val_Glass_glass494.jpg,CombinedCleaned,image_classification,val,Glass,Glass,prepared_datasets/combined_6class_plasticmetal_cleaned/val/Glass/glass494.jpg,,prepared_datasets/combined_6class_plasticmetal_cleaned/val/Glass/glass494.jpg,,,,,,,,
cleaned_val_Glass_glass5.jpg,CombinedCleaned,image_classification,val,Glass,Glass,prepared_datasets/combined_6class_plasticmetal_cleaned/val/Glass/glass5.jpg,,prepared_datasets/combined_6class_plasticmetal_cleaned/val/Glass/glass5.jpg,,,,,,,,
cleaned_val_Glass_glass53.jpg,CombinedCleaned,image_classification,val,Glass,Glass,prepared_datasets/combined_6class_plasticmetal_cleaned/val/Glass/glass53.jpg,,prepared_datasets/combined_6class_plasticmetal_cleaned/val/Glass/glass53.jpg,,,,,,,,
cleaned_val_Glass_glass63.jpg,CombinedCleaned,image_classification,val,Glass,Glass,prepared_datasets/combined_6class_plasticmetal_cleaned/val/Glass/glass63.jpg,,prepared_datasets/combined_6class_plasticmetal_cleaned/val/Glass/glass63.jpg,,,,,,,,
cleaned_val_Glass_glass72.jpg,CombinedCleaned,image_classification,val,Glass,Glass,prepared_datasets/combined_6class_plasticmetal_cleaned/val/Glass/glass72.jpg,,prepared_datasets/combined_6class_plasticmetal_cleaned/val/Glass/glass72.jpg,,,,,,,,
cleaned_val_Glass_glass73.jpg,CombinedCleaned,image_classification,val,Glass,Glass,prepared_datasets/combined_6class_plasticmetal_cleaned/val/Glass/glass73.jpg,,prepared_datasets/combined_6class_plasticmetal_cleaned/val/Glass/glass73.jpg,,,,,,,,
cleaned_val_Glass_glass76.jpg,CombinedCleaned,image_classification,val,Glass,Glass,prepared_datasets/combined_6class_plasticmetal_cleaned/val/Glass/glass76.jpg,,prepared_datasets/combined_6class_plasticmetal_cleaned/val/Glass/glass76.jpg,,,,,,,,
cleaned_val_Glass_glass93.jpg,CombinedCleaned,image_classification,val,Glass,Glass,prepared_datasets/combined_6class_plasticmetal_cleaned/val/Glass/glass93.jpg,,prepared_datasets/combined_6class_plasticmetal_cleaned/val/Glass/glass93.jpg,,,,,,,,
cleaned_val_Metal_000007_ann21.jpg,CombinedCleaned,image_classification,val,Metal,Metal,prepared_datasets/combined_6class_plasticmetal_cleaned/val/Metal/000007_ann21.jpg,,prepared_datasets/combined_6class_plasticmetal_cleaned/val/Metal/000007_ann21.jpg,,,,,,,,
cleaned_val_Metal_000011_ann3054.jpg,CombinedCleaned,image_classification,val,Metal,Metal,prepared_datasets/combined_6class_plasticmetal_cleaned/val/Metal/000011_ann3054.jpg,,prepared_datasets/combined_6class_plasticmetal_cleaned/val/Metal/000011_ann3054.jpg,,,,,,,,
cleaned_val_Metal_000012_ann3060.jpg,CombinedCleaned,image_classification,val,Metal,Metal,prepared_datasets/combined_6class_plasticmetal_cleaned/val/Metal/000012_ann3060.jpg,,prepared_datasets/combined_6class_plasticmetal_cleaned/val/Metal/000012_ann3060.jpg,,,,,,,,
cleaned_val_Metal_000012_ann3062.jpg,CombinedCleaned,image_classification,val,Metal,Metal,prepared_datasets/combined_6class_plasticmetal_cleaned/val/Metal/000012_ann3062.jpg,,prepared_datasets/combined_6class_plasticmetal_cleaned/val/Metal/000012_ann3062.jpg,,,,,,,,
cleaned_val_Metal_000014_ann4080.jpg,CombinedCleaned,image_classification,val,Metal,Metal,prepared_datasets/combined_6class_plasticmetal_cleaned/val/Metal/000014_ann4080.jpg,,prepared_datasets/combined_6class_plasticmetal_cleaned/val/Metal/000014_ann4080.jpg,,,,,,,,
cleaned_val_Metal_000014_ann4083.jpg,CombinedCleaned,image_classification,val,Metal,Metal,prepared_datasets/combined_6class_plasticmetal_cleaned/val/Metal/000014_ann4083.jpg,,prepared_datasets/combined_6class_plasticmetal_cleaned/val/Metal/000014_ann4083.jpg,,,,,,,,
cleaned_val_Metal_000017_ann3083.jpg,CombinedCleaned,image_classification,val,Metal,Metal,prepared_datasets/combined_6class_plasticmetal_cleaned/val/Metal/000017_ann3083.jpg,,prepared_datasets/combined_6class_plasticmetal_cleaned/val/Metal/000017_ann3083.jpg,,,,,,,,
cleaned_val_Metal_000020_ann1965.jpg,CombinedCleaned,image_classification,val,Metal,Metal,prepared_datasets/combined_6class_plasticmetal_cleaned/val/Metal/000020_ann1965.jpg,,prepared_datasets/combined_6class_plasticmetal_cleaned/val/Metal/000020_ann1965.jpg,,,,,,,,
cleaned_val_Metal_000026_ann10.jpg,CombinedCleaned,image_classification,val,Metal,Metal,prepared_datasets/combined_6class_plasticmetal_cleaned/val/Metal/000026_ann10.jpg,,prepared_datasets/combined_6class_plasticmetal_cleaned/val/Metal/000026_ann10.jpg,,,,,,,,
cleaned_val_Metal_000027_ann2255.jpg,CombinedCleaned,image_classification,val,Metal,Metal,prepared_datasets/combined_6class_plasticmetal_cleaned/val/Metal/000027_ann2255.jpg,,prepared_datasets/combined_6class_plasticmetal_cleaned/val/Metal/000027_ann2255.jpg,,,,,,,,
cleaned_val_Metal_000029_ann4220.jpg,CombinedCleaned,image_classification,val,Metal,Metal,prepared_datasets/combined_6class_plasticmetal_cleaned/val/Metal/000029_ann4220.jpg,,prepared_datasets/combined_6class_plasticmetal_cleaned/val/Metal/000029_ann4220.jpg,,,,,,,,
cleaned_val_Metal_000035_ann2061.jpg,CombinedCleaned,image_classification,val,Metal,Metal,prepared_datasets/combined_6class_plasticmetal_cleaned/val/Metal/000035_ann2061.jpg,,prepared_datasets/combined_6class_plasticmetal_cleaned/val/Metal/000035_ann2061.jpg,,,,,,,,
cleaned_val_Metal_000035_ann2269.jpg,CombinedCleaned,image_classification,val,Metal,Metal,prepared_datasets/combined_6class_plasticmetal_cleaned/val/Metal/000035_ann2269.jpg,,prepared_datasets/combined_6class_plasticmetal_cleaned/val/Metal/000035_ann2269.jpg,,,,,,,,
cleaned_val_Metal_000036_ann3713.jpg,CombinedCleaned,image_classification,val,Metal,Metal,prepared_datasets/combined_6class_plasticmetal_cleaned/val/Metal/000036_ann3713.jpg,,prepared_datasets/combined_6class_plasticmetal_cleaned/val/Metal/000036_ann3713.jpg,,,,,,,,
cleaned_val_Metal_000045_ann1579.jpg,CombinedCleaned,image_classification,val,Metal,Metal,prepared_datasets/combined_6class_plasticmetal_cleaned/val/Metal/000045_ann1579.jpg,,prepared_datasets/combined_6class_plasticmetal_cleaned/val/Metal/000045_ann1579.jpg,,,,,,,,
cleaned_val_Metal_000047_ann1775.jpg,CombinedCleaned,image_classification,val,Metal,Metal,prepared_datasets/combined_6class_plasticmetal_cleaned/val/Metal/000047_ann1775.jpg,,prepared_datasets/combined_6class_plasticmetal_cleaned/val/Metal/000047_ann1775.jpg,,,,,,,,
cleaned_val_Metal_000048_ann2291.jpg,CombinedCleaned,image_classification,val,Metal,Metal,prepared_datasets/combined_6class_plasticmetal_cleaned/val/Metal/000048_ann2291.jpg,,prepared_datasets/combined_6class_plasticmetal_cleaned/val/Metal/000048_ann2291.jpg,,,,,,,,
cleaned_val_Metal_000054_ann1607.jpg,CombinedCleaned,image_classification,val,Metal,Metal,prepared_datasets/combined_6class_plasticmetal_cleaned/val/Metal/000054_ann1607.jpg,,prepared_datasets/combined_6class_plasticmetal_cleaned/val/Metal/000054_ann1607.jpg,,,,,,,,
cleaned_val_Metal_000057_ann3439.jpg,CombinedCleaned,image_classification,val,Metal,Metal,prepared_datasets/combined_6class_plasticmetal_cleaned/val/Metal/000057_ann3439.jpg,,prepared_datasets/combined_6class_plasticmetal_cleaned/val/Metal/000057_ann3439.jpg,,,,,,,,
cleaned_val_Metal_000057_ann3440.jpg,CombinedCleaned,image_classification,val,Metal,Metal,prepared_datasets/combined_6class_plasticmetal_cleaned/val/Metal/000057_ann3440.jpg,,prepared_datasets/combined_6class_plasticmetal_cleaned/val/Metal/000057_ann3440.jpg,,,,,,,,
cleaned_val_Metal_000060_ann50.jpg,CombinedCleaned,image_classification,val,Metal,Metal,prepared_datasets/combined_6class_plasticmetal_cleaned/val/Metal/000060_ann50.jpg,,prepared_datasets/combined_6class_plasticmetal_cleaned/val/Metal/000060_ann50.jpg,,,,,,,,
cleaned_val_Metal_000061_ann68.jpg,CombinedCleaned,image_classification,val,Metal,Metal,prepared_datasets/combined_6class_plasticmetal_cleaned/val/Metal/000061_ann68.jpg,,prepared_datasets/combined_6class_plasticmetal_cleaned/val/Metal/000061_ann68.jpg,,,,,,,,
cleaned_val_Metal_000065_ann2144.jpg,CombinedCleaned,image_classification,val,Metal,Metal,prepared_datasets/combined_6class_plasticmetal_cleaned/val/Metal/000065_ann2144.jpg,,prepared_datasets/combined_6class_plasticmetal_cleaned/val/Metal/000065_ann2144.jpg,,,,,,,,
cleaned_val_Metal_000079_ann1817.jpg,CombinedCleaned,image_classification,val,Metal,Metal,prepared_datasets/combined_6class_plasticmetal_cleaned/val/Metal/000079_ann1817.jpg,,prepared_datasets/combined_6class_plasticmetal_cleaned/val/Metal/000079_ann1817.jpg,,,,,,,,
cleaned_val_Metal_000082_ann1662.jpg,CombinedCleaned,image_classification,val,Metal,Metal,prepared_datasets/combined_6class_plasticmetal_cleaned/val/Metal/000082_ann1662.jpg,,prepared_datasets/combined_6class_plasticmetal_cleaned/val/Metal/000082_ann1662.jpg,,,,,,,,
cleaned_val_Metal_000103_ann2989.jpg,CombinedCleaned,image_classification,val,Metal,Metal,prepared_datasets/combined_6class_plasticmetal_cleaned/val/Metal/000103_ann2989.jpg,,prepared_datasets/combined_6class_plasticmetal_cleaned/val/Metal/000103_ann2989.jpg,,,,,,,,
cleaned_val_Metal_000111_ann229.jpg,CombinedCleaned,image_classification,val,Metal,Metal,prepared_datasets/combined_6class_plasticmetal_cleaned/val/Metal/000111_ann229.jpg,,prepared_datasets/combined_6class_plasticmetal_cleaned/val/Metal/000111_ann229.jpg,,,,,,,,
cleaned_val_Metal_000127_ann254.jpg,CombinedCleaned,image_classification,val,Metal,Metal,prepared_datasets/combined_6class_plasticmetal_cleaned/val/Metal/000127_ann254.jpg,,prepared_datasets/combined_6class_plasticmetal_cleaned/val/Metal/000127_ann254.jpg,,,,,,,,
cleaned_val_Metal_IMG_4919_ann2613.jpg,CombinedCleaned,image_classification,val,Metal,Metal,prepared_datasets/combined_6class_plasticmetal_cleaned/val/Metal/IMG_4919_ann2613.jpg,,prepared_datasets/combined_6class_plasticmetal_cleaned/val/Metal/IMG_4919_ann2613.jpg,,,,,,,,
cleaned_val_Metal_metal115.jpg,CombinedCleaned,image_classification,val,Metal,Metal,prepared_datasets/combined_6class_plasticmetal_cleaned/val/Metal/metal115.jpg,,prepared_datasets/combined_6class_plasticmetal_cleaned/val/Metal/metal115.jpg,,,,,,,,
cleaned_val_Metal_metal118.jpg,CombinedCleaned,image_classification,val,Metal,Metal,prepared_datasets/combined_6class_plasticmetal_cleaned/val/Metal/metal118.jpg,,prepared_datasets/combined_6class_plasticmetal_cleaned/val/Metal/metal118.jpg,,,,,,,,
cleaned_val_Metal_metal137.jpg,CombinedCleaned,image_classification,val,Metal,Metal,prepared_datasets/combined_6class_plasticmetal_cleaned/val/Metal/metal137.jpg,,prepared_datasets/combined_6class_plasticmetal_cleaned/val/Metal/metal137.jpg,,,,,,,,
cleaned_val_Metal_metal147.jpg,CombinedCleaned,image_classification,val,Metal,Metal,prepared_datasets/combined_6class_plasticmetal_cleaned/val/Metal/metal147.jpg,,prepared_datasets/combined_6class_plasticmetal_cleaned/val/Metal/metal147.jpg,,,,,,,,
cleaned_val_Metal_metal156.jpg,CombinedCleaned,image_classification,val,Metal,Metal,prepared_datasets/combined_6class_plasticmetal_cleaned/val/Metal/metal156.jpg,,prepared_datasets/combined_6class_plasticmetal_cleaned/val/Metal/metal156.jpg,,,,,,,,
cleaned_val_Metal_metal160.jpg,CombinedCleaned,image_classification,val,Metal,Metal,prepared_datasets/combined_6class_plasticmetal_cleaned/val/Metal/metal160.jpg,,prepared_datasets/combined_6class_plasticmetal_cleaned/val/Metal/metal160.jpg,,,,,,,,
cleaned_val_Metal_metal161.jpg,CombinedCleaned,image_classification,val,Metal,Metal,prepared_datasets/combined_6class_plasticmetal_cleaned/val/Metal/metal161.jpg,,prepared_datasets/combined_6class_plasticmetal_cleaned/val/Metal/metal161.jpg,,,,,,,,
cleaned_val_Metal_metal18.jpg,CombinedCleaned,image_classification,val,Metal,Metal,prepared_datasets/combined_6class_plasticmetal_cleaned/val/Metal/metal18.jpg,,prepared_datasets/combined_6class_plasticmetal_cleaned/val/Metal/metal18.jpg,,,,,,,,
cleaned_val_Metal_metal183.jpg,CombinedCleaned,image_classification,val,Metal,Metal,prepared_datasets/combined_6class_plasticmetal_cleaned/val/Metal/metal183.jpg,,prepared_datasets/combined_6class_plasticmetal_cleaned/val/Metal/metal183.jpg,,,,,,,,
cleaned_val_Metal_metal187.jpg,CombinedCleaned,image_classification,val,Metal,Metal,prepared_datasets/combined_6class_plasticmetal_cleaned/val/Metal/metal187.jpg,,prepared_datasets/combined_6class_plasticmetal_cleaned/val/Metal/metal187.jpg,,,,,,,,
cleaned_val_Metal_metal191.jpg,CombinedCleaned,image_classification,val,Metal,Metal,prepared_datasets/combined_6class_plasticmetal_cleaned/val/Metal/metal191.jpg,,prepared_datasets/combined_6class_plasticmetal_cleaned/val/Metal/metal191.jpg,,,,,,,,
cleaned_val_Metal_metal192.jpg,CombinedCleaned,image_classification,val,Metal,Metal,prepared_datasets/combined_6class_plasticmetal_cleaned/val/Metal/metal192.jpg,,prepared_datasets/combined_6class_plasticmetal_cleaned/val/Metal/metal192.jpg,,,,,,,,
cleaned_val_Metal_metal215.jpg,CombinedCleaned,image_classification,val,Metal,Metal,prepared_datasets/combined_6class_plasticmetal_cleaned/val/Metal/metal215.jpg,,prepared_datasets/combined_6class_plasticmetal_cleaned/val/Metal/metal215.jpg,,,,,,,,
cleaned_val_Metal_metal221.jpg,CombinedCleaned,image_classification,val,Metal,Metal,prepared_datasets/combined_6class_plasticmetal_cleaned/val/Metal/metal221.jpg,,prepared_datasets/combined_6class_plasticmetal_cleaned/val/Metal/metal221.jpg,,,,,,,,
cleaned_val_Metal_metal224.jpg,CombinedCleaned,image_classification,val,Metal,Metal,prepared_datasets/combined_6class_plasticmetal_cleaned/val/Metal/metal224.jpg,,prepared_datasets/combined_6class_plasticmetal_cleaned/val/Metal/metal224.jpg,,,,,,,,
cleaned_val_Metal_metal230.jpg,CombinedCleaned,image_classification,val,Metal,Metal,prepared_datasets/combined_6class_plasticmetal_cleaned/val/Metal/metal230.jpg,,prepared_datasets/combined_6class_plasticmetal_cleaned/val/Metal/metal230.jpg,,,,,,,,
cleaned_val_Metal_metal234.jpg,CombinedCleaned,image_classification,val,Metal,Metal,prepared_datasets/combined_6class_plasticmetal_cleaned/val/Metal/metal234.jpg,,prepared_datasets/combined_6class_plasticmetal_cleaned/val/Metal/metal234.jpg,,,,,,,,
cleaned_val_Metal_metal241.jpg,CombinedCleaned,image_classification,val,Metal,Metal,prepared_datasets/combined_6class_plasticmetal_cleaned/val/Metal/metal241.jpg,,prepared_datasets/combined_6class_plasticmetal_cleaned/val/Metal/metal241.jpg,,,,,,,,
cleaned_val_Metal_metal244.jpg,CombinedCleaned,image_classification,val,Metal,Metal,prepared_datasets/combined_6class_plasticmetal_cleaned/val/Metal/metal244.jpg,,prepared_datasets/combined_6class_plasticmetal_cleaned/val/Metal/metal244.jpg,,,,,,,,
cleaned_val_Metal_metal251.jpg,CombinedCleaned,image_classification,val,Metal,Metal,prepared_datasets/combined_6class_plasticmetal_cleaned/val/Metal/metal251.jpg,,prepared_datasets/combined_6class_plasticmetal_cleaned/val/Metal/metal251.jpg,,,,,,,,
cleaned_val_Metal_metal252.jpg,CombinedCleaned,image_classification,val,Metal,Metal,prepared_datasets/combined_6class_plasticmetal_cleaned/val/Metal/metal252.jpg,,prepared_datasets/combined_6class_plasticmetal_cleaned/val/Metal/metal252.jpg,,,,,,,,
cleaned_val_Metal_metal255.jpg,CombinedCleaned,image_classification,val,Metal,Metal,prepared_datasets/combined_6class_plasticmetal_cleaned/val/Metal/metal255.jpg,,prepared_datasets/combined_6class_plasticmetal_cleaned/val/Metal/metal255.jpg,,,,,,,,
cleaned_val_Metal_metal258.jpg,CombinedCleaned,image_classification,val,Metal,Metal,prepared_datasets/combined_6class_plasticmetal_cleaned/val/Metal/metal258.jpg,,prepared_datasets/combined_6class_plasticmetal_cleaned/val/Metal/metal258.jpg,,,,,,,,
cleaned_val_Metal_metal263.jpg,CombinedCleaned,image_classification,val,Metal,Metal,prepared_datasets/combined_6class_plasticmetal_cleaned/val/Metal/metal263.jpg,,prepared_datasets/combined_6class_plasticmetal_cleaned/val/Metal/metal263.jpg,,,,,,,,
cleaned_val_Metal_metal269.jpg,CombinedCleaned,image_classification,val,Metal,Metal,prepared_datasets/combined_6class_plasticmetal_cleaned/val/Metal/metal269.jpg,,prepared_datasets/combined_6class_plasticmetal_cleaned/val/Metal/metal269.jpg,,,,,,,,
cleaned_val_Metal_metal271.jpg,CombinedCleaned,image_classification,val,Metal,Metal,prepared_datasets/combined_6class_plasticmetal_cleaned/val/Metal/metal271.jpg,,prepared_datasets/combined_6class_plasticmetal_cleaned/val/Metal/metal271.jpg,,,,,,,,
cleaned_val_Metal_metal277.jpg,CombinedCleaned,image_classification,val,Metal,Metal,prepared_datasets/combined_6class_plasticmetal_cleaned/val/Metal/metal277.jpg,,prepared_datasets/combined_6class_plasticmetal_cleaned/val/Metal/metal277.jpg,,,,,,,,
cleaned_val_Metal_metal282.jpg,CombinedCleaned,image_classification,val,Metal,Metal,prepared_datasets/combined_6class_plasticmetal_cleaned/val/Metal/metal282.jpg,,prepared_datasets/combined_6class_plasticmetal_cleaned/val/Metal/metal282.jpg,,,,,,,,
cleaned_val_Metal_metal283.jpg,CombinedCleaned,image_classification,val,Metal,Metal,prepared_datasets/combined_6class_plasticmetal_cleaned/val/Metal/metal283.jpg,,prepared_datasets/combined_6class_plasticmetal_cleaned/val/Metal/metal283.jpg,,,,,,,,
cleaned_val_Metal_metal295.jpg,CombinedCleaned,image_classification,val,Metal,Metal,prepared_datasets/combined_6class_plasticmetal_cleaned/val/Metal/metal295.jpg,,prepared_datasets/combined_6class_plasticmetal_cleaned/val/Metal/metal295.jpg,,,,,,,,
cleaned_val_Metal_metal30.jpg,CombinedCleaned,image_classification,val,Metal,Metal,prepared_datasets/combined_6class_plasticmetal_cleaned/val/Metal/metal30.jpg,,prepared_datasets/combined_6class_plasticmetal_cleaned/val/Metal/metal30.jpg,,,,,,,,
cleaned_val_Metal_metal301.jpg,CombinedCleaned,image_classification,val,Metal,Metal,prepared_datasets/combined_6class_plasticmetal_cleaned/val/Metal/metal301.jpg,,prepared_datasets/combined_6class_plasticmetal_cleaned/val/Metal/metal301.jpg,,,,,,,,
cleaned_val_Metal_metal312.jpg,CombinedCleaned,image_classification,val,Metal,Metal,prepared_datasets/combined_6class_plasticmetal_cleaned/val/Metal/metal312.jpg,,prepared_datasets/combined_6class_plasticmetal_cleaned/val/Metal/metal312.jpg,,,,,,,,
cleaned_val_Metal_metal317.jpg,CombinedCleaned,image_classification,val,Metal,Metal,prepared_datasets/combined_6class_plasticmetal_cleaned/val/Metal/metal317.jpg,,prepared_datasets/combined_6class_plasticmetal_cleaned/val/Metal/metal317.jpg,,,,,,,,
cleaned_val_Metal_metal32.jpg,CombinedCleaned,image_classification,val,Metal,Metal,prepared_datasets/combined_6class_plasticmetal_cleaned/val/Metal/metal32.jpg,,prepared_datasets/combined_6class_plasticmetal_cleaned/val/Metal/metal32.jpg,,,,,,,,
cleaned_val_Metal_metal328.jpg,CombinedCleaned,image_classification,val,Metal,Metal,prepared_datasets/combined_6class_plasticmetal_cleaned/val/Metal/metal328.jpg,,prepared_datasets/combined_6class_plasticmetal_cleaned/val/Metal/metal328.jpg,,,,,,,,
cleaned_val_Metal_metal338.jpg,CombinedCleaned,image_classification,val,Metal,Metal,prepared_datasets/combined_6class_plasticmetal_cleaned/val/Metal/metal338.jpg,,prepared_datasets/combined_6class_plasticmetal_cleaned/val/Metal/metal338.jpg,,,,,,,,
cleaned_val_Metal_metal350.jpg,CombinedCleaned,image_classification,val,Metal,Metal,prepared_datasets/combined_6class_plasticmetal_cleaned/val/Metal/metal350.jpg,,prepared_datasets/combined_6class_plasticmetal_cleaned/val/Metal/metal350.jpg,,,,,,,,
cleaned_val_Metal_metal363.jpg,CombinedCleaned,image_classification,val,Metal,Metal,prepared_datasets/combined_6class_plasticmetal_cleaned/val/Metal/metal363.jpg,,prepared_datasets/combined_6class_plasticmetal_cleaned/val/Metal/metal363.jpg,,,,,,,,
cleaned_val_Metal_metal367.jpg,CombinedCleaned,image_classification,val,Metal,Metal,prepared_datasets/combined_6class_plasticmetal_cleaned/val/Metal/metal367.jpg,,prepared_datasets/combined_6class_plasticmetal_cleaned/val/Metal/metal367.jpg,,,,,,,,
cleaned_val_Metal_metal37.jpg,CombinedCleaned,image_classification,val,Metal,Metal,prepared_datasets/combined_6class_plasticmetal_cleaned/val/Metal/metal37.jpg,,prepared_datasets/combined_6class_plasticmetal_cleaned/val/Metal/metal37.jpg,,,,,,,,
cleaned_val_Metal_metal389.jpg,CombinedCleaned,image_classification,val,Metal,Metal,prepared_datasets/combined_6class_plasticmetal_cleaned/val/Metal/metal389.jpg,,prepared_datasets/combined_6class_plasticmetal_cleaned/val/Metal/metal389.jpg,,,,,,,,
cleaned_val_Metal_metal396.jpg,CombinedCleaned,image_classification,val,Metal,Metal,prepared_datasets/combined_6class_plasticmetal_cleaned/val/Metal/metal396.jpg,,prepared_datasets/combined_6class_plasticmetal_cleaned/val/Metal/metal396.jpg,,,,,,,,
cleaned_val_Metal_metal398.jpg,CombinedCleaned,image_classification,val,Metal,Metal,prepared_datasets/combined_6class_plasticmetal_cleaned/val/Metal/metal398.jpg,,prepared_datasets/combined_6class_plasticmetal_cleaned/val/Metal/metal398.jpg,,,,,,,,
cleaned_val_Metal_metal40.jpg,CombinedCleaned,image_classification,val,Metal,Metal,prepared_datasets/combined_6class_plasticmetal_cleaned/val/Metal/metal40.jpg,,prepared_datasets/combined_6class_plasticmetal_cleaned/val/Metal/metal40.jpg,,,,,,,,
cleaned_val_Metal_metal401.jpg,CombinedCleaned,image_classification,val,Metal,Metal,prepared_datasets/combined_6class_plasticmetal_cleaned/val/Metal/metal401.jpg,,prepared_datasets/combined_6class_plasticmetal_cleaned/val/Metal/metal401.jpg,,,,,,,,
cleaned_val_Metal_metal404.jpg,CombinedCleaned,image_classification,val,Metal,Metal,prepared_datasets/combined_6class_plasticmetal_cleaned/val/Metal/metal404.jpg,,prepared_datasets/combined_6class_plasticmetal_cleaned/val/Metal/metal404.jpg,,,,,,,,
cleaned_val_Metal_metal409.jpg,CombinedCleaned,image_classification,val,Metal,Metal,prepared_datasets/combined_6class_plasticmetal_cleaned/val/Metal/metal409.jpg,,prepared_datasets/combined_6class_plasticmetal_cleaned/val/Metal/metal409.jpg,,,,,,,,
cleaned_val_Metal_metal410.jpg,CombinedCleaned,image_classification,val,Metal,Metal,prepared_datasets/combined_6class_plasticmetal_cleaned/val/Metal/metal410.jpg,,prepared_datasets/combined_6class_plasticmetal_cleaned/val/Metal/metal410.jpg,,,,,,,,
cleaned_val_Metal_metal45.jpg,CombinedCleaned,image_classification,val,Metal,Metal,prepared_datasets/combined_6class_plasticmetal_cleaned/val/Metal/metal45.jpg,,prepared_datasets/combined_6class_plasticmetal_cleaned/val/Metal/metal45.jpg,,,,,,,,
cleaned_val_Metal_metal51.jpg,CombinedCleaned,image_classification,val,Metal,Metal,prepared_datasets/combined_6class_plasticmetal_cleaned/val/Metal/metal51.jpg,,prepared_datasets/combined_6class_plasticmetal_cleaned/val/Metal/metal51.jpg,,,,,,,,
cleaned_val_Metal_metal53.jpg,CombinedCleaned,image_classification,val,Metal,Metal,prepared_datasets/combined_6class_plasticmetal_cleaned/val/Metal/metal53.jpg,,prepared_datasets/combined_6class_plasticmetal_cleaned/val/Metal/metal53.jpg,,,,,,,,
cleaned_val_Metal_metal59.jpg,CombinedCleaned,image_classification,val,Metal,Metal,prepared_datasets/combined_6class_plasticmetal_cleaned/val/Metal/metal59.jpg,,prepared_datasets/combined_6class_plasticmetal_cleaned/val/Metal/metal59.jpg,,,,,,,,
cleaned_val_Metal_metal61.jpg,CombinedCleaned,image_classification,val,Metal,Metal,prepared_datasets/combined_6class_plasticmetal_cleaned/val/Metal/metal61.jpg,,prepared_datasets/combined_6class_plasticmetal_cleaned/val/Metal/metal61.jpg,,,,,,,,
cleaned_val_Metal_metal62.jpg,CombinedCleaned,image_classification,val,Metal,Metal,prepared_datasets/combined_6class_plasticmetal_cleaned/val/Metal/metal62.jpg,,prepared_datasets/combined_6class_plasticmetal_cleaned/val/Metal/metal62.jpg,,,,,,,,
cleaned_val_Metal_metal70.jpg,CombinedCleaned,image_classification,val,Metal,Metal,prepared_datasets/combined_6class_plasticmetal_cleaned/val/Metal/metal70.jpg,,prepared_datasets/combined_6class_plasticmetal_cleaned/val/Metal/metal70.jpg,,,,,,,,
cleaned_val_Metal_metal71.jpg,CombinedCleaned,image_classification,val,Metal,Metal,prepared_datasets/combined_6class_plasticmetal_cleaned/val/Metal/metal71.jpg,,prepared_datasets/combined_6class_plasticmetal_cleaned/val/Metal/metal71.jpg,,,,,,,,
cleaned_val_Metal_metal72.jpg,CombinedCleaned,image_classification,val,Metal,Metal,prepared_datasets/combined_6class_plasticmetal_cleaned/val/Metal/metal72.jpg,,prepared_datasets/combined_6class_plasticmetal_cleaned/val/Metal/metal72.jpg,,,,,,,,
cleaned_val_Metal_metal77.jpg,CombinedCleaned,image_classification,val,Metal,Metal,prepared_datasets/combined_6class_plasticmetal_cleaned/val/Metal/metal77.jpg,,prepared_datasets/combined_6class_plasticmetal_cleaned/val/Metal/metal77.jpg,,,,,,,,
cleaned_val_Metal_metal78.jpg,CombinedCleaned,image_classification,val,Metal,Metal,prepared_datasets/combined_6class_plasticmetal_cleaned/val/Metal/metal78.jpg,,prepared_datasets/combined_6class_plasticmetal_cleaned/val/Metal/metal78.jpg,,,,,,,,
cleaned_val_Metal_metal82.jpg,CombinedCleaned,image_classification,val,Metal,Metal,prepared_datasets/combined_6class_plasticmetal_cleaned/val/Metal/metal82.jpg,,prepared_datasets/combined_6class_plasticmetal_cleaned/val/Metal/metal82.jpg,,,,,,,,
cleaned_val_Other_000001_ann689.jpg,CombinedCleaned,image_classification,val,Other,Other,prepared_datasets/combined_6class_plasticmetal_cleaned/val/Other/000001_ann689.jpg,,prepared_datasets/combined_6class_plasticmetal_cleaned/val/Other/000001_ann689.jpg,,,,,,,,
cleaned_val_Other_000005_ann2205.jpg,CombinedCleaned,image_classification,val,Other,Other,prepared_datasets/combined_6class_plasticmetal_cleaned/val/Other/000005_ann2205.jpg,,prepared_datasets/combined_6class_plasticmetal_cleaned/val/Other/000005_ann2205.jpg,,,,,,,,
cleaned_val_Other_000007_ann935.jpg,CombinedCleaned,image_classification,val,Other,Other,prepared_datasets/combined_6class_plasticmetal_cleaned/val/Other/000007_ann935.jpg,,prepared_datasets/combined_6class_plasticmetal_cleaned/val/Other/000007_ann935.jpg,,,,,,,,
cleaned_val_Other_000016_ann2228.jpg,CombinedCleaned,image_classification,val,Other,Other,prepared_datasets/combined_6class_plasticmetal_cleaned/val/Other/000016_ann2228.jpg,,prepared_datasets/combined_6class_plasticmetal_cleaned/val/Other/000016_ann2228.jpg,,,,,,,,
cleaned_val_Other_000020_ann3669.jpg,CombinedCleaned,image_classification,val,Other,Other,prepared_datasets/combined_6class_plasticmetal_cleaned/val/Other/000020_ann3669.jpg,,prepared_datasets/combined_6class_plasticmetal_cleaned/val/Other/000020_ann3669.jpg,,,,,,,,
cleaned_val_Other_000026_ann2254.jpg,CombinedCleaned,image_classification,val,Other,Other,prepared_datasets/combined_6class_plasticmetal_cleaned/val/Other/000026_ann2254.jpg,,prepared_datasets/combined_6class_plasticmetal_cleaned/val/Other/000026_ann2254.jpg,,,,,,,,
cleaned_val_Other_000028_ann757.jpg,CombinedCleaned,image_classification,val,Other,Other,prepared_datasets/combined_6class_plasticmetal_cleaned/val/Other/000028_ann757.jpg,,prepared_datasets/combined_6class_plasticmetal_cleaned/val/Other/000028_ann757.jpg,,,,,,,,
cleaned_val_Other_000031_ann1080.jpg,CombinedCleaned,image_classification,val,Other,Other,prepared_datasets/combined_6class_plasticmetal_cleaned/val/Other/000031_ann1080.jpg,,prepared_datasets/combined_6class_plasticmetal_cleaned/val/Other/000031_ann1080.jpg,,,,,,,,
cleaned_val_Other_000052_ann1783.jpg,CombinedCleaned,image_classification,val,Other,Other,prepared_datasets/combined_6class_plasticmetal_cleaned/val/Other/000052_ann1783.jpg,,prepared_datasets/combined_6class_plasticmetal_cleaned/val/Other/000052_ann1783.jpg,,,,,,,,
cleaned_val_Other_000053_ann1593.jpg,CombinedCleaned,image_classification,val,Other,Other,prepared_datasets/combined_6class_plasticmetal_cleaned/val/Other/000053_ann1593.jpg,,prepared_datasets/combined_6class_plasticmetal_cleaned/val/Other/000053_ann1593.jpg,,,,,,,,
cleaned_val_Other_000054_ann4338.jpg,CombinedCleaned,image_classification,val,Other,Other,prepared_datasets/combined_6class_plasticmetal_cleaned/val/Other/000054_ann4338.jpg,,prepared_datasets/combined_6class_plasticmetal_cleaned/val/Other/000054_ann4338.jpg,,,,,,,,
cleaned_val_Other_000055_ann805.jpg,CombinedCleaned,image_classification,val,Other,Other,prepared_datasets/combined_6class_plasticmetal_cleaned/val/Other/000055_ann805.jpg,,prepared_datasets/combined_6class_plasticmetal_cleaned/val/Other/000055_ann805.jpg,,,,,,,,
cleaned_val_Other_000058_ann3178.jpg,CombinedCleaned,image_classification,val,Other,Other,prepared_datasets/combined_6class_plasticmetal_cleaned/val/Other/000058_ann3178.jpg,,prepared_datasets/combined_6class_plasticmetal_cleaned/val/Other/000058_ann3178.jpg,,,,,,,,
cleaned_val_Other_000063_ann2971.jpg,CombinedCleaned,image_classification,val,Other,Other,prepared_datasets/combined_6class_plasticmetal_cleaned/val/Other/000063_ann2971.jpg,,prepared_datasets/combined_6class_plasticmetal_cleaned/val/Other/000063_ann2971.jpg,,,,,,,,
cleaned_val_Other_000068_ann827.jpg,CombinedCleaned,image_classification,val,Other,Other,prepared_datasets/combined_6class_plasticmetal_cleaned/val/Other/000068_ann827.jpg,,prepared_datasets/combined_6class_plasticmetal_cleaned/val/Other/000068_ann827.jpg,,,,,,,,
cleaned_val_Other_000078_ann3837.jpg,CombinedCleaned,image_classification,val,Other,Other,prepared_datasets/combined_6class_plasticmetal_cleaned/val/Other/000078_ann3837.jpg,,prepared_datasets/combined_6class_plasticmetal_cleaned/val/Other/000078_ann3837.jpg,,,,,,,,
cleaned_val_Other_000078_ann860.jpg,CombinedCleaned,image_classification,val,Other,Other,prepared_datasets/combined_6class_plasticmetal_cleaned/val/Other/000078_ann860.jpg,,prepared_datasets/combined_6class_plasticmetal_cleaned/val/Other/000078_ann860.jpg,,,,,,,,
cleaned_val_Other_000081_ann872.jpg,CombinedCleaned,image_classification,val,Other,Other,prepared_datasets/combined_6class_plasticmetal_cleaned/val/Other/000081_ann872.jpg,,prepared_datasets/combined_6class_plasticmetal_cleaned/val/Other/000081_ann872.jpg,,,,,,,,
cleaned_val_Other_trash102.jpg,CombinedCleaned,image_classification,val,Other,Other,prepared_datasets/combined_6class_plasticmetal_cleaned/val/Other/trash102.jpg,,prepared_datasets/combined_6class_plasticmetal_cleaned/val/Other/trash102.jpg,,,,,,,,
cleaned_val_Other_trash103.jpg,CombinedCleaned,image_classification,val,Other,Other,prepared_datasets/combined_6class_plasticmetal_cleaned/val/Other/trash103.jpg,,prepared_datasets/combined_6class_plasticmetal_cleaned/val/Other/trash103.jpg,,,,,,,,
cleaned_val_Other_trash114.jpg,CombinedCleaned,image_classification,val,Other,Other,prepared_datasets/combined_6class_plasticmetal_cleaned/val/Other/trash114.jpg,,prepared_datasets/combined_6class_plasticmetal_cleaned/val/Other/trash114.jpg,,,,,,,,
cleaned_val_Other_trash116.jpg,CombinedCleaned,image_classification,val,Other,Other,prepared_datasets/combined_6class_plasticmetal_cleaned/val/Other/trash116.jpg,,prepared_datasets/combined_6class_plasticmetal_cleaned/val/Other/trash116.jpg,,,,,,,,
cleaned_val_Other_trash117.jpg,CombinedCleaned,image_classification,val,Other,Other,prepared_datasets/combined_6class_plasticmetal_cleaned/val/Other/trash117.jpg,,prepared_datasets/combined_6class_plasticmetal_cleaned/val/Other/trash117.jpg,,,,,,,,
cleaned_val_Other_trash135.jpg,CombinedCleaned,image_classification,val,Other,Other,prepared_datasets/combined_6class_plasticmetal_cleaned/val/Other/trash135.jpg,,prepared_datasets/combined_6class_plasticmetal_cleaned/val/Other/trash135.jpg,,,,,,,,
cleaned_val_Other_trash136.jpg,CombinedCleaned,image_classification,val,Other,Other,prepared_datasets/combined_6class_plasticmetal_cleaned/val/Other/trash136.jpg,,prepared_datasets/combined_6class_plasticmetal_cleaned/val/Other/trash136.jpg,,,,,,,,
cleaned_val_Other_trash137.jpg,CombinedCleaned,image_classification,val,Other,Other,prepared_datasets/combined_6class_plasticmetal_cleaned/val/Other/trash137.jpg,,prepared_datasets/combined_6class_plasticmetal_cleaned/val/Other/trash137.jpg,,,,,,,,
cleaned_val_Other_trash20.jpg,CombinedCleaned,image_classification,val,Other,Other,prepared_datasets/combined_6class_plasticmetal_cleaned/val/Other/trash20.jpg,,prepared_datasets/combined_6class_plasticmetal_cleaned/val/Other/trash20.jpg,,,,,,,,
cleaned_val_Other_trash28.jpg,CombinedCleaned,image_classification,val,Other,Other,prepared_datasets/combined_6class_plasticmetal_cleaned/val/Other/trash28.jpg,,prepared_datasets/combined_6class_plasticmetal_cleaned/val/Other/trash28.jpg,,,,,,,,
cleaned_val_Other_trash3.jpg,CombinedCleaned,image_classification,val,Other,Other,prepared_datasets/combined_6class_plasticmetal_cleaned/val/Other/trash3.jpg,,prepared_datasets/combined_6class_plasticmetal_cleaned/val/Other/trash3.jpg,,,,,,,,
cleaned_val_Other_trash35.jpg,CombinedCleaned,image_classification,val,Other,Other,prepared_datasets/combined_6class_plasticmetal_cleaned/val/Other/trash35.jpg,,prepared_datasets/combined_6class_plasticmetal_cleaned/val/Other/trash35.jpg,,,,,,,,
cleaned_val_Other_trash46.jpg,CombinedCleaned,image_classification,val,Other,Other,prepared_datasets/combined_6class_plasticmetal_cleaned/val/Other/trash46.jpg,,prepared_datasets/combined_6class_plasticmetal_cleaned/val/Other/trash46.jpg,,,,,,,,
cleaned_val_Other_trash58.jpg,CombinedCleaned,image_classification,val,Other,Other,prepared_datasets/combined_6class_plasticmetal_cleaned/val/Other/trash58.jpg,,prepared_datasets/combined_6class_plasticmetal_cleaned/val/Other/trash58.jpg,,,,,,,,
cleaned_val_Other_trash65.jpg,CombinedCleaned,image_classification,val,Other,Other,prepared_datasets/combined_6class_plasticmetal_cleaned/val/Other/trash65.jpg,,prepared_datasets/combined_6class_plasticmetal_cleaned/val/Other/trash65.jpg,,,,,,,,
cleaned_val_Other_trash68.jpg,CombinedCleaned,image_classification,val,Other,Other,prepared_datasets/combined_6class_plasticmetal_cleaned/val/Other/trash68.jpg,,prepared_datasets/combined_6class_plasticmetal_cleaned/val/Other/trash68.jpg,,,,,,,,
cleaned_val_Other_trash76.jpg,CombinedCleaned,image_classification,val,Other,Other,prepared_datasets/combined_6class_plasticmetal_cleaned/val/Other/trash76.jpg,,prepared_datasets/combined_6class_plasticmetal_cleaned/val/Other/trash76.jpg,,,,,,,,
cleaned_val_Other_trash79.jpg,CombinedCleaned,image_classification,val,Other,Other,prepared_datasets/combined_6class_plasticmetal_cleaned/val/Other/trash79.jpg,,prepared_datasets/combined_6class_plasticmetal_cleaned/val/Other/trash79.jpg,,,,,,,,
cleaned_val_Other_trash81.jpg,CombinedCleaned,image_classification,val,Other,Other,prepared_datasets/combined_6class_plasticmetal_cleaned/val/Other/trash81.jpg,,prepared_datasets/combined_6class_plasticmetal_cleaned/val/Other/trash81.jpg,,,,,,,,
cleaned_val_Other_trash82.jpg,CombinedCleaned,image_classification,val,Other,Other,prepared_datasets/combined_6class_plasticmetal_cleaned/val/Other/trash82.jpg,,prepared_datasets/combined_6class_plasticmetal_cleaned/val/Other/trash82.jpg,,,,,,,,
cleaned_val_PaperCardboard_000002_ann3575.jpg,CombinedCleaned,image_classification,val,PaperCardboard,PaperCardboard,prepared_datasets/combined_6class_plasticmetal_cleaned/val/PaperCardboard/000002_ann3575.jpg,,prepared_datasets/combined_6class_plasticmetal_cleaned/val/PaperCardboard/000002_ann3575.jpg,,,,,,,,
cleaned_val_PaperCardboard_000007_ann1899.jpg,CombinedCleaned,image_classification,val,PaperCardboard,PaperCardboard,prepared_datasets/combined_6class_plasticmetal_cleaned/val/PaperCardboard/000007_ann1899.jpg,,prepared_datasets/combined_6class_plasticmetal_cleaned/val/PaperCardboard/000007_ann1899.jpg,,,,,,,,
cleaned_val_PaperCardboard_000008_ann2215.jpg,CombinedCleaned,image_classification,val,PaperCardboard,PaperCardboard,prepared_datasets/combined_6class_plasticmetal_cleaned/val/PaperCardboard/000008_ann2215.jpg,,prepared_datasets/combined_6class_plasticmetal_cleaned/val/PaperCardboard/000008_ann2215.jpg,,,,,,,,
cleaned_val_PaperCardboard_000010_ann715.jpg,CombinedCleaned,image_classification,val,PaperCardboard,PaperCardboard,prepared_datasets/combined_6class_plasticmetal_cleaned/val/PaperCardboard/000010_ann715.jpg,,prepared_datasets/combined_6class_plasticmetal_cleaned/val/PaperCardboard/000010_ann715.jpg,,,,,,,,
cleaned_val_PaperCardboard_000011_ann719.jpg,CombinedCleaned,image_classification,val,PaperCardboard,PaperCardboard,prepared_datasets/combined_6class_plasticmetal_cleaned/val/PaperCardboard/000011_ann719.jpg,,prepared_datasets/combined_6class_plasticmetal_cleaned/val/PaperCardboard/000011_ann719.jpg,,,,,,,,
cleaned_val_PaperCardboard_000013_ann3657.jpg,CombinedCleaned,image_classification,val,PaperCardboard,PaperCardboard,prepared_datasets/combined_6class_plasticmetal_cleaned/val/PaperCardboard/000013_ann3657.jpg,,prepared_datasets/combined_6class_plasticmetal_cleaned/val/PaperCardboard/000013_ann3657.jpg,,,,,,,,
cleaned_val_PaperCardboard_000014_ann724.jpg,CombinedCleaned,image_classification,val,PaperCardboard,PaperCardboard,prepared_datasets/combined_6class_plasticmetal_cleaned/val/PaperCardboard/000014_ann724.jpg,,prepared_datasets/combined_6class_plasticmetal_cleaned/val/PaperCardboard/000014_ann724.jpg,,,,,,,,
cleaned_val_PaperCardboard_000020_ann1729.jpg,CombinedCleaned,image_classification,val,PaperCardboard,PaperCardboard,prepared_datasets/combined_6class_plasticmetal_cleaned/val/PaperCardboard/000020_ann1729.jpg,,prepared_datasets/combined_6class_plasticmetal_cleaned/val/PaperCardboard/000020_ann1729.jpg,,,,,,,,
cleaned_val_PaperCardboard_000022_ann3097.jpg,CombinedCleaned,image_classification,val,PaperCardboard,PaperCardboard,prepared_datasets/combined_6class_plasticmetal_cleaned/val/PaperCardboard/000022_ann3097.jpg,,prepared_datasets/combined_6class_plasticmetal_cleaned/val/PaperCardboard/000022_ann3097.jpg,,,,,,,,
cleaned_val_PaperCardboard_000030_ann2366.jpg,CombinedCleaned,image_classification,val,PaperCardboard,PaperCardboard,prepared_datasets/combined_6class_plasticmetal_cleaned/val/PaperCardboard/000030_ann2366.jpg,,prepared_datasets/combined_6class_plasticmetal_cleaned/val/PaperCardboard/000030_ann2366.jpg,,,,,,,,
cleaned_val_PaperCardboard_000040_ann783.jpg,CombinedCleaned,image_classification,val,PaperCardboard,PaperCardboard,prepared_datasets/combined_6class_plasticmetal_cleaned/val/PaperCardboard/000040_ann783.jpg,,prepared_datasets/combined_6class_plasticmetal_cleaned/val/PaperCardboard/000040_ann783.jpg,,,,,,,,
cleaned_val_PaperCardboard_000047_ann4296.jpg,CombinedCleaned,image_classification,val,PaperCardboard,PaperCardboard,prepared_datasets/combined_6class_plasticmetal_cleaned/val/PaperCardboard/000047_ann4296.jpg,,prepared_datasets/combined_6class_plasticmetal_cleaned/val/PaperCardboard/000047_ann4296.jpg,,,,,,,,
cleaned_val_PaperCardboard_000049_ann3159.jpg,CombinedCleaned,image_classification,val,PaperCardboard,PaperCardboard,prepared_datasets/combined_6class_plasticmetal_cleaned/val/PaperCardboard/000049_ann3159.jpg,,prepared_datasets/combined_6class_plasticmetal_cleaned/val/PaperCardboard/000049_ann3159.jpg,,,,,,,,
cleaned_val_PaperCardboard_000056_ann3425.jpg,CombinedCleaned,image_classification,val,PaperCardboard,PaperCardboard,prepared_datasets/combined_6class_plasticmetal_cleaned/val/PaperCardboard/000056_ann3425.jpg,,prepared_datasets/combined_6class_plasticmetal_cleaned/val/PaperCardboard/000056_ann3425.jpg,,,,,,,,
cleaned_val_PaperCardboard_000059_ann3419.jpg,CombinedCleaned,image_classification,val,PaperCardboard,PaperCardboard,prepared_datasets/combined_6class_plasticmetal_cleaned/val/PaperCardboard/000059_ann3419.jpg,,prepared_datasets/combined_6class_plasticmetal_cleaned/val/PaperCardboard/000059_ann3419.jpg,,,,,,,,
cleaned_val_PaperCardboard_000063_ann2972.jpg,CombinedCleaned,image_classification,val,PaperCardboard,PaperCardboard,prepared_datasets/combined_6class_plasticmetal_cleaned/val/PaperCardboard/000063_ann2972.jpg,,prepared_datasets/combined_6class_plasticmetal_cleaned/val/PaperCardboard/000063_ann2972.jpg,,,,,,,,
cleaned_val_PaperCardboard_000067_ann132.jpg,CombinedCleaned,image_classification,val,PaperCardboard,PaperCardboard,prepared_datasets/combined_6class_plasticmetal_cleaned/val/PaperCardboard/000067_ann132.jpg,,prepared_datasets/combined_6class_plasticmetal_cleaned/val/PaperCardboard/000067_ann132.jpg,,,,,,,,
cleaned_val_PaperCardboard_000075_ann4427.jpg,CombinedCleaned,image_classification,val,PaperCardboard,PaperCardboard,prepared_datasets/combined_6class_plasticmetal_cleaned/val/PaperCardboard/000075_ann4427.jpg,,prepared_datasets/combined_6class_plasticmetal_cleaned/val/PaperCardboard/000075_ann4427.jpg,,,,,,,,
cleaned_val_PaperCardboard_000076_ann2178.jpg,CombinedCleaned,image_classification,val,PaperCardboard,PaperCardboard,prepared_datasets/combined_6class_plasticmetal_cleaned/val/PaperCardboard/000076_ann2178.jpg,,prepared_datasets/combined_6class_plasticmetal_cleaned/val/PaperCardboard/000076_ann2178.jpg,,,,,,,,
cleaned_val_PaperCardboard_000083_ann2359.jpg,CombinedCleaned,image_classification,val,PaperCardboard,PaperCardboard,prepared_datasets/combined_6class_plasticmetal_cleaned/val/PaperCardboard/000083_ann2359.jpg,,prepared_datasets/combined_6class_plasticmetal_cleaned/val/PaperCardboard/000083_ann2359.jpg,,,,,,,,
cleaned_val_PaperCardboard_000085_ann623.jpg,CombinedCleaned,image_classification,val,PaperCardboard,PaperCardboard,prepared_datasets/combined_6class_plasticmetal_cleaned/val/PaperCardboard/000085_ann623.jpg,,prepared_datasets/combined_6class_plasticmetal_cleaned/val/PaperCardboard/000085_ann623.jpg,,,,,,,,
cleaned_val_PaperCardboard_000088_ann635.jpg,CombinedCleaned,image_classification,val,PaperCardboard,PaperCardboard,prepared_datasets/combined_6class_plasticmetal_cleaned/val/PaperCardboard/000088_ann635.jpg,,prepared_datasets/combined_6class_plasticmetal_cleaned/val/PaperCardboard/000088_ann635.jpg,,,,,,,,
cleaned_val_PaperCardboard_000092_ann166.jpg,CombinedCleaned,image_classification,val,PaperCardboard,PaperCardboard,prepared_datasets/combined_6class_plasticmetal_cleaned/val/PaperCardboard/000092_ann166.jpg,,prepared_datasets/combined_6class_plasticmetal_cleaned/val/PaperCardboard/000092_ann166.jpg,,,,,,,,
cleaned_val_PaperCardboard_000095_ann1849.jpg,CombinedCleaned,image_classification,val,PaperCardboard,PaperCardboard,prepared_datasets/combined_6class_plasticmetal_cleaned/val/PaperCardboard/000095_ann1849.jpg,,prepared_datasets/combined_6class_plasticmetal_cleaned/val/PaperCardboard/000095_ann1849.jpg,,,,,,,,
cleaned_val_PaperCardboard_000096_ann3259.jpg,CombinedCleaned,image_classification,val,PaperCardboard,PaperCardboard,prepared_datasets/combined_6class_plasticmetal_cleaned/val/PaperCardboard/000096_ann3259.jpg,,prepared_datasets/combined_6class_plasticmetal_cleaned/val/PaperCardboard/000096_ann3259.jpg,,,,,,,,
cleaned_val_PaperCardboard_000098_ann1424.jpg,CombinedCleaned,image_classification,val,PaperCardboard,PaperCardboard,prepared_datasets/combined_6class_plasticmetal_cleaned/val/PaperCardboard/000098_ann1424.jpg,,prepared_datasets/combined_6class_plasticmetal_cleaned/val/PaperCardboard/000098_ann1424.jpg,,,,,,,,
cleaned_val_PaperCardboard_000102_ann201.jpg,CombinedCleaned,image_classification,val,PaperCardboard,PaperCardboard,prepared_datasets/combined_6class_plasticmetal_cleaned/val/PaperCardboard/000102_ann201.jpg,,prepared_datasets/combined_6class_plasticmetal_cleaned/val/PaperCardboard/000102_ann201.jpg,,,,,,,,
cleaned_val_PaperCardboard_cardboard108.jpg,CombinedCleaned,image_classification,val,PaperCardboard,PaperCardboard,prepared_datasets/combined_6class_plasticmetal_cleaned/val/PaperCardboard/cardboard108.jpg,,prepared_datasets/combined_6class_plasticmetal_cleaned/val/PaperCardboard/cardboard108.jpg,,,,,,,,
cleaned_val_PaperCardboard_cardboard116.jpg,CombinedCleaned,image_classification,val,PaperCardboard,PaperCardboard,prepared_datasets/combined_6class_plasticmetal_cleaned/val/PaperCardboard/cardboard116.jpg,,prepared_datasets/combined_6class_plasticmetal_cleaned/val/PaperCardboard/cardboard116.jpg,,,,,,,,
cleaned_val_PaperCardboard_cardboard133.jpg,CombinedCleaned,image_classification,val,PaperCardboard,PaperCardboard,prepared_datasets/combined_6class_plasticmetal_cleaned/val/PaperCardboard/cardboard133.jpg,,prepared_datasets/combined_6class_plasticmetal_cleaned/val/PaperCardboard/cardboard133.jpg,,,,,,,,
cleaned_val_PaperCardboard_cardboard139.jpg,CombinedCleaned,image_classification,val,PaperCardboard,PaperCardboard,prepared_datasets/combined_6class_plasticmetal_cleaned/val/PaperCardboard/cardboard139.jpg,,prepared_datasets/combined_6class_plasticmetal_cleaned/val/PaperCardboard/cardboard139.jpg,,,,,,,,
cleaned_val_PaperCardboard_cardboard141.jpg,CombinedCleaned,image_classification,val,PaperCardboard,PaperCardboard,prepared_datasets/combined_6class_plasticmetal_cleaned/val/PaperCardboard/cardboard141.jpg,,prepared_datasets/combined_6class_plasticmetal_cleaned/val/PaperCardboard/cardboard141.jpg,,,,,,,,
cleaned_val_PaperCardboard_cardboard146.jpg,CombinedCleaned,image_classification,val,PaperCardboard,PaperCardboard,prepared_datasets/combined_6class_plasticmetal_cleaned/val/PaperCardboard/cardboard146.jpg,,prepared_datasets/combined_6class_plasticmetal_cleaned/val/PaperCardboard/cardboard146.jpg,,,,,,,,
cleaned_val_PaperCardboard_cardboard148.jpg,CombinedCleaned,image_classification,val,PaperCardboard,PaperCardboard,prepared_datasets/combined_6class_plasticmetal_cleaned/val/PaperCardboard/cardboard148.jpg,,prepared_datasets/combined_6class_plasticmetal_cleaned/val/PaperCardboard/cardboard148.jpg,,,,,,,,
cleaned_val_PaperCardboard_cardboard163.jpg,CombinedCleaned,image_classification,val,PaperCardboard,PaperCardboard,prepared_datasets/combined_6class_plasticmetal_cleaned/val/PaperCardboard/cardboard163.jpg,,prepared_datasets/combined_6class_plasticmetal_cleaned/val/PaperCardboard/cardboard163.jpg,,,,,,,,
cleaned_val_PaperCardboard_cardboard168.jpg,CombinedCleaned,image_classification,val,PaperCardboard,PaperCardboard,prepared_datasets/combined_6class_plasticmetal_cleaned/val/PaperCardboard/cardboard168.jpg,,prepared_datasets/combined_6class_plasticmetal_cleaned/val/PaperCardboard/cardboard168.jpg,,,,,,,,
cleaned_val_PaperCardboard_cardboard172.jpg,CombinedCleaned,image_classification,val,PaperCardboard,PaperCardboard,prepared_datasets/combined_6class_plasticmetal_cleaned/val/PaperCardboard/cardboard172.jpg,,prepared_datasets/combined_6class_plasticmetal_cleaned/val/PaperCardboard/cardboard172.jpg,,,,,,,,
cleaned_val_PaperCardboard_cardboard176.jpg,CombinedCleaned,image_classification,val,PaperCardboard,PaperCardboard,prepared_datasets/combined_6class_plasticmetal_cleaned/val/PaperCardboard/cardboard176.jpg,,prepared_datasets/combined_6class_plasticmetal_cleaned/val/PaperCardboard/cardboard176.jpg,,,,,,,,
cleaned_val_PaperCardboard_cardboard193.jpg,CombinedCleaned,image_classification,val,PaperCardboard,PaperCardboard,prepared_datasets/combined_6class_plasticmetal_cleaned/val/PaperCardboard/cardboard193.jpg,,prepared_datasets/combined_6class_plasticmetal_cleaned/val/PaperCardboard/cardboard193.jpg,,,,,,,,
cleaned_val_PaperCardboard_cardboard195.jpg,CombinedCleaned,image_classification,val,PaperCardboard,PaperCardboard,prepared_datasets/combined_6class_plasticmetal_cleaned/val/PaperCardboard/cardboard195.jpg,,prepared_datasets/combined_6class_plasticmetal_cleaned/val/PaperCardboard/cardboard195.jpg,,,,,,,,
cleaned_val_PaperCardboard_cardboard202.jpg,CombinedCleaned,image_classification,val,PaperCardboard,PaperCardboard,prepared_datasets/combined_6class_plasticmetal_cleaned/val/PaperCardboard/cardboard202.jpg,,prepared_datasets/combined_6class_plasticmetal_cleaned/val/PaperCardboard/cardboard202.jpg,,,,,,,,
cleaned_val_PaperCardboard_cardboard207.jpg,CombinedCleaned,image_classification,val,PaperCardboard,PaperCardboard,prepared_datasets/combined_6class_plasticmetal_cleaned/val/PaperCardboard/cardboard207.jpg,,prepared_datasets/combined_6class_plasticmetal_cleaned/val/PaperCardboard/cardboard207.jpg,,,,,,,,
cleaned_val_PaperCardboard_cardboard212.jpg,CombinedCleaned,image_classification,val,PaperCardboard,PaperCardboard,prepared_datasets/combined_6class_plasticmetal_cleaned/val/PaperCardboard/cardboard212.jpg,,prepared_datasets/combined_6class_plasticmetal_cleaned/val/PaperCardboard/cardboard212.jpg,,,,,,,,
cleaned_val_PaperCardboard_cardboard214.jpg,CombinedCleaned,image_classification,val,PaperCardboard,PaperCardboard,prepared_datasets/combined_6class_plasticmetal_cleaned/val/PaperCardboard/cardboard214.jpg,,prepared_datasets/combined_6class_plasticmetal_cleaned/val/PaperCardboard/cardboard214.jpg,,,,,,,,
cleaned_val_PaperCardboard_cardboard218.jpg,CombinedCleaned,image_classification,val,PaperCardboard,PaperCardboard,prepared_datasets/combined_6class_plasticmetal_cleaned/val/PaperCardboard/cardboard218.jpg,,prepared_datasets/combined_6class_plasticmetal_cleaned/val/PaperCardboard/cardboard218.jpg,,,,,,,,
cleaned_val_PaperCardboard_cardboard224.jpg,CombinedCleaned,image_classification,val,PaperCardboard,PaperCardboard,prepared_datasets/combined_6class_plasticmetal_cleaned/val/PaperCardboard/cardboard224.jpg,,prepared_datasets/combined_6class_plasticmetal_cleaned/val/PaperCardboard/cardboard224.jpg,,,,,,,,
cleaned_val_PaperCardboard_cardboard23.jpg,CombinedCleaned,image_classification,val,PaperCardboard,PaperCardboard,prepared_datasets/combined_6class_plasticmetal_cleaned/val/PaperCardboard/cardboard23.jpg,,prepared_datasets/combined_6class_plasticmetal_cleaned/val/PaperCardboard/cardboard23.jpg,,,,,,,,
cleaned_val_PaperCardboard_cardboard233.jpg,CombinedCleaned,image_classification,val,PaperCardboard,PaperCardboard,prepared_datasets/combined_6class_plasticmetal_cleaned/val/PaperCardboard/cardboard233.jpg,,prepared_datasets/combined_6class_plasticmetal_cleaned/val/PaperCardboard/cardboard233.jpg,,,,,,,,
cleaned_val_PaperCardboard_cardboard247.jpg,CombinedCleaned,image_classification,val,PaperCardboard,PaperCardboard,prepared_datasets/combined_6class_plasticmetal_cleaned/val/PaperCardboard/cardboard247.jpg,,prepared_datasets/combined_6class_plasticmetal_cleaned/val/PaperCardboard/cardboard247.jpg,,,,,,,,
cleaned_val_PaperCardboard_cardboard249.jpg,CombinedCleaned,image_classification,val,PaperCardboard,PaperCardboard,prepared_datasets/combined_6class_plasticmetal_cleaned/val/PaperCardboard/cardboard249.jpg,,prepared_datasets/combined_6class_plasticmetal_cleaned/val/PaperCardboard/cardboard249.jpg,,,,,,,,
cleaned_val_PaperCardboard_cardboard250.jpg,CombinedCleaned,image_classification,val,PaperCardboard,PaperCardboard,prepared_datasets/combined_6class_plasticmetal_cleaned/val/PaperCardboard/cardboard250.jpg,,prepared_datasets/combined_6class_plasticmetal_cleaned/val/PaperCardboard/cardboard250.jpg,,,,,,,,
cleaned_val_PaperCardboard_cardboard252.jpg,CombinedCleaned,image_classification,val,PaperCardboard,PaperCardboard,prepared_datasets/combined_6class_plasticmetal_cleaned/val/PaperCardboard/cardboard252.jpg,,prepared_datasets/combined_6class_plasticmetal_cleaned/val/PaperCardboard/cardboard252.jpg,,,,,,,,
cleaned_val_PaperCardboard_cardboard292.jpg,CombinedCleaned,image_classification,val,PaperCardboard,PaperCardboard,prepared_datasets/combined_6class_plasticmetal_cleaned/val/PaperCardboard/cardboard292.jpg,,prepared_datasets/combined_6class_plasticmetal_cleaned/val/PaperCardboard/cardboard292.jpg,,,,,,,,
cleaned_val_PaperCardboard_cardboard30.jpg,CombinedCleaned,image_classification,val,PaperCardboard,PaperCardboard,prepared_datasets/combined_6class_plasticmetal_cleaned/val/PaperCardboard/cardboard30.jpg,,prepared_datasets/combined_6class_plasticmetal_cleaned/val/PaperCardboard/cardboard30.jpg,,,,,,,,
cleaned_val_PaperCardboard_cardboard302.jpg,CombinedCleaned,image_classification,val,PaperCardboard,PaperCardboard,prepared_datasets/combined_6class_plasticmetal_cleaned/val/PaperCardboard/cardboard302.jpg,,prepared_datasets/combined_6class_plasticmetal_cleaned/val/PaperCardboard/cardboard302.jpg,,,,,,,,
cleaned_val_PaperCardboard_cardboard308.jpg,CombinedCleaned,image_classification,val,PaperCardboard,PaperCardboard,prepared_datasets/combined_6class_plasticmetal_cleaned/val/PaperCardboard/cardboard308.jpg,,prepared_datasets/combined_6class_plasticmetal_cleaned/val/PaperCardboard/cardboard308.jpg,,,,,,,,
cleaned_val_PaperCardboard_cardboard32.jpg,CombinedCleaned,image_classification,val,PaperCardboard,PaperCardboard,prepared_datasets/combined_6class_plasticmetal_cleaned/val/PaperCardboard/cardboard32.jpg,,prepared_datasets/combined_6class_plasticmetal_cleaned/val/PaperCardboard/cardboard32.jpg,,,,,,,,
cleaned_val_PaperCardboard_cardboard329.jpg,CombinedCleaned,image_classification,val,PaperCardboard,PaperCardboard,prepared_datasets/combined_6class_plasticmetal_cleaned/val/PaperCardboard/cardboard329.jpg,,prepared_datasets/combined_6class_plasticmetal_cleaned/val/PaperCardboard/cardboard329.jpg,,,,,,,,
cleaned_val_PaperCardboard_cardboard333.jpg,CombinedCleaned,image_classification,val,PaperCardboard,PaperCardboard,prepared_datasets/combined_6class_plasticmetal_cleaned/val/PaperCardboard/cardboard333.jpg,,prepared_datasets/combined_6class_plasticmetal_cleaned/val/PaperCardboard/cardboard333.jpg,,,,,,,,
cleaned_val_PaperCardboard_cardboard336.jpg,CombinedCleaned,image_classification,val,PaperCardboard,PaperCardboard,prepared_datasets/combined_6class_plasticmetal_cleaned/val/PaperCardboard/cardboard336.jpg,,prepared_datasets/combined_6class_plasticmetal_cleaned/val/PaperCardboard/cardboard336.jpg,,,,,,,,
cleaned_val_PaperCardboard_cardboard341.jpg,CombinedCleaned,image_classification,val,PaperCardboard,PaperCardboard,prepared_datasets/combined_6class_plasticmetal_cleaned/val/PaperCardboard/cardboard341.jpg,,prepared_datasets/combined_6class_plasticmetal_cleaned/val/PaperCardboard/cardboard341.jpg,,,,,,,,
cleaned_val_PaperCardboard_cardboard361.jpg,CombinedCleaned,image_classification,val,PaperCardboard,PaperCardboard,prepared_datasets/combined_6class_plasticmetal_cleaned/val/PaperCardboard/cardboard361.jpg,,prepared_datasets/combined_6class_plasticmetal_cleaned/val/PaperCardboard/cardboard361.jpg,,,,,,,,
cleaned_val_PaperCardboard_cardboard368.jpg,CombinedCleaned,image_classification,val,PaperCardboard,PaperCardboard,prepared_datasets/combined_6class_plasticmetal_cleaned/val/PaperCardboard/cardboard368.jpg,,prepared_datasets/combined_6class_plasticmetal_cleaned/val/PaperCardboard/cardboard368.jpg,,,,,,,,
cleaned_val_PaperCardboard_cardboard369.jpg,CombinedCleaned,image_classification,val,PaperCardboard,PaperCardboard,prepared_datasets/combined_6class_plasticmetal_cleaned/val/PaperCardboard/cardboard369.jpg,,prepared_datasets/combined_6class_plasticmetal_cleaned/val/PaperCardboard/cardboard369.jpg,,,,,,,,
cleaned_val_PaperCardboard_cardboard37.jpg,CombinedCleaned,image_classification,val,PaperCardboard,PaperCardboard,prepared_datasets/combined_6class_plasticmetal_cleaned/val/PaperCardboard/cardboard37.jpg,,prepared_datasets/combined_6class_plasticmetal_cleaned/val/PaperCardboard/cardboard37.jpg,,,,,,,,
cleaned_val_PaperCardboard_cardboard372.jpg,CombinedCleaned,image_classification,val,PaperCardboard,PaperCardboard,prepared_datasets/combined_6class_plasticmetal_cleaned/val/PaperCardboard/cardboard372.jpg,,prepared_datasets/combined_6class_plasticmetal_cleaned/val/PaperCardboard/cardboard372.jpg,,,,,,,,
cleaned_val_PaperCardboard_cardboard388.jpg,CombinedCleaned,image_classification,val,PaperCardboard,PaperCardboard,prepared_datasets/combined_6class_plasticmetal_cleaned/val/PaperCardboard/cardboard388.jpg,,prepared_datasets/combined_6class_plasticmetal_cleaned/val/PaperCardboard/cardboard388.jpg,,,,,,,,
cleaned_val_PaperCardboard_cardboard390.jpg,CombinedCleaned,image_classification,val,PaperCardboard,PaperCardboard,prepared_datasets/combined_6class_plasticmetal_cleaned/val/PaperCardboard/cardboard390.jpg,,prepared_datasets/combined_6class_plasticmetal_cleaned/val/PaperCardboard/cardboard390.jpg,,,,,,,,
cleaned_val_PaperCardboard_cardboard392.jpg,CombinedCleaned,image_classification,val,PaperCardboard,PaperCardboard,prepared_datasets/combined_6class_plasticmetal_cleaned/val/PaperCardboard/cardboard392.jpg,,prepared_datasets/combined_6class_plasticmetal_cleaned/val/PaperCardboard/cardboard392.jpg,,,,,,,,
cleaned_val_PaperCardboard_cardboard396.jpg,CombinedCleaned,image_classification,val,PaperCardboard,PaperCardboard,prepared_datasets/combined_6class_plasticmetal_cleaned/val/PaperCardboard/cardboard396.jpg,,prepared_datasets/combined_6class_plasticmetal_cleaned/val/PaperCardboard/cardboard396.jpg,,,,,,,,
cleaned_val_PaperCardboard_cardboard4.jpg,CombinedCleaned,image_classification,val,PaperCardboard,PaperCardboard,prepared_datasets/combined_6class_plasticmetal_cleaned/val/PaperCardboard/cardboard4.jpg,,prepared_datasets/combined_6class_plasticmetal_cleaned/val/PaperCardboard/cardboard4.jpg,,,,,,,,
cleaned_val_PaperCardboard_cardboard402.jpg,CombinedCleaned,image_classification,val,PaperCardboard,PaperCardboard,prepared_datasets/combined_6class_plasticmetal_cleaned/val/PaperCardboard/cardboard402.jpg,,prepared_datasets/combined_6class_plasticmetal_cleaned/val/PaperCardboard/cardboard402.jpg,,,,,,,,
cleaned_val_PaperCardboard_cardboard63.jpg,CombinedCleaned,image_classification,val,PaperCardboard,PaperCardboard,prepared_datasets/combined_6class_plasticmetal_cleaned/val/PaperCardboard/cardboard63.jpg,,prepared_datasets/combined_6class_plasticmetal_cleaned/val/PaperCardboard/cardboard63.jpg,,,,,,,,
cleaned_val_PaperCardboard_cardboard76.jpg,CombinedCleaned,image_classification,val,PaperCardboard,PaperCardboard,prepared_datasets/combined_6class_plasticmetal_cleaned/val/PaperCardboard/cardboard76.jpg,,prepared_datasets/combined_6class_plasticmetal_cleaned/val/PaperCardboard/cardboard76.jpg,,,,,,,,
cleaned_val_PaperCardboard_cardboard77.jpg,CombinedCleaned,image_classification,val,PaperCardboard,PaperCardboard,prepared_datasets/combined_6class_plasticmetal_cleaned/val/PaperCardboard/cardboard77.jpg,,prepared_datasets/combined_6class_plasticmetal_cleaned/val/PaperCardboard/cardboard77.jpg,,,,,,,,
cleaned_val_PaperCardboard_cardboard78.jpg,CombinedCleaned,image_classification,val,PaperCardboard,PaperCardboard,prepared_datasets/combined_6class_plasticmetal_cleaned/val/PaperCardboard/cardboard78.jpg,,prepared_datasets/combined_6class_plasticmetal_cleaned/val/PaperCardboard/cardboard78.jpg,,,,,,,,
cleaned_val_PaperCardboard_cardboard90.jpg,CombinedCleaned,image_classification,val,PaperCardboard,PaperCardboard,prepared_datasets/combined_6class_plasticmetal_cleaned/val/PaperCardboard/cardboard90.jpg,,prepared_datasets/combined_6class_plasticmetal_cleaned/val/PaperCardboard/cardboard90.jpg,,,,,,,,
cleaned_val_PaperCardboard_cardboard96.jpg,CombinedCleaned,image_classification,val,PaperCardboard,PaperCardboard,prepared_datasets/combined_6class_plasticmetal_cleaned/val/PaperCardboard/cardboard96.jpg,,prepared_datasets/combined_6class_plasticmetal_cleaned/val/PaperCardboard/cardboard96.jpg,,,,,,,,
cleaned_val_PaperCardboard_IMG_4855_ann2546.jpg,CombinedCleaned,image_classification,val,PaperCardboard,PaperCardboard,prepared_datasets/combined_6class_plasticmetal_cleaned/val/PaperCardboard/IMG_4855_ann2546.jpg,,prepared_datasets/combined_6class_plasticmetal_cleaned/val/PaperCardboard/IMG_4855_ann2546.jpg,,,,,,,,
cleaned_val_PaperCardboard_IMG_4934_ann2627.jpg,CombinedCleaned,image_classification,val,PaperCardboard,PaperCardboard,prepared_datasets/combined_6class_plasticmetal_cleaned/val/PaperCardboard/IMG_4934_ann2627.jpg,,prepared_datasets/combined_6class_plasticmetal_cleaned/val/PaperCardboard/IMG_4934_ann2627.jpg,,,,,,,,
cleaned_val_PaperCardboard_IMG_5063_ann2708.jpg,CombinedCleaned,image_classification,val,PaperCardboard,PaperCardboard,prepared_datasets/combined_6class_plasticmetal_cleaned/val/PaperCardboard/IMG_5063_ann2708.jpg,,prepared_datasets/combined_6class_plasticmetal_cleaned/val/PaperCardboard/IMG_5063_ann2708.jpg,,,,,,,,
cleaned_val_PaperCardboard_IMG_5067_ann2715.jpg,CombinedCleaned,image_classification,val,PaperCardboard,PaperCardboard,prepared_datasets/combined_6class_plasticmetal_cleaned/val/PaperCardboard/IMG_5067_ann2715.jpg,,prepared_datasets/combined_6class_plasticmetal_cleaned/val/PaperCardboard/IMG_5067_ann2715.jpg,,,,,,,,
cleaned_val_PaperCardboard_IMG_5068_ann2721.jpg,CombinedCleaned,image_classification,val,PaperCardboard,PaperCardboard,prepared_datasets/combined_6class_plasticmetal_cleaned/val/PaperCardboard/IMG_5068_ann2721.jpg,,prepared_datasets/combined_6class_plasticmetal_cleaned/val/PaperCardboard/IMG_5068_ann2721.jpg,,,,,,,,
cleaned_val_PaperCardboard_paper100.jpg,CombinedCleaned,image_classification,val,PaperCardboard,PaperCardboard,prepared_datasets/combined_6class_plasticmetal_cleaned/val/PaperCardboard/paper100.jpg,,prepared_datasets/combined_6class_plasticmetal_cleaned/val/PaperCardboard/paper100.jpg,,,,,,,,
cleaned_val_PaperCardboard_paper111.jpg,CombinedCleaned,image_classification,val,PaperCardboard,PaperCardboard,prepared_datasets/combined_6class_plasticmetal_cleaned/val/PaperCardboard/paper111.jpg,,prepared_datasets/combined_6class_plasticmetal_cleaned/val/PaperCardboard/paper111.jpg,,,,,,,,
cleaned_val_PaperCardboard_paper112.jpg,CombinedCleaned,image_classification,val,PaperCardboard,PaperCardboard,prepared_datasets/combined_6class_plasticmetal_cleaned/val/PaperCardboard/paper112.jpg,,prepared_datasets/combined_6class_plasticmetal_cleaned/val/PaperCardboard/paper112.jpg,,,,,,,,
cleaned_val_PaperCardboard_paper131.jpg,CombinedCleaned,image_classification,val,PaperCardboard,PaperCardboard,prepared_datasets/combined_6class_plasticmetal_cleaned/val/PaperCardboard/paper131.jpg,,prepared_datasets/combined_6class_plasticmetal_cleaned/val/PaperCardboard/paper131.jpg,,,,,,,,
cleaned_val_PaperCardboard_paper139.jpg,CombinedCleaned,image_classification,val,PaperCardboard,PaperCardboard,prepared_datasets/combined_6class_plasticmetal_cleaned/val/PaperCardboard/paper139.jpg,,prepared_datasets/combined_6class_plasticmetal_cleaned/val/PaperCardboard/paper139.jpg,,,,,,,,
cleaned_val_PaperCardboard_paper141.jpg,CombinedCleaned,image_classification,val,PaperCardboard,PaperCardboard,prepared_datasets/combined_6class_plasticmetal_cleaned/val/PaperCardboard/paper141.jpg,,prepared_datasets/combined_6class_plasticmetal_cleaned/val/PaperCardboard/paper141.jpg,,,,,,,,
cleaned_val_PaperCardboard_paper150.jpg,CombinedCleaned,image_classification,val,PaperCardboard,PaperCardboard,prepared_datasets/combined_6class_plasticmetal_cleaned/val/PaperCardboard/paper150.jpg,,prepared_datasets/combined_6class_plasticmetal_cleaned/val/PaperCardboard/paper150.jpg,,,,,,,,
cleaned_val_PaperCardboard_paper162.jpg,CombinedCleaned,image_classification,val,PaperCardboard,PaperCardboard,prepared_datasets/combined_6class_plasticmetal_cleaned/val/PaperCardboard/paper162.jpg,,prepared_datasets/combined_6class_plasticmetal_cleaned/val/PaperCardboard/paper162.jpg,,,,,,,,
cleaned_val_PaperCardboard_paper163.jpg,CombinedCleaned,image_classification,val,PaperCardboard,PaperCardboard,prepared_datasets/combined_6class_plasticmetal_cleaned/val/PaperCardboard/paper163.jpg,,prepared_datasets/combined_6class_plasticmetal_cleaned/val/PaperCardboard/paper163.jpg,,,,,,,,
cleaned_val_PaperCardboard_paper168.jpg,CombinedCleaned,image_classification,val,PaperCardboard,PaperCardboard,prepared_datasets/combined_6class_plasticmetal_cleaned/val/PaperCardboard/paper168.jpg,,prepared_datasets/combined_6class_plasticmetal_cleaned/val/PaperCardboard/paper168.jpg,,,,,,,,
cleaned_val_PaperCardboard_paper171.jpg,CombinedCleaned,image_classification,val,PaperCardboard,PaperCardboard,prepared_datasets/combined_6class_plasticmetal_cleaned/val/PaperCardboard/paper171.jpg,,prepared_datasets/combined_6class_plasticmetal_cleaned/val/PaperCardboard/paper171.jpg,,,,,,,,
cleaned_val_PaperCardboard_paper182.jpg,CombinedCleaned,image_classification,val,PaperCardboard,PaperCardboard,prepared_datasets/combined_6class_plasticmetal_cleaned/val/PaperCardboard/paper182.jpg,,prepared_datasets/combined_6class_plasticmetal_cleaned/val/PaperCardboard/paper182.jpg,,,,,,,,
cleaned_val_PaperCardboard_paper185.jpg,CombinedCleaned,image_classification,val,PaperCardboard,PaperCardboard,prepared_datasets/combined_6class_plasticmetal_cleaned/val/PaperCardboard/paper185.jpg,,prepared_datasets/combined_6class_plasticmetal_cleaned/val/PaperCardboard/paper185.jpg,,,,,,,,
cleaned_val_PaperCardboard_paper19.jpg,CombinedCleaned,image_classification,val,PaperCardboard,PaperCardboard,prepared_datasets/combined_6class_plasticmetal_cleaned/val/PaperCardboard/paper19.jpg,,prepared_datasets/combined_6class_plasticmetal_cleaned/val/PaperCardboard/paper19.jpg,,,,,,,,
cleaned_val_PaperCardboard_paper191.jpg,CombinedCleaned,image_classification,val,PaperCardboard,PaperCardboard,prepared_datasets/combined_6class_plasticmetal_cleaned/val/PaperCardboard/paper191.jpg,,prepared_datasets/combined_6class_plasticmetal_cleaned/val/PaperCardboard/paper191.jpg,,,,,,,,
cleaned_val_PaperCardboard_paper203.jpg,CombinedCleaned,image_classification,val,PaperCardboard,PaperCardboard,prepared_datasets/combined_6class_plasticmetal_cleaned/val/PaperCardboard/paper203.jpg,,prepared_datasets/combined_6class_plasticmetal_cleaned/val/PaperCardboard/paper203.jpg,,,,,,,,
cleaned_val_PaperCardboard_paper207.jpg,CombinedCleaned,image_classification,val,PaperCardboard,PaperCardboard,prepared_datasets/combined_6class_plasticmetal_cleaned/val/PaperCardboard/paper207.jpg,,prepared_datasets/combined_6class_plasticmetal_cleaned/val/PaperCardboard/paper207.jpg,,,,,,,,
cleaned_val_PaperCardboard_paper215.jpg,CombinedCleaned,image_classification,val,PaperCardboard,PaperCardboard,prepared_datasets/combined_6class_plasticmetal_cleaned/val/PaperCardboard/paper215.jpg,,prepared_datasets/combined_6class_plasticmetal_cleaned/val/PaperCardboard/paper215.jpg,,,,,,,,
cleaned_val_PaperCardboard_paper224.jpg,CombinedCleaned,image_classification,val,PaperCardboard,PaperCardboard,prepared_datasets/combined_6class_plasticmetal_cleaned/val/PaperCardboard/paper224.jpg,,prepared_datasets/combined_6class_plasticmetal_cleaned/val/PaperCardboard/paper224.jpg,,,,,,,,
cleaned_val_PaperCardboard_paper231.jpg,CombinedCleaned,image_classification,val,PaperCardboard,PaperCardboard,prepared_datasets/combined_6class_plasticmetal_cleaned/val/PaperCardboard/paper231.jpg,,prepared_datasets/combined_6class_plasticmetal_cleaned/val/PaperCardboard/paper231.jpg,,,,,,,,
cleaned_val_PaperCardboard_paper232.jpg,CombinedCleaned,image_classification,val,PaperCardboard,PaperCardboard,prepared_datasets/combined_6class_plasticmetal_cleaned/val/PaperCardboard/paper232.jpg,,prepared_datasets/combined_6class_plasticmetal_cleaned/val/PaperCardboard/paper232.jpg,,,,,,,,
cleaned_val_PaperCardboard_paper233.jpg,CombinedCleaned,image_classification,val,PaperCardboard,PaperCardboard,prepared_datasets/combined_6class_plasticmetal_cleaned/val/PaperCardboard/paper233.jpg,,prepared_datasets/combined_6class_plasticmetal_cleaned/val/PaperCardboard/paper233.jpg,,,,,,,,
cleaned_val_PaperCardboard_paper239.jpg,CombinedCleaned,image_classification,val,PaperCardboard,PaperCardboard,prepared_datasets/combined_6class_plasticmetal_cleaned/val/PaperCardboard/paper239.jpg,,prepared_datasets/combined_6class_plasticmetal_cleaned/val/PaperCardboard/paper239.jpg,,,,,,,,
cleaned_val_PaperCardboard_paper240.jpg,CombinedCleaned,image_classification,val,PaperCardboard,PaperCardboard,prepared_datasets/combined_6class_plasticmetal_cleaned/val/PaperCardboard/paper240.jpg,,prepared_datasets/combined_6class_plasticmetal_cleaned/val/PaperCardboard/paper240.jpg,,,,,,,,
cleaned_val_PaperCardboard_paper241.jpg,CombinedCleaned,image_classification,val,PaperCardboard,PaperCardboard,prepared_datasets/combined_6class_plasticmetal_cleaned/val/PaperCardboard/paper241.jpg,,prepared_datasets/combined_6class_plasticmetal_cleaned/val/PaperCardboard/paper241.jpg,,,,,,,,
cleaned_val_PaperCardboard_paper245.jpg,CombinedCleaned,image_classification,val,PaperCardboard,PaperCardboard,prepared_datasets/combined_6class_plasticmetal_cleaned/val/PaperCardboard/paper245.jpg,,prepared_datasets/combined_6class_plasticmetal_cleaned/val/PaperCardboard/paper245.jpg,,,,,,,,
cleaned_val_PaperCardboard_paper252.jpg,CombinedCleaned,image_classification,val,PaperCardboard,PaperCardboard,prepared_datasets/combined_6class_plasticmetal_cleaned/val/PaperCardboard/paper252.jpg,,prepared_datasets/combined_6class_plasticmetal_cleaned/val/PaperCardboard/paper252.jpg,,,,,,,,
cleaned_val_PaperCardboard_paper256.jpg,CombinedCleaned,image_classification,val,PaperCardboard,PaperCardboard,prepared_datasets/combined_6class_plasticmetal_cleaned/val/PaperCardboard/paper256.jpg,,prepared_datasets/combined_6class_plasticmetal_cleaned/val/PaperCardboard/paper256.jpg,,,,,,,,
cleaned_val_PaperCardboard_paper265.jpg,CombinedCleaned,image_classification,val,PaperCardboard,PaperCardboard,prepared_datasets/combined_6class_plasticmetal_cleaned/val/PaperCardboard/paper265.jpg,,prepared_datasets/combined_6class_plasticmetal_cleaned/val/PaperCardboard/paper265.jpg,,,,,,,,
cleaned_val_PaperCardboard_paper273.jpg,CombinedCleaned,image_classification,val,PaperCardboard,PaperCardboard,prepared_datasets/combined_6class_plasticmetal_cleaned/val/PaperCardboard/paper273.jpg,,prepared_datasets/combined_6class_plasticmetal_cleaned/val/PaperCardboard/paper273.jpg,,,,,,,,
cleaned_val_PaperCardboard_paper275.jpg,CombinedCleaned,image_classification,val,PaperCardboard,PaperCardboard,prepared_datasets/combined_6class_plasticmetal_cleaned/val/PaperCardboard/paper275.jpg,,prepared_datasets/combined_6class_plasticmetal_cleaned/val/PaperCardboard/paper275.jpg,,,,,,,,
cleaned_val_PaperCardboard_paper308.jpg,CombinedCleaned,image_classification,val,PaperCardboard,PaperCardboard,prepared_datasets/combined_6class_plasticmetal_cleaned/val/PaperCardboard/paper308.jpg,,prepared_datasets/combined_6class_plasticmetal_cleaned/val/PaperCardboard/paper308.jpg,,,,,,,,
cleaned_val_PaperCardboard_paper315.jpg,CombinedCleaned,image_classification,val,PaperCardboard,PaperCardboard,prepared_datasets/combined_6class_plasticmetal_cleaned/val/PaperCardboard/paper315.jpg,,prepared_datasets/combined_6class_plasticmetal_cleaned/val/PaperCardboard/paper315.jpg,,,,,,,,
cleaned_val_PaperCardboard_paper319.jpg,CombinedCleaned,image_classification,val,PaperCardboard,PaperCardboard,prepared_datasets/combined_6class_plasticmetal_cleaned/val/PaperCardboard/paper319.jpg,,prepared_datasets/combined_6class_plasticmetal_cleaned/val/PaperCardboard/paper319.jpg,,,,,,,,
cleaned_val_PaperCardboard_paper32.jpg,CombinedCleaned,image_classification,val,PaperCardboard,PaperCardboard,prepared_datasets/combined_6class_plasticmetal_cleaned/val/PaperCardboard/paper32.jpg,,prepared_datasets/combined_6class_plasticmetal_cleaned/val/PaperCardboard/paper32.jpg,,,,,,,,
cleaned_val_PaperCardboard_paper323.jpg,CombinedCleaned,image_classification,val,PaperCardboard,PaperCardboard,prepared_datasets/combined_6class_plasticmetal_cleaned/val/PaperCardboard/paper323.jpg,,prepared_datasets/combined_6class_plasticmetal_cleaned/val/PaperCardboard/paper323.jpg,,,,,,,,
cleaned_val_PaperCardboard_paper324.jpg,CombinedCleaned,image_classification,val,PaperCardboard,PaperCardboard,prepared_datasets/combined_6class_plasticmetal_cleaned/val/PaperCardboard/paper324.jpg,,prepared_datasets/combined_6class_plasticmetal_cleaned/val/PaperCardboard/paper324.jpg,,,,,,,,
cleaned_val_PaperCardboard_paper343.jpg,CombinedCleaned,image_classification,val,PaperCardboard,PaperCardboard,prepared_datasets/combined_6class_plasticmetal_cleaned/val/PaperCardboard/paper343.jpg,,prepared_datasets/combined_6class_plasticmetal_cleaned/val/PaperCardboard/paper343.jpg,,,,,,,,
cleaned_val_PaperCardboard_paper350.jpg,CombinedCleaned,image_classification,val,PaperCardboard,PaperCardboard,prepared_datasets/combined_6class_plasticmetal_cleaned/val/PaperCardboard/paper350.jpg,,prepared_datasets/combined_6class_plasticmetal_cleaned/val/PaperCardboard/paper350.jpg,,,,,,,,
cleaned_val_PaperCardboard_paper353.jpg,CombinedCleaned,image_classification,val,PaperCardboard,PaperCardboard,prepared_datasets/combined_6class_plasticmetal_cleaned/val/PaperCardboard/paper353.jpg,,prepared_datasets/combined_6class_plasticmetal_cleaned/val/PaperCardboard/paper353.jpg,,,,,,,,
cleaned_val_PaperCardboard_paper368.jpg,CombinedCleaned,image_classification,val,PaperCardboard,PaperCardboard,prepared_datasets/combined_6class_plasticmetal_cleaned/val/PaperCardboard/paper368.jpg,,prepared_datasets/combined_6class_plasticmetal_cleaned/val/PaperCardboard/paper368.jpg,,,,,,,,
cleaned_val_PaperCardboard_paper37.jpg,CombinedCleaned,image_classification,val,PaperCardboard,PaperCardboard,prepared_datasets/combined_6class_plasticmetal_cleaned/val/PaperCardboard/paper37.jpg,,prepared_datasets/combined_6class_plasticmetal_cleaned/val/PaperCardboard/paper37.jpg,,,,,,,,
cleaned_val_PaperCardboard_paper374.jpg,CombinedCleaned,image_classification,val,PaperCardboard,PaperCardboard,prepared_datasets/combined_6class_plasticmetal_cleaned/val/PaperCardboard/paper374.jpg,,prepared_datasets/combined_6class_plasticmetal_cleaned/val/PaperCardboard/paper374.jpg,,,,,,,,
cleaned_val_PaperCardboard_paper375.jpg,CombinedCleaned,image_classification,val,PaperCardboard,PaperCardboard,prepared_datasets/combined_6class_plasticmetal_cleaned/val/PaperCardboard/paper375.jpg,,prepared_datasets/combined_6class_plasticmetal_cleaned/val/PaperCardboard/paper375.jpg,,,,,,,,
cleaned_val_PaperCardboard_paper386.jpg,CombinedCleaned,image_classification,val,PaperCardboard,PaperCardboard,prepared_datasets/combined_6class_plasticmetal_cleaned/val/PaperCardboard/paper386.jpg,,prepared_datasets/combined_6class_plasticmetal_cleaned/val/PaperCardboard/paper386.jpg,,,,,,,,
cleaned_val_PaperCardboard_paper391.jpg,CombinedCleaned,image_classification,val,PaperCardboard,PaperCardboard,prepared_datasets/combined_6class_plasticmetal_cleaned/val/PaperCardboard/paper391.jpg,,prepared_datasets/combined_6class_plasticmetal_cleaned/val/PaperCardboard/paper391.jpg,,,,,,,,
cleaned_val_PaperCardboard_paper392.jpg,CombinedCleaned,image_classification,val,PaperCardboard,PaperCardboard,prepared_datasets/combined_6class_plasticmetal_cleaned/val/PaperCardboard/paper392.jpg,,prepared_datasets/combined_6class_plasticmetal_cleaned/val/PaperCardboard/paper392.jpg,,,,,,,,
cleaned_val_PaperCardboard_paper396.jpg,CombinedCleaned,image_classification,val,PaperCardboard,PaperCardboard,prepared_datasets/combined_6class_plasticmetal_cleaned/val/PaperCardboard/paper396.jpg,,prepared_datasets/combined_6class_plasticmetal_cleaned/val/PaperCardboard/paper396.jpg,,,,,,,,
cleaned_val_PaperCardboard_paper399.jpg,CombinedCleaned,image_classification,val,PaperCardboard,PaperCardboard,prepared_datasets/combined_6class_plasticmetal_cleaned/val/PaperCardboard/paper399.jpg,,prepared_datasets/combined_6class_plasticmetal_cleaned/val/PaperCardboard/paper399.jpg,,,,,,,,
cleaned_val_PaperCardboard_paper401.jpg,CombinedCleaned,image_classification,val,PaperCardboard,PaperCardboard,prepared_datasets/combined_6class_plasticmetal_cleaned/val/PaperCardboard/paper401.jpg,,prepared_datasets/combined_6class_plasticmetal_cleaned/val/PaperCardboard/paper401.jpg,,,,,,,,
cleaned_val_PaperCardboard_paper404.jpg,CombinedCleaned,image_classification,val,PaperCardboard,PaperCardboard,prepared_datasets/combined_6class_plasticmetal_cleaned/val/PaperCardboard/paper404.jpg,,prepared_datasets/combined_6class_plasticmetal_cleaned/val/PaperCardboard/paper404.jpg,,,,,,,,
cleaned_val_PaperCardboard_paper405.jpg,CombinedCleaned,image_classification,val,PaperCardboard,PaperCardboard,prepared_datasets/combined_6class_plasticmetal_cleaned/val/PaperCardboard/paper405.jpg,,prepared_datasets/combined_6class_plasticmetal_cleaned/val/PaperCardboard/paper405.jpg,,,,,,,,
cleaned_val_PaperCardboard_paper410.jpg,CombinedCleaned,image_classification,val,PaperCardboard,PaperCardboard,prepared_datasets/combined_6class_plasticmetal_cleaned/val/PaperCardboard/paper410.jpg,,prepared_datasets/combined_6class_plasticmetal_cleaned/val/PaperCardboard/paper410.jpg,,,,,,,,
cleaned_val_PaperCardboard_paper412.jpg,CombinedCleaned,image_classification,val,PaperCardboard,PaperCardboard,prepared_datasets/combined_6class_plasticmetal_cleaned/val/PaperCardboard/paper412.jpg,,prepared_datasets/combined_6class_plasticmetal_cleaned/val/PaperCardboard/paper412.jpg,,,,,,,,
cleaned_val_PaperCardboard_paper417.jpg,CombinedCleaned,image_classification,val,PaperCardboard,PaperCardboard,prepared_datasets/combined_6class_plasticmetal_cleaned/val/PaperCardboard/paper417.jpg,,prepared_datasets/combined_6class_plasticmetal_cleaned/val/PaperCardboard/paper417.jpg,,,,,,,,
cleaned_val_PaperCardboard_paper43.jpg,CombinedCleaned,image_classification,val,PaperCardboard,PaperCardboard,prepared_datasets/combined_6class_plasticmetal_cleaned/val/PaperCardboard/paper43.jpg,,prepared_datasets/combined_6class_plasticmetal_cleaned/val/PaperCardboard/paper43.jpg,,,,,,,,
cleaned_val_PaperCardboard_paper444.jpg,CombinedCleaned,image_classification,val,PaperCardboard,PaperCardboard,prepared_datasets/combined_6class_plasticmetal_cleaned/val/PaperCardboard/paper444.jpg,,prepared_datasets/combined_6class_plasticmetal_cleaned/val/PaperCardboard/paper444.jpg,,,,,,,,
cleaned_val_PaperCardboard_paper447.jpg,CombinedCleaned,image_classification,val,PaperCardboard,PaperCardboard,prepared_datasets/combined_6class_plasticmetal_cleaned/val/PaperCardboard/paper447.jpg,,prepared_datasets/combined_6class_plasticmetal_cleaned/val/PaperCardboard/paper447.jpg,,,,,,,,
cleaned_val_PaperCardboard_paper45.jpg,CombinedCleaned,image_classification,val,PaperCardboard,PaperCardboard,prepared_datasets/combined_6class_plasticmetal_cleaned/val/PaperCardboard/paper45.jpg,,prepared_datasets/combined_6class_plasticmetal_cleaned/val/PaperCardboard/paper45.jpg,,,,,,,,
cleaned_val_PaperCardboard_paper450.jpg,CombinedCleaned,image_classification,val,PaperCardboard,PaperCardboard,prepared_datasets/combined_6class_plasticmetal_cleaned/val/PaperCardboard/paper450.jpg,,prepared_datasets/combined_6class_plasticmetal_cleaned/val/PaperCardboard/paper450.jpg,,,,,,,,
cleaned_val_PaperCardboard_paper452.jpg,CombinedCleaned,image_classification,val,PaperCardboard,PaperCardboard,prepared_datasets/combined_6class_plasticmetal_cleaned/val/PaperCardboard/paper452.jpg,,prepared_datasets/combined_6class_plasticmetal_cleaned/val/PaperCardboard/paper452.jpg,,,,,,,,
cleaned_val_PaperCardboard_paper455.jpg,CombinedCleaned,image_classification,val,PaperCardboard,PaperCardboard,prepared_datasets/combined_6class_plasticmetal_cleaned/val/PaperCardboard/paper455.jpg,,prepared_datasets/combined_6class_plasticmetal_cleaned/val/PaperCardboard/paper455.jpg,,,,,,,,
cleaned_val_PaperCardboard_paper466.jpg,CombinedCleaned,image_classification,val,PaperCardboard,PaperCardboard,prepared_datasets/combined_6class_plasticmetal_cleaned/val/PaperCardboard/paper466.jpg,,prepared_datasets/combined_6class_plasticmetal_cleaned/val/PaperCardboard/paper466.jpg,,,,,,,,
cleaned_val_PaperCardboard_paper475.jpg,CombinedCleaned,image_classification,val,PaperCardboard,PaperCardboard,prepared_datasets/combined_6class_plasticmetal_cleaned/val/PaperCardboard/paper475.jpg,,prepared_datasets/combined_6class_plasticmetal_cleaned/val/PaperCardboard/paper475.jpg,,,,,,,,
cleaned_val_PaperCardboard_paper477.jpg,CombinedCleaned,image_classification,val,PaperCardboard,PaperCardboard,prepared_datasets/combined_6class_plasticmetal_cleaned/val/PaperCardboard/paper477.jpg,,prepared_datasets/combined_6class_plasticmetal_cleaned/val/PaperCardboard/paper477.jpg,,,,,,,,
cleaned_val_PaperCardboard_paper478.jpg,CombinedCleaned,image_classification,val,PaperCardboard,PaperCardboard,prepared_datasets/combined_6class_plasticmetal_cleaned/val/PaperCardboard/paper478.jpg,,prepared_datasets/combined_6class_plasticmetal_cleaned/val/PaperCardboard/paper478.jpg,,,,,,,,
cleaned_val_PaperCardboard_paper481.jpg,CombinedCleaned,image_classification,val,PaperCardboard,PaperCardboard,prepared_datasets/combined_6class_plasticmetal_cleaned/val/PaperCardboard/paper481.jpg,,prepared_datasets/combined_6class_plasticmetal_cleaned/val/PaperCardboard/paper481.jpg,,,,,,,,
cleaned_val_PaperCardboard_paper482.jpg,CombinedCleaned,image_classification,val,PaperCardboard,PaperCardboard,prepared_datasets/combined_6class_plasticmetal_cleaned/val/PaperCardboard/paper482.jpg,,prepared_datasets/combined_6class_plasticmetal_cleaned/val/PaperCardboard/paper482.jpg,,,,,,,,
cleaned_val_PaperCardboard_paper497.jpg,CombinedCleaned,image_classification,val,PaperCardboard,PaperCardboard,prepared_datasets/combined_6class_plasticmetal_cleaned/val/PaperCardboard/paper497.jpg,,prepared_datasets/combined_6class_plasticmetal_cleaned/val/PaperCardboard/paper497.jpg,,,,,,,,
cleaned_val_PaperCardboard_paper5.jpg,CombinedCleaned,image_classification,val,PaperCardboard,PaperCardboard,prepared_datasets/combined_6class_plasticmetal_cleaned/val/PaperCardboard/paper5.jpg,,prepared_datasets/combined_6class_plasticmetal_cleaned/val/PaperCardboard/paper5.jpg,,,,,,,,
cleaned_val_PaperCardboard_paper504.jpg,CombinedCleaned,image_classification,val,PaperCardboard,PaperCardboard,prepared_datasets/combined_6class_plasticmetal_cleaned/val/PaperCardboard/paper504.jpg,,prepared_datasets/combined_6class_plasticmetal_cleaned/val/PaperCardboard/paper504.jpg,,,,,,,,
cleaned_val_PaperCardboard_paper508.jpg,CombinedCleaned,image_classification,val,PaperCardboard,PaperCardboard,prepared_datasets/combined_6class_plasticmetal_cleaned/val/PaperCardboard/paper508.jpg,,prepared_datasets/combined_6class_plasticmetal_cleaned/val/PaperCardboard/paper508.jpg,,,,,,,,
cleaned_val_PaperCardboard_paper510.jpg,CombinedCleaned,image_classification,val,PaperCardboard,PaperCardboard,prepared_datasets/combined_6class_plasticmetal_cleaned/val/PaperCardboard/paper510.jpg,,prepared_datasets/combined_6class_plasticmetal_cleaned/val/PaperCardboard/paper510.jpg,,,,,,,,
cleaned_val_PaperCardboard_paper519.jpg,CombinedCleaned,image_classification,val,PaperCardboard,PaperCardboard,prepared_datasets/combined_6class_plasticmetal_cleaned/val/PaperCardboard/paper519.jpg,,prepared_datasets/combined_6class_plasticmetal_cleaned/val/PaperCardboard/paper519.jpg,,,,,,,,
cleaned_val_PaperCardboard_paper52.jpg,CombinedCleaned,image_classification,val,PaperCardboard,PaperCardboard,prepared_datasets/combined_6class_plasticmetal_cleaned/val/PaperCardboard/paper52.jpg,,prepared_datasets/combined_6class_plasticmetal_cleaned/val/PaperCardboard/paper52.jpg,,,,,,,,
cleaned_val_PaperCardboard_paper524.jpg,CombinedCleaned,image_classification,val,PaperCardboard,PaperCardboard,prepared_datasets/combined_6class_plasticmetal_cleaned/val/PaperCardboard/paper524.jpg,,prepared_datasets/combined_6class_plasticmetal_cleaned/val/PaperCardboard/paper524.jpg,,,,,,,,
cleaned_val_PaperCardboard_paper531.jpg,CombinedCleaned,image_classification,val,PaperCardboard,PaperCardboard,prepared_datasets/combined_6class_plasticmetal_cleaned/val/PaperCardboard/paper531.jpg,,prepared_datasets/combined_6class_plasticmetal_cleaned/val/PaperCardboard/paper531.jpg,,,,,,,,
cleaned_val_PaperCardboard_paper534.jpg,CombinedCleaned,image_classification,val,PaperCardboard,PaperCardboard,prepared_datasets/combined_6class_plasticmetal_cleaned/val/PaperCardboard/paper534.jpg,,prepared_datasets/combined_6class_plasticmetal_cleaned/val/PaperCardboard/paper534.jpg,,,,,,,,
cleaned_val_PaperCardboard_paper535.jpg,CombinedCleaned,image_classification,val,PaperCardboard,PaperCardboard,prepared_datasets/combined_6class_plasticmetal_cleaned/val/PaperCardboard/paper535.jpg,,prepared_datasets/combined_6class_plasticmetal_cleaned/val/PaperCardboard/paper535.jpg,,,,,,,,
cleaned_val_PaperCardboard_paper544.jpg,CombinedCleaned,image_classification,val,PaperCardboard,PaperCardboard,prepared_datasets/combined_6class_plasticmetal_cleaned/val/PaperCardboard/paper544.jpg,,prepared_datasets/combined_6class_plasticmetal_cleaned/val/PaperCardboard/paper544.jpg,,,,,,,,
cleaned_val_PaperCardboard_paper545.jpg,CombinedCleaned,image_classification,val,PaperCardboard,PaperCardboard,prepared_datasets/combined_6class_plasticmetal_cleaned/val/PaperCardboard/paper545.jpg,,prepared_datasets/combined_6class_plasticmetal_cleaned/val/PaperCardboard/paper545.jpg,,,,,,,,
cleaned_val_PaperCardboard_paper549.jpg,CombinedCleaned,image_classification,val,PaperCardboard,PaperCardboard,prepared_datasets/combined_6class_plasticmetal_cleaned/val/PaperCardboard/paper549.jpg,,prepared_datasets/combined_6class_plasticmetal_cleaned/val/PaperCardboard/paper549.jpg,,,,,,,,
cleaned_val_PaperCardboard_paper550.jpg,CombinedCleaned,image_classification,val,PaperCardboard,PaperCardboard,prepared_datasets/combined_6class_plasticmetal_cleaned/val/PaperCardboard/paper550.jpg,,prepared_datasets/combined_6class_plasticmetal_cleaned/val/PaperCardboard/paper550.jpg,,,,,,,,
cleaned_val_PaperCardboard_paper562.jpg,CombinedCleaned,image_classification,val,PaperCardboard,PaperCardboard,prepared_datasets/combined_6class_plasticmetal_cleaned/val/PaperCardboard/paper562.jpg,,prepared_datasets/combined_6class_plasticmetal_cleaned/val/PaperCardboard/paper562.jpg,,,,,,,,
cleaned_val_PaperCardboard_paper567.jpg,CombinedCleaned,image_classification,val,PaperCardboard,PaperCardboard,prepared_datasets/combined_6class_plasticmetal_cleaned/val/PaperCardboard/paper567.jpg,,prepared_datasets/combined_6class_plasticmetal_cleaned/val/PaperCardboard/paper567.jpg,,,,,,,,
cleaned_val_PaperCardboard_paper568.jpg,CombinedCleaned,image_classification,val,PaperCardboard,PaperCardboard,prepared_datasets/combined_6class_plasticmetal_cleaned/val/PaperCardboard/paper568.jpg,,prepared_datasets/combined_6class_plasticmetal_cleaned/val/PaperCardboard/paper568.jpg,,,,,,,,
cleaned_val_PaperCardboard_paper569.jpg,CombinedCleaned,image_classification,val,PaperCardboard,PaperCardboard,prepared_datasets/combined_6class_plasticmetal_cleaned/val/PaperCardboard/paper569.jpg,,prepared_datasets/combined_6class_plasticmetal_cleaned/val/PaperCardboard/paper569.jpg,,,,,,,,
cleaned_val_PaperCardboard_paper584.jpg,CombinedCleaned,image_classification,val,PaperCardboard,PaperCardboard,prepared_datasets/combined_6class_plasticmetal_cleaned/val/PaperCardboard/paper584.jpg,,prepared_datasets/combined_6class_plasticmetal_cleaned/val/PaperCardboard/paper584.jpg,,,,,,,,
cleaned_val_PaperCardboard_paper589.jpg,CombinedCleaned,image_classification,val,PaperCardboard,PaperCardboard,prepared_datasets/combined_6class_plasticmetal_cleaned/val/PaperCardboard/paper589.jpg,,prepared_datasets/combined_6class_plasticmetal_cleaned/val/PaperCardboard/paper589.jpg,,,,,,,,
cleaned_val_PaperCardboard_paper591.jpg,CombinedCleaned,image_classification,val,PaperCardboard,PaperCardboard,prepared_datasets/combined_6class_plasticmetal_cleaned/val/PaperCardboard/paper591.jpg,,prepared_datasets/combined_6class_plasticmetal_cleaned/val/PaperCardboard/paper591.jpg,,,,,,,,
cleaned_val_PaperCardboard_paper60.jpg,CombinedCleaned,image_classification,val,PaperCardboard,PaperCardboard,prepared_datasets/combined_6class_plasticmetal_cleaned/val/PaperCardboard/paper60.jpg,,prepared_datasets/combined_6class_plasticmetal_cleaned/val/PaperCardboard/paper60.jpg,,,,,,,,
cleaned_val_PaperCardboard_paper63.jpg,CombinedCleaned,image_classification,val,PaperCardboard,PaperCardboard,prepared_datasets/combined_6class_plasticmetal_cleaned/val/PaperCardboard/paper63.jpg,,prepared_datasets/combined_6class_plasticmetal_cleaned/val/PaperCardboard/paper63.jpg,,,,,,,,
cleaned_val_PaperCardboard_paper65.jpg,CombinedCleaned,image_classification,val,PaperCardboard,PaperCardboard,prepared_datasets/combined_6class_plasticmetal_cleaned/val/PaperCardboard/paper65.jpg,,prepared_datasets/combined_6class_plasticmetal_cleaned/val/PaperCardboard/paper65.jpg,,,,,,,,
cleaned_val_PaperCardboard_paper72.jpg,CombinedCleaned,image_classification,val,PaperCardboard,PaperCardboard,prepared_datasets/combined_6class_plasticmetal_cleaned/val/PaperCardboard/paper72.jpg,,prepared_datasets/combined_6class_plasticmetal_cleaned/val/PaperCardboard/paper72.jpg,,,,,,,,
cleaned_val_PaperCardboard_paper73.jpg,CombinedCleaned,image_classification,val,PaperCardboard,PaperCardboard,prepared_datasets/combined_6class_plasticmetal_cleaned/val/PaperCardboard/paper73.jpg,,prepared_datasets/combined_6class_plasticmetal_cleaned/val/PaperCardboard/paper73.jpg,,,,,,,,
cleaned_val_PaperCardboard_paper86.jpg,CombinedCleaned,image_classification,val,PaperCardboard,PaperCardboard,prepared_datasets/combined_6class_plasticmetal_cleaned/val/PaperCardboard/paper86.jpg,,prepared_datasets/combined_6class_plasticmetal_cleaned/val/PaperCardboard/paper86.jpg,,,,,,,,
cleaned_val_PaperCardboard_paper91.jpg,CombinedCleaned,image_classification,val,PaperCardboard,PaperCardboard,prepared_datasets/combined_6class_plasticmetal_cleaned/val/PaperCardboard/paper91.jpg,,prepared_datasets/combined_6class_plasticmetal_cleaned/val/PaperCardboard/paper91.jpg,,,,,,,,
cleaned_val_PaperCardboard_paper99.jpg,CombinedCleaned,image_classification,val,PaperCardboard,PaperCardboard,prepared_datasets/combined_6class_plasticmetal_cleaned/val/PaperCardboard/paper99.jpg,,prepared_datasets/combined_6class_plasticmetal_cleaned/val/PaperCardboard/paper99.jpg,,,,,,,,
cleaned_val_Plastic_000001_ann18.jpg,CombinedCleaned,image_classification,val,Plastic,Plastic,prepared_datasets/combined_6class_plasticmetal_cleaned/val/Plastic/000001_ann18.jpg,,prepared_datasets/combined_6class_plasticmetal_cleaned/val/Plastic/000001_ann18.jpg,,,,,,,,
cleaned_val_Plastic_000001_ann310.jpg,CombinedCleaned,image_classification,val,Plastic,Plastic,prepared_datasets/combined_6class_plasticmetal_cleaned/val/Plastic/000001_ann310.jpg,,prepared_datasets/combined_6class_plasticmetal_cleaned/val/Plastic/000001_ann310.jpg,,,,,,,,
cleaned_val_Plastic_000003_ann331.jpg,CombinedCleaned,image_classification,val,Plastic,Plastic,prepared_datasets/combined_6class_plasticmetal_cleaned/val/Plastic/000003_ann331.jpg,,prepared_datasets/combined_6class_plasticmetal_cleaned/val/Plastic/000003_ann331.jpg,,,,,,,,
cleaned_val_Plastic_000005_ann2780.jpg,CombinedCleaned,image_classification,val,Plastic,Plastic,prepared_datasets/combined_6class_plasticmetal_cleaned/val/Plastic/000005_ann2780.jpg,,prepared_datasets/combined_6class_plasticmetal_cleaned/val/Plastic/000005_ann2780.jpg,,,,,,,,
cleaned_val_Plastic_000007_ann4055.jpg,CombinedCleaned,image_classification,val,Plastic,Plastic,prepared_datasets/combined_6class_plasticmetal_cleaned/val/Plastic/000007_ann4055.jpg,,prepared_datasets/combined_6class_plasticmetal_cleaned/val/Plastic/000007_ann4055.jpg,,,,,,,,
cleaned_val_Plastic_000007_ann4058.jpg,CombinedCleaned,image_classification,val,Plastic,Plastic,prepared_datasets/combined_6class_plasticmetal_cleaned/val/Plastic/000007_ann4058.jpg,,prepared_datasets/combined_6class_plasticmetal_cleaned/val/Plastic/000007_ann4058.jpg,,,,,,,,
cleaned_val_Plastic_000013_ann1461.jpg,CombinedCleaned,image_classification,val,Plastic,Plastic,prepared_datasets/combined_6class_plasticmetal_cleaned/val/Plastic/000013_ann1461.jpg,,prepared_datasets/combined_6class_plasticmetal_cleaned/val/Plastic/000013_ann1461.jpg,,,,,,,,
cleaned_val_Plastic_000017_ann3552.jpg,CombinedCleaned,image_classification,val,Plastic,Plastic,prepared_datasets/combined_6class_plasticmetal_cleaned/val/Plastic/000017_ann3552.jpg,,prepared_datasets/combined_6class_plasticmetal_cleaned/val/Plastic/000017_ann3552.jpg,,,,,,,,
cleaned_val_Plastic_000019_ann7.jpg,CombinedCleaned,image_classification,val,Plastic,Plastic,prepared_datasets/combined_6class_plasticmetal_cleaned/val/Plastic/000019_ann7.jpg,,prepared_datasets/combined_6class_plasticmetal_cleaned/val/Plastic/000019_ann7.jpg,,,,,,,,
cleaned_val_Plastic_000024_ann976.jpg,CombinedCleaned,image_classification,val,Plastic,Plastic,prepared_datasets/combined_6class_plasticmetal_cleaned/val/Plastic/000024_ann976.jpg,,prepared_datasets/combined_6class_plasticmetal_cleaned/val/Plastic/000024_ann976.jpg,,,,,,,,
cleaned_val_Plastic_000026_ann2804.jpg,CombinedCleaned,image_classification,val,Plastic,Plastic,prepared_datasets/combined_6class_plasticmetal_cleaned/val/Plastic/000026_ann2804.jpg,,prepared_datasets/combined_6class_plasticmetal_cleaned/val/Plastic/000026_ann2804.jpg,,,,,,,,
cleaned_val_Plastic_000027_ann3527.jpg,CombinedCleaned,image_classification,val,Plastic,Plastic,prepared_datasets/combined_6class_plasticmetal_cleaned/val/Plastic/000027_ann3527.jpg,,prepared_datasets/combined_6class_plasticmetal_cleaned/val/Plastic/000027_ann3527.jpg,,,,,,,,
cleaned_val_Plastic_000035_ann108.jpg,CombinedCleaned,image_classification,val,Plastic,Plastic,prepared_datasets/combined_6class_plasticmetal_cleaned/val/Plastic/000035_ann108.jpg,,prepared_datasets/combined_6class_plasticmetal_cleaned/val/Plastic/000035_ann108.jpg,,,,,,,,
cleaned_val_Plastic_000040_ann4275.jpg,CombinedCleaned,image_classification,val,Plastic,Plastic,prepared_datasets/combined_6class_plasticmetal_cleaned/val/Plastic/000040_ann4275.jpg,,prepared_datasets/combined_6class_plasticmetal_cleaned/val/Plastic/000040_ann4275.jpg,,,,,,,,
cleaned_val_Plastic_000046_ann3466.jpg,CombinedCleaned,image_classification,val,Plastic,Plastic,prepared_datasets/combined_6class_plasticmetal_cleaned/val/Plastic/000046_ann3466.jpg,,prepared_datasets/combined_6class_plasticmetal_cleaned/val/Plastic/000046_ann3466.jpg,,,,,,,,
cleaned_val_Plastic_000047_ann3464.jpg,CombinedCleaned,image_classification,val,Plastic,Plastic,prepared_datasets/combined_6class_plasticmetal_cleaned/val/Plastic/000047_ann3464.jpg,,prepared_datasets/combined_6class_plasticmetal_cleaned/val/Plastic/000047_ann3464.jpg,,,,,,,,
cleaned_val_Plastic_000048_ann1777.jpg,CombinedCleaned,image_classification,val,Plastic,Plastic,prepared_datasets/combined_6class_plasticmetal_cleaned/val/Plastic/000048_ann1777.jpg,,prepared_datasets/combined_6class_plasticmetal_cleaned/val/Plastic/000048_ann1777.jpg,,,,,,,,
cleaned_val_Plastic_000048_ann2097.jpg,CombinedCleaned,image_classification,val,Plastic,Plastic,prepared_datasets/combined_6class_plasticmetal_cleaned/val/Plastic/000048_ann2097.jpg,,prepared_datasets/combined_6class_plasticmetal_cleaned/val/Plastic/000048_ann2097.jpg,,,,,,,,
cleaned_val_Plastic_000049_ann1159.jpg,CombinedCleaned,image_classification,val,Plastic,Plastic,prepared_datasets/combined_6class_plasticmetal_cleaned/val/Plastic/000049_ann1159.jpg,,prepared_datasets/combined_6class_plasticmetal_cleaned/val/Plastic/000049_ann1159.jpg,,,,,,,,
cleaned_val_Plastic_000056_ann3788.jpg,CombinedCleaned,image_classification,val,Plastic,Plastic,prepared_datasets/combined_6class_plasticmetal_cleaned/val/Plastic/000056_ann3788.jpg,,prepared_datasets/combined_6class_plasticmetal_cleaned/val/Plastic/000056_ann3788.jpg,,,,,,,,
cleaned_val_Plastic_000064_ann1642.jpg,CombinedCleaned,image_classification,val,Plastic,Plastic,prepared_datasets/combined_6class_plasticmetal_cleaned/val/Plastic/000064_ann1642.jpg,,prepared_datasets/combined_6class_plasticmetal_cleaned/val/Plastic/000064_ann1642.jpg,,,,,,,,
cleaned_val_Plastic_000065_ann3403.jpg,CombinedCleaned,image_classification,val,Plastic,Plastic,prepared_datasets/combined_6class_plasticmetal_cleaned/val/Plastic/000065_ann3403.jpg,,prepared_datasets/combined_6class_plasticmetal_cleaned/val/Plastic/000065_ann3403.jpg,,,,,,,,
cleaned_val_Plastic_000066_ann4657.jpg,CombinedCleaned,image_classification,val,Plastic,Plastic,prepared_datasets/combined_6class_plasticmetal_cleaned/val/Plastic/000066_ann4657.jpg,,prepared_datasets/combined_6class_plasticmetal_cleaned/val/Plastic/000066_ann4657.jpg,,,,,,,,
cleaned_val_Plastic_000071_ann2160.jpg,CombinedCleaned,image_classification,val,Plastic,Plastic,prepared_datasets/combined_6class_plasticmetal_cleaned/val/Plastic/000071_ann2160.jpg,,prepared_datasets/combined_6class_plasticmetal_cleaned/val/Plastic/000071_ann2160.jpg,,,,,,,,
cleaned_val_Plastic_000072_ann1313.jpg,CombinedCleaned,image_classification,val,Plastic,Plastic,prepared_datasets/combined_6class_plasticmetal_cleaned/val/Plastic/000072_ann1313.jpg,,prepared_datasets/combined_6class_plasticmetal_cleaned/val/Plastic/000072_ann1313.jpg,,,,,,,,
cleaned_val_Plastic_000072_ann2165.jpg,CombinedCleaned,image_classification,val,Plastic,Plastic,prepared_datasets/combined_6class_plasticmetal_cleaned/val/Plastic/000072_ann2165.jpg,,prepared_datasets/combined_6class_plasticmetal_cleaned/val/Plastic/000072_ann2165.jpg,,,,,,,,
cleaned_val_Plastic_000073_ann3296.jpg,CombinedCleaned,image_classification,val,Plastic,Plastic,prepared_datasets/combined_6class_plasticmetal_cleaned/val/Plastic/000073_ann3296.jpg,,prepared_datasets/combined_6class_plasticmetal_cleaned/val/Plastic/000073_ann3296.jpg,,,,,,,,
cleaned_val_Plastic_000075_ann852.jpg,CombinedCleaned,image_classification,val,Plastic,Plastic,prepared_datasets/combined_6class_plasticmetal_cleaned/val/Plastic/000075_ann852.jpg,,prepared_datasets/combined_6class_plasticmetal_cleaned/val/Plastic/000075_ann852.jpg,,,,,,,,
cleaned_val_Plastic_000077_ann3834.jpg,CombinedCleaned,image_classification,val,Plastic,Plastic,prepared_datasets/combined_6class_plasticmetal_cleaned/val/Plastic/000077_ann3834.jpg,,prepared_datasets/combined_6class_plasticmetal_cleaned/val/Plastic/000077_ann3834.jpg,,,,,,,,
cleaned_val_Plastic_000081_ann600.jpg,CombinedCleaned,image_classification,val,Plastic,Plastic,prepared_datasets/combined_6class_plasticmetal_cleaned/val/Plastic/000081_ann600.jpg,,prepared_datasets/combined_6class_plasticmetal_cleaned/val/Plastic/000081_ann600.jpg,,,,,,,,
cleaned_val_Plastic_000084_ann1339.jpg,CombinedCleaned,image_classification,val,Plastic,Plastic,prepared_datasets/combined_6class_plasticmetal_cleaned/val/Plastic/000084_ann1339.jpg,,prepared_datasets/combined_6class_plasticmetal_cleaned/val/Plastic/000084_ann1339.jpg,,,,,,,,
cleaned_val_Plastic_000085_ann3875.jpg,CombinedCleaned,image_classification,val,Plastic,Plastic,prepared_datasets/combined_6class_plasticmetal_cleaned/val/Plastic/000085_ann3875.jpg,,prepared_datasets/combined_6class_plasticmetal_cleaned/val/Plastic/000085_ann3875.jpg,,,,,,,,
cleaned_val_Plastic_000087_ann1362.jpg,CombinedCleaned,image_classification,val,Plastic,Plastic,prepared_datasets/combined_6class_plasticmetal_cleaned/val/Plastic/000087_ann1362.jpg,,prepared_datasets/combined_6class_plasticmetal_cleaned/val/Plastic/000087_ann1362.jpg,,,,,,,,
cleaned_val_Plastic_000087_ann3899.jpg,CombinedCleaned,image_classification,val,Plastic,Plastic,prepared_datasets/combined_6class_plasticmetal_cleaned/val/Plastic/000087_ann3899.jpg,,prepared_datasets/combined_6class_plasticmetal_cleaned/val/Plastic/000087_ann3899.jpg,,,,,,,,
cleaned_val_Plastic_000087_ann3901.jpg,CombinedCleaned,image_classification,val,Plastic,Plastic,prepared_datasets/combined_6class_plasticmetal_cleaned/val/Plastic/000087_ann3901.jpg,,prepared_datasets/combined_6class_plasticmetal_cleaned/val/Plastic/000087_ann3901.jpg,,,,,,,,
cleaned_val_Plastic_000088_ann4450.jpg,CombinedCleaned,image_classification,val,Plastic,Plastic,prepared_datasets/combined_6class_plasticmetal_cleaned/val/Plastic/000088_ann4450.jpg,,prepared_datasets/combined_6class_plasticmetal_cleaned/val/Plastic/000088_ann4450.jpg,,,,,,,,
cleaned_val_Plastic_000091_ann3909.jpg,CombinedCleaned,image_classification,val,Plastic,Plastic,prepared_datasets/combined_6class_plasticmetal_cleaned/val/Plastic/000091_ann3909.jpg,,prepared_datasets/combined_6class_plasticmetal_cleaned/val/Plastic/000091_ann3909.jpg,,,,,,,,
cleaned_val_Plastic_000095_ann2964.jpg,CombinedCleaned,image_classification,val,Plastic,Plastic,prepared_datasets/combined_6class_plasticmetal_cleaned/val/Plastic/000095_ann2964.jpg,,prepared_datasets/combined_6class_plasticmetal_cleaned/val/Plastic/000095_ann2964.jpg,,,,,,,,
cleaned_val_Plastic_000097_ann3253.jpg,CombinedCleaned,image_classification,val,Plastic,Plastic,prepared_datasets/combined_6class_plasticmetal_cleaned/val/Plastic/000097_ann3253.jpg,,prepared_datasets/combined_6class_plasticmetal_cleaned/val/Plastic/000097_ann3253.jpg,,,,,,,,
cleaned_val_Plastic_000104_ann212.jpg,CombinedCleaned,image_classification,val,Plastic,Plastic,prepared_datasets/combined_6class_plasticmetal_cleaned/val/Plastic/000104_ann212.jpg,,prepared_datasets/combined_6class_plasticmetal_cleaned/val/Plastic/000104_ann212.jpg,,,,,,,,
cleaned_val_Plastic_000125_ann3964.jpg,CombinedCleaned,image_classification,val,Plastic,Plastic,prepared_datasets/combined_6class_plasticmetal_cleaned/val/Plastic/000125_ann3964.jpg,,prepared_datasets/combined_6class_plasticmetal_cleaned/val/Plastic/000125_ann3964.jpg,,,,,,,,
cleaned_val_Plastic_000135_ann3987.jpg,CombinedCleaned,image_classification,val,Plastic,Plastic,prepared_datasets/combined_6class_plasticmetal_cleaned/val/Plastic/000135_ann3987.jpg,,prepared_datasets/combined_6class_plasticmetal_cleaned/val/Plastic/000135_ann3987.jpg,,,,,,,,
cleaned_val_Plastic_IMG_4915_ann2609.jpg,CombinedCleaned,image_classification,val,Plastic,Plastic,prepared_datasets/combined_6class_plasticmetal_cleaned/val/Plastic/IMG_4915_ann2609.jpg,,prepared_datasets/combined_6class_plasticmetal_cleaned/val/Plastic/IMG_4915_ann2609.jpg,,,,,,,,
cleaned_val_Plastic_IMG_4994_ann2493.jpg,CombinedCleaned,image_classification,val,Plastic,Plastic,prepared_datasets/combined_6class_plasticmetal_cleaned/val/Plastic/IMG_4994_ann2493.jpg,,prepared_datasets/combined_6class_plasticmetal_cleaned/val/Plastic/IMG_4994_ann2493.jpg,,,,,,,,
cleaned_val_Plastic_IMG_5066_ann2713.jpg,CombinedCleaned,image_classification,val,Plastic,Plastic,prepared_datasets/combined_6class_plasticmetal_cleaned/val/Plastic/IMG_5066_ann2713.jpg,,prepared_datasets/combined_6class_plasticmetal_cleaned/val/Plastic/IMG_5066_ann2713.jpg,,,,,,,,
cleaned_val_Plastic_plastic12.jpg,CombinedCleaned,image_classification,val,Plastic,Plastic,prepared_datasets/combined_6class_plasticmetal_cleaned/val/Plastic/plastic12.jpg,,prepared_datasets/combined_6class_plasticmetal_cleaned/val/Plastic/plastic12.jpg,,,,,,,,
cleaned_val_Plastic_plastic124.jpg,CombinedCleaned,image_classification,val,Plastic,Plastic,prepared_datasets/combined_6class_plasticmetal_cleaned/val/Plastic/plastic124.jpg,,prepared_datasets/combined_6class_plasticmetal_cleaned/val/Plastic/plastic124.jpg,,,,,,,,
cleaned_val_Plastic_plastic129.jpg,CombinedCleaned,image_classification,val,Plastic,Plastic,prepared_datasets/combined_6class_plasticmetal_cleaned/val/Plastic/plastic129.jpg,,prepared_datasets/combined_6class_plasticmetal_cleaned/val/Plastic/plastic129.jpg,,,,,,,,
cleaned_val_Plastic_plastic130.jpg,CombinedCleaned,image_classification,val,Plastic,Plastic,prepared_datasets/combined_6class_plasticmetal_cleaned/val/Plastic/plastic130.jpg,,prepared_datasets/combined_6class_plasticmetal_cleaned/val/Plastic/plastic130.jpg,,,,,,,,
cleaned_val_Plastic_plastic131.jpg,CombinedCleaned,image_classification,val,Plastic,Plastic,prepared_datasets/combined_6class_plasticmetal_cleaned/val/Plastic/plastic131.jpg,,prepared_datasets/combined_6class_plasticmetal_cleaned/val/Plastic/plastic131.jpg,,,,,,,,
cleaned_val_Plastic_plastic145.jpg,CombinedCleaned,image_classification,val,Plastic,Plastic,prepared_datasets/combined_6class_plasticmetal_cleaned/val/Plastic/plastic145.jpg,,prepared_datasets/combined_6class_plasticmetal_cleaned/val/Plastic/plastic145.jpg,,,,,,,,
cleaned_val_Plastic_plastic162.jpg,CombinedCleaned,image_classification,val,Plastic,Plastic,prepared_datasets/combined_6class_plasticmetal_cleaned/val/Plastic/plastic162.jpg,,prepared_datasets/combined_6class_plasticmetal_cleaned/val/Plastic/plastic162.jpg,,,,,,,,
cleaned_val_Plastic_plastic165.jpg,CombinedCleaned,image_classification,val,Plastic,Plastic,prepared_datasets/combined_6class_plasticmetal_cleaned/val/Plastic/plastic165.jpg,,prepared_datasets/combined_6class_plasticmetal_cleaned/val/Plastic/plastic165.jpg,,,,,,,,
cleaned_val_Plastic_plastic174.jpg,CombinedCleaned,image_classification,val,Plastic,Plastic,prepared_datasets/combined_6class_plasticmetal_cleaned/val/Plastic/plastic174.jpg,,prepared_datasets/combined_6class_plasticmetal_cleaned/val/Plastic/plastic174.jpg,,,,,,,,
cleaned_val_Plastic_plastic178.jpg,CombinedCleaned,image_classification,val,Plastic,Plastic,prepared_datasets/combined_6class_plasticmetal_cleaned/val/Plastic/plastic178.jpg,,prepared_datasets/combined_6class_plasticmetal_cleaned/val/Plastic/plastic178.jpg,,,,,,,,
cleaned_val_Plastic_plastic197.jpg,CombinedCleaned,image_classification,val,Plastic,Plastic,prepared_datasets/combined_6class_plasticmetal_cleaned/val/Plastic/plastic197.jpg,,prepared_datasets/combined_6class_plasticmetal_cleaned/val/Plastic/plastic197.jpg,,,,,,,,
cleaned_val_Plastic_plastic203.jpg,CombinedCleaned,image_classification,val,Plastic,Plastic,prepared_datasets/combined_6class_plasticmetal_cleaned/val/Plastic/plastic203.jpg,,prepared_datasets/combined_6class_plasticmetal_cleaned/val/Plastic/plastic203.jpg,,,,,,,,
cleaned_val_Plastic_plastic204.jpg,CombinedCleaned,image_classification,val,Plastic,Plastic,prepared_datasets/combined_6class_plasticmetal_cleaned/val/Plastic/plastic204.jpg,,prepared_datasets/combined_6class_plasticmetal_cleaned/val/Plastic/plastic204.jpg,,,,,,,,
cleaned_val_Plastic_plastic212.jpg,CombinedCleaned,image_classification,val,Plastic,Plastic,prepared_datasets/combined_6class_plasticmetal_cleaned/val/Plastic/plastic212.jpg,,prepared_datasets/combined_6class_plasticmetal_cleaned/val/Plastic/plastic212.jpg,,,,,,,,
cleaned_val_Plastic_plastic22.jpg,CombinedCleaned,image_classification,val,Plastic,Plastic,prepared_datasets/combined_6class_plasticmetal_cleaned/val/Plastic/plastic22.jpg,,prepared_datasets/combined_6class_plasticmetal_cleaned/val/Plastic/plastic22.jpg,,,,,,,,
cleaned_val_Plastic_plastic221.jpg,CombinedCleaned,image_classification,val,Plastic,Plastic,prepared_datasets/combined_6class_plasticmetal_cleaned/val/Plastic/plastic221.jpg,,prepared_datasets/combined_6class_plasticmetal_cleaned/val/Plastic/plastic221.jpg,,,,,,,,
cleaned_val_Plastic_plastic222.jpg,CombinedCleaned,image_classification,val,Plastic,Plastic,prepared_datasets/combined_6class_plasticmetal_cleaned/val/Plastic/plastic222.jpg,,prepared_datasets/combined_6class_plasticmetal_cleaned/val/Plastic/plastic222.jpg,,,,,,,,
cleaned_val_Plastic_plastic223.jpg,CombinedCleaned,image_classification,val,Plastic,Plastic,prepared_datasets/combined_6class_plasticmetal_cleaned/val/Plastic/plastic223.jpg,,prepared_datasets/combined_6class_plasticmetal_cleaned/val/Plastic/plastic223.jpg,,,,,,,,
cleaned_val_Plastic_plastic232.jpg,CombinedCleaned,image_classification,val,Plastic,Plastic,prepared_datasets/combined_6class_plasticmetal_cleaned/val/Plastic/plastic232.jpg,,prepared_datasets/combined_6class_plasticmetal_cleaned/val/Plastic/plastic232.jpg,,,,,,,,
cleaned_val_Plastic_plastic244.jpg,CombinedCleaned,image_classification,val,Plastic,Plastic,prepared_datasets/combined_6class_plasticmetal_cleaned/val/Plastic/plastic244.jpg,,prepared_datasets/combined_6class_plasticmetal_cleaned/val/Plastic/plastic244.jpg,,,,,,,,
cleaned_val_Plastic_plastic249.jpg,CombinedCleaned,image_classification,val,Plastic,Plastic,prepared_datasets/combined_6class_plasticmetal_cleaned/val/Plastic/plastic249.jpg,,prepared_datasets/combined_6class_plasticmetal_cleaned/val/Plastic/plastic249.jpg,,,,,,,,
cleaned_val_Plastic_plastic262.jpg,CombinedCleaned,image_classification,val,Plastic,Plastic,prepared_datasets/combined_6class_plasticmetal_cleaned/val/Plastic/plastic262.jpg,,prepared_datasets/combined_6class_plasticmetal_cleaned/val/Plastic/plastic262.jpg,,,,,,,,
cleaned_val_Plastic_plastic267.jpg,CombinedCleaned,image_classification,val,Plastic,Plastic,prepared_datasets/combined_6class_plasticmetal_cleaned/val/Plastic/plastic267.jpg,,prepared_datasets/combined_6class_plasticmetal_cleaned/val/Plastic/plastic267.jpg,,,,,,,,
cleaned_val_Plastic_plastic27.jpg,CombinedCleaned,image_classification,val,Plastic,Plastic,prepared_datasets/combined_6class_plasticmetal_cleaned/val/Plastic/plastic27.jpg,,prepared_datasets/combined_6class_plasticmetal_cleaned/val/Plastic/plastic27.jpg,,,,,,,,
cleaned_val_Plastic_plastic281.jpg,CombinedCleaned,image_classification,val,Plastic,Plastic,prepared_datasets/combined_6class_plasticmetal_cleaned/val/Plastic/plastic281.jpg,,prepared_datasets/combined_6class_plasticmetal_cleaned/val/Plastic/plastic281.jpg,,,,,,,,
cleaned_val_Plastic_plastic283.jpg,CombinedCleaned,image_classification,val,Plastic,Plastic,prepared_datasets/combined_6class_plasticmetal_cleaned/val/Plastic/plastic283.jpg,,prepared_datasets/combined_6class_plasticmetal_cleaned/val/Plastic/plastic283.jpg,,,,,,,,
cleaned_val_Plastic_plastic284.jpg,CombinedCleaned,image_classification,val,Plastic,Plastic,prepared_datasets/combined_6class_plasticmetal_cleaned/val/Plastic/plastic284.jpg,,prepared_datasets/combined_6class_plasticmetal_cleaned/val/Plastic/plastic284.jpg,,,,,,,,
cleaned_val_Plastic_plastic297.jpg,CombinedCleaned,image_classification,val,Plastic,Plastic,prepared_datasets/combined_6class_plasticmetal_cleaned/val/Plastic/plastic297.jpg,,prepared_datasets/combined_6class_plasticmetal_cleaned/val/Plastic/plastic297.jpg,,,,,,,,
cleaned_val_Plastic_plastic308.jpg,CombinedCleaned,image_classification,val,Plastic,Plastic,prepared_datasets/combined_6class_plasticmetal_cleaned/val/Plastic/plastic308.jpg,,prepared_datasets/combined_6class_plasticmetal_cleaned/val/Plastic/plastic308.jpg,,,,,,,,
cleaned_val_Plastic_plastic31.jpg,CombinedCleaned,image_classification,val,Plastic,Plastic,prepared_datasets/combined_6class_plasticmetal_cleaned/val/Plastic/plastic31.jpg,,prepared_datasets/combined_6class_plasticmetal_cleaned/val/Plastic/plastic31.jpg,,,,,,,,
cleaned_val_Plastic_plastic311.jpg,CombinedCleaned,image_classification,val,Plastic,Plastic,prepared_datasets/combined_6class_plasticmetal_cleaned/val/Plastic/plastic311.jpg,,prepared_datasets/combined_6class_plasticmetal_cleaned/val/Plastic/plastic311.jpg,,,,,,,,
cleaned_val_Plastic_plastic326.jpg,CombinedCleaned,image_classification,val,Plastic,Plastic,prepared_datasets/combined_6class_plasticmetal_cleaned/val/Plastic/plastic326.jpg,,prepared_datasets/combined_6class_plasticmetal_cleaned/val/Plastic/plastic326.jpg,,,,,,,,
cleaned_val_Plastic_plastic329.jpg,CombinedCleaned,image_classification,val,Plastic,Plastic,prepared_datasets/combined_6class_plasticmetal_cleaned/val/Plastic/plastic329.jpg,,prepared_datasets/combined_6class_plasticmetal_cleaned/val/Plastic/plastic329.jpg,,,,,,,,
cleaned_val_Plastic_plastic333.jpg,CombinedCleaned,image_classification,val,Plastic,Plastic,prepared_datasets/combined_6class_plasticmetal_cleaned/val/Plastic/plastic333.jpg,,prepared_datasets/combined_6class_plasticmetal_cleaned/val/Plastic/plastic333.jpg,,,,,,,,
cleaned_val_Plastic_plastic345.jpg,CombinedCleaned,image_classification,val,Plastic,Plastic,prepared_datasets/combined_6class_plasticmetal_cleaned/val/Plastic/plastic345.jpg,,prepared_datasets/combined_6class_plasticmetal_cleaned/val/Plastic/plastic345.jpg,,,,,,,,
cleaned_val_Plastic_plastic347.jpg,CombinedCleaned,image_classification,val,Plastic,Plastic,prepared_datasets/combined_6class_plasticmetal_cleaned/val/Plastic/plastic347.jpg,,prepared_datasets/combined_6class_plasticmetal_cleaned/val/Plastic/plastic347.jpg,,,,,,,,
cleaned_val_Plastic_plastic356.jpg,CombinedCleaned,image_classification,val,Plastic,Plastic,prepared_datasets/combined_6class_plasticmetal_cleaned/val/Plastic/plastic356.jpg,,prepared_datasets/combined_6class_plasticmetal_cleaned/val/Plastic/plastic356.jpg,,,,,,,,
cleaned_val_Plastic_plastic360.jpg,CombinedCleaned,image_classification,val,Plastic,Plastic,prepared_datasets/combined_6class_plasticmetal_cleaned/val/Plastic/plastic360.jpg,,prepared_datasets/combined_6class_plasticmetal_cleaned/val/Plastic/plastic360.jpg,,,,,,,,
cleaned_val_Plastic_plastic368.jpg,CombinedCleaned,image_classification,val,Plastic,Plastic,prepared_datasets/combined_6class_plasticmetal_cleaned/val/Plastic/plastic368.jpg,,prepared_datasets/combined_6class_plasticmetal_cleaned/val/Plastic/plastic368.jpg,,,,,,,,
cleaned_val_Plastic_plastic38.jpg,CombinedCleaned,image_classification,val,Plastic,Plastic,prepared_datasets/combined_6class_plasticmetal_cleaned/val/Plastic/plastic38.jpg,,prepared_datasets/combined_6class_plasticmetal_cleaned/val/Plastic/plastic38.jpg,,,,,,,,
cleaned_val_Plastic_plastic392.jpg,CombinedCleaned,image_classification,val,Plastic,Plastic,prepared_datasets/combined_6class_plasticmetal_cleaned/val/Plastic/plastic392.jpg,,prepared_datasets/combined_6class_plasticmetal_cleaned/val/Plastic/plastic392.jpg,,,,,,,,
cleaned_val_Plastic_plastic396.jpg,CombinedCleaned,image_classification,val,Plastic,Plastic,prepared_datasets/combined_6class_plasticmetal_cleaned/val/Plastic/plastic396.jpg,,prepared_datasets/combined_6class_plasticmetal_cleaned/val/Plastic/plastic396.jpg,,,,,,,,
cleaned_val_Plastic_plastic398.jpg,CombinedCleaned,image_classification,val,Plastic,Plastic,prepared_datasets/combined_6class_plasticmetal_cleaned/val/Plastic/plastic398.jpg,,prepared_datasets/combined_6class_plasticmetal_cleaned/val/Plastic/plastic398.jpg,,,,,,,,
cleaned_val_Plastic_plastic400.jpg,CombinedCleaned,image_classification,val,Plastic,Plastic,prepared_datasets/combined_6class_plasticmetal_cleaned/val/Plastic/plastic400.jpg,,prepared_datasets/combined_6class_plasticmetal_cleaned/val/Plastic/plastic400.jpg,,,,,,,,
cleaned_val_Plastic_plastic403.jpg,CombinedCleaned,image_classification,val,Plastic,Plastic,prepared_datasets/combined_6class_plasticmetal_cleaned/val/Plastic/plastic403.jpg,,prepared_datasets/combined_6class_plasticmetal_cleaned/val/Plastic/plastic403.jpg,,,,,,,,
cleaned_val_Plastic_plastic408.jpg,CombinedCleaned,image_classification,val,Plastic,Plastic,prepared_datasets/combined_6class_plasticmetal_cleaned/val/Plastic/plastic408.jpg,,prepared_datasets/combined_6class_plasticmetal_cleaned/val/Plastic/plastic408.jpg,,,,,,,,
cleaned_val_Plastic_plastic413.jpg,CombinedCleaned,image_classification,val,Plastic,Plastic,prepared_datasets/combined_6class_plasticmetal_cleaned/val/Plastic/plastic413.jpg,,prepared_datasets/combined_6class_plasticmetal_cleaned/val/Plastic/plastic413.jpg,,,,,,,,
cleaned_val_Plastic_plastic414.jpg,CombinedCleaned,image_classification,val,Plastic,Plastic,prepared_datasets/combined_6class_plasticmetal_cleaned/val/Plastic/plastic414.jpg,,prepared_datasets/combined_6class_plasticmetal_cleaned/val/Plastic/plastic414.jpg,,,,,,,,
cleaned_val_Plastic_plastic416.jpg,CombinedCleaned,image_classification,val,Plastic,Plastic,prepared_datasets/combined_6class_plasticmetal_cleaned/val/Plastic/plastic416.jpg,,prepared_datasets/combined_6class_plasticmetal_cleaned/val/Plastic/plastic416.jpg,,,,,,,,
cleaned_val_Plastic_plastic424.jpg,CombinedCleaned,image_classification,val,Plastic,Plastic,prepared_datasets/combined_6class_plasticmetal_cleaned/val/Plastic/plastic424.jpg,,prepared_datasets/combined_6class_plasticmetal_cleaned/val/Plastic/plastic424.jpg,,,,,,,,
cleaned_val_Plastic_plastic428.jpg,CombinedCleaned,image_classification,val,Plastic,Plastic,prepared_datasets/combined_6class_plasticmetal_cleaned/val/Plastic/plastic428.jpg,,prepared_datasets/combined_6class_plasticmetal_cleaned/val/Plastic/plastic428.jpg,,,,,,,,
cleaned_val_Plastic_plastic433.jpg,CombinedCleaned,image_classification,val,Plastic,Plastic,prepared_datasets/combined_6class_plasticmetal_cleaned/val/Plastic/plastic433.jpg,,prepared_datasets/combined_6class_plasticmetal_cleaned/val/Plastic/plastic433.jpg,,,,,,,,
cleaned_val_Plastic_plastic454.jpg,CombinedCleaned,image_classification,val,Plastic,Plastic,prepared_datasets/combined_6class_plasticmetal_cleaned/val/Plastic/plastic454.jpg,,prepared_datasets/combined_6class_plasticmetal_cleaned/val/Plastic/plastic454.jpg,,,,,,,,
cleaned_val_Plastic_plastic455.jpg,CombinedCleaned,image_classification,val,Plastic,Plastic,prepared_datasets/combined_6class_plasticmetal_cleaned/val/Plastic/plastic455.jpg,,prepared_datasets/combined_6class_plasticmetal_cleaned/val/Plastic/plastic455.jpg,,,,,,,,
cleaned_val_Plastic_plastic456.jpg,CombinedCleaned,image_classification,val,Plastic,Plastic,prepared_datasets/combined_6class_plasticmetal_cleaned/val/Plastic/plastic456.jpg,,prepared_datasets/combined_6class_plasticmetal_cleaned/val/Plastic/plastic456.jpg,,,,,,,,
cleaned_val_Plastic_plastic459.jpg,CombinedCleaned,image_classification,val,Plastic,Plastic,prepared_datasets/combined_6class_plasticmetal_cleaned/val/Plastic/plastic459.jpg,,prepared_datasets/combined_6class_plasticmetal_cleaned/val/Plastic/plastic459.jpg,,,,,,,,
cleaned_val_Plastic_plastic475.jpg,CombinedCleaned,image_classification,val,Plastic,Plastic,prepared_datasets/combined_6class_plasticmetal_cleaned/val/Plastic/plastic475.jpg,,prepared_datasets/combined_6class_plasticmetal_cleaned/val/Plastic/plastic475.jpg,,,,,,,,
cleaned_val_Plastic_plastic48.jpg,CombinedCleaned,image_classification,val,Plastic,Plastic,prepared_datasets/combined_6class_plasticmetal_cleaned/val/Plastic/plastic48.jpg,,prepared_datasets/combined_6class_plasticmetal_cleaned/val/Plastic/plastic48.jpg,,,,,,,,
cleaned_val_Plastic_plastic482.jpg,CombinedCleaned,image_classification,val,Plastic,Plastic,prepared_datasets/combined_6class_plasticmetal_cleaned/val/Plastic/plastic482.jpg,,prepared_datasets/combined_6class_plasticmetal_cleaned/val/Plastic/plastic482.jpg,,,,,,,,
cleaned_val_Plastic_plastic52.jpg,CombinedCleaned,image_classification,val,Plastic,Plastic,prepared_datasets/combined_6class_plasticmetal_cleaned/val/Plastic/plastic52.jpg,,prepared_datasets/combined_6class_plasticmetal_cleaned/val/Plastic/plastic52.jpg,,,,,,,,
cleaned_val_Plastic_plastic59.jpg,CombinedCleaned,image_classification,val,Plastic,Plastic,prepared_datasets/combined_6class_plasticmetal_cleaned/val/Plastic/plastic59.jpg,,prepared_datasets/combined_6class_plasticmetal_cleaned/val/Plastic/plastic59.jpg,,,,,,,,
cleaned_val_Plastic_plastic63.jpg,CombinedCleaned,image_classification,val,Plastic,Plastic,prepared_datasets/combined_6class_plasticmetal_cleaned/val/Plastic/plastic63.jpg,,prepared_datasets/combined_6class_plasticmetal_cleaned/val/Plastic/plastic63.jpg,,,,,,,,
cleaned_val_Plastic_plastic7.jpg,CombinedCleaned,image_classification,val,Plastic,Plastic,prepared_datasets/combined_6class_plasticmetal_cleaned/val/Plastic/plastic7.jpg,,prepared_datasets/combined_6class_plasticmetal_cleaned/val/Plastic/plastic7.jpg,,,,,,,,
cleaned_val_Plastic_plastic72.jpg,CombinedCleaned,image_classification,val,Plastic,Plastic,prepared_datasets/combined_6class_plasticmetal_cleaned/val/Plastic/plastic72.jpg,,prepared_datasets/combined_6class_plasticmetal_cleaned/val/Plastic/plastic72.jpg,,,,,,,,
cleaned_val_Plastic_plastic8.jpg,CombinedCleaned,image_classification,val,Plastic,Plastic,prepared_datasets/combined_6class_plasticmetal_cleaned/val/Plastic/plastic8.jpg,,prepared_datasets/combined_6class_plasticmetal_cleaned/val/Plastic/plastic8.jpg,,,,,,,,
cleaned_val_Plastic_plastic83.jpg,CombinedCleaned,image_classification,val,Plastic,Plastic,prepared_datasets/combined_6class_plasticmetal_cleaned/val/Plastic/plastic83.jpg,,prepared_datasets/combined_6class_plasticmetal_cleaned/val/Plastic/plastic83.jpg,,,,,,,,
cleaned_val_Plastic_plastic88.jpg,CombinedCleaned,image_classification,val,Plastic,Plastic,prepared_datasets/combined_6class_plasticmetal_cleaned/val/Plastic/plastic88.jpg,,prepared_datasets/combined_6class_plasticmetal_cleaned/val/Plastic/plastic88.jpg,,,,,,,,
cleaned_val_Plastic_plastic92.jpg,CombinedCleaned,image_classification,val,Plastic,Plastic,prepared_datasets/combined_6class_plasticmetal_cleaned/val/Plastic/plastic92.jpg,,prepared_datasets/combined_6class_plasticmetal_cleaned/val/Plastic/plastic92.jpg,,,,,,,,
cleaned_val_Plastic_plastic94.jpg,CombinedCleaned,image_classification,val,Plastic,Plastic,prepared_datasets/combined_6class_plasticmetal_cleaned/val/Plastic/plastic94.jpg,,prepared_datasets/combined_6class_plasticmetal_cleaned/val/Plastic/plastic94.jpg,,,,,,,,
cleaned_val_Plastic_plastic99.jpg,CombinedCleaned,image_classification,val,Plastic,Plastic,prepared_datasets/combined_6class_plasticmetal_cleaned/val/Plastic/plastic99.jpg,,prepared_datasets/combined_6class_plasticmetal_cleaned/val/Plastic/plastic99.jpg,,,,,,,,
