sample_id,source_dataset,annotation_type,split,final_class,source_label,image_path,crop_path,source_image_path,image_width,image_height,bbox_x,bbox_y,bbox_width,bbox_height,image_id,annotation_id
trashnet_train_plastic430.jpg,TrashNet,image_classification,train,Plastic,plastic,trashnet-master/trashnet-master/data/filtered_6class/train/Plastic/plastic430.jpg,,trashnet-master/trashnet-master/data/dataset-resized/plastic/plastic430.jpg,,,,,,,,
trashnet_train_plastic24.jpg,TrashNet,image_classification,train,Plastic,plastic,trashnet-master/trashnet-master/data/filtered_6class/train/Plastic/plastic24.jpg,,trashnet-master/trashnet-master/data/dataset-resized/plastic/plastic24.jpg,,,,,,,,
trashnet_train_plastic136.jpg,TrashNet,image_classification,train,Plastic,plastic,trashnet-master/trashnet-master/data/filtered_6class/train/Plastic/plastic136.jpg,,trashnet-master/trashnet-master/data/dataset-resized/plastic/plastic136.jpg,,,,,,,,
trashnet_train_plastic14.jpg,TrashNet,image_classification,train,Plastic,plastic,trashnet-master/trashnet-master/data/filtered_6class/train/Plastic/plastic14.jpg,,trashnet-master/trashnet-master/data/dataset-resized/plastic/plastic14.jpg,,,,,,,,
trashnet_train_plastic303.jpg,TrashNet,image_classification,train,Plastic,plastic,trashnet-master/trashnet-master/data/filtered_6class/train/Plastic/plastic303.jpg,,trashnet-master/trashnet-master/data/dataset-resized/plastic/plastic303.jpg,,,,,,,,
trashnet_train_plastic184.jpg,TrashNet,image_classification,train,Plastic,plastic,trashnet-master/trashnet-master/data/filtered_6class/train/Plastic/plastic184.jpg,,trashnet-master/trashnet-master/data/dataset-resized/plastic/plastic184.jpg,,,,,,,,
trashnet_train_plastic276.jpg,TrashNet,image_classification,train,Plastic,plastic,trashnet-master/trashnet-master/data/filtered_6class/train/Plastic/plastic276.jpg,,trashnet-master/trashnet-master/data/dataset-resized/plastic/plastic276.jpg,,,,,,,,
trashnet_train_plastic252.jpg,TrashNet,image_classification,train,Plastic,plastic,trashnet-master/trashnet-master/data/filtered_6class/train/Plastic/plastic252.jpg,,trashnet-master/trashnet-master/data/dataset-resized/plastic/plastic252.jpg,,,,,,,,
trashnet_train_plastic272.jpg,TrashNet,image_classification,train,Plastic,plastic,trashnet-master/trashnet-master/data/filtered_6class/train/Plastic/plastic272.jpg,,trashnet-master/trashnet-master/data/dataset-resized/plastic/plastic272.jpg,,,,,,,,
trashnet_train_plastic215.jpg,TrashNet,image_classification,train,Plastic,plastic,trashnet-master/trashnet-master/data/filtered_6class/train/Plastic/plastic215.jpg,,trashnet-master/trashnet-master/data/dataset-resized/plastic/plastic215.jpg,,,,,,,,
trashnet_train_plastic102.jpg,TrashNet,image_classification,train,Plastic,plastic,trashnet-master/trashnet-master/data/filtered_6class/train/Plastic/plastic102.jpg,,trashnet-master/trashnet-master/data/dataset-resized/plastic/plastic102.jpg,,,,,,,,
trashnet_train_plastic445.jpg,TrashNet,image_classification,train,Plastic,plastic,trashnet-master/trashnet-master/data/filtered_6class/train/Plastic/plastic445.jpg,,trashnet-master/trashnet-master/data/dataset-resized/plastic/plastic445.jpg,,,,,,,,
trashnet_train_plastic381.jpg,TrashNet,image_classification,train,Plastic,plastic,trashnet-master/trashnet-master/data/filtered_6class/train/Plastic/plastic381.jpg,,trashnet-master/trashnet-master/data/dataset-resized/plastic/plastic381.jpg,,,,,,,,
trashnet_train_plastic226.jpg,TrashNet,image_classification,train,Plastic,plastic,trashnet-master/trashnet-master/data/filtered_6class/train/Plastic/plastic226.jpg,,trashnet-master/trashnet-master/data/dataset-resized/plastic/plastic226.jpg,,,,,,,,
trashnet_train_plastic80.jpg,TrashNet,image_classification,train,Plastic,plastic,trashnet-master/trashnet-master/data/filtered_6class/train/Plastic/plastic80.jpg,,trashnet-master/trashnet-master/data/dataset-resized/plastic/plastic80.jpg,,,,,,,,
trashnet_train_plastic238.jpg,TrashNet,image_classification,train,Plastic,plastic,trashnet-master/trashnet-master/data/filtered_6class/train/Plastic/plastic238.jpg,,trashnet-master/trashnet-master/data/dataset-resized/plastic/plastic238.jpg,,,,,,,,
trashnet_train_plastic443.jpg,TrashNet,image_classification,train,Plastic,plastic,trashnet-master/trashnet-master/data/filtered_6class/train/Plastic/plastic443.jpg,,trashnet-master/trashnet-master/data/dataset-resized/plastic/plastic443.jpg,,,,,,,,
trashnet_train_plastic312.jpg,TrashNet,image_classification,train,Plastic,plastic,trashnet-master/trashnet-master/data/filtered_6class/train/Plastic/plastic312.jpg,,trashnet-master/trashnet-master/data/dataset-resized/plastic/plastic312.jpg,,,,,,,,
trashnet_train_plastic265.jpg,TrashNet,image_classification,train,Plastic,plastic,trashnet-master/trashnet-master/data/filtered_6class/train/Plastic/plastic265.jpg,,trashnet-master/trashnet-master/data/dataset-resized/plastic/plastic265.jpg,,,,,,,,
trashnet_train_plastic270.jpg,TrashNet,image_classification,train,Plastic,plastic,trashnet-master/trashnet-master/data/filtered_6class/train/Plastic/plastic270.jpg,,trashnet-master/trashnet-master/data/dataset-resized/plastic/plastic270.jpg,,,,,,,,
trashnet_train_plastic481.jpg,TrashNet,image_classification,train,Plastic,plastic,trashnet-master/trashnet-master/data/filtered_6class/train/Plastic/plastic481.jpg,,trashnet-master/trashnet-master/data/dataset-resized/plastic/plastic481.jpg,,,,,,,,
trashnet_train_plastic286.jpg,TrashNet,image_classification,train,Plastic,plastic,trashnet-master/trashnet-master/data/filtered_6class/train/Plastic/plastic286.jpg,,trashnet-master/trashnet-master/data/dataset-resized/plastic/plastic286.jpg,,,,,,,,
trashnet_train_plastic105.jpg,TrashNet,image_classification,train,Plastic,plastic,trashnet-master/trashnet-master/data/filtered_6class/train/Plastic/plastic105.jpg,,trashnet-master/trashnet-master/data/dataset-resized/plastic/plastic105.jpg,,,,,,,,
trashnet_train_plastic23.jpg,TrashNet,image_classification,train,Plastic,plastic,trashnet-master/trashnet-master/data/filtered_6class/train/Plastic/plastic23.jpg,,trashnet-master/trashnet-master/data/dataset-resized/plastic/plastic23.jpg,,,,,,,,
trashnet_train_plastic118.jpg,TrashNet,image_classification,train,Plastic,plastic,trashnet-master/trashnet-master/data/filtered_6class/train/Plastic/plastic118.jpg,,trashnet-master/trashnet-master/data/dataset-resized/plastic/plastic118.jpg,,,,,,,,
trashnet_train_plastic144.jpg,TrashNet,image_classification,train,Plastic,plastic,trashnet-master/trashnet-master/data/filtered_6class/train/Plastic/plastic144.jpg,,trashnet-master/trashnet-master/data/dataset-resized/plastic/plastic144.jpg,,,,,,,,
trashnet_train_plastic186.jpg,TrashNet,image_classification,train,Plastic,plastic,trashnet-master/trashnet-master/data/filtered_6class/train/Plastic/plastic186.jpg,,trashnet-master/trashnet-master/data/dataset-resized/plastic/plastic186.jpg,,,,,,,,
trashnet_train_plastic438.jpg,TrashNet,image_classification,train,Plastic,plastic,trashnet-master/trashnet-master/data/filtered_6class/train/Plastic/plastic438.jpg,,trashnet-master/trashnet-master/data/dataset-resized/plastic/plastic438.jpg,,,,,,,,
trashnet_train_plastic32.jpg,TrashNet,image_classification,train,Plastic,plastic,trashnet-master/trashnet-master/data/filtered_6class/train/Plastic/plastic32.jpg,,trashnet-master/trashnet-master/data/dataset-resized/plastic/plastic32.jpg,,,,,,,,
trashnet_train_plastic359.jpg,TrashNet,image_classification,train,Plastic,plastic,trashnet-master/trashnet-master/data/filtered_6class/train/Plastic/plastic359.jpg,,trashnet-master/trashnet-master/data/dataset-resized/plastic/plastic359.jpg,,,,,,,,
trashnet_train_plastic280.jpg,TrashNet,image_classification,train,Plastic,plastic,trashnet-master/trashnet-master/data/filtered_6class/train/Plastic/plastic280.jpg,,trashnet-master/trashnet-master/data/dataset-resized/plastic/plastic280.jpg,,,,,,,,
trashnet_train_plastic152.jpg,TrashNet,image_classification,train,Plastic,plastic,trashnet-master/trashnet-master/data/filtered_6class/train/Plastic/plastic152.jpg,,trashnet-master/trashnet-master/data/dataset-resized/plastic/plastic152.jpg,,,,,,,,
trashnet_train_plastic351.jpg,TrashNet,image_classification,train,Plastic,plastic,trashnet-master/trashnet-master/data/filtered_6class/train/Plastic/plastic351.jpg,,trashnet-master/trashnet-master/data/dataset-resized/plastic/plastic351.jpg,,,,,,,,
trashnet_train_plastic260.jpg,TrashNet,image_classification,train,Plastic,plastic,trashnet-master/trashnet-master/data/filtered_6class/train/Plastic/plastic260.jpg,,trashnet-master/trashnet-master/data/dataset-resized/plastic/plastic260.jpg,,,,,,,,
trashnet_train_plastic355.jpg,TrashNet,image_classification,train,Plastic,plastic,trashnet-master/trashnet-master/data/filtered_6class/train/Plastic/plastic355.jpg,,trashnet-master/trashnet-master/data/dataset-resized/plastic/plastic355.jpg,,,,,,,,
trashnet_train_plastic228.jpg,TrashNet,image_classification,train,Plastic,plastic,trashnet-master/trashnet-master/data/filtered_6class/train/Plastic/plastic228.jpg,,trashnet-master/trashnet-master/data/dataset-resized/plastic/plastic228.jpg,,,,,,,,
trashnet_train_plastic309.jpg,TrashNet,image_classification,train,Plastic,plastic,trashnet-master/trashnet-master/data/filtered_6class/train/Plastic/plastic309.jpg,,trashnet-master/trashnet-master/data/dataset-resized/plastic/plastic309.jpg,,,,,,,,
trashnet_train_plastic46.jpg,TrashNet,image_classification,train,Plastic,plastic,trashnet-master/trashnet-master/data/filtered_6class/train/Plastic/plastic46.jpg,,trashnet-master/trashnet-master/data/dataset-resized/plastic/plastic46.jpg,,,,,,,,
trashnet_train_plastic263.jpg,TrashNet,image_classification,train,Plastic,plastic,trashnet-master/trashnet-master/data/filtered_6class/train/Plastic/plastic263.jpg,,trashnet-master/trashnet-master/data/dataset-resized/plastic/plastic263.jpg,,,,,,,,
trashnet_train_plastic427.jpg,TrashNet,image_classification,train,Plastic,plastic,trashnet-master/trashnet-master/data/filtered_6class/train/Plastic/plastic427.jpg,,trashnet-master/trashnet-master/data/dataset-resized/plastic/plastic427.jpg,,,,,,,,
trashnet_train_plastic89.jpg,TrashNet,image_classification,train,Plastic,plastic,trashnet-master/trashnet-master/data/filtered_6class/train/Plastic/plastic89.jpg,,trashnet-master/trashnet-master/data/dataset-resized/plastic/plastic89.jpg,,,,,,,,
trashnet_train_plastic29.jpg,TrashNet,image_classification,train,Plastic,plastic,trashnet-master/trashnet-master/data/filtered_6class/train/Plastic/plastic29.jpg,,trashnet-master/trashnet-master/data/dataset-resized/plastic/plastic29.jpg,,,,,,,,
trashnet_train_plastic245.jpg,TrashNet,image_classification,train,Plastic,plastic,trashnet-master/trashnet-master/data/filtered_6class/train/Plastic/plastic245.jpg,,trashnet-master/trashnet-master/data/dataset-resized/plastic/plastic245.jpg,,,,,,,,
trashnet_train_plastic376.jpg,TrashNet,image_classification,train,Plastic,plastic,trashnet-master/trashnet-master/data/filtered_6class/train/Plastic/plastic376.jpg,,trashnet-master/trashnet-master/data/dataset-resized/plastic/plastic376.jpg,,,,,,,,
trashnet_train_plastic480.jpg,TrashNet,image_classification,train,Plastic,plastic,trashnet-master/trashnet-master/data/filtered_6class/train/Plastic/plastic480.jpg,,trashnet-master/trashnet-master/data/dataset-resized/plastic/plastic480.jpg,,,,,,,,
trashnet_train_plastic302.jpg,TrashNet,image_classification,train,Plastic,plastic,trashnet-master/trashnet-master/data/filtered_6class/train/Plastic/plastic302.jpg,,trashnet-master/trashnet-master/data/dataset-resized/plastic/plastic302.jpg,,,,,,,,
trashnet_train_plastic246.jpg,TrashNet,image_classification,train,Plastic,plastic,trashnet-master/trashnet-master/data/filtered_6class/train/Plastic/plastic246.jpg,,trashnet-master/trashnet-master/data/dataset-resized/plastic/plastic246.jpg,,,,,,,,
trashnet_train_plastic18.jpg,TrashNet,image_classification,train,Plastic,plastic,trashnet-master/trashnet-master/data/filtered_6class/train/Plastic/plastic18.jpg,,trashnet-master/trashnet-master/data/dataset-resized/plastic/plastic18.jpg,,,,,,,,
trashnet_train_plastic239.jpg,TrashNet,image_classification,train,Plastic,plastic,trashnet-master/trashnet-master/data/filtered_6class/train/Plastic/plastic239.jpg,,trashnet-master/trashnet-master/data/dataset-resized/plastic/plastic239.jpg,,,,,,,,
trashnet_train_plastic289.jpg,TrashNet,image_classification,train,Plastic,plastic,trashnet-master/trashnet-master/data/filtered_6class/train/Plastic/plastic289.jpg,,trashnet-master/trashnet-master/data/dataset-resized/plastic/plastic289.jpg,,,,,,,,
trashnet_train_plastic207.jpg,TrashNet,image_classification,train,Plastic,plastic,trashnet-master/trashnet-master/data/filtered_6class/train/Plastic/plastic207.jpg,,trashnet-master/trashnet-master/data/dataset-resized/plastic/plastic207.jpg,,,,,,,,
trashnet_train_plastic338.jpg,TrashNet,image_classification,train,Plastic,plastic,trashnet-master/trashnet-master/data/filtered_6class/train/Plastic/plastic338.jpg,,trashnet-master/trashnet-master/data/dataset-resized/plastic/plastic338.jpg,,,,,,,,
trashnet_train_plastic166.jpg,TrashNet,image_classification,train,Plastic,plastic,trashnet-master/trashnet-master/data/filtered_6class/train/Plastic/plastic166.jpg,,trashnet-master/trashnet-master/data/dataset-resized/plastic/plastic166.jpg,,,,,,,,
trashnet_train_plastic132.jpg,TrashNet,image_classification,train,Plastic,plastic,trashnet-master/trashnet-master/data/filtered_6class/train/Plastic/plastic132.jpg,,trashnet-master/trashnet-master/data/dataset-resized/plastic/plastic132.jpg,,,,,,,,
trashnet_train_plastic453.jpg,TrashNet,image_classification,train,Plastic,plastic,trashnet-master/trashnet-master/data/filtered_6class/train/Plastic/plastic453.jpg,,trashnet-master/trashnet-master/data/dataset-resized/plastic/plastic453.jpg,,,,,,,,
trashnet_train_plastic147.jpg,TrashNet,image_classification,train,Plastic,plastic,trashnet-master/trashnet-master/data/filtered_6class/train/Plastic/plastic147.jpg,,trashnet-master/trashnet-master/data/dataset-resized/plastic/plastic147.jpg,,,,,,,,
trashnet_train_plastic213.jpg,TrashNet,image_classification,train,Plastic,plastic,trashnet-master/trashnet-master/data/filtered_6class/train/Plastic/plastic213.jpg,,trashnet-master/trashnet-master/data/dataset-resized/plastic/plastic213.jpg,,,,,,,,
trashnet_train_plastic179.jpg,TrashNet,image_classification,train,Plastic,plastic,trashnet-master/trashnet-master/data/filtered_6class/train/Plastic/plastic179.jpg,,trashnet-master/trashnet-master/data/dataset-resized/plastic/plastic179.jpg,,,,,,,,
trashnet_train_plastic229.jpg,TrashNet,image_classification,train,Plastic,plastic,trashnet-master/trashnet-master/data/filtered_6class/train/Plastic/plastic229.jpg,,trashnet-master/trashnet-master/data/dataset-resized/plastic/plastic229.jpg,,,,,,,,
trashnet_train_plastic362.jpg,TrashNet,image_classification,train,Plastic,plastic,trashnet-master/trashnet-master/data/filtered_6class/train/Plastic/plastic362.jpg,,trashnet-master/trashnet-master/data/dataset-resized/plastic/plastic362.jpg,,,,,,,,
trashnet_train_plastic257.jpg,TrashNet,image_classification,train,Plastic,plastic,trashnet-master/trashnet-master/data/filtered_6class/train/Plastic/plastic257.jpg,,trashnet-master/trashnet-master/data/dataset-resized/plastic/plastic257.jpg,,,,,,,,
trashnet_train_plastic393.jpg,TrashNet,image_classification,train,Plastic,plastic,trashnet-master/trashnet-master/data/filtered_6class/train/Plastic/plastic393.jpg,,trashnet-master/trashnet-master/data/dataset-resized/plastic/plastic393.jpg,,,,,,,,
trashnet_train_plastic91.jpg,TrashNet,image_classification,train,Plastic,plastic,trashnet-master/trashnet-master/data/filtered_6class/train/Plastic/plastic91.jpg,,trashnet-master/trashnet-master/data/dataset-resized/plastic/plastic91.jpg,,,,,,,,
trashnet_train_plastic468.jpg,TrashNet,image_classification,train,Plastic,plastic,trashnet-master/trashnet-master/data/filtered_6class/train/Plastic/plastic468.jpg,,trashnet-master/trashnet-master/data/dataset-resized/plastic/plastic468.jpg,,,,,,,,
trashnet_train_plastic182.jpg,TrashNet,image_classification,train,Plastic,plastic,trashnet-master/trashnet-master/data/filtered_6class/train/Plastic/plastic182.jpg,,trashnet-master/trashnet-master/data/dataset-resized/plastic/plastic182.jpg,,,,,,,,
trashnet_train_plastic19.jpg,TrashNet,image_classification,train,Plastic,plastic,trashnet-master/trashnet-master/data/filtered_6class/train/Plastic/plastic19.jpg,,trashnet-master/trashnet-master/data/dataset-resized/plastic/plastic19.jpg,,,,,,,,
trashnet_train_plastic295.jpg,TrashNet,image_classification,train,Plastic,plastic,trashnet-master/trashnet-master/data/filtered_6class/train/Plastic/plastic295.jpg,,trashnet-master/trashnet-master/data/dataset-resized/plastic/plastic295.jpg,,,,,,,,
trashnet_train_plastic335.jpg,TrashNet,image_classification,train,Plastic,plastic,trashnet-master/trashnet-master/data/filtered_6class/train/Plastic/plastic335.jpg,,trashnet-master/trashnet-master/data/dataset-resized/plastic/plastic335.jpg,,,,,,,,
trashnet_train_plastic198.jpg,TrashNet,image_classification,train,Plastic,plastic,trashnet-master/trashnet-master/data/filtered_6class/train/Plastic/plastic198.jpg,,trashnet-master/trashnet-master/data/dataset-resized/plastic/plastic198.jpg,,,,,,,,
trashnet_train_plastic41.jpg,TrashNet,image_classification,train,Plastic,plastic,trashnet-master/trashnet-master/data/filtered_6class/train/Plastic/plastic41.jpg,,trashnet-master/trashnet-master/data/dataset-resized/plastic/plastic41.jpg,,,,,,,,
trashnet_train_plastic373.jpg,TrashNet,image_classification,train,Plastic,plastic,trashnet-master/trashnet-master/data/filtered_6class/train/Plastic/plastic373.jpg,,trashnet-master/trashnet-master/data/dataset-resized/plastic/plastic373.jpg,,,,,,,,
trashnet_train_plastic261.jpg,TrashNet,image_classification,train,Plastic,plastic,trashnet-master/trashnet-master/data/filtered_6class/train/Plastic/plastic261.jpg,,trashnet-master/trashnet-master/data/dataset-resized/plastic/plastic261.jpg,,,,,,,,
trashnet_train_plastic26.jpg,TrashNet,image_classification,train,Plastic,plastic,trashnet-master/trashnet-master/data/filtered_6class/train/Plastic/plastic26.jpg,,trashnet-master/trashnet-master/data/dataset-resized/plastic/plastic26.jpg,,,,,,,,
trashnet_train_plastic388.jpg,TrashNet,image_classification,train,Plastic,plastic,trashnet-master/trashnet-master/data/filtered_6class/train/Plastic/plastic388.jpg,,trashnet-master/trashnet-master/data/dataset-resized/plastic/plastic388.jpg,,,,,,,,
trashnet_train_plastic282.jpg,TrashNet,image_classification,train,Plastic,plastic,trashnet-master/trashnet-master/data/filtered_6class/train/Plastic/plastic282.jpg,,trashnet-master/trashnet-master/data/dataset-resized/plastic/plastic282.jpg,,,,,,,,
trashnet_train_plastic50.jpg,TrashNet,image_classification,train,Plastic,plastic,trashnet-master/trashnet-master/data/filtered_6class/train/Plastic/plastic50.jpg,,trashnet-master/trashnet-master/data/dataset-resized/plastic/plastic50.jpg,,,,,,,,
trashnet_train_plastic109.jpg,TrashNet,image_classification,train,Plastic,plastic,trashnet-master/trashnet-master/data/filtered_6class/train/Plastic/plastic109.jpg,,trashnet-master/trashnet-master/data/dataset-resized/plastic/plastic109.jpg,,,,,,,,
trashnet_train_plastic104.jpg,TrashNet,image_classification,train,Plastic,plastic,trashnet-master/trashnet-master/data/filtered_6class/train/Plastic/plastic104.jpg,,trashnet-master/trashnet-master/data/dataset-resized/plastic/plastic104.jpg,,,,,,,,
trashnet_train_plastic336.jpg,TrashNet,image_classification,train,Plastic,plastic,trashnet-master/trashnet-master/data/filtered_6class/train/Plastic/plastic336.jpg,,trashnet-master/trashnet-master/data/dataset-resized/plastic/plastic336.jpg,,,,,,,,
trashnet_train_plastic417.jpg,TrashNet,image_classification,train,Plastic,plastic,trashnet-master/trashnet-master/data/filtered_6class/train/Plastic/plastic417.jpg,,trashnet-master/trashnet-master/data/dataset-resized/plastic/plastic417.jpg,,,,,,,,
trashnet_train_plastic299.jpg,TrashNet,image_classification,train,Plastic,plastic,trashnet-master/trashnet-master/data/filtered_6class/train/Plastic/plastic299.jpg,,trashnet-master/trashnet-master/data/dataset-resized/plastic/plastic299.jpg,,,,,,,,
trashnet_train_plastic183.jpg,TrashNet,image_classification,train,Plastic,plastic,trashnet-master/trashnet-master/data/filtered_6class/train/Plastic/plastic183.jpg,,trashnet-master/trashnet-master/data/dataset-resized/plastic/plastic183.jpg,,,,,,,,
trashnet_train_plastic447.jpg,TrashNet,image_classification,train,Plastic,plastic,trashnet-master/trashnet-master/data/filtered_6class/train/Plastic/plastic447.jpg,,trashnet-master/trashnet-master/data/dataset-resized/plastic/plastic447.jpg,,,,,,,,
trashnet_train_plastic259.jpg,TrashNet,image_classification,train,Plastic,plastic,trashnet-master/trashnet-master/data/filtered_6class/train/Plastic/plastic259.jpg,,trashnet-master/trashnet-master/data/dataset-resized/plastic/plastic259.jpg,,,,,,,,
trashnet_train_plastic434.jpg,TrashNet,image_classification,train,Plastic,plastic,trashnet-master/trashnet-master/data/filtered_6class/train/Plastic/plastic434.jpg,,trashnet-master/trashnet-master/data/dataset-resized/plastic/plastic434.jpg,,,,,,,,
trashnet_train_plastic122.jpg,TrashNet,image_classification,train,Plastic,plastic,trashnet-master/trashnet-master/data/filtered_6class/train/Plastic/plastic122.jpg,,trashnet-master/trashnet-master/data/dataset-resized/plastic/plastic122.jpg,,,,,,,,
trashnet_train_plastic169.jpg,TrashNet,image_classification,train,Plastic,plastic,trashnet-master/trashnet-master/data/filtered_6class/train/Plastic/plastic169.jpg,,trashnet-master/trashnet-master/data/dataset-resized/plastic/plastic169.jpg,,,,,,,,
trashnet_train_plastic313.jpg,TrashNet,image_classification,train,Plastic,plastic,trashnet-master/trashnet-master/data/filtered_6class/train/Plastic/plastic313.jpg,,trashnet-master/trashnet-master/data/dataset-resized/plastic/plastic313.jpg,,,,,,,,
trashnet_train_plastic13.jpg,TrashNet,image_classification,train,Plastic,plastic,trashnet-master/trashnet-master/data/filtered_6class/train/Plastic/plastic13.jpg,,trashnet-master/trashnet-master/data/dataset-resized/plastic/plastic13.jpg,,,,,,,,
trashnet_train_plastic436.jpg,TrashNet,image_classification,train,Plastic,plastic,trashnet-master/trashnet-master/data/filtered_6class/train/Plastic/plastic436.jpg,,trashnet-master/trashnet-master/data/dataset-resized/plastic/plastic436.jpg,,,,,,,,
trashnet_train_plastic469.jpg,TrashNet,image_classification,train,Plastic,plastic,trashnet-master/trashnet-master/data/filtered_6class/train/Plastic/plastic469.jpg,,trashnet-master/trashnet-master/data/dataset-resized/plastic/plastic469.jpg,,,,,,,,
trashnet_train_plastic185.jpg,TrashNet,image_classification,train,Plastic,plastic,trashnet-master/trashnet-master/data/filtered_6class/train/Plastic/plastic185.jpg,,trashnet-master/trashnet-master/data/dataset-resized/plastic/plastic185.jpg,,,,,,,,
trashnet_train_plastic237.jpg,TrashNet,image_classification,train,Plastic,plastic,trashnet-master/trashnet-master/data/filtered_6class/train/Plastic/plastic237.jpg,,trashnet-master/trashnet-master/data/dataset-resized/plastic/plastic237.jpg,,,,,,,,
trashnet_train_plastic279.jpg,TrashNet,image_classification,train,Plastic,plastic,trashnet-master/trashnet-master/data/filtered_6class/train/Plastic/plastic279.jpg,,trashnet-master/trashnet-master/data/dataset-resized/plastic/plastic279.jpg,,,,,,,,
trashnet_train_plastic247.jpg,TrashNet,image_classification,train,Plastic,plastic,trashnet-master/trashnet-master/data/filtered_6class/train/Plastic/plastic247.jpg,,trashnet-master/trashnet-master/data/dataset-resized/plastic/plastic247.jpg,,,,,,,,
trashnet_train_plastic409.jpg,TrashNet,image_classification,train,Plastic,plastic,trashnet-master/trashnet-master/data/filtered_6class/train/Plastic/plastic409.jpg,,trashnet-master/trashnet-master/data/dataset-resized/plastic/plastic409.jpg,,,,,,,,
trashnet_train_plastic364.jpg,TrashNet,image_classification,train,Plastic,plastic,trashnet-master/trashnet-master/data/filtered_6class/train/Plastic/plastic364.jpg,,trashnet-master/trashnet-master/data/dataset-resized/plastic/plastic364.jpg,,,,,,,,
trashnet_train_plastic290.jpg,TrashNet,image_classification,train,Plastic,plastic,trashnet-master/trashnet-master/data/filtered_6class/train/Plastic/plastic290.jpg,,trashnet-master/trashnet-master/data/dataset-resized/plastic/plastic290.jpg,,,,,,,,
trashnet_train_plastic404.jpg,TrashNet,image_classification,train,Plastic,plastic,trashnet-master/trashnet-master/data/filtered_6class/train/Plastic/plastic404.jpg,,trashnet-master/trashnet-master/data/dataset-resized/plastic/plastic404.jpg,,,,,,,,
trashnet_train_plastic176.jpg,TrashNet,image_classification,train,Plastic,plastic,trashnet-master/trashnet-master/data/filtered_6class/train/Plastic/plastic176.jpg,,trashnet-master/trashnet-master/data/dataset-resized/plastic/plastic176.jpg,,,,,,,,
trashnet_train_plastic379.jpg,TrashNet,image_classification,train,Plastic,plastic,trashnet-master/trashnet-master/data/filtered_6class/train/Plastic/plastic379.jpg,,trashnet-master/trashnet-master/data/dataset-resized/plastic/plastic379.jpg,,,,,,,,
trashnet_train_plastic49.jpg,TrashNet,image_classification,train,Plastic,plastic,trashnet-master/trashnet-master/data/filtered_6class/train/Plastic/plastic49.jpg,,trashnet-master/trashnet-master/data/dataset-resized/plastic/plastic49.jpg,,,,,,,,
trashnet_train_plastic44.jpg,TrashNet,image_classification,train,Plastic,plastic,trashnet-master/trashnet-master/data/filtered_6class/train/Plastic/plastic44.jpg,,trashnet-master/trashnet-master/data/dataset-resized/plastic/plastic44.jpg,,,,,,,,
trashnet_train_plastic68.jpg,TrashNet,image_classification,train,Plastic,plastic,trashnet-master/trashnet-master/data/filtered_6class/train/Plastic/plastic68.jpg,,trashnet-master/trashnet-master/data/dataset-resized/plastic/plastic68.jpg,,,,,,,,
trashnet_train_plastic133.jpg,TrashNet,image_classification,train,Plastic,plastic,trashnet-master/trashnet-master/data/filtered_6class/train/Plastic/plastic133.jpg,,trashnet-master/trashnet-master/data/dataset-resized/plastic/plastic133.jpg,,,,,,,,
trashnet_train_plastic341.jpg,TrashNet,image_classification,train,Plastic,plastic,trashnet-master/trashnet-master/data/filtered_6class/train/Plastic/plastic341.jpg,,trashnet-master/trashnet-master/data/dataset-resized/plastic/plastic341.jpg,,,,,,,,
trashnet_train_plastic161.jpg,TrashNet,image_classification,train,Plastic,plastic,trashnet-master/trashnet-master/data/filtered_6class/train/Plastic/plastic161.jpg,,trashnet-master/trashnet-master/data/dataset-resized/plastic/plastic161.jpg,,,,,,,,
trashnet_train_plastic195.jpg,TrashNet,image_classification,train,Plastic,plastic,trashnet-master/trashnet-master/data/filtered_6class/train/Plastic/plastic195.jpg,,trashnet-master/trashnet-master/data/dataset-resized/plastic/plastic195.jpg,,,,,,,,
trashnet_train_plastic40.jpg,TrashNet,image_classification,train,Plastic,plastic,trashnet-master/trashnet-master/data/filtered_6class/train/Plastic/plastic40.jpg,,trashnet-master/trashnet-master/data/dataset-resized/plastic/plastic40.jpg,,,,,,,,
trashnet_train_plastic296.jpg,TrashNet,image_classification,train,Plastic,plastic,trashnet-master/trashnet-master/data/filtered_6class/train/Plastic/plastic296.jpg,,trashnet-master/trashnet-master/data/dataset-resized/plastic/plastic296.jpg,,,,,,,,
trashnet_train_plastic330.jpg,TrashNet,image_classification,train,Plastic,plastic,trashnet-master/trashnet-master/data/filtered_6class/train/Plastic/plastic330.jpg,,trashnet-master/trashnet-master/data/dataset-resized/plastic/plastic330.jpg,,,,,,,,
trashnet_train_plastic382.jpg,TrashNet,image_classification,train,Plastic,plastic,trashnet-master/trashnet-master/data/filtered_6class/train/Plastic/plastic382.jpg,,trashnet-master/trashnet-master/data/dataset-resized/plastic/plastic382.jpg,,,,,,,,
trashnet_train_plastic127.jpg,TrashNet,image_classification,train,Plastic,plastic,trashnet-master/trashnet-master/data/filtered_6class/train/Plastic/plastic127.jpg,,trashnet-master/trashnet-master/data/dataset-resized/plastic/plastic127.jpg,,,,,,,,
trashnet_train_plastic340.jpg,TrashNet,image_classification,train,Plastic,plastic,trashnet-master/trashnet-master/data/filtered_6class/train/Plastic/plastic340.jpg,,trashnet-master/trashnet-master/data/dataset-resized/plastic/plastic340.jpg,,,,,,,,
trashnet_train_plastic402.jpg,TrashNet,image_classification,train,Plastic,plastic,trashnet-master/trashnet-master/data/filtered_6class/train/Plastic/plastic402.jpg,,trashnet-master/trashnet-master/data/dataset-resized/plastic/plastic402.jpg,,,,,,,,
trashnet_train_plastic372.jpg,TrashNet,image_classification,train,Plastic,plastic,trashnet-master/trashnet-master/data/filtered_6class/train/Plastic/plastic372.jpg,,trashnet-master/trashnet-master/data/dataset-resized/plastic/plastic372.jpg,,,,,,,,
trashnet_train_plastic86.jpg,TrashNet,image_classification,train,Plastic,plastic,trashnet-master/trashnet-master/data/filtered_6class/train/Plastic/plastic86.jpg,,trashnet-master/trashnet-master/data/dataset-resized/plastic/plastic86.jpg,,,,,,,,
trashnet_train_plastic74.jpg,TrashNet,image_classification,train,Plastic,plastic,trashnet-master/trashnet-master/data/filtered_6class/train/Plastic/plastic74.jpg,,trashnet-master/trashnet-master/data/dataset-resized/plastic/plastic74.jpg,,,,,,,,
trashnet_train_plastic218.jpg,TrashNet,image_classification,train,Plastic,plastic,trashnet-master/trashnet-master/data/filtered_6class/train/Plastic/plastic218.jpg,,trashnet-master/trashnet-master/data/dataset-resized/plastic/plastic218.jpg,,,,,,,,
trashnet_train_plastic352.jpg,TrashNet,image_classification,train,Plastic,plastic,trashnet-master/trashnet-master/data/filtered_6class/train/Plastic/plastic352.jpg,,trashnet-master/trashnet-master/data/dataset-resized/plastic/plastic352.jpg,,,,,,,,
trashnet_train_plastic288.jpg,TrashNet,image_classification,train,Plastic,plastic,trashnet-master/trashnet-master/data/filtered_6class/train/Plastic/plastic288.jpg,,trashnet-master/trashnet-master/data/dataset-resized/plastic/plastic288.jpg,,,,,,,,
trashnet_train_plastic160.jpg,TrashNet,image_classification,train,Plastic,plastic,trashnet-master/trashnet-master/data/filtered_6class/train/Plastic/plastic160.jpg,,trashnet-master/trashnet-master/data/dataset-resized/plastic/plastic160.jpg,,,,,,,,
trashnet_train_plastic363.jpg,TrashNet,image_classification,train,Plastic,plastic,trashnet-master/trashnet-master/data/filtered_6class/train/Plastic/plastic363.jpg,,trashnet-master/trashnet-master/data/dataset-resized/plastic/plastic363.jpg,,,,,,,,
trashnet_train_plastic474.jpg,TrashNet,image_classification,train,Plastic,plastic,trashnet-master/trashnet-master/data/filtered_6class/train/Plastic/plastic474.jpg,,trashnet-master/trashnet-master/data/dataset-resized/plastic/plastic474.jpg,,,,,,,,
trashnet_train_plastic164.jpg,TrashNet,image_classification,train,Plastic,plastic,trashnet-master/trashnet-master/data/filtered_6class/train/Plastic/plastic164.jpg,,trashnet-master/trashnet-master/data/dataset-resized/plastic/plastic164.jpg,,,,,,,,
trashnet_train_plastic58.jpg,TrashNet,image_classification,train,Plastic,plastic,trashnet-master/trashnet-master/data/filtered_6class/train/Plastic/plastic58.jpg,,trashnet-master/trashnet-master/data/dataset-resized/plastic/plastic58.jpg,,,,,,,,
trashnet_train_plastic387.jpg,TrashNet,image_classification,train,Plastic,plastic,trashnet-master/trashnet-master/data/filtered_6class/train/Plastic/plastic387.jpg,,trashnet-master/trashnet-master/data/dataset-resized/plastic/plastic387.jpg,,,,,,,,
trashnet_train_plastic100.jpg,TrashNet,image_classification,train,Plastic,plastic,trashnet-master/trashnet-master/data/filtered_6class/train/Plastic/plastic100.jpg,,trashnet-master/trashnet-master/data/dataset-resized/plastic/plastic100.jpg,,,,,,,,
trashnet_train_plastic323.jpg,TrashNet,image_classification,train,Plastic,plastic,trashnet-master/trashnet-master/data/filtered_6class/train/Plastic/plastic323.jpg,,trashnet-master/trashnet-master/data/dataset-resized/plastic/plastic323.jpg,,,,,,,,
trashnet_train_plastic385.jpg,TrashNet,image_classification,train,Plastic,plastic,trashnet-master/trashnet-master/data/filtered_6class/train/Plastic/plastic385.jpg,,trashnet-master/trashnet-master/data/dataset-resized/plastic/plastic385.jpg,,,,,,,,
trashnet_train_plastic42.jpg,TrashNet,image_classification,train,Plastic,plastic,trashnet-master/trashnet-master/data/filtered_6class/train/Plastic/plastic42.jpg,,trashnet-master/trashnet-master/data/dataset-resized/plastic/plastic42.jpg,,,,,,,,
trashnet_train_plastic168.jpg,TrashNet,image_classification,train,Plastic,plastic,trashnet-master/trashnet-master/data/filtered_6class/train/Plastic/plastic168.jpg,,trashnet-master/trashnet-master/data/dataset-resized/plastic/plastic168.jpg,,,,,,,,
trashnet_train_plastic316.jpg,TrashNet,image_classification,train,Plastic,plastic,trashnet-master/trashnet-master/data/filtered_6class/train/Plastic/plastic316.jpg,,trashnet-master/trashnet-master/data/dataset-resized/plastic/plastic316.jpg,,,,,,,,
trashnet_train_plastic85.jpg,TrashNet,image_classification,train,Plastic,plastic,trashnet-master/trashnet-master/data/filtered_6class/train/Plastic/plastic85.jpg,,trashnet-master/trashnet-master/data/dataset-resized/plastic/plastic85.jpg,,,,,,,,
trashnet_train_plastic5.jpg,TrashNet,image_classification,train,Plastic,plastic,trashnet-master/trashnet-master/data/filtered_6class/train/Plastic/plastic5.jpg,,trashnet-master/trashnet-master/data/dataset-resized/plastic/plastic5.jpg,,,,,,,,
trashnet_train_plastic339.jpg,TrashNet,image_classification,train,Plastic,plastic,trashnet-master/trashnet-master/data/filtered_6class/train/Plastic/plastic339.jpg,,trashnet-master/trashnet-master/data/dataset-resized/plastic/plastic339.jpg,,,,,,,,
trashnet_train_plastic224.jpg,TrashNet,image_classification,train,Plastic,plastic,trashnet-master/trashnet-master/data/filtered_6class/train/Plastic/plastic224.jpg,,trashnet-master/trashnet-master/data/dataset-resized/plastic/plastic224.jpg,,,,,,,,
trashnet_train_plastic54.jpg,TrashNet,image_classification,train,Plastic,plastic,trashnet-master/trashnet-master/data/filtered_6class/train/Plastic/plastic54.jpg,,trashnet-master/trashnet-master/data/dataset-resized/plastic/plastic54.jpg,,,,,,,,
trashnet_train_plastic159.jpg,TrashNet,image_classification,train,Plastic,plastic,trashnet-master/trashnet-master/data/filtered_6class/train/Plastic/plastic159.jpg,,trashnet-master/trashnet-master/data/dataset-resized/plastic/plastic159.jpg,,,,,,,,
trashnet_train_plastic64.jpg,TrashNet,image_classification,train,Plastic,plastic,trashnet-master/trashnet-master/data/filtered_6class/train/Plastic/plastic64.jpg,,trashnet-master/trashnet-master/data/dataset-resized/plastic/plastic64.jpg,,,,,,,,
trashnet_train_plastic219.jpg,TrashNet,image_classification,train,Plastic,plastic,trashnet-master/trashnet-master/data/filtered_6class/train/Plastic/plastic219.jpg,,trashnet-master/trashnet-master/data/dataset-resized/plastic/plastic219.jpg,,,,,,,,
trashnet_train_plastic451.jpg,TrashNet,image_classification,train,Plastic,plastic,trashnet-master/trashnet-master/data/filtered_6class/train/Plastic/plastic451.jpg,,trashnet-master/trashnet-master/data/dataset-resized/plastic/plastic451.jpg,,,,,,,,
trashnet_train_plastic235.jpg,TrashNet,image_classification,train,Plastic,plastic,trashnet-master/trashnet-master/data/filtered_6class/train/Plastic/plastic235.jpg,,trashnet-master/trashnet-master/data/dataset-resized/plastic/plastic235.jpg,,,,,,,,
trashnet_train_plastic334.jpg,TrashNet,image_classification,train,Plastic,plastic,trashnet-master/trashnet-master/data/filtered_6class/train/Plastic/plastic334.jpg,,trashnet-master/trashnet-master/data/dataset-resized/plastic/plastic334.jpg,,,,,,,,
trashnet_train_plastic278.jpg,TrashNet,image_classification,train,Plastic,plastic,trashnet-master/trashnet-master/data/filtered_6class/train/Plastic/plastic278.jpg,,trashnet-master/trashnet-master/data/dataset-resized/plastic/plastic278.jpg,,,,,,,,
trashnet_train_plastic78.jpg,TrashNet,image_classification,train,Plastic,plastic,trashnet-master/trashnet-master/data/filtered_6class/train/Plastic/plastic78.jpg,,trashnet-master/trashnet-master/data/dataset-resized/plastic/plastic78.jpg,,,,,,,,
trashnet_train_plastic291.jpg,TrashNet,image_classification,train,Plastic,plastic,trashnet-master/trashnet-master/data/filtered_6class/train/Plastic/plastic291.jpg,,trashnet-master/trashnet-master/data/dataset-resized/plastic/plastic291.jpg,,,,,,,,
trashnet_train_plastic269.jpg,TrashNet,image_classification,train,Plastic,plastic,trashnet-master/trashnet-master/data/filtered_6class/train/Plastic/plastic269.jpg,,trashnet-master/trashnet-master/data/dataset-resized/plastic/plastic269.jpg,,,,,,,,
trashnet_train_plastic241.jpg,TrashNet,image_classification,train,Plastic,plastic,trashnet-master/trashnet-master/data/filtered_6class/train/Plastic/plastic241.jpg,,trashnet-master/trashnet-master/data/dataset-resized/plastic/plastic241.jpg,,,,,,,,
trashnet_train_plastic328.jpg,TrashNet,image_classification,train,Plastic,plastic,trashnet-master/trashnet-master/data/filtered_6class/train/Plastic/plastic328.jpg,,trashnet-master/trashnet-master/data/dataset-resized/plastic/plastic328.jpg,,,,,,,,
trashnet_train_plastic53.jpg,TrashNet,image_classification,train,Plastic,plastic,trashnet-master/trashnet-master/data/filtered_6class/train/Plastic/plastic53.jpg,,trashnet-master/trashnet-master/data/dataset-resized/plastic/plastic53.jpg,,,,,,,,
trashnet_train_plastic117.jpg,TrashNet,image_classification,train,Plastic,plastic,trashnet-master/trashnet-master/data/filtered_6class/train/Plastic/plastic117.jpg,,trashnet-master/trashnet-master/data/dataset-resized/plastic/plastic117.jpg,,,,,,,,
trashnet_train_plastic216.jpg,TrashNet,image_classification,train,Plastic,plastic,trashnet-master/trashnet-master/data/filtered_6class/train/Plastic/plastic216.jpg,,trashnet-master/trashnet-master/data/dataset-resized/plastic/plastic216.jpg,,,,,,,,
trashnet_train_plastic243.jpg,TrashNet,image_classification,train,Plastic,plastic,trashnet-master/trashnet-master/data/filtered_6class/train/Plastic/plastic243.jpg,,trashnet-master/trashnet-master/data/dataset-resized/plastic/plastic243.jpg,,,,,,,,
trashnet_train_plastic357.jpg,TrashNet,image_classification,train,Plastic,plastic,trashnet-master/trashnet-master/data/filtered_6class/train/Plastic/plastic357.jpg,,trashnet-master/trashnet-master/data/dataset-resized/plastic/plastic357.jpg,,,,,,,,
trashnet_train_plastic349.jpg,TrashNet,image_classification,train,Plastic,plastic,trashnet-master/trashnet-master/data/filtered_6class/train/Plastic/plastic349.jpg,,trashnet-master/trashnet-master/data/dataset-resized/plastic/plastic349.jpg,,,,,,,,
trashnet_train_plastic39.jpg,TrashNet,image_classification,train,Plastic,plastic,trashnet-master/trashnet-master/data/filtered_6class/train/Plastic/plastic39.jpg,,trashnet-master/trashnet-master/data/dataset-resized/plastic/plastic39.jpg,,,,,,,,
trashnet_train_plastic36.jpg,TrashNet,image_classification,train,Plastic,plastic,trashnet-master/trashnet-master/data/filtered_6class/train/Plastic/plastic36.jpg,,trashnet-master/trashnet-master/data/dataset-resized/plastic/plastic36.jpg,,,,,,,,
trashnet_train_plastic233.jpg,TrashNet,image_classification,train,Plastic,plastic,trashnet-master/trashnet-master/data/filtered_6class/train/Plastic/plastic233.jpg,,trashnet-master/trashnet-master/data/dataset-resized/plastic/plastic233.jpg,,,,,,,,
trashnet_train_plastic476.jpg,TrashNet,image_classification,train,Plastic,plastic,trashnet-master/trashnet-master/data/filtered_6class/train/Plastic/plastic476.jpg,,trashnet-master/trashnet-master/data/dataset-resized/plastic/plastic476.jpg,,,,,,,,
trashnet_train_plastic411.jpg,TrashNet,image_classification,train,Plastic,plastic,trashnet-master/trashnet-master/data/filtered_6class/train/Plastic/plastic411.jpg,,trashnet-master/trashnet-master/data/dataset-resized/plastic/plastic411.jpg,,,,,,,,
trashnet_train_plastic380.jpg,TrashNet,image_classification,train,Plastic,plastic,trashnet-master/trashnet-master/data/filtered_6class/train/Plastic/plastic380.jpg,,trashnet-master/trashnet-master/data/dataset-resized/plastic/plastic380.jpg,,,,,,,,
trashnet_train_plastic452.jpg,TrashNet,image_classification,train,Plastic,plastic,trashnet-master/trashnet-master/data/filtered_6class/train/Plastic/plastic452.jpg,,trashnet-master/trashnet-master/data/dataset-resized/plastic/plastic452.jpg,,,,,,,,
trashnet_train_plastic56.jpg,TrashNet,image_classification,train,Plastic,plastic,trashnet-master/trashnet-master/data/filtered_6class/train/Plastic/plastic56.jpg,,trashnet-master/trashnet-master/data/dataset-resized/plastic/plastic56.jpg,,,,,,,,
trashnet_train_plastic462.jpg,TrashNet,image_classification,train,Plastic,plastic,trashnet-master/trashnet-master/data/filtered_6class/train/Plastic/plastic462.jpg,,trashnet-master/trashnet-master/data/dataset-resized/plastic/plastic462.jpg,,,,,,,,
trashnet_train_plastic111.jpg,TrashNet,image_classification,train,Plastic,plastic,trashnet-master/trashnet-master/data/filtered_6class/train/Plastic/plastic111.jpg,,trashnet-master/trashnet-master/data/dataset-resized/plastic/plastic111.jpg,,,,,,,,
trashnet_train_plastic149.jpg,TrashNet,image_classification,train,Plastic,plastic,trashnet-master/trashnet-master/data/filtered_6class/train/Plastic/plastic149.jpg,,trashnet-master/trashnet-master/data/dataset-resized/plastic/plastic149.jpg,,,,,,,,
trashnet_train_plastic167.jpg,TrashNet,image_classification,train,Plastic,plastic,trashnet-master/trashnet-master/data/filtered_6class/train/Plastic/plastic167.jpg,,trashnet-master/trashnet-master/data/dataset-resized/plastic/plastic167.jpg,,,,,,,,
trashnet_train_plastic327.jpg,TrashNet,image_classification,train,Plastic,plastic,trashnet-master/trashnet-master/data/filtered_6class/train/Plastic/plastic327.jpg,,trashnet-master/trashnet-master/data/dataset-resized/plastic/plastic327.jpg,,,,,,,,
trashnet_train_plastic134.jpg,TrashNet,image_classification,train,Plastic,plastic,trashnet-master/trashnet-master/data/filtered_6class/train/Plastic/plastic134.jpg,,trashnet-master/trashnet-master/data/dataset-resized/plastic/plastic134.jpg,,,,,,,,
trashnet_train_plastic315.jpg,TrashNet,image_classification,train,Plastic,plastic,trashnet-master/trashnet-master/data/filtered_6class/train/Plastic/plastic315.jpg,,trashnet-master/trashnet-master/data/dataset-resized/plastic/plastic315.jpg,,,,,,,,
trashnet_train_plastic251.jpg,TrashNet,image_classification,train,Plastic,plastic,trashnet-master/trashnet-master/data/filtered_6class/train/Plastic/plastic251.jpg,,trashnet-master/trashnet-master/data/dataset-resized/plastic/plastic251.jpg,,,,,,,,
trashnet_train_plastic458.jpg,TrashNet,image_classification,train,Plastic,plastic,trashnet-master/trashnet-master/data/filtered_6class/train/Plastic/plastic458.jpg,,trashnet-master/trashnet-master/data/dataset-resized/plastic/plastic458.jpg,,,,,,,,
trashnet_train_plastic419.jpg,TrashNet,image_classification,train,Plastic,plastic,trashnet-master/trashnet-master/data/filtered_6class/train/Plastic/plastic419.jpg,,trashnet-master/trashnet-master/data/dataset-resized/plastic/plastic419.jpg,,,,,,,,
trashnet_train_plastic441.jpg,TrashNet,image_classification,train,Plastic,plastic,trashnet-master/trashnet-master/data/filtered_6class/train/Plastic/plastic441.jpg,,trashnet-master/trashnet-master/data/dataset-resized/plastic/plastic441.jpg,,,,,,,,
trashnet_train_plastic464.jpg,TrashNet,image_classification,train,Plastic,plastic,trashnet-master/trashnet-master/data/filtered_6class/train/Plastic/plastic464.jpg,,trashnet-master/trashnet-master/data/dataset-resized/plastic/plastic464.jpg,,,,,,,,
trashnet_train_plastic16.jpg,TrashNet,image_classification,train,Plastic,plastic,trashnet-master/trashnet-master/data/filtered_6class/train/Plastic/plastic16.jpg,,trashnet-master/trashnet-master/data/dataset-resized/plastic/plastic16.jpg,,,,,,,,
trashnet_train_plastic189.jpg,TrashNet,image_classification,train,Plastic,plastic,trashnet-master/trashnet-master/data/filtered_6class/train/Plastic/plastic189.jpg,,trashnet-master/trashnet-master/data/dataset-resized/plastic/plastic189.jpg,,,,,,,,
trashnet_train_plastic366.jpg,TrashNet,image_classification,train,Plastic,plastic,trashnet-master/trashnet-master/data/filtered_6class/train/Plastic/plastic366.jpg,,trashnet-master/trashnet-master/data/dataset-resized/plastic/plastic366.jpg,,,,,,,,
trashnet_train_plastic187.jpg,TrashNet,image_classification,train,Plastic,plastic,trashnet-master/trashnet-master/data/filtered_6class/train/Plastic/plastic187.jpg,,trashnet-master/trashnet-master/data/dataset-resized/plastic/plastic187.jpg,,,,,,,,
trashnet_train_plastic268.jpg,TrashNet,image_classification,train,Plastic,plastic,trashnet-master/trashnet-master/data/filtered_6class/train/Plastic/plastic268.jpg,,trashnet-master/trashnet-master/data/dataset-resized/plastic/plastic268.jpg,,,,,,,,
trashnet_train_plastic70.jpg,TrashNet,image_classification,train,Plastic,plastic,trashnet-master/trashnet-master/data/filtered_6class/train/Plastic/plastic70.jpg,,trashnet-master/trashnet-master/data/dataset-resized/plastic/plastic70.jpg,,,,,,,,
trashnet_train_plastic442.jpg,TrashNet,image_classification,train,Plastic,plastic,trashnet-master/trashnet-master/data/filtered_6class/train/Plastic/plastic442.jpg,,trashnet-master/trashnet-master/data/dataset-resized/plastic/plastic442.jpg,,,,,,,,
trashnet_train_plastic71.jpg,TrashNet,image_classification,train,Plastic,plastic,trashnet-master/trashnet-master/data/filtered_6class/train/Plastic/plastic71.jpg,,trashnet-master/trashnet-master/data/dataset-resized/plastic/plastic71.jpg,,,,,,,,
trashnet_train_plastic412.jpg,TrashNet,image_classification,train,Plastic,plastic,trashnet-master/trashnet-master/data/filtered_6class/train/Plastic/plastic412.jpg,,trashnet-master/trashnet-master/data/dataset-resized/plastic/plastic412.jpg,,,,,,,,
trashnet_train_plastic319.jpg,TrashNet,image_classification,train,Plastic,plastic,trashnet-master/trashnet-master/data/filtered_6class/train/Plastic/plastic319.jpg,,trashnet-master/trashnet-master/data/dataset-resized/plastic/plastic319.jpg,,,,,,,,
trashnet_train_plastic306.jpg,TrashNet,image_classification,train,Plastic,plastic,trashnet-master/trashnet-master/data/filtered_6class/train/Plastic/plastic306.jpg,,trashnet-master/trashnet-master/data/dataset-resized/plastic/plastic306.jpg,,,,,,,,
trashnet_train_plastic137.jpg,TrashNet,image_classification,train,Plastic,plastic,trashnet-master/trashnet-master/data/filtered_6class/train/Plastic/plastic137.jpg,,trashnet-master/trashnet-master/data/dataset-resized/plastic/plastic137.jpg,,,,,,,,
trashnet_train_plastic321.jpg,TrashNet,image_classification,train,Plastic,plastic,trashnet-master/trashnet-master/data/filtered_6class/train/Plastic/plastic321.jpg,,trashnet-master/trashnet-master/data/dataset-resized/plastic/plastic321.jpg,,,,,,,,
trashnet_train_plastic466.jpg,TrashNet,image_classification,train,Plastic,plastic,trashnet-master/trashnet-master/data/filtered_6class/train/Plastic/plastic466.jpg,,trashnet-master/trashnet-master/data/dataset-resized/plastic/plastic466.jpg,,,,,,,,
trashnet_train_plastic79.jpg,TrashNet,image_classification,train,Plastic,plastic,trashnet-master/trashnet-master/data/filtered_6class/train/Plastic/plastic79.jpg,,trashnet-master/trashnet-master/data/dataset-resized/plastic/plastic79.jpg,,,,,,,,
trashnet_train_plastic317.jpg,TrashNet,image_classification,train,Plastic,plastic,trashnet-master/trashnet-master/data/filtered_6class/train/Plastic/plastic317.jpg,,trashnet-master/trashnet-master/data/dataset-resized/plastic/plastic317.jpg,,,,,,,,
trashnet_train_plastic431.jpg,TrashNet,image_classification,train,Plastic,plastic,trashnet-master/trashnet-master/data/filtered_6class/train/Plastic/plastic431.jpg,,trashnet-master/trashnet-master/data/dataset-resized/plastic/plastic431.jpg,,,,,,,,
trashnet_train_plastic97.jpg,TrashNet,image_classification,train,Plastic,plastic,trashnet-master/trashnet-master/data/filtered_6class/train/Plastic/plastic97.jpg,,trashnet-master/trashnet-master/data/dataset-resized/plastic/plastic97.jpg,,,,,,,,
trashnet_train_plastic293.jpg,TrashNet,image_classification,train,Plastic,plastic,trashnet-master/trashnet-master/data/filtered_6class/train/Plastic/plastic293.jpg,,trashnet-master/trashnet-master/data/dataset-resized/plastic/plastic293.jpg,,,,,,,,
trashnet_train_plastic95.jpg,TrashNet,image_classification,train,Plastic,plastic,trashnet-master/trashnet-master/data/filtered_6class/train/Plastic/plastic95.jpg,,trashnet-master/trashnet-master/data/dataset-resized/plastic/plastic95.jpg,,,,,,,,
trashnet_train_plastic200.jpg,TrashNet,image_classification,train,Plastic,plastic,trashnet-master/trashnet-master/data/filtered_6class/train/Plastic/plastic200.jpg,,trashnet-master/trashnet-master/data/dataset-resized/plastic/plastic200.jpg,,,,,,,,
trashnet_train_plastic116.jpg,TrashNet,image_classification,train,Plastic,plastic,trashnet-master/trashnet-master/data/filtered_6class/train/Plastic/plastic116.jpg,,trashnet-master/trashnet-master/data/dataset-resized/plastic/plastic116.jpg,,,,,,,,
trashnet_train_plastic287.jpg,TrashNet,image_classification,train,Plastic,plastic,trashnet-master/trashnet-master/data/filtered_6class/train/Plastic/plastic287.jpg,,trashnet-master/trashnet-master/data/dataset-resized/plastic/plastic287.jpg,,,,,,,,
trashnet_train_plastic205.jpg,TrashNet,image_classification,train,Plastic,plastic,trashnet-master/trashnet-master/data/filtered_6class/train/Plastic/plastic205.jpg,,trashnet-master/trashnet-master/data/dataset-resized/plastic/plastic205.jpg,,,,,,,,
trashnet_train_plastic320.jpg,TrashNet,image_classification,train,Plastic,plastic,trashnet-master/trashnet-master/data/filtered_6class/train/Plastic/plastic320.jpg,,trashnet-master/trashnet-master/data/dataset-resized/plastic/plastic320.jpg,,,,,,,,
trashnet_train_plastic401.jpg,TrashNet,image_classification,train,Plastic,plastic,trashnet-master/trashnet-master/data/filtered_6class/train/Plastic/plastic401.jpg,,trashnet-master/trashnet-master/data/dataset-resized/plastic/plastic401.jpg,,,,,,,,
trashnet_train_plastic30.jpg,TrashNet,image_classification,train,Plastic,plastic,trashnet-master/trashnet-master/data/filtered_6class/train/Plastic/plastic30.jpg,,trashnet-master/trashnet-master/data/dataset-resized/plastic/plastic30.jpg,,,,,,,,
trashnet_train_plastic73.jpg,TrashNet,image_classification,train,Plastic,plastic,trashnet-master/trashnet-master/data/filtered_6class/train/Plastic/plastic73.jpg,,trashnet-master/trashnet-master/data/dataset-resized/plastic/plastic73.jpg,,,,,,,,
trashnet_train_plastic93.jpg,TrashNet,image_classification,train,Plastic,plastic,trashnet-master/trashnet-master/data/filtered_6class/train/Plastic/plastic93.jpg,,trashnet-master/trashnet-master/data/dataset-resized/plastic/plastic93.jpg,,,,,,,,
trashnet_train_plastic426.jpg,TrashNet,image_classification,train,Plastic,plastic,trashnet-master/trashnet-master/data/filtered_6class/train/Plastic/plastic426.jpg,,trashnet-master/trashnet-master/data/dataset-resized/plastic/plastic426.jpg,,,,,,,,
trashnet_train_plastic69.jpg,TrashNet,image_classification,train,Plastic,plastic,trashnet-master/trashnet-master/data/filtered_6class/train/Plastic/plastic69.jpg,,trashnet-master/trashnet-master/data/dataset-resized/plastic/plastic69.jpg,,,,,,,,
trashnet_train_plastic51.jpg,TrashNet,image_classification,train,Plastic,plastic,trashnet-master/trashnet-master/data/filtered_6class/train/Plastic/plastic51.jpg,,trashnet-master/trashnet-master/data/dataset-resized/plastic/plastic51.jpg,,,,,,,,
trashnet_train_plastic477.jpg,TrashNet,image_classification,train,Plastic,plastic,trashnet-master/trashnet-master/data/filtered_6class/train/Plastic/plastic477.jpg,,trashnet-master/trashnet-master/data/dataset-resized/plastic/plastic477.jpg,,,,,,,,
trashnet_train_plastic123.jpg,TrashNet,image_classification,train,Plastic,plastic,trashnet-master/trashnet-master/data/filtered_6class/train/Plastic/plastic123.jpg,,trashnet-master/trashnet-master/data/dataset-resized/plastic/plastic123.jpg,,,,,,,,
trashnet_train_plastic367.jpg,TrashNet,image_classification,train,Plastic,plastic,trashnet-master/trashnet-master/data/filtered_6class/train/Plastic/plastic367.jpg,,trashnet-master/trashnet-master/data/dataset-resized/plastic/plastic367.jpg,,,,,,,,
trashnet_train_plastic177.jpg,TrashNet,image_classification,train,Plastic,plastic,trashnet-master/trashnet-master/data/filtered_6class/train/Plastic/plastic177.jpg,,trashnet-master/trashnet-master/data/dataset-resized/plastic/plastic177.jpg,,,,,,,,
trashnet_train_plastic325.jpg,TrashNet,image_classification,train,Plastic,plastic,trashnet-master/trashnet-master/data/filtered_6class/train/Plastic/plastic325.jpg,,trashnet-master/trashnet-master/data/dataset-resized/plastic/plastic325.jpg,,,,,,,,
trashnet_train_plastic192.jpg,TrashNet,image_classification,train,Plastic,plastic,trashnet-master/trashnet-master/data/filtered_6class/train/Plastic/plastic192.jpg,,trashnet-master/trashnet-master/data/dataset-resized/plastic/plastic192.jpg,,,,,,,,
trashnet_train_plastic82.jpg,TrashNet,image_classification,train,Plastic,plastic,trashnet-master/trashnet-master/data/filtered_6class/train/Plastic/plastic82.jpg,,trashnet-master/trashnet-master/data/dataset-resized/plastic/plastic82.jpg,,,,,,,,
trashnet_train_plastic121.jpg,TrashNet,image_classification,train,Plastic,plastic,trashnet-master/trashnet-master/data/filtered_6class/train/Plastic/plastic121.jpg,,trashnet-master/trashnet-master/data/dataset-resized/plastic/plastic121.jpg,,,,,,,,
trashnet_train_plastic47.jpg,TrashNet,image_classification,train,Plastic,plastic,trashnet-master/trashnet-master/data/filtered_6class/train/Plastic/plastic47.jpg,,trashnet-master/trashnet-master/data/dataset-resized/plastic/plastic47.jpg,,,,,,,,
trashnet_train_plastic25.jpg,TrashNet,image_classification,train,Plastic,plastic,trashnet-master/trashnet-master/data/filtered_6class/train/Plastic/plastic25.jpg,,trashnet-master/trashnet-master/data/dataset-resized/plastic/plastic25.jpg,,,,,,,,
trashnet_train_plastic55.jpg,TrashNet,image_classification,train,Plastic,plastic,trashnet-master/trashnet-master/data/filtered_6class/train/Plastic/plastic55.jpg,,trashnet-master/trashnet-master/data/dataset-resized/plastic/plastic55.jpg,,,,,,,,
trashnet_train_plastic77.jpg,TrashNet,image_classification,train,Plastic,plastic,trashnet-master/trashnet-master/data/filtered_6class/train/Plastic/plastic77.jpg,,trashnet-master/trashnet-master/data/dataset-resized/plastic/plastic77.jpg,,,,,,,,
trashnet_train_plastic463.jpg,TrashNet,image_classification,train,Plastic,plastic,trashnet-master/trashnet-master/data/filtered_6class/train/Plastic/plastic463.jpg,,trashnet-master/trashnet-master/data/dataset-resized/plastic/plastic463.jpg,,,,,,,,
trashnet_train_plastic460.jpg,TrashNet,image_classification,train,Plastic,plastic,trashnet-master/trashnet-master/data/filtered_6class/train/Plastic/plastic460.jpg,,trashnet-master/trashnet-master/data/dataset-resized/plastic/plastic460.jpg,,,,,,,,
trashnet_train_plastic194.jpg,TrashNet,image_classification,train,Plastic,plastic,trashnet-master/trashnet-master/data/filtered_6class/train/Plastic/plastic194.jpg,,trashnet-master/trashnet-master/data/dataset-resized/plastic/plastic194.jpg,,,,,,,,
trashnet_train_plastic386.jpg,TrashNet,image_classification,train,Plastic,plastic,trashnet-master/trashnet-master/data/filtered_6class/train/Plastic/plastic386.jpg,,trashnet-master/trashnet-master/data/dataset-resized/plastic/plastic386.jpg,,,,,,,,
trashnet_train_plastic180.jpg,TrashNet,image_classification,train,Plastic,plastic,trashnet-master/trashnet-master/data/filtered_6class/train/Plastic/plastic180.jpg,,trashnet-master/trashnet-master/data/dataset-resized/plastic/plastic180.jpg,,,,,,,,
trashnet_train_plastic57.jpg,TrashNet,image_classification,train,Plastic,plastic,trashnet-master/trashnet-master/data/filtered_6class/train/Plastic/plastic57.jpg,,trashnet-master/trashnet-master/data/dataset-resized/plastic/plastic57.jpg,,,,,,,,
trashnet_train_plastic250.jpg,TrashNet,image_classification,train,Plastic,plastic,trashnet-master/trashnet-master/data/filtered_6class/train/Plastic/plastic250.jpg,,trashnet-master/trashnet-master/data/dataset-resized/plastic/plastic250.jpg,,,,,,,,
trashnet_train_plastic304.jpg,TrashNet,image_classification,train,Plastic,plastic,trashnet-master/trashnet-master/data/filtered_6class/train/Plastic/plastic304.jpg,,trashnet-master/trashnet-master/data/dataset-resized/plastic/plastic304.jpg,,,,,,,,
trashnet_train_plastic61.jpg,TrashNet,image_classification,train,Plastic,plastic,trashnet-master/trashnet-master/data/filtered_6class/train/Plastic/plastic61.jpg,,trashnet-master/trashnet-master/data/dataset-resized/plastic/plastic61.jpg,,,,,,,,
trashnet_train_plastic142.jpg,TrashNet,image_classification,train,Plastic,plastic,trashnet-master/trashnet-master/data/filtered_6class/train/Plastic/plastic142.jpg,,trashnet-master/trashnet-master/data/dataset-resized/plastic/plastic142.jpg,,,,,,,,
trashnet_train_plastic193.jpg,TrashNet,image_classification,train,Plastic,plastic,trashnet-master/trashnet-master/data/filtered_6class/train/Plastic/plastic193.jpg,,trashnet-master/trashnet-master/data/dataset-resized/plastic/plastic193.jpg,,,,,,,,
trashnet_train_plastic285.jpg,TrashNet,image_classification,train,Plastic,plastic,trashnet-master/trashnet-master/data/filtered_6class/train/Plastic/plastic285.jpg,,trashnet-master/trashnet-master/data/dataset-resized/plastic/plastic285.jpg,,,,,,,,
trashnet_train_plastic479.jpg,TrashNet,image_classification,train,Plastic,plastic,trashnet-master/trashnet-master/data/filtered_6class/train/Plastic/plastic479.jpg,,trashnet-master/trashnet-master/data/dataset-resized/plastic/plastic479.jpg,,,,,,,,
trashnet_train_plastic28.jpg,TrashNet,image_classification,train,Plastic,plastic,trashnet-master/trashnet-master/data/filtered_6class/train/Plastic/plastic28.jpg,,trashnet-master/trashnet-master/data/dataset-resized/plastic/plastic28.jpg,,,,,,,,
trashnet_train_plastic155.jpg,TrashNet,image_classification,train,Plastic,plastic,trashnet-master/trashnet-master/data/filtered_6class/train/Plastic/plastic155.jpg,,trashnet-master/trashnet-master/data/dataset-resized/plastic/plastic155.jpg,,,,,,,,
trashnet_train_plastic208.jpg,TrashNet,image_classification,train,Plastic,plastic,trashnet-master/trashnet-master/data/filtered_6class/train/Plastic/plastic208.jpg,,trashnet-master/trashnet-master/data/dataset-resized/plastic/plastic208.jpg,,,,,,,,
trashnet_train_plastic231.jpg,TrashNet,image_classification,train,Plastic,plastic,trashnet-master/trashnet-master/data/filtered_6class/train/Plastic/plastic231.jpg,,trashnet-master/trashnet-master/data/dataset-resized/plastic/plastic231.jpg,,,,,,,,
trashnet_train_plastic230.jpg,TrashNet,image_classification,train,Plastic,plastic,trashnet-master/trashnet-master/data/filtered_6class/train/Plastic/plastic230.jpg,,trashnet-master/trashnet-master/data/dataset-resized/plastic/plastic230.jpg,,,,,,,,
trashnet_train_plastic301.jpg,TrashNet,image_classification,train,Plastic,plastic,trashnet-master/trashnet-master/data/filtered_6class/train/Plastic/plastic301.jpg,,trashnet-master/trashnet-master/data/dataset-resized/plastic/plastic301.jpg,,,,,,,,
trashnet_train_plastic391.jpg,TrashNet,image_classification,train,Plastic,plastic,trashnet-master/trashnet-master/data/filtered_6class/train/Plastic/plastic391.jpg,,trashnet-master/trashnet-master/data/dataset-resized/plastic/plastic391.jpg,,,,,,,,
trashnet_train_plastic361.jpg,TrashNet,image_classification,train,Plastic,plastic,trashnet-master/trashnet-master/data/filtered_6class/train/Plastic/plastic361.jpg,,trashnet-master/trashnet-master/data/dataset-resized/plastic/plastic361.jpg,,,,,,,,
trashnet_train_plastic425.jpg,TrashNet,image_classification,train,Plastic,plastic,trashnet-master/trashnet-master/data/filtered_6class/train/Plastic/plastic425.jpg,,trashnet-master/trashnet-master/data/dataset-resized/plastic/plastic425.jpg,,,,,,,,
trashnet_train_plastic437.jpg,TrashNet,image_classification,train,Plastic,plastic,trashnet-master/trashnet-master/data/filtered_6class/train/Plastic/plastic437.jpg,,trashnet-master/trashnet-master/data/dataset-resized/plastic/plastic437.jpg,,,,,,,,
trashnet_train_plastic444.jpg,TrashNet,image_classification,train,Plastic,plastic,trashnet-master/trashnet-master/data/filtered_6class/train/Plastic/plastic444.jpg,,trashnet-master/trashnet-master/data/dataset-resized/plastic/plastic444.jpg,,,,,,,,
trashnet_train_plastic210.jpg,TrashNet,image_classification,train,Plastic,plastic,trashnet-master/trashnet-master/data/filtered_6class/train/Plastic/plastic210.jpg,,trashnet-master/trashnet-master/data/dataset-resized/plastic/plastic210.jpg,,,,,,,,
trashnet_train_plastic253.jpg,TrashNet,image_classification,train,Plastic,plastic,trashnet-master/trashnet-master/data/filtered_6class/train/Plastic/plastic253.jpg,,trashnet-master/trashnet-master/data/dataset-resized/plastic/plastic253.jpg,,,,,,,,
trashnet_train_plastic432.jpg,TrashNet,image_classification,train,Plastic,plastic,trashnet-master/trashnet-master/data/filtered_6class/train/Plastic/plastic432.jpg,,trashnet-master/trashnet-master/data/dataset-resized/plastic/plastic432.jpg,,,,,,,,
trashnet_train_plastic153.jpg,TrashNet,image_classification,train,Plastic,plastic,trashnet-master/trashnet-master/data/filtered_6class/train/Plastic/plastic153.jpg,,trashnet-master/trashnet-master/data/dataset-resized/plastic/plastic153.jpg,,,,,,,,
trashnet_train_plastic217.jpg,TrashNet,image_classification,train,Plastic,plastic,trashnet-master/trashnet-master/data/filtered_6class/train/Plastic/plastic217.jpg,,trashnet-master/trashnet-master/data/dataset-resized/plastic/plastic217.jpg,,,,,,,,
trashnet_train_plastic115.jpg,TrashNet,image_classification,train,Plastic,plastic,trashnet-master/trashnet-master/data/filtered_6class/train/Plastic/plastic115.jpg,,trashnet-master/trashnet-master/data/dataset-resized/plastic/plastic115.jpg,,,,,,,,
trashnet_train_plastic35.jpg,TrashNet,image_classification,train,Plastic,plastic,trashnet-master/trashnet-master/data/filtered_6class/train/Plastic/plastic35.jpg,,trashnet-master/trashnet-master/data/dataset-resized/plastic/plastic35.jpg,,,,,,,,
trashnet_train_plastic298.jpg,TrashNet,image_classification,train,Plastic,plastic,trashnet-master/trashnet-master/data/filtered_6class/train/Plastic/plastic298.jpg,,trashnet-master/trashnet-master/data/dataset-resized/plastic/plastic298.jpg,,,,,,,,
trashnet_train_plastic106.jpg,TrashNet,image_classification,train,Plastic,plastic,trashnet-master/trashnet-master/data/filtered_6class/train/Plastic/plastic106.jpg,,trashnet-master/trashnet-master/data/dataset-resized/plastic/plastic106.jpg,,,,,,,,
trashnet_train_plastic34.jpg,TrashNet,image_classification,train,Plastic,plastic,trashnet-master/trashnet-master/data/filtered_6class/train/Plastic/plastic34.jpg,,trashnet-master/trashnet-master/data/dataset-resized/plastic/plastic34.jpg,,,,,,,,
trashnet_train_plastic114.jpg,TrashNet,image_classification,train,Plastic,plastic,trashnet-master/trashnet-master/data/filtered_6class/train/Plastic/plastic114.jpg,,trashnet-master/trashnet-master/data/dataset-resized/plastic/plastic114.jpg,,,,,,,,
trashnet_train_plastic465.jpg,TrashNet,image_classification,train,Plastic,plastic,trashnet-master/trashnet-master/data/filtered_6class/train/Plastic/plastic465.jpg,,trashnet-master/trashnet-master/data/dataset-resized/plastic/plastic465.jpg,,,,,,,,
trashnet_train_plastic126.jpg,TrashNet,image_classification,train,Plastic,plastic,trashnet-master/trashnet-master/data/filtered_6class/train/Plastic/plastic126.jpg,,trashnet-master/trashnet-master/data/dataset-resized/plastic/plastic126.jpg,,,,,,,,
trashnet_train_plastic446.jpg,TrashNet,image_classification,train,Plastic,plastic,trashnet-master/trashnet-master/data/filtered_6class/train/Plastic/plastic446.jpg,,trashnet-master/trashnet-master/data/dataset-resized/plastic/plastic446.jpg,,,,,,,,
trashnet_train_plastic65.jpg,TrashNet,image_classification,train,Plastic,plastic,trashnet-master/trashnet-master/data/filtered_6class/train/Plastic/plastic65.jpg,,trashnet-master/trashnet-master/data/dataset-resized/plastic/plastic65.jpg,,,,,,,,
trashnet_train_plastic405.jpg,TrashNet,image_classification,train,Plastic,plastic,trashnet-master/trashnet-master/data/filtered_6class/train/Plastic/plastic405.jpg,,trashnet-master/trashnet-master/data/dataset-resized/plastic/plastic405.jpg,,,,,,,,
trashnet_train_plastic43.jpg,TrashNet,image_classification,train,Plastic,plastic,trashnet-master/trashnet-master/data/filtered_6class/train/Plastic/plastic43.jpg,,trashnet-master/trashnet-master/data/dataset-resized/plastic/plastic43.jpg,,,,,,,,
trashnet_train_plastic108.jpg,TrashNet,image_classification,train,Plastic,plastic,trashnet-master/trashnet-master/data/filtered_6class/train/Plastic/plastic108.jpg,,trashnet-master/trashnet-master/data/dataset-resized/plastic/plastic108.jpg,,,,,,,,
trashnet_train_plastic255.jpg,TrashNet,image_classification,train,Plastic,plastic,trashnet-master/trashnet-master/data/filtered_6class/train/Plastic/plastic255.jpg,,trashnet-master/trashnet-master/data/dataset-resized/plastic/plastic255.jpg,,,,,,,,
trashnet_train_plastic395.jpg,TrashNet,image_classification,train,Plastic,plastic,trashnet-master/trashnet-master/data/filtered_6class/train/Plastic/plastic395.jpg,,trashnet-master/trashnet-master/data/dataset-resized/plastic/plastic395.jpg,,,,,,,,
trashnet_train_plastic202.jpg,TrashNet,image_classification,train,Plastic,plastic,trashnet-master/trashnet-master/data/filtered_6class/train/Plastic/plastic202.jpg,,trashnet-master/trashnet-master/data/dataset-resized/plastic/plastic202.jpg,,,,,,,,
trashnet_train_plastic448.jpg,TrashNet,image_classification,train,Plastic,plastic,trashnet-master/trashnet-master/data/filtered_6class/train/Plastic/plastic448.jpg,,trashnet-master/trashnet-master/data/dataset-resized/plastic/plastic448.jpg,,,,,,,,
trashnet_train_plastic154.jpg,TrashNet,image_classification,train,Plastic,plastic,trashnet-master/trashnet-master/data/filtered_6class/train/Plastic/plastic154.jpg,,trashnet-master/trashnet-master/data/dataset-resized/plastic/plastic154.jpg,,,,,,,,
trashnet_train_plastic307.jpg,TrashNet,image_classification,train,Plastic,plastic,trashnet-master/trashnet-master/data/filtered_6class/train/Plastic/plastic307.jpg,,trashnet-master/trashnet-master/data/dataset-resized/plastic/plastic307.jpg,,,,,,,,
trashnet_train_plastic337.jpg,TrashNet,image_classification,train,Plastic,plastic,trashnet-master/trashnet-master/data/filtered_6class/train/Plastic/plastic337.jpg,,trashnet-master/trashnet-master/data/dataset-resized/plastic/plastic337.jpg,,,,,,,,
trashnet_train_plastic300.jpg,TrashNet,image_classification,train,Plastic,plastic,trashnet-master/trashnet-master/data/filtered_6class/train/Plastic/plastic300.jpg,,trashnet-master/trashnet-master/data/dataset-resized/plastic/plastic300.jpg,,,,,,,,
trashnet_train_plastic37.jpg,TrashNet,image_classification,train,Plastic,plastic,trashnet-master/trashnet-master/data/filtered_6class/train/Plastic/plastic37.jpg,,trashnet-master/trashnet-master/data/dataset-resized/plastic/plastic37.jpg,,,,,,,,
trashnet_train_plastic407.jpg,TrashNet,image_classification,train,Plastic,plastic,trashnet-master/trashnet-master/data/filtered_6class/train/Plastic/plastic407.jpg,,trashnet-master/trashnet-master/data/dataset-resized/plastic/plastic407.jpg,,,,,,,,
trashnet_train_plastic242.jpg,TrashNet,image_classification,train,Plastic,plastic,trashnet-master/trashnet-master/data/filtered_6class/train/Plastic/plastic242.jpg,,trashnet-master/trashnet-master/data/dataset-resized/plastic/plastic242.jpg,,,,,,,,
trashnet_train_plastic191.jpg,TrashNet,image_classification,train,Plastic,plastic,trashnet-master/trashnet-master/data/filtered_6class/train/Plastic/plastic191.jpg,,trashnet-master/trashnet-master/data/dataset-resized/plastic/plastic191.jpg,,,,,,,,
trashnet_train_plastic421.jpg,TrashNet,image_classification,train,Plastic,plastic,trashnet-master/trashnet-master/data/filtered_6class/train/Plastic/plastic421.jpg,,trashnet-master/trashnet-master/data/dataset-resized/plastic/plastic421.jpg,,,,,,,,
trashnet_train_plastic397.jpg,TrashNet,image_classification,train,Plastic,plastic,trashnet-master/trashnet-master/data/filtered_6class/train/Plastic/plastic397.jpg,,trashnet-master/trashnet-master/data/dataset-resized/plastic/plastic397.jpg,,,,,,,,
trashnet_train_plastic390.jpg,TrashNet,image_classification,train,Plastic,plastic,trashnet-master/trashnet-master/data/filtered_6class/train/Plastic/plastic390.jpg,,trashnet-master/trashnet-master/data/dataset-resized/plastic/plastic390.jpg,,,,,,,,
trashnet_train_plastic415.jpg,TrashNet,image_classification,train,Plastic,plastic,trashnet-master/trashnet-master/data/filtered_6class/train/Plastic/plastic415.jpg,,trashnet-master/trashnet-master/data/dataset-resized/plastic/plastic415.jpg,,,,,,,,
trashnet_train_plastic175.jpg,TrashNet,image_classification,train,Plastic,plastic,trashnet-master/trashnet-master/data/filtered_6class/train/Plastic/plastic175.jpg,,trashnet-master/trashnet-master/data/dataset-resized/plastic/plastic175.jpg,,,,,,,,
trashnet_train_plastic318.jpg,TrashNet,image_classification,train,Plastic,plastic,trashnet-master/trashnet-master/data/filtered_6class/train/Plastic/plastic318.jpg,,trashnet-master/trashnet-master/data/dataset-resized/plastic/plastic318.jpg,,,,,,,,
trashnet_train_plastic158.jpg,TrashNet,image_classification,train,Plastic,plastic,trashnet-master/trashnet-master/data/filtered_6class/train/Plastic/plastic158.jpg,,trashnet-master/trashnet-master/data/dataset-resized/plastic/plastic158.jpg,,,,,,,,
trashnet_train_plastic157.jpg,TrashNet,image_classification,train,Plastic,plastic,trashnet-master/trashnet-master/data/filtered_6class/train/Plastic/plastic157.jpg,,trashnet-master/trashnet-master/data/dataset-resized/plastic/plastic157.jpg,,,,,,,,
trashnet_train_plastic344.jpg,TrashNet,image_classification,train,Plastic,plastic,trashnet-master/trashnet-master/data/filtered_6class/train/Plastic/plastic344.jpg,,trashnet-master/trashnet-master/data/dataset-resized/plastic/plastic344.jpg,,,,,,,,
trashnet_train_plastic467.jpg,TrashNet,image_classification,train,Plastic,plastic,trashnet-master/trashnet-master/data/filtered_6class/train/Plastic/plastic467.jpg,,trashnet-master/trashnet-master/data/dataset-resized/plastic/plastic467.jpg,,,,,,,,
trashnet_train_plastic322.jpg,TrashNet,image_classification,train,Plastic,plastic,trashnet-master/trashnet-master/data/filtered_6class/train/Plastic/plastic322.jpg,,trashnet-master/trashnet-master/data/dataset-resized/plastic/plastic322.jpg,,,,,,,,
trashnet_train_plastic138.jpg,TrashNet,image_classification,train,Plastic,plastic,trashnet-master/trashnet-master/data/filtered_6class/train/Plastic/plastic138.jpg,,trashnet-master/trashnet-master/data/dataset-resized/plastic/plastic138.jpg,,,,,,,,
trashnet_train_plastic461.jpg,TrashNet,image_classification,train,Plastic,plastic,trashnet-master/trashnet-master/data/filtered_6class/train/Plastic/plastic461.jpg,,trashnet-master/trashnet-master/data/dataset-resized/plastic/plastic461.jpg,,,,,,,,
trashnet_train_plastic21.jpg,TrashNet,image_classification,train,Plastic,plastic,trashnet-master/trashnet-master/data/filtered_6class/train/Plastic/plastic21.jpg,,trashnet-master/trashnet-master/data/dataset-resized/plastic/plastic21.jpg,,,,,,,,
trashnet_train_plastic125.jpg,TrashNet,image_classification,train,Plastic,plastic,trashnet-master/trashnet-master/data/filtered_6class/train/Plastic/plastic125.jpg,,trashnet-master/trashnet-master/data/dataset-resized/plastic/plastic125.jpg,,,,,,,,
trashnet_train_plastic209.jpg,TrashNet,image_classification,train,Plastic,plastic,trashnet-master/trashnet-master/data/filtered_6class/train/Plastic/plastic209.jpg,,trashnet-master/trashnet-master/data/dataset-resized/plastic/plastic209.jpg,,,,,,,,
trashnet_train_plastic240.jpg,TrashNet,image_classification,train,Plastic,plastic,trashnet-master/trashnet-master/data/filtered_6class/train/Plastic/plastic240.jpg,,trashnet-master/trashnet-master/data/dataset-resized/plastic/plastic240.jpg,,,,,,,,
trashnet_train_plastic406.jpg,TrashNet,image_classification,train,Plastic,plastic,trashnet-master/trashnet-master/data/filtered_6class/train/Plastic/plastic406.jpg,,trashnet-master/trashnet-master/data/dataset-resized/plastic/plastic406.jpg,,,,,,,,
trashnet_train_plastic383.jpg,TrashNet,image_classification,train,Plastic,plastic,trashnet-master/trashnet-master/data/filtered_6class/train/Plastic/plastic383.jpg,,trashnet-master/trashnet-master/data/dataset-resized/plastic/plastic383.jpg,,,,,,,,
trashnet_train_plastic107.jpg,TrashNet,image_classification,train,Plastic,plastic,trashnet-master/trashnet-master/data/filtered_6class/train/Plastic/plastic107.jpg,,trashnet-master/trashnet-master/data/dataset-resized/plastic/plastic107.jpg,,,,,,,,
trashnet_train_plastic324.jpg,TrashNet,image_classification,train,Plastic,plastic,trashnet-master/trashnet-master/data/filtered_6class/train/Plastic/plastic324.jpg,,trashnet-master/trashnet-master/data/dataset-resized/plastic/plastic324.jpg,,,,,,,,
trashnet_train_plastic248.jpg,TrashNet,image_classification,train,Plastic,plastic,trashnet-master/trashnet-master/data/filtered_6class/train/Plastic/plastic248.jpg,,trashnet-master/trashnet-master/data/dataset-resized/plastic/plastic248.jpg,,,,,,,,
trashnet_train_plastic1.jpg,TrashNet,image_classification,train,Plastic,plastic,trashnet-master/trashnet-master/data/filtered_6class/train/Plastic/plastic1.jpg,,trashnet-master/trashnet-master/data/dataset-resized/plastic/plastic1.jpg,,,,,,,,
trashnet_train_plastic343.jpg,TrashNet,image_classification,train,Plastic,plastic,trashnet-master/trashnet-master/data/filtered_6class/train/Plastic/plastic343.jpg,,trashnet-master/trashnet-master/data/dataset-resized/plastic/plastic343.jpg,,,,,,,,
trashnet_train_plastic348.jpg,TrashNet,image_classification,train,Plastic,plastic,trashnet-master/trashnet-master/data/filtered_6class/train/Plastic/plastic348.jpg,,trashnet-master/trashnet-master/data/dataset-resized/plastic/plastic348.jpg,,,,,,,,
trashnet_train_plastic173.jpg,TrashNet,image_classification,train,Plastic,plastic,trashnet-master/trashnet-master/data/filtered_6class/train/Plastic/plastic173.jpg,,trashnet-master/trashnet-master/data/dataset-resized/plastic/plastic173.jpg,,,,,,,,
trashnet_train_plastic271.jpg,TrashNet,image_classification,train,Plastic,plastic,trashnet-master/trashnet-master/data/filtered_6class/train/Plastic/plastic271.jpg,,trashnet-master/trashnet-master/data/dataset-resized/plastic/plastic271.jpg,,,,,,,,
trashnet_train_plastic4.jpg,TrashNet,image_classification,train,Plastic,plastic,trashnet-master/trashnet-master/data/filtered_6class/train/Plastic/plastic4.jpg,,trashnet-master/trashnet-master/data/dataset-resized/plastic/plastic4.jpg,,,,,,,,
trashnet_train_plastic75.jpg,TrashNet,image_classification,train,Plastic,plastic,trashnet-master/trashnet-master/data/filtered_6class/train/Plastic/plastic75.jpg,,trashnet-master/trashnet-master/data/dataset-resized/plastic/plastic75.jpg,,,,,,,,
trashnet_train_plastic375.jpg,TrashNet,image_classification,train,Plastic,plastic,trashnet-master/trashnet-master/data/filtered_6class/train/Plastic/plastic375.jpg,,trashnet-master/trashnet-master/data/dataset-resized/plastic/plastic375.jpg,,,,,,,,
trashnet_train_plastic236.jpg,TrashNet,image_classification,train,Plastic,plastic,trashnet-master/trashnet-master/data/filtered_6class/train/Plastic/plastic236.jpg,,trashnet-master/trashnet-master/data/dataset-resized/plastic/plastic236.jpg,,,,,,,,
trashnet_train_plastic148.jpg,TrashNet,image_classification,train,Plastic,plastic,trashnet-master/trashnet-master/data/filtered_6class/train/Plastic/plastic148.jpg,,trashnet-master/trashnet-master/data/dataset-resized/plastic/plastic148.jpg,,,,,,,,
trashnet_train_plastic332.jpg,TrashNet,image_classification,train,Plastic,plastic,trashnet-master/trashnet-master/data/filtered_6class/train/Plastic/plastic332.jpg,,trashnet-master/trashnet-master/data/dataset-resized/plastic/plastic332.jpg,,,,,,,,
trashnet_train_plastic181.jpg,TrashNet,image_classification,train,Plastic,plastic,trashnet-master/trashnet-master/data/filtered_6class/train/Plastic/plastic181.jpg,,trashnet-master/trashnet-master/data/dataset-resized/plastic/plastic181.jpg,,,,,,,,
trashnet_train_plastic33.jpg,TrashNet,image_classification,train,Plastic,plastic,trashnet-master/trashnet-master/data/filtered_6class/train/Plastic/plastic33.jpg,,trashnet-master/trashnet-master/data/dataset-resized/plastic/plastic33.jpg,,,,,,,,
trashnet_train_plastic9.jpg,TrashNet,image_classification,train,Plastic,plastic,trashnet-master/trashnet-master/data/filtered_6class/train/Plastic/plastic9.jpg,,trashnet-master/trashnet-master/data/dataset-resized/plastic/plastic9.jpg,,,,,,,,
trashnet_train_plastic10.jpg,TrashNet,image_classification,train,Plastic,plastic,trashnet-master/trashnet-master/data/filtered_6class/train/Plastic/plastic10.jpg,,trashnet-master/trashnet-master/data/dataset-resized/plastic/plastic10.jpg,,,,,,,,
trashnet_train_plastic457.jpg,TrashNet,image_classification,train,Plastic,plastic,trashnet-master/trashnet-master/data/filtered_6class/train/Plastic/plastic457.jpg,,trashnet-master/trashnet-master/data/dataset-resized/plastic/plastic457.jpg,,,,,,,,
trashnet_train_plastic171.jpg,TrashNet,image_classification,train,Plastic,plastic,trashnet-master/trashnet-master/data/filtered_6class/train/Plastic/plastic171.jpg,,trashnet-master/trashnet-master/data/dataset-resized/plastic/plastic171.jpg,,,,,,,,
trashnet_train_plastic3.jpg,TrashNet,image_classification,train,Plastic,plastic,trashnet-master/trashnet-master/data/filtered_6class/train/Plastic/plastic3.jpg,,trashnet-master/trashnet-master/data/dataset-resized/plastic/plastic3.jpg,,,,,,,,
trashnet_train_plastic473.jpg,TrashNet,image_classification,train,Plastic,plastic,trashnet-master/trashnet-master/data/filtered_6class/train/Plastic/plastic473.jpg,,trashnet-master/trashnet-master/data/dataset-resized/plastic/plastic473.jpg,,,,,,,,
trashnet_train_plastic98.jpg,TrashNet,image_classification,train,Plastic,plastic,trashnet-master/trashnet-master/data/filtered_6class/train/Plastic/plastic98.jpg,,trashnet-master/trashnet-master/data/dataset-resized/plastic/plastic98.jpg,,,,,,,,
trashnet_train_plastic6.jpg,TrashNet,image_classification,train,Plastic,plastic,trashnet-master/trashnet-master/data/filtered_6class/train/Plastic/plastic6.jpg,,trashnet-master/trashnet-master/data/dataset-resized/plastic/plastic6.jpg,,,,,,,,
trashnet_train_plastic45.jpg,TrashNet,image_classification,train,Plastic,plastic,trashnet-master/trashnet-master/data/filtered_6class/train/Plastic/plastic45.jpg,,trashnet-master/trashnet-master/data/dataset-resized/plastic/plastic45.jpg,,,,,,,,
trashnet_train_plastic478.jpg,TrashNet,image_classification,train,Plastic,plastic,trashnet-master/trashnet-master/data/filtered_6class/train/Plastic/plastic478.jpg,,trashnet-master/trashnet-master/data/dataset-resized/plastic/plastic478.jpg,,,,,,,,
trashnet_train_plastic151.jpg,TrashNet,image_classification,train,Plastic,plastic,trashnet-master/trashnet-master/data/filtered_6class/train/Plastic/plastic151.jpg,,trashnet-master/trashnet-master/data/dataset-resized/plastic/plastic151.jpg,,,,,,,,
trashnet_train_plastic103.jpg,TrashNet,image_classification,train,Plastic,plastic,trashnet-master/trashnet-master/data/filtered_6class/train/Plastic/plastic103.jpg,,trashnet-master/trashnet-master/data/dataset-resized/plastic/plastic103.jpg,,,,,,,,
trashnet_train_plastic354.jpg,TrashNet,image_classification,train,Plastic,plastic,trashnet-master/trashnet-master/data/filtered_6class/train/Plastic/plastic354.jpg,,trashnet-master/trashnet-master/data/dataset-resized/plastic/plastic354.jpg,,,,,,,,
trashnet_train_plastic214.jpg,TrashNet,image_classification,train,Plastic,plastic,trashnet-master/trashnet-master/data/filtered_6class/train/Plastic/plastic214.jpg,,trashnet-master/trashnet-master/data/dataset-resized/plastic/plastic214.jpg,,,,,,,,
trashnet_train_plastic342.jpg,TrashNet,image_classification,train,Plastic,plastic,trashnet-master/trashnet-master/data/filtered_6class/train/Plastic/plastic342.jpg,,trashnet-master/trashnet-master/data/dataset-resized/plastic/plastic342.jpg,,,,,,,,
trashnet_train_plastic314.jpg,TrashNet,image_classification,train,Plastic,plastic,trashnet-master/trashnet-master/data/filtered_6class/train/Plastic/plastic314.jpg,,trashnet-master/trashnet-master/data/dataset-resized/plastic/plastic314.jpg,,,,,,,,
trashnet_train_plastic418.jpg,TrashNet,image_classification,train,Plastic,plastic,trashnet-master/trashnet-master/data/filtered_6class/train/Plastic/plastic418.jpg,,trashnet-master/trashnet-master/data/dataset-resized/plastic/plastic418.jpg,,,,,,,,
trashnet_train_plastic275.jpg,TrashNet,image_classification,train,Plastic,plastic,trashnet-master/trashnet-master/data/filtered_6class/train/Plastic/plastic275.jpg,,trashnet-master/trashnet-master/data/dataset-resized/plastic/plastic275.jpg,,,,,,,,
trashnet_train_plastic277.jpg,TrashNet,image_classification,train,Plastic,plastic,trashnet-master/trashnet-master/data/filtered_6class/train/Plastic/plastic277.jpg,,trashnet-master/trashnet-master/data/dataset-resized/plastic/plastic277.jpg,,,,,,,,
trashnet_train_plastic128.jpg,TrashNet,image_classification,train,Plastic,plastic,trashnet-master/trashnet-master/data/filtered_6class/train/Plastic/plastic128.jpg,,trashnet-master/trashnet-master/data/dataset-resized/plastic/plastic128.jpg,,,,,,,,
trashnet_train_plastic374.jpg,TrashNet,image_classification,train,Plastic,plastic,trashnet-master/trashnet-master/data/filtered_6class/train/Plastic/plastic374.jpg,,trashnet-master/trashnet-master/data/dataset-resized/plastic/plastic374.jpg,,,,,,,,
trashnet_train_plastic60.jpg,TrashNet,image_classification,train,Plastic,plastic,trashnet-master/trashnet-master/data/filtered_6class/train/Plastic/plastic60.jpg,,trashnet-master/trashnet-master/data/dataset-resized/plastic/plastic60.jpg,,,,,,,,
trashnet_train_plastic62.jpg,TrashNet,image_classification,train,Plastic,plastic,trashnet-master/trashnet-master/data/filtered_6class/train/Plastic/plastic62.jpg,,trashnet-master/trashnet-master/data/dataset-resized/plastic/plastic62.jpg,,,,,,,,
trashnet_train_plastic66.jpg,TrashNet,image_classification,train,Plastic,plastic,trashnet-master/trashnet-master/data/filtered_6class/train/Plastic/plastic66.jpg,,trashnet-master/trashnet-master/data/dataset-resized/plastic/plastic66.jpg,,,,,,,,
trashnet_train_plastic17.jpg,TrashNet,image_classification,train,Plastic,plastic,trashnet-master/trashnet-master/data/filtered_6class/train/Plastic/plastic17.jpg,,trashnet-master/trashnet-master/data/dataset-resized/plastic/plastic17.jpg,,,,,,,,
trashnet_train_plastic15.jpg,TrashNet,image_classification,train,Plastic,plastic,trashnet-master/trashnet-master/data/filtered_6class/train/Plastic/plastic15.jpg,,trashnet-master/trashnet-master/data/dataset-resized/plastic/plastic15.jpg,,,,,,,,
trashnet_train_plastic120.jpg,TrashNet,image_classification,train,Plastic,plastic,trashnet-master/trashnet-master/data/filtered_6class/train/Plastic/plastic120.jpg,,trashnet-master/trashnet-master/data/dataset-resized/plastic/plastic120.jpg,,,,,,,,
trashnet_train_plastic140.jpg,TrashNet,image_classification,train,Plastic,plastic,trashnet-master/trashnet-master/data/filtered_6class/train/Plastic/plastic140.jpg,,trashnet-master/trashnet-master/data/dataset-resized/plastic/plastic140.jpg,,,,,,,,
trashnet_train_glass35.jpg,TrashNet,image_classification,train,Glass,glass,trashnet-master/trashnet-master/data/filtered_6class/train/Glass/glass35.jpg,,trashnet-master/trashnet-master/data/dataset-resized/glass/glass35.jpg,,,,,,,,
trashnet_train_glass195.jpg,TrashNet,image_classification,train,Glass,glass,trashnet-master/trashnet-master/data/filtered_6class/train/Glass/glass195.jpg,,trashnet-master/trashnet-master/data/dataset-resized/glass/glass195.jpg,,,,,,,,
trashnet_train_glass54.jpg,TrashNet,image_classification,train,Glass,glass,trashnet-master/trashnet-master/data/filtered_6class/train/Glass/glass54.jpg,,trashnet-master/trashnet-master/data/dataset-resized/glass/glass54.jpg,,,,,,,,
trashnet_train_glass467.jpg,TrashNet,image_classification,train,Glass,glass,trashnet-master/trashnet-master/data/filtered_6class/train/Glass/glass467.jpg,,trashnet-master/trashnet-master/data/dataset-resized/glass/glass467.jpg,,,,,,,,
trashnet_train_glass268.jpg,TrashNet,image_classification,train,Glass,glass,trashnet-master/trashnet-master/data/filtered_6class/train/Glass/glass268.jpg,,trashnet-master/trashnet-master/data/dataset-resized/glass/glass268.jpg,,,,,,,,
trashnet_train_glass355.jpg,TrashNet,image_classification,train,Glass,glass,trashnet-master/trashnet-master/data/filtered_6class/train/Glass/glass355.jpg,,trashnet-master/trashnet-master/data/dataset-resized/glass/glass355.jpg,,,,,,,,
trashnet_train_glass272.jpg,TrashNet,image_classification,train,Glass,glass,trashnet-master/trashnet-master/data/filtered_6class/train/Glass/glass272.jpg,,trashnet-master/trashnet-master/data/dataset-resized/glass/glass272.jpg,,,,,,,,
trashnet_train_glass363.jpg,TrashNet,image_classification,train,Glass,glass,trashnet-master/trashnet-master/data/filtered_6class/train/Glass/glass363.jpg,,trashnet-master/trashnet-master/data/dataset-resized/glass/glass363.jpg,,,,,,,,
trashnet_train_glass176.jpg,TrashNet,image_classification,train,Glass,glass,trashnet-master/trashnet-master/data/filtered_6class/train/Glass/glass176.jpg,,trashnet-master/trashnet-master/data/dataset-resized/glass/glass176.jpg,,,,,,,,
trashnet_train_glass284.jpg,TrashNet,image_classification,train,Glass,glass,trashnet-master/trashnet-master/data/filtered_6class/train/Glass/glass284.jpg,,trashnet-master/trashnet-master/data/dataset-resized/glass/glass284.jpg,,,,,,,,
trashnet_train_glass328.jpg,TrashNet,image_classification,train,Glass,glass,trashnet-master/trashnet-master/data/filtered_6class/train/Glass/glass328.jpg,,trashnet-master/trashnet-master/data/dataset-resized/glass/glass328.jpg,,,,,,,,
trashnet_train_glass146.jpg,TrashNet,image_classification,train,Glass,glass,trashnet-master/trashnet-master/data/filtered_6class/train/Glass/glass146.jpg,,trashnet-master/trashnet-master/data/dataset-resized/glass/glass146.jpg,,,,,,,,
trashnet_train_glass263.jpg,TrashNet,image_classification,train,Glass,glass,trashnet-master/trashnet-master/data/filtered_6class/train/Glass/glass263.jpg,,trashnet-master/trashnet-master/data/dataset-resized/glass/glass263.jpg,,,,,,,,
trashnet_train_glass326.jpg,TrashNet,image_classification,train,Glass,glass,trashnet-master/trashnet-master/data/filtered_6class/train/Glass/glass326.jpg,,trashnet-master/trashnet-master/data/dataset-resized/glass/glass326.jpg,,,,,,,,
trashnet_train_glass486.jpg,TrashNet,image_classification,train,Glass,glass,trashnet-master/trashnet-master/data/filtered_6class/train/Glass/glass486.jpg,,trashnet-master/trashnet-master/data/dataset-resized/glass/glass486.jpg,,,,,,,,
trashnet_train_glass426.jpg,TrashNet,image_classification,train,Glass,glass,trashnet-master/trashnet-master/data/filtered_6class/train/Glass/glass426.jpg,,trashnet-master/trashnet-master/data/dataset-resized/glass/glass426.jpg,,,,,,,,
trashnet_train_glass106.jpg,TrashNet,image_classification,train,Glass,glass,trashnet-master/trashnet-master/data/filtered_6class/train/Glass/glass106.jpg,,trashnet-master/trashnet-master/data/dataset-resized/glass/glass106.jpg,,,,,,,,
trashnet_train_glass398.jpg,TrashNet,image_classification,train,Glass,glass,trashnet-master/trashnet-master/data/filtered_6class/train/Glass/glass398.jpg,,trashnet-master/trashnet-master/data/dataset-resized/glass/glass398.jpg,,,,,,,,
trashnet_train_glass233.jpg,TrashNet,image_classification,train,Glass,glass,trashnet-master/trashnet-master/data/filtered_6class/train/Glass/glass233.jpg,,trashnet-master/trashnet-master/data/dataset-resized/glass/glass233.jpg,,,,,,,,
trashnet_train_glass192.jpg,TrashNet,image_classification,train,Glass,glass,trashnet-master/trashnet-master/data/filtered_6class/train/Glass/glass192.jpg,,trashnet-master/trashnet-master/data/dataset-resized/glass/glass192.jpg,,,,,,,,
trashnet_train_glass417.jpg,TrashNet,image_classification,train,Glass,glass,trashnet-master/trashnet-master/data/filtered_6class/train/Glass/glass417.jpg,,trashnet-master/trashnet-master/data/dataset-resized/glass/glass417.jpg,,,,,,,,
trashnet_train_glass164.jpg,TrashNet,image_classification,train,Glass,glass,trashnet-master/trashnet-master/data/filtered_6class/train/Glass/glass164.jpg,,trashnet-master/trashnet-master/data/dataset-resized/glass/glass164.jpg,,,,,,,,
trashnet_train_glass165.jpg,TrashNet,image_classification,train,Glass,glass,trashnet-master/trashnet-master/data/filtered_6class/train/Glass/glass165.jpg,,trashnet-master/trashnet-master/data/dataset-resized/glass/glass165.jpg,,,,,,,,
trashnet_train_glass434.jpg,TrashNet,image_classification,train,Glass,glass,trashnet-master/trashnet-master/data/filtered_6class/train/Glass/glass434.jpg,,trashnet-master/trashnet-master/data/dataset-resized/glass/glass434.jpg,,,,,,,,
trashnet_train_glass99.jpg,TrashNet,image_classification,train,Glass,glass,trashnet-master/trashnet-master/data/filtered_6class/train/Glass/glass99.jpg,,trashnet-master/trashnet-master/data/dataset-resized/glass/glass99.jpg,,,,,,,,
trashnet_train_glass34.jpg,TrashNet,image_classification,train,Glass,glass,trashnet-master/trashnet-master/data/filtered_6class/train/Glass/glass34.jpg,,trashnet-master/trashnet-master/data/dataset-resized/glass/glass34.jpg,,,,,,,,
trashnet_train_glass71.jpg,TrashNet,image_classification,train,Glass,glass,trashnet-master/trashnet-master/data/filtered_6class/train/Glass/glass71.jpg,,trashnet-master/trashnet-master/data/dataset-resized/glass/glass71.jpg,,,,,,,,
trashnet_train_glass433.jpg,TrashNet,image_classification,train,Glass,glass,trashnet-master/trashnet-master/data/filtered_6class/train/Glass/glass433.jpg,,trashnet-master/trashnet-master/data/dataset-resized/glass/glass433.jpg,,,,,,,,
trashnet_train_glass270.jpg,TrashNet,image_classification,train,Glass,glass,trashnet-master/trashnet-master/data/filtered_6class/train/Glass/glass270.jpg,,trashnet-master/trashnet-master/data/dataset-resized/glass/glass270.jpg,,,,,,,,
trashnet_train_glass129.jpg,TrashNet,image_classification,train,Glass,glass,trashnet-master/trashnet-master/data/filtered_6class/train/Glass/glass129.jpg,,trashnet-master/trashnet-master/data/dataset-resized/glass/glass129.jpg,,,,,,,,
trashnet_train_glass401.jpg,TrashNet,image_classification,train,Glass,glass,trashnet-master/trashnet-master/data/filtered_6class/train/Glass/glass401.jpg,,trashnet-master/trashnet-master/data/dataset-resized/glass/glass401.jpg,,,,,,,,
trashnet_train_glass15.jpg,TrashNet,image_classification,train,Glass,glass,trashnet-master/trashnet-master/data/filtered_6class/train/Glass/glass15.jpg,,trashnet-master/trashnet-master/data/dataset-resized/glass/glass15.jpg,,,,,,,,
trashnet_train_glass38.jpg,TrashNet,image_classification,train,Glass,glass,trashnet-master/trashnet-master/data/filtered_6class/train/Glass/glass38.jpg,,trashnet-master/trashnet-master/data/dataset-resized/glass/glass38.jpg,,,,,,,,
trashnet_train_glass352.jpg,TrashNet,image_classification,train,Glass,glass,trashnet-master/trashnet-master/data/filtered_6class/train/Glass/glass352.jpg,,trashnet-master/trashnet-master/data/dataset-resized/glass/glass352.jpg,,,,,,,,
trashnet_train_glass448.jpg,TrashNet,image_classification,train,Glass,glass,trashnet-master/trashnet-master/data/filtered_6class/train/Glass/glass448.jpg,,trashnet-master/trashnet-master/data/dataset-resized/glass/glass448.jpg,,,,,,,,
trashnet_train_glass372.jpg,TrashNet,image_classification,train,Glass,glass,trashnet-master/trashnet-master/data/filtered_6class/train/Glass/glass372.jpg,,trashnet-master/trashnet-master/data/dataset-resized/glass/glass372.jpg,,,,,,,,
trashnet_train_glass79.jpg,TrashNet,image_classification,train,Glass,glass,trashnet-master/trashnet-master/data/filtered_6class/train/Glass/glass79.jpg,,trashnet-master/trashnet-master/data/dataset-resized/glass/glass79.jpg,,,,,,,,
trashnet_train_glass252.jpg,TrashNet,image_classification,train,Glass,glass,trashnet-master/trashnet-master/data/filtered_6class/train/Glass/glass252.jpg,,trashnet-master/trashnet-master/data/dataset-resized/glass/glass252.jpg,,,,,,,,
trashnet_train_glass278.jpg,TrashNet,image_classification,train,Glass,glass,trashnet-master/trashnet-master/data/filtered_6class/train/Glass/glass278.jpg,,trashnet-master/trashnet-master/data/dataset-resized/glass/glass278.jpg,,,,,,,,
trashnet_train_glass191.jpg,TrashNet,image_classification,train,Glass,glass,trashnet-master/trashnet-master/data/filtered_6class/train/Glass/glass191.jpg,,trashnet-master/trashnet-master/data/dataset-resized/glass/glass191.jpg,,,,,,,,
trashnet_train_glass289.jpg,TrashNet,image_classification,train,Glass,glass,trashnet-master/trashnet-master/data/filtered_6class/train/Glass/glass289.jpg,,trashnet-master/trashnet-master/data/dataset-resized/glass/glass289.jpg,,,,,,,,
trashnet_train_glass107.jpg,TrashNet,image_classification,train,Glass,glass,trashnet-master/trashnet-master/data/filtered_6class/train/Glass/glass107.jpg,,trashnet-master/trashnet-master/data/dataset-resized/glass/glass107.jpg,,,,,,,,
trashnet_train_glass147.jpg,TrashNet,image_classification,train,Glass,glass,trashnet-master/trashnet-master/data/filtered_6class/train/Glass/glass147.jpg,,trashnet-master/trashnet-master/data/dataset-resized/glass/glass147.jpg,,,,,,,,
trashnet_train_glass457.jpg,TrashNet,image_classification,train,Glass,glass,trashnet-master/trashnet-master/data/filtered_6class/train/Glass/glass457.jpg,,trashnet-master/trashnet-master/data/dataset-resized/glass/glass457.jpg,,,,,,,,
trashnet_train_glass262.jpg,TrashNet,image_classification,train,Glass,glass,trashnet-master/trashnet-master/data/filtered_6class/train/Glass/glass262.jpg,,trashnet-master/trashnet-master/data/dataset-resized/glass/glass262.jpg,,,,,,,,
trashnet_train_glass484.jpg,TrashNet,image_classification,train,Glass,glass,trashnet-master/trashnet-master/data/filtered_6class/train/Glass/glass484.jpg,,trashnet-master/trashnet-master/data/dataset-resized/glass/glass484.jpg,,,,,,,,
trashnet_train_glass143.jpg,TrashNet,image_classification,train,Glass,glass,trashnet-master/trashnet-master/data/filtered_6class/train/Glass/glass143.jpg,,trashnet-master/trashnet-master/data/dataset-resized/glass/glass143.jpg,,,,,,,,
trashnet_train_glass362.jpg,TrashNet,image_classification,train,Glass,glass,trashnet-master/trashnet-master/data/filtered_6class/train/Glass/glass362.jpg,,trashnet-master/trashnet-master/data/dataset-resized/glass/glass362.jpg,,,,,,,,
trashnet_train_glass420.jpg,TrashNet,image_classification,train,Glass,glass,trashnet-master/trashnet-master/data/filtered_6class/train/Glass/glass420.jpg,,trashnet-master/trashnet-master/data/dataset-resized/glass/glass420.jpg,,,,,,,,
trashnet_train_glass324.jpg,TrashNet,image_classification,train,Glass,glass,trashnet-master/trashnet-master/data/filtered_6class/train/Glass/glass324.jpg,,trashnet-master/trashnet-master/data/dataset-resized/glass/glass324.jpg,,,,,,,,
trashnet_train_glass436.jpg,TrashNet,image_classification,train,Glass,glass,trashnet-master/trashnet-master/data/filtered_6class/train/Glass/glass436.jpg,,trashnet-master/trashnet-master/data/dataset-resized/glass/glass436.jpg,,,,,,,,
trashnet_train_glass244.jpg,TrashNet,image_classification,train,Glass,glass,trashnet-master/trashnet-master/data/filtered_6class/train/Glass/glass244.jpg,,trashnet-master/trashnet-master/data/dataset-resized/glass/glass244.jpg,,,,,,,,
trashnet_train_glass299.jpg,TrashNet,image_classification,train,Glass,glass,trashnet-master/trashnet-master/data/filtered_6class/train/Glass/glass299.jpg,,trashnet-master/trashnet-master/data/dataset-resized/glass/glass299.jpg,,,,,,,,
trashnet_train_glass471.jpg,TrashNet,image_classification,train,Glass,glass,trashnet-master/trashnet-master/data/filtered_6class/train/Glass/glass471.jpg,,trashnet-master/trashnet-master/data/dataset-resized/glass/glass471.jpg,,,,,,,,
trashnet_train_glass325.jpg,TrashNet,image_classification,train,Glass,glass,trashnet-master/trashnet-master/data/filtered_6class/train/Glass/glass325.jpg,,trashnet-master/trashnet-master/data/dataset-resized/glass/glass325.jpg,,,,,,,,
trashnet_train_glass22.jpg,TrashNet,image_classification,train,Glass,glass,trashnet-master/trashnet-master/data/filtered_6class/train/Glass/glass22.jpg,,trashnet-master/trashnet-master/data/dataset-resized/glass/glass22.jpg,,,,,,,,
trashnet_train_glass234.jpg,TrashNet,image_classification,train,Glass,glass,trashnet-master/trashnet-master/data/filtered_6class/train/Glass/glass234.jpg,,trashnet-master/trashnet-master/data/dataset-resized/glass/glass234.jpg,,,,,,,,
trashnet_train_glass55.jpg,TrashNet,image_classification,train,Glass,glass,trashnet-master/trashnet-master/data/filtered_6class/train/Glass/glass55.jpg,,trashnet-master/trashnet-master/data/dataset-resized/glass/glass55.jpg,,,,,,,,
trashnet_train_glass269.jpg,TrashNet,image_classification,train,Glass,glass,trashnet-master/trashnet-master/data/filtered_6class/train/Glass/glass269.jpg,,trashnet-master/trashnet-master/data/dataset-resized/glass/glass269.jpg,,,,,,,,
trashnet_train_glass115.jpg,TrashNet,image_classification,train,Glass,glass,trashnet-master/trashnet-master/data/filtered_6class/train/Glass/glass115.jpg,,trashnet-master/trashnet-master/data/dataset-resized/glass/glass115.jpg,,,,,,,,
trashnet_train_glass171.jpg,TrashNet,image_classification,train,Glass,glass,trashnet-master/trashnet-master/data/filtered_6class/train/Glass/glass171.jpg,,trashnet-master/trashnet-master/data/dataset-resized/glass/glass171.jpg,,,,,,,,
trashnet_train_glass475.jpg,TrashNet,image_classification,train,Glass,glass,trashnet-master/trashnet-master/data/filtered_6class/train/Glass/glass475.jpg,,trashnet-master/trashnet-master/data/dataset-resized/glass/glass475.jpg,,,,,,,,
trashnet_train_glass300.jpg,TrashNet,image_classification,train,Glass,glass,trashnet-master/trashnet-master/data/filtered_6class/train/Glass/glass300.jpg,,trashnet-master/trashnet-master/data/dataset-resized/glass/glass300.jpg,,,,,,,,
trashnet_train_glass321.jpg,TrashNet,image_classification,train,Glass,glass,trashnet-master/trashnet-master/data/filtered_6class/train/Glass/glass321.jpg,,trashnet-master/trashnet-master/data/dataset-resized/glass/glass321.jpg,,,,,,,,
trashnet_train_glass33.jpg,TrashNet,image_classification,train,Glass,glass,trashnet-master/trashnet-master/data/filtered_6class/train/Glass/glass33.jpg,,trashnet-master/trashnet-master/data/dataset-resized/glass/glass33.jpg,,,,,,,,
trashnet_train_glass67.jpg,TrashNet,image_classification,train,Glass,glass,trashnet-master/trashnet-master/data/filtered_6class/train/Glass/glass67.jpg,,trashnet-master/trashnet-master/data/dataset-resized/glass/glass67.jpg,,,,,,,,
trashnet_train_glass329.jpg,TrashNet,image_classification,train,Glass,glass,trashnet-master/trashnet-master/data/filtered_6class/train/Glass/glass329.jpg,,trashnet-master/trashnet-master/data/dataset-resized/glass/glass329.jpg,,,,,,,,
trashnet_train_glass499.jpg,TrashNet,image_classification,train,Glass,glass,trashnet-master/trashnet-master/data/filtered_6class/train/Glass/glass499.jpg,,trashnet-master/trashnet-master/data/dataset-resized/glass/glass499.jpg,,,,,,,,
trashnet_train_glass414.jpg,TrashNet,image_classification,train,Glass,glass,trashnet-master/trashnet-master/data/filtered_6class/train/Glass/glass414.jpg,,trashnet-master/trashnet-master/data/dataset-resized/glass/glass414.jpg,,,,,,,,
trashnet_train_glass200.jpg,TrashNet,image_classification,train,Glass,glass,trashnet-master/trashnet-master/data/filtered_6class/train/Glass/glass200.jpg,,trashnet-master/trashnet-master/data/dataset-resized/glass/glass200.jpg,,,,,,,,
trashnet_train_glass113.jpg,TrashNet,image_classification,train,Glass,glass,trashnet-master/trashnet-master/data/filtered_6class/train/Glass/glass113.jpg,,trashnet-master/trashnet-master/data/dataset-resized/glass/glass113.jpg,,,,,,,,
trashnet_train_glass392.jpg,TrashNet,image_classification,train,Glass,glass,trashnet-master/trashnet-master/data/filtered_6class/train/Glass/glass392.jpg,,trashnet-master/trashnet-master/data/dataset-resized/glass/glass392.jpg,,,,,,,,
trashnet_train_glass10.jpg,TrashNet,image_classification,train,Glass,glass,trashnet-master/trashnet-master/data/filtered_6class/train/Glass/glass10.jpg,,trashnet-master/trashnet-master/data/dataset-resized/glass/glass10.jpg,,,,,,,,
trashnet_train_glass133.jpg,TrashNet,image_classification,train,Glass,glass,trashnet-master/trashnet-master/data/filtered_6class/train/Glass/glass133.jpg,,trashnet-master/trashnet-master/data/dataset-resized/glass/glass133.jpg,,,,,,,,
trashnet_train_glass478.jpg,TrashNet,image_classification,train,Glass,glass,trashnet-master/trashnet-master/data/filtered_6class/train/Glass/glass478.jpg,,trashnet-master/trashnet-master/data/dataset-resized/glass/glass478.jpg,,,,,,,,
trashnet_train_glass228.jpg,TrashNet,image_classification,train,Glass,glass,trashnet-master/trashnet-master/data/filtered_6class/train/Glass/glass228.jpg,,trashnet-master/trashnet-master/data/dataset-resized/glass/glass228.jpg,,,,,,,,
trashnet_train_glass281.jpg,TrashNet,image_classification,train,Glass,glass,trashnet-master/trashnet-master/data/filtered_6class/train/Glass/glass281.jpg,,trashnet-master/trashnet-master/data/dataset-resized/glass/glass281.jpg,,,,,,,,
trashnet_train_glass275.jpg,TrashNet,image_classification,train,Glass,glass,trashnet-master/trashnet-master/data/filtered_6class/train/Glass/glass275.jpg,,trashnet-master/trashnet-master/data/dataset-resized/glass/glass275.jpg,,,,,,,,
trashnet_train_glass353.jpg,TrashNet,image_classification,train,Glass,glass,trashnet-master/trashnet-master/data/filtered_6class/train/Glass/glass353.jpg,,trashnet-master/trashnet-master/data/dataset-resized/glass/glass353.jpg,,,,,,,,
trashnet_train_glass443.jpg,TrashNet,image_classification,train,Glass,glass,trashnet-master/trashnet-master/data/filtered_6class/train/Glass/glass443.jpg,,trashnet-master/trashnet-master/data/dataset-resized/glass/glass443.jpg,,,,,,,,
trashnet_train_glass131.jpg,TrashNet,image_classification,train,Glass,glass,trashnet-master/trashnet-master/data/filtered_6class/train/Glass/glass131.jpg,,trashnet-master/trashnet-master/data/dataset-resized/glass/glass131.jpg,,,,,,,,
trashnet_train_glass168.jpg,TrashNet,image_classification,train,Glass,glass,trashnet-master/trashnet-master/data/filtered_6class/train/Glass/glass168.jpg,,trashnet-master/trashnet-master/data/dataset-resized/glass/glass168.jpg,,,,,,,,
trashnet_train_glass61.jpg,TrashNet,image_classification,train,Glass,glass,trashnet-master/trashnet-master/data/filtered_6class/train/Glass/glass61.jpg,,trashnet-master/trashnet-master/data/dataset-resized/glass/glass61.jpg,,,,,,,,
trashnet_train_glass428.jpg,TrashNet,image_classification,train,Glass,glass,trashnet-master/trashnet-master/data/filtered_6class/train/Glass/glass428.jpg,,trashnet-master/trashnet-master/data/dataset-resized/glass/glass428.jpg,,,,,,,,
trashnet_train_glass86.jpg,TrashNet,image_classification,train,Glass,glass,trashnet-master/trashnet-master/data/filtered_6class/train/Glass/glass86.jpg,,trashnet-master/trashnet-master/data/dataset-resized/glass/glass86.jpg,,,,,,,,
trashnet_train_glass214.jpg,TrashNet,image_classification,train,Glass,glass,trashnet-master/trashnet-master/data/filtered_6class/train/Glass/glass214.jpg,,trashnet-master/trashnet-master/data/dataset-resized/glass/glass214.jpg,,,,,,,,
trashnet_train_glass282.jpg,TrashNet,image_classification,train,Glass,glass,trashnet-master/trashnet-master/data/filtered_6class/train/Glass/glass282.jpg,,trashnet-master/trashnet-master/data/dataset-resized/glass/glass282.jpg,,,,,,,,
trashnet_train_glass396.jpg,TrashNet,image_classification,train,Glass,glass,trashnet-master/trashnet-master/data/filtered_6class/train/Glass/glass396.jpg,,trashnet-master/trashnet-master/data/dataset-resized/glass/glass396.jpg,,,,,,,,
trashnet_train_glass442.jpg,TrashNet,image_classification,train,Glass,glass,trashnet-master/trashnet-master/data/filtered_6class/train/Glass/glass442.jpg,,trashnet-master/trashnet-master/data/dataset-resized/glass/glass442.jpg,,,,,,,,
trashnet_train_glass203.jpg,TrashNet,image_classification,train,Glass,glass,trashnet-master/trashnet-master/data/filtered_6class/train/Glass/glass203.jpg,,trashnet-master/trashnet-master/data/dataset-resized/glass/glass203.jpg,,,,,,,,
trashnet_train_glass386.jpg,TrashNet,image_classification,train,Glass,glass,trashnet-master/trashnet-master/data/filtered_6class/train/Glass/glass386.jpg,,trashnet-master/trashnet-master/data/dataset-resized/glass/glass386.jpg,,,,,,,,
trashnet_train_glass370.jpg,TrashNet,image_classification,train,Glass,glass,trashnet-master/trashnet-master/data/filtered_6class/train/Glass/glass370.jpg,,trashnet-master/trashnet-master/data/dataset-resized/glass/glass370.jpg,,,,,,,,
trashnet_train_glass135.jpg,TrashNet,image_classification,train,Glass,glass,trashnet-master/trashnet-master/data/filtered_6class/train/Glass/glass135.jpg,,trashnet-master/trashnet-master/data/dataset-resized/glass/glass135.jpg,,,,,,,,
trashnet_train_glass120.jpg,TrashNet,image_classification,train,Glass,glass,trashnet-master/trashnet-master/data/filtered_6class/train/Glass/glass120.jpg,,trashnet-master/trashnet-master/data/dataset-resized/glass/glass120.jpg,,,,,,,,
trashnet_train_glass303.jpg,TrashNet,image_classification,train,Glass,glass,trashnet-master/trashnet-master/data/filtered_6class/train/Glass/glass303.jpg,,trashnet-master/trashnet-master/data/dataset-resized/glass/glass303.jpg,,,,,,,,
trashnet_train_glass112.jpg,TrashNet,image_classification,train,Glass,glass,trashnet-master/trashnet-master/data/filtered_6class/train/Glass/glass112.jpg,,trashnet-master/trashnet-master/data/dataset-resized/glass/glass112.jpg,,,,,,,,
trashnet_train_glass497.jpg,TrashNet,image_classification,train,Glass,glass,trashnet-master/trashnet-master/data/filtered_6class/train/Glass/glass497.jpg,,trashnet-master/trashnet-master/data/dataset-resized/glass/glass497.jpg,,,,,,,,
trashnet_train_glass305.jpg,TrashNet,image_classification,train,Glass,glass,trashnet-master/trashnet-master/data/filtered_6class/train/Glass/glass305.jpg,,trashnet-master/trashnet-master/data/dataset-resized/glass/glass305.jpg,,,,,,,,
trashnet_train_glass201.jpg,TrashNet,image_classification,train,Glass,glass,trashnet-master/trashnet-master/data/filtered_6class/train/Glass/glass201.jpg,,trashnet-master/trashnet-master/data/dataset-resized/glass/glass201.jpg,,,,,,,,
trashnet_train_glass13.jpg,TrashNet,image_classification,train,Glass,glass,trashnet-master/trashnet-master/data/filtered_6class/train/Glass/glass13.jpg,,trashnet-master/trashnet-master/data/dataset-resized/glass/glass13.jpg,,,,,,,,
trashnet_train_glass151.jpg,TrashNet,image_classification,train,Glass,glass,trashnet-master/trashnet-master/data/filtered_6class/train/Glass/glass151.jpg,,trashnet-master/trashnet-master/data/dataset-resized/glass/glass151.jpg,,,,,,,,
trashnet_train_glass32.jpg,TrashNet,image_classification,train,Glass,glass,trashnet-master/trashnet-master/data/filtered_6class/train/Glass/glass32.jpg,,trashnet-master/trashnet-master/data/dataset-resized/glass/glass32.jpg,,,,,,,,
trashnet_train_glass315.jpg,TrashNet,image_classification,train,Glass,glass,trashnet-master/trashnet-master/data/filtered_6class/train/Glass/glass315.jpg,,trashnet-master/trashnet-master/data/dataset-resized/glass/glass315.jpg,,,,,,,,
trashnet_train_glass454.jpg,TrashNet,image_classification,train,Glass,glass,trashnet-master/trashnet-master/data/filtered_6class/train/Glass/glass454.jpg,,trashnet-master/trashnet-master/data/dataset-resized/glass/glass454.jpg,,,,,,,,
trashnet_train_glass28.jpg,TrashNet,image_classification,train,Glass,glass,trashnet-master/trashnet-master/data/filtered_6class/train/Glass/glass28.jpg,,trashnet-master/trashnet-master/data/dataset-resized/glass/glass28.jpg,,,,,,,,
trashnet_train_glass185.jpg,TrashNet,image_classification,train,Glass,glass,trashnet-master/trashnet-master/data/filtered_6class/train/Glass/glass185.jpg,,trashnet-master/trashnet-master/data/dataset-resized/glass/glass185.jpg,,,,,,,,
trashnet_train_glass397.jpg,TrashNet,image_classification,train,Glass,glass,trashnet-master/trashnet-master/data/filtered_6class/train/Glass/glass397.jpg,,trashnet-master/trashnet-master/data/dataset-resized/glass/glass397.jpg,,,,,,,,
trashnet_train_glass139.jpg,TrashNet,image_classification,train,Glass,glass,trashnet-master/trashnet-master/data/filtered_6class/train/Glass/glass139.jpg,,trashnet-master/trashnet-master/data/dataset-resized/glass/glass139.jpg,,,,,,,,
trashnet_train_glass16.jpg,TrashNet,image_classification,train,Glass,glass,trashnet-master/trashnet-master/data/filtered_6class/train/Glass/glass16.jpg,,trashnet-master/trashnet-master/data/dataset-resized/glass/glass16.jpg,,,,,,,,
trashnet_train_glass265.jpg,TrashNet,image_classification,train,Glass,glass,trashnet-master/trashnet-master/data/filtered_6class/train/Glass/glass265.jpg,,trashnet-master/trashnet-master/data/dataset-resized/glass/glass265.jpg,,,,,,,,
trashnet_train_glass153.jpg,TrashNet,image_classification,train,Glass,glass,trashnet-master/trashnet-master/data/filtered_6class/train/Glass/glass153.jpg,,trashnet-master/trashnet-master/data/dataset-resized/glass/glass153.jpg,,,,,,,,
trashnet_train_glass450.jpg,TrashNet,image_classification,train,Glass,glass,trashnet-master/trashnet-master/data/filtered_6class/train/Glass/glass450.jpg,,trashnet-master/trashnet-master/data/dataset-resized/glass/glass450.jpg,,,,,,,,
trashnet_train_glass166.jpg,TrashNet,image_classification,train,Glass,glass,trashnet-master/trashnet-master/data/filtered_6class/train/Glass/glass166.jpg,,trashnet-master/trashnet-master/data/dataset-resized/glass/glass166.jpg,,,,,,,,
trashnet_train_glass8.jpg,TrashNet,image_classification,train,Glass,glass,trashnet-master/trashnet-master/data/filtered_6class/train/Glass/glass8.jpg,,trashnet-master/trashnet-master/data/dataset-resized/glass/glass8.jpg,,,,,,,,
trashnet_train_glass250.jpg,TrashNet,image_classification,train,Glass,glass,trashnet-master/trashnet-master/data/filtered_6class/train/Glass/glass250.jpg,,trashnet-master/trashnet-master/data/dataset-resized/glass/glass250.jpg,,,,,,,,
trashnet_train_glass371.jpg,TrashNet,image_classification,train,Glass,glass,trashnet-master/trashnet-master/data/filtered_6class/train/Glass/glass371.jpg,,trashnet-master/trashnet-master/data/dataset-resized/glass/glass371.jpg,,,,,,,,
trashnet_train_glass266.jpg,TrashNet,image_classification,train,Glass,glass,trashnet-master/trashnet-master/data/filtered_6class/train/Glass/glass266.jpg,,trashnet-master/trashnet-master/data/dataset-resized/glass/glass266.jpg,,,,,,,,
trashnet_train_glass310.jpg,TrashNet,image_classification,train,Glass,glass,trashnet-master/trashnet-master/data/filtered_6class/train/Glass/glass310.jpg,,trashnet-master/trashnet-master/data/dataset-resized/glass/glass310.jpg,,,,,,,,
trashnet_train_glass124.jpg,TrashNet,image_classification,train,Glass,glass,trashnet-master/trashnet-master/data/filtered_6class/train/Glass/glass124.jpg,,trashnet-master/trashnet-master/data/dataset-resized/glass/glass124.jpg,,,,,,,,
trashnet_train_glass57.jpg,TrashNet,image_classification,train,Glass,glass,trashnet-master/trashnet-master/data/filtered_6class/train/Glass/glass57.jpg,,trashnet-master/trashnet-master/data/dataset-resized/glass/glass57.jpg,,,,,,,,
trashnet_train_glass109.jpg,TrashNet,image_classification,train,Glass,glass,trashnet-master/trashnet-master/data/filtered_6class/train/Glass/glass109.jpg,,trashnet-master/trashnet-master/data/dataset-resized/glass/glass109.jpg,,,,,,,,
trashnet_train_glass82.jpg,TrashNet,image_classification,train,Glass,glass,trashnet-master/trashnet-master/data/filtered_6class/train/Glass/glass82.jpg,,trashnet-master/trashnet-master/data/dataset-resized/glass/glass82.jpg,,,,,,,,
trashnet_train_glass344.jpg,TrashNet,image_classification,train,Glass,glass,trashnet-master/trashnet-master/data/filtered_6class/train/Glass/glass344.jpg,,trashnet-master/trashnet-master/data/dataset-resized/glass/glass344.jpg,,,,,,,,
trashnet_train_glass69.jpg,TrashNet,image_classification,train,Glass,glass,trashnet-master/trashnet-master/data/filtered_6class/train/Glass/glass69.jpg,,trashnet-master/trashnet-master/data/dataset-resized/glass/glass69.jpg,,,,,,,,
trashnet_train_glass447.jpg,TrashNet,image_classification,train,Glass,glass,trashnet-master/trashnet-master/data/filtered_6class/train/Glass/glass447.jpg,,trashnet-master/trashnet-master/data/dataset-resized/glass/glass447.jpg,,,,,,,,
trashnet_train_glass84.jpg,TrashNet,image_classification,train,Glass,glass,trashnet-master/trashnet-master/data/filtered_6class/train/Glass/glass84.jpg,,trashnet-master/trashnet-master/data/dataset-resized/glass/glass84.jpg,,,,,,,,
trashnet_train_glass24.jpg,TrashNet,image_classification,train,Glass,glass,trashnet-master/trashnet-master/data/filtered_6class/train/Glass/glass24.jpg,,trashnet-master/trashnet-master/data/dataset-resized/glass/glass24.jpg,,,,,,,,
trashnet_train_glass458.jpg,TrashNet,image_classification,train,Glass,glass,trashnet-master/trashnet-master/data/filtered_6class/train/Glass/glass458.jpg,,trashnet-master/trashnet-master/data/dataset-resized/glass/glass458.jpg,,,,,,,,
trashnet_train_glass217.jpg,TrashNet,image_classification,train,Glass,glass,trashnet-master/trashnet-master/data/filtered_6class/train/Glass/glass217.jpg,,trashnet-master/trashnet-master/data/dataset-resized/glass/glass217.jpg,,,,,,,,
trashnet_train_glass256.jpg,TrashNet,image_classification,train,Glass,glass,trashnet-master/trashnet-master/data/filtered_6class/train/Glass/glass256.jpg,,trashnet-master/trashnet-master/data/dataset-resized/glass/glass256.jpg,,,,,,,,
trashnet_train_glass193.jpg,TrashNet,image_classification,train,Glass,glass,trashnet-master/trashnet-master/data/filtered_6class/train/Glass/glass193.jpg,,trashnet-master/trashnet-master/data/dataset-resized/glass/glass193.jpg,,,,,,,,
trashnet_train_glass40.jpg,TrashNet,image_classification,train,Glass,glass,trashnet-master/trashnet-master/data/filtered_6class/train/Glass/glass40.jpg,,trashnet-master/trashnet-master/data/dataset-resized/glass/glass40.jpg,,,,,,,,
trashnet_train_glass118.jpg,TrashNet,image_classification,train,Glass,glass,trashnet-master/trashnet-master/data/filtered_6class/train/Glass/glass118.jpg,,trashnet-master/trashnet-master/data/dataset-resized/glass/glass118.jpg,,,,,,,,
trashnet_train_glass142.jpg,TrashNet,image_classification,train,Glass,glass,trashnet-master/trashnet-master/data/filtered_6class/train/Glass/glass142.jpg,,trashnet-master/trashnet-master/data/dataset-resized/glass/glass142.jpg,,,,,,,,
trashnet_train_glass4.jpg,TrashNet,image_classification,train,Glass,glass,trashnet-master/trashnet-master/data/filtered_6class/train/Glass/glass4.jpg,,trashnet-master/trashnet-master/data/dataset-resized/glass/glass4.jpg,,,,,,,,
trashnet_train_glass65.jpg,TrashNet,image_classification,train,Glass,glass,trashnet-master/trashnet-master/data/filtered_6class/train/Glass/glass65.jpg,,trashnet-master/trashnet-master/data/dataset-resized/glass/glass65.jpg,,,,,,,,
trashnet_train_glass48.jpg,TrashNet,image_classification,train,Glass,glass,trashnet-master/trashnet-master/data/filtered_6class/train/Glass/glass48.jpg,,trashnet-master/trashnet-master/data/dataset-resized/glass/glass48.jpg,,,,,,,,
trashnet_train_glass27.jpg,TrashNet,image_classification,train,Glass,glass,trashnet-master/trashnet-master/data/filtered_6class/train/Glass/glass27.jpg,,trashnet-master/trashnet-master/data/dataset-resized/glass/glass27.jpg,,,,,,,,
trashnet_train_glass259.jpg,TrashNet,image_classification,train,Glass,glass,trashnet-master/trashnet-master/data/filtered_6class/train/Glass/glass259.jpg,,trashnet-master/trashnet-master/data/dataset-resized/glass/glass259.jpg,,,,,,,,
trashnet_train_glass159.jpg,TrashNet,image_classification,train,Glass,glass,trashnet-master/trashnet-master/data/filtered_6class/train/Glass/glass159.jpg,,trashnet-master/trashnet-master/data/dataset-resized/glass/glass159.jpg,,,,,,,,
trashnet_train_glass421.jpg,TrashNet,image_classification,train,Glass,glass,trashnet-master/trashnet-master/data/filtered_6class/train/Glass/glass421.jpg,,trashnet-master/trashnet-master/data/dataset-resized/glass/glass421.jpg,,,,,,,,
trashnet_train_glass424.jpg,TrashNet,image_classification,train,Glass,glass,trashnet-master/trashnet-master/data/filtered_6class/train/Glass/glass424.jpg,,trashnet-master/trashnet-master/data/dataset-resized/glass/glass424.jpg,,,,,,,,
trashnet_train_glass429.jpg,TrashNet,image_classification,train,Glass,glass,trashnet-master/trashnet-master/data/filtered_6class/train/Glass/glass429.jpg,,trashnet-master/trashnet-master/data/dataset-resized/glass/glass429.jpg,,,,,,,,
trashnet_train_glass140.jpg,TrashNet,image_classification,train,Glass,glass,trashnet-master/trashnet-master/data/filtered_6class/train/Glass/glass140.jpg,,trashnet-master/trashnet-master/data/dataset-resized/glass/glass140.jpg,,,,,,,,
trashnet_train_glass174.jpg,TrashNet,image_classification,train,Glass,glass,trashnet-master/trashnet-master/data/filtered_6class/train/Glass/glass174.jpg,,trashnet-master/trashnet-master/data/dataset-resized/glass/glass174.jpg,,,,,,,,
trashnet_train_glass399.jpg,TrashNet,image_classification,train,Glass,glass,trashnet-master/trashnet-master/data/filtered_6class/train/Glass/glass399.jpg,,trashnet-master/trashnet-master/data/dataset-resized/glass/glass399.jpg,,,,,,,,
trashnet_train_glass412.jpg,TrashNet,image_classification,train,Glass,glass,trashnet-master/trashnet-master/data/filtered_6class/train/Glass/glass412.jpg,,trashnet-master/trashnet-master/data/dataset-resized/glass/glass412.jpg,,,,,,,,
trashnet_train_glass459.jpg,TrashNet,image_classification,train,Glass,glass,trashnet-master/trashnet-master/data/filtered_6class/train/Glass/glass459.jpg,,trashnet-master/trashnet-master/data/dataset-resized/glass/glass459.jpg,,,,,,,,
trashnet_train_glass68.jpg,TrashNet,image_classification,train,Glass,glass,trashnet-master/trashnet-master/data/filtered_6class/train/Glass/glass68.jpg,,trashnet-master/trashnet-master/data/dataset-resized/glass/glass68.jpg,,,,,,,,
trashnet_train_glass456.jpg,TrashNet,image_classification,train,Glass,glass,trashnet-master/trashnet-master/data/filtered_6class/train/Glass/glass456.jpg,,trashnet-master/trashnet-master/data/dataset-resized/glass/glass456.jpg,,,,,,,,
trashnet_train_glass92.jpg,TrashNet,image_classification,train,Glass,glass,trashnet-master/trashnet-master/data/filtered_6class/train/Glass/glass92.jpg,,trashnet-master/trashnet-master/data/dataset-resized/glass/glass92.jpg,,,,,,,,
trashnet_train_glass294.jpg,TrashNet,image_classification,train,Glass,glass,trashnet-master/trashnet-master/data/filtered_6class/train/Glass/glass294.jpg,,trashnet-master/trashnet-master/data/dataset-resized/glass/glass294.jpg,,,,,,,,
trashnet_train_glass446.jpg,TrashNet,image_classification,train,Glass,glass,trashnet-master/trashnet-master/data/filtered_6class/train/Glass/glass446.jpg,,trashnet-master/trashnet-master/data/dataset-resized/glass/glass446.jpg,,,,,,,,
trashnet_train_glass163.jpg,TrashNet,image_classification,train,Glass,glass,trashnet-master/trashnet-master/data/filtered_6class/train/Glass/glass163.jpg,,trashnet-master/trashnet-master/data/dataset-resized/glass/glass163.jpg,,,,,,,,
trashnet_train_glass66.jpg,TrashNet,image_classification,train,Glass,glass,trashnet-master/trashnet-master/data/filtered_6class/train/Glass/glass66.jpg,,trashnet-master/trashnet-master/data/dataset-resized/glass/glass66.jpg,,,,,,,,
trashnet_train_glass330.jpg,TrashNet,image_classification,train,Glass,glass,trashnet-master/trashnet-master/data/filtered_6class/train/Glass/glass330.jpg,,trashnet-master/trashnet-master/data/dataset-resized/glass/glass330.jpg,,,,,,,,
trashnet_train_glass173.jpg,TrashNet,image_classification,train,Glass,glass,trashnet-master/trashnet-master/data/filtered_6class/train/Glass/glass173.jpg,,trashnet-master/trashnet-master/data/dataset-resized/glass/glass173.jpg,,,,,,,,
trashnet_train_glass413.jpg,TrashNet,image_classification,train,Glass,glass,trashnet-master/trashnet-master/data/filtered_6class/train/Glass/glass413.jpg,,trashnet-master/trashnet-master/data/dataset-resized/glass/glass413.jpg,,,,,,,,
trashnet_train_glass70.jpg,TrashNet,image_classification,train,Glass,glass,trashnet-master/trashnet-master/data/filtered_6class/train/Glass/glass70.jpg,,trashnet-master/trashnet-master/data/dataset-resized/glass/glass70.jpg,,,,,,,,
trashnet_train_glass495.jpg,TrashNet,image_classification,train,Glass,glass,trashnet-master/trashnet-master/data/filtered_6class/train/Glass/glass495.jpg,,trashnet-master/trashnet-master/data/dataset-resized/glass/glass495.jpg,,,,,,,,
trashnet_train_glass91.jpg,TrashNet,image_classification,train,Glass,glass,trashnet-master/trashnet-master/data/filtered_6class/train/Glass/glass91.jpg,,trashnet-master/trashnet-master/data/dataset-resized/glass/glass91.jpg,,,,,,,,
trashnet_train_glass21.jpg,TrashNet,image_classification,train,Glass,glass,trashnet-master/trashnet-master/data/filtered_6class/train/Glass/glass21.jpg,,trashnet-master/trashnet-master/data/dataset-resized/glass/glass21.jpg,,,,,,,,
trashnet_train_glass222.jpg,TrashNet,image_classification,train,Glass,glass,trashnet-master/trashnet-master/data/filtered_6class/train/Glass/glass222.jpg,,trashnet-master/trashnet-master/data/dataset-resized/glass/glass222.jpg,,,,,,,,
trashnet_train_glass240.jpg,TrashNet,image_classification,train,Glass,glass,trashnet-master/trashnet-master/data/filtered_6class/train/Glass/glass240.jpg,,trashnet-master/trashnet-master/data/dataset-resized/glass/glass240.jpg,,,,,,,,
trashnet_train_glass340.jpg,TrashNet,image_classification,train,Glass,glass,trashnet-master/trashnet-master/data/filtered_6class/train/Glass/glass340.jpg,,trashnet-master/trashnet-master/data/dataset-resized/glass/glass340.jpg,,,,,,,,
trashnet_train_glass337.jpg,TrashNet,image_classification,train,Glass,glass,trashnet-master/trashnet-master/data/filtered_6class/train/Glass/glass337.jpg,,trashnet-master/trashnet-master/data/dataset-resized/glass/glass337.jpg,,,,,,,,
trashnet_train_glass14.jpg,TrashNet,image_classification,train,Glass,glass,trashnet-master/trashnet-master/data/filtered_6class/train/Glass/glass14.jpg,,trashnet-master/trashnet-master/data/dataset-resized/glass/glass14.jpg,,,,,,,,
trashnet_train_glass2.jpg,TrashNet,image_classification,train,Glass,glass,trashnet-master/trashnet-master/data/filtered_6class/train/Glass/glass2.jpg,,trashnet-master/trashnet-master/data/dataset-resized/glass/glass2.jpg,,,,,,,,
trashnet_train_glass307.jpg,TrashNet,image_classification,train,Glass,glass,trashnet-master/trashnet-master/data/filtered_6class/train/Glass/glass307.jpg,,trashnet-master/trashnet-master/data/dataset-resized/glass/glass307.jpg,,,,,,,,
trashnet_train_glass204.jpg,TrashNet,image_classification,train,Glass,glass,trashnet-master/trashnet-master/data/filtered_6class/train/Glass/glass204.jpg,,trashnet-master/trashnet-master/data/dataset-resized/glass/glass204.jpg,,,,,,,,
trashnet_train_glass56.jpg,TrashNet,image_classification,train,Glass,glass,trashnet-master/trashnet-master/data/filtered_6class/train/Glass/glass56.jpg,,trashnet-master/trashnet-master/data/dataset-resized/glass/glass56.jpg,,,,,,,,
trashnet_train_glass182.jpg,TrashNet,image_classification,train,Glass,glass,trashnet-master/trashnet-master/data/filtered_6class/train/Glass/glass182.jpg,,trashnet-master/trashnet-master/data/dataset-resized/glass/glass182.jpg,,,,,,,,
trashnet_train_glass199.jpg,TrashNet,image_classification,train,Glass,glass,trashnet-master/trashnet-master/data/filtered_6class/train/Glass/glass199.jpg,,trashnet-master/trashnet-master/data/dataset-resized/glass/glass199.jpg,,,,,,,,
trashnet_train_glass376.jpg,TrashNet,image_classification,train,Glass,glass,trashnet-master/trashnet-master/data/filtered_6class/train/Glass/glass376.jpg,,trashnet-master/trashnet-master/data/dataset-resized/glass/glass376.jpg,,,,,,,,
trashnet_train_glass441.jpg,TrashNet,image_classification,train,Glass,glass,trashnet-master/trashnet-master/data/filtered_6class/train/Glass/glass441.jpg,,trashnet-master/trashnet-master/data/dataset-resized/glass/glass441.jpg,,,,,,,,
trashnet_train_glass472.jpg,TrashNet,image_classification,train,Glass,glass,trashnet-master/trashnet-master/data/filtered_6class/train/Glass/glass472.jpg,,trashnet-master/trashnet-master/data/dataset-resized/glass/glass472.jpg,,,,,,,,
trashnet_train_glass83.jpg,TrashNet,image_classification,train,Glass,glass,trashnet-master/trashnet-master/data/filtered_6class/train/Glass/glass83.jpg,,trashnet-master/trashnet-master/data/dataset-resized/glass/glass83.jpg,,,,,,,,
trashnet_train_glass178.jpg,TrashNet,image_classification,train,Glass,glass,trashnet-master/trashnet-master/data/filtered_6class/train/Glass/glass178.jpg,,trashnet-master/trashnet-master/data/dataset-resized/glass/glass178.jpg,,,,,,,,
trashnet_train_glass248.jpg,TrashNet,image_classification,train,Glass,glass,trashnet-master/trashnet-master/data/filtered_6class/train/Glass/glass248.jpg,,trashnet-master/trashnet-master/data/dataset-resized/glass/glass248.jpg,,,,,,,,
trashnet_train_glass215.jpg,TrashNet,image_classification,train,Glass,glass,trashnet-master/trashnet-master/data/filtered_6class/train/Glass/glass215.jpg,,trashnet-master/trashnet-master/data/dataset-resized/glass/glass215.jpg,,,,,,,,
trashnet_train_glass460.jpg,TrashNet,image_classification,train,Glass,glass,trashnet-master/trashnet-master/data/filtered_6class/train/Glass/glass460.jpg,,trashnet-master/trashnet-master/data/dataset-resized/glass/glass460.jpg,,,,,,,,
trashnet_train_glass341.jpg,TrashNet,image_classification,train,Glass,glass,trashnet-master/trashnet-master/data/filtered_6class/train/Glass/glass341.jpg,,trashnet-master/trashnet-master/data/dataset-resized/glass/glass341.jpg,,,,,,,,
trashnet_train_glass375.jpg,TrashNet,image_classification,train,Glass,glass,trashnet-master/trashnet-master/data/filtered_6class/train/Glass/glass375.jpg,,trashnet-master/trashnet-master/data/dataset-resized/glass/glass375.jpg,,,,,,,,
trashnet_train_glass469.jpg,TrashNet,image_classification,train,Glass,glass,trashnet-master/trashnet-master/data/filtered_6class/train/Glass/glass469.jpg,,trashnet-master/trashnet-master/data/dataset-resized/glass/glass469.jpg,,,,,,,,
trashnet_train_glass221.jpg,TrashNet,image_classification,train,Glass,glass,trashnet-master/trashnet-master/data/filtered_6class/train/Glass/glass221.jpg,,trashnet-master/trashnet-master/data/dataset-resized/glass/glass221.jpg,,,,,,,,
trashnet_train_glass179.jpg,TrashNet,image_classification,train,Glass,glass,trashnet-master/trashnet-master/data/filtered_6class/train/Glass/glass179.jpg,,trashnet-master/trashnet-master/data/dataset-resized/glass/glass179.jpg,,,,,,,,
trashnet_train_glass452.jpg,TrashNet,image_classification,train,Glass,glass,trashnet-master/trashnet-master/data/filtered_6class/train/Glass/glass452.jpg,,trashnet-master/trashnet-master/data/dataset-resized/glass/glass452.jpg,,,,,,,,
trashnet_train_glass453.jpg,TrashNet,image_classification,train,Glass,glass,trashnet-master/trashnet-master/data/filtered_6class/train/Glass/glass453.jpg,,trashnet-master/trashnet-master/data/dataset-resized/glass/glass453.jpg,,,,,,,,
trashnet_train_glass126.jpg,TrashNet,image_classification,train,Glass,glass,trashnet-master/trashnet-master/data/filtered_6class/train/Glass/glass126.jpg,,trashnet-master/trashnet-master/data/dataset-resized/glass/glass126.jpg,,,,,,,,
trashnet_train_glass496.jpg,TrashNet,image_classification,train,Glass,glass,trashnet-master/trashnet-master/data/filtered_6class/train/Glass/glass496.jpg,,trashnet-master/trashnet-master/data/dataset-resized/glass/glass496.jpg,,,,,,,,
trashnet_train_glass257.jpg,TrashNet,image_classification,train,Glass,glass,trashnet-master/trashnet-master/data/filtered_6class/train/Glass/glass257.jpg,,trashnet-master/trashnet-master/data/dataset-resized/glass/glass257.jpg,,,,,,,,
trashnet_train_glass382.jpg,TrashNet,image_classification,train,Glass,glass,trashnet-master/trashnet-master/data/filtered_6class/train/Glass/glass382.jpg,,trashnet-master/trashnet-master/data/dataset-resized/glass/glass382.jpg,,,,,,,,
trashnet_train_glass26.jpg,TrashNet,image_classification,train,Glass,glass,trashnet-master/trashnet-master/data/filtered_6class/train/Glass/glass26.jpg,,trashnet-master/trashnet-master/data/dataset-resized/glass/glass26.jpg,,,,,,,,
trashnet_train_glass122.jpg,TrashNet,image_classification,train,Glass,glass,trashnet-master/trashnet-master/data/filtered_6class/train/Glass/glass122.jpg,,trashnet-master/trashnet-master/data/dataset-resized/glass/glass122.jpg,,,,,,,,
trashnet_train_glass6.jpg,TrashNet,image_classification,train,Glass,glass,trashnet-master/trashnet-master/data/filtered_6class/train/Glass/glass6.jpg,,trashnet-master/trashnet-master/data/dataset-resized/glass/glass6.jpg,,,,,,,,
trashnet_train_glass50.jpg,TrashNet,image_classification,train,Glass,glass,trashnet-master/trashnet-master/data/filtered_6class/train/Glass/glass50.jpg,,trashnet-master/trashnet-master/data/dataset-resized/glass/glass50.jpg,,,,,,,,
trashnet_train_glass78.jpg,TrashNet,image_classification,train,Glass,glass,trashnet-master/trashnet-master/data/filtered_6class/train/Glass/glass78.jpg,,trashnet-master/trashnet-master/data/dataset-resized/glass/glass78.jpg,,,,,,,,
trashnet_train_glass489.jpg,TrashNet,image_classification,train,Glass,glass,trashnet-master/trashnet-master/data/filtered_6class/train/Glass/glass489.jpg,,trashnet-master/trashnet-master/data/dataset-resized/glass/glass489.jpg,,,,,,,,
trashnet_train_glass81.jpg,TrashNet,image_classification,train,Glass,glass,trashnet-master/trashnet-master/data/filtered_6class/train/Glass/glass81.jpg,,trashnet-master/trashnet-master/data/dataset-resized/glass/glass81.jpg,,,,,,,,
trashnet_train_glass144.jpg,TrashNet,image_classification,train,Glass,glass,trashnet-master/trashnet-master/data/filtered_6class/train/Glass/glass144.jpg,,trashnet-master/trashnet-master/data/dataset-resized/glass/glass144.jpg,,,,,,,,
trashnet_train_glass31.jpg,TrashNet,image_classification,train,Glass,glass,trashnet-master/trashnet-master/data/filtered_6class/train/Glass/glass31.jpg,,trashnet-master/trashnet-master/data/dataset-resized/glass/glass31.jpg,,,,,,,,
trashnet_train_glass45.jpg,TrashNet,image_classification,train,Glass,glass,trashnet-master/trashnet-master/data/filtered_6class/train/Glass/glass45.jpg,,trashnet-master/trashnet-master/data/dataset-resized/glass/glass45.jpg,,,,,,,,
trashnet_train_glass186.jpg,TrashNet,image_classification,train,Glass,glass,trashnet-master/trashnet-master/data/filtered_6class/train/Glass/glass186.jpg,,trashnet-master/trashnet-master/data/dataset-resized/glass/glass186.jpg,,,,,,,,
trashnet_train_glass255.jpg,TrashNet,image_classification,train,Glass,glass,trashnet-master/trashnet-master/data/filtered_6class/train/Glass/glass255.jpg,,trashnet-master/trashnet-master/data/dataset-resized/glass/glass255.jpg,,,,,,,,
trashnet_train_glass231.jpg,TrashNet,image_classification,train,Glass,glass,trashnet-master/trashnet-master/data/filtered_6class/train/Glass/glass231.jpg,,trashnet-master/trashnet-master/data/dataset-resized/glass/glass231.jpg,,,,,,,,
trashnet_train_glass29.jpg,TrashNet,image_classification,train,Glass,glass,trashnet-master/trashnet-master/data/filtered_6class/train/Glass/glass29.jpg,,trashnet-master/trashnet-master/data/dataset-resized/glass/glass29.jpg,,,,,,,,
trashnet_train_glass104.jpg,TrashNet,image_classification,train,Glass,glass,trashnet-master/trashnet-master/data/filtered_6class/train/Glass/glass104.jpg,,trashnet-master/trashnet-master/data/dataset-resized/glass/glass104.jpg,,,,,,,,
trashnet_train_glass232.jpg,TrashNet,image_classification,train,Glass,glass,trashnet-master/trashnet-master/data/filtered_6class/train/Glass/glass232.jpg,,trashnet-master/trashnet-master/data/dataset-resized/glass/glass232.jpg,,,,,,,,
trashnet_train_glass123.jpg,TrashNet,image_classification,train,Glass,glass,trashnet-master/trashnet-master/data/filtered_6class/train/Glass/glass123.jpg,,trashnet-master/trashnet-master/data/dataset-resized/glass/glass123.jpg,,,,,,,,
trashnet_train_glass170.jpg,TrashNet,image_classification,train,Glass,glass,trashnet-master/trashnet-master/data/filtered_6class/train/Glass/glass170.jpg,,trashnet-master/trashnet-master/data/dataset-resized/glass/glass170.jpg,,,,,,,,
trashnet_train_glass384.jpg,TrashNet,image_classification,train,Glass,glass,trashnet-master/trashnet-master/data/filtered_6class/train/Glass/glass384.jpg,,trashnet-master/trashnet-master/data/dataset-resized/glass/glass384.jpg,,,,,,,,
trashnet_train_glass492.jpg,TrashNet,image_classification,train,Glass,glass,trashnet-master/trashnet-master/data/filtered_6class/train/Glass/glass492.jpg,,trashnet-master/trashnet-master/data/dataset-resized/glass/glass492.jpg,,,,,,,,
trashnet_train_glass316.jpg,TrashNet,image_classification,train,Glass,glass,trashnet-master/trashnet-master/data/filtered_6class/train/Glass/glass316.jpg,,trashnet-master/trashnet-master/data/dataset-resized/glass/glass316.jpg,,,,,,,,
trashnet_train_glass407.jpg,TrashNet,image_classification,train,Glass,glass,trashnet-master/trashnet-master/data/filtered_6class/train/Glass/glass407.jpg,,trashnet-master/trashnet-master/data/dataset-resized/glass/glass407.jpg,,,,,,,,
trashnet_train_glass264.jpg,TrashNet,image_classification,train,Glass,glass,trashnet-master/trashnet-master/data/filtered_6class/train/Glass/glass264.jpg,,trashnet-master/trashnet-master/data/dataset-resized/glass/glass264.jpg,,,,,,,,
trashnet_train_glass463.jpg,TrashNet,image_classification,train,Glass,glass,trashnet-master/trashnet-master/data/filtered_6class/train/Glass/glass463.jpg,,trashnet-master/trashnet-master/data/dataset-resized/glass/glass463.jpg,,,,,,,,
trashnet_train_glass423.jpg,TrashNet,image_classification,train,Glass,glass,trashnet-master/trashnet-master/data/filtered_6class/train/Glass/glass423.jpg,,trashnet-master/trashnet-master/data/dataset-resized/glass/glass423.jpg,,,,,,,,
trashnet_train_glass474.jpg,TrashNet,image_classification,train,Glass,glass,trashnet-master/trashnet-master/data/filtered_6class/train/Glass/glass474.jpg,,trashnet-master/trashnet-master/data/dataset-resized/glass/glass474.jpg,,,,,,,,
trashnet_train_glass342.jpg,TrashNet,image_classification,train,Glass,glass,trashnet-master/trashnet-master/data/filtered_6class/train/Glass/glass342.jpg,,trashnet-master/trashnet-master/data/dataset-resized/glass/glass342.jpg,,,,,,,,
trashnet_train_glass184.jpg,TrashNet,image_classification,train,Glass,glass,trashnet-master/trashnet-master/data/filtered_6class/train/Glass/glass184.jpg,,trashnet-master/trashnet-master/data/dataset-resized/glass/glass184.jpg,,,,,,,,
trashnet_train_glass44.jpg,TrashNet,image_classification,train,Glass,glass,trashnet-master/trashnet-master/data/filtered_6class/train/Glass/glass44.jpg,,trashnet-master/trashnet-master/data/dataset-resized/glass/glass44.jpg,,,,,,,,
trashnet_train_glass36.jpg,TrashNet,image_classification,train,Glass,glass,trashnet-master/trashnet-master/data/filtered_6class/train/Glass/glass36.jpg,,trashnet-master/trashnet-master/data/dataset-resized/glass/glass36.jpg,,,,,,,,
trashnet_train_glass96.jpg,TrashNet,image_classification,train,Glass,glass,trashnet-master/trashnet-master/data/filtered_6class/train/Glass/glass96.jpg,,trashnet-master/trashnet-master/data/dataset-resized/glass/glass96.jpg,,,,,,,,
trashnet_train_glass206.jpg,TrashNet,image_classification,train,Glass,glass,trashnet-master/trashnet-master/data/filtered_6class/train/Glass/glass206.jpg,,trashnet-master/trashnet-master/data/dataset-resized/glass/glass206.jpg,,,,,,,,
trashnet_train_glass89.jpg,TrashNet,image_classification,train,Glass,glass,trashnet-master/trashnet-master/data/filtered_6class/train/Glass/glass89.jpg,,trashnet-master/trashnet-master/data/dataset-resized/glass/glass89.jpg,,,,,,,,
trashnet_train_glass229.jpg,TrashNet,image_classification,train,Glass,glass,trashnet-master/trashnet-master/data/filtered_6class/train/Glass/glass229.jpg,,trashnet-master/trashnet-master/data/dataset-resized/glass/glass229.jpg,,,,,,,,
trashnet_train_glass125.jpg,TrashNet,image_classification,train,Glass,glass,trashnet-master/trashnet-master/data/filtered_6class/train/Glass/glass125.jpg,,trashnet-master/trashnet-master/data/dataset-resized/glass/glass125.jpg,,,,,,,,
trashnet_train_glass500.jpg,TrashNet,image_classification,train,Glass,glass,trashnet-master/trashnet-master/data/filtered_6class/train/Glass/glass500.jpg,,trashnet-master/trashnet-master/data/dataset-resized/glass/glass500.jpg,,,,,,,,
trashnet_train_glass208.jpg,TrashNet,image_classification,train,Glass,glass,trashnet-master/trashnet-master/data/filtered_6class/train/Glass/glass208.jpg,,trashnet-master/trashnet-master/data/dataset-resized/glass/glass208.jpg,,,,,,,,
trashnet_train_glass378.jpg,TrashNet,image_classification,train,Glass,glass,trashnet-master/trashnet-master/data/filtered_6class/train/Glass/glass378.jpg,,trashnet-master/trashnet-master/data/dataset-resized/glass/glass378.jpg,,,,,,,,
trashnet_train_glass154.jpg,TrashNet,image_classification,train,Glass,glass,trashnet-master/trashnet-master/data/filtered_6class/train/Glass/glass154.jpg,,trashnet-master/trashnet-master/data/dataset-resized/glass/glass154.jpg,,,,,,,,
trashnet_train_glass390.jpg,TrashNet,image_classification,train,Glass,glass,trashnet-master/trashnet-master/data/filtered_6class/train/Glass/glass390.jpg,,trashnet-master/trashnet-master/data/dataset-resized/glass/glass390.jpg,,,,,,,,
trashnet_train_glass242.jpg,TrashNet,image_classification,train,Glass,glass,trashnet-master/trashnet-master/data/filtered_6class/train/Glass/glass242.jpg,,trashnet-master/trashnet-master/data/dataset-resized/glass/glass242.jpg,,,,,,,,
trashnet_train_glass103.jpg,TrashNet,image_classification,train,Glass,glass,trashnet-master/trashnet-master/data/filtered_6class/train/Glass/glass103.jpg,,trashnet-master/trashnet-master/data/dataset-resized/glass/glass103.jpg,,,,,,,,
trashnet_train_glass360.jpg,TrashNet,image_classification,train,Glass,glass,trashnet-master/trashnet-master/data/filtered_6class/train/Glass/glass360.jpg,,trashnet-master/trashnet-master/data/dataset-resized/glass/glass360.jpg,,,,,,,,
trashnet_train_glass145.jpg,TrashNet,image_classification,train,Glass,glass,trashnet-master/trashnet-master/data/filtered_6class/train/Glass/glass145.jpg,,trashnet-master/trashnet-master/data/dataset-resized/glass/glass145.jpg,,,,,,,,
trashnet_train_glass498.jpg,TrashNet,image_classification,train,Glass,glass,trashnet-master/trashnet-master/data/filtered_6class/train/Glass/glass498.jpg,,trashnet-master/trashnet-master/data/dataset-resized/glass/glass498.jpg,,,,,,,,
trashnet_train_glass105.jpg,TrashNet,image_classification,train,Glass,glass,trashnet-master/trashnet-master/data/filtered_6class/train/Glass/glass105.jpg,,trashnet-master/trashnet-master/data/dataset-resized/glass/glass105.jpg,,,,,,,,
trashnet_train_glass273.jpg,TrashNet,image_classification,train,Glass,glass,trashnet-master/trashnet-master/data/filtered_6class/train/Glass/glass273.jpg,,trashnet-master/trashnet-master/data/dataset-resized/glass/glass273.jpg,,,,,,,,
trashnet_train_glass368.jpg,TrashNet,image_classification,train,Glass,glass,trashnet-master/trashnet-master/data/filtered_6class/train/Glass/glass368.jpg,,trashnet-master/trashnet-master/data/dataset-resized/glass/glass368.jpg,,,,,,,,
trashnet_train_glass320.jpg,TrashNet,image_classification,train,Glass,glass,trashnet-master/trashnet-master/data/filtered_6class/train/Glass/glass320.jpg,,trashnet-master/trashnet-master/data/dataset-resized/glass/glass320.jpg,,,,,,,,
trashnet_train_glass403.jpg,TrashNet,image_classification,train,Glass,glass,trashnet-master/trashnet-master/data/filtered_6class/train/Glass/glass403.jpg,,trashnet-master/trashnet-master/data/dataset-resized/glass/glass403.jpg,,,,,,,,
trashnet_train_glass114.jpg,TrashNet,image_classification,train,Glass,glass,trashnet-master/trashnet-master/data/filtered_6class/train/Glass/glass114.jpg,,trashnet-master/trashnet-master/data/dataset-resized/glass/glass114.jpg,,,,,,,,
trashnet_train_glass249.jpg,TrashNet,image_classification,train,Glass,glass,trashnet-master/trashnet-master/data/filtered_6class/train/Glass/glass249.jpg,,trashnet-master/trashnet-master/data/dataset-resized/glass/glass249.jpg,,,,,,,,
trashnet_train_glass150.jpg,TrashNet,image_classification,train,Glass,glass,trashnet-master/trashnet-master/data/filtered_6class/train/Glass/glass150.jpg,,trashnet-master/trashnet-master/data/dataset-resized/glass/glass150.jpg,,,,,,,,
trashnet_train_glass480.jpg,TrashNet,image_classification,train,Glass,glass,trashnet-master/trashnet-master/data/filtered_6class/train/Glass/glass480.jpg,,trashnet-master/trashnet-master/data/dataset-resized/glass/glass480.jpg,,,,,,,,
trashnet_train_glass427.jpg,TrashNet,image_classification,train,Glass,glass,trashnet-master/trashnet-master/data/filtered_6class/train/Glass/glass427.jpg,,trashnet-master/trashnet-master/data/dataset-resized/glass/glass427.jpg,,,,,,,,
trashnet_train_glass482.jpg,TrashNet,image_classification,train,Glass,glass,trashnet-master/trashnet-master/data/filtered_6class/train/Glass/glass482.jpg,,trashnet-master/trashnet-master/data/dataset-resized/glass/glass482.jpg,,,,,,,,
trashnet_train_glass223.jpg,TrashNet,image_classification,train,Glass,glass,trashnet-master/trashnet-master/data/filtered_6class/train/Glass/glass223.jpg,,trashnet-master/trashnet-master/data/dataset-resized/glass/glass223.jpg,,,,,,,,
trashnet_train_glass271.jpg,TrashNet,image_classification,train,Glass,glass,trashnet-master/trashnet-master/data/filtered_6class/train/Glass/glass271.jpg,,trashnet-master/trashnet-master/data/dataset-resized/glass/glass271.jpg,,,,,,,,
trashnet_train_glass102.jpg,TrashNet,image_classification,train,Glass,glass,trashnet-master/trashnet-master/data/filtered_6class/train/Glass/glass102.jpg,,trashnet-master/trashnet-master/data/dataset-resized/glass/glass102.jpg,,,,,,,,
trashnet_train_glass389.jpg,TrashNet,image_classification,train,Glass,glass,trashnet-master/trashnet-master/data/filtered_6class/train/Glass/glass389.jpg,,trashnet-master/trashnet-master/data/dataset-resized/glass/glass389.jpg,,,,,,,,
trashnet_train_glass117.jpg,TrashNet,image_classification,train,Glass,glass,trashnet-master/trashnet-master/data/filtered_6class/train/Glass/glass117.jpg,,trashnet-master/trashnet-master/data/dataset-resized/glass/glass117.jpg,,,,,,,,
trashnet_train_glass291.jpg,TrashNet,image_classification,train,Glass,glass,trashnet-master/trashnet-master/data/filtered_6class/train/Glass/glass291.jpg,,trashnet-master/trashnet-master/data/dataset-resized/glass/glass291.jpg,,,,,,,,
trashnet_train_glass157.jpg,TrashNet,image_classification,train,Glass,glass,trashnet-master/trashnet-master/data/filtered_6class/train/Glass/glass157.jpg,,trashnet-master/trashnet-master/data/dataset-resized/glass/glass157.jpg,,,,,,,,
trashnet_train_glass37.jpg,TrashNet,image_classification,train,Glass,glass,trashnet-master/trashnet-master/data/filtered_6class/train/Glass/glass37.jpg,,trashnet-master/trashnet-master/data/dataset-resized/glass/glass37.jpg,,,,,,,,
trashnet_train_glass97.jpg,TrashNet,image_classification,train,Glass,glass,trashnet-master/trashnet-master/data/filtered_6class/train/Glass/glass97.jpg,,trashnet-master/trashnet-master/data/dataset-resized/glass/glass97.jpg,,,,,,,,
trashnet_train_glass98.jpg,TrashNet,image_classification,train,Glass,glass,trashnet-master/trashnet-master/data/filtered_6class/train/Glass/glass98.jpg,,trashnet-master/trashnet-master/data/dataset-resized/glass/glass98.jpg,,,,,,,,
trashnet_train_glass359.jpg,TrashNet,image_classification,train,Glass,glass,trashnet-master/trashnet-master/data/filtered_6class/train/Glass/glass359.jpg,,trashnet-master/trashnet-master/data/dataset-resized/glass/glass359.jpg,,,,,,,,
trashnet_train_glass335.jpg,TrashNet,image_classification,train,Glass,glass,trashnet-master/trashnet-master/data/filtered_6class/train/Glass/glass335.jpg,,trashnet-master/trashnet-master/data/dataset-resized/glass/glass335.jpg,,,,,,,,
trashnet_train_glass308.jpg,TrashNet,image_classification,train,Glass,glass,trashnet-master/trashnet-master/data/filtered_6class/train/Glass/glass308.jpg,,trashnet-master/trashnet-master/data/dataset-resized/glass/glass308.jpg,,,,,,,,
trashnet_train_glass197.jpg,TrashNet,image_classification,train,Glass,glass,trashnet-master/trashnet-master/data/filtered_6class/train/Glass/glass197.jpg,,trashnet-master/trashnet-master/data/dataset-resized/glass/glass197.jpg,,,,,,,,
trashnet_train_glass491.jpg,TrashNet,image_classification,train,Glass,glass,trashnet-master/trashnet-master/data/filtered_6class/train/Glass/glass491.jpg,,trashnet-master/trashnet-master/data/dataset-resized/glass/glass491.jpg,,,,,,,,
trashnet_train_glass47.jpg,TrashNet,image_classification,train,Glass,glass,trashnet-master/trashnet-master/data/filtered_6class/train/Glass/glass47.jpg,,trashnet-master/trashnet-master/data/dataset-resized/glass/glass47.jpg,,,,,,,,
trashnet_train_glass85.jpg,TrashNet,image_classification,train,Glass,glass,trashnet-master/trashnet-master/data/filtered_6class/train/Glass/glass85.jpg,,trashnet-master/trashnet-master/data/dataset-resized/glass/glass85.jpg,,,,,,,,
trashnet_train_glass418.jpg,TrashNet,image_classification,train,Glass,glass,trashnet-master/trashnet-master/data/filtered_6class/train/Glass/glass418.jpg,,trashnet-master/trashnet-master/data/dataset-resized/glass/glass418.jpg,,,,,,,,
trashnet_train_glass183.jpg,TrashNet,image_classification,train,Glass,glass,trashnet-master/trashnet-master/data/filtered_6class/train/Glass/glass183.jpg,,trashnet-master/trashnet-master/data/dataset-resized/glass/glass183.jpg,,,,,,,,
trashnet_train_glass311.jpg,TrashNet,image_classification,train,Glass,glass,trashnet-master/trashnet-master/data/filtered_6class/train/Glass/glass311.jpg,,trashnet-master/trashnet-master/data/dataset-resized/glass/glass311.jpg,,,,,,,,
trashnet_train_glass161.jpg,TrashNet,image_classification,train,Glass,glass,trashnet-master/trashnet-master/data/filtered_6class/train/Glass/glass161.jpg,,trashnet-master/trashnet-master/data/dataset-resized/glass/glass161.jpg,,,,,,,,
trashnet_train_glass297.jpg,TrashNet,image_classification,train,Glass,glass,trashnet-master/trashnet-master/data/filtered_6class/train/Glass/glass297.jpg,,trashnet-master/trashnet-master/data/dataset-resized/glass/glass297.jpg,,,,,,,,
trashnet_train_glass137.jpg,TrashNet,image_classification,train,Glass,glass,trashnet-master/trashnet-master/data/filtered_6class/train/Glass/glass137.jpg,,trashnet-master/trashnet-master/data/dataset-resized/glass/glass137.jpg,,,,,,,,
trashnet_train_glass90.jpg,TrashNet,image_classification,train,Glass,glass,trashnet-master/trashnet-master/data/filtered_6class/train/Glass/glass90.jpg,,trashnet-master/trashnet-master/data/dataset-resized/glass/glass90.jpg,,,,,,,,
trashnet_train_glass280.jpg,TrashNet,image_classification,train,Glass,glass,trashnet-master/trashnet-master/data/filtered_6class/train/Glass/glass280.jpg,,trashnet-master/trashnet-master/data/dataset-resized/glass/glass280.jpg,,,,,,,,
trashnet_train_glass110.jpg,TrashNet,image_classification,train,Glass,glass,trashnet-master/trashnet-master/data/filtered_6class/train/Glass/glass110.jpg,,trashnet-master/trashnet-master/data/dataset-resized/glass/glass110.jpg,,,,,,,,
trashnet_train_glass345.jpg,TrashNet,image_classification,train,Glass,glass,trashnet-master/trashnet-master/data/filtered_6class/train/Glass/glass345.jpg,,trashnet-master/trashnet-master/data/dataset-resized/glass/glass345.jpg,,,,,,,,
trashnet_train_glass487.jpg,TrashNet,image_classification,train,Glass,glass,trashnet-master/trashnet-master/data/filtered_6class/train/Glass/glass487.jpg,,trashnet-master/trashnet-master/data/dataset-resized/glass/glass487.jpg,,,,,,,,
trashnet_train_glass314.jpg,TrashNet,image_classification,train,Glass,glass,trashnet-master/trashnet-master/data/filtered_6class/train/Glass/glass314.jpg,,trashnet-master/trashnet-master/data/dataset-resized/glass/glass314.jpg,,,,,,,,
trashnet_train_glass175.jpg,TrashNet,image_classification,train,Glass,glass,trashnet-master/trashnet-master/data/filtered_6class/train/Glass/glass175.jpg,,trashnet-master/trashnet-master/data/dataset-resized/glass/glass175.jpg,,,,,,,,
trashnet_train_glass477.jpg,TrashNet,image_classification,train,Glass,glass,trashnet-master/trashnet-master/data/filtered_6class/train/Glass/glass477.jpg,,trashnet-master/trashnet-master/data/dataset-resized/glass/glass477.jpg,,,,,,,,
trashnet_train_glass254.jpg,TrashNet,image_classification,train,Glass,glass,trashnet-master/trashnet-master/data/filtered_6class/train/Glass/glass254.jpg,,trashnet-master/trashnet-master/data/dataset-resized/glass/glass254.jpg,,,,,,,,
trashnet_train_glass479.jpg,TrashNet,image_classification,train,Glass,glass,trashnet-master/trashnet-master/data/filtered_6class/train/Glass/glass479.jpg,,trashnet-master/trashnet-master/data/dataset-resized/glass/glass479.jpg,,,,,,,,
trashnet_train_glass88.jpg,TrashNet,image_classification,train,Glass,glass,trashnet-master/trashnet-master/data/filtered_6class/train/Glass/glass88.jpg,,trashnet-master/trashnet-master/data/dataset-resized/glass/glass88.jpg,,,,,,,,
trashnet_train_glass95.jpg,TrashNet,image_classification,train,Glass,glass,trashnet-master/trashnet-master/data/filtered_6class/train/Glass/glass95.jpg,,trashnet-master/trashnet-master/data/dataset-resized/glass/glass95.jpg,,,,,,,,
trashnet_train_glass64.jpg,TrashNet,image_classification,train,Glass,glass,trashnet-master/trashnet-master/data/filtered_6class/train/Glass/glass64.jpg,,trashnet-master/trashnet-master/data/dataset-resized/glass/glass64.jpg,,,,,,,,
trashnet_train_glass394.jpg,TrashNet,image_classification,train,Glass,glass,trashnet-master/trashnet-master/data/filtered_6class/train/Glass/glass394.jpg,,trashnet-master/trashnet-master/data/dataset-resized/glass/glass394.jpg,,,,,,,,
trashnet_train_glass358.jpg,TrashNet,image_classification,train,Glass,glass,trashnet-master/trashnet-master/data/filtered_6class/train/Glass/glass358.jpg,,trashnet-master/trashnet-master/data/dataset-resized/glass/glass358.jpg,,,,,,,,
trashnet_train_glass323.jpg,TrashNet,image_classification,train,Glass,glass,trashnet-master/trashnet-master/data/filtered_6class/train/Glass/glass323.jpg,,trashnet-master/trashnet-master/data/dataset-resized/glass/glass323.jpg,,,,,,,,
trashnet_train_glass422.jpg,TrashNet,image_classification,train,Glass,glass,trashnet-master/trashnet-master/data/filtered_6class/train/Glass/glass422.jpg,,trashnet-master/trashnet-master/data/dataset-resized/glass/glass422.jpg,,,,,,,,
trashnet_train_glass350.jpg,TrashNet,image_classification,train,Glass,glass,trashnet-master/trashnet-master/data/filtered_6class/train/Glass/glass350.jpg,,trashnet-master/trashnet-master/data/dataset-resized/glass/glass350.jpg,,,,,,,,
trashnet_train_glass60.jpg,TrashNet,image_classification,train,Glass,glass,trashnet-master/trashnet-master/data/filtered_6class/train/Glass/glass60.jpg,,trashnet-master/trashnet-master/data/dataset-resized/glass/glass60.jpg,,,,,,,,
trashnet_train_glass292.jpg,TrashNet,image_classification,train,Glass,glass,trashnet-master/trashnet-master/data/filtered_6class/train/Glass/glass292.jpg,,trashnet-master/trashnet-master/data/dataset-resized/glass/glass292.jpg,,,,,,,,
trashnet_train_glass369.jpg,TrashNet,image_classification,train,Glass,glass,trashnet-master/trashnet-master/data/filtered_6class/train/Glass/glass369.jpg,,trashnet-master/trashnet-master/data/dataset-resized/glass/glass369.jpg,,,,,,,,
trashnet_train_glass236.jpg,TrashNet,image_classification,train,Glass,glass,trashnet-master/trashnet-master/data/filtered_6class/train/Glass/glass236.jpg,,trashnet-master/trashnet-master/data/dataset-resized/glass/glass236.jpg,,,,,,,,
trashnet_train_glass261.jpg,TrashNet,image_classification,train,Glass,glass,trashnet-master/trashnet-master/data/filtered_6class/train/Glass/glass261.jpg,,trashnet-master/trashnet-master/data/dataset-resized/glass/glass261.jpg,,,,,,,,
trashnet_train_glass101.jpg,TrashNet,image_classification,train,Glass,glass,trashnet-master/trashnet-master/data/filtered_6class/train/Glass/glass101.jpg,,trashnet-master/trashnet-master/data/dataset-resized/glass/glass101.jpg,,,,,,,,
trashnet_train_glass319.jpg,TrashNet,image_classification,train,Glass,glass,trashnet-master/trashnet-master/data/filtered_6class/train/Glass/glass319.jpg,,trashnet-master/trashnet-master/data/dataset-resized/glass/glass319.jpg,,,,,,,,
trashnet_train_glass483.jpg,TrashNet,image_classification,train,Glass,glass,trashnet-master/trashnet-master/data/filtered_6class/train/Glass/glass483.jpg,,trashnet-master/trashnet-master/data/dataset-resized/glass/glass483.jpg,,,,,,,,
trashnet_train_glass77.jpg,TrashNet,image_classification,train,Glass,glass,trashnet-master/trashnet-master/data/filtered_6class/train/Glass/glass77.jpg,,trashnet-master/trashnet-master/data/dataset-resized/glass/glass77.jpg,,,,,,,,
trashnet_train_glass108.jpg,TrashNet,image_classification,train,Glass,glass,trashnet-master/trashnet-master/data/filtered_6class/train/Glass/glass108.jpg,,trashnet-master/trashnet-master/data/dataset-resized/glass/glass108.jpg,,,,,,,,
trashnet_train_glass279.jpg,TrashNet,image_classification,train,Glass,glass,trashnet-master/trashnet-master/data/filtered_6class/train/Glass/glass279.jpg,,trashnet-master/trashnet-master/data/dataset-resized/glass/glass279.jpg,,,,,,,,
trashnet_train_glass485.jpg,TrashNet,image_classification,train,Glass,glass,trashnet-master/trashnet-master/data/filtered_6class/train/Glass/glass485.jpg,,trashnet-master/trashnet-master/data/dataset-resized/glass/glass485.jpg,,,,,,,,
trashnet_train_glass194.jpg,TrashNet,image_classification,train,Glass,glass,trashnet-master/trashnet-master/data/filtered_6class/train/Glass/glass194.jpg,,trashnet-master/trashnet-master/data/dataset-resized/glass/glass194.jpg,,,,,,,,
trashnet_train_glass127.jpg,TrashNet,image_classification,train,Glass,glass,trashnet-master/trashnet-master/data/filtered_6class/train/Glass/glass127.jpg,,trashnet-master/trashnet-master/data/dataset-resized/glass/glass127.jpg,,,,,,,,
trashnet_train_glass377.jpg,TrashNet,image_classification,train,Glass,glass,trashnet-master/trashnet-master/data/filtered_6class/train/Glass/glass377.jpg,,trashnet-master/trashnet-master/data/dataset-resized/glass/glass377.jpg,,,,,,,,
trashnet_train_glass466.jpg,TrashNet,image_classification,train,Glass,glass,trashnet-master/trashnet-master/data/filtered_6class/train/Glass/glass466.jpg,,trashnet-master/trashnet-master/data/dataset-resized/glass/glass466.jpg,,,,,,,,
trashnet_train_glass349.jpg,TrashNet,image_classification,train,Glass,glass,trashnet-master/trashnet-master/data/filtered_6class/train/Glass/glass349.jpg,,trashnet-master/trashnet-master/data/dataset-resized/glass/glass349.jpg,,,,,,,,
trashnet_train_glass501.jpg,TrashNet,image_classification,train,Glass,glass,trashnet-master/trashnet-master/data/filtered_6class/train/Glass/glass501.jpg,,trashnet-master/trashnet-master/data/dataset-resized/glass/glass501.jpg,,,,,,,,
trashnet_train_glass287.jpg,TrashNet,image_classification,train,Glass,glass,trashnet-master/trashnet-master/data/filtered_6class/train/Glass/glass287.jpg,,trashnet-master/trashnet-master/data/dataset-resized/glass/glass287.jpg,,,,,,,,
trashnet_train_glass437.jpg,TrashNet,image_classification,train,Glass,glass,trashnet-master/trashnet-master/data/filtered_6class/train/Glass/glass437.jpg,,trashnet-master/trashnet-master/data/dataset-resized/glass/glass437.jpg,,,,,,,,
trashnet_train_glass128.jpg,TrashNet,image_classification,train,Glass,glass,trashnet-master/trashnet-master/data/filtered_6class/train/Glass/glass128.jpg,,trashnet-master/trashnet-master/data/dataset-resized/glass/glass128.jpg,,,,,,,,
trashnet_train_glass462.jpg,TrashNet,image_classification,train,Glass,glass,trashnet-master/trashnet-master/data/filtered_6class/train/Glass/glass462.jpg,,trashnet-master/trashnet-master/data/dataset-resized/glass/glass462.jpg,,,,,,,,
trashnet_train_glass17.jpg,TrashNet,image_classification,train,Glass,glass,trashnet-master/trashnet-master/data/filtered_6class/train/Glass/glass17.jpg,,trashnet-master/trashnet-master/data/dataset-resized/glass/glass17.jpg,,,,,,,,
trashnet_train_glass431.jpg,TrashNet,image_classification,train,Glass,glass,trashnet-master/trashnet-master/data/filtered_6class/train/Glass/glass431.jpg,,trashnet-master/trashnet-master/data/dataset-resized/glass/glass431.jpg,,,,,,,,
trashnet_train_glass205.jpg,TrashNet,image_classification,train,Glass,glass,trashnet-master/trashnet-master/data/filtered_6class/train/Glass/glass205.jpg,,trashnet-master/trashnet-master/data/dataset-resized/glass/glass205.jpg,,,,,,,,
trashnet_train_glass169.jpg,TrashNet,image_classification,train,Glass,glass,trashnet-master/trashnet-master/data/filtered_6class/train/Glass/glass169.jpg,,trashnet-master/trashnet-master/data/dataset-resized/glass/glass169.jpg,,,,,,,,
trashnet_train_glass162.jpg,TrashNet,image_classification,train,Glass,glass,trashnet-master/trashnet-master/data/filtered_6class/train/Glass/glass162.jpg,,trashnet-master/trashnet-master/data/dataset-resized/glass/glass162.jpg,,,,,,,,
trashnet_train_glass136.jpg,TrashNet,image_classification,train,Glass,glass,trashnet-master/trashnet-master/data/filtered_6class/train/Glass/glass136.jpg,,trashnet-master/trashnet-master/data/dataset-resized/glass/glass136.jpg,,,,,,,,
trashnet_train_glass348.jpg,TrashNet,image_classification,train,Glass,glass,trashnet-master/trashnet-master/data/filtered_6class/train/Glass/glass348.jpg,,trashnet-master/trashnet-master/data/dataset-resized/glass/glass348.jpg,,,,,,,,
trashnet_train_glass246.jpg,TrashNet,image_classification,train,Glass,glass,trashnet-master/trashnet-master/data/filtered_6class/train/Glass/glass246.jpg,,trashnet-master/trashnet-master/data/dataset-resized/glass/glass246.jpg,,,,,,,,
trashnet_train_glass451.jpg,TrashNet,image_classification,train,Glass,glass,trashnet-master/trashnet-master/data/filtered_6class/train/Glass/glass451.jpg,,trashnet-master/trashnet-master/data/dataset-resized/glass/glass451.jpg,,,,,,,,
trashnet_train_glass224.jpg,TrashNet,image_classification,train,Glass,glass,trashnet-master/trashnet-master/data/filtered_6class/train/Glass/glass224.jpg,,trashnet-master/trashnet-master/data/dataset-resized/glass/glass224.jpg,,,,,,,,
trashnet_train_glass449.jpg,TrashNet,image_classification,train,Glass,glass,trashnet-master/trashnet-master/data/filtered_6class/train/Glass/glass449.jpg,,trashnet-master/trashnet-master/data/dataset-resized/glass/glass449.jpg,,,,,,,,
trashnet_train_glass473.jpg,TrashNet,image_classification,train,Glass,glass,trashnet-master/trashnet-master/data/filtered_6class/train/Glass/glass473.jpg,,trashnet-master/trashnet-master/data/dataset-resized/glass/glass473.jpg,,,,,,,,
trashnet_train_glass134.jpg,TrashNet,image_classification,train,Glass,glass,trashnet-master/trashnet-master/data/filtered_6class/train/Glass/glass134.jpg,,trashnet-master/trashnet-master/data/dataset-resized/glass/glass134.jpg,,,,,,,,
trashnet_train_glass301.jpg,TrashNet,image_classification,train,Glass,glass,trashnet-master/trashnet-master/data/filtered_6class/train/Glass/glass301.jpg,,trashnet-master/trashnet-master/data/dataset-resized/glass/glass301.jpg,,,,,,,,
trashnet_train_glass225.jpg,TrashNet,image_classification,train,Glass,glass,trashnet-master/trashnet-master/data/filtered_6class/train/Glass/glass225.jpg,,trashnet-master/trashnet-master/data/dataset-resized/glass/glass225.jpg,,,,,,,,
trashnet_train_glass209.jpg,TrashNet,image_classification,train,Glass,glass,trashnet-master/trashnet-master/data/filtered_6class/train/Glass/glass209.jpg,,trashnet-master/trashnet-master/data/dataset-resized/glass/glass209.jpg,,,,,,,,
trashnet_train_glass388.jpg,TrashNet,image_classification,train,Glass,glass,trashnet-master/trashnet-master/data/filtered_6class/train/Glass/glass388.jpg,,trashnet-master/trashnet-master/data/dataset-resized/glass/glass388.jpg,,,,,,,,
trashnet_train_glass322.jpg,TrashNet,image_classification,train,Glass,glass,trashnet-master/trashnet-master/data/filtered_6class/train/Glass/glass322.jpg,,trashnet-master/trashnet-master/data/dataset-resized/glass/glass322.jpg,,,,,,,,
trashnet_train_glass7.jpg,TrashNet,image_classification,train,Glass,glass,trashnet-master/trashnet-master/data/filtered_6class/train/Glass/glass7.jpg,,trashnet-master/trashnet-master/data/dataset-resized/glass/glass7.jpg,,,,,,,,
trashnet_train_glass226.jpg,TrashNet,image_classification,train,Glass,glass,trashnet-master/trashnet-master/data/filtered_6class/train/Glass/glass226.jpg,,trashnet-master/trashnet-master/data/dataset-resized/glass/glass226.jpg,,,,,,,,
trashnet_train_glass393.jpg,TrashNet,image_classification,train,Glass,glass,trashnet-master/trashnet-master/data/filtered_6class/train/Glass/glass393.jpg,,trashnet-master/trashnet-master/data/dataset-resized/glass/glass393.jpg,,,,,,,,
trashnet_train_glass212.jpg,TrashNet,image_classification,train,Glass,glass,trashnet-master/trashnet-master/data/filtered_6class/train/Glass/glass212.jpg,,trashnet-master/trashnet-master/data/dataset-resized/glass/glass212.jpg,,,,,,,,
trashnet_train_glass218.jpg,TrashNet,image_classification,train,Glass,glass,trashnet-master/trashnet-master/data/filtered_6class/train/Glass/glass218.jpg,,trashnet-master/trashnet-master/data/dataset-resized/glass/glass218.jpg,,,,,,,,
trashnet_train_glass306.jpg,TrashNet,image_classification,train,Glass,glass,trashnet-master/trashnet-master/data/filtered_6class/train/Glass/glass306.jpg,,trashnet-master/trashnet-master/data/dataset-resized/glass/glass306.jpg,,,,,,,,
trashnet_train_glass58.jpg,TrashNet,image_classification,train,Glass,glass,trashnet-master/trashnet-master/data/filtered_6class/train/Glass/glass58.jpg,,trashnet-master/trashnet-master/data/dataset-resized/glass/glass58.jpg,,,,,,,,
trashnet_train_glass172.jpg,TrashNet,image_classification,train,Glass,glass,trashnet-master/trashnet-master/data/filtered_6class/train/Glass/glass172.jpg,,trashnet-master/trashnet-master/data/dataset-resized/glass/glass172.jpg,,,,,,,,
trashnet_train_glass304.jpg,TrashNet,image_classification,train,Glass,glass,trashnet-master/trashnet-master/data/filtered_6class/train/Glass/glass304.jpg,,trashnet-master/trashnet-master/data/dataset-resized/glass/glass304.jpg,,,,,,,,
trashnet_train_glass476.jpg,TrashNet,image_classification,train,Glass,glass,trashnet-master/trashnet-master/data/filtered_6class/train/Glass/glass476.jpg,,trashnet-master/trashnet-master/data/dataset-resized/glass/glass476.jpg,,,,,,,,
trashnet_train_glass296.jpg,TrashNet,image_classification,train,Glass,glass,trashnet-master/trashnet-master/data/filtered_6class/train/Glass/glass296.jpg,,trashnet-master/trashnet-master/data/dataset-resized/glass/glass296.jpg,,,,,,,,
trashnet_train_glass331.jpg,TrashNet,image_classification,train,Glass,glass,trashnet-master/trashnet-master/data/filtered_6class/train/Glass/glass331.jpg,,trashnet-master/trashnet-master/data/dataset-resized/glass/glass331.jpg,,,,,,,,
trashnet_train_glass381.jpg,TrashNet,image_classification,train,Glass,glass,trashnet-master/trashnet-master/data/filtered_6class/train/Glass/glass381.jpg,,trashnet-master/trashnet-master/data/dataset-resized/glass/glass381.jpg,,,,,,,,
trashnet_train_glass464.jpg,TrashNet,image_classification,train,Glass,glass,trashnet-master/trashnet-master/data/filtered_6class/train/Glass/glass464.jpg,,trashnet-master/trashnet-master/data/dataset-resized/glass/glass464.jpg,,,,,,,,
trashnet_train_glass245.jpg,TrashNet,image_classification,train,Glass,glass,trashnet-master/trashnet-master/data/filtered_6class/train/Glass/glass245.jpg,,trashnet-master/trashnet-master/data/dataset-resized/glass/glass245.jpg,,,,,,,,
trashnet_train_glass373.jpg,TrashNet,image_classification,train,Glass,glass,trashnet-master/trashnet-master/data/filtered_6class/train/Glass/glass373.jpg,,trashnet-master/trashnet-master/data/dataset-resized/glass/glass373.jpg,,,,,,,,
trashnet_train_glass357.jpg,TrashNet,image_classification,train,Glass,glass,trashnet-master/trashnet-master/data/filtered_6class/train/Glass/glass357.jpg,,trashnet-master/trashnet-master/data/dataset-resized/glass/glass357.jpg,,,,,,,,
trashnet_train_glass343.jpg,TrashNet,image_classification,train,Glass,glass,trashnet-master/trashnet-master/data/filtered_6class/train/Glass/glass343.jpg,,trashnet-master/trashnet-master/data/dataset-resized/glass/glass343.jpg,,,,,,,,
trashnet_train_glass493.jpg,TrashNet,image_classification,train,Glass,glass,trashnet-master/trashnet-master/data/filtered_6class/train/Glass/glass493.jpg,,trashnet-master/trashnet-master/data/dataset-resized/glass/glass493.jpg,,,,,,,,
trashnet_train_glass419.jpg,TrashNet,image_classification,train,Glass,glass,trashnet-master/trashnet-master/data/filtered_6class/train/Glass/glass419.jpg,,trashnet-master/trashnet-master/data/dataset-resized/glass/glass419.jpg,,,,,,,,
trashnet_train_glass160.jpg,TrashNet,image_classification,train,Glass,glass,trashnet-master/trashnet-master/data/filtered_6class/train/Glass/glass160.jpg,,trashnet-master/trashnet-master/data/dataset-resized/glass/glass160.jpg,,,,,,,,
trashnet_train_paper520.jpg,TrashNet,image_classification,train,PaperCardboard,paper,trashnet-master/trashnet-master/data/filtered_6class/train/PaperCardboard/paper520.jpg,,trashnet-master/trashnet-master/data/dataset-resized/paper/paper520.jpg,,,,,,,,
trashnet_train_paper515.jpg,TrashNet,image_classification,train,PaperCardboard,paper,trashnet-master/trashnet-master/data/filtered_6class/train/PaperCardboard/paper515.jpg,,trashnet-master/trashnet-master/data/dataset-resized/paper/paper515.jpg,,,,,,,,
trashnet_train_cardboard397.jpg,TrashNet,image_classification,train,PaperCardboard,cardboard,trashnet-master/trashnet-master/data/filtered_6class/train/PaperCardboard/cardboard397.jpg,,trashnet-master/trashnet-master/data/dataset-resized/cardboard/cardboard397.jpg,,,,,,,,
trashnet_train_cardboard219.jpg,TrashNet,image_classification,train,PaperCardboard,cardboard,trashnet-master/trashnet-master/data/filtered_6class/train/PaperCardboard/cardboard219.jpg,,trashnet-master/trashnet-master/data/dataset-resized/cardboard/cardboard219.jpg,,,,,,,,
trashnet_train_paper48.jpg,TrashNet,image_classification,train,PaperCardboard,paper,trashnet-master/trashnet-master/data/filtered_6class/train/PaperCardboard/paper48.jpg,,trashnet-master/trashnet-master/data/dataset-resized/paper/paper48.jpg,,,,,,,,
trashnet_train_paper181.jpg,TrashNet,image_classification,train,PaperCardboard,paper,trashnet-master/trashnet-master/data/filtered_6class/train/PaperCardboard/paper181.jpg,,trashnet-master/trashnet-master/data/dataset-resized/paper/paper181.jpg,,,,,,,,
trashnet_train_cardboard1.jpg,TrashNet,image_classification,train,PaperCardboard,cardboard,trashnet-master/trashnet-master/data/filtered_6class/train/PaperCardboard/cardboard1.jpg,,trashnet-master/trashnet-master/data/dataset-resized/cardboard/cardboard1.jpg,,,,,,,,
trashnet_train_paper152.jpg,TrashNet,image_classification,train,PaperCardboard,paper,trashnet-master/trashnet-master/data/filtered_6class/train/PaperCardboard/paper152.jpg,,trashnet-master/trashnet-master/data/dataset-resized/paper/paper152.jpg,,,,,,,,
trashnet_train_paper280.jpg,TrashNet,image_classification,train,PaperCardboard,paper,trashnet-master/trashnet-master/data/filtered_6class/train/PaperCardboard/paper280.jpg,,trashnet-master/trashnet-master/data/dataset-resized/paper/paper280.jpg,,,,,,,,
trashnet_train_paper389.jpg,TrashNet,image_classification,train,PaperCardboard,paper,trashnet-master/trashnet-master/data/filtered_6class/train/PaperCardboard/paper389.jpg,,trashnet-master/trashnet-master/data/dataset-resized/paper/paper389.jpg,,,,,,,,
trashnet_train_paper512.jpg,TrashNet,image_classification,train,PaperCardboard,paper,trashnet-master/trashnet-master/data/filtered_6class/train/PaperCardboard/paper512.jpg,,trashnet-master/trashnet-master/data/dataset-resized/paper/paper512.jpg,,,,,,,,
trashnet_train_cardboard225.jpg,TrashNet,image_classification,train,PaperCardboard,cardboard,trashnet-master/trashnet-master/data/filtered_6class/train/PaperCardboard/cardboard225.jpg,,trashnet-master/trashnet-master/data/dataset-resized/cardboard/cardboard225.jpg,,,,,,,,
trashnet_train_paper539.jpg,TrashNet,image_classification,train,PaperCardboard,paper,trashnet-master/trashnet-master/data/filtered_6class/train/PaperCardboard/paper539.jpg,,trashnet-master/trashnet-master/data/dataset-resized/paper/paper539.jpg,,,,,,,,
trashnet_train_cardboard111.jpg,TrashNet,image_classification,train,PaperCardboard,cardboard,trashnet-master/trashnet-master/data/filtered_6class/train/PaperCardboard/cardboard111.jpg,,trashnet-master/trashnet-master/data/dataset-resized/cardboard/cardboard111.jpg,,,,,,,,
trashnet_train_paper69.jpg,TrashNet,image_classification,train,PaperCardboard,paper,trashnet-master/trashnet-master/data/filtered_6class/train/PaperCardboard/paper69.jpg,,trashnet-master/trashnet-master/data/dataset-resized/paper/paper69.jpg,,,,,,,,
trashnet_train_paper174.jpg,TrashNet,image_classification,train,PaperCardboard,paper,trashnet-master/trashnet-master/data/filtered_6class/train/PaperCardboard/paper174.jpg,,trashnet-master/trashnet-master/data/dataset-resized/paper/paper174.jpg,,,,,,,,
trashnet_train_paper370.jpg,TrashNet,image_classification,train,PaperCardboard,paper,trashnet-master/trashnet-master/data/filtered_6class/train/PaperCardboard/paper370.jpg,,trashnet-master/trashnet-master/data/dataset-resized/paper/paper370.jpg,,,,,,,,
trashnet_train_paper285.jpg,TrashNet,image_classification,train,PaperCardboard,paper,trashnet-master/trashnet-master/data/filtered_6class/train/PaperCardboard/paper285.jpg,,trashnet-master/trashnet-master/data/dataset-resized/paper/paper285.jpg,,,,,,,,
trashnet_train_paper179.jpg,TrashNet,image_classification,train,PaperCardboard,paper,trashnet-master/trashnet-master/data/filtered_6class/train/PaperCardboard/paper179.jpg,,trashnet-master/trashnet-master/data/dataset-resized/paper/paper179.jpg,,,,,,,,
trashnet_train_cardboard45.jpg,TrashNet,image_classification,train,PaperCardboard,cardboard,trashnet-master/trashnet-master/data/filtered_6class/train/PaperCardboard/cardboard45.jpg,,trashnet-master/trashnet-master/data/dataset-resized/cardboard/cardboard45.jpg,,,,,,,,
trashnet_train_cardboard28.jpg,TrashNet,image_classification,train,PaperCardboard,cardboard,trashnet-master/trashnet-master/data/filtered_6class/train/PaperCardboard/cardboard28.jpg,,trashnet-master/trashnet-master/data/dataset-resized/cardboard/cardboard28.jpg,,,,,,,,
trashnet_train_paper501.jpg,TrashNet,image_classification,train,PaperCardboard,paper,trashnet-master/trashnet-master/data/filtered_6class/train/PaperCardboard/paper501.jpg,,trashnet-master/trashnet-master/data/dataset-resized/paper/paper501.jpg,,,,,,,,
trashnet_train_cardboard351.jpg,TrashNet,image_classification,train,PaperCardboard,cardboard,trashnet-master/trashnet-master/data/filtered_6class/train/PaperCardboard/cardboard351.jpg,,trashnet-master/trashnet-master/data/dataset-resized/cardboard/cardboard351.jpg,,,,,,,,
trashnet_train_cardboard110.jpg,TrashNet,image_classification,train,PaperCardboard,cardboard,trashnet-master/trashnet-master/data/filtered_6class/train/PaperCardboard/cardboard110.jpg,,trashnet-master/trashnet-master/data/dataset-resized/cardboard/cardboard110.jpg,,,,,,,,
trashnet_train_paper1.jpg,TrashNet,image_classification,train,PaperCardboard,paper,trashnet-master/trashnet-master/data/filtered_6class/train/PaperCardboard/paper1.jpg,,trashnet-master/trashnet-master/data/dataset-resized/paper/paper1.jpg,,,,,,,,
trashnet_train_paper409.jpg,TrashNet,image_classification,train,PaperCardboard,paper,trashnet-master/trashnet-master/data/filtered_6class/train/PaperCardboard/paper409.jpg,,trashnet-master/trashnet-master/data/dataset-resized/paper/paper409.jpg,,,,,,,,
trashnet_train_paper443.jpg,TrashNet,image_classification,train,PaperCardboard,paper,trashnet-master/trashnet-master/data/filtered_6class/train/PaperCardboard/paper443.jpg,,trashnet-master/trashnet-master/data/dataset-resized/paper/paper443.jpg,,,,,,,,
trashnet_train_paper446.jpg,TrashNet,image_classification,train,PaperCardboard,paper,trashnet-master/trashnet-master/data/filtered_6class/train/PaperCardboard/paper446.jpg,,trashnet-master/trashnet-master/data/dataset-resized/paper/paper446.jpg,,,,,,,,
trashnet_train_cardboard273.jpg,TrashNet,image_classification,train,PaperCardboard,cardboard,trashnet-master/trashnet-master/data/filtered_6class/train/PaperCardboard/cardboard273.jpg,,trashnet-master/trashnet-master/data/dataset-resized/cardboard/cardboard273.jpg,,,,,,,,
trashnet_train_paper593.jpg,TrashNet,image_classification,train,PaperCardboard,paper,trashnet-master/trashnet-master/data/filtered_6class/train/PaperCardboard/paper593.jpg,,trashnet-master/trashnet-master/data/dataset-resized/paper/paper593.jpg,,,,,,,,
trashnet_train_cardboard180.jpg,TrashNet,image_classification,train,PaperCardboard,cardboard,trashnet-master/trashnet-master/data/filtered_6class/train/PaperCardboard/cardboard180.jpg,,trashnet-master/trashnet-master/data/dataset-resized/cardboard/cardboard180.jpg,,,,,,,,
trashnet_train_cardboard274.jpg,TrashNet,image_classification,train,PaperCardboard,cardboard,trashnet-master/trashnet-master/data/filtered_6class/train/PaperCardboard/cardboard274.jpg,,trashnet-master/trashnet-master/data/dataset-resized/cardboard/cardboard274.jpg,,,,,,,,
trashnet_train_paper21.jpg,TrashNet,image_classification,train,PaperCardboard,paper,trashnet-master/trashnet-master/data/filtered_6class/train/PaperCardboard/paper21.jpg,,trashnet-master/trashnet-master/data/dataset-resized/paper/paper21.jpg,,,,,,,,
trashnet_train_cardboard60.jpg,TrashNet,image_classification,train,PaperCardboard,cardboard,trashnet-master/trashnet-master/data/filtered_6class/train/PaperCardboard/cardboard60.jpg,,trashnet-master/trashnet-master/data/dataset-resized/cardboard/cardboard60.jpg,,,,,,,,
trashnet_train_cardboard69.jpg,TrashNet,image_classification,train,PaperCardboard,cardboard,trashnet-master/trashnet-master/data/filtered_6class/train/PaperCardboard/cardboard69.jpg,,trashnet-master/trashnet-master/data/dataset-resized/cardboard/cardboard69.jpg,,,,,,,,
trashnet_train_paper259.jpg,TrashNet,image_classification,train,PaperCardboard,paper,trashnet-master/trashnet-master/data/filtered_6class/train/PaperCardboard/paper259.jpg,,trashnet-master/trashnet-master/data/dataset-resized/paper/paper259.jpg,,,,,,,,
trashnet_train_cardboard95.jpg,TrashNet,image_classification,train,PaperCardboard,cardboard,trashnet-master/trashnet-master/data/filtered_6class/train/PaperCardboard/cardboard95.jpg,,trashnet-master/trashnet-master/data/dataset-resized/cardboard/cardboard95.jpg,,,,,,,,
trashnet_train_paper2.jpg,TrashNet,image_classification,train,PaperCardboard,paper,trashnet-master/trashnet-master/data/filtered_6class/train/PaperCardboard/paper2.jpg,,trashnet-master/trashnet-master/data/dataset-resized/paper/paper2.jpg,,,,,,,,
trashnet_train_paper327.jpg,TrashNet,image_classification,train,PaperCardboard,paper,trashnet-master/trashnet-master/data/filtered_6class/train/PaperCardboard/paper327.jpg,,trashnet-master/trashnet-master/data/dataset-resized/paper/paper327.jpg,,,,,,,,
trashnet_train_paper361.jpg,TrashNet,image_classification,train,PaperCardboard,paper,trashnet-master/trashnet-master/data/filtered_6class/train/PaperCardboard/paper361.jpg,,trashnet-master/trashnet-master/data/dataset-resized/paper/paper361.jpg,,,,,,,,
trashnet_train_paper105.jpg,TrashNet,image_classification,train,PaperCardboard,paper,trashnet-master/trashnet-master/data/filtered_6class/train/PaperCardboard/paper105.jpg,,trashnet-master/trashnet-master/data/dataset-resized/paper/paper105.jpg,,,,,,,,
trashnet_train_paper263.jpg,TrashNet,image_classification,train,PaperCardboard,paper,trashnet-master/trashnet-master/data/filtered_6class/train/PaperCardboard/paper263.jpg,,trashnet-master/trashnet-master/data/dataset-resized/paper/paper263.jpg,,,,,,,,
trashnet_train_paper104.jpg,TrashNet,image_classification,train,PaperCardboard,paper,trashnet-master/trashnet-master/data/filtered_6class/train/PaperCardboard/paper104.jpg,,trashnet-master/trashnet-master/data/dataset-resized/paper/paper104.jpg,,,,,,,,
trashnet_train_paper416.jpg,TrashNet,image_classification,train,PaperCardboard,paper,trashnet-master/trashnet-master/data/filtered_6class/train/PaperCardboard/paper416.jpg,,trashnet-master/trashnet-master/data/dataset-resized/paper/paper416.jpg,,,,,,,,
trashnet_train_paper172.jpg,TrashNet,image_classification,train,PaperCardboard,paper,trashnet-master/trashnet-master/data/filtered_6class/train/PaperCardboard/paper172.jpg,,trashnet-master/trashnet-master/data/dataset-resized/paper/paper172.jpg,,,,,,,,
trashnet_train_paper420.jpg,TrashNet,image_classification,train,PaperCardboard,paper,trashnet-master/trashnet-master/data/filtered_6class/train/PaperCardboard/paper420.jpg,,trashnet-master/trashnet-master/data/dataset-resized/paper/paper420.jpg,,,,,,,,
trashnet_train_paper548.jpg,TrashNet,image_classification,train,PaperCardboard,paper,trashnet-master/trashnet-master/data/filtered_6class/train/PaperCardboard/paper548.jpg,,trashnet-master/trashnet-master/data/dataset-resized/paper/paper548.jpg,,,,,,,,
trashnet_train_cardboard266.jpg,TrashNet,image_classification,train,PaperCardboard,cardboard,trashnet-master/trashnet-master/data/filtered_6class/train/PaperCardboard/cardboard266.jpg,,trashnet-master/trashnet-master/data/dataset-resized/cardboard/cardboard266.jpg,,,,,,,,
trashnet_train_cardboard310.jpg,TrashNet,image_classification,train,PaperCardboard,cardboard,trashnet-master/trashnet-master/data/filtered_6class/train/PaperCardboard/cardboard310.jpg,,trashnet-master/trashnet-master/data/dataset-resized/cardboard/cardboard310.jpg,,,,,,,,
trashnet_train_cardboard183.jpg,TrashNet,image_classification,train,PaperCardboard,cardboard,trashnet-master/trashnet-master/data/filtered_6class/train/PaperCardboard/cardboard183.jpg,,trashnet-master/trashnet-master/data/dataset-resized/cardboard/cardboard183.jpg,,,,,,,,
trashnet_train_paper222.jpg,TrashNet,image_classification,train,PaperCardboard,paper,trashnet-master/trashnet-master/data/filtered_6class/train/PaperCardboard/paper222.jpg,,trashnet-master/trashnet-master/data/dataset-resized/paper/paper222.jpg,,,,,,,,
trashnet_train_cardboard124.jpg,TrashNet,image_classification,train,PaperCardboard,cardboard,trashnet-master/trashnet-master/data/filtered_6class/train/PaperCardboard/cardboard124.jpg,,trashnet-master/trashnet-master/data/dataset-resized/cardboard/cardboard124.jpg,,,,,,,,
trashnet_train_paper566.jpg,TrashNet,image_classification,train,PaperCardboard,paper,trashnet-master/trashnet-master/data/filtered_6class/train/PaperCardboard/paper566.jpg,,trashnet-master/trashnet-master/data/dataset-resized/paper/paper566.jpg,,,,,,,,
trashnet_train_cardboard255.jpg,TrashNet,image_classification,train,PaperCardboard,cardboard,trashnet-master/trashnet-master/data/filtered_6class/train/PaperCardboard/cardboard255.jpg,,trashnet-master/trashnet-master/data/dataset-resized/cardboard/cardboard255.jpg,,,,,,,,
trashnet_train_cardboard380.jpg,TrashNet,image_classification,train,PaperCardboard,cardboard,trashnet-master/trashnet-master/data/filtered_6class/train/PaperCardboard/cardboard380.jpg,,trashnet-master/trashnet-master/data/dataset-resized/cardboard/cardboard380.jpg,,,,,,,,
trashnet_train_paper246.jpg,TrashNet,image_classification,train,PaperCardboard,paper,trashnet-master/trashnet-master/data/filtered_6class/train/PaperCardboard/paper246.jpg,,trashnet-master/trashnet-master/data/dataset-resized/paper/paper246.jpg,,,,,,,,
trashnet_train_paper448.jpg,TrashNet,image_classification,train,PaperCardboard,paper,trashnet-master/trashnet-master/data/filtered_6class/train/PaperCardboard/paper448.jpg,,trashnet-master/trashnet-master/data/dataset-resized/paper/paper448.jpg,,,,,,,,
trashnet_train_paper128.jpg,TrashNet,image_classification,train,PaperCardboard,paper,trashnet-master/trashnet-master/data/filtered_6class/train/PaperCardboard/paper128.jpg,,trashnet-master/trashnet-master/data/dataset-resized/paper/paper128.jpg,,,,,,,,
trashnet_train_paper388.jpg,TrashNet,image_classification,train,PaperCardboard,paper,trashnet-master/trashnet-master/data/filtered_6class/train/PaperCardboard/paper388.jpg,,trashnet-master/trashnet-master/data/dataset-resized/paper/paper388.jpg,,,,,,,,
trashnet_train_paper366.jpg,TrashNet,image_classification,train,PaperCardboard,paper,trashnet-master/trashnet-master/data/filtered_6class/train/PaperCardboard/paper366.jpg,,trashnet-master/trashnet-master/data/dataset-resized/paper/paper366.jpg,,,,,,,,
trashnet_train_paper487.jpg,TrashNet,image_classification,train,PaperCardboard,paper,trashnet-master/trashnet-master/data/filtered_6class/train/PaperCardboard/paper487.jpg,,trashnet-master/trashnet-master/data/dataset-resized/paper/paper487.jpg,,,,,,,,
trashnet_train_paper56.jpg,TrashNet,image_classification,train,PaperCardboard,paper,trashnet-master/trashnet-master/data/filtered_6class/train/PaperCardboard/paper56.jpg,,trashnet-master/trashnet-master/data/dataset-resized/paper/paper56.jpg,,,,,,,,
trashnet_train_cardboard309.jpg,TrashNet,image_classification,train,PaperCardboard,cardboard,trashnet-master/trashnet-master/data/filtered_6class/train/PaperCardboard/cardboard309.jpg,,trashnet-master/trashnet-master/data/dataset-resized/cardboard/cardboard309.jpg,,,,,,,,
trashnet_train_paper83.jpg,TrashNet,image_classification,train,PaperCardboard,paper,trashnet-master/trashnet-master/data/filtered_6class/train/PaperCardboard/paper83.jpg,,trashnet-master/trashnet-master/data/dataset-resized/paper/paper83.jpg,,,,,,,,
trashnet_train_cardboard46.jpg,TrashNet,image_classification,train,PaperCardboard,cardboard,trashnet-master/trashnet-master/data/filtered_6class/train/PaperCardboard/cardboard46.jpg,,trashnet-master/trashnet-master/data/dataset-resized/cardboard/cardboard46.jpg,,,,,,,,
trashnet_train_paper217.jpg,TrashNet,image_classification,train,PaperCardboard,paper,trashnet-master/trashnet-master/data/filtered_6class/train/PaperCardboard/paper217.jpg,,trashnet-master/trashnet-master/data/dataset-resized/paper/paper217.jpg,,,,,,,,
trashnet_train_paper34.jpg,TrashNet,image_classification,train,PaperCardboard,paper,trashnet-master/trashnet-master/data/filtered_6class/train/PaperCardboard/paper34.jpg,,trashnet-master/trashnet-master/data/dataset-resized/paper/paper34.jpg,,,,,,,,
trashnet_train_paper90.jpg,TrashNet,image_classification,train,PaperCardboard,paper,trashnet-master/trashnet-master/data/filtered_6class/train/PaperCardboard/paper90.jpg,,trashnet-master/trashnet-master/data/dataset-resized/paper/paper90.jpg,,,,,,,,
trashnet_train_paper166.jpg,TrashNet,image_classification,train,PaperCardboard,paper,trashnet-master/trashnet-master/data/filtered_6class/train/PaperCardboard/paper166.jpg,,trashnet-master/trashnet-master/data/dataset-resized/paper/paper166.jpg,,,,,,,,
trashnet_train_paper160.jpg,TrashNet,image_classification,train,PaperCardboard,paper,trashnet-master/trashnet-master/data/filtered_6class/train/PaperCardboard/paper160.jpg,,trashnet-master/trashnet-master/data/dataset-resized/paper/paper160.jpg,,,,,,,,
trashnet_train_cardboard262.jpg,TrashNet,image_classification,train,PaperCardboard,cardboard,trashnet-master/trashnet-master/data/filtered_6class/train/PaperCardboard/cardboard262.jpg,,trashnet-master/trashnet-master/data/dataset-resized/cardboard/cardboard262.jpg,,,,,,,,
trashnet_train_cardboard204.jpg,TrashNet,image_classification,train,PaperCardboard,cardboard,trashnet-master/trashnet-master/data/filtered_6class/train/PaperCardboard/cardboard204.jpg,,trashnet-master/trashnet-master/data/dataset-resized/cardboard/cardboard204.jpg,,,,,,,,
trashnet_train_cardboard7.jpg,TrashNet,image_classification,train,PaperCardboard,cardboard,trashnet-master/trashnet-master/data/filtered_6class/train/PaperCardboard/cardboard7.jpg,,trashnet-master/trashnet-master/data/dataset-resized/cardboard/cardboard7.jpg,,,,,,,,
trashnet_train_cardboard13.jpg,TrashNet,image_classification,train,PaperCardboard,cardboard,trashnet-master/trashnet-master/data/filtered_6class/train/PaperCardboard/cardboard13.jpg,,trashnet-master/trashnet-master/data/dataset-resized/cardboard/cardboard13.jpg,,,,,,,,
trashnet_train_paper47.jpg,TrashNet,image_classification,train,PaperCardboard,paper,trashnet-master/trashnet-master/data/filtered_6class/train/PaperCardboard/paper47.jpg,,trashnet-master/trashnet-master/data/dataset-resized/paper/paper47.jpg,,,,,,,,
trashnet_train_cardboard373.jpg,TrashNet,image_classification,train,PaperCardboard,cardboard,trashnet-master/trashnet-master/data/filtered_6class/train/PaperCardboard/cardboard373.jpg,,trashnet-master/trashnet-master/data/dataset-resized/cardboard/cardboard373.jpg,,,,,,,,
trashnet_train_cardboard338.jpg,TrashNet,image_classification,train,PaperCardboard,cardboard,trashnet-master/trashnet-master/data/filtered_6class/train/PaperCardboard/cardboard338.jpg,,trashnet-master/trashnet-master/data/dataset-resized/cardboard/cardboard338.jpg,,,,,,,,
trashnet_train_paper103.jpg,TrashNet,image_classification,train,PaperCardboard,paper,trashnet-master/trashnet-master/data/filtered_6class/train/PaperCardboard/paper103.jpg,,trashnet-master/trashnet-master/data/dataset-resized/paper/paper103.jpg,,,,,,,,
trashnet_train_paper383.jpg,TrashNet,image_classification,train,PaperCardboard,paper,trashnet-master/trashnet-master/data/filtered_6class/train/PaperCardboard/paper383.jpg,,trashnet-master/trashnet-master/data/dataset-resized/paper/paper383.jpg,,,,,,,,
trashnet_train_paper411.jpg,TrashNet,image_classification,train,PaperCardboard,paper,trashnet-master/trashnet-master/data/filtered_6class/train/PaperCardboard/paper411.jpg,,trashnet-master/trashnet-master/data/dataset-resized/paper/paper411.jpg,,,,,,,,
trashnet_train_paper359.jpg,TrashNet,image_classification,train,PaperCardboard,paper,trashnet-master/trashnet-master/data/filtered_6class/train/PaperCardboard/paper359.jpg,,trashnet-master/trashnet-master/data/dataset-resized/paper/paper359.jpg,,,,,,,,
trashnet_train_paper194.jpg,TrashNet,image_classification,train,PaperCardboard,paper,trashnet-master/trashnet-master/data/filtered_6class/train/PaperCardboard/paper194.jpg,,trashnet-master/trashnet-master/data/dataset-resized/paper/paper194.jpg,,,,,,,,
trashnet_train_paper321.jpg,TrashNet,image_classification,train,PaperCardboard,paper,trashnet-master/trashnet-master/data/filtered_6class/train/PaperCardboard/paper321.jpg,,trashnet-master/trashnet-master/data/dataset-resized/paper/paper321.jpg,,,,,,,,
trashnet_train_paper187.jpg,TrashNet,image_classification,train,PaperCardboard,paper,trashnet-master/trashnet-master/data/filtered_6class/train/PaperCardboard/paper187.jpg,,trashnet-master/trashnet-master/data/dataset-resized/paper/paper187.jpg,,,,,,,,
trashnet_train_paper253.jpg,TrashNet,image_classification,train,PaperCardboard,paper,trashnet-master/trashnet-master/data/filtered_6class/train/PaperCardboard/paper253.jpg,,trashnet-master/trashnet-master/data/dataset-resized/paper/paper253.jpg,,,,,,,,
trashnet_train_cardboard239.jpg,TrashNet,image_classification,train,PaperCardboard,cardboard,trashnet-master/trashnet-master/data/filtered_6class/train/PaperCardboard/cardboard239.jpg,,trashnet-master/trashnet-master/data/dataset-resized/cardboard/cardboard239.jpg,,,,,,,,
trashnet_train_paper209.jpg,TrashNet,image_classification,train,PaperCardboard,paper,trashnet-master/trashnet-master/data/filtered_6class/train/PaperCardboard/paper209.jpg,,trashnet-master/trashnet-master/data/dataset-resized/paper/paper209.jpg,,,,,,,,
trashnet_train_paper301.jpg,TrashNet,image_classification,train,PaperCardboard,paper,trashnet-master/trashnet-master/data/filtered_6class/train/PaperCardboard/paper301.jpg,,trashnet-master/trashnet-master/data/dataset-resized/paper/paper301.jpg,,,,,,,,
trashnet_train_paper192.jpg,TrashNet,image_classification,train,PaperCardboard,paper,trashnet-master/trashnet-master/data/filtered_6class/train/PaperCardboard/paper192.jpg,,trashnet-master/trashnet-master/data/dataset-resized/paper/paper192.jpg,,,,,,,,
trashnet_train_cardboard100.jpg,TrashNet,image_classification,train,PaperCardboard,cardboard,trashnet-master/trashnet-master/data/filtered_6class/train/PaperCardboard/cardboard100.jpg,,trashnet-master/trashnet-master/data/dataset-resized/cardboard/cardboard100.jpg,,,,,,,,
trashnet_train_paper102.jpg,TrashNet,image_classification,train,PaperCardboard,paper,trashnet-master/trashnet-master/data/filtered_6class/train/PaperCardboard/paper102.jpg,,trashnet-master/trashnet-master/data/dataset-resized/paper/paper102.jpg,,,,,,,,
trashnet_train_paper495.jpg,TrashNet,image_classification,train,PaperCardboard,paper,trashnet-master/trashnet-master/data/filtered_6class/train/PaperCardboard/paper495.jpg,,trashnet-master/trashnet-master/data/dataset-resized/paper/paper495.jpg,,,,,,,,
trashnet_train_paper161.jpg,TrashNet,image_classification,train,PaperCardboard,paper,trashnet-master/trashnet-master/data/filtered_6class/train/PaperCardboard/paper161.jpg,,trashnet-master/trashnet-master/data/dataset-resized/paper/paper161.jpg,,,,,,,,
trashnet_train_paper97.jpg,TrashNet,image_classification,train,PaperCardboard,paper,trashnet-master/trashnet-master/data/filtered_6class/train/PaperCardboard/paper97.jpg,,trashnet-master/trashnet-master/data/dataset-resized/paper/paper97.jpg,,,,,,,,
trashnet_train_paper11.jpg,TrashNet,image_classification,train,PaperCardboard,paper,trashnet-master/trashnet-master/data/filtered_6class/train/PaperCardboard/paper11.jpg,,trashnet-master/trashnet-master/data/dataset-resized/paper/paper11.jpg,,,,,,,,
trashnet_train_paper309.jpg,TrashNet,image_classification,train,PaperCardboard,paper,trashnet-master/trashnet-master/data/filtered_6class/train/PaperCardboard/paper309.jpg,,trashnet-master/trashnet-master/data/dataset-resized/paper/paper309.jpg,,,,,,,,
trashnet_train_paper461.jpg,TrashNet,image_classification,train,PaperCardboard,paper,trashnet-master/trashnet-master/data/filtered_6class/train/PaperCardboard/paper461.jpg,,trashnet-master/trashnet-master/data/dataset-resized/paper/paper461.jpg,,,,,,,,
trashnet_train_cardboard12.jpg,TrashNet,image_classification,train,PaperCardboard,cardboard,trashnet-master/trashnet-master/data/filtered_6class/train/PaperCardboard/cardboard12.jpg,,trashnet-master/trashnet-master/data/dataset-resized/cardboard/cardboard12.jpg,,,,,,,,
trashnet_train_cardboard389.jpg,TrashNet,image_classification,train,PaperCardboard,cardboard,trashnet-master/trashnet-master/data/filtered_6class/train/PaperCardboard/cardboard389.jpg,,trashnet-master/trashnet-master/data/dataset-resized/cardboard/cardboard389.jpg,,,,,,,,
trashnet_train_paper418.jpg,TrashNet,image_classification,train,PaperCardboard,paper,trashnet-master/trashnet-master/data/filtered_6class/train/PaperCardboard/paper418.jpg,,trashnet-master/trashnet-master/data/dataset-resized/paper/paper418.jpg,,,,,,,,
trashnet_train_paper385.jpg,TrashNet,image_classification,train,PaperCardboard,paper,trashnet-master/trashnet-master/data/filtered_6class/train/PaperCardboard/paper385.jpg,,trashnet-master/trashnet-master/data/dataset-resized/paper/paper385.jpg,,,,,,,,
trashnet_train_cardboard154.jpg,TrashNet,image_classification,train,PaperCardboard,cardboard,trashnet-master/trashnet-master/data/filtered_6class/train/PaperCardboard/cardboard154.jpg,,trashnet-master/trashnet-master/data/dataset-resized/cardboard/cardboard154.jpg,,,,,,,,
trashnet_train_paper521.jpg,TrashNet,image_classification,train,PaperCardboard,paper,trashnet-master/trashnet-master/data/filtered_6class/train/PaperCardboard/paper521.jpg,,trashnet-master/trashnet-master/data/dataset-resized/paper/paper521.jpg,,,,,,,,
trashnet_train_paper326.jpg,TrashNet,image_classification,train,PaperCardboard,paper,trashnet-master/trashnet-master/data/filtered_6class/train/PaperCardboard/paper326.jpg,,trashnet-master/trashnet-master/data/dataset-resized/paper/paper326.jpg,,,,,,,,
trashnet_train_paper123.jpg,TrashNet,image_classification,train,PaperCardboard,paper,trashnet-master/trashnet-master/data/filtered_6class/train/PaperCardboard/paper123.jpg,,trashnet-master/trashnet-master/data/dataset-resized/paper/paper123.jpg,,,,,,,,
trashnet_train_paper264.jpg,TrashNet,image_classification,train,PaperCardboard,paper,trashnet-master/trashnet-master/data/filtered_6class/train/PaperCardboard/paper264.jpg,,trashnet-master/trashnet-master/data/dataset-resized/paper/paper264.jpg,,,,,,,,
trashnet_train_paper304.jpg,TrashNet,image_classification,train,PaperCardboard,paper,trashnet-master/trashnet-master/data/filtered_6class/train/PaperCardboard/paper304.jpg,,trashnet-master/trashnet-master/data/dataset-resized/paper/paper304.jpg,,,,,,,,
trashnet_train_cardboard162.jpg,TrashNet,image_classification,train,PaperCardboard,cardboard,trashnet-master/trashnet-master/data/filtered_6class/train/PaperCardboard/cardboard162.jpg,,trashnet-master/trashnet-master/data/dataset-resized/cardboard/cardboard162.jpg,,,,,,,,
trashnet_train_paper579.jpg,TrashNet,image_classification,train,PaperCardboard,paper,trashnet-master/trashnet-master/data/filtered_6class/train/PaperCardboard/paper579.jpg,,trashnet-master/trashnet-master/data/dataset-resized/paper/paper579.jpg,,,,,,,,
trashnet_train_cardboard88.jpg,TrashNet,image_classification,train,PaperCardboard,cardboard,trashnet-master/trashnet-master/data/filtered_6class/train/PaperCardboard/cardboard88.jpg,,trashnet-master/trashnet-master/data/dataset-resized/cardboard/cardboard88.jpg,,,,,,,,
trashnet_train_paper507.jpg,TrashNet,image_classification,train,PaperCardboard,paper,trashnet-master/trashnet-master/data/filtered_6class/train/PaperCardboard/paper507.jpg,,trashnet-master/trashnet-master/data/dataset-resized/paper/paper507.jpg,,,,,,,,
trashnet_train_cardboard44.jpg,TrashNet,image_classification,train,PaperCardboard,cardboard,trashnet-master/trashnet-master/data/filtered_6class/train/PaperCardboard/cardboard44.jpg,,trashnet-master/trashnet-master/data/dataset-resized/cardboard/cardboard44.jpg,,,,,,,,
trashnet_train_cardboard279.jpg,TrashNet,image_classification,train,PaperCardboard,cardboard,trashnet-master/trashnet-master/data/filtered_6class/train/PaperCardboard/cardboard279.jpg,,trashnet-master/trashnet-master/data/dataset-resized/cardboard/cardboard279.jpg,,,,,,,,
trashnet_train_paper7.jpg,TrashNet,image_classification,train,PaperCardboard,paper,trashnet-master/trashnet-master/data/filtered_6class/train/PaperCardboard/paper7.jpg,,trashnet-master/trashnet-master/data/dataset-resized/paper/paper7.jpg,,,,,,,,
trashnet_train_paper109.jpg,TrashNet,image_classification,train,PaperCardboard,paper,trashnet-master/trashnet-master/data/filtered_6class/train/PaperCardboard/paper109.jpg,,trashnet-master/trashnet-master/data/dataset-resized/paper/paper109.jpg,,,,,,,,
trashnet_train_paper16.jpg,TrashNet,image_classification,train,PaperCardboard,paper,trashnet-master/trashnet-master/data/filtered_6class/train/PaperCardboard/paper16.jpg,,trashnet-master/trashnet-master/data/dataset-resized/paper/paper16.jpg,,,,,,,,
trashnet_train_paper496.jpg,TrashNet,image_classification,train,PaperCardboard,paper,trashnet-master/trashnet-master/data/filtered_6class/train/PaperCardboard/paper496.jpg,,trashnet-master/trashnet-master/data/dataset-resized/paper/paper496.jpg,,,,,,,,
trashnet_train_cardboard109.jpg,TrashNet,image_classification,train,PaperCardboard,cardboard,trashnet-master/trashnet-master/data/filtered_6class/train/PaperCardboard/cardboard109.jpg,,trashnet-master/trashnet-master/data/dataset-resized/cardboard/cardboard109.jpg,,,,,,,,
trashnet_train_paper268.jpg,TrashNet,image_classification,train,PaperCardboard,paper,trashnet-master/trashnet-master/data/filtered_6class/train/PaperCardboard/paper268.jpg,,trashnet-master/trashnet-master/data/dataset-resized/paper/paper268.jpg,,,,,,,,
trashnet_train_paper195.jpg,TrashNet,image_classification,train,PaperCardboard,paper,trashnet-master/trashnet-master/data/filtered_6class/train/PaperCardboard/paper195.jpg,,trashnet-master/trashnet-master/data/dataset-resized/paper/paper195.jpg,,,,,,,,
trashnet_train_paper237.jpg,TrashNet,image_classification,train,PaperCardboard,paper,trashnet-master/trashnet-master/data/filtered_6class/train/PaperCardboard/paper237.jpg,,trashnet-master/trashnet-master/data/dataset-resized/paper/paper237.jpg,,,,,,,,
trashnet_train_paper57.jpg,TrashNet,image_classification,train,PaperCardboard,paper,trashnet-master/trashnet-master/data/filtered_6class/train/PaperCardboard/paper57.jpg,,trashnet-master/trashnet-master/data/dataset-resized/paper/paper57.jpg,,,,,,,,
trashnet_train_paper9.jpg,TrashNet,image_classification,train,PaperCardboard,paper,trashnet-master/trashnet-master/data/filtered_6class/train/PaperCardboard/paper9.jpg,,trashnet-master/trashnet-master/data/dataset-resized/paper/paper9.jpg,,,,,,,,
trashnet_train_paper80.jpg,TrashNet,image_classification,train,PaperCardboard,paper,trashnet-master/trashnet-master/data/filtered_6class/train/PaperCardboard/paper80.jpg,,trashnet-master/trashnet-master/data/dataset-resized/paper/paper80.jpg,,,,,,,,
trashnet_train_paper137.jpg,TrashNet,image_classification,train,PaperCardboard,paper,trashnet-master/trashnet-master/data/filtered_6class/train/PaperCardboard/paper137.jpg,,trashnet-master/trashnet-master/data/dataset-resized/paper/paper137.jpg,,,,,,,,
trashnet_train_cardboard35.jpg,TrashNet,image_classification,train,PaperCardboard,cardboard,trashnet-master/trashnet-master/data/filtered_6class/train/PaperCardboard/cardboard35.jpg,,trashnet-master/trashnet-master/data/dataset-resized/cardboard/cardboard35.jpg,,,,,,,,
trashnet_train_cardboard21.jpg,TrashNet,image_classification,train,PaperCardboard,cardboard,trashnet-master/trashnet-master/data/filtered_6class/train/PaperCardboard/cardboard21.jpg,,trashnet-master/trashnet-master/data/dataset-resized/cardboard/cardboard21.jpg,,,,,,,,
trashnet_train_paper186.jpg,TrashNet,image_classification,train,PaperCardboard,paper,trashnet-master/trashnet-master/data/filtered_6class/train/PaperCardboard/paper186.jpg,,trashnet-master/trashnet-master/data/dataset-resized/paper/paper186.jpg,,,,,,,,
trashnet_train_paper218.jpg,TrashNet,image_classification,train,PaperCardboard,paper,trashnet-master/trashnet-master/data/filtered_6class/train/PaperCardboard/paper218.jpg,,trashnet-master/trashnet-master/data/dataset-resized/paper/paper218.jpg,,,,,,,,
trashnet_train_paper28.jpg,TrashNet,image_classification,train,PaperCardboard,paper,trashnet-master/trashnet-master/data/filtered_6class/train/PaperCardboard/paper28.jpg,,trashnet-master/trashnet-master/data/dataset-resized/paper/paper28.jpg,,,,,,,,
trashnet_train_paper523.jpg,TrashNet,image_classification,train,PaperCardboard,paper,trashnet-master/trashnet-master/data/filtered_6class/train/PaperCardboard/paper523.jpg,,trashnet-master/trashnet-master/data/dataset-resized/paper/paper523.jpg,,,,,,,,
trashnet_train_cardboard26.jpg,TrashNet,image_classification,train,PaperCardboard,cardboard,trashnet-master/trashnet-master/data/filtered_6class/train/PaperCardboard/cardboard26.jpg,,trashnet-master/trashnet-master/data/dataset-resized/cardboard/cardboard26.jpg,,,,,,,,
trashnet_train_paper537.jpg,TrashNet,image_classification,train,PaperCardboard,paper,trashnet-master/trashnet-master/data/filtered_6class/train/PaperCardboard/paper537.jpg,,trashnet-master/trashnet-master/data/dataset-resized/paper/paper537.jpg,,,,,,,,
trashnet_train_cardboard79.jpg,TrashNet,image_classification,train,PaperCardboard,cardboard,trashnet-master/trashnet-master/data/filtered_6class/train/PaperCardboard/cardboard79.jpg,,trashnet-master/trashnet-master/data/dataset-resized/cardboard/cardboard79.jpg,,,,,,,,
trashnet_train_cardboard201.jpg,TrashNet,image_classification,train,PaperCardboard,cardboard,trashnet-master/trashnet-master/data/filtered_6class/train/PaperCardboard/cardboard201.jpg,,trashnet-master/trashnet-master/data/dataset-resized/cardboard/cardboard201.jpg,,,,,,,,
trashnet_train_paper117.jpg,TrashNet,image_classification,train,PaperCardboard,paper,trashnet-master/trashnet-master/data/filtered_6class/train/PaperCardboard/paper117.jpg,,trashnet-master/trashnet-master/data/dataset-resized/paper/paper117.jpg,,,,,,,,
trashnet_train_cardboard359.jpg,TrashNet,image_classification,train,PaperCardboard,cardboard,trashnet-master/trashnet-master/data/filtered_6class/train/PaperCardboard/cardboard359.jpg,,trashnet-master/trashnet-master/data/dataset-resized/cardboard/cardboard359.jpg,,,,,,,,
trashnet_train_paper254.jpg,TrashNet,image_classification,train,PaperCardboard,paper,trashnet-master/trashnet-master/data/filtered_6class/train/PaperCardboard/paper254.jpg,,trashnet-master/trashnet-master/data/dataset-resized/paper/paper254.jpg,,,,,,,,
trashnet_train_cardboard181.jpg,TrashNet,image_classification,train,PaperCardboard,cardboard,trashnet-master/trashnet-master/data/filtered_6class/train/PaperCardboard/cardboard181.jpg,,trashnet-master/trashnet-master/data/dataset-resized/cardboard/cardboard181.jpg,,,,,,,,
trashnet_train_cardboard20.jpg,TrashNet,image_classification,train,PaperCardboard,cardboard,trashnet-master/trashnet-master/data/filtered_6class/train/PaperCardboard/cardboard20.jpg,,trashnet-master/trashnet-master/data/dataset-resized/cardboard/cardboard20.jpg,,,,,,,,
trashnet_train_paper425.jpg,TrashNet,image_classification,train,PaperCardboard,paper,trashnet-master/trashnet-master/data/filtered_6class/train/PaperCardboard/paper425.jpg,,trashnet-master/trashnet-master/data/dataset-resized/paper/paper425.jpg,,,,,,,,
trashnet_train_paper120.jpg,TrashNet,image_classification,train,PaperCardboard,paper,trashnet-master/trashnet-master/data/filtered_6class/train/PaperCardboard/paper120.jpg,,trashnet-master/trashnet-master/data/dataset-resized/paper/paper120.jpg,,,,,,,,
trashnet_train_paper175.jpg,TrashNet,image_classification,train,PaperCardboard,paper,trashnet-master/trashnet-master/data/filtered_6class/train/PaperCardboard/paper175.jpg,,trashnet-master/trashnet-master/data/dataset-resized/paper/paper175.jpg,,,,,,,,
trashnet_train_cardboard29.jpg,TrashNet,image_classification,train,PaperCardboard,cardboard,trashnet-master/trashnet-master/data/filtered_6class/train/PaperCardboard/cardboard29.jpg,,trashnet-master/trashnet-master/data/dataset-resized/cardboard/cardboard29.jpg,,,,,,,,
trashnet_train_cardboard177.jpg,TrashNet,image_classification,train,PaperCardboard,cardboard,trashnet-master/trashnet-master/data/filtered_6class/train/PaperCardboard/cardboard177.jpg,,trashnet-master/trashnet-master/data/dataset-resized/cardboard/cardboard177.jpg,,,,,,,,
trashnet_train_cardboard344.jpg,TrashNet,image_classification,train,PaperCardboard,cardboard,trashnet-master/trashnet-master/data/filtered_6class/train/PaperCardboard/cardboard344.jpg,,trashnet-master/trashnet-master/data/dataset-resized/cardboard/cardboard344.jpg,,,,,,,,
trashnet_train_paper177.jpg,TrashNet,image_classification,train,PaperCardboard,paper,trashnet-master/trashnet-master/data/filtered_6class/train/PaperCardboard/paper177.jpg,,trashnet-master/trashnet-master/data/dataset-resized/paper/paper177.jpg,,,,,,,,
trashnet_train_paper381.jpg,TrashNet,image_classification,train,PaperCardboard,paper,trashnet-master/trashnet-master/data/filtered_6class/train/PaperCardboard/paper381.jpg,,trashnet-master/trashnet-master/data/dataset-resized/paper/paper381.jpg,,,,,,,,
trashnet_train_paper84.jpg,TrashNet,image_classification,train,PaperCardboard,paper,trashnet-master/trashnet-master/data/filtered_6class/train/PaperCardboard/paper84.jpg,,trashnet-master/trashnet-master/data/dataset-resized/paper/paper84.jpg,,,,,,,,
trashnet_train_paper75.jpg,TrashNet,image_classification,train,PaperCardboard,paper,trashnet-master/trashnet-master/data/filtered_6class/train/PaperCardboard/paper75.jpg,,trashnet-master/trashnet-master/data/dataset-resized/paper/paper75.jpg,,,,,,,,
trashnet_train_cardboard318.jpg,TrashNet,image_classification,train,PaperCardboard,cardboard,trashnet-master/trashnet-master/data/filtered_6class/train/PaperCardboard/cardboard318.jpg,,trashnet-master/trashnet-master/data/dataset-resized/cardboard/cardboard318.jpg,,,,,,,,
trashnet_train_cardboard229.jpg,TrashNet,image_classification,train,PaperCardboard,cardboard,trashnet-master/trashnet-master/data/filtered_6class/train/PaperCardboard/cardboard229.jpg,,trashnet-master/trashnet-master/data/dataset-resized/cardboard/cardboard229.jpg,,,,,,,,
trashnet_train_cardboard190.jpg,TrashNet,image_classification,train,PaperCardboard,cardboard,trashnet-master/trashnet-master/data/filtered_6class/train/PaperCardboard/cardboard190.jpg,,trashnet-master/trashnet-master/data/dataset-resized/cardboard/cardboard190.jpg,,,,,,,,
trashnet_train_paper576.jpg,TrashNet,image_classification,train,PaperCardboard,paper,trashnet-master/trashnet-master/data/filtered_6class/train/PaperCardboard/paper576.jpg,,trashnet-master/trashnet-master/data/dataset-resized/paper/paper576.jpg,,,,,,,,
trashnet_train_paper571.jpg,TrashNet,image_classification,train,PaperCardboard,paper,trashnet-master/trashnet-master/data/filtered_6class/train/PaperCardboard/paper571.jpg,,trashnet-master/trashnet-master/data/dataset-resized/paper/paper571.jpg,,,,,,,,
trashnet_train_paper24.jpg,TrashNet,image_classification,train,PaperCardboard,paper,trashnet-master/trashnet-master/data/filtered_6class/train/PaperCardboard/paper24.jpg,,trashnet-master/trashnet-master/data/dataset-resized/paper/paper24.jpg,,,,,,,,
trashnet_train_cardboard80.jpg,TrashNet,image_classification,train,PaperCardboard,cardboard,trashnet-master/trashnet-master/data/filtered_6class/train/PaperCardboard/cardboard80.jpg,,trashnet-master/trashnet-master/data/dataset-resized/cardboard/cardboard80.jpg,,,,,,,,
trashnet_train_paper156.jpg,TrashNet,image_classification,train,PaperCardboard,paper,trashnet-master/trashnet-master/data/filtered_6class/train/PaperCardboard/paper156.jpg,,trashnet-master/trashnet-master/data/dataset-resized/paper/paper156.jpg,,,,,,,,
trashnet_train_paper257.jpg,TrashNet,image_classification,train,PaperCardboard,paper,trashnet-master/trashnet-master/data/filtered_6class/train/PaperCardboard/paper257.jpg,,trashnet-master/trashnet-master/data/dataset-resized/paper/paper257.jpg,,,,,,,,
trashnet_train_cardboard317.jpg,TrashNet,image_classification,train,PaperCardboard,cardboard,trashnet-master/trashnet-master/data/filtered_6class/train/PaperCardboard/cardboard317.jpg,,trashnet-master/trashnet-master/data/dataset-resized/cardboard/cardboard317.jpg,,,,,,,,
trashnet_train_paper454.jpg,TrashNet,image_classification,train,PaperCardboard,paper,trashnet-master/trashnet-master/data/filtered_6class/train/PaperCardboard/paper454.jpg,,trashnet-master/trashnet-master/data/dataset-resized/paper/paper454.jpg,,,,,,,,
trashnet_train_cardboard383.jpg,TrashNet,image_classification,train,PaperCardboard,cardboard,trashnet-master/trashnet-master/data/filtered_6class/train/PaperCardboard/cardboard383.jpg,,trashnet-master/trashnet-master/data/dataset-resized/cardboard/cardboard383.jpg,,,,,,,,
trashnet_train_cardboard102.jpg,TrashNet,image_classification,train,PaperCardboard,cardboard,trashnet-master/trashnet-master/data/filtered_6class/train/PaperCardboard/cardboard102.jpg,,trashnet-master/trashnet-master/data/dataset-resized/cardboard/cardboard102.jpg,,,,,,,,
trashnet_train_paper541.jpg,TrashNet,image_classification,train,PaperCardboard,paper,trashnet-master/trashnet-master/data/filtered_6class/train/PaperCardboard/paper541.jpg,,trashnet-master/trashnet-master/data/dataset-resized/paper/paper541.jpg,,,,,,,,
trashnet_train_paper346.jpg,TrashNet,image_classification,train,PaperCardboard,paper,trashnet-master/trashnet-master/data/filtered_6class/train/PaperCardboard/paper346.jpg,,trashnet-master/trashnet-master/data/dataset-resized/paper/paper346.jpg,,,,,,,,
trashnet_train_paper413.jpg,TrashNet,image_classification,train,PaperCardboard,paper,trashnet-master/trashnet-master/data/filtered_6class/train/PaperCardboard/paper413.jpg,,trashnet-master/trashnet-master/data/dataset-resized/paper/paper413.jpg,,,,,,,,
trashnet_train_cardboard374.jpg,TrashNet,image_classification,train,PaperCardboard,cardboard,trashnet-master/trashnet-master/data/filtered_6class/train/PaperCardboard/cardboard374.jpg,,trashnet-master/trashnet-master/data/dataset-resized/cardboard/cardboard374.jpg,,,,,,,,
trashnet_train_paper586.jpg,TrashNet,image_classification,train,PaperCardboard,paper,trashnet-master/trashnet-master/data/filtered_6class/train/PaperCardboard/paper586.jpg,,trashnet-master/trashnet-master/data/dataset-resized/paper/paper586.jpg,,,,,,,,
trashnet_train_paper208.jpg,TrashNet,image_classification,train,PaperCardboard,paper,trashnet-master/trashnet-master/data/filtered_6class/train/PaperCardboard/paper208.jpg,,trashnet-master/trashnet-master/data/dataset-resized/paper/paper208.jpg,,,,,,,,
trashnet_train_cardboard311.jpg,TrashNet,image_classification,train,PaperCardboard,cardboard,trashnet-master/trashnet-master/data/filtered_6class/train/PaperCardboard/cardboard311.jpg,,trashnet-master/trashnet-master/data/dataset-resized/cardboard/cardboard311.jpg,,,,,,,,
trashnet_train_cardboard185.jpg,TrashNet,image_classification,train,PaperCardboard,cardboard,trashnet-master/trashnet-master/data/filtered_6class/train/PaperCardboard/cardboard185.jpg,,trashnet-master/trashnet-master/data/dataset-resized/cardboard/cardboard185.jpg,,,,,,,,
trashnet_train_paper489.jpg,TrashNet,image_classification,train,PaperCardboard,paper,trashnet-master/trashnet-master/data/filtered_6class/train/PaperCardboard/paper489.jpg,,trashnet-master/trashnet-master/data/dataset-resized/paper/paper489.jpg,,,,,,,,
trashnet_train_paper459.jpg,TrashNet,image_classification,train,PaperCardboard,paper,trashnet-master/trashnet-master/data/filtered_6class/train/PaperCardboard/paper459.jpg,,trashnet-master/trashnet-master/data/dataset-resized/paper/paper459.jpg,,,,,,,,
trashnet_train_cardboard243.jpg,TrashNet,image_classification,train,PaperCardboard,cardboard,trashnet-master/trashnet-master/data/filtered_6class/train/PaperCardboard/cardboard243.jpg,,trashnet-master/trashnet-master/data/dataset-resized/cardboard/cardboard243.jpg,,,,,,,,
trashnet_train_paper472.jpg,TrashNet,image_classification,train,PaperCardboard,paper,trashnet-master/trashnet-master/data/filtered_6class/train/PaperCardboard/paper472.jpg,,trashnet-master/trashnet-master/data/dataset-resized/paper/paper472.jpg,,,,,,,,
trashnet_train_cardboard85.jpg,TrashNet,image_classification,train,PaperCardboard,cardboard,trashnet-master/trashnet-master/data/filtered_6class/train/PaperCardboard/cardboard85.jpg,,trashnet-master/trashnet-master/data/dataset-resized/cardboard/cardboard85.jpg,,,,,,,,
trashnet_train_paper226.jpg,TrashNet,image_classification,train,PaperCardboard,paper,trashnet-master/trashnet-master/data/filtered_6class/train/PaperCardboard/paper226.jpg,,trashnet-master/trashnet-master/data/dataset-resized/paper/paper226.jpg,,,,,,,,
trashnet_train_paper293.jpg,TrashNet,image_classification,train,PaperCardboard,paper,trashnet-master/trashnet-master/data/filtered_6class/train/PaperCardboard/paper293.jpg,,trashnet-master/trashnet-master/data/dataset-resized/paper/paper293.jpg,,,,,,,,
trashnet_train_paper483.jpg,TrashNet,image_classification,train,PaperCardboard,paper,trashnet-master/trashnet-master/data/filtered_6class/train/PaperCardboard/paper483.jpg,,trashnet-master/trashnet-master/data/dataset-resized/paper/paper483.jpg,,,,,,,,
trashnet_train_paper188.jpg,TrashNet,image_classification,train,PaperCardboard,paper,trashnet-master/trashnet-master/data/filtered_6class/train/PaperCardboard/paper188.jpg,,trashnet-master/trashnet-master/data/dataset-resized/paper/paper188.jpg,,,,,,,,
trashnet_train_paper46.jpg,TrashNet,image_classification,train,PaperCardboard,paper,trashnet-master/trashnet-master/data/filtered_6class/train/PaperCardboard/paper46.jpg,,trashnet-master/trashnet-master/data/dataset-resized/paper/paper46.jpg,,,,,,,,
trashnet_train_cardboard280.jpg,TrashNet,image_classification,train,PaperCardboard,cardboard,trashnet-master/trashnet-master/data/filtered_6class/train/PaperCardboard/cardboard280.jpg,,trashnet-master/trashnet-master/data/dataset-resized/cardboard/cardboard280.jpg,,,,,,,,
trashnet_train_paper414.jpg,TrashNet,image_classification,train,PaperCardboard,paper,trashnet-master/trashnet-master/data/filtered_6class/train/PaperCardboard/paper414.jpg,,trashnet-master/trashnet-master/data/dataset-resized/paper/paper414.jpg,,,,,,,,
trashnet_train_paper51.jpg,TrashNet,image_classification,train,PaperCardboard,paper,trashnet-master/trashnet-master/data/filtered_6class/train/PaperCardboard/paper51.jpg,,trashnet-master/trashnet-master/data/dataset-resized/paper/paper51.jpg,,,,,,,,
trashnet_train_paper581.jpg,TrashNet,image_classification,train,PaperCardboard,paper,trashnet-master/trashnet-master/data/filtered_6class/train/PaperCardboard/paper581.jpg,,trashnet-master/trashnet-master/data/dataset-resized/paper/paper581.jpg,,,,,,,,
trashnet_train_cardboard144.jpg,TrashNet,image_classification,train,PaperCardboard,cardboard,trashnet-master/trashnet-master/data/filtered_6class/train/PaperCardboard/cardboard144.jpg,,trashnet-master/trashnet-master/data/dataset-resized/cardboard/cardboard144.jpg,,,,,,,,
trashnet_train_cardboard378.jpg,TrashNet,image_classification,train,PaperCardboard,cardboard,trashnet-master/trashnet-master/data/filtered_6class/train/PaperCardboard/cardboard378.jpg,,trashnet-master/trashnet-master/data/dataset-resized/cardboard/cardboard378.jpg,,,,,,,,
trashnet_train_paper184.jpg,TrashNet,image_classification,train,PaperCardboard,paper,trashnet-master/trashnet-master/data/filtered_6class/train/PaperCardboard/paper184.jpg,,trashnet-master/trashnet-master/data/dataset-resized/paper/paper184.jpg,,,,,,,,
trashnet_train_paper276.jpg,TrashNet,image_classification,train,PaperCardboard,paper,trashnet-master/trashnet-master/data/filtered_6class/train/PaperCardboard/paper276.jpg,,trashnet-master/trashnet-master/data/dataset-resized/paper/paper276.jpg,,,,,,,,
trashnet_train_cardboard299.jpg,TrashNet,image_classification,train,PaperCardboard,cardboard,trashnet-master/trashnet-master/data/filtered_6class/train/PaperCardboard/cardboard299.jpg,,trashnet-master/trashnet-master/data/dataset-resized/cardboard/cardboard299.jpg,,,,,,,,
trashnet_train_paper473.jpg,TrashNet,image_classification,train,PaperCardboard,paper,trashnet-master/trashnet-master/data/filtered_6class/train/PaperCardboard/paper473.jpg,,trashnet-master/trashnet-master/data/dataset-resized/paper/paper473.jpg,,,,,,,,
trashnet_train_paper348.jpg,TrashNet,image_classification,train,PaperCardboard,paper,trashnet-master/trashnet-master/data/filtered_6class/train/PaperCardboard/paper348.jpg,,trashnet-master/trashnet-master/data/dataset-resized/paper/paper348.jpg,,,,,,,,
trashnet_train_cardboard332.jpg,TrashNet,image_classification,train,PaperCardboard,cardboard,trashnet-master/trashnet-master/data/filtered_6class/train/PaperCardboard/cardboard332.jpg,,trashnet-master/trashnet-master/data/dataset-resized/cardboard/cardboard332.jpg,,,,,,,,
trashnet_train_paper115.jpg,TrashNet,image_classification,train,PaperCardboard,paper,trashnet-master/trashnet-master/data/filtered_6class/train/PaperCardboard/paper115.jpg,,trashnet-master/trashnet-master/data/dataset-resized/paper/paper115.jpg,,,,,,,,
trashnet_train_paper563.jpg,TrashNet,image_classification,train,PaperCardboard,paper,trashnet-master/trashnet-master/data/filtered_6class/train/PaperCardboard/paper563.jpg,,trashnet-master/trashnet-master/data/dataset-resized/paper/paper563.jpg,,,,,,,,
trashnet_train_cardboard36.jpg,TrashNet,image_classification,train,PaperCardboard,cardboard,trashnet-master/trashnet-master/data/filtered_6class/train/PaperCardboard/cardboard36.jpg,,trashnet-master/trashnet-master/data/dataset-resized/cardboard/cardboard36.jpg,,,,,,,,
trashnet_train_paper428.jpg,TrashNet,image_classification,train,PaperCardboard,paper,trashnet-master/trashnet-master/data/filtered_6class/train/PaperCardboard/paper428.jpg,,trashnet-master/trashnet-master/data/dataset-resized/paper/paper428.jpg,,,,,,,,
trashnet_train_paper58.jpg,TrashNet,image_classification,train,PaperCardboard,paper,trashnet-master/trashnet-master/data/filtered_6class/train/PaperCardboard/paper58.jpg,,trashnet-master/trashnet-master/data/dataset-resized/paper/paper58.jpg,,,,,,,,
trashnet_train_cardboard365.jpg,TrashNet,image_classification,train,PaperCardboard,cardboard,trashnet-master/trashnet-master/data/filtered_6class/train/PaperCardboard/cardboard365.jpg,,trashnet-master/trashnet-master/data/dataset-resized/cardboard/cardboard365.jpg,,,,,,,,
trashnet_train_cardboard5.jpg,TrashNet,image_classification,train,PaperCardboard,cardboard,trashnet-master/trashnet-master/data/filtered_6class/train/PaperCardboard/cardboard5.jpg,,trashnet-master/trashnet-master/data/dataset-resized/cardboard/cardboard5.jpg,,,,,,,,
trashnet_train_cardboard366.jpg,TrashNet,image_classification,train,PaperCardboard,cardboard,trashnet-master/trashnet-master/data/filtered_6class/train/PaperCardboard/cardboard366.jpg,,trashnet-master/trashnet-master/data/dataset-resized/cardboard/cardboard366.jpg,,,,,,,,
trashnet_train_paper329.jpg,TrashNet,image_classification,train,PaperCardboard,paper,trashnet-master/trashnet-master/data/filtered_6class/train/PaperCardboard/paper329.jpg,,trashnet-master/trashnet-master/data/dataset-resized/paper/paper329.jpg,,,,,,,,
trashnet_train_cardboard364.jpg,TrashNet,image_classification,train,PaperCardboard,cardboard,trashnet-master/trashnet-master/data/filtered_6class/train/PaperCardboard/cardboard364.jpg,,trashnet-master/trashnet-master/data/dataset-resized/cardboard/cardboard364.jpg,,,,,,,,
trashnet_train_paper114.jpg,TrashNet,image_classification,train,PaperCardboard,paper,trashnet-master/trashnet-master/data/filtered_6class/train/PaperCardboard/paper114.jpg,,trashnet-master/trashnet-master/data/dataset-resized/paper/paper114.jpg,,,,,,,,
trashnet_train_paper377.jpg,TrashNet,image_classification,train,PaperCardboard,paper,trashnet-master/trashnet-master/data/filtered_6class/train/PaperCardboard/paper377.jpg,,trashnet-master/trashnet-master/data/dataset-resized/paper/paper377.jpg,,,,,,,,
trashnet_train_paper88.jpg,TrashNet,image_classification,train,PaperCardboard,paper,trashnet-master/trashnet-master/data/filtered_6class/train/PaperCardboard/paper88.jpg,,trashnet-master/trashnet-master/data/dataset-resized/paper/paper88.jpg,,,,,,,,
trashnet_train_cardboard205.jpg,TrashNet,image_classification,train,PaperCardboard,cardboard,trashnet-master/trashnet-master/data/filtered_6class/train/PaperCardboard/cardboard205.jpg,,trashnet-master/trashnet-master/data/dataset-resized/cardboard/cardboard205.jpg,,,,,,,,
trashnet_train_cardboard16.jpg,TrashNet,image_classification,train,PaperCardboard,cardboard,trashnet-master/trashnet-master/data/filtered_6class/train/PaperCardboard/cardboard16.jpg,,trashnet-master/trashnet-master/data/dataset-resized/cardboard/cardboard16.jpg,,,,,,,,
trashnet_train_cardboard231.jpg,TrashNet,image_classification,train,PaperCardboard,cardboard,trashnet-master/trashnet-master/data/filtered_6class/train/PaperCardboard/cardboard231.jpg,,trashnet-master/trashnet-master/data/dataset-resized/cardboard/cardboard231.jpg,,,,,,,,
trashnet_train_cardboard25.jpg,TrashNet,image_classification,train,PaperCardboard,cardboard,trashnet-master/trashnet-master/data/filtered_6class/train/PaperCardboard/cardboard25.jpg,,trashnet-master/trashnet-master/data/dataset-resized/cardboard/cardboard25.jpg,,,,,,,,
trashnet_train_paper380.jpg,TrashNet,image_classification,train,PaperCardboard,paper,trashnet-master/trashnet-master/data/filtered_6class/train/PaperCardboard/paper380.jpg,,trashnet-master/trashnet-master/data/dataset-resized/paper/paper380.jpg,,,,,,,,
trashnet_train_paper526.jpg,TrashNet,image_classification,train,PaperCardboard,paper,trashnet-master/trashnet-master/data/filtered_6class/train/PaperCardboard/paper526.jpg,,trashnet-master/trashnet-master/data/dataset-resized/paper/paper526.jpg,,,,,,,,
trashnet_train_paper393.jpg,TrashNet,image_classification,train,PaperCardboard,paper,trashnet-master/trashnet-master/data/filtered_6class/train/PaperCardboard/paper393.jpg,,trashnet-master/trashnet-master/data/dataset-resized/paper/paper393.jpg,,,,,,,,
trashnet_train_paper407.jpg,TrashNet,image_classification,train,PaperCardboard,paper,trashnet-master/trashnet-master/data/filtered_6class/train/PaperCardboard/paper407.jpg,,trashnet-master/trashnet-master/data/dataset-resized/paper/paper407.jpg,,,,,,,,
trashnet_train_cardboard272.jpg,TrashNet,image_classification,train,PaperCardboard,cardboard,trashnet-master/trashnet-master/data/filtered_6class/train/PaperCardboard/cardboard272.jpg,,trashnet-master/trashnet-master/data/dataset-resized/cardboard/cardboard272.jpg,,,,,,,,
trashnet_train_cardboard289.jpg,TrashNet,image_classification,train,PaperCardboard,cardboard,trashnet-master/trashnet-master/data/filtered_6class/train/PaperCardboard/cardboard289.jpg,,trashnet-master/trashnet-master/data/dataset-resized/cardboard/cardboard289.jpg,,,,,,,,
trashnet_train_paper390.jpg,TrashNet,image_classification,train,PaperCardboard,paper,trashnet-master/trashnet-master/data/filtered_6class/train/PaperCardboard/paper390.jpg,,trashnet-master/trashnet-master/data/dataset-resized/paper/paper390.jpg,,,,,,,,
trashnet_train_cardboard114.jpg,TrashNet,image_classification,train,PaperCardboard,cardboard,trashnet-master/trashnet-master/data/filtered_6class/train/PaperCardboard/cardboard114.jpg,,trashnet-master/trashnet-master/data/dataset-resized/cardboard/cardboard114.jpg,,,,,,,,
trashnet_train_cardboard398.jpg,TrashNet,image_classification,train,PaperCardboard,cardboard,trashnet-master/trashnet-master/data/filtered_6class/train/PaperCardboard/cardboard398.jpg,,trashnet-master/trashnet-master/data/dataset-resized/cardboard/cardboard398.jpg,,,,,,,,
trashnet_train_paper85.jpg,TrashNet,image_classification,train,PaperCardboard,paper,trashnet-master/trashnet-master/data/filtered_6class/train/PaperCardboard/paper85.jpg,,trashnet-master/trashnet-master/data/dataset-resized/paper/paper85.jpg,,,,,,,,
trashnet_train_cardboard171.jpg,TrashNet,image_classification,train,PaperCardboard,cardboard,trashnet-master/trashnet-master/data/filtered_6class/train/PaperCardboard/cardboard171.jpg,,trashnet-master/trashnet-master/data/dataset-resized/cardboard/cardboard171.jpg,,,,,,,,
trashnet_train_paper349.jpg,TrashNet,image_classification,train,PaperCardboard,paper,trashnet-master/trashnet-master/data/filtered_6class/train/PaperCardboard/paper349.jpg,,trashnet-master/trashnet-master/data/dataset-resized/paper/paper349.jpg,,,,,,,,
trashnet_train_paper277.jpg,TrashNet,image_classification,train,PaperCardboard,paper,trashnet-master/trashnet-master/data/filtered_6class/train/PaperCardboard/paper277.jpg,,trashnet-master/trashnet-master/data/dataset-resized/paper/paper277.jpg,,,,,,,,
trashnet_train_paper338.jpg,TrashNet,image_classification,train,PaperCardboard,paper,trashnet-master/trashnet-master/data/filtered_6class/train/PaperCardboard/paper338.jpg,,trashnet-master/trashnet-master/data/dataset-resized/paper/paper338.jpg,,,,,,,,
trashnet_train_cardboard379.jpg,TrashNet,image_classification,train,PaperCardboard,cardboard,trashnet-master/trashnet-master/data/filtered_6class/train/PaperCardboard/cardboard379.jpg,,trashnet-master/trashnet-master/data/dataset-resized/cardboard/cardboard379.jpg,,,,,,,,
trashnet_train_paper367.jpg,TrashNet,image_classification,train,PaperCardboard,paper,trashnet-master/trashnet-master/data/filtered_6class/train/PaperCardboard/paper367.jpg,,trashnet-master/trashnet-master/data/dataset-resized/paper/paper367.jpg,,,,,,,,
trashnet_train_paper53.jpg,TrashNet,image_classification,train,PaperCardboard,paper,trashnet-master/trashnet-master/data/filtered_6class/train/PaperCardboard/paper53.jpg,,trashnet-master/trashnet-master/data/dataset-resized/paper/paper53.jpg,,,,,,,,
trashnet_train_cardboard232.jpg,TrashNet,image_classification,train,PaperCardboard,cardboard,trashnet-master/trashnet-master/data/filtered_6class/train/PaperCardboard/cardboard232.jpg,,trashnet-master/trashnet-master/data/dataset-resized/cardboard/cardboard232.jpg,,,,,,,,
trashnet_train_cardboard55.jpg,TrashNet,image_classification,train,PaperCardboard,cardboard,trashnet-master/trashnet-master/data/filtered_6class/train/PaperCardboard/cardboard55.jpg,,trashnet-master/trashnet-master/data/dataset-resized/cardboard/cardboard55.jpg,,,,,,,,
trashnet_train_cardboard119.jpg,TrashNet,image_classification,train,PaperCardboard,cardboard,trashnet-master/trashnet-master/data/filtered_6class/train/PaperCardboard/cardboard119.jpg,,trashnet-master/trashnet-master/data/dataset-resized/cardboard/cardboard119.jpg,,,,,,,,
trashnet_train_cardboard263.jpg,TrashNet,image_classification,train,PaperCardboard,cardboard,trashnet-master/trashnet-master/data/filtered_6class/train/PaperCardboard/cardboard263.jpg,,trashnet-master/trashnet-master/data/dataset-resized/cardboard/cardboard263.jpg,,,,,,,,
trashnet_train_cardboard257.jpg,TrashNet,image_classification,train,PaperCardboard,cardboard,trashnet-master/trashnet-master/data/filtered_6class/train/PaperCardboard/cardboard257.jpg,,trashnet-master/trashnet-master/data/dataset-resized/cardboard/cardboard257.jpg,,,,,,,,
trashnet_train_cardboard54.jpg,TrashNet,image_classification,train,PaperCardboard,cardboard,trashnet-master/trashnet-master/data/filtered_6class/train/PaperCardboard/cardboard54.jpg,,trashnet-master/trashnet-master/data/dataset-resized/cardboard/cardboard54.jpg,,,,,,,,
trashnet_train_paper311.jpg,TrashNet,image_classification,train,PaperCardboard,paper,trashnet-master/trashnet-master/data/filtered_6class/train/PaperCardboard/paper311.jpg,,trashnet-master/trashnet-master/data/dataset-resized/paper/paper311.jpg,,,,,,,,
trashnet_train_cardboard130.jpg,TrashNet,image_classification,train,PaperCardboard,cardboard,trashnet-master/trashnet-master/data/filtered_6class/train/PaperCardboard/cardboard130.jpg,,trashnet-master/trashnet-master/data/dataset-resized/cardboard/cardboard130.jpg,,,,,,,,
trashnet_train_paper153.jpg,TrashNet,image_classification,train,PaperCardboard,paper,trashnet-master/trashnet-master/data/filtered_6class/train/PaperCardboard/paper153.jpg,,trashnet-master/trashnet-master/data/dataset-resized/paper/paper153.jpg,,,,,,,,
trashnet_train_paper529.jpg,TrashNet,image_classification,train,PaperCardboard,paper,trashnet-master/trashnet-master/data/filtered_6class/train/PaperCardboard/paper529.jpg,,trashnet-master/trashnet-master/data/dataset-resized/paper/paper529.jpg,,,,,,,,
trashnet_train_cardboard337.jpg,TrashNet,image_classification,train,PaperCardboard,cardboard,trashnet-master/trashnet-master/data/filtered_6class/train/PaperCardboard/cardboard337.jpg,,trashnet-master/trashnet-master/data/dataset-resized/cardboard/cardboard337.jpg,,,,,,,,
trashnet_train_paper248.jpg,TrashNet,image_classification,train,PaperCardboard,paper,trashnet-master/trashnet-master/data/filtered_6class/train/PaperCardboard/paper248.jpg,,trashnet-master/trashnet-master/data/dataset-resized/paper/paper248.jpg,,,,,,,,
trashnet_train_paper288.jpg,TrashNet,image_classification,train,PaperCardboard,paper,trashnet-master/trashnet-master/data/filtered_6class/train/PaperCardboard/paper288.jpg,,trashnet-master/trashnet-master/data/dataset-resized/paper/paper288.jpg,,,,,,,,
trashnet_train_paper267.jpg,TrashNet,image_classification,train,PaperCardboard,paper,trashnet-master/trashnet-master/data/filtered_6class/train/PaperCardboard/paper267.jpg,,trashnet-master/trashnet-master/data/dataset-resized/paper/paper267.jpg,,,,,,,,
trashnet_train_paper493.jpg,TrashNet,image_classification,train,PaperCardboard,paper,trashnet-master/trashnet-master/data/filtered_6class/train/PaperCardboard/paper493.jpg,,trashnet-master/trashnet-master/data/dataset-resized/paper/paper493.jpg,,,,,,,,
trashnet_train_paper362.jpg,TrashNet,image_classification,train,PaperCardboard,paper,trashnet-master/trashnet-master/data/filtered_6class/train/PaperCardboard/paper362.jpg,,trashnet-master/trashnet-master/data/dataset-resized/paper/paper362.jpg,,,,,,,,
trashnet_train_paper278.jpg,TrashNet,image_classification,train,PaperCardboard,paper,trashnet-master/trashnet-master/data/filtered_6class/train/PaperCardboard/paper278.jpg,,trashnet-master/trashnet-master/data/dataset-resized/paper/paper278.jpg,,,,,,,,
trashnet_train_cardboard200.jpg,TrashNet,image_classification,train,PaperCardboard,cardboard,trashnet-master/trashnet-master/data/filtered_6class/train/PaperCardboard/cardboard200.jpg,,trashnet-master/trashnet-master/data/dataset-resized/cardboard/cardboard200.jpg,,,,,,,,
trashnet_train_cardboard301.jpg,TrashNet,image_classification,train,PaperCardboard,cardboard,trashnet-master/trashnet-master/data/filtered_6class/train/PaperCardboard/cardboard301.jpg,,trashnet-master/trashnet-master/data/dataset-resized/cardboard/cardboard301.jpg,,,,,,,,
trashnet_train_cardboard59.jpg,TrashNet,image_classification,train,PaperCardboard,cardboard,trashnet-master/trashnet-master/data/filtered_6class/train/PaperCardboard/cardboard59.jpg,,trashnet-master/trashnet-master/data/dataset-resized/cardboard/cardboard59.jpg,,,,,,,,
trashnet_train_cardboard127.jpg,TrashNet,image_classification,train,PaperCardboard,cardboard,trashnet-master/trashnet-master/data/filtered_6class/train/PaperCardboard/cardboard127.jpg,,trashnet-master/trashnet-master/data/dataset-resized/cardboard/cardboard127.jpg,,,,,,,,
trashnet_train_cardboard269.jpg,TrashNet,image_classification,train,PaperCardboard,cardboard,trashnet-master/trashnet-master/data/filtered_6class/train/PaperCardboard/cardboard269.jpg,,trashnet-master/trashnet-master/data/dataset-resized/cardboard/cardboard269.jpg,,,,,,,,
trashnet_train_cardboard323.jpg,TrashNet,image_classification,train,PaperCardboard,cardboard,trashnet-master/trashnet-master/data/filtered_6class/train/PaperCardboard/cardboard323.jpg,,trashnet-master/trashnet-master/data/dataset-resized/cardboard/cardboard323.jpg,,,,,,,,
trashnet_train_cardboard271.jpg,TrashNet,image_classification,train,PaperCardboard,cardboard,trashnet-master/trashnet-master/data/filtered_6class/train/PaperCardboard/cardboard271.jpg,,trashnet-master/trashnet-master/data/dataset-resized/cardboard/cardboard271.jpg,,,,,,,,
trashnet_train_paper116.jpg,TrashNet,image_classification,train,PaperCardboard,paper,trashnet-master/trashnet-master/data/filtered_6class/train/PaperCardboard/paper116.jpg,,trashnet-master/trashnet-master/data/dataset-resized/paper/paper116.jpg,,,,,,,,
trashnet_train_cardboard61.jpg,TrashNet,image_classification,train,PaperCardboard,cardboard,trashnet-master/trashnet-master/data/filtered_6class/train/PaperCardboard/cardboard61.jpg,,trashnet-master/trashnet-master/data/dataset-resized/cardboard/cardboard61.jpg,,,,,,,,
trashnet_train_paper279.jpg,TrashNet,image_classification,train,PaperCardboard,paper,trashnet-master/trashnet-master/data/filtered_6class/train/PaperCardboard/paper279.jpg,,trashnet-master/trashnet-master/data/dataset-resized/paper/paper279.jpg,,,,,,,,
trashnet_train_paper176.jpg,TrashNet,image_classification,train,PaperCardboard,paper,trashnet-master/trashnet-master/data/filtered_6class/train/PaperCardboard/paper176.jpg,,trashnet-master/trashnet-master/data/dataset-resized/paper/paper176.jpg,,,,,,,,
trashnet_train_paper551.jpg,TrashNet,image_classification,train,PaperCardboard,paper,trashnet-master/trashnet-master/data/filtered_6class/train/PaperCardboard/paper551.jpg,,trashnet-master/trashnet-master/data/dataset-resized/paper/paper551.jpg,,,,,,,,
trashnet_train_cardboard328.jpg,TrashNet,image_classification,train,PaperCardboard,cardboard,trashnet-master/trashnet-master/data/filtered_6class/train/PaperCardboard/cardboard328.jpg,,trashnet-master/trashnet-master/data/dataset-resized/cardboard/cardboard328.jpg,,,,,,,,
trashnet_train_paper424.jpg,TrashNet,image_classification,train,PaperCardboard,paper,trashnet-master/trashnet-master/data/filtered_6class/train/PaperCardboard/paper424.jpg,,trashnet-master/trashnet-master/data/dataset-resized/paper/paper424.jpg,,,,,,,,
trashnet_train_paper456.jpg,TrashNet,image_classification,train,PaperCardboard,paper,trashnet-master/trashnet-master/data/filtered_6class/train/PaperCardboard/paper456.jpg,,trashnet-master/trashnet-master/data/dataset-resized/paper/paper456.jpg,,,,,,,,
trashnet_train_cardboard235.jpg,TrashNet,image_classification,train,PaperCardboard,cardboard,trashnet-master/trashnet-master/data/filtered_6class/train/PaperCardboard/cardboard235.jpg,,trashnet-master/trashnet-master/data/dataset-resized/cardboard/cardboard235.jpg,,,,,,,,
trashnet_train_cardboard282.jpg,TrashNet,image_classification,train,PaperCardboard,cardboard,trashnet-master/trashnet-master/data/filtered_6class/train/PaperCardboard/cardboard282.jpg,,trashnet-master/trashnet-master/data/dataset-resized/cardboard/cardboard282.jpg,,,,,,,,
trashnet_train_paper337.jpg,TrashNet,image_classification,train,PaperCardboard,paper,trashnet-master/trashnet-master/data/filtered_6class/train/PaperCardboard/paper337.jpg,,trashnet-master/trashnet-master/data/dataset-resized/paper/paper337.jpg,,,,,,,,
trashnet_train_cardboard33.jpg,TrashNet,image_classification,train,PaperCardboard,cardboard,trashnet-master/trashnet-master/data/filtered_6class/train/PaperCardboard/cardboard33.jpg,,trashnet-master/trashnet-master/data/dataset-resized/cardboard/cardboard33.jpg,,,,,,,,
trashnet_train_paper148.jpg,TrashNet,image_classification,train,PaperCardboard,paper,trashnet-master/trashnet-master/data/filtered_6class/train/PaperCardboard/paper148.jpg,,trashnet-master/trashnet-master/data/dataset-resized/paper/paper148.jpg,,,,,,,,
trashnet_train_cardboard17.jpg,TrashNet,image_classification,train,PaperCardboard,cardboard,trashnet-master/trashnet-master/data/filtered_6class/train/PaperCardboard/cardboard17.jpg,,trashnet-master/trashnet-master/data/dataset-resized/cardboard/cardboard17.jpg,,,,,,,,
trashnet_train_paper14.jpg,TrashNet,image_classification,train,PaperCardboard,paper,trashnet-master/trashnet-master/data/filtered_6class/train/PaperCardboard/paper14.jpg,,trashnet-master/trashnet-master/data/dataset-resized/paper/paper14.jpg,,,,,,,,
trashnet_train_cardboard149.jpg,TrashNet,image_classification,train,PaperCardboard,cardboard,trashnet-master/trashnet-master/data/filtered_6class/train/PaperCardboard/cardboard149.jpg,,trashnet-master/trashnet-master/data/dataset-resized/cardboard/cardboard149.jpg,,,,,,,,
trashnet_train_cardboard382.jpg,TrashNet,image_classification,train,PaperCardboard,cardboard,trashnet-master/trashnet-master/data/filtered_6class/train/PaperCardboard/cardboard382.jpg,,trashnet-master/trashnet-master/data/dataset-resized/cardboard/cardboard382.jpg,,,,,,,,
trashnet_train_paper178.jpg,TrashNet,image_classification,train,PaperCardboard,paper,trashnet-master/trashnet-master/data/filtered_6class/train/PaperCardboard/paper178.jpg,,trashnet-master/trashnet-master/data/dataset-resized/paper/paper178.jpg,,,,,,,,
trashnet_train_paper403.jpg,TrashNet,image_classification,train,PaperCardboard,paper,trashnet-master/trashnet-master/data/filtered_6class/train/PaperCardboard/paper403.jpg,,trashnet-master/trashnet-master/data/dataset-resized/paper/paper403.jpg,,,,,,,,
trashnet_train_paper108.jpg,TrashNet,image_classification,train,PaperCardboard,paper,trashnet-master/trashnet-master/data/filtered_6class/train/PaperCardboard/paper108.jpg,,trashnet-master/trashnet-master/data/dataset-resized/paper/paper108.jpg,,,,,,,,
trashnet_train_cardboard395.jpg,TrashNet,image_classification,train,PaperCardboard,cardboard,trashnet-master/trashnet-master/data/filtered_6class/train/PaperCardboard/cardboard395.jpg,,trashnet-master/trashnet-master/data/dataset-resized/cardboard/cardboard395.jpg,,,,,,,,
trashnet_train_paper437.jpg,TrashNet,image_classification,train,PaperCardboard,paper,trashnet-master/trashnet-master/data/filtered_6class/train/PaperCardboard/paper437.jpg,,trashnet-master/trashnet-master/data/dataset-resized/paper/paper437.jpg,,,,,,,,
trashnet_train_cardboard31.jpg,TrashNet,image_classification,train,PaperCardboard,cardboard,trashnet-master/trashnet-master/data/filtered_6class/train/PaperCardboard/cardboard31.jpg,,trashnet-master/trashnet-master/data/dataset-resized/cardboard/cardboard31.jpg,,,,,,,,
trashnet_train_paper291.jpg,TrashNet,image_classification,train,PaperCardboard,paper,trashnet-master/trashnet-master/data/filtered_6class/train/PaperCardboard/paper291.jpg,,trashnet-master/trashnet-master/data/dataset-resized/paper/paper291.jpg,,,,,,,,
trashnet_train_paper286.jpg,TrashNet,image_classification,train,PaperCardboard,paper,trashnet-master/trashnet-master/data/filtered_6class/train/PaperCardboard/paper286.jpg,,trashnet-master/trashnet-master/data/dataset-resized/paper/paper286.jpg,,,,,,,,
trashnet_train_cardboard48.jpg,TrashNet,image_classification,train,PaperCardboard,cardboard,trashnet-master/trashnet-master/data/filtered_6class/train/PaperCardboard/cardboard48.jpg,,trashnet-master/trashnet-master/data/dataset-resized/cardboard/cardboard48.jpg,,,,,,,,
trashnet_train_paper77.jpg,TrashNet,image_classification,train,PaperCardboard,paper,trashnet-master/trashnet-master/data/filtered_6class/train/PaperCardboard/paper77.jpg,,trashnet-master/trashnet-master/data/dataset-resized/paper/paper77.jpg,,,,,,,,
trashnet_train_paper134.jpg,TrashNet,image_classification,train,PaperCardboard,paper,trashnet-master/trashnet-master/data/filtered_6class/train/PaperCardboard/paper134.jpg,,trashnet-master/trashnet-master/data/dataset-resized/paper/paper134.jpg,,,,,,,,
trashnet_train_cardboard147.jpg,TrashNet,image_classification,train,PaperCardboard,cardboard,trashnet-master/trashnet-master/data/filtered_6class/train/PaperCardboard/cardboard147.jpg,,trashnet-master/trashnet-master/data/dataset-resized/cardboard/cardboard147.jpg,,,,,,,,
trashnet_train_cardboard18.jpg,TrashNet,image_classification,train,PaperCardboard,cardboard,trashnet-master/trashnet-master/data/filtered_6class/train/PaperCardboard/cardboard18.jpg,,trashnet-master/trashnet-master/data/dataset-resized/cardboard/cardboard18.jpg,,,,,,,,
trashnet_train_paper30.jpg,TrashNet,image_classification,train,PaperCardboard,paper,trashnet-master/trashnet-master/data/filtered_6class/train/PaperCardboard/paper30.jpg,,trashnet-master/trashnet-master/data/dataset-resized/paper/paper30.jpg,,,,,,,,
trashnet_train_paper59.jpg,TrashNet,image_classification,train,PaperCardboard,paper,trashnet-master/trashnet-master/data/filtered_6class/train/PaperCardboard/paper59.jpg,,trashnet-master/trashnet-master/data/dataset-resized/paper/paper59.jpg,,,,,,,,
trashnet_train_cardboard256.jpg,TrashNet,image_classification,train,PaperCardboard,cardboard,trashnet-master/trashnet-master/data/filtered_6class/train/PaperCardboard/cardboard256.jpg,,trashnet-master/trashnet-master/data/dataset-resized/cardboard/cardboard256.jpg,,,,,,,,
trashnet_train_cardboard223.jpg,TrashNet,image_classification,train,PaperCardboard,cardboard,trashnet-master/trashnet-master/data/filtered_6class/train/PaperCardboard/cardboard223.jpg,,trashnet-master/trashnet-master/data/dataset-resized/cardboard/cardboard223.jpg,,,,,,,,
trashnet_train_paper462.jpg,TrashNet,image_classification,train,PaperCardboard,paper,trashnet-master/trashnet-master/data/filtered_6class/train/PaperCardboard/paper462.jpg,,trashnet-master/trashnet-master/data/dataset-resized/paper/paper462.jpg,,,,,,,,
trashnet_train_cardboard362.jpg,TrashNet,image_classification,train,PaperCardboard,cardboard,trashnet-master/trashnet-master/data/filtered_6class/train/PaperCardboard/cardboard362.jpg,,trashnet-master/trashnet-master/data/dataset-resized/cardboard/cardboard362.jpg,,,,,,,,
trashnet_train_paper575.jpg,TrashNet,image_classification,train,PaperCardboard,paper,trashnet-master/trashnet-master/data/filtered_6class/train/PaperCardboard/paper575.jpg,,trashnet-master/trashnet-master/data/dataset-resized/paper/paper575.jpg,,,,,,,,
trashnet_train_cardboard117.jpg,TrashNet,image_classification,train,PaperCardboard,cardboard,trashnet-master/trashnet-master/data/filtered_6class/train/PaperCardboard/cardboard117.jpg,,trashnet-master/trashnet-master/data/dataset-resized/cardboard/cardboard117.jpg,,,,,,,,
trashnet_train_cardboard74.jpg,TrashNet,image_classification,train,PaperCardboard,cardboard,trashnet-master/trashnet-master/data/filtered_6class/train/PaperCardboard/cardboard74.jpg,,trashnet-master/trashnet-master/data/dataset-resized/cardboard/cardboard74.jpg,,,,,,,,
trashnet_train_cardboard106.jpg,TrashNet,image_classification,train,PaperCardboard,cardboard,trashnet-master/trashnet-master/data/filtered_6class/train/PaperCardboard/cardboard106.jpg,,trashnet-master/trashnet-master/data/dataset-resized/cardboard/cardboard106.jpg,,,,,,,,
trashnet_train_cardboard354.jpg,TrashNet,image_classification,train,PaperCardboard,cardboard,trashnet-master/trashnet-master/data/filtered_6class/train/PaperCardboard/cardboard354.jpg,,trashnet-master/trashnet-master/data/dataset-resized/cardboard/cardboard354.jpg,,,,,,,,
trashnet_train_paper18.jpg,TrashNet,image_classification,train,PaperCardboard,paper,trashnet-master/trashnet-master/data/filtered_6class/train/PaperCardboard/paper18.jpg,,trashnet-master/trashnet-master/data/dataset-resized/paper/paper18.jpg,,,,,,,,
trashnet_train_cardboard298.jpg,TrashNet,image_classification,train,PaperCardboard,cardboard,trashnet-master/trashnet-master/data/filtered_6class/train/PaperCardboard/cardboard298.jpg,,trashnet-master/trashnet-master/data/dataset-resized/cardboard/cardboard298.jpg,,,,,,,,
trashnet_train_paper328.jpg,TrashNet,image_classification,train,PaperCardboard,paper,trashnet-master/trashnet-master/data/filtered_6class/train/PaperCardboard/paper328.jpg,,trashnet-master/trashnet-master/data/dataset-resized/paper/paper328.jpg,,,,,,,,
trashnet_train_paper373.jpg,TrashNet,image_classification,train,PaperCardboard,paper,trashnet-master/trashnet-master/data/filtered_6class/train/PaperCardboard/paper373.jpg,,trashnet-master/trashnet-master/data/dataset-resized/paper/paper373.jpg,,,,,,,,
trashnet_train_cardboard70.jpg,TrashNet,image_classification,train,PaperCardboard,cardboard,trashnet-master/trashnet-master/data/filtered_6class/train/PaperCardboard/cardboard70.jpg,,trashnet-master/trashnet-master/data/dataset-resized/cardboard/cardboard70.jpg,,,,,,,,
trashnet_train_paper25.jpg,TrashNet,image_classification,train,PaperCardboard,paper,trashnet-master/trashnet-master/data/filtered_6class/train/PaperCardboard/paper25.jpg,,trashnet-master/trashnet-master/data/dataset-resized/paper/paper25.jpg,,,,,,,,
trashnet_train_cardboard345.jpg,TrashNet,image_classification,train,PaperCardboard,cardboard,trashnet-master/trashnet-master/data/filtered_6class/train/PaperCardboard/cardboard345.jpg,,trashnet-master/trashnet-master/data/dataset-resized/cardboard/cardboard345.jpg,,,,,,,,
trashnet_train_paper484.jpg,TrashNet,image_classification,train,PaperCardboard,paper,trashnet-master/trashnet-master/data/filtered_6class/train/PaperCardboard/paper484.jpg,,trashnet-master/trashnet-master/data/dataset-resized/paper/paper484.jpg,,,,,,,,
trashnet_train_cardboard246.jpg,TrashNet,image_classification,train,PaperCardboard,cardboard,trashnet-master/trashnet-master/data/filtered_6class/train/PaperCardboard/cardboard246.jpg,,trashnet-master/trashnet-master/data/dataset-resized/cardboard/cardboard246.jpg,,,,,,,,
trashnet_train_cardboard187.jpg,TrashNet,image_classification,train,PaperCardboard,cardboard,trashnet-master/trashnet-master/data/filtered_6class/train/PaperCardboard/cardboard187.jpg,,trashnet-master/trashnet-master/data/dataset-resized/cardboard/cardboard187.jpg,,,,,,,,
trashnet_train_paper542.jpg,TrashNet,image_classification,train,PaperCardboard,paper,trashnet-master/trashnet-master/data/filtered_6class/train/PaperCardboard/paper542.jpg,,trashnet-master/trashnet-master/data/dataset-resized/paper/paper542.jpg,,,,,,,,
trashnet_train_paper193.jpg,TrashNet,image_classification,train,PaperCardboard,paper,trashnet-master/trashnet-master/data/filtered_6class/train/PaperCardboard/paper193.jpg,,trashnet-master/trashnet-master/data/dataset-resized/paper/paper193.jpg,,,,,,,,
trashnet_train_paper421.jpg,TrashNet,image_classification,train,PaperCardboard,paper,trashnet-master/trashnet-master/data/filtered_6class/train/PaperCardboard/paper421.jpg,,trashnet-master/trashnet-master/data/dataset-resized/paper/paper421.jpg,,,,,,,,
trashnet_train_paper124.jpg,TrashNet,image_classification,train,PaperCardboard,paper,trashnet-master/trashnet-master/data/filtered_6class/train/PaperCardboard/paper124.jpg,,trashnet-master/trashnet-master/data/dataset-resized/paper/paper124.jpg,,,,,,,,
trashnet_train_cardboard350.jpg,TrashNet,image_classification,train,PaperCardboard,cardboard,trashnet-master/trashnet-master/data/filtered_6class/train/PaperCardboard/cardboard350.jpg,,trashnet-master/trashnet-master/data/dataset-resized/cardboard/cardboard350.jpg,,,,,,,,
trashnet_train_cardboard81.jpg,TrashNet,image_classification,train,PaperCardboard,cardboard,trashnet-master/trashnet-master/data/filtered_6class/train/PaperCardboard/cardboard81.jpg,,trashnet-master/trashnet-master/data/dataset-resized/cardboard/cardboard81.jpg,,,,,,,,
trashnet_train_cardboard353.jpg,TrashNet,image_classification,train,PaperCardboard,cardboard,trashnet-master/trashnet-master/data/filtered_6class/train/PaperCardboard/cardboard353.jpg,,trashnet-master/trashnet-master/data/dataset-resized/cardboard/cardboard353.jpg,,,,,,,,
trashnet_train_paper12.jpg,TrashNet,image_classification,train,PaperCardboard,paper,trashnet-master/trashnet-master/data/filtered_6class/train/PaperCardboard/paper12.jpg,,trashnet-master/trashnet-master/data/dataset-resized/paper/paper12.jpg,,,,,,,,
trashnet_train_cardboard312.jpg,TrashNet,image_classification,train,PaperCardboard,cardboard,trashnet-master/trashnet-master/data/filtered_6class/train/PaperCardboard/cardboard312.jpg,,trashnet-master/trashnet-master/data/dataset-resized/cardboard/cardboard312.jpg,,,,,,,,
trashnet_train_paper341.jpg,TrashNet,image_classification,train,PaperCardboard,paper,trashnet-master/trashnet-master/data/filtered_6class/train/PaperCardboard/paper341.jpg,,trashnet-master/trashnet-master/data/dataset-resized/paper/paper341.jpg,,,,,,,,
trashnet_train_paper587.jpg,TrashNet,image_classification,train,PaperCardboard,paper,trashnet-master/trashnet-master/data/filtered_6class/train/PaperCardboard/paper587.jpg,,trashnet-master/trashnet-master/data/dataset-resized/paper/paper587.jpg,,,,,,,,
trashnet_train_paper555.jpg,TrashNet,image_classification,train,PaperCardboard,paper,trashnet-master/trashnet-master/data/filtered_6class/train/PaperCardboard/paper555.jpg,,trashnet-master/trashnet-master/data/dataset-resized/paper/paper555.jpg,,,,,,,,
trashnet_train_cardboard72.jpg,TrashNet,image_classification,train,PaperCardboard,cardboard,trashnet-master/trashnet-master/data/filtered_6class/train/PaperCardboard/cardboard72.jpg,,trashnet-master/trashnet-master/data/dataset-resized/cardboard/cardboard72.jpg,,,,,,,,
trashnet_train_paper15.jpg,TrashNet,image_classification,train,PaperCardboard,paper,trashnet-master/trashnet-master/data/filtered_6class/train/PaperCardboard/paper15.jpg,,trashnet-master/trashnet-master/data/dataset-resized/paper/paper15.jpg,,,,,,,,
trashnet_train_cardboard47.jpg,TrashNet,image_classification,train,PaperCardboard,cardboard,trashnet-master/trashnet-master/data/filtered_6class/train/PaperCardboard/cardboard47.jpg,,trashnet-master/trashnet-master/data/dataset-resized/cardboard/cardboard47.jpg,,,,,,,,
trashnet_train_paper258.jpg,TrashNet,image_classification,train,PaperCardboard,paper,trashnet-master/trashnet-master/data/filtered_6class/train/PaperCardboard/paper258.jpg,,trashnet-master/trashnet-master/data/dataset-resized/paper/paper258.jpg,,,,,,,,
trashnet_train_paper474.jpg,TrashNet,image_classification,train,PaperCardboard,paper,trashnet-master/trashnet-master/data/filtered_6class/train/PaperCardboard/paper474.jpg,,trashnet-master/trashnet-master/data/dataset-resized/paper/paper474.jpg,,,,,,,,
trashnet_train_cardboard66.jpg,TrashNet,image_classification,train,PaperCardboard,cardboard,trashnet-master/trashnet-master/data/filtered_6class/train/PaperCardboard/cardboard66.jpg,,trashnet-master/trashnet-master/data/dataset-resized/cardboard/cardboard66.jpg,,,,,,,,
trashnet_train_cardboard118.jpg,TrashNet,image_classification,train,PaperCardboard,cardboard,trashnet-master/trashnet-master/data/filtered_6class/train/PaperCardboard/cardboard118.jpg,,trashnet-master/trashnet-master/data/dataset-resized/cardboard/cardboard118.jpg,,,,,,,,
trashnet_train_cardboard375.jpg,TrashNet,image_classification,train,PaperCardboard,cardboard,trashnet-master/trashnet-master/data/filtered_6class/train/PaperCardboard/cardboard375.jpg,,trashnet-master/trashnet-master/data/dataset-resized/cardboard/cardboard375.jpg,,,,,,,,
trashnet_train_cardboard169.jpg,TrashNet,image_classification,train,PaperCardboard,cardboard,trashnet-master/trashnet-master/data/filtered_6class/train/PaperCardboard/cardboard169.jpg,,trashnet-master/trashnet-master/data/dataset-resized/cardboard/cardboard169.jpg,,,,,,,,
trashnet_train_paper394.jpg,TrashNet,image_classification,train,PaperCardboard,paper,trashnet-master/trashnet-master/data/filtered_6class/train/PaperCardboard/paper394.jpg,,trashnet-master/trashnet-master/data/dataset-resized/paper/paper394.jpg,,,,,,,,
trashnet_train_paper379.jpg,TrashNet,image_classification,train,PaperCardboard,paper,trashnet-master/trashnet-master/data/filtered_6class/train/PaperCardboard/paper379.jpg,,trashnet-master/trashnet-master/data/dataset-resized/paper/paper379.jpg,,,,,,,,
trashnet_train_paper322.jpg,TrashNet,image_classification,train,PaperCardboard,paper,trashnet-master/trashnet-master/data/filtered_6class/train/PaperCardboard/paper322.jpg,,trashnet-master/trashnet-master/data/dataset-resized/paper/paper322.jpg,,,,,,,,
trashnet_train_paper590.jpg,TrashNet,image_classification,train,PaperCardboard,paper,trashnet-master/trashnet-master/data/filtered_6class/train/PaperCardboard/paper590.jpg,,trashnet-master/trashnet-master/data/dataset-resized/paper/paper590.jpg,,,,,,,,
trashnet_train_cardboard40.jpg,TrashNet,image_classification,train,PaperCardboard,cardboard,trashnet-master/trashnet-master/data/filtered_6class/train/PaperCardboard/cardboard40.jpg,,trashnet-master/trashnet-master/data/dataset-resized/cardboard/cardboard40.jpg,,,,,,,,
trashnet_train_paper426.jpg,TrashNet,image_classification,train,PaperCardboard,paper,trashnet-master/trashnet-master/data/filtered_6class/train/PaperCardboard/paper426.jpg,,trashnet-master/trashnet-master/data/dataset-resized/paper/paper426.jpg,,,,,,,,
trashnet_train_paper93.jpg,TrashNet,image_classification,train,PaperCardboard,paper,trashnet-master/trashnet-master/data/filtered_6class/train/PaperCardboard/paper93.jpg,,trashnet-master/trashnet-master/data/dataset-resized/paper/paper93.jpg,,,,,,,,
trashnet_train_paper98.jpg,TrashNet,image_classification,train,PaperCardboard,paper,trashnet-master/trashnet-master/data/filtered_6class/train/PaperCardboard/paper98.jpg,,trashnet-master/trashnet-master/data/dataset-resized/paper/paper98.jpg,,,,,,,,
trashnet_train_cardboard343.jpg,TrashNet,image_classification,train,PaperCardboard,cardboard,trashnet-master/trashnet-master/data/filtered_6class/train/PaperCardboard/cardboard343.jpg,,trashnet-master/trashnet-master/data/dataset-resized/cardboard/cardboard343.jpg,,,,,,,,
trashnet_train_paper588.jpg,TrashNet,image_classification,train,PaperCardboard,paper,trashnet-master/trashnet-master/data/filtered_6class/train/PaperCardboard/paper588.jpg,,trashnet-master/trashnet-master/data/dataset-resized/paper/paper588.jpg,,,,,,,,
trashnet_train_cardboard228.jpg,TrashNet,image_classification,train,PaperCardboard,cardboard,trashnet-master/trashnet-master/data/filtered_6class/train/PaperCardboard/cardboard228.jpg,,trashnet-master/trashnet-master/data/dataset-resized/cardboard/cardboard228.jpg,,,,,,,,
trashnet_train_cardboard188.jpg,TrashNet,image_classification,train,PaperCardboard,cardboard,trashnet-master/trashnet-master/data/filtered_6class/train/PaperCardboard/cardboard188.jpg,,trashnet-master/trashnet-master/data/dataset-resized/cardboard/cardboard188.jpg,,,,,,,,
trashnet_train_cardboard264.jpg,TrashNet,image_classification,train,PaperCardboard,cardboard,trashnet-master/trashnet-master/data/filtered_6class/train/PaperCardboard/cardboard264.jpg,,trashnet-master/trashnet-master/data/dataset-resized/cardboard/cardboard264.jpg,,,,,,,,
trashnet_train_paper514.jpg,TrashNet,image_classification,train,PaperCardboard,paper,trashnet-master/trashnet-master/data/filtered_6class/train/PaperCardboard/paper514.jpg,,trashnet-master/trashnet-master/data/dataset-resized/paper/paper514.jpg,,,,,,,,
trashnet_train_paper360.jpg,TrashNet,image_classification,train,PaperCardboard,paper,trashnet-master/trashnet-master/data/filtered_6class/train/PaperCardboard/paper360.jpg,,trashnet-master/trashnet-master/data/dataset-resized/paper/paper360.jpg,,,,,,,,
trashnet_train_paper516.jpg,TrashNet,image_classification,train,PaperCardboard,paper,trashnet-master/trashnet-master/data/filtered_6class/train/PaperCardboard/paper516.jpg,,trashnet-master/trashnet-master/data/dataset-resized/paper/paper516.jpg,,,,,,,,
trashnet_train_cardboard258.jpg,TrashNet,image_classification,train,PaperCardboard,cardboard,trashnet-master/trashnet-master/data/filtered_6class/train/PaperCardboard/cardboard258.jpg,,trashnet-master/trashnet-master/data/dataset-resized/cardboard/cardboard258.jpg,,,,,,,,
trashnet_train_paper27.jpg,TrashNet,image_classification,train,PaperCardboard,paper,trashnet-master/trashnet-master/data/filtered_6class/train/PaperCardboard/paper27.jpg,,trashnet-master/trashnet-master/data/dataset-resized/paper/paper27.jpg,,,,,,,,
trashnet_train_cardboard192.jpg,TrashNet,image_classification,train,PaperCardboard,cardboard,trashnet-master/trashnet-master/data/filtered_6class/train/PaperCardboard/cardboard192.jpg,,trashnet-master/trashnet-master/data/dataset-resized/cardboard/cardboard192.jpg,,,,,,,,
trashnet_train_cardboard194.jpg,TrashNet,image_classification,train,PaperCardboard,cardboard,trashnet-master/trashnet-master/data/filtered_6class/train/PaperCardboard/cardboard194.jpg,,trashnet-master/trashnet-master/data/dataset-resized/cardboard/cardboard194.jpg,,,,,,,,
trashnet_train_cardboard248.jpg,TrashNet,image_classification,train,PaperCardboard,cardboard,trashnet-master/trashnet-master/data/filtered_6class/train/PaperCardboard/cardboard248.jpg,,trashnet-master/trashnet-master/data/dataset-resized/cardboard/cardboard248.jpg,,,,,,,,
trashnet_train_paper292.jpg,TrashNet,image_classification,train,PaperCardboard,paper,trashnet-master/trashnet-master/data/filtered_6class/train/PaperCardboard/paper292.jpg,,trashnet-master/trashnet-master/data/dataset-resized/paper/paper292.jpg,,,,,,,,
trashnet_train_cardboard346.jpg,TrashNet,image_classification,train,PaperCardboard,cardboard,trashnet-master/trashnet-master/data/filtered_6class/train/PaperCardboard/cardboard346.jpg,,trashnet-master/trashnet-master/data/dataset-resized/cardboard/cardboard346.jpg,,,,,,,,
trashnet_train_cardboard97.jpg,TrashNet,image_classification,train,PaperCardboard,cardboard,trashnet-master/trashnet-master/data/filtered_6class/train/PaperCardboard/cardboard97.jpg,,trashnet-master/trashnet-master/data/dataset-resized/cardboard/cardboard97.jpg,,,,,,,,
trashnet_train_cardboard178.jpg,TrashNet,image_classification,train,PaperCardboard,cardboard,trashnet-master/trashnet-master/data/filtered_6class/train/PaperCardboard/cardboard178.jpg,,trashnet-master/trashnet-master/data/dataset-resized/cardboard/cardboard178.jpg,,,,,,,,
trashnet_train_cardboard91.jpg,TrashNet,image_classification,train,PaperCardboard,cardboard,trashnet-master/trashnet-master/data/filtered_6class/train/PaperCardboard/cardboard91.jpg,,trashnet-master/trashnet-master/data/dataset-resized/cardboard/cardboard91.jpg,,,,,,,,
trashnet_train_paper54.jpg,TrashNet,image_classification,train,PaperCardboard,paper,trashnet-master/trashnet-master/data/filtered_6class/train/PaperCardboard/paper54.jpg,,trashnet-master/trashnet-master/data/dataset-resized/paper/paper54.jpg,,,,,,,,
trashnet_train_cardboard167.jpg,TrashNet,image_classification,train,PaperCardboard,cardboard,trashnet-master/trashnet-master/data/filtered_6class/train/PaperCardboard/cardboard167.jpg,,trashnet-master/trashnet-master/data/dataset-resized/cardboard/cardboard167.jpg,,,,,,,,
trashnet_train_cardboard92.jpg,TrashNet,image_classification,train,PaperCardboard,cardboard,trashnet-master/trashnet-master/data/filtered_6class/train/PaperCardboard/cardboard92.jpg,,trashnet-master/trashnet-master/data/dataset-resized/cardboard/cardboard92.jpg,,,,,,,,
trashnet_train_paper130.jpg,TrashNet,image_classification,train,PaperCardboard,paper,trashnet-master/trashnet-master/data/filtered_6class/train/PaperCardboard/paper130.jpg,,trashnet-master/trashnet-master/data/dataset-resized/paper/paper130.jpg,,,,,,,,
trashnet_train_paper536.jpg,TrashNet,image_classification,train,PaperCardboard,paper,trashnet-master/trashnet-master/data/filtered_6class/train/PaperCardboard/paper536.jpg,,trashnet-master/trashnet-master/data/dataset-resized/paper/paper536.jpg,,,,,,,,
trashnet_train_paper430.jpg,TrashNet,image_classification,train,PaperCardboard,paper,trashnet-master/trashnet-master/data/filtered_6class/train/PaperCardboard/paper430.jpg,,trashnet-master/trashnet-master/data/dataset-resized/paper/paper430.jpg,,,,,,,,
trashnet_train_cardboard287.jpg,TrashNet,image_classification,train,PaperCardboard,cardboard,trashnet-master/trashnet-master/data/filtered_6class/train/PaperCardboard/cardboard287.jpg,,trashnet-master/trashnet-master/data/dataset-resized/cardboard/cardboard287.jpg,,,,,,,,
trashnet_train_cardboard71.jpg,TrashNet,image_classification,train,PaperCardboard,cardboard,trashnet-master/trashnet-master/data/filtered_6class/train/PaperCardboard/cardboard71.jpg,,trashnet-master/trashnet-master/data/dataset-resized/cardboard/cardboard71.jpg,,,,,,,,
trashnet_train_paper8.jpg,TrashNet,image_classification,train,PaperCardboard,paper,trashnet-master/trashnet-master/data/filtered_6class/train/PaperCardboard/paper8.jpg,,trashnet-master/trashnet-master/data/dataset-resized/paper/paper8.jpg,,,,,,,,
trashnet_train_paper101.jpg,TrashNet,image_classification,train,PaperCardboard,paper,trashnet-master/trashnet-master/data/filtered_6class/train/PaperCardboard/paper101.jpg,,trashnet-master/trashnet-master/data/dataset-resized/paper/paper101.jpg,,,,,,,,
trashnet_train_paper547.jpg,TrashNet,image_classification,train,PaperCardboard,paper,trashnet-master/trashnet-master/data/filtered_6class/train/PaperCardboard/paper547.jpg,,trashnet-master/trashnet-master/data/dataset-resized/paper/paper547.jpg,,,,,,,,
trashnet_train_paper494.jpg,TrashNet,image_classification,train,PaperCardboard,paper,trashnet-master/trashnet-master/data/filtered_6class/train/PaperCardboard/paper494.jpg,,trashnet-master/trashnet-master/data/dataset-resized/paper/paper494.jpg,,,,,,,,
trashnet_train_paper76.jpg,TrashNet,image_classification,train,PaperCardboard,paper,trashnet-master/trashnet-master/data/filtered_6class/train/PaperCardboard/paper76.jpg,,trashnet-master/trashnet-master/data/dataset-resized/paper/paper76.jpg,,,,,,,,
trashnet_train_cardboard173.jpg,TrashNet,image_classification,train,PaperCardboard,cardboard,trashnet-master/trashnet-master/data/filtered_6class/train/PaperCardboard/cardboard173.jpg,,trashnet-master/trashnet-master/data/dataset-resized/cardboard/cardboard173.jpg,,,,,,,,
trashnet_train_cardboard296.jpg,TrashNet,image_classification,train,PaperCardboard,cardboard,trashnet-master/trashnet-master/data/filtered_6class/train/PaperCardboard/cardboard296.jpg,,trashnet-master/trashnet-master/data/dataset-resized/cardboard/cardboard296.jpg,,,,,,,,
trashnet_train_cardboard11.jpg,TrashNet,image_classification,train,PaperCardboard,cardboard,trashnet-master/trashnet-master/data/filtered_6class/train/PaperCardboard/cardboard11.jpg,,trashnet-master/trashnet-master/data/dataset-resized/cardboard/cardboard11.jpg,,,,,,,,
trashnet_train_cardboard342.jpg,TrashNet,image_classification,train,PaperCardboard,cardboard,trashnet-master/trashnet-master/data/filtered_6class/train/PaperCardboard/cardboard342.jpg,,trashnet-master/trashnet-master/data/dataset-resized/cardboard/cardboard342.jpg,,,,,,,,
trashnet_train_paper221.jpg,TrashNet,image_classification,train,PaperCardboard,paper,trashnet-master/trashnet-master/data/filtered_6class/train/PaperCardboard/paper221.jpg,,trashnet-master/trashnet-master/data/dataset-resized/paper/paper221.jpg,,,,,,,,
trashnet_train_paper419.jpg,TrashNet,image_classification,train,PaperCardboard,paper,trashnet-master/trashnet-master/data/filtered_6class/train/PaperCardboard/paper419.jpg,,trashnet-master/trashnet-master/data/dataset-resized/paper/paper419.jpg,,,,,,,,
trashnet_train_paper449.jpg,TrashNet,image_classification,train,PaperCardboard,paper,trashnet-master/trashnet-master/data/filtered_6class/train/PaperCardboard/paper449.jpg,,trashnet-master/trashnet-master/data/dataset-resized/paper/paper449.jpg,,,,,,,,
trashnet_train_cardboard349.jpg,TrashNet,image_classification,train,PaperCardboard,cardboard,trashnet-master/trashnet-master/data/filtered_6class/train/PaperCardboard/cardboard349.jpg,,trashnet-master/trashnet-master/data/dataset-resized/cardboard/cardboard349.jpg,,,,,,,,
trashnet_train_paper110.jpg,TrashNet,image_classification,train,PaperCardboard,paper,trashnet-master/trashnet-master/data/filtered_6class/train/PaperCardboard/paper110.jpg,,trashnet-master/trashnet-master/data/dataset-resized/paper/paper110.jpg,,,,,,,,
trashnet_train_paper356.jpg,TrashNet,image_classification,train,PaperCardboard,paper,trashnet-master/trashnet-master/data/filtered_6class/train/PaperCardboard/paper356.jpg,,trashnet-master/trashnet-master/data/dataset-resized/paper/paper356.jpg,,,,,,,,
trashnet_train_paper540.jpg,TrashNet,image_classification,train,PaperCardboard,paper,trashnet-master/trashnet-master/data/filtered_6class/train/PaperCardboard/paper540.jpg,,trashnet-master/trashnet-master/data/dataset-resized/paper/paper540.jpg,,,,,,,,
trashnet_train_paper41.jpg,TrashNet,image_classification,train,PaperCardboard,paper,trashnet-master/trashnet-master/data/filtered_6class/train/PaperCardboard/paper41.jpg,,trashnet-master/trashnet-master/data/dataset-resized/paper/paper41.jpg,,,,,,,,
trashnet_train_paper55.jpg,TrashNet,image_classification,train,PaperCardboard,paper,trashnet-master/trashnet-master/data/filtered_6class/train/PaperCardboard/paper55.jpg,,trashnet-master/trashnet-master/data/dataset-resized/paper/paper55.jpg,,,,,,,,
trashnet_train_cardboard322.jpg,TrashNet,image_classification,train,PaperCardboard,cardboard,trashnet-master/trashnet-master/data/filtered_6class/train/PaperCardboard/cardboard322.jpg,,trashnet-master/trashnet-master/data/dataset-resized/cardboard/cardboard322.jpg,,,,,,,,
trashnet_train_paper467.jpg,TrashNet,image_classification,train,PaperCardboard,paper,trashnet-master/trashnet-master/data/filtered_6class/train/PaperCardboard/paper467.jpg,,trashnet-master/trashnet-master/data/dataset-resized/paper/paper467.jpg,,,,,,,,
trashnet_train_paper297.jpg,TrashNet,image_classification,train,PaperCardboard,paper,trashnet-master/trashnet-master/data/filtered_6class/train/PaperCardboard/paper297.jpg,,trashnet-master/trashnet-master/data/dataset-resized/paper/paper297.jpg,,,,,,,,
trashnet_train_paper202.jpg,TrashNet,image_classification,train,PaperCardboard,paper,trashnet-master/trashnet-master/data/filtered_6class/train/PaperCardboard/paper202.jpg,,trashnet-master/trashnet-master/data/dataset-resized/paper/paper202.jpg,,,,,,,,
trashnet_train_cardboard213.jpg,TrashNet,image_classification,train,PaperCardboard,cardboard,trashnet-master/trashnet-master/data/filtered_6class/train/PaperCardboard/cardboard213.jpg,,trashnet-master/trashnet-master/data/dataset-resized/cardboard/cardboard213.jpg,,,,,,,,
trashnet_train_paper227.jpg,TrashNet,image_classification,train,PaperCardboard,paper,trashnet-master/trashnet-master/data/filtered_6class/train/PaperCardboard/paper227.jpg,,trashnet-master/trashnet-master/data/dataset-resized/paper/paper227.jpg,,,,,,,,
trashnet_train_cardboard137.jpg,TrashNet,image_classification,train,PaperCardboard,cardboard,trashnet-master/trashnet-master/data/filtered_6class/train/PaperCardboard/cardboard137.jpg,,trashnet-master/trashnet-master/data/dataset-resized/cardboard/cardboard137.jpg,,,,,,,,
trashnet_train_paper269.jpg,TrashNet,image_classification,train,PaperCardboard,paper,trashnet-master/trashnet-master/data/filtered_6class/train/PaperCardboard/paper269.jpg,,trashnet-master/trashnet-master/data/dataset-resized/paper/paper269.jpg,,,,,,,,
trashnet_train_cardboard56.jpg,TrashNet,image_classification,train,PaperCardboard,cardboard,trashnet-master/trashnet-master/data/filtered_6class/train/PaperCardboard/cardboard56.jpg,,trashnet-master/trashnet-master/data/dataset-resized/cardboard/cardboard56.jpg,,,,,,,,
trashnet_train_cardboard129.jpg,TrashNet,image_classification,train,PaperCardboard,cardboard,trashnet-master/trashnet-master/data/filtered_6class/train/PaperCardboard/cardboard129.jpg,,trashnet-master/trashnet-master/data/dataset-resized/cardboard/cardboard129.jpg,,,,,,,,
trashnet_train_cardboard19.jpg,TrashNet,image_classification,train,PaperCardboard,cardboard,trashnet-master/trashnet-master/data/filtered_6class/train/PaperCardboard/cardboard19.jpg,,trashnet-master/trashnet-master/data/dataset-resized/cardboard/cardboard19.jpg,,,,,,,,
trashnet_train_paper201.jpg,TrashNet,image_classification,train,PaperCardboard,paper,trashnet-master/trashnet-master/data/filtered_6class/train/PaperCardboard/paper201.jpg,,trashnet-master/trashnet-master/data/dataset-resized/paper/paper201.jpg,,,,,,,,
trashnet_train_cardboard189.jpg,TrashNet,image_classification,train,PaperCardboard,cardboard,trashnet-master/trashnet-master/data/filtered_6class/train/PaperCardboard/cardboard189.jpg,,trashnet-master/trashnet-master/data/dataset-resized/cardboard/cardboard189.jpg,,,,,,,,
trashnet_train_paper580.jpg,TrashNet,image_classification,train,PaperCardboard,paper,trashnet-master/trashnet-master/data/filtered_6class/train/PaperCardboard/paper580.jpg,,trashnet-master/trashnet-master/data/dataset-resized/paper/paper580.jpg,,,,,,,,
trashnet_train_paper170.jpg,TrashNet,image_classification,train,PaperCardboard,paper,trashnet-master/trashnet-master/data/filtered_6class/train/PaperCardboard/paper170.jpg,,trashnet-master/trashnet-master/data/dataset-resized/paper/paper170.jpg,,,,,,,,
trashnet_train_paper197.jpg,TrashNet,image_classification,train,PaperCardboard,paper,trashnet-master/trashnet-master/data/filtered_6class/train/PaperCardboard/paper197.jpg,,trashnet-master/trashnet-master/data/dataset-resized/paper/paper197.jpg,,,,,,,,
trashnet_train_paper332.jpg,TrashNet,image_classification,train,PaperCardboard,paper,trashnet-master/trashnet-master/data/filtered_6class/train/PaperCardboard/paper332.jpg,,trashnet-master/trashnet-master/data/dataset-resized/paper/paper332.jpg,,,,,,,,
trashnet_train_cardboard367.jpg,TrashNet,image_classification,train,PaperCardboard,cardboard,trashnet-master/trashnet-master/data/filtered_6class/train/PaperCardboard/cardboard367.jpg,,trashnet-master/trashnet-master/data/dataset-resized/cardboard/cardboard367.jpg,,,,,,,,
trashnet_train_paper564.jpg,TrashNet,image_classification,train,PaperCardboard,paper,trashnet-master/trashnet-master/data/filtered_6class/train/PaperCardboard/paper564.jpg,,trashnet-master/trashnet-master/data/dataset-resized/paper/paper564.jpg,,,,,,,,
trashnet_train_paper261.jpg,TrashNet,image_classification,train,PaperCardboard,paper,trashnet-master/trashnet-master/data/filtered_6class/train/PaperCardboard/paper261.jpg,,trashnet-master/trashnet-master/data/dataset-resized/paper/paper261.jpg,,,,,,,,
trashnet_train_paper242.jpg,TrashNet,image_classification,train,PaperCardboard,paper,trashnet-master/trashnet-master/data/filtered_6class/train/PaperCardboard/paper242.jpg,,trashnet-master/trashnet-master/data/dataset-resized/paper/paper242.jpg,,,,,,,,
trashnet_train_paper376.jpg,TrashNet,image_classification,train,PaperCardboard,paper,trashnet-master/trashnet-master/data/filtered_6class/train/PaperCardboard/paper376.jpg,,trashnet-master/trashnet-master/data/dataset-resized/paper/paper376.jpg,,,,,,,,
trashnet_train_cardboard242.jpg,TrashNet,image_classification,train,PaperCardboard,cardboard,trashnet-master/trashnet-master/data/filtered_6class/train/PaperCardboard/cardboard242.jpg,,trashnet-master/trashnet-master/data/dataset-resized/cardboard/cardboard242.jpg,,,,,,,,
trashnet_train_paper572.jpg,TrashNet,image_classification,train,PaperCardboard,paper,trashnet-master/trashnet-master/data/filtered_6class/train/PaperCardboard/paper572.jpg,,trashnet-master/trashnet-master/data/dataset-resized/paper/paper572.jpg,,,,,,,,
trashnet_train_paper50.jpg,TrashNet,image_classification,train,PaperCardboard,paper,trashnet-master/trashnet-master/data/filtered_6class/train/PaperCardboard/paper50.jpg,,trashnet-master/trashnet-master/data/dataset-resized/paper/paper50.jpg,,,,,,,,
trashnet_train_paper294.jpg,TrashNet,image_classification,train,PaperCardboard,paper,trashnet-master/trashnet-master/data/filtered_6class/train/PaperCardboard/paper294.jpg,,trashnet-master/trashnet-master/data/dataset-resized/paper/paper294.jpg,,,,,,,,
trashnet_train_paper445.jpg,TrashNet,image_classification,train,PaperCardboard,paper,trashnet-master/trashnet-master/data/filtered_6class/train/PaperCardboard/paper445.jpg,,trashnet-master/trashnet-master/data/dataset-resized/paper/paper445.jpg,,,,,,,,
trashnet_train_paper485.jpg,TrashNet,image_classification,train,PaperCardboard,paper,trashnet-master/trashnet-master/data/filtered_6class/train/PaperCardboard/paper485.jpg,,trashnet-master/trashnet-master/data/dataset-resized/paper/paper485.jpg,,,,,,,,
trashnet_train_paper262.jpg,TrashNet,image_classification,train,PaperCardboard,paper,trashnet-master/trashnet-master/data/filtered_6class/train/PaperCardboard/paper262.jpg,,trashnet-master/trashnet-master/data/dataset-resized/paper/paper262.jpg,,,,,,,,
trashnet_train_paper585.jpg,TrashNet,image_classification,train,PaperCardboard,paper,trashnet-master/trashnet-master/data/filtered_6class/train/PaperCardboard/paper585.jpg,,trashnet-master/trashnet-master/data/dataset-resized/paper/paper585.jpg,,,,,,,,
trashnet_train_cardboard191.jpg,TrashNet,image_classification,train,PaperCardboard,cardboard,trashnet-master/trashnet-master/data/filtered_6class/train/PaperCardboard/cardboard191.jpg,,trashnet-master/trashnet-master/data/dataset-resized/cardboard/cardboard191.jpg,,,,,,,,
trashnet_train_paper408.jpg,TrashNet,image_classification,train,PaperCardboard,paper,trashnet-master/trashnet-master/data/filtered_6class/train/PaperCardboard/paper408.jpg,,trashnet-master/trashnet-master/data/dataset-resized/paper/paper408.jpg,,,,,,,,
trashnet_train_cardboard121.jpg,TrashNet,image_classification,train,PaperCardboard,cardboard,trashnet-master/trashnet-master/data/filtered_6class/train/PaperCardboard/cardboard121.jpg,,trashnet-master/trashnet-master/data/dataset-resized/cardboard/cardboard121.jpg,,,,,,,,
trashnet_train_paper468.jpg,TrashNet,image_classification,train,PaperCardboard,paper,trashnet-master/trashnet-master/data/filtered_6class/train/PaperCardboard/paper468.jpg,,trashnet-master/trashnet-master/data/dataset-resized/paper/paper468.jpg,,,,,,,,
trashnet_train_paper358.jpg,TrashNet,image_classification,train,PaperCardboard,paper,trashnet-master/trashnet-master/data/filtered_6class/train/PaperCardboard/paper358.jpg,,trashnet-master/trashnet-master/data/dataset-resized/paper/paper358.jpg,,,,,,,,
trashnet_train_cardboard57.jpg,TrashNet,image_classification,train,PaperCardboard,cardboard,trashnet-master/trashnet-master/data/filtered_6class/train/PaperCardboard/cardboard57.jpg,,trashnet-master/trashnet-master/data/dataset-resized/cardboard/cardboard57.jpg,,,,,,,,
trashnet_train_paper126.jpg,TrashNet,image_classification,train,PaperCardboard,paper,trashnet-master/trashnet-master/data/filtered_6class/train/PaperCardboard/paper126.jpg,,trashnet-master/trashnet-master/data/dataset-resized/paper/paper126.jpg,,,,,,,,
trashnet_train_cardboard386.jpg,TrashNet,image_classification,train,PaperCardboard,cardboard,trashnet-master/trashnet-master/data/filtered_6class/train/PaperCardboard/cardboard386.jpg,,trashnet-master/trashnet-master/data/dataset-resized/cardboard/cardboard386.jpg,,,,,,,,
trashnet_train_paper159.jpg,TrashNet,image_classification,train,PaperCardboard,paper,trashnet-master/trashnet-master/data/filtered_6class/train/PaperCardboard/paper159.jpg,,trashnet-master/trashnet-master/data/dataset-resized/paper/paper159.jpg,,,,,,,,
trashnet_train_paper270.jpg,TrashNet,image_classification,train,PaperCardboard,paper,trashnet-master/trashnet-master/data/filtered_6class/train/PaperCardboard/paper270.jpg,,trashnet-master/trashnet-master/data/dataset-resized/paper/paper270.jpg,,,,,,,,
trashnet_train_paper44.jpg,TrashNet,image_classification,train,PaperCardboard,paper,trashnet-master/trashnet-master/data/filtered_6class/train/PaperCardboard/paper44.jpg,,trashnet-master/trashnet-master/data/dataset-resized/paper/paper44.jpg,,,,,,,,
trashnet_train_paper442.jpg,TrashNet,image_classification,train,PaperCardboard,paper,trashnet-master/trashnet-master/data/filtered_6class/train/PaperCardboard/paper442.jpg,,trashnet-master/trashnet-master/data/dataset-resized/paper/paper442.jpg,,,,,,,,
trashnet_train_paper143.jpg,TrashNet,image_classification,train,PaperCardboard,paper,trashnet-master/trashnet-master/data/filtered_6class/train/PaperCardboard/paper143.jpg,,trashnet-master/trashnet-master/data/dataset-resized/paper/paper143.jpg,,,,,,,,
trashnet_train_paper582.jpg,TrashNet,image_classification,train,PaperCardboard,paper,trashnet-master/trashnet-master/data/filtered_6class/train/PaperCardboard/paper582.jpg,,trashnet-master/trashnet-master/data/dataset-resized/paper/paper582.jpg,,,,,,,,
trashnet_train_cardboard206.jpg,TrashNet,image_classification,train,PaperCardboard,cardboard,trashnet-master/trashnet-master/data/filtered_6class/train/PaperCardboard/cardboard206.jpg,,trashnet-master/trashnet-master/data/dataset-resized/cardboard/cardboard206.jpg,,,,,,,,
trashnet_train_paper138.jpg,TrashNet,image_classification,train,PaperCardboard,paper,trashnet-master/trashnet-master/data/filtered_6class/train/PaperCardboard/paper138.jpg,,trashnet-master/trashnet-master/data/dataset-resized/paper/paper138.jpg,,,,,,,,
trashnet_train_cardboard64.jpg,TrashNet,image_classification,train,PaperCardboard,cardboard,trashnet-master/trashnet-master/data/filtered_6class/train/PaperCardboard/cardboard64.jpg,,trashnet-master/trashnet-master/data/dataset-resized/cardboard/cardboard64.jpg,,,,,,,,
trashnet_train_cardboard142.jpg,TrashNet,image_classification,train,PaperCardboard,cardboard,trashnet-master/trashnet-master/data/filtered_6class/train/PaperCardboard/cardboard142.jpg,,trashnet-master/trashnet-master/data/dataset-resized/cardboard/cardboard142.jpg,,,,,,,,
trashnet_train_cardboard313.jpg,TrashNet,image_classification,train,PaperCardboard,cardboard,trashnet-master/trashnet-master/data/filtered_6class/train/PaperCardboard/cardboard313.jpg,,trashnet-master/trashnet-master/data/dataset-resized/cardboard/cardboard313.jpg,,,,,,,,
trashnet_train_cardboard304.jpg,TrashNet,image_classification,train,PaperCardboard,cardboard,trashnet-master/trashnet-master/data/filtered_6class/train/PaperCardboard/cardboard304.jpg,,trashnet-master/trashnet-master/data/dataset-resized/cardboard/cardboard304.jpg,,,,,,,,
trashnet_train_paper17.jpg,TrashNet,image_classification,train,PaperCardboard,paper,trashnet-master/trashnet-master/data/filtered_6class/train/PaperCardboard/paper17.jpg,,trashnet-master/trashnet-master/data/dataset-resized/paper/paper17.jpg,,,,,,,,
trashnet_train_paper271.jpg,TrashNet,image_classification,train,PaperCardboard,paper,trashnet-master/trashnet-master/data/filtered_6class/train/PaperCardboard/paper271.jpg,,trashnet-master/trashnet-master/data/dataset-resized/paper/paper271.jpg,,,,,,,,
trashnet_train_paper216.jpg,TrashNet,image_classification,train,PaperCardboard,paper,trashnet-master/trashnet-master/data/filtered_6class/train/PaperCardboard/paper216.jpg,,trashnet-master/trashnet-master/data/dataset-resized/paper/paper216.jpg,,,,,,,,
trashnet_train_cardboard276.jpg,TrashNet,image_classification,train,PaperCardboard,cardboard,trashnet-master/trashnet-master/data/filtered_6class/train/PaperCardboard/cardboard276.jpg,,trashnet-master/trashnet-master/data/dataset-resized/cardboard/cardboard276.jpg,,,,,,,,
trashnet_train_cardboard251.jpg,TrashNet,image_classification,train,PaperCardboard,cardboard,trashnet-master/trashnet-master/data/filtered_6class/train/PaperCardboard/cardboard251.jpg,,trashnet-master/trashnet-master/data/dataset-resized/cardboard/cardboard251.jpg,,,,,,,,
trashnet_train_cardboard275.jpg,TrashNet,image_classification,train,PaperCardboard,cardboard,trashnet-master/trashnet-master/data/filtered_6class/train/PaperCardboard/cardboard275.jpg,,trashnet-master/trashnet-master/data/dataset-resized/cardboard/cardboard275.jpg,,,,,,,,
trashnet_train_paper243.jpg,TrashNet,image_classification,train,PaperCardboard,paper,trashnet-master/trashnet-master/data/filtered_6class/train/PaperCardboard/paper243.jpg,,trashnet-master/trashnet-master/data/dataset-resized/paper/paper243.jpg,,,,,,,,
trashnet_train_paper142.jpg,TrashNet,image_classification,train,PaperCardboard,paper,trashnet-master/trashnet-master/data/filtered_6class/train/PaperCardboard/paper142.jpg,,trashnet-master/trashnet-master/data/dataset-resized/paper/paper142.jpg,,,,,,,,
trashnet_train_cardboard134.jpg,TrashNet,image_classification,train,PaperCardboard,cardboard,trashnet-master/trashnet-master/data/filtered_6class/train/PaperCardboard/cardboard134.jpg,,trashnet-master/trashnet-master/data/dataset-resized/cardboard/cardboard134.jpg,,,,,,,,
trashnet_train_paper583.jpg,TrashNet,image_classification,train,PaperCardboard,paper,trashnet-master/trashnet-master/data/filtered_6class/train/PaperCardboard/paper583.jpg,,trashnet-master/trashnet-master/data/dataset-resized/paper/paper583.jpg,,,,,,,,
trashnet_train_paper283.jpg,TrashNet,image_classification,train,PaperCardboard,paper,trashnet-master/trashnet-master/data/filtered_6class/train/PaperCardboard/paper283.jpg,,trashnet-master/trashnet-master/data/dataset-resized/paper/paper283.jpg,,,,,,,,
trashnet_train_paper511.jpg,TrashNet,image_classification,train,PaperCardboard,paper,trashnet-master/trashnet-master/data/filtered_6class/train/PaperCardboard/paper511.jpg,,trashnet-master/trashnet-master/data/dataset-resized/paper/paper511.jpg,,,,,,,,
trashnet_train_cardboard348.jpg,TrashNet,image_classification,train,PaperCardboard,cardboard,trashnet-master/trashnet-master/data/filtered_6class/train/PaperCardboard/cardboard348.jpg,,trashnet-master/trashnet-master/data/dataset-resized/cardboard/cardboard348.jpg,,,,,,,,
trashnet_train_paper255.jpg,TrashNet,image_classification,train,PaperCardboard,paper,trashnet-master/trashnet-master/data/filtered_6class/train/PaperCardboard/paper255.jpg,,trashnet-master/trashnet-master/data/dataset-resized/paper/paper255.jpg,,,,,,,,
trashnet_train_paper29.jpg,TrashNet,image_classification,train,PaperCardboard,paper,trashnet-master/trashnet-master/data/filtered_6class/train/PaperCardboard/paper29.jpg,,trashnet-master/trashnet-master/data/dataset-resized/paper/paper29.jpg,,,,,,,,
trashnet_train_cardboard22.jpg,TrashNet,image_classification,train,PaperCardboard,cardboard,trashnet-master/trashnet-master/data/filtered_6class/train/PaperCardboard/cardboard22.jpg,,trashnet-master/trashnet-master/data/dataset-resized/cardboard/cardboard22.jpg,,,,,,,,
trashnet_train_cardboard151.jpg,TrashNet,image_classification,train,PaperCardboard,cardboard,trashnet-master/trashnet-master/data/filtered_6class/train/PaperCardboard/cardboard151.jpg,,trashnet-master/trashnet-master/data/dataset-resized/cardboard/cardboard151.jpg,,,,,,,,
trashnet_train_paper67.jpg,TrashNet,image_classification,train,PaperCardboard,paper,trashnet-master/trashnet-master/data/filtered_6class/train/PaperCardboard/paper67.jpg,,trashnet-master/trashnet-master/data/dataset-resized/paper/paper67.jpg,,,,,,,,
trashnet_train_cardboard10.jpg,TrashNet,image_classification,train,PaperCardboard,cardboard,trashnet-master/trashnet-master/data/filtered_6class/train/PaperCardboard/cardboard10.jpg,,trashnet-master/trashnet-master/data/dataset-resized/cardboard/cardboard10.jpg,,,,,,,,
trashnet_train_cardboard278.jpg,TrashNet,image_classification,train,PaperCardboard,cardboard,trashnet-master/trashnet-master/data/filtered_6class/train/PaperCardboard/cardboard278.jpg,,trashnet-master/trashnet-master/data/dataset-resized/cardboard/cardboard278.jpg,,,,,,,,
trashnet_train_paper431.jpg,TrashNet,image_classification,train,PaperCardboard,paper,trashnet-master/trashnet-master/data/filtered_6class/train/PaperCardboard/paper431.jpg,,trashnet-master/trashnet-master/data/dataset-resized/paper/paper431.jpg,,,,,,,,
trashnet_train_paper82.jpg,TrashNet,image_classification,train,PaperCardboard,paper,trashnet-master/trashnet-master/data/filtered_6class/train/PaperCardboard/paper82.jpg,,trashnet-master/trashnet-master/data/dataset-resized/paper/paper82.jpg,,,,,,,,
trashnet_train_cardboard164.jpg,TrashNet,image_classification,train,PaperCardboard,cardboard,trashnet-master/trashnet-master/data/filtered_6class/train/PaperCardboard/cardboard164.jpg,,trashnet-master/trashnet-master/data/dataset-resized/cardboard/cardboard164.jpg,,,,,,,,
trashnet_train_paper4.jpg,TrashNet,image_classification,train,PaperCardboard,paper,trashnet-master/trashnet-master/data/filtered_6class/train/PaperCardboard/paper4.jpg,,trashnet-master/trashnet-master/data/dataset-resized/paper/paper4.jpg,,,,,,,,
trashnet_train_cardboard394.jpg,TrashNet,image_classification,train,PaperCardboard,cardboard,trashnet-master/trashnet-master/data/filtered_6class/train/PaperCardboard/cardboard394.jpg,,trashnet-master/trashnet-master/data/dataset-resized/cardboard/cardboard394.jpg,,,,,,,,
trashnet_train_paper492.jpg,TrashNet,image_classification,train,PaperCardboard,paper,trashnet-master/trashnet-master/data/filtered_6class/train/PaperCardboard/paper492.jpg,,trashnet-master/trashnet-master/data/dataset-resized/paper/paper492.jpg,,,,,,,,
trashnet_train_paper151.jpg,TrashNet,image_classification,train,PaperCardboard,paper,trashnet-master/trashnet-master/data/filtered_6class/train/PaperCardboard/paper151.jpg,,trashnet-master/trashnet-master/data/dataset-resized/paper/paper151.jpg,,,,,,,,
trashnet_train_paper422.jpg,TrashNet,image_classification,train,PaperCardboard,paper,trashnet-master/trashnet-master/data/filtered_6class/train/PaperCardboard/paper422.jpg,,trashnet-master/trashnet-master/data/dataset-resized/paper/paper422.jpg,,,,,,,,
trashnet_train_cardboard67.jpg,TrashNet,image_classification,train,PaperCardboard,cardboard,trashnet-master/trashnet-master/data/filtered_6class/train/PaperCardboard/cardboard67.jpg,,trashnet-master/trashnet-master/data/dataset-resized/cardboard/cardboard67.jpg,,,,,,,,
trashnet_train_cardboard150.jpg,TrashNet,image_classification,train,PaperCardboard,cardboard,trashnet-master/trashnet-master/data/filtered_6class/train/PaperCardboard/cardboard150.jpg,,trashnet-master/trashnet-master/data/dataset-resized/cardboard/cardboard150.jpg,,,,,,,,
trashnet_train_paper298.jpg,TrashNet,image_classification,train,PaperCardboard,paper,trashnet-master/trashnet-master/data/filtered_6class/train/PaperCardboard/paper298.jpg,,trashnet-master/trashnet-master/data/dataset-resized/paper/paper298.jpg,,,,,,,,
trashnet_train_paper92.jpg,TrashNet,image_classification,train,PaperCardboard,paper,trashnet-master/trashnet-master/data/filtered_6class/train/PaperCardboard/paper92.jpg,,trashnet-master/trashnet-master/data/dataset-resized/paper/paper92.jpg,,,,,,,,
trashnet_train_cardboard400.jpg,TrashNet,image_classification,train,PaperCardboard,cardboard,trashnet-master/trashnet-master/data/filtered_6class/train/PaperCardboard/cardboard400.jpg,,trashnet-master/trashnet-master/data/dataset-resized/cardboard/cardboard400.jpg,,,,,,,,
trashnet_train_cardboard217.jpg,TrashNet,image_classification,train,PaperCardboard,cardboard,trashnet-master/trashnet-master/data/filtered_6class/train/PaperCardboard/cardboard217.jpg,,trashnet-master/trashnet-master/data/dataset-resized/cardboard/cardboard217.jpg,,,,,,,,
trashnet_train_paper234.jpg,TrashNet,image_classification,train,PaperCardboard,paper,trashnet-master/trashnet-master/data/filtered_6class/train/PaperCardboard/paper234.jpg,,trashnet-master/trashnet-master/data/dataset-resized/paper/paper234.jpg,,,,,,,,
trashnet_train_paper565.jpg,TrashNet,image_classification,train,PaperCardboard,paper,trashnet-master/trashnet-master/data/filtered_6class/train/PaperCardboard/paper565.jpg,,trashnet-master/trashnet-master/data/dataset-resized/paper/paper565.jpg,,,,,,,,
trashnet_train_cardboard285.jpg,TrashNet,image_classification,train,PaperCardboard,cardboard,trashnet-master/trashnet-master/data/filtered_6class/train/PaperCardboard/cardboard285.jpg,,trashnet-master/trashnet-master/data/dataset-resized/cardboard/cardboard285.jpg,,,,,,,,
trashnet_train_cardboard3.jpg,TrashNet,image_classification,train,PaperCardboard,cardboard,trashnet-master/trashnet-master/data/filtered_6class/train/PaperCardboard/cardboard3.jpg,,trashnet-master/trashnet-master/data/dataset-resized/cardboard/cardboard3.jpg,,,,,,,,
trashnet_train_paper249.jpg,TrashNet,image_classification,train,PaperCardboard,paper,trashnet-master/trashnet-master/data/filtered_6class/train/PaperCardboard/paper249.jpg,,trashnet-master/trashnet-master/data/dataset-resized/paper/paper249.jpg,,,,,,,,
trashnet_train_cardboard238.jpg,TrashNet,image_classification,train,PaperCardboard,cardboard,trashnet-master/trashnet-master/data/filtered_6class/train/PaperCardboard/cardboard238.jpg,,trashnet-master/trashnet-master/data/dataset-resized/cardboard/cardboard238.jpg,,,,,,,,
trashnet_train_paper351.jpg,TrashNet,image_classification,train,PaperCardboard,paper,trashnet-master/trashnet-master/data/filtered_6class/train/PaperCardboard/paper351.jpg,,trashnet-master/trashnet-master/data/dataset-resized/paper/paper351.jpg,,,,,,,,
trashnet_train_paper369.jpg,TrashNet,image_classification,train,PaperCardboard,paper,trashnet-master/trashnet-master/data/filtered_6class/train/PaperCardboard/paper369.jpg,,trashnet-master/trashnet-master/data/dataset-resized/paper/paper369.jpg,,,,,,,,
trashnet_train_cardboard227.jpg,TrashNet,image_classification,train,PaperCardboard,cardboard,trashnet-master/trashnet-master/data/filtered_6class/train/PaperCardboard/cardboard227.jpg,,trashnet-master/trashnet-master/data/dataset-resized/cardboard/cardboard227.jpg,,,,,,,,
trashnet_train_paper387.jpg,TrashNet,image_classification,train,PaperCardboard,paper,trashnet-master/trashnet-master/data/filtered_6class/train/PaperCardboard/paper387.jpg,,trashnet-master/trashnet-master/data/dataset-resized/paper/paper387.jpg,,,,,,,,
trashnet_train_cardboard340.jpg,TrashNet,image_classification,train,PaperCardboard,cardboard,trashnet-master/trashnet-master/data/filtered_6class/train/PaperCardboard/cardboard340.jpg,,trashnet-master/trashnet-master/data/dataset-resized/cardboard/cardboard340.jpg,,,,,,,,
trashnet_train_cardboard158.jpg,TrashNet,image_classification,train,PaperCardboard,cardboard,trashnet-master/trashnet-master/data/filtered_6class/train/PaperCardboard/cardboard158.jpg,,trashnet-master/trashnet-master/data/dataset-resized/cardboard/cardboard158.jpg,,,,,,,,
trashnet_train_cardboard75.jpg,TrashNet,image_classification,train,PaperCardboard,cardboard,trashnet-master/trashnet-master/data/filtered_6class/train/PaperCardboard/cardboard75.jpg,,trashnet-master/trashnet-master/data/dataset-resized/cardboard/cardboard75.jpg,,,,,,,,
trashnet_train_cardboard84.jpg,TrashNet,image_classification,train,PaperCardboard,cardboard,trashnet-master/trashnet-master/data/filtered_6class/train/PaperCardboard/cardboard84.jpg,,trashnet-master/trashnet-master/data/dataset-resized/cardboard/cardboard84.jpg,,,,,,,,
trashnet_train_paper87.jpg,TrashNet,image_classification,train,PaperCardboard,paper,trashnet-master/trashnet-master/data/filtered_6class/train/PaperCardboard/paper87.jpg,,trashnet-master/trashnet-master/data/dataset-resized/paper/paper87.jpg,,,,,,,,
trashnet_train_cardboard371.jpg,TrashNet,image_classification,train,PaperCardboard,cardboard,trashnet-master/trashnet-master/data/filtered_6class/train/PaperCardboard/cardboard371.jpg,,trashnet-master/trashnet-master/data/dataset-resized/cardboard/cardboard371.jpg,,,,,,,,
trashnet_train_cardboard393.jpg,TrashNet,image_classification,train,PaperCardboard,cardboard,trashnet-master/trashnet-master/data/filtered_6class/train/PaperCardboard/cardboard393.jpg,,trashnet-master/trashnet-master/data/dataset-resized/cardboard/cardboard393.jpg,,,,,,,,
trashnet_train_paper513.jpg,TrashNet,image_classification,train,PaperCardboard,paper,trashnet-master/trashnet-master/data/filtered_6class/train/PaperCardboard/paper513.jpg,,trashnet-master/trashnet-master/data/dataset-resized/paper/paper513.jpg,,,,,,,,
trashnet_train_cardboard253.jpg,TrashNet,image_classification,train,PaperCardboard,cardboard,trashnet-master/trashnet-master/data/filtered_6class/train/PaperCardboard/cardboard253.jpg,,trashnet-master/trashnet-master/data/dataset-resized/cardboard/cardboard253.jpg,,,,,,,,
trashnet_train_paper303.jpg,TrashNet,image_classification,train,PaperCardboard,paper,trashnet-master/trashnet-master/data/filtered_6class/train/PaperCardboard/paper303.jpg,,trashnet-master/trashnet-master/data/dataset-resized/paper/paper303.jpg,,,,,,,,
trashnet_train_cardboard330.jpg,TrashNet,image_classification,train,PaperCardboard,cardboard,trashnet-master/trashnet-master/data/filtered_6class/train/PaperCardboard/cardboard330.jpg,,trashnet-master/trashnet-master/data/dataset-resized/cardboard/cardboard330.jpg,,,,,,,,
trashnet_train_paper427.jpg,TrashNet,image_classification,train,PaperCardboard,paper,trashnet-master/trashnet-master/data/filtered_6class/train/PaperCardboard/paper427.jpg,,trashnet-master/trashnet-master/data/dataset-resized/paper/paper427.jpg,,,,,,,,
trashnet_train_paper325.jpg,TrashNet,image_classification,train,PaperCardboard,paper,trashnet-master/trashnet-master/data/filtered_6class/train/PaperCardboard/paper325.jpg,,trashnet-master/trashnet-master/data/dataset-resized/paper/paper325.jpg,,,,,,,,
trashnet_train_cardboard52.jpg,TrashNet,image_classification,train,PaperCardboard,cardboard,trashnet-master/trashnet-master/data/filtered_6class/train/PaperCardboard/cardboard52.jpg,,trashnet-master/trashnet-master/data/dataset-resized/cardboard/cardboard52.jpg,,,,,,,,
trashnet_train_paper415.jpg,TrashNet,image_classification,train,PaperCardboard,paper,trashnet-master/trashnet-master/data/filtered_6class/train/PaperCardboard/paper415.jpg,,trashnet-master/trashnet-master/data/dataset-resized/paper/paper415.jpg,,,,,,,,
trashnet_train_paper296.jpg,TrashNet,image_classification,train,PaperCardboard,paper,trashnet-master/trashnet-master/data/filtered_6class/train/PaperCardboard/paper296.jpg,,trashnet-master/trashnet-master/data/dataset-resized/paper/paper296.jpg,,,,,,,,
trashnet_train_cardboard128.jpg,TrashNet,image_classification,train,PaperCardboard,cardboard,trashnet-master/trashnet-master/data/filtered_6class/train/PaperCardboard/cardboard128.jpg,,trashnet-master/trashnet-master/data/dataset-resized/cardboard/cardboard128.jpg,,,,,,,,
trashnet_train_paper49.jpg,TrashNet,image_classification,train,PaperCardboard,paper,trashnet-master/trashnet-master/data/filtered_6class/train/PaperCardboard/paper49.jpg,,trashnet-master/trashnet-master/data/dataset-resized/paper/paper49.jpg,,,,,,,,
trashnet_train_cardboard325.jpg,TrashNet,image_classification,train,PaperCardboard,cardboard,trashnet-master/trashnet-master/data/filtered_6class/train/PaperCardboard/cardboard325.jpg,,trashnet-master/trashnet-master/data/dataset-resized/cardboard/cardboard325.jpg,,,,,,,,
trashnet_train_paper127.jpg,TrashNet,image_classification,train,PaperCardboard,paper,trashnet-master/trashnet-master/data/filtered_6class/train/PaperCardboard/paper127.jpg,,trashnet-master/trashnet-master/data/dataset-resized/paper/paper127.jpg,,,,,,,,
trashnet_train_paper570.jpg,TrashNet,image_classification,train,PaperCardboard,paper,trashnet-master/trashnet-master/data/filtered_6class/train/PaperCardboard/paper570.jpg,,trashnet-master/trashnet-master/data/dataset-resized/paper/paper570.jpg,,,,,,,,
trashnet_train_cardboard270.jpg,TrashNet,image_classification,train,PaperCardboard,cardboard,trashnet-master/trashnet-master/data/filtered_6class/train/PaperCardboard/cardboard270.jpg,,trashnet-master/trashnet-master/data/dataset-resized/cardboard/cardboard270.jpg,,,,,,,,
trashnet_train_cardboard403.jpg,TrashNet,image_classification,train,PaperCardboard,cardboard,trashnet-master/trashnet-master/data/filtered_6class/train/PaperCardboard/cardboard403.jpg,,trashnet-master/trashnet-master/data/dataset-resized/cardboard/cardboard403.jpg,,,,,,,,
trashnet_train_paper238.jpg,TrashNet,image_classification,train,PaperCardboard,paper,trashnet-master/trashnet-master/data/filtered_6class/train/PaperCardboard/paper238.jpg,,trashnet-master/trashnet-master/data/dataset-resized/paper/paper238.jpg,,,,,,,,
trashnet_train_paper339.jpg,TrashNet,image_classification,train,PaperCardboard,paper,trashnet-master/trashnet-master/data/filtered_6class/train/PaperCardboard/paper339.jpg,,trashnet-master/trashnet-master/data/dataset-resized/paper/paper339.jpg,,,,,,,,
trashnet_train_cardboard370.jpg,TrashNet,image_classification,train,PaperCardboard,cardboard,trashnet-master/trashnet-master/data/filtered_6class/train/PaperCardboard/cardboard370.jpg,,trashnet-master/trashnet-master/data/dataset-resized/cardboard/cardboard370.jpg,,,,,,,,
trashnet_train_paper499.jpg,TrashNet,image_classification,train,PaperCardboard,paper,trashnet-master/trashnet-master/data/filtered_6class/train/PaperCardboard/paper499.jpg,,trashnet-master/trashnet-master/data/dataset-resized/paper/paper499.jpg,,,,,,,,
trashnet_train_paper592.jpg,TrashNet,image_classification,train,PaperCardboard,paper,trashnet-master/trashnet-master/data/filtered_6class/train/PaperCardboard/paper592.jpg,,trashnet-master/trashnet-master/data/dataset-resized/paper/paper592.jpg,,,,,,,,
trashnet_train_paper460.jpg,TrashNet,image_classification,train,PaperCardboard,paper,trashnet-master/trashnet-master/data/filtered_6class/train/PaperCardboard/paper460.jpg,,trashnet-master/trashnet-master/data/dataset-resized/paper/paper460.jpg,,,,,,,,
trashnet_train_paper434.jpg,TrashNet,image_classification,train,PaperCardboard,paper,trashnet-master/trashnet-master/data/filtered_6class/train/PaperCardboard/paper434.jpg,,trashnet-master/trashnet-master/data/dataset-resized/paper/paper434.jpg,,,,,,,,
trashnet_train_cardboard155.jpg,TrashNet,image_classification,train,PaperCardboard,cardboard,trashnet-master/trashnet-master/data/filtered_6class/train/PaperCardboard/cardboard155.jpg,,trashnet-master/trashnet-master/data/dataset-resized/cardboard/cardboard155.jpg,,,,,,,,
trashnet_train_cardboard68.jpg,TrashNet,image_classification,train,PaperCardboard,cardboard,trashnet-master/trashnet-master/data/filtered_6class/train/PaperCardboard/cardboard68.jpg,,trashnet-master/trashnet-master/data/dataset-resized/cardboard/cardboard68.jpg,,,,,,,,
trashnet_train_cardboard260.jpg,TrashNet,image_classification,train,PaperCardboard,cardboard,trashnet-master/trashnet-master/data/filtered_6class/train/PaperCardboard/cardboard260.jpg,,trashnet-master/trashnet-master/data/dataset-resized/cardboard/cardboard260.jpg,,,,,,,,
trashnet_train_paper200.jpg,TrashNet,image_classification,train,PaperCardboard,paper,trashnet-master/trashnet-master/data/filtered_6class/train/PaperCardboard/paper200.jpg,,trashnet-master/trashnet-master/data/dataset-resized/paper/paper200.jpg,,,,,,,,
trashnet_train_paper330.jpg,TrashNet,image_classification,train,PaperCardboard,paper,trashnet-master/trashnet-master/data/filtered_6class/train/PaperCardboard/paper330.jpg,,trashnet-master/trashnet-master/data/dataset-resized/paper/paper330.jpg,,,,,,,,
trashnet_train_cardboard113.jpg,TrashNet,image_classification,train,PaperCardboard,cardboard,trashnet-master/trashnet-master/data/filtered_6class/train/PaperCardboard/cardboard113.jpg,,trashnet-master/trashnet-master/data/dataset-resized/cardboard/cardboard113.jpg,,,,,,,,
trashnet_train_cardboard347.jpg,TrashNet,image_classification,train,PaperCardboard,cardboard,trashnet-master/trashnet-master/data/filtered_6class/train/PaperCardboard/cardboard347.jpg,,trashnet-master/trashnet-master/data/dataset-resized/cardboard/cardboard347.jpg,,,,,,,,
trashnet_train_paper372.jpg,TrashNet,image_classification,train,PaperCardboard,paper,trashnet-master/trashnet-master/data/filtered_6class/train/PaperCardboard/paper372.jpg,,trashnet-master/trashnet-master/data/dataset-resized/paper/paper372.jpg,,,,,,,,
trashnet_train_paper335.jpg,TrashNet,image_classification,train,PaperCardboard,paper,trashnet-master/trashnet-master/data/filtered_6class/train/PaperCardboard/paper335.jpg,,trashnet-master/trashnet-master/data/dataset-resized/paper/paper335.jpg,,,,,,,,
trashnet_train_cardboard385.jpg,TrashNet,image_classification,train,PaperCardboard,cardboard,trashnet-master/trashnet-master/data/filtered_6class/train/PaperCardboard/cardboard385.jpg,,trashnet-master/trashnet-master/data/dataset-resized/cardboard/cardboard385.jpg,,,,,,,,
trashnet_train_paper458.jpg,TrashNet,image_classification,train,PaperCardboard,paper,trashnet-master/trashnet-master/data/filtered_6class/train/PaperCardboard/paper458.jpg,,trashnet-master/trashnet-master/data/dataset-resized/paper/paper458.jpg,,,,,,,,
trashnet_train_paper305.jpg,TrashNet,image_classification,train,PaperCardboard,paper,trashnet-master/trashnet-master/data/filtered_6class/train/PaperCardboard/paper305.jpg,,trashnet-master/trashnet-master/data/dataset-resized/paper/paper305.jpg,,,,,,,,
trashnet_train_paper538.jpg,TrashNet,image_classification,train,PaperCardboard,paper,trashnet-master/trashnet-master/data/filtered_6class/train/PaperCardboard/paper538.jpg,,trashnet-master/trashnet-master/data/dataset-resized/paper/paper538.jpg,,,,,,,,
trashnet_train_paper158.jpg,TrashNet,image_classification,train,PaperCardboard,paper,trashnet-master/trashnet-master/data/filtered_6class/train/PaperCardboard/paper158.jpg,,trashnet-master/trashnet-master/data/dataset-resized/paper/paper158.jpg,,,,,,,,
trashnet_train_cardboard316.jpg,TrashNet,image_classification,train,PaperCardboard,cardboard,trashnet-master/trashnet-master/data/filtered_6class/train/PaperCardboard/cardboard316.jpg,,trashnet-master/trashnet-master/data/dataset-resized/cardboard/cardboard316.jpg,,,,,,,,
trashnet_train_paper488.jpg,TrashNet,image_classification,train,PaperCardboard,paper,trashnet-master/trashnet-master/data/filtered_6class/train/PaperCardboard/paper488.jpg,,trashnet-master/trashnet-master/data/dataset-resized/paper/paper488.jpg,,,,,,,,
trashnet_train_cardboard297.jpg,TrashNet,image_classification,train,PaperCardboard,cardboard,trashnet-master/trashnet-master/data/filtered_6class/train/PaperCardboard/cardboard297.jpg,,trashnet-master/trashnet-master/data/dataset-resized/cardboard/cardboard297.jpg,,,,,,,,
trashnet_train_paper147.jpg,TrashNet,image_classification,train,PaperCardboard,paper,trashnet-master/trashnet-master/data/filtered_6class/train/PaperCardboard/paper147.jpg,,trashnet-master/trashnet-master/data/dataset-resized/paper/paper147.jpg,,,,,,,,
trashnet_train_cardboard237.jpg,TrashNet,image_classification,train,PaperCardboard,cardboard,trashnet-master/trashnet-master/data/filtered_6class/train/PaperCardboard/cardboard237.jpg,,trashnet-master/trashnet-master/data/dataset-resized/cardboard/cardboard237.jpg,,,,,,,,
trashnet_train_paper574.jpg,TrashNet,image_classification,train,PaperCardboard,paper,trashnet-master/trashnet-master/data/filtered_6class/train/PaperCardboard/paper574.jpg,,trashnet-master/trashnet-master/data/dataset-resized/paper/paper574.jpg,,,,,,,,
trashnet_train_paper113.jpg,TrashNet,image_classification,train,PaperCardboard,paper,trashnet-master/trashnet-master/data/filtered_6class/train/PaperCardboard/paper113.jpg,,trashnet-master/trashnet-master/data/dataset-resized/paper/paper113.jpg,,,,,,,,
trashnet_train_cardboard94.jpg,TrashNet,image_classification,train,PaperCardboard,cardboard,trashnet-master/trashnet-master/data/filtered_6class/train/PaperCardboard/cardboard94.jpg,,trashnet-master/trashnet-master/data/dataset-resized/cardboard/cardboard94.jpg,,,,,,,,
trashnet_train_paper318.jpg,TrashNet,image_classification,train,PaperCardboard,paper,trashnet-master/trashnet-master/data/filtered_6class/train/PaperCardboard/paper318.jpg,,trashnet-master/trashnet-master/data/dataset-resized/paper/paper318.jpg,,,,,,,,
trashnet_train_paper429.jpg,TrashNet,image_classification,train,PaperCardboard,paper,trashnet-master/trashnet-master/data/filtered_6class/train/PaperCardboard/paper429.jpg,,trashnet-master/trashnet-master/data/dataset-resized/paper/paper429.jpg,,,,,,,,
trashnet_train_cardboard244.jpg,TrashNet,image_classification,train,PaperCardboard,cardboard,trashnet-master/trashnet-master/data/filtered_6class/train/PaperCardboard/cardboard244.jpg,,trashnet-master/trashnet-master/data/dataset-resized/cardboard/cardboard244.jpg,,,,,,,,
trashnet_train_cardboard222.jpg,TrashNet,image_classification,train,PaperCardboard,cardboard,trashnet-master/trashnet-master/data/filtered_6class/train/PaperCardboard/cardboard222.jpg,,trashnet-master/trashnet-master/data/dataset-resized/cardboard/cardboard222.jpg,,,,,,,,
trashnet_train_cardboard42.jpg,TrashNet,image_classification,train,PaperCardboard,cardboard,trashnet-master/trashnet-master/data/filtered_6class/train/PaperCardboard/cardboard42.jpg,,trashnet-master/trashnet-master/data/dataset-resized/cardboard/cardboard42.jpg,,,,,,,,
trashnet_train_paper20.jpg,TrashNet,image_classification,train,PaperCardboard,paper,trashnet-master/trashnet-master/data/filtered_6class/train/PaperCardboard/paper20.jpg,,trashnet-master/trashnet-master/data/dataset-resized/paper/paper20.jpg,,,,,,,,
trashnet_train_paper26.jpg,TrashNet,image_classification,train,PaperCardboard,paper,trashnet-master/trashnet-master/data/filtered_6class/train/PaperCardboard/paper26.jpg,,trashnet-master/trashnet-master/data/dataset-resized/paper/paper26.jpg,,,,,,,,
trashnet_train_cardboard226.jpg,TrashNet,image_classification,train,PaperCardboard,cardboard,trashnet-master/trashnet-master/data/filtered_6class/train/PaperCardboard/cardboard226.jpg,,trashnet-master/trashnet-master/data/dataset-resized/cardboard/cardboard226.jpg,,,,,,,,
trashnet_train_paper219.jpg,TrashNet,image_classification,train,PaperCardboard,paper,trashnet-master/trashnet-master/data/filtered_6class/train/PaperCardboard/paper219.jpg,,trashnet-master/trashnet-master/data/dataset-resized/paper/paper219.jpg,,,,,,,,
trashnet_train_cardboard73.jpg,TrashNet,image_classification,train,PaperCardboard,cardboard,trashnet-master/trashnet-master/data/filtered_6class/train/PaperCardboard/cardboard73.jpg,,trashnet-master/trashnet-master/data/dataset-resized/cardboard/cardboard73.jpg,,,,,,,,
trashnet_train_paper354.jpg,TrashNet,image_classification,train,PaperCardboard,paper,trashnet-master/trashnet-master/data/filtered_6class/train/PaperCardboard/paper354.jpg,,trashnet-master/trashnet-master/data/dataset-resized/paper/paper354.jpg,,,,,,,,
trashnet_train_cardboard288.jpg,TrashNet,image_classification,train,PaperCardboard,cardboard,trashnet-master/trashnet-master/data/filtered_6class/train/PaperCardboard/cardboard288.jpg,,trashnet-master/trashnet-master/data/dataset-resized/cardboard/cardboard288.jpg,,,,,,,,
trashnet_train_paper235.jpg,TrashNet,image_classification,train,PaperCardboard,paper,trashnet-master/trashnet-master/data/filtered_6class/train/PaperCardboard/paper235.jpg,,trashnet-master/trashnet-master/data/dataset-resized/paper/paper235.jpg,,,,,,,,
trashnet_train_cardboard230.jpg,TrashNet,image_classification,train,PaperCardboard,cardboard,trashnet-master/trashnet-master/data/filtered_6class/train/PaperCardboard/cardboard230.jpg,,trashnet-master/trashnet-master/data/dataset-resized/cardboard/cardboard230.jpg,,,,,,,,
trashnet_train_paper313.jpg,TrashNet,image_classification,train,PaperCardboard,paper,trashnet-master/trashnet-master/data/filtered_6class/train/PaperCardboard/paper313.jpg,,trashnet-master/trashnet-master/data/dataset-resized/paper/paper313.jpg,,,,,,,,
trashnet_train_paper299.jpg,TrashNet,image_classification,train,PaperCardboard,paper,trashnet-master/trashnet-master/data/filtered_6class/train/PaperCardboard/paper299.jpg,,trashnet-master/trashnet-master/data/dataset-resized/paper/paper299.jpg,,,,,,,,
trashnet_train_paper290.jpg,TrashNet,image_classification,train,PaperCardboard,paper,trashnet-master/trashnet-master/data/filtered_6class/train/PaperCardboard/paper290.jpg,,trashnet-master/trashnet-master/data/dataset-resized/paper/paper290.jpg,,,,,,,,
trashnet_train_cardboard221.jpg,TrashNet,image_classification,train,PaperCardboard,cardboard,trashnet-master/trashnet-master/data/filtered_6class/train/PaperCardboard/cardboard221.jpg,,trashnet-master/trashnet-master/data/dataset-resized/cardboard/cardboard221.jpg,,,,,,,,
trashnet_train_paper289.jpg,TrashNet,image_classification,train,PaperCardboard,paper,trashnet-master/trashnet-master/data/filtered_6class/train/PaperCardboard/paper289.jpg,,trashnet-master/trashnet-master/data/dataset-resized/paper/paper289.jpg,,,,,,,,
trashnet_train_paper214.jpg,TrashNet,image_classification,train,PaperCardboard,paper,trashnet-master/trashnet-master/data/filtered_6class/train/PaperCardboard/paper214.jpg,,trashnet-master/trashnet-master/data/dataset-resized/paper/paper214.jpg,,,,,,,,
trashnet_train_cardboard303.jpg,TrashNet,image_classification,train,PaperCardboard,cardboard,trashnet-master/trashnet-master/data/filtered_6class/train/PaperCardboard/cardboard303.jpg,,trashnet-master/trashnet-master/data/dataset-resized/cardboard/cardboard303.jpg,,,,,,,,
trashnet_train_cardboard376.jpg,TrashNet,image_classification,train,PaperCardboard,cardboard,trashnet-master/trashnet-master/data/filtered_6class/train/PaperCardboard/cardboard376.jpg,,trashnet-master/trashnet-master/data/dataset-resized/cardboard/cardboard376.jpg,,,,,,,,
trashnet_train_paper145.jpg,TrashNet,image_classification,train,PaperCardboard,paper,trashnet-master/trashnet-master/data/filtered_6class/train/PaperCardboard/paper145.jpg,,trashnet-master/trashnet-master/data/dataset-resized/paper/paper145.jpg,,,,,,,,
trashnet_train_cardboard399.jpg,TrashNet,image_classification,train,PaperCardboard,cardboard,trashnet-master/trashnet-master/data/filtered_6class/train/PaperCardboard/cardboard399.jpg,,trashnet-master/trashnet-master/data/dataset-resized/cardboard/cardboard399.jpg,,,,,,,,
trashnet_train_paper295.jpg,TrashNet,image_classification,train,PaperCardboard,paper,trashnet-master/trashnet-master/data/filtered_6class/train/PaperCardboard/paper295.jpg,,trashnet-master/trashnet-master/data/dataset-resized/paper/paper295.jpg,,,,,,,,
trashnet_train_cardboard38.jpg,TrashNet,image_classification,train,PaperCardboard,cardboard,trashnet-master/trashnet-master/data/filtered_6class/train/PaperCardboard/cardboard38.jpg,,trashnet-master/trashnet-master/data/dataset-resized/cardboard/cardboard38.jpg,,,,,,,,
trashnet_train_cardboard104.jpg,TrashNet,image_classification,train,PaperCardboard,cardboard,trashnet-master/trashnet-master/data/filtered_6class/train/PaperCardboard/cardboard104.jpg,,trashnet-master/trashnet-master/data/dataset-resized/cardboard/cardboard104.jpg,,,,,,,,
trashnet_train_paper211.jpg,TrashNet,image_classification,train,PaperCardboard,paper,trashnet-master/trashnet-master/data/filtered_6class/train/PaperCardboard/paper211.jpg,,trashnet-master/trashnet-master/data/dataset-resized/paper/paper211.jpg,,,,,,,,
trashnet_train_cardboard143.jpg,TrashNet,image_classification,train,PaperCardboard,cardboard,trashnet-master/trashnet-master/data/filtered_6class/train/PaperCardboard/cardboard143.jpg,,trashnet-master/trashnet-master/data/dataset-resized/cardboard/cardboard143.jpg,,,,,,,,
trashnet_train_cardboard87.jpg,TrashNet,image_classification,train,PaperCardboard,cardboard,trashnet-master/trashnet-master/data/filtered_6class/train/PaperCardboard/cardboard87.jpg,,trashnet-master/trashnet-master/data/dataset-resized/cardboard/cardboard87.jpg,,,,,,,,
trashnet_train_cardboard286.jpg,TrashNet,image_classification,train,PaperCardboard,cardboard,trashnet-master/trashnet-master/data/filtered_6class/train/PaperCardboard/cardboard286.jpg,,trashnet-master/trashnet-master/data/dataset-resized/cardboard/cardboard286.jpg,,,,,,,,
trashnet_train_paper155.jpg,TrashNet,image_classification,train,PaperCardboard,paper,trashnet-master/trashnet-master/data/filtered_6class/train/PaperCardboard/paper155.jpg,,trashnet-master/trashnet-master/data/dataset-resized/paper/paper155.jpg,,,,,,,,
trashnet_train_cardboard159.jpg,TrashNet,image_classification,train,PaperCardboard,cardboard,trashnet-master/trashnet-master/data/filtered_6class/train/PaperCardboard/cardboard159.jpg,,trashnet-master/trashnet-master/data/dataset-resized/cardboard/cardboard159.jpg,,,,,,,,
trashnet_train_paper438.jpg,TrashNet,image_classification,train,PaperCardboard,paper,trashnet-master/trashnet-master/data/filtered_6class/train/PaperCardboard/paper438.jpg,,trashnet-master/trashnet-master/data/dataset-resized/paper/paper438.jpg,,,,,,,,
trashnet_train_paper74.jpg,TrashNet,image_classification,train,PaperCardboard,paper,trashnet-master/trashnet-master/data/filtered_6class/train/PaperCardboard/paper74.jpg,,trashnet-master/trashnet-master/data/dataset-resized/paper/paper74.jpg,,,,,,,,
trashnet_train_paper433.jpg,TrashNet,image_classification,train,PaperCardboard,paper,trashnet-master/trashnet-master/data/filtered_6class/train/PaperCardboard/paper433.jpg,,trashnet-master/trashnet-master/data/dataset-resized/paper/paper433.jpg,,,,,,,,
trashnet_train_paper316.jpg,TrashNet,image_classification,train,PaperCardboard,paper,trashnet-master/trashnet-master/data/filtered_6class/train/PaperCardboard/paper316.jpg,,trashnet-master/trashnet-master/data/dataset-resized/paper/paper316.jpg,,,,,,,,
trashnet_train_paper509.jpg,TrashNet,image_classification,train,PaperCardboard,paper,trashnet-master/trashnet-master/data/filtered_6class/train/PaperCardboard/paper509.jpg,,trashnet-master/trashnet-master/data/dataset-resized/paper/paper509.jpg,,,,,,,,
trashnet_train_cardboard210.jpg,TrashNet,image_classification,train,PaperCardboard,cardboard,trashnet-master/trashnet-master/data/filtered_6class/train/PaperCardboard/cardboard210.jpg,,trashnet-master/trashnet-master/data/dataset-resized/cardboard/cardboard210.jpg,,,,,,,,
trashnet_train_paper3.jpg,TrashNet,image_classification,train,PaperCardboard,paper,trashnet-master/trashnet-master/data/filtered_6class/train/PaperCardboard/paper3.jpg,,trashnet-master/trashnet-master/data/dataset-resized/paper/paper3.jpg,,,,,,,,
trashnet_train_paper79.jpg,TrashNet,image_classification,train,PaperCardboard,paper,trashnet-master/trashnet-master/data/filtered_6class/train/PaperCardboard/paper79.jpg,,trashnet-master/trashnet-master/data/dataset-resized/paper/paper79.jpg,,,,,,,,
trashnet_train_paper129.jpg,TrashNet,image_classification,train,PaperCardboard,paper,trashnet-master/trashnet-master/data/filtered_6class/train/PaperCardboard/paper129.jpg,,trashnet-master/trashnet-master/data/dataset-resized/paper/paper129.jpg,,,,,,,,
trashnet_train_paper357.jpg,TrashNet,image_classification,train,PaperCardboard,paper,trashnet-master/trashnet-master/data/filtered_6class/train/PaperCardboard/paper357.jpg,,trashnet-master/trashnet-master/data/dataset-resized/paper/paper357.jpg,,,,,,,,
trashnet_train_cardboard319.jpg,TrashNet,image_classification,train,PaperCardboard,cardboard,trashnet-master/trashnet-master/data/filtered_6class/train/PaperCardboard/cardboard319.jpg,,trashnet-master/trashnet-master/data/dataset-resized/cardboard/cardboard319.jpg,,,,,,,,
trashnet_train_cardboard281.jpg,TrashNet,image_classification,train,PaperCardboard,cardboard,trashnet-master/trashnet-master/data/filtered_6class/train/PaperCardboard/cardboard281.jpg,,trashnet-master/trashnet-master/data/dataset-resized/cardboard/cardboard281.jpg,,,,,,,,
trashnet_train_paper190.jpg,TrashNet,image_classification,train,PaperCardboard,paper,trashnet-master/trashnet-master/data/filtered_6class/train/PaperCardboard/paper190.jpg,,trashnet-master/trashnet-master/data/dataset-resized/paper/paper190.jpg,,,,,,,,
trashnet_train_cardboard291.jpg,TrashNet,image_classification,train,PaperCardboard,cardboard,trashnet-master/trashnet-master/data/filtered_6class/train/PaperCardboard/cardboard291.jpg,,trashnet-master/trashnet-master/data/dataset-resized/cardboard/cardboard291.jpg,,,,,,,,
trashnet_train_cardboard24.jpg,TrashNet,image_classification,train,PaperCardboard,cardboard,trashnet-master/trashnet-master/data/filtered_6class/train/PaperCardboard/cardboard24.jpg,,trashnet-master/trashnet-master/data/dataset-resized/cardboard/cardboard24.jpg,,,,,,,,
trashnet_train_paper486.jpg,TrashNet,image_classification,train,PaperCardboard,paper,trashnet-master/trashnet-master/data/filtered_6class/train/PaperCardboard/paper486.jpg,,trashnet-master/trashnet-master/data/dataset-resized/paper/paper486.jpg,,,,,,,,
trashnet_train_paper62.jpg,TrashNet,image_classification,train,PaperCardboard,paper,trashnet-master/trashnet-master/data/filtered_6class/train/PaperCardboard/paper62.jpg,,trashnet-master/trashnet-master/data/dataset-resized/paper/paper62.jpg,,,,,,,,
trashnet_train_paper440.jpg,TrashNet,image_classification,train,PaperCardboard,paper,trashnet-master/trashnet-master/data/filtered_6class/train/PaperCardboard/paper440.jpg,,trashnet-master/trashnet-master/data/dataset-resized/paper/paper440.jpg,,,,,,,,
trashnet_train_cardboard93.jpg,TrashNet,image_classification,train,PaperCardboard,cardboard,trashnet-master/trashnet-master/data/filtered_6class/train/PaperCardboard/cardboard93.jpg,,trashnet-master/trashnet-master/data/dataset-resized/cardboard/cardboard93.jpg,,,,,,,,
trashnet_train_paper457.jpg,TrashNet,image_classification,train,PaperCardboard,paper,trashnet-master/trashnet-master/data/filtered_6class/train/PaperCardboard/paper457.jpg,,trashnet-master/trashnet-master/data/dataset-resized/paper/paper457.jpg,,,,,,,,
trashnet_train_paper223.jpg,TrashNet,image_classification,train,PaperCardboard,paper,trashnet-master/trashnet-master/data/filtered_6class/train/PaperCardboard/paper223.jpg,,trashnet-master/trashnet-master/data/dataset-resized/paper/paper223.jpg,,,,,,,,
trashnet_train_paper6.jpg,TrashNet,image_classification,train,PaperCardboard,paper,trashnet-master/trashnet-master/data/filtered_6class/train/PaperCardboard/paper6.jpg,,trashnet-master/trashnet-master/data/dataset-resized/paper/paper6.jpg,,,,,,,,
trashnet_train_cardboard220.jpg,TrashNet,image_classification,train,PaperCardboard,cardboard,trashnet-master/trashnet-master/data/filtered_6class/train/PaperCardboard/cardboard220.jpg,,trashnet-master/trashnet-master/data/dataset-resized/cardboard/cardboard220.jpg,,,,,,,,
trashnet_train_cardboard14.jpg,TrashNet,image_classification,train,PaperCardboard,cardboard,trashnet-master/trashnet-master/data/filtered_6class/train/PaperCardboard/cardboard14.jpg,,trashnet-master/trashnet-master/data/dataset-resized/cardboard/cardboard14.jpg,,,,,,,,
trashnet_train_cardboard356.jpg,TrashNet,image_classification,train,PaperCardboard,cardboard,trashnet-master/trashnet-master/data/filtered_6class/train/PaperCardboard/cardboard356.jpg,,trashnet-master/trashnet-master/data/dataset-resized/cardboard/cardboard356.jpg,,,,,,,,
trashnet_train_paper553.jpg,TrashNet,image_classification,train,PaperCardboard,paper,trashnet-master/trashnet-master/data/filtered_6class/train/PaperCardboard/paper553.jpg,,trashnet-master/trashnet-master/data/dataset-resized/paper/paper553.jpg,,,,,,,,
trashnet_train_cardboard58.jpg,TrashNet,image_classification,train,PaperCardboard,cardboard,trashnet-master/trashnet-master/data/filtered_6class/train/PaperCardboard/cardboard58.jpg,,trashnet-master/trashnet-master/data/dataset-resized/cardboard/cardboard58.jpg,,,,,,,,
trashnet_train_paper133.jpg,TrashNet,image_classification,train,PaperCardboard,paper,trashnet-master/trashnet-master/data/filtered_6class/train/PaperCardboard/paper133.jpg,,trashnet-master/trashnet-master/data/dataset-resized/paper/paper133.jpg,,,,,,,,
trashnet_train_paper140.jpg,TrashNet,image_classification,train,PaperCardboard,paper,trashnet-master/trashnet-master/data/filtered_6class/train/PaperCardboard/paper140.jpg,,trashnet-master/trashnet-master/data/dataset-resized/paper/paper140.jpg,,,,,,,,
trashnet_train_paper228.jpg,TrashNet,image_classification,train,PaperCardboard,paper,trashnet-master/trashnet-master/data/filtered_6class/train/PaperCardboard/paper228.jpg,,trashnet-master/trashnet-master/data/dataset-resized/paper/paper228.jpg,,,,,,,,
trashnet_train_paper206.jpg,TrashNet,image_classification,train,PaperCardboard,paper,trashnet-master/trashnet-master/data/filtered_6class/train/PaperCardboard/paper206.jpg,,trashnet-master/trashnet-master/data/dataset-resized/paper/paper206.jpg,,,,,,,,
trashnet_train_cardboard377.jpg,TrashNet,image_classification,train,PaperCardboard,cardboard,trashnet-master/trashnet-master/data/filtered_6class/train/PaperCardboard/cardboard377.jpg,,trashnet-master/trashnet-master/data/dataset-resized/cardboard/cardboard377.jpg,,,,,,,,
trashnet_train_cardboard166.jpg,TrashNet,image_classification,train,PaperCardboard,cardboard,trashnet-master/trashnet-master/data/filtered_6class/train/PaperCardboard/cardboard166.jpg,,trashnet-master/trashnet-master/data/dataset-resized/cardboard/cardboard166.jpg,,,,,,,,
trashnet_train_paper527.jpg,TrashNet,image_classification,train,PaperCardboard,paper,trashnet-master/trashnet-master/data/filtered_6class/train/PaperCardboard/paper527.jpg,,trashnet-master/trashnet-master/data/dataset-resized/paper/paper527.jpg,,,,,,,,
trashnet_train_paper157.jpg,TrashNet,image_classification,train,PaperCardboard,paper,trashnet-master/trashnet-master/data/filtered_6class/train/PaperCardboard/paper157.jpg,,trashnet-master/trashnet-master/data/dataset-resized/paper/paper157.jpg,,,,,,,,
trashnet_train_paper302.jpg,TrashNet,image_classification,train,PaperCardboard,paper,trashnet-master/trashnet-master/data/filtered_6class/train/PaperCardboard/paper302.jpg,,trashnet-master/trashnet-master/data/dataset-resized/paper/paper302.jpg,,,,,,,,
trashnet_train_paper400.jpg,TrashNet,image_classification,train,PaperCardboard,paper,trashnet-master/trashnet-master/data/filtered_6class/train/PaperCardboard/paper400.jpg,,trashnet-master/trashnet-master/data/dataset-resized/paper/paper400.jpg,,,,,,,,
trashnet_train_paper81.jpg,TrashNet,image_classification,train,PaperCardboard,paper,trashnet-master/trashnet-master/data/filtered_6class/train/PaperCardboard/paper81.jpg,,trashnet-master/trashnet-master/data/dataset-resized/paper/paper81.jpg,,,,,,,,
trashnet_train_paper121.jpg,TrashNet,image_classification,train,PaperCardboard,paper,trashnet-master/trashnet-master/data/filtered_6class/train/PaperCardboard/paper121.jpg,,trashnet-master/trashnet-master/data/dataset-resized/paper/paper121.jpg,,,,,,,,
trashnet_train_paper533.jpg,TrashNet,image_classification,train,PaperCardboard,paper,trashnet-master/trashnet-master/data/filtered_6class/train/PaperCardboard/paper533.jpg,,trashnet-master/trashnet-master/data/dataset-resized/paper/paper533.jpg,,,,,,,,
trashnet_train_cardboard339.jpg,TrashNet,image_classification,train,PaperCardboard,cardboard,trashnet-master/trashnet-master/data/filtered_6class/train/PaperCardboard/cardboard339.jpg,,trashnet-master/trashnet-master/data/dataset-resized/cardboard/cardboard339.jpg,,,,,,,,
trashnet_train_paper199.jpg,TrashNet,image_classification,train,PaperCardboard,paper,trashnet-master/trashnet-master/data/filtered_6class/train/PaperCardboard/paper199.jpg,,trashnet-master/trashnet-master/data/dataset-resized/paper/paper199.jpg,,,,,,,,
trashnet_train_paper441.jpg,TrashNet,image_classification,train,PaperCardboard,paper,trashnet-master/trashnet-master/data/filtered_6class/train/PaperCardboard/paper441.jpg,,trashnet-master/trashnet-master/data/dataset-resized/paper/paper441.jpg,,,,,,,,
trashnet_train_cardboard160.jpg,TrashNet,image_classification,train,PaperCardboard,cardboard,trashnet-master/trashnet-master/data/filtered_6class/train/PaperCardboard/cardboard160.jpg,,trashnet-master/trashnet-master/data/dataset-resized/cardboard/cardboard160.jpg,,,,,,,,
trashnet_train_paper340.jpg,TrashNet,image_classification,train,PaperCardboard,paper,trashnet-master/trashnet-master/data/filtered_6class/train/PaperCardboard/paper340.jpg,,trashnet-master/trashnet-master/data/dataset-resized/paper/paper340.jpg,,,,,,,,
trashnet_train_paper439.jpg,TrashNet,image_classification,train,PaperCardboard,paper,trashnet-master/trashnet-master/data/filtered_6class/train/PaperCardboard/paper439.jpg,,trashnet-master/trashnet-master/data/dataset-resized/paper/paper439.jpg,,,,,,,,
trashnet_train_cardboard360.jpg,TrashNet,image_classification,train,PaperCardboard,cardboard,trashnet-master/trashnet-master/data/filtered_6class/train/PaperCardboard/cardboard360.jpg,,trashnet-master/trashnet-master/data/dataset-resized/cardboard/cardboard360.jpg,,,,,,,,
trashnet_train_paper212.jpg,TrashNet,image_classification,train,PaperCardboard,paper,trashnet-master/trashnet-master/data/filtered_6class/train/PaperCardboard/paper212.jpg,,trashnet-master/trashnet-master/data/dataset-resized/paper/paper212.jpg,,,,,,,,
trashnet_train_paper594.jpg,TrashNet,image_classification,train,PaperCardboard,paper,trashnet-master/trashnet-master/data/filtered_6class/train/PaperCardboard/paper594.jpg,,trashnet-master/trashnet-master/data/dataset-resized/paper/paper594.jpg,,,,,,,,
trashnet_train_cardboard89.jpg,TrashNet,image_classification,train,PaperCardboard,cardboard,trashnet-master/trashnet-master/data/filtered_6class/train/PaperCardboard/cardboard89.jpg,,trashnet-master/trashnet-master/data/dataset-resized/cardboard/cardboard89.jpg,,,,,,,,
trashnet_train_cardboard320.jpg,TrashNet,image_classification,train,PaperCardboard,cardboard,trashnet-master/trashnet-master/data/filtered_6class/train/PaperCardboard/cardboard320.jpg,,trashnet-master/trashnet-master/data/dataset-resized/cardboard/cardboard320.jpg,,,,,,,,
trashnet_train_paper463.jpg,TrashNet,image_classification,train,PaperCardboard,paper,trashnet-master/trashnet-master/data/filtered_6class/train/PaperCardboard/paper463.jpg,,trashnet-master/trashnet-master/data/dataset-resized/paper/paper463.jpg,,,,,,,,
trashnet_train_cardboard132.jpg,TrashNet,image_classification,train,PaperCardboard,cardboard,trashnet-master/trashnet-master/data/filtered_6class/train/PaperCardboard/cardboard132.jpg,,trashnet-master/trashnet-master/data/dataset-resized/cardboard/cardboard132.jpg,,,,,,,,
trashnet_train_cardboard327.jpg,TrashNet,image_classification,train,PaperCardboard,cardboard,trashnet-master/trashnet-master/data/filtered_6class/train/PaperCardboard/cardboard327.jpg,,trashnet-master/trashnet-master/data/dataset-resized/cardboard/cardboard327.jpg,,,,,,,,
trashnet_train_paper78.jpg,TrashNet,image_classification,train,PaperCardboard,paper,trashnet-master/trashnet-master/data/filtered_6class/train/PaperCardboard/paper78.jpg,,trashnet-master/trashnet-master/data/dataset-resized/paper/paper78.jpg,,,,,,,,
trashnet_train_paper465.jpg,TrashNet,image_classification,train,PaperCardboard,paper,trashnet-master/trashnet-master/data/filtered_6class/train/PaperCardboard/paper465.jpg,,trashnet-master/trashnet-master/data/dataset-resized/paper/paper465.jpg,,,,,,,,
trashnet_train_paper307.jpg,TrashNet,image_classification,train,PaperCardboard,paper,trashnet-master/trashnet-master/data/filtered_6class/train/PaperCardboard/paper307.jpg,,trashnet-master/trashnet-master/data/dataset-resized/paper/paper307.jpg,,,,,,,,
trashnet_train_paper229.jpg,TrashNet,image_classification,train,PaperCardboard,paper,trashnet-master/trashnet-master/data/filtered_6class/train/PaperCardboard/paper229.jpg,,trashnet-master/trashnet-master/data/dataset-resized/paper/paper229.jpg,,,,,,,,
trashnet_train_paper169.jpg,TrashNet,image_classification,train,PaperCardboard,paper,trashnet-master/trashnet-master/data/filtered_6class/train/PaperCardboard/paper169.jpg,,trashnet-master/trashnet-master/data/dataset-resized/paper/paper169.jpg,,,,,,,,
trashnet_train_cardboard6.jpg,TrashNet,image_classification,train,PaperCardboard,cardboard,trashnet-master/trashnet-master/data/filtered_6class/train/PaperCardboard/cardboard6.jpg,,trashnet-master/trashnet-master/data/dataset-resized/cardboard/cardboard6.jpg,,,,,,,,
trashnet_train_cardboard8.jpg,TrashNet,image_classification,train,PaperCardboard,cardboard,trashnet-master/trashnet-master/data/filtered_6class/train/PaperCardboard/cardboard8.jpg,,trashnet-master/trashnet-master/data/dataset-resized/cardboard/cardboard8.jpg,,,,,,,,
trashnet_train_cardboard236.jpg,TrashNet,image_classification,train,PaperCardboard,cardboard,trashnet-master/trashnet-master/data/filtered_6class/train/PaperCardboard/cardboard236.jpg,,trashnet-master/trashnet-master/data/dataset-resized/cardboard/cardboard236.jpg,,,,,,,,
trashnet_train_cardboard131.jpg,TrashNet,image_classification,train,PaperCardboard,cardboard,trashnet-master/trashnet-master/data/filtered_6class/train/PaperCardboard/cardboard131.jpg,,trashnet-master/trashnet-master/data/dataset-resized/cardboard/cardboard131.jpg,,,,,,,,
trashnet_train_paper543.jpg,TrashNet,image_classification,train,PaperCardboard,paper,trashnet-master/trashnet-master/data/filtered_6class/train/PaperCardboard/paper543.jpg,,trashnet-master/trashnet-master/data/dataset-resized/paper/paper543.jpg,,,,,,,,
trashnet_train_paper336.jpg,TrashNet,image_classification,train,PaperCardboard,paper,trashnet-master/trashnet-master/data/filtered_6class/train/PaperCardboard/paper336.jpg,,trashnet-master/trashnet-master/data/dataset-resized/paper/paper336.jpg,,,,,,,,
trashnet_train_paper250.jpg,TrashNet,image_classification,train,PaperCardboard,paper,trashnet-master/trashnet-master/data/filtered_6class/train/PaperCardboard/paper250.jpg,,trashnet-master/trashnet-master/data/dataset-resized/paper/paper250.jpg,,,,,,,,
trashnet_train_cardboard307.jpg,TrashNet,image_classification,train,PaperCardboard,cardboard,trashnet-master/trashnet-master/data/filtered_6class/train/PaperCardboard/cardboard307.jpg,,trashnet-master/trashnet-master/data/dataset-resized/cardboard/cardboard307.jpg,,,,,,,,
trashnet_train_paper561.jpg,TrashNet,image_classification,train,PaperCardboard,paper,trashnet-master/trashnet-master/data/filtered_6class/train/PaperCardboard/paper561.jpg,,trashnet-master/trashnet-master/data/dataset-resized/paper/paper561.jpg,,,,,,,,
trashnet_train_cardboard199.jpg,TrashNet,image_classification,train,PaperCardboard,cardboard,trashnet-master/trashnet-master/data/filtered_6class/train/PaperCardboard/cardboard199.jpg,,trashnet-master/trashnet-master/data/dataset-resized/cardboard/cardboard199.jpg,,,,,,,,
trashnet_train_paper436.jpg,TrashNet,image_classification,train,PaperCardboard,paper,trashnet-master/trashnet-master/data/filtered_6class/train/PaperCardboard/paper436.jpg,,trashnet-master/trashnet-master/data/dataset-resized/paper/paper436.jpg,,,,,,,,
trashnet_train_cardboard9.jpg,TrashNet,image_classification,train,PaperCardboard,cardboard,trashnet-master/trashnet-master/data/filtered_6class/train/PaperCardboard/cardboard9.jpg,,trashnet-master/trashnet-master/data/dataset-resized/cardboard/cardboard9.jpg,,,,,,,,
trashnet_train_paper220.jpg,TrashNet,image_classification,train,PaperCardboard,paper,trashnet-master/trashnet-master/data/filtered_6class/train/PaperCardboard/paper220.jpg,,trashnet-master/trashnet-master/data/dataset-resized/paper/paper220.jpg,,,,,,,,
trashnet_train_paper284.jpg,TrashNet,image_classification,train,PaperCardboard,paper,trashnet-master/trashnet-master/data/filtered_6class/train/PaperCardboard/paper284.jpg,,trashnet-master/trashnet-master/data/dataset-resized/paper/paper284.jpg,,,,,,,,
trashnet_train_cardboard196.jpg,TrashNet,image_classification,train,PaperCardboard,cardboard,trashnet-master/trashnet-master/data/filtered_6class/train/PaperCardboard/cardboard196.jpg,,trashnet-master/trashnet-master/data/dataset-resized/cardboard/cardboard196.jpg,,,,,,,,
trashnet_train_cardboard306.jpg,TrashNet,image_classification,train,PaperCardboard,cardboard,trashnet-master/trashnet-master/data/filtered_6class/train/PaperCardboard/cardboard306.jpg,,trashnet-master/trashnet-master/data/dataset-resized/cardboard/cardboard306.jpg,,,,,,,,
trashnet_train_paper40.jpg,TrashNet,image_classification,train,PaperCardboard,paper,trashnet-master/trashnet-master/data/filtered_6class/train/PaperCardboard/paper40.jpg,,trashnet-master/trashnet-master/data/dataset-resized/paper/paper40.jpg,,,,,,,,
trashnet_train_cardboard156.jpg,TrashNet,image_classification,train,PaperCardboard,cardboard,trashnet-master/trashnet-master/data/filtered_6class/train/PaperCardboard/cardboard156.jpg,,trashnet-master/trashnet-master/data/dataset-resized/cardboard/cardboard156.jpg,,,,,,,,
trashnet_train_cardboard216.jpg,TrashNet,image_classification,train,PaperCardboard,cardboard,trashnet-master/trashnet-master/data/filtered_6class/train/PaperCardboard/cardboard216.jpg,,trashnet-master/trashnet-master/data/dataset-resized/cardboard/cardboard216.jpg,,,,,,,,
trashnet_train_cardboard334.jpg,TrashNet,image_classification,train,PaperCardboard,cardboard,trashnet-master/trashnet-master/data/filtered_6class/train/PaperCardboard/cardboard334.jpg,,trashnet-master/trashnet-master/data/dataset-resized/cardboard/cardboard334.jpg,,,,,,,,
trashnet_train_paper435.jpg,TrashNet,image_classification,train,PaperCardboard,paper,trashnet-master/trashnet-master/data/filtered_6class/train/PaperCardboard/paper435.jpg,,trashnet-master/trashnet-master/data/dataset-resized/paper/paper435.jpg,,,,,,,,
trashnet_train_cardboard283.jpg,TrashNet,image_classification,train,PaperCardboard,cardboard,trashnet-master/trashnet-master/data/filtered_6class/train/PaperCardboard/cardboard283.jpg,,trashnet-master/trashnet-master/data/dataset-resized/cardboard/cardboard283.jpg,,,,,,,,
trashnet_train_paper13.jpg,TrashNet,image_classification,train,PaperCardboard,paper,trashnet-master/trashnet-master/data/filtered_6class/train/PaperCardboard/paper13.jpg,,trashnet-master/trashnet-master/data/dataset-resized/paper/paper13.jpg,,,,,,,,
trashnet_train_paper505.jpg,TrashNet,image_classification,train,PaperCardboard,paper,trashnet-master/trashnet-master/data/filtered_6class/train/PaperCardboard/paper505.jpg,,trashnet-master/trashnet-master/data/dataset-resized/paper/paper505.jpg,,,,,,,,
trashnet_train_paper384.jpg,TrashNet,image_classification,train,PaperCardboard,paper,trashnet-master/trashnet-master/data/filtered_6class/train/PaperCardboard/paper384.jpg,,trashnet-master/trashnet-master/data/dataset-resized/paper/paper384.jpg,,,,,,,,
trashnet_train_cardboard49.jpg,TrashNet,image_classification,train,PaperCardboard,cardboard,trashnet-master/trashnet-master/data/filtered_6class/train/PaperCardboard/cardboard49.jpg,,trashnet-master/trashnet-master/data/dataset-resized/cardboard/cardboard49.jpg,,,,,,,,
trashnet_train_paper189.jpg,TrashNet,image_classification,train,PaperCardboard,paper,trashnet-master/trashnet-master/data/filtered_6class/train/PaperCardboard/paper189.jpg,,trashnet-master/trashnet-master/data/dataset-resized/paper/paper189.jpg,,,,,,,,
trashnet_train_paper225.jpg,TrashNet,image_classification,train,PaperCardboard,paper,trashnet-master/trashnet-master/data/filtered_6class/train/PaperCardboard/paper225.jpg,,trashnet-master/trashnet-master/data/dataset-resized/paper/paper225.jpg,,,,,,,,
trashnet_train_cardboard240.jpg,TrashNet,image_classification,train,PaperCardboard,cardboard,trashnet-master/trashnet-master/data/filtered_6class/train/PaperCardboard/cardboard240.jpg,,trashnet-master/trashnet-master/data/dataset-resized/cardboard/cardboard240.jpg,,,,,,,,
trashnet_train_cardboard136.jpg,TrashNet,image_classification,train,PaperCardboard,cardboard,trashnet-master/trashnet-master/data/filtered_6class/train/PaperCardboard/cardboard136.jpg,,trashnet-master/trashnet-master/data/dataset-resized/cardboard/cardboard136.jpg,,,,,,,,
trashnet_train_paper274.jpg,TrashNet,image_classification,train,PaperCardboard,paper,trashnet-master/trashnet-master/data/filtered_6class/train/PaperCardboard/paper274.jpg,,trashnet-master/trashnet-master/data/dataset-resized/paper/paper274.jpg,,,,,,,,
trashnet_train_paper300.jpg,TrashNet,image_classification,train,PaperCardboard,paper,trashnet-master/trashnet-master/data/filtered_6class/train/PaperCardboard/paper300.jpg,,trashnet-master/trashnet-master/data/dataset-resized/paper/paper300.jpg,,,,,,,,
trashnet_train_paper423.jpg,TrashNet,image_classification,train,PaperCardboard,paper,trashnet-master/trashnet-master/data/filtered_6class/train/PaperCardboard/paper423.jpg,,trashnet-master/trashnet-master/data/dataset-resized/paper/paper423.jpg,,,,,,,,
trashnet_train_cardboard123.jpg,TrashNet,image_classification,train,PaperCardboard,cardboard,trashnet-master/trashnet-master/data/filtered_6class/train/PaperCardboard/cardboard123.jpg,,trashnet-master/trashnet-master/data/dataset-resized/cardboard/cardboard123.jpg,,,,,,,,
trashnet_train_paper310.jpg,TrashNet,image_classification,train,PaperCardboard,paper,trashnet-master/trashnet-master/data/filtered_6class/train/PaperCardboard/paper310.jpg,,trashnet-master/trashnet-master/data/dataset-resized/paper/paper310.jpg,,,,,,,,
trashnet_train_paper363.jpg,TrashNet,image_classification,train,PaperCardboard,paper,trashnet-master/trashnet-master/data/filtered_6class/train/PaperCardboard/paper363.jpg,,trashnet-master/trashnet-master/data/dataset-resized/paper/paper363.jpg,,,,,,,,
trashnet_train_paper557.jpg,TrashNet,image_classification,train,PaperCardboard,paper,trashnet-master/trashnet-master/data/filtered_6class/train/PaperCardboard/paper557.jpg,,trashnet-master/trashnet-master/data/dataset-resized/paper/paper557.jpg,,,,,,,,
trashnet_train_cardboard122.jpg,TrashNet,image_classification,train,PaperCardboard,cardboard,trashnet-master/trashnet-master/data/filtered_6class/train/PaperCardboard/cardboard122.jpg,,trashnet-master/trashnet-master/data/dataset-resized/cardboard/cardboard122.jpg,,,,,,,,
trashnet_train_paper144.jpg,TrashNet,image_classification,train,PaperCardboard,paper,trashnet-master/trashnet-master/data/filtered_6class/train/PaperCardboard/paper144.jpg,,trashnet-master/trashnet-master/data/dataset-resized/paper/paper144.jpg,,,,,,,,
trashnet_train_cardboard197.jpg,TrashNet,image_classification,train,PaperCardboard,cardboard,trashnet-master/trashnet-master/data/filtered_6class/train/PaperCardboard/cardboard197.jpg,,trashnet-master/trashnet-master/data/dataset-resized/cardboard/cardboard197.jpg,,,,,,,,
trashnet_train_paper106.jpg,TrashNet,image_classification,train,PaperCardboard,paper,trashnet-master/trashnet-master/data/filtered_6class/train/PaperCardboard/paper106.jpg,,trashnet-master/trashnet-master/data/dataset-resized/paper/paper106.jpg,,,,,,,,
trashnet_train_paper352.jpg,TrashNet,image_classification,train,PaperCardboard,paper,trashnet-master/trashnet-master/data/filtered_6class/train/PaperCardboard/paper352.jpg,,trashnet-master/trashnet-master/data/dataset-resized/paper/paper352.jpg,,,,,,,,
trashnet_train_paper464.jpg,TrashNet,image_classification,train,PaperCardboard,paper,trashnet-master/trashnet-master/data/filtered_6class/train/PaperCardboard/paper464.jpg,,trashnet-master/trashnet-master/data/dataset-resized/paper/paper464.jpg,,,,,,,,
trashnet_train_paper119.jpg,TrashNet,image_classification,train,PaperCardboard,paper,trashnet-master/trashnet-master/data/filtered_6class/train/PaperCardboard/paper119.jpg,,trashnet-master/trashnet-master/data/dataset-resized/paper/paper119.jpg,,,,,,,,
trashnet_train_cardboard157.jpg,TrashNet,image_classification,train,PaperCardboard,cardboard,trashnet-master/trashnet-master/data/filtered_6class/train/PaperCardboard/cardboard157.jpg,,trashnet-master/trashnet-master/data/dataset-resized/cardboard/cardboard157.jpg,,,,,,,,
trashnet_train_paper371.jpg,TrashNet,image_classification,train,PaperCardboard,paper,trashnet-master/trashnet-master/data/filtered_6class/train/PaperCardboard/paper371.jpg,,trashnet-master/trashnet-master/data/dataset-resized/paper/paper371.jpg,,,,,,,,
trashnet_train_paper94.jpg,TrashNet,image_classification,train,PaperCardboard,paper,trashnet-master/trashnet-master/data/filtered_6class/train/PaperCardboard/paper94.jpg,,trashnet-master/trashnet-master/data/dataset-resized/paper/paper94.jpg,,,,,,,,
trashnet_train_cardboard234.jpg,TrashNet,image_classification,train,PaperCardboard,cardboard,trashnet-master/trashnet-master/data/filtered_6class/train/PaperCardboard/cardboard234.jpg,,trashnet-master/trashnet-master/data/dataset-resized/cardboard/cardboard234.jpg,,,,,,,,
trashnet_train_cardboard267.jpg,TrashNet,image_classification,train,PaperCardboard,cardboard,trashnet-master/trashnet-master/data/filtered_6class/train/PaperCardboard/cardboard267.jpg,,trashnet-master/trashnet-master/data/dataset-resized/cardboard/cardboard267.jpg,,,,,,,,
trashnet_train_cardboard259.jpg,TrashNet,image_classification,train,PaperCardboard,cardboard,trashnet-master/trashnet-master/data/filtered_6class/train/PaperCardboard/cardboard259.jpg,,trashnet-master/trashnet-master/data/dataset-resized/cardboard/cardboard259.jpg,,,,,,,,
trashnet_train_paper317.jpg,TrashNet,image_classification,train,PaperCardboard,paper,trashnet-master/trashnet-master/data/filtered_6class/train/PaperCardboard/paper317.jpg,,trashnet-master/trashnet-master/data/dataset-resized/paper/paper317.jpg,,,,,,,,
trashnet_train_paper198.jpg,TrashNet,image_classification,train,PaperCardboard,paper,trashnet-master/trashnet-master/data/filtered_6class/train/PaperCardboard/paper198.jpg,,trashnet-master/trashnet-master/data/dataset-resized/paper/paper198.jpg,,,,,,,,
trashnet_train_cardboard83.jpg,TrashNet,image_classification,train,PaperCardboard,cardboard,trashnet-master/trashnet-master/data/filtered_6class/train/PaperCardboard/cardboard83.jpg,,trashnet-master/trashnet-master/data/dataset-resized/cardboard/cardboard83.jpg,,,,,,,,
trashnet_train_paper453.jpg,TrashNet,image_classification,train,PaperCardboard,paper,trashnet-master/trashnet-master/data/filtered_6class/train/PaperCardboard/paper453.jpg,,trashnet-master/trashnet-master/data/dataset-resized/paper/paper453.jpg,,,,,,,,
trashnet_train_paper282.jpg,TrashNet,image_classification,train,PaperCardboard,paper,trashnet-master/trashnet-master/data/filtered_6class/train/PaperCardboard/paper282.jpg,,trashnet-master/trashnet-master/data/dataset-resized/paper/paper282.jpg,,,,,,,,
trashnet_train_paper378.jpg,TrashNet,image_classification,train,PaperCardboard,paper,trashnet-master/trashnet-master/data/filtered_6class/train/PaperCardboard/paper378.jpg,,trashnet-master/trashnet-master/data/dataset-resized/paper/paper378.jpg,,,,,,,,
trashnet_train_cardboard245.jpg,TrashNet,image_classification,train,PaperCardboard,cardboard,trashnet-master/trashnet-master/data/filtered_6class/train/PaperCardboard/cardboard245.jpg,,trashnet-master/trashnet-master/data/dataset-resized/cardboard/cardboard245.jpg,,,,,,,,
trashnet_train_cardboard43.jpg,TrashNet,image_classification,train,PaperCardboard,cardboard,trashnet-master/trashnet-master/data/filtered_6class/train/PaperCardboard/cardboard43.jpg,,trashnet-master/trashnet-master/data/dataset-resized/cardboard/cardboard43.jpg,,,,,,,,
trashnet_train_paper490.jpg,TrashNet,image_classification,train,PaperCardboard,paper,trashnet-master/trashnet-master/data/filtered_6class/train/PaperCardboard/paper490.jpg,,trashnet-master/trashnet-master/data/dataset-resized/paper/paper490.jpg,,,,,,,,
trashnet_train_cardboard153.jpg,TrashNet,image_classification,train,PaperCardboard,cardboard,trashnet-master/trashnet-master/data/filtered_6class/train/PaperCardboard/cardboard153.jpg,,trashnet-master/trashnet-master/data/dataset-resized/cardboard/cardboard153.jpg,,,,,,,,
trashnet_train_cardboard331.jpg,TrashNet,image_classification,train,PaperCardboard,cardboard,trashnet-master/trashnet-master/data/filtered_6class/train/PaperCardboard/cardboard331.jpg,,trashnet-master/trashnet-master/data/dataset-resized/cardboard/cardboard331.jpg,,,,,,,,
trashnet_train_cardboard284.jpg,TrashNet,image_classification,train,PaperCardboard,cardboard,trashnet-master/trashnet-master/data/filtered_6class/train/PaperCardboard/cardboard284.jpg,,trashnet-master/trashnet-master/data/dataset-resized/cardboard/cardboard284.jpg,,,,,,,,
trashnet_train_cardboard293.jpg,TrashNet,image_classification,train,PaperCardboard,cardboard,trashnet-master/trashnet-master/data/filtered_6class/train/PaperCardboard/cardboard293.jpg,,trashnet-master/trashnet-master/data/dataset-resized/cardboard/cardboard293.jpg,,,,,,,,
trashnet_train_cardboard34.jpg,TrashNet,image_classification,train,PaperCardboard,cardboard,trashnet-master/trashnet-master/data/filtered_6class/train/PaperCardboard/cardboard34.jpg,,trashnet-master/trashnet-master/data/dataset-resized/cardboard/cardboard34.jpg,,,,,,,,
trashnet_train_paper167.jpg,TrashNet,image_classification,train,PaperCardboard,paper,trashnet-master/trashnet-master/data/filtered_6class/train/PaperCardboard/paper167.jpg,,trashnet-master/trashnet-master/data/dataset-resized/paper/paper167.jpg,,,,,,,,
trashnet_train_paper244.jpg,TrashNet,image_classification,train,PaperCardboard,paper,trashnet-master/trashnet-master/data/filtered_6class/train/PaperCardboard/paper244.jpg,,trashnet-master/trashnet-master/data/dataset-resized/paper/paper244.jpg,,,,,,,,
trashnet_train_paper68.jpg,TrashNet,image_classification,train,PaperCardboard,paper,trashnet-master/trashnet-master/data/filtered_6class/train/PaperCardboard/paper68.jpg,,trashnet-master/trashnet-master/data/dataset-resized/paper/paper68.jpg,,,,,,,,
trashnet_train_cardboard352.jpg,TrashNet,image_classification,train,PaperCardboard,cardboard,trashnet-master/trashnet-master/data/filtered_6class/train/PaperCardboard/cardboard352.jpg,,trashnet-master/trashnet-master/data/dataset-resized/cardboard/cardboard352.jpg,,,,,,,,
trashnet_train_paper528.jpg,TrashNet,image_classification,train,PaperCardboard,paper,trashnet-master/trashnet-master/data/filtered_6class/train/PaperCardboard/paper528.jpg,,trashnet-master/trashnet-master/data/dataset-resized/paper/paper528.jpg,,,,,,,,
trashnet_train_paper107.jpg,TrashNet,image_classification,train,PaperCardboard,paper,trashnet-master/trashnet-master/data/filtered_6class/train/PaperCardboard/paper107.jpg,,trashnet-master/trashnet-master/data/dataset-resized/paper/paper107.jpg,,,,,,,,
trashnet_train_cardboard179.jpg,TrashNet,image_classification,train,PaperCardboard,cardboard,trashnet-master/trashnet-master/data/filtered_6class/train/PaperCardboard/cardboard179.jpg,,trashnet-master/trashnet-master/data/dataset-resized/cardboard/cardboard179.jpg,,,,,,,,
trashnet_train_paper334.jpg,TrashNet,image_classification,train,PaperCardboard,paper,trashnet-master/trashnet-master/data/filtered_6class/train/PaperCardboard/paper334.jpg,,trashnet-master/trashnet-master/data/dataset-resized/paper/paper334.jpg,,,,,,,,
trashnet_train_paper522.jpg,TrashNet,image_classification,train,PaperCardboard,paper,trashnet-master/trashnet-master/data/filtered_6class/train/PaperCardboard/paper522.jpg,,trashnet-master/trashnet-master/data/dataset-resized/paper/paper522.jpg,,,,,,,,
trashnet_train_paper333.jpg,TrashNet,image_classification,train,PaperCardboard,paper,trashnet-master/trashnet-master/data/filtered_6class/train/PaperCardboard/paper333.jpg,,trashnet-master/trashnet-master/data/dataset-resized/paper/paper333.jpg,,,,,,,,
trashnet_train_cardboard152.jpg,TrashNet,image_classification,train,PaperCardboard,cardboard,trashnet-master/trashnet-master/data/filtered_6class/train/PaperCardboard/cardboard152.jpg,,trashnet-master/trashnet-master/data/dataset-resized/cardboard/cardboard152.jpg,,,,,,,,
trashnet_train_cardboard315.jpg,TrashNet,image_classification,train,PaperCardboard,cardboard,trashnet-master/trashnet-master/data/filtered_6class/train/PaperCardboard/cardboard315.jpg,,trashnet-master/trashnet-master/data/dataset-resized/cardboard/cardboard315.jpg,,,,,,,,
trashnet_train_cardboard99.jpg,TrashNet,image_classification,train,PaperCardboard,cardboard,trashnet-master/trashnet-master/data/filtered_6class/train/PaperCardboard/cardboard99.jpg,,trashnet-master/trashnet-master/data/dataset-resized/cardboard/cardboard99.jpg,,,,,,,,
trashnet_train_paper230.jpg,TrashNet,image_classification,train,PaperCardboard,paper,trashnet-master/trashnet-master/data/filtered_6class/train/PaperCardboard/paper230.jpg,,trashnet-master/trashnet-master/data/dataset-resized/paper/paper230.jpg,,,,,,,,
trashnet_train_cardboard101.jpg,TrashNet,image_classification,train,PaperCardboard,cardboard,trashnet-master/trashnet-master/data/filtered_6class/train/PaperCardboard/cardboard101.jpg,,trashnet-master/trashnet-master/data/dataset-resized/cardboard/cardboard101.jpg,,,,,,,,
trashnet_train_paper558.jpg,TrashNet,image_classification,train,PaperCardboard,paper,trashnet-master/trashnet-master/data/filtered_6class/train/PaperCardboard/paper558.jpg,,trashnet-master/trashnet-master/data/dataset-resized/paper/paper558.jpg,,,,,,,,
trashnet_train_paper320.jpg,TrashNet,image_classification,train,PaperCardboard,paper,trashnet-master/trashnet-master/data/filtered_6class/train/PaperCardboard/paper320.jpg,,trashnet-master/trashnet-master/data/dataset-resized/paper/paper320.jpg,,,,,,,,
trashnet_train_cardboard135.jpg,TrashNet,image_classification,train,PaperCardboard,cardboard,trashnet-master/trashnet-master/data/filtered_6class/train/PaperCardboard/cardboard135.jpg,,trashnet-master/trashnet-master/data/dataset-resized/cardboard/cardboard135.jpg,,,,,,,,
trashnet_train_paper451.jpg,TrashNet,image_classification,train,PaperCardboard,paper,trashnet-master/trashnet-master/data/filtered_6class/train/PaperCardboard/paper451.jpg,,trashnet-master/trashnet-master/data/dataset-resized/paper/paper451.jpg,,,,,,,,
trashnet_train_cardboard126.jpg,TrashNet,image_classification,train,PaperCardboard,cardboard,trashnet-master/trashnet-master/data/filtered_6class/train/PaperCardboard/cardboard126.jpg,,trashnet-master/trashnet-master/data/dataset-resized/cardboard/cardboard126.jpg,,,,,,,,
trashnet_train_metal289.jpg,TrashNet,image_classification,train,Metal,metal,trashnet-master/trashnet-master/data/filtered_6class/train/Metal/metal289.jpg,,trashnet-master/trashnet-master/data/dataset-resized/metal/metal289.jpg,,,,,,,,
trashnet_train_metal356.jpg,TrashNet,image_classification,train,Metal,metal,trashnet-master/trashnet-master/data/filtered_6class/train/Metal/metal356.jpg,,trashnet-master/trashnet-master/data/dataset-resized/metal/metal356.jpg,,,,,,,,
trashnet_train_metal88.jpg,TrashNet,image_classification,train,Metal,metal,trashnet-master/trashnet-master/data/filtered_6class/train/Metal/metal88.jpg,,trashnet-master/trashnet-master/data/dataset-resized/metal/metal88.jpg,,,,,,,,
trashnet_train_metal378.jpg,TrashNet,image_classification,train,Metal,metal,trashnet-master/trashnet-master/data/filtered_6class/train/Metal/metal378.jpg,,trashnet-master/trashnet-master/data/dataset-resized/metal/metal378.jpg,,,,,,,,
trashnet_train_metal12.jpg,TrashNet,image_classification,train,Metal,metal,trashnet-master/trashnet-master/data/filtered_6class/train/Metal/metal12.jpg,,trashnet-master/trashnet-master/data/dataset-resized/metal/metal12.jpg,,,,,,,,
trashnet_train_metal306.jpg,TrashNet,image_classification,train,Metal,metal,trashnet-master/trashnet-master/data/filtered_6class/train/Metal/metal306.jpg,,trashnet-master/trashnet-master/data/dataset-resized/metal/metal306.jpg,,,,,,,,
trashnet_train_metal320.jpg,TrashNet,image_classification,train,Metal,metal,trashnet-master/trashnet-master/data/filtered_6class/train/Metal/metal320.jpg,,trashnet-master/trashnet-master/data/dataset-resized/metal/metal320.jpg,,,,,,,,
trashnet_train_metal197.jpg,TrashNet,image_classification,train,Metal,metal,trashnet-master/trashnet-master/data/filtered_6class/train/Metal/metal197.jpg,,trashnet-master/trashnet-master/data/dataset-resized/metal/metal197.jpg,,,,,,,,
trashnet_train_metal299.jpg,TrashNet,image_classification,train,Metal,metal,trashnet-master/trashnet-master/data/filtered_6class/train/Metal/metal299.jpg,,trashnet-master/trashnet-master/data/dataset-resized/metal/metal299.jpg,,,,,,,,
trashnet_train_metal406.jpg,TrashNet,image_classification,train,Metal,metal,trashnet-master/trashnet-master/data/filtered_6class/train/Metal/metal406.jpg,,trashnet-master/trashnet-master/data/dataset-resized/metal/metal406.jpg,,,,,,,,
trashnet_train_metal90.jpg,TrashNet,image_classification,train,Metal,metal,trashnet-master/trashnet-master/data/filtered_6class/train/Metal/metal90.jpg,,trashnet-master/trashnet-master/data/dataset-resized/metal/metal90.jpg,,,,,,,,
trashnet_train_metal26.jpg,TrashNet,image_classification,train,Metal,metal,trashnet-master/trashnet-master/data/filtered_6class/train/Metal/metal26.jpg,,trashnet-master/trashnet-master/data/dataset-resized/metal/metal26.jpg,,,,,,,,
trashnet_train_metal309.jpg,TrashNet,image_classification,train,Metal,metal,trashnet-master/trashnet-master/data/filtered_6class/train/Metal/metal309.jpg,,trashnet-master/trashnet-master/data/dataset-resized/metal/metal309.jpg,,,,,,,,
trashnet_train_metal102.jpg,TrashNet,image_classification,train,Metal,metal,trashnet-master/trashnet-master/data/filtered_6class/train/Metal/metal102.jpg,,trashnet-master/trashnet-master/data/dataset-resized/metal/metal102.jpg,,,,,,,,
trashnet_train_metal97.jpg,TrashNet,image_classification,train,Metal,metal,trashnet-master/trashnet-master/data/filtered_6class/train/Metal/metal97.jpg,,trashnet-master/trashnet-master/data/dataset-resized/metal/metal97.jpg,,,,,,,,
trashnet_train_metal85.jpg,TrashNet,image_classification,train,Metal,metal,trashnet-master/trashnet-master/data/filtered_6class/train/Metal/metal85.jpg,,trashnet-master/trashnet-master/data/dataset-resized/metal/metal85.jpg,,,,,,,,
trashnet_train_metal6.jpg,TrashNet,image_classification,train,Metal,metal,trashnet-master/trashnet-master/data/filtered_6class/train/Metal/metal6.jpg,,trashnet-master/trashnet-master/data/dataset-resized/metal/metal6.jpg,,,,,,,,
trashnet_train_metal64.jpg,TrashNet,image_classification,train,Metal,metal,trashnet-master/trashnet-master/data/filtered_6class/train/Metal/metal64.jpg,,trashnet-master/trashnet-master/data/dataset-resized/metal/metal64.jpg,,,,,,,,
trashnet_train_metal204.jpg,TrashNet,image_classification,train,Metal,metal,trashnet-master/trashnet-master/data/filtered_6class/train/Metal/metal204.jpg,,trashnet-master/trashnet-master/data/dataset-resized/metal/metal204.jpg,,,,,,,,
trashnet_train_metal285.jpg,TrashNet,image_classification,train,Metal,metal,trashnet-master/trashnet-master/data/filtered_6class/train/Metal/metal285.jpg,,trashnet-master/trashnet-master/data/dataset-resized/metal/metal285.jpg,,,,,,,,
trashnet_train_metal91.jpg,TrashNet,image_classification,train,Metal,metal,trashnet-master/trashnet-master/data/filtered_6class/train/Metal/metal91.jpg,,trashnet-master/trashnet-master/data/dataset-resized/metal/metal91.jpg,,,,,,,,
trashnet_train_metal237.jpg,TrashNet,image_classification,train,Metal,metal,trashnet-master/trashnet-master/data/filtered_6class/train/Metal/metal237.jpg,,trashnet-master/trashnet-master/data/dataset-resized/metal/metal237.jpg,,,,,,,,
trashnet_train_metal14.jpg,TrashNet,image_classification,train,Metal,metal,trashnet-master/trashnet-master/data/filtered_6class/train/Metal/metal14.jpg,,trashnet-master/trashnet-master/data/dataset-resized/metal/metal14.jpg,,,,,,,,
trashnet_train_metal178.jpg,TrashNet,image_classification,train,Metal,metal,trashnet-master/trashnet-master/data/filtered_6class/train/Metal/metal178.jpg,,trashnet-master/trashnet-master/data/dataset-resized/metal/metal178.jpg,,,,,,,,
trashnet_train_metal98.jpg,TrashNet,image_classification,train,Metal,metal,trashnet-master/trashnet-master/data/filtered_6class/train/Metal/metal98.jpg,,trashnet-master/trashnet-master/data/dataset-resized/metal/metal98.jpg,,,,,,,,
trashnet_train_metal2.jpg,TrashNet,image_classification,train,Metal,metal,trashnet-master/trashnet-master/data/filtered_6class/train/Metal/metal2.jpg,,trashnet-master/trashnet-master/data/dataset-resized/metal/metal2.jpg,,,,,,,,
trashnet_train_metal123.jpg,TrashNet,image_classification,train,Metal,metal,trashnet-master/trashnet-master/data/filtered_6class/train/Metal/metal123.jpg,,trashnet-master/trashnet-master/data/dataset-resized/metal/metal123.jpg,,,,,,,,
trashnet_train_metal63.jpg,TrashNet,image_classification,train,Metal,metal,trashnet-master/trashnet-master/data/filtered_6class/train/Metal/metal63.jpg,,trashnet-master/trashnet-master/data/dataset-resized/metal/metal63.jpg,,,,,,,,
trashnet_train_metal245.jpg,TrashNet,image_classification,train,Metal,metal,trashnet-master/trashnet-master/data/filtered_6class/train/Metal/metal245.jpg,,trashnet-master/trashnet-master/data/dataset-resized/metal/metal245.jpg,,,,,,,,
trashnet_train_metal270.jpg,TrashNet,image_classification,train,Metal,metal,trashnet-master/trashnet-master/data/filtered_6class/train/Metal/metal270.jpg,,trashnet-master/trashnet-master/data/dataset-resized/metal/metal270.jpg,,,,,,,,
trashnet_train_metal149.jpg,TrashNet,image_classification,train,Metal,metal,trashnet-master/trashnet-master/data/filtered_6class/train/Metal/metal149.jpg,,trashnet-master/trashnet-master/data/dataset-resized/metal/metal149.jpg,,,,,,,,
trashnet_train_metal143.jpg,TrashNet,image_classification,train,Metal,metal,trashnet-master/trashnet-master/data/filtered_6class/train/Metal/metal143.jpg,,trashnet-master/trashnet-master/data/dataset-resized/metal/metal143.jpg,,,,,,,,
trashnet_train_metal181.jpg,TrashNet,image_classification,train,Metal,metal,trashnet-master/trashnet-master/data/filtered_6class/train/Metal/metal181.jpg,,trashnet-master/trashnet-master/data/dataset-resized/metal/metal181.jpg,,,,,,,,
trashnet_train_metal222.jpg,TrashNet,image_classification,train,Metal,metal,trashnet-master/trashnet-master/data/filtered_6class/train/Metal/metal222.jpg,,trashnet-master/trashnet-master/data/dataset-resized/metal/metal222.jpg,,,,,,,,
trashnet_train_metal121.jpg,TrashNet,image_classification,train,Metal,metal,trashnet-master/trashnet-master/data/filtered_6class/train/Metal/metal121.jpg,,trashnet-master/trashnet-master/data/dataset-resized/metal/metal121.jpg,,,,,,,,
trashnet_train_metal387.jpg,TrashNet,image_classification,train,Metal,metal,trashnet-master/trashnet-master/data/filtered_6class/train/Metal/metal387.jpg,,trashnet-master/trashnet-master/data/dataset-resized/metal/metal387.jpg,,,,,,,,
trashnet_train_metal10.jpg,TrashNet,image_classification,train,Metal,metal,trashnet-master/trashnet-master/data/filtered_6class/train/Metal/metal10.jpg,,trashnet-master/trashnet-master/data/dataset-resized/metal/metal10.jpg,,,,,,,,
trashnet_train_metal73.jpg,TrashNet,image_classification,train,Metal,metal,trashnet-master/trashnet-master/data/filtered_6class/train/Metal/metal73.jpg,,trashnet-master/trashnet-master/data/dataset-resized/metal/metal73.jpg,,,,,,,,
trashnet_train_metal203.jpg,TrashNet,image_classification,train,Metal,metal,trashnet-master/trashnet-master/data/filtered_6class/train/Metal/metal203.jpg,,trashnet-master/trashnet-master/data/dataset-resized/metal/metal203.jpg,,,,,,,,
trashnet_train_metal272.jpg,TrashNet,image_classification,train,Metal,metal,trashnet-master/trashnet-master/data/filtered_6class/train/Metal/metal272.jpg,,trashnet-master/trashnet-master/data/dataset-resized/metal/metal272.jpg,,,,,,,,
trashnet_train_metal205.jpg,TrashNet,image_classification,train,Metal,metal,trashnet-master/trashnet-master/data/filtered_6class/train/Metal/metal205.jpg,,trashnet-master/trashnet-master/data/dataset-resized/metal/metal205.jpg,,,,,,,,
trashnet_train_metal369.jpg,TrashNet,image_classification,train,Metal,metal,trashnet-master/trashnet-master/data/filtered_6class/train/Metal/metal369.jpg,,trashnet-master/trashnet-master/data/dataset-resized/metal/metal369.jpg,,,,,,,,
trashnet_train_metal80.jpg,TrashNet,image_classification,train,Metal,metal,trashnet-master/trashnet-master/data/filtered_6class/train/Metal/metal80.jpg,,trashnet-master/trashnet-master/data/dataset-resized/metal/metal80.jpg,,,,,,,,
trashnet_train_metal142.jpg,TrashNet,image_classification,train,Metal,metal,trashnet-master/trashnet-master/data/filtered_6class/train/Metal/metal142.jpg,,trashnet-master/trashnet-master/data/dataset-resized/metal/metal142.jpg,,,,,,,,
trashnet_train_metal11.jpg,TrashNet,image_classification,train,Metal,metal,trashnet-master/trashnet-master/data/filtered_6class/train/Metal/metal11.jpg,,trashnet-master/trashnet-master/data/dataset-resized/metal/metal11.jpg,,,,,,,,
trashnet_train_metal158.jpg,TrashNet,image_classification,train,Metal,metal,trashnet-master/trashnet-master/data/filtered_6class/train/Metal/metal158.jpg,,trashnet-master/trashnet-master/data/dataset-resized/metal/metal158.jpg,,,,,,,,
trashnet_train_metal131.jpg,TrashNet,image_classification,train,Metal,metal,trashnet-master/trashnet-master/data/filtered_6class/train/Metal/metal131.jpg,,trashnet-master/trashnet-master/data/dataset-resized/metal/metal131.jpg,,,,,,,,
trashnet_train_metal210.jpg,TrashNet,image_classification,train,Metal,metal,trashnet-master/trashnet-master/data/filtered_6class/train/Metal/metal210.jpg,,trashnet-master/trashnet-master/data/dataset-resized/metal/metal210.jpg,,,,,,,,
trashnet_train_metal242.jpg,TrashNet,image_classification,train,Metal,metal,trashnet-master/trashnet-master/data/filtered_6class/train/Metal/metal242.jpg,,trashnet-master/trashnet-master/data/dataset-resized/metal/metal242.jpg,,,,,,,,
trashnet_train_metal39.jpg,TrashNet,image_classification,train,Metal,metal,trashnet-master/trashnet-master/data/filtered_6class/train/Metal/metal39.jpg,,trashnet-master/trashnet-master/data/dataset-resized/metal/metal39.jpg,,,,,,,,
trashnet_train_metal186.jpg,TrashNet,image_classification,train,Metal,metal,trashnet-master/trashnet-master/data/filtered_6class/train/Metal/metal186.jpg,,trashnet-master/trashnet-master/data/dataset-resized/metal/metal186.jpg,,,,,,,,
trashnet_train_metal273.jpg,TrashNet,image_classification,train,Metal,metal,trashnet-master/trashnet-master/data/filtered_6class/train/Metal/metal273.jpg,,trashnet-master/trashnet-master/data/dataset-resized/metal/metal273.jpg,,,,,,,,
trashnet_train_metal373.jpg,TrashNet,image_classification,train,Metal,metal,trashnet-master/trashnet-master/data/filtered_6class/train/Metal/metal373.jpg,,trashnet-master/trashnet-master/data/dataset-resized/metal/metal373.jpg,,,,,,,,
trashnet_train_metal99.jpg,TrashNet,image_classification,train,Metal,metal,trashnet-master/trashnet-master/data/filtered_6class/train/Metal/metal99.jpg,,trashnet-master/trashnet-master/data/dataset-resized/metal/metal99.jpg,,,,,,,,
trashnet_train_metal20.jpg,TrashNet,image_classification,train,Metal,metal,trashnet-master/trashnet-master/data/filtered_6class/train/Metal/metal20.jpg,,trashnet-master/trashnet-master/data/dataset-resized/metal/metal20.jpg,,,,,,,,
trashnet_train_metal257.jpg,TrashNet,image_classification,train,Metal,metal,trashnet-master/trashnet-master/data/filtered_6class/train/Metal/metal257.jpg,,trashnet-master/trashnet-master/data/dataset-resized/metal/metal257.jpg,,,,,,,,
trashnet_train_metal180.jpg,TrashNet,image_classification,train,Metal,metal,trashnet-master/trashnet-master/data/filtered_6class/train/Metal/metal180.jpg,,trashnet-master/trashnet-master/data/dataset-resized/metal/metal180.jpg,,,,,,,,
trashnet_train_metal83.jpg,TrashNet,image_classification,train,Metal,metal,trashnet-master/trashnet-master/data/filtered_6class/train/Metal/metal83.jpg,,trashnet-master/trashnet-master/data/dataset-resized/metal/metal83.jpg,,,,,,,,
trashnet_train_metal124.jpg,TrashNet,image_classification,train,Metal,metal,trashnet-master/trashnet-master/data/filtered_6class/train/Metal/metal124.jpg,,trashnet-master/trashnet-master/data/dataset-resized/metal/metal124.jpg,,,,,,,,
trashnet_train_metal330.jpg,TrashNet,image_classification,train,Metal,metal,trashnet-master/trashnet-master/data/filtered_6class/train/Metal/metal330.jpg,,trashnet-master/trashnet-master/data/dataset-resized/metal/metal330.jpg,,,,,,,,
trashnet_train_metal253.jpg,TrashNet,image_classification,train,Metal,metal,trashnet-master/trashnet-master/data/filtered_6class/train/Metal/metal253.jpg,,trashnet-master/trashnet-master/data/dataset-resized/metal/metal253.jpg,,,,,,,,
trashnet_train_metal344.jpg,TrashNet,image_classification,train,Metal,metal,trashnet-master/trashnet-master/data/filtered_6class/train/Metal/metal344.jpg,,trashnet-master/trashnet-master/data/dataset-resized/metal/metal344.jpg,,,,,,,,
trashnet_train_metal333.jpg,TrashNet,image_classification,train,Metal,metal,trashnet-master/trashnet-master/data/filtered_6class/train/Metal/metal333.jpg,,trashnet-master/trashnet-master/data/dataset-resized/metal/metal333.jpg,,,,,,,,
trashnet_train_metal397.jpg,TrashNet,image_classification,train,Metal,metal,trashnet-master/trashnet-master/data/filtered_6class/train/Metal/metal397.jpg,,trashnet-master/trashnet-master/data/dataset-resized/metal/metal397.jpg,,,,,,,,
trashnet_train_metal110.jpg,TrashNet,image_classification,train,Metal,metal,trashnet-master/trashnet-master/data/filtered_6class/train/Metal/metal110.jpg,,trashnet-master/trashnet-master/data/dataset-resized/metal/metal110.jpg,,,,,,,,
trashnet_train_metal331.jpg,TrashNet,image_classification,train,Metal,metal,trashnet-master/trashnet-master/data/filtered_6class/train/Metal/metal331.jpg,,trashnet-master/trashnet-master/data/dataset-resized/metal/metal331.jpg,,,,,,,,
trashnet_train_metal326.jpg,TrashNet,image_classification,train,Metal,metal,trashnet-master/trashnet-master/data/filtered_6class/train/Metal/metal326.jpg,,trashnet-master/trashnet-master/data/dataset-resized/metal/metal326.jpg,,,,,,,,
trashnet_train_metal266.jpg,TrashNet,image_classification,train,Metal,metal,trashnet-master/trashnet-master/data/filtered_6class/train/Metal/metal266.jpg,,trashnet-master/trashnet-master/data/dataset-resized/metal/metal266.jpg,,,,,,,,
trashnet_train_metal54.jpg,TrashNet,image_classification,train,Metal,metal,trashnet-master/trashnet-master/data/filtered_6class/train/Metal/metal54.jpg,,trashnet-master/trashnet-master/data/dataset-resized/metal/metal54.jpg,,,,,,,,
trashnet_train_metal229.jpg,TrashNet,image_classification,train,Metal,metal,trashnet-master/trashnet-master/data/filtered_6class/train/Metal/metal229.jpg,,trashnet-master/trashnet-master/data/dataset-resized/metal/metal229.jpg,,,,,,,,
trashnet_train_metal27.jpg,TrashNet,image_classification,train,Metal,metal,trashnet-master/trashnet-master/data/filtered_6class/train/Metal/metal27.jpg,,trashnet-master/trashnet-master/data/dataset-resized/metal/metal27.jpg,,,,,,,,
trashnet_train_metal8.jpg,TrashNet,image_classification,train,Metal,metal,trashnet-master/trashnet-master/data/filtered_6class/train/Metal/metal8.jpg,,trashnet-master/trashnet-master/data/dataset-resized/metal/metal8.jpg,,,,,,,,
trashnet_train_metal321.jpg,TrashNet,image_classification,train,Metal,metal,trashnet-master/trashnet-master/data/filtered_6class/train/Metal/metal321.jpg,,trashnet-master/trashnet-master/data/dataset-resized/metal/metal321.jpg,,,,,,,,
trashnet_train_metal376.jpg,TrashNet,image_classification,train,Metal,metal,trashnet-master/trashnet-master/data/filtered_6class/train/Metal/metal376.jpg,,trashnet-master/trashnet-master/data/dataset-resized/metal/metal376.jpg,,,,,,,,
trashnet_train_metal152.jpg,TrashNet,image_classification,train,Metal,metal,trashnet-master/trashnet-master/data/filtered_6class/train/Metal/metal152.jpg,,trashnet-master/trashnet-master/data/dataset-resized/metal/metal152.jpg,,,,,,,,
trashnet_train_metal345.jpg,TrashNet,image_classification,train,Metal,metal,trashnet-master/trashnet-master/data/filtered_6class/train/Metal/metal345.jpg,,trashnet-master/trashnet-master/data/dataset-resized/metal/metal345.jpg,,,,,,,,
trashnet_train_metal46.jpg,TrashNet,image_classification,train,Metal,metal,trashnet-master/trashnet-master/data/filtered_6class/train/Metal/metal46.jpg,,trashnet-master/trashnet-master/data/dataset-resized/metal/metal46.jpg,,,,,,,,
trashnet_train_metal76.jpg,TrashNet,image_classification,train,Metal,metal,trashnet-master/trashnet-master/data/filtered_6class/train/Metal/metal76.jpg,,trashnet-master/trashnet-master/data/dataset-resized/metal/metal76.jpg,,,,,,,,
trashnet_train_metal94.jpg,TrashNet,image_classification,train,Metal,metal,trashnet-master/trashnet-master/data/filtered_6class/train/Metal/metal94.jpg,,trashnet-master/trashnet-master/data/dataset-resized/metal/metal94.jpg,,,,,,,,
trashnet_train_metal105.jpg,TrashNet,image_classification,train,Metal,metal,trashnet-master/trashnet-master/data/filtered_6class/train/Metal/metal105.jpg,,trashnet-master/trashnet-master/data/dataset-resized/metal/metal105.jpg,,,,,,,,
trashnet_train_metal95.jpg,TrashNet,image_classification,train,Metal,metal,trashnet-master/trashnet-master/data/filtered_6class/train/Metal/metal95.jpg,,trashnet-master/trashnet-master/data/dataset-resized/metal/metal95.jpg,,,,,,,,
trashnet_train_metal151.jpg,TrashNet,image_classification,train,Metal,metal,trashnet-master/trashnet-master/data/filtered_6class/train/Metal/metal151.jpg,,trashnet-master/trashnet-master/data/dataset-resized/metal/metal151.jpg,,,,,,,,
trashnet_train_metal177.jpg,TrashNet,image_classification,train,Metal,metal,trashnet-master/trashnet-master/data/filtered_6class/train/Metal/metal177.jpg,,trashnet-master/trashnet-master/data/dataset-resized/metal/metal177.jpg,,,,,,,,
trashnet_train_metal335.jpg,TrashNet,image_classification,train,Metal,metal,trashnet-master/trashnet-master/data/filtered_6class/train/Metal/metal335.jpg,,trashnet-master/trashnet-master/data/dataset-resized/metal/metal335.jpg,,,,,,,,
trashnet_train_metal227.jpg,TrashNet,image_classification,train,Metal,metal,trashnet-master/trashnet-master/data/filtered_6class/train/Metal/metal227.jpg,,trashnet-master/trashnet-master/data/dataset-resized/metal/metal227.jpg,,,,,,,,
trashnet_train_metal154.jpg,TrashNet,image_classification,train,Metal,metal,trashnet-master/trashnet-master/data/filtered_6class/train/Metal/metal154.jpg,,trashnet-master/trashnet-master/data/dataset-resized/metal/metal154.jpg,,,,,,,,
trashnet_train_metal288.jpg,TrashNet,image_classification,train,Metal,metal,trashnet-master/trashnet-master/data/filtered_6class/train/Metal/metal288.jpg,,trashnet-master/trashnet-master/data/dataset-resized/metal/metal288.jpg,,,,,,,,
trashnet_train_metal385.jpg,TrashNet,image_classification,train,Metal,metal,trashnet-master/trashnet-master/data/filtered_6class/train/Metal/metal385.jpg,,trashnet-master/trashnet-master/data/dataset-resized/metal/metal385.jpg,,,,,,,,
trashnet_train_metal132.jpg,TrashNet,image_classification,train,Metal,metal,trashnet-master/trashnet-master/data/filtered_6class/train/Metal/metal132.jpg,,trashnet-master/trashnet-master/data/dataset-resized/metal/metal132.jpg,,,,,,,,
trashnet_train_metal391.jpg,TrashNet,image_classification,train,Metal,metal,trashnet-master/trashnet-master/data/filtered_6class/train/Metal/metal391.jpg,,trashnet-master/trashnet-master/data/dataset-resized/metal/metal391.jpg,,,,,,,,
trashnet_train_metal57.jpg,TrashNet,image_classification,train,Metal,metal,trashnet-master/trashnet-master/data/filtered_6class/train/Metal/metal57.jpg,,trashnet-master/trashnet-master/data/dataset-resized/metal/metal57.jpg,,,,,,,,
trashnet_train_metal89.jpg,TrashNet,image_classification,train,Metal,metal,trashnet-master/trashnet-master/data/filtered_6class/train/Metal/metal89.jpg,,trashnet-master/trashnet-master/data/dataset-resized/metal/metal89.jpg,,,,,,,,
trashnet_train_metal195.jpg,TrashNet,image_classification,train,Metal,metal,trashnet-master/trashnet-master/data/filtered_6class/train/Metal/metal195.jpg,,trashnet-master/trashnet-master/data/dataset-resized/metal/metal195.jpg,,,,,,,,
trashnet_train_metal239.jpg,TrashNet,image_classification,train,Metal,metal,trashnet-master/trashnet-master/data/filtered_6class/train/Metal/metal239.jpg,,trashnet-master/trashnet-master/data/dataset-resized/metal/metal239.jpg,,,,,,,,
trashnet_train_metal280.jpg,TrashNet,image_classification,train,Metal,metal,trashnet-master/trashnet-master/data/filtered_6class/train/Metal/metal280.jpg,,trashnet-master/trashnet-master/data/dataset-resized/metal/metal280.jpg,,,,,,,,
trashnet_train_metal403.jpg,TrashNet,image_classification,train,Metal,metal,trashnet-master/trashnet-master/data/filtered_6class/train/Metal/metal403.jpg,,trashnet-master/trashnet-master/data/dataset-resized/metal/metal403.jpg,,,,,,,,
trashnet_train_metal19.jpg,TrashNet,image_classification,train,Metal,metal,trashnet-master/trashnet-master/data/filtered_6class/train/Metal/metal19.jpg,,trashnet-master/trashnet-master/data/dataset-resized/metal/metal19.jpg,,,,,,,,
trashnet_train_metal122.jpg,TrashNet,image_classification,train,Metal,metal,trashnet-master/trashnet-master/data/filtered_6class/train/Metal/metal122.jpg,,trashnet-master/trashnet-master/data/dataset-resized/metal/metal122.jpg,,,,,,,,
trashnet_train_metal174.jpg,TrashNet,image_classification,train,Metal,metal,trashnet-master/trashnet-master/data/filtered_6class/train/Metal/metal174.jpg,,trashnet-master/trashnet-master/data/dataset-resized/metal/metal174.jpg,,,,,,,,
trashnet_train_metal254.jpg,TrashNet,image_classification,train,Metal,metal,trashnet-master/trashnet-master/data/filtered_6class/train/Metal/metal254.jpg,,trashnet-master/trashnet-master/data/dataset-resized/metal/metal254.jpg,,,,,,,,
trashnet_train_metal29.jpg,TrashNet,image_classification,train,Metal,metal,trashnet-master/trashnet-master/data/filtered_6class/train/Metal/metal29.jpg,,trashnet-master/trashnet-master/data/dataset-resized/metal/metal29.jpg,,,,,,,,
trashnet_train_metal323.jpg,TrashNet,image_classification,train,Metal,metal,trashnet-master/trashnet-master/data/filtered_6class/train/Metal/metal323.jpg,,trashnet-master/trashnet-master/data/dataset-resized/metal/metal323.jpg,,,,,,,,
trashnet_train_metal207.jpg,TrashNet,image_classification,train,Metal,metal,trashnet-master/trashnet-master/data/filtered_6class/train/Metal/metal207.jpg,,trashnet-master/trashnet-master/data/dataset-resized/metal/metal207.jpg,,,,,,,,
trashnet_train_metal198.jpg,TrashNet,image_classification,train,Metal,metal,trashnet-master/trashnet-master/data/filtered_6class/train/Metal/metal198.jpg,,trashnet-master/trashnet-master/data/dataset-resized/metal/metal198.jpg,,,,,,,,
trashnet_train_metal48.jpg,TrashNet,image_classification,train,Metal,metal,trashnet-master/trashnet-master/data/filtered_6class/train/Metal/metal48.jpg,,trashnet-master/trashnet-master/data/dataset-resized/metal/metal48.jpg,,,,,,,,
trashnet_train_metal101.jpg,TrashNet,image_classification,train,Metal,metal,trashnet-master/trashnet-master/data/filtered_6class/train/Metal/metal101.jpg,,trashnet-master/trashnet-master/data/dataset-resized/metal/metal101.jpg,,,,,,,,
trashnet_train_metal243.jpg,TrashNet,image_classification,train,Metal,metal,trashnet-master/trashnet-master/data/filtered_6class/train/Metal/metal243.jpg,,trashnet-master/trashnet-master/data/dataset-resized/metal/metal243.jpg,,,,,,,,
trashnet_train_metal103.jpg,TrashNet,image_classification,train,Metal,metal,trashnet-master/trashnet-master/data/filtered_6class/train/Metal/metal103.jpg,,trashnet-master/trashnet-master/data/dataset-resized/metal/metal103.jpg,,,,,,,,
trashnet_train_metal219.jpg,TrashNet,image_classification,train,Metal,metal,trashnet-master/trashnet-master/data/filtered_6class/train/Metal/metal219.jpg,,trashnet-master/trashnet-master/data/dataset-resized/metal/metal219.jpg,,,,,,,,
trashnet_train_metal196.jpg,TrashNet,image_classification,train,Metal,metal,trashnet-master/trashnet-master/data/filtered_6class/train/Metal/metal196.jpg,,trashnet-master/trashnet-master/data/dataset-resized/metal/metal196.jpg,,,,,,,,
trashnet_train_metal56.jpg,TrashNet,image_classification,train,Metal,metal,trashnet-master/trashnet-master/data/filtered_6class/train/Metal/metal56.jpg,,trashnet-master/trashnet-master/data/dataset-resized/metal/metal56.jpg,,,,,,,,
trashnet_train_metal371.jpg,TrashNet,image_classification,train,Metal,metal,trashnet-master/trashnet-master/data/filtered_6class/train/Metal/metal371.jpg,,trashnet-master/trashnet-master/data/dataset-resized/metal/metal371.jpg,,,,,,,,
trashnet_train_metal327.jpg,TrashNet,image_classification,train,Metal,metal,trashnet-master/trashnet-master/data/filtered_6class/train/Metal/metal327.jpg,,trashnet-master/trashnet-master/data/dataset-resized/metal/metal327.jpg,,,,,,,,
trashnet_train_metal352.jpg,TrashNet,image_classification,train,Metal,metal,trashnet-master/trashnet-master/data/filtered_6class/train/Metal/metal352.jpg,,trashnet-master/trashnet-master/data/dataset-resized/metal/metal352.jpg,,,,,,,,
trashnet_train_metal175.jpg,TrashNet,image_classification,train,Metal,metal,trashnet-master/trashnet-master/data/filtered_6class/train/Metal/metal175.jpg,,trashnet-master/trashnet-master/data/dataset-resized/metal/metal175.jpg,,,,,,,,
trashnet_train_metal236.jpg,TrashNet,image_classification,train,Metal,metal,trashnet-master/trashnet-master/data/filtered_6class/train/Metal/metal236.jpg,,trashnet-master/trashnet-master/data/dataset-resized/metal/metal236.jpg,,,,,,,,
trashnet_train_metal395.jpg,TrashNet,image_classification,train,Metal,metal,trashnet-master/trashnet-master/data/filtered_6class/train/Metal/metal395.jpg,,trashnet-master/trashnet-master/data/dataset-resized/metal/metal395.jpg,,,,,,,,
trashnet_train_metal42.jpg,TrashNet,image_classification,train,Metal,metal,trashnet-master/trashnet-master/data/filtered_6class/train/Metal/metal42.jpg,,trashnet-master/trashnet-master/data/dataset-resized/metal/metal42.jpg,,,,,,,,
trashnet_train_metal167.jpg,TrashNet,image_classification,train,Metal,metal,trashnet-master/trashnet-master/data/filtered_6class/train/Metal/metal167.jpg,,trashnet-master/trashnet-master/data/dataset-resized/metal/metal167.jpg,,,,,,,,
trashnet_train_metal52.jpg,TrashNet,image_classification,train,Metal,metal,trashnet-master/trashnet-master/data/filtered_6class/train/Metal/metal52.jpg,,trashnet-master/trashnet-master/data/dataset-resized/metal/metal52.jpg,,,,,,,,
trashnet_train_metal36.jpg,TrashNet,image_classification,train,Metal,metal,trashnet-master/trashnet-master/data/filtered_6class/train/Metal/metal36.jpg,,trashnet-master/trashnet-master/data/dataset-resized/metal/metal36.jpg,,,,,,,,
trashnet_train_metal402.jpg,TrashNet,image_classification,train,Metal,metal,trashnet-master/trashnet-master/data/filtered_6class/train/Metal/metal402.jpg,,trashnet-master/trashnet-master/data/dataset-resized/metal/metal402.jpg,,,,,,,,
trashnet_train_metal109.jpg,TrashNet,image_classification,train,Metal,metal,trashnet-master/trashnet-master/data/filtered_6class/train/Metal/metal109.jpg,,trashnet-master/trashnet-master/data/dataset-resized/metal/metal109.jpg,,,,,,,,
trashnet_train_metal400.jpg,TrashNet,image_classification,train,Metal,metal,trashnet-master/trashnet-master/data/filtered_6class/train/Metal/metal400.jpg,,trashnet-master/trashnet-master/data/dataset-resized/metal/metal400.jpg,,,,,,,,
trashnet_train_metal17.jpg,TrashNet,image_classification,train,Metal,metal,trashnet-master/trashnet-master/data/filtered_6class/train/Metal/metal17.jpg,,trashnet-master/trashnet-master/data/dataset-resized/metal/metal17.jpg,,,,,,,,
trashnet_train_metal337.jpg,TrashNet,image_classification,train,Metal,metal,trashnet-master/trashnet-master/data/filtered_6class/train/Metal/metal337.jpg,,trashnet-master/trashnet-master/data/dataset-resized/metal/metal337.jpg,,,,,,,,
trashnet_train_metal307.jpg,TrashNet,image_classification,train,Metal,metal,trashnet-master/trashnet-master/data/filtered_6class/train/Metal/metal307.jpg,,trashnet-master/trashnet-master/data/dataset-resized/metal/metal307.jpg,,,,,,,,
trashnet_train_metal66.jpg,TrashNet,image_classification,train,Metal,metal,trashnet-master/trashnet-master/data/filtered_6class/train/Metal/metal66.jpg,,trashnet-master/trashnet-master/data/dataset-resized/metal/metal66.jpg,,,,,,,,
trashnet_train_metal162.jpg,TrashNet,image_classification,train,Metal,metal,trashnet-master/trashnet-master/data/filtered_6class/train/Metal/metal162.jpg,,trashnet-master/trashnet-master/data/dataset-resized/metal/metal162.jpg,,,,,,,,
trashnet_train_metal144.jpg,TrashNet,image_classification,train,Metal,metal,trashnet-master/trashnet-master/data/filtered_6class/train/Metal/metal144.jpg,,trashnet-master/trashnet-master/data/dataset-resized/metal/metal144.jpg,,,,,,,,
trashnet_train_metal33.jpg,TrashNet,image_classification,train,Metal,metal,trashnet-master/trashnet-master/data/filtered_6class/train/Metal/metal33.jpg,,trashnet-master/trashnet-master/data/dataset-resized/metal/metal33.jpg,,,,,,,,
trashnet_train_metal117.jpg,TrashNet,image_classification,train,Metal,metal,trashnet-master/trashnet-master/data/filtered_6class/train/Metal/metal117.jpg,,trashnet-master/trashnet-master/data/dataset-resized/metal/metal117.jpg,,,,,,,,
trashnet_train_metal164.jpg,TrashNet,image_classification,train,Metal,metal,trashnet-master/trashnet-master/data/filtered_6class/train/Metal/metal164.jpg,,trashnet-master/trashnet-master/data/dataset-resized/metal/metal164.jpg,,,,,,,,
trashnet_train_metal232.jpg,TrashNet,image_classification,train,Metal,metal,trashnet-master/trashnet-master/data/filtered_6class/train/Metal/metal232.jpg,,trashnet-master/trashnet-master/data/dataset-resized/metal/metal232.jpg,,,,,,,,
trashnet_train_metal353.jpg,TrashNet,image_classification,train,Metal,metal,trashnet-master/trashnet-master/data/filtered_6class/train/Metal/metal353.jpg,,trashnet-master/trashnet-master/data/dataset-resized/metal/metal353.jpg,,,,,,,,
trashnet_train_metal268.jpg,TrashNet,image_classification,train,Metal,metal,trashnet-master/trashnet-master/data/filtered_6class/train/Metal/metal268.jpg,,trashnet-master/trashnet-master/data/dataset-resized/metal/metal268.jpg,,,,,,,,
trashnet_train_metal173.jpg,TrashNet,image_classification,train,Metal,metal,trashnet-master/trashnet-master/data/filtered_6class/train/Metal/metal173.jpg,,trashnet-master/trashnet-master/data/dataset-resized/metal/metal173.jpg,,,,,,,,
trashnet_train_metal136.jpg,TrashNet,image_classification,train,Metal,metal,trashnet-master/trashnet-master/data/filtered_6class/train/Metal/metal136.jpg,,trashnet-master/trashnet-master/data/dataset-resized/metal/metal136.jpg,,,,,,,,
trashnet_train_metal359.jpg,TrashNet,image_classification,train,Metal,metal,trashnet-master/trashnet-master/data/filtered_6class/train/Metal/metal359.jpg,,trashnet-master/trashnet-master/data/dataset-resized/metal/metal359.jpg,,,,,,,,
trashnet_train_metal169.jpg,TrashNet,image_classification,train,Metal,metal,trashnet-master/trashnet-master/data/filtered_6class/train/Metal/metal169.jpg,,trashnet-master/trashnet-master/data/dataset-resized/metal/metal169.jpg,,,,,,,,
trashnet_train_metal319.jpg,TrashNet,image_classification,train,Metal,metal,trashnet-master/trashnet-master/data/filtered_6class/train/Metal/metal319.jpg,,trashnet-master/trashnet-master/data/dataset-resized/metal/metal319.jpg,,,,,,,,
trashnet_train_metal349.jpg,TrashNet,image_classification,train,Metal,metal,trashnet-master/trashnet-master/data/filtered_6class/train/Metal/metal349.jpg,,trashnet-master/trashnet-master/data/dataset-resized/metal/metal349.jpg,,,,,,,,
trashnet_train_metal293.jpg,TrashNet,image_classification,train,Metal,metal,trashnet-master/trashnet-master/data/filtered_6class/train/Metal/metal293.jpg,,trashnet-master/trashnet-master/data/dataset-resized/metal/metal293.jpg,,,,,,,,
trashnet_train_metal111.jpg,TrashNet,image_classification,train,Metal,metal,trashnet-master/trashnet-master/data/filtered_6class/train/Metal/metal111.jpg,,trashnet-master/trashnet-master/data/dataset-resized/metal/metal111.jpg,,,,,,,,
trashnet_train_metal214.jpg,TrashNet,image_classification,train,Metal,metal,trashnet-master/trashnet-master/data/filtered_6class/train/Metal/metal214.jpg,,trashnet-master/trashnet-master/data/dataset-resized/metal/metal214.jpg,,,,,,,,
trashnet_train_metal93.jpg,TrashNet,image_classification,train,Metal,metal,trashnet-master/trashnet-master/data/filtered_6class/train/Metal/metal93.jpg,,trashnet-master/trashnet-master/data/dataset-resized/metal/metal93.jpg,,,,,,,,
trashnet_train_metal250.jpg,TrashNet,image_classification,train,Metal,metal,trashnet-master/trashnet-master/data/filtered_6class/train/Metal/metal250.jpg,,trashnet-master/trashnet-master/data/dataset-resized/metal/metal250.jpg,,,,,,,,
trashnet_train_metal140.jpg,TrashNet,image_classification,train,Metal,metal,trashnet-master/trashnet-master/data/filtered_6class/train/Metal/metal140.jpg,,trashnet-master/trashnet-master/data/dataset-resized/metal/metal140.jpg,,,,,,,,
trashnet_train_metal372.jpg,TrashNet,image_classification,train,Metal,metal,trashnet-master/trashnet-master/data/filtered_6class/train/Metal/metal372.jpg,,trashnet-master/trashnet-master/data/dataset-resized/metal/metal372.jpg,,,,,,,,
trashnet_train_metal9.jpg,TrashNet,image_classification,train,Metal,metal,trashnet-master/trashnet-master/data/filtered_6class/train/Metal/metal9.jpg,,trashnet-master/trashnet-master/data/dataset-resized/metal/metal9.jpg,,,,,,,,
trashnet_train_metal276.jpg,TrashNet,image_classification,train,Metal,metal,trashnet-master/trashnet-master/data/filtered_6class/train/Metal/metal276.jpg,,trashnet-master/trashnet-master/data/dataset-resized/metal/metal276.jpg,,,,,,,,
trashnet_train_metal34.jpg,TrashNet,image_classification,train,Metal,metal,trashnet-master/trashnet-master/data/filtered_6class/train/Metal/metal34.jpg,,trashnet-master/trashnet-master/data/dataset-resized/metal/metal34.jpg,,,,,,,,
trashnet_train_metal366.jpg,TrashNet,image_classification,train,Metal,metal,trashnet-master/trashnet-master/data/filtered_6class/train/Metal/metal366.jpg,,trashnet-master/trashnet-master/data/dataset-resized/metal/metal366.jpg,,,,,,,,
trashnet_train_metal368.jpg,TrashNet,image_classification,train,Metal,metal,trashnet-master/trashnet-master/data/filtered_6class/train/Metal/metal368.jpg,,trashnet-master/trashnet-master/data/dataset-resized/metal/metal368.jpg,,,,,,,,
trashnet_train_metal240.jpg,TrashNet,image_classification,train,Metal,metal,trashnet-master/trashnet-master/data/filtered_6class/train/Metal/metal240.jpg,,trashnet-master/trashnet-master/data/dataset-resized/metal/metal240.jpg,,,,,,,,
trashnet_train_metal358.jpg,TrashNet,image_classification,train,Metal,metal,trashnet-master/trashnet-master/data/filtered_6class/train/Metal/metal358.jpg,,trashnet-master/trashnet-master/data/dataset-resized/metal/metal358.jpg,,,,,,,,
trashnet_train_metal393.jpg,TrashNet,image_classification,train,Metal,metal,trashnet-master/trashnet-master/data/filtered_6class/train/Metal/metal393.jpg,,trashnet-master/trashnet-master/data/dataset-resized/metal/metal393.jpg,,,,,,,,
trashnet_train_metal284.jpg,TrashNet,image_classification,train,Metal,metal,trashnet-master/trashnet-master/data/filtered_6class/train/Metal/metal284.jpg,,trashnet-master/trashnet-master/data/dataset-resized/metal/metal284.jpg,,,,,,,,
trashnet_train_metal86.jpg,TrashNet,image_classification,train,Metal,metal,trashnet-master/trashnet-master/data/filtered_6class/train/Metal/metal86.jpg,,trashnet-master/trashnet-master/data/dataset-resized/metal/metal86.jpg,,,,,,,,
trashnet_train_metal193.jpg,TrashNet,image_classification,train,Metal,metal,trashnet-master/trashnet-master/data/filtered_6class/train/Metal/metal193.jpg,,trashnet-master/trashnet-master/data/dataset-resized/metal/metal193.jpg,,,,,,,,
trashnet_train_metal194.jpg,TrashNet,image_classification,train,Metal,metal,trashnet-master/trashnet-master/data/filtered_6class/train/Metal/metal194.jpg,,trashnet-master/trashnet-master/data/dataset-resized/metal/metal194.jpg,,,,,,,,
trashnet_train_metal22.jpg,TrashNet,image_classification,train,Metal,metal,trashnet-master/trashnet-master/data/filtered_6class/train/Metal/metal22.jpg,,trashnet-master/trashnet-master/data/dataset-resized/metal/metal22.jpg,,,,,,,,
trashnet_train_metal81.jpg,TrashNet,image_classification,train,Metal,metal,trashnet-master/trashnet-master/data/filtered_6class/train/Metal/metal81.jpg,,trashnet-master/trashnet-master/data/dataset-resized/metal/metal81.jpg,,,,,,,,
trashnet_train_metal308.jpg,TrashNet,image_classification,train,Metal,metal,trashnet-master/trashnet-master/data/filtered_6class/train/Metal/metal308.jpg,,trashnet-master/trashnet-master/data/dataset-resized/metal/metal308.jpg,,,,,,,,
trashnet_train_metal170.jpg,TrashNet,image_classification,train,Metal,metal,trashnet-master/trashnet-master/data/filtered_6class/train/Metal/metal170.jpg,,trashnet-master/trashnet-master/data/dataset-resized/metal/metal170.jpg,,,,,,,,
trashnet_train_metal274.jpg,TrashNet,image_classification,train,Metal,metal,trashnet-master/trashnet-master/data/filtered_6class/train/Metal/metal274.jpg,,trashnet-master/trashnet-master/data/dataset-resized/metal/metal274.jpg,,,,,,,,
trashnet_train_metal28.jpg,TrashNet,image_classification,train,Metal,metal,trashnet-master/trashnet-master/data/filtered_6class/train/Metal/metal28.jpg,,trashnet-master/trashnet-master/data/dataset-resized/metal/metal28.jpg,,,,,,,,
trashnet_train_metal290.jpg,TrashNet,image_classification,train,Metal,metal,trashnet-master/trashnet-master/data/filtered_6class/train/Metal/metal290.jpg,,trashnet-master/trashnet-master/data/dataset-resized/metal/metal290.jpg,,,,,,,,
trashnet_train_metal129.jpg,TrashNet,image_classification,train,Metal,metal,trashnet-master/trashnet-master/data/filtered_6class/train/Metal/metal129.jpg,,trashnet-master/trashnet-master/data/dataset-resized/metal/metal129.jpg,,,,,,,,
trashnet_train_metal322.jpg,TrashNet,image_classification,train,Metal,metal,trashnet-master/trashnet-master/data/filtered_6class/train/Metal/metal322.jpg,,trashnet-master/trashnet-master/data/dataset-resized/metal/metal322.jpg,,,,,,,,
trashnet_train_metal206.jpg,TrashNet,image_classification,train,Metal,metal,trashnet-master/trashnet-master/data/filtered_6class/train/Metal/metal206.jpg,,trashnet-master/trashnet-master/data/dataset-resized/metal/metal206.jpg,,,,,,,,
trashnet_train_metal316.jpg,TrashNet,image_classification,train,Metal,metal,trashnet-master/trashnet-master/data/filtered_6class/train/Metal/metal316.jpg,,trashnet-master/trashnet-master/data/dataset-resized/metal/metal316.jpg,,,,,,,,
trashnet_train_metal311.jpg,TrashNet,image_classification,train,Metal,metal,trashnet-master/trashnet-master/data/filtered_6class/train/Metal/metal311.jpg,,trashnet-master/trashnet-master/data/dataset-resized/metal/metal311.jpg,,,,,,,,
trashnet_train_metal226.jpg,TrashNet,image_classification,train,Metal,metal,trashnet-master/trashnet-master/data/filtered_6class/train/Metal/metal226.jpg,,trashnet-master/trashnet-master/data/dataset-resized/metal/metal226.jpg,,,,,,,,
trashnet_train_metal264.jpg,TrashNet,image_classification,train,Metal,metal,trashnet-master/trashnet-master/data/filtered_6class/train/Metal/metal264.jpg,,trashnet-master/trashnet-master/data/dataset-resized/metal/metal264.jpg,,,,,,,,
trashnet_train_metal302.jpg,TrashNet,image_classification,train,Metal,metal,trashnet-master/trashnet-master/data/filtered_6class/train/Metal/metal302.jpg,,trashnet-master/trashnet-master/data/dataset-resized/metal/metal302.jpg,,,,,,,,
trashnet_train_metal212.jpg,TrashNet,image_classification,train,Metal,metal,trashnet-master/trashnet-master/data/filtered_6class/train/Metal/metal212.jpg,,trashnet-master/trashnet-master/data/dataset-resized/metal/metal212.jpg,,,,,,,,
trashnet_train_metal68.jpg,TrashNet,image_classification,train,Metal,metal,trashnet-master/trashnet-master/data/filtered_6class/train/Metal/metal68.jpg,,trashnet-master/trashnet-master/data/dataset-resized/metal/metal68.jpg,,,,,,,,
trashnet_train_metal310.jpg,TrashNet,image_classification,train,Metal,metal,trashnet-master/trashnet-master/data/filtered_6class/train/Metal/metal310.jpg,,trashnet-master/trashnet-master/data/dataset-resized/metal/metal310.jpg,,,,,,,,
trashnet_train_metal287.jpg,TrashNet,image_classification,train,Metal,metal,trashnet-master/trashnet-master/data/filtered_6class/train/Metal/metal287.jpg,,trashnet-master/trashnet-master/data/dataset-resized/metal/metal287.jpg,,,,,,,,
trashnet_train_metal381.jpg,TrashNet,image_classification,train,Metal,metal,trashnet-master/trashnet-master/data/filtered_6class/train/Metal/metal381.jpg,,trashnet-master/trashnet-master/data/dataset-resized/metal/metal381.jpg,,,,,,,,
trashnet_train_metal150.jpg,TrashNet,image_classification,train,Metal,metal,trashnet-master/trashnet-master/data/filtered_6class/train/Metal/metal150.jpg,,trashnet-master/trashnet-master/data/dataset-resized/metal/metal150.jpg,,,,,,,,
trashnet_train_metal216.jpg,TrashNet,image_classification,train,Metal,metal,trashnet-master/trashnet-master/data/filtered_6class/train/Metal/metal216.jpg,,trashnet-master/trashnet-master/data/dataset-resized/metal/metal216.jpg,,,,,,,,
trashnet_train_metal324.jpg,TrashNet,image_classification,train,Metal,metal,trashnet-master/trashnet-master/data/filtered_6class/train/Metal/metal324.jpg,,trashnet-master/trashnet-master/data/dataset-resized/metal/metal324.jpg,,,,,,,,
trashnet_train_metal380.jpg,TrashNet,image_classification,train,Metal,metal,trashnet-master/trashnet-master/data/filtered_6class/train/Metal/metal380.jpg,,trashnet-master/trashnet-master/data/dataset-resized/metal/metal380.jpg,,,,,,,,
trashnet_train_metal246.jpg,TrashNet,image_classification,train,Metal,metal,trashnet-master/trashnet-master/data/filtered_6class/train/Metal/metal246.jpg,,trashnet-master/trashnet-master/data/dataset-resized/metal/metal246.jpg,,,,,,,,
trashnet_train_metal343.jpg,TrashNet,image_classification,train,Metal,metal,trashnet-master/trashnet-master/data/filtered_6class/train/Metal/metal343.jpg,,trashnet-master/trashnet-master/data/dataset-resized/metal/metal343.jpg,,,,,,,,
trashnet_train_metal313.jpg,TrashNet,image_classification,train,Metal,metal,trashnet-master/trashnet-master/data/filtered_6class/train/Metal/metal313.jpg,,trashnet-master/trashnet-master/data/dataset-resized/metal/metal313.jpg,,,,,,,,
trashnet_train_metal281.jpg,TrashNet,image_classification,train,Metal,metal,trashnet-master/trashnet-master/data/filtered_6class/train/Metal/metal281.jpg,,trashnet-master/trashnet-master/data/dataset-resized/metal/metal281.jpg,,,,,,,,
trashnet_train_metal49.jpg,TrashNet,image_classification,train,Metal,metal,trashnet-master/trashnet-master/data/filtered_6class/train/Metal/metal49.jpg,,trashnet-master/trashnet-master/data/dataset-resized/metal/metal49.jpg,,,,,,,,
trashnet_train_metal92.jpg,TrashNet,image_classification,train,Metal,metal,trashnet-master/trashnet-master/data/filtered_6class/train/Metal/metal92.jpg,,trashnet-master/trashnet-master/data/dataset-resized/metal/metal92.jpg,,,,,,,,
trashnet_train_metal166.jpg,TrashNet,image_classification,train,Metal,metal,trashnet-master/trashnet-master/data/filtered_6class/train/Metal/metal166.jpg,,trashnet-master/trashnet-master/data/dataset-resized/metal/metal166.jpg,,,,,,,,
trashnet_train_metal223.jpg,TrashNet,image_classification,train,Metal,metal,trashnet-master/trashnet-master/data/filtered_6class/train/Metal/metal223.jpg,,trashnet-master/trashnet-master/data/dataset-resized/metal/metal223.jpg,,,,,,,,
trashnet_train_metal339.jpg,TrashNet,image_classification,train,Metal,metal,trashnet-master/trashnet-master/data/filtered_6class/train/Metal/metal339.jpg,,trashnet-master/trashnet-master/data/dataset-resized/metal/metal339.jpg,,,,,,,,
trashnet_train_metal113.jpg,TrashNet,image_classification,train,Metal,metal,trashnet-master/trashnet-master/data/filtered_6class/train/Metal/metal113.jpg,,trashnet-master/trashnet-master/data/dataset-resized/metal/metal113.jpg,,,,,,,,
trashnet_train_metal262.jpg,TrashNet,image_classification,train,Metal,metal,trashnet-master/trashnet-master/data/filtered_6class/train/Metal/metal262.jpg,,trashnet-master/trashnet-master/data/dataset-resized/metal/metal262.jpg,,,,,,,,
trashnet_train_metal179.jpg,TrashNet,image_classification,train,Metal,metal,trashnet-master/trashnet-master/data/filtered_6class/train/Metal/metal179.jpg,,trashnet-master/trashnet-master/data/dataset-resized/metal/metal179.jpg,,,,,,,,
trashnet_train_metal58.jpg,TrashNet,image_classification,train,Metal,metal,trashnet-master/trashnet-master/data/filtered_6class/train/Metal/metal58.jpg,,trashnet-master/trashnet-master/data/dataset-resized/metal/metal58.jpg,,,,,,,,
trashnet_train_metal334.jpg,TrashNet,image_classification,train,Metal,metal,trashnet-master/trashnet-master/data/filtered_6class/train/Metal/metal334.jpg,,trashnet-master/trashnet-master/data/dataset-resized/metal/metal334.jpg,,,,,,,,
trashnet_train_metal256.jpg,TrashNet,image_classification,train,Metal,metal,trashnet-master/trashnet-master/data/filtered_6class/train/Metal/metal256.jpg,,trashnet-master/trashnet-master/data/dataset-resized/metal/metal256.jpg,,,,,,,,
trashnet_train_metal79.jpg,TrashNet,image_classification,train,Metal,metal,trashnet-master/trashnet-master/data/filtered_6class/train/Metal/metal79.jpg,,trashnet-master/trashnet-master/data/dataset-resized/metal/metal79.jpg,,,,,,,,
trashnet_train_metal314.jpg,TrashNet,image_classification,train,Metal,metal,trashnet-master/trashnet-master/data/filtered_6class/train/Metal/metal314.jpg,,trashnet-master/trashnet-master/data/dataset-resized/metal/metal314.jpg,,,,,,,,
trashnet_train_metal74.jpg,TrashNet,image_classification,train,Metal,metal,trashnet-master/trashnet-master/data/filtered_6class/train/Metal/metal74.jpg,,trashnet-master/trashnet-master/data/dataset-resized/metal/metal74.jpg,,,,,,,,
trashnet_train_metal139.jpg,TrashNet,image_classification,train,Metal,metal,trashnet-master/trashnet-master/data/filtered_6class/train/Metal/metal139.jpg,,trashnet-master/trashnet-master/data/dataset-resized/metal/metal139.jpg,,,,,,,,
trashnet_train_metal379.jpg,TrashNet,image_classification,train,Metal,metal,trashnet-master/trashnet-master/data/filtered_6class/train/Metal/metal379.jpg,,trashnet-master/trashnet-master/data/dataset-resized/metal/metal379.jpg,,,,,,,,
trashnet_train_metal377.jpg,TrashNet,image_classification,train,Metal,metal,trashnet-master/trashnet-master/data/filtered_6class/train/Metal/metal377.jpg,,trashnet-master/trashnet-master/data/dataset-resized/metal/metal377.jpg,,,,,,,,
trashnet_train_metal75.jpg,TrashNet,image_classification,train,Metal,metal,trashnet-master/trashnet-master/data/filtered_6class/train/Metal/metal75.jpg,,trashnet-master/trashnet-master/data/dataset-resized/metal/metal75.jpg,,,,,,,,
trashnet_train_metal127.jpg,TrashNet,image_classification,train,Metal,metal,trashnet-master/trashnet-master/data/filtered_6class/train/Metal/metal127.jpg,,trashnet-master/trashnet-master/data/dataset-resized/metal/metal127.jpg,,,,,,,,
trashnet_train_metal145.jpg,TrashNet,image_classification,train,Metal,metal,trashnet-master/trashnet-master/data/filtered_6class/train/Metal/metal145.jpg,,trashnet-master/trashnet-master/data/dataset-resized/metal/metal145.jpg,,,,,,,,
trashnet_train_metal211.jpg,TrashNet,image_classification,train,Metal,metal,trashnet-master/trashnet-master/data/filtered_6class/train/Metal/metal211.jpg,,trashnet-master/trashnet-master/data/dataset-resized/metal/metal211.jpg,,,,,,,,
trashnet_train_metal259.jpg,TrashNet,image_classification,train,Metal,metal,trashnet-master/trashnet-master/data/filtered_6class/train/Metal/metal259.jpg,,trashnet-master/trashnet-master/data/dataset-resized/metal/metal259.jpg,,,,,,,,
trashnet_train_metal5.jpg,TrashNet,image_classification,train,Metal,metal,trashnet-master/trashnet-master/data/filtered_6class/train/Metal/metal5.jpg,,trashnet-master/trashnet-master/data/dataset-resized/metal/metal5.jpg,,,,,,,,
trashnet_train_metal348.jpg,TrashNet,image_classification,train,Metal,metal,trashnet-master/trashnet-master/data/filtered_6class/train/Metal/metal348.jpg,,trashnet-master/trashnet-master/data/dataset-resized/metal/metal348.jpg,,,,,,,,
trashnet_train_metal148.jpg,TrashNet,image_classification,train,Metal,metal,trashnet-master/trashnet-master/data/filtered_6class/train/Metal/metal148.jpg,,trashnet-master/trashnet-master/data/dataset-resized/metal/metal148.jpg,,,,,,,,
trashnet_train_metal201.jpg,TrashNet,image_classification,train,Metal,metal,trashnet-master/trashnet-master/data/filtered_6class/train/Metal/metal201.jpg,,trashnet-master/trashnet-master/data/dataset-resized/metal/metal201.jpg,,,,,,,,
trashnet_train_metal55.jpg,TrashNet,image_classification,train,Metal,metal,trashnet-master/trashnet-master/data/filtered_6class/train/Metal/metal55.jpg,,trashnet-master/trashnet-master/data/dataset-resized/metal/metal55.jpg,,,,,,,,
trashnet_train_metal159.jpg,TrashNet,image_classification,train,Metal,metal,trashnet-master/trashnet-master/data/filtered_6class/train/Metal/metal159.jpg,,trashnet-master/trashnet-master/data/dataset-resized/metal/metal159.jpg,,,,,,,,
trashnet_train_metal43.jpg,TrashNet,image_classification,train,Metal,metal,trashnet-master/trashnet-master/data/filtered_6class/train/Metal/metal43.jpg,,trashnet-master/trashnet-master/data/dataset-resized/metal/metal43.jpg,,,,,,,,
trashnet_train_metal16.jpg,TrashNet,image_classification,train,Metal,metal,trashnet-master/trashnet-master/data/filtered_6class/train/Metal/metal16.jpg,,trashnet-master/trashnet-master/data/dataset-resized/metal/metal16.jpg,,,,,,,,
trashnet_train_metal126.jpg,TrashNet,image_classification,train,Metal,metal,trashnet-master/trashnet-master/data/filtered_6class/train/Metal/metal126.jpg,,trashnet-master/trashnet-master/data/dataset-resized/metal/metal126.jpg,,,,,,,,
trashnet_train_metal228.jpg,TrashNet,image_classification,train,Metal,metal,trashnet-master/trashnet-master/data/filtered_6class/train/Metal/metal228.jpg,,trashnet-master/trashnet-master/data/dataset-resized/metal/metal228.jpg,,,,,,,,
trashnet_train_metal189.jpg,TrashNet,image_classification,train,Metal,metal,trashnet-master/trashnet-master/data/filtered_6class/train/Metal/metal189.jpg,,trashnet-master/trashnet-master/data/dataset-resized/metal/metal189.jpg,,,,,,,,
trashnet_train_metal218.jpg,TrashNet,image_classification,train,Metal,metal,trashnet-master/trashnet-master/data/filtered_6class/train/Metal/metal218.jpg,,trashnet-master/trashnet-master/data/dataset-resized/metal/metal218.jpg,,,,,,,,
trashnet_train_metal213.jpg,TrashNet,image_classification,train,Metal,metal,trashnet-master/trashnet-master/data/filtered_6class/train/Metal/metal213.jpg,,trashnet-master/trashnet-master/data/dataset-resized/metal/metal213.jpg,,,,,,,,
trashnet_train_metal141.jpg,TrashNet,image_classification,train,Metal,metal,trashnet-master/trashnet-master/data/filtered_6class/train/Metal/metal141.jpg,,trashnet-master/trashnet-master/data/dataset-resized/metal/metal141.jpg,,,,,,,,
trashnet_train_metal361.jpg,TrashNet,image_classification,train,Metal,metal,trashnet-master/trashnet-master/data/filtered_6class/train/Metal/metal361.jpg,,trashnet-master/trashnet-master/data/dataset-resized/metal/metal361.jpg,,,,,,,,
trashnet_train_metal104.jpg,TrashNet,image_classification,train,Metal,metal,trashnet-master/trashnet-master/data/filtered_6class/train/Metal/metal104.jpg,,trashnet-master/trashnet-master/data/dataset-resized/metal/metal104.jpg,,,,,,,,
trashnet_train_metal360.jpg,TrashNet,image_classification,train,Metal,metal,trashnet-master/trashnet-master/data/filtered_6class/train/Metal/metal360.jpg,,trashnet-master/trashnet-master/data/dataset-resized/metal/metal360.jpg,,,,,,,,
trashnet_train_metal370.jpg,TrashNet,image_classification,train,Metal,metal,trashnet-master/trashnet-master/data/filtered_6class/train/Metal/metal370.jpg,,trashnet-master/trashnet-master/data/dataset-resized/metal/metal370.jpg,,,,,,,,
trashnet_train_metal163.jpg,TrashNet,image_classification,train,Metal,metal,trashnet-master/trashnet-master/data/filtered_6class/train/Metal/metal163.jpg,,trashnet-master/trashnet-master/data/dataset-resized/metal/metal163.jpg,,,,,,,,
trashnet_train_metal249.jpg,TrashNet,image_classification,train,Metal,metal,trashnet-master/trashnet-master/data/filtered_6class/train/Metal/metal249.jpg,,trashnet-master/trashnet-master/data/dataset-resized/metal/metal249.jpg,,,,,,,,
trashnet_train_metal171.jpg,TrashNet,image_classification,train,Metal,metal,trashnet-master/trashnet-master/data/filtered_6class/train/Metal/metal171.jpg,,trashnet-master/trashnet-master/data/dataset-resized/metal/metal171.jpg,,,,,,,,
trashnet_train_metal190.jpg,TrashNet,image_classification,train,Metal,metal,trashnet-master/trashnet-master/data/filtered_6class/train/Metal/metal190.jpg,,trashnet-master/trashnet-master/data/dataset-resized/metal/metal190.jpg,,,,,,,,
trashnet_train_metal325.jpg,TrashNet,image_classification,train,Metal,metal,trashnet-master/trashnet-master/data/filtered_6class/train/Metal/metal325.jpg,,trashnet-master/trashnet-master/data/dataset-resized/metal/metal325.jpg,,,,,,,,
trashnet_train_metal220.jpg,TrashNet,image_classification,train,Metal,metal,trashnet-master/trashnet-master/data/filtered_6class/train/Metal/metal220.jpg,,trashnet-master/trashnet-master/data/dataset-resized/metal/metal220.jpg,,,,,,,,
trashnet_train_metal130.jpg,TrashNet,image_classification,train,Metal,metal,trashnet-master/trashnet-master/data/filtered_6class/train/Metal/metal130.jpg,,trashnet-master/trashnet-master/data/dataset-resized/metal/metal130.jpg,,,,,,,,
trashnet_train_metal375.jpg,TrashNet,image_classification,train,Metal,metal,trashnet-master/trashnet-master/data/filtered_6class/train/Metal/metal375.jpg,,trashnet-master/trashnet-master/data/dataset-resized/metal/metal375.jpg,,,,,,,,
trashnet_train_metal116.jpg,TrashNet,image_classification,train,Metal,metal,trashnet-master/trashnet-master/data/filtered_6class/train/Metal/metal116.jpg,,trashnet-master/trashnet-master/data/dataset-resized/metal/metal116.jpg,,,,,,,,
trashnet_train_metal275.jpg,TrashNet,image_classification,train,Metal,metal,trashnet-master/trashnet-master/data/filtered_6class/train/Metal/metal275.jpg,,trashnet-master/trashnet-master/data/dataset-resized/metal/metal275.jpg,,,,,,,,
trashnet_train_metal200.jpg,TrashNet,image_classification,train,Metal,metal,trashnet-master/trashnet-master/data/filtered_6class/train/Metal/metal200.jpg,,trashnet-master/trashnet-master/data/dataset-resized/metal/metal200.jpg,,,,,,,,
trashnet_train_metal7.jpg,TrashNet,image_classification,train,Metal,metal,trashnet-master/trashnet-master/data/filtered_6class/train/Metal/metal7.jpg,,trashnet-master/trashnet-master/data/dataset-resized/metal/metal7.jpg,,,,,,,,
trashnet_train_metal184.jpg,TrashNet,image_classification,train,Metal,metal,trashnet-master/trashnet-master/data/filtered_6class/train/Metal/metal184.jpg,,trashnet-master/trashnet-master/data/dataset-resized/metal/metal184.jpg,,,,,,,,
trashnet_train_metal202.jpg,TrashNet,image_classification,train,Metal,metal,trashnet-master/trashnet-master/data/filtered_6class/train/Metal/metal202.jpg,,trashnet-master/trashnet-master/data/dataset-resized/metal/metal202.jpg,,,,,,,,
trashnet_train_metal365.jpg,TrashNet,image_classification,train,Metal,metal,trashnet-master/trashnet-master/data/filtered_6class/train/Metal/metal365.jpg,,trashnet-master/trashnet-master/data/dataset-resized/metal/metal365.jpg,,,,,,,,
trashnet_train_metal134.jpg,TrashNet,image_classification,train,Metal,metal,trashnet-master/trashnet-master/data/filtered_6class/train/Metal/metal134.jpg,,trashnet-master/trashnet-master/data/dataset-resized/metal/metal134.jpg,,,,,,,,
trashnet_train_metal84.jpg,TrashNet,image_classification,train,Metal,metal,trashnet-master/trashnet-master/data/filtered_6class/train/Metal/metal84.jpg,,trashnet-master/trashnet-master/data/dataset-resized/metal/metal84.jpg,,,,,,,,
trashnet_train_metal41.jpg,TrashNet,image_classification,train,Metal,metal,trashnet-master/trashnet-master/data/filtered_6class/train/Metal/metal41.jpg,,trashnet-master/trashnet-master/data/dataset-resized/metal/metal41.jpg,,,,,,,,
trashnet_train_metal23.jpg,TrashNet,image_classification,train,Metal,metal,trashnet-master/trashnet-master/data/filtered_6class/train/Metal/metal23.jpg,,trashnet-master/trashnet-master/data/dataset-resized/metal/metal23.jpg,,,,,,,,
trashnet_train_metal318.jpg,TrashNet,image_classification,train,Metal,metal,trashnet-master/trashnet-master/data/filtered_6class/train/Metal/metal318.jpg,,trashnet-master/trashnet-master/data/dataset-resized/metal/metal318.jpg,,,,,,,,
trashnet_train_metal188.jpg,TrashNet,image_classification,train,Metal,metal,trashnet-master/trashnet-master/data/filtered_6class/train/Metal/metal188.jpg,,trashnet-master/trashnet-master/data/dataset-resized/metal/metal188.jpg,,,,,,,,
trashnet_train_metal355.jpg,TrashNet,image_classification,train,Metal,metal,trashnet-master/trashnet-master/data/filtered_6class/train/Metal/metal355.jpg,,trashnet-master/trashnet-master/data/dataset-resized/metal/metal355.jpg,,,,,,,,
trashnet_train_metal44.jpg,TrashNet,image_classification,train,Metal,metal,trashnet-master/trashnet-master/data/filtered_6class/train/Metal/metal44.jpg,,trashnet-master/trashnet-master/data/dataset-resized/metal/metal44.jpg,,,,,,,,
trashnet_train_metal248.jpg,TrashNet,image_classification,train,Metal,metal,trashnet-master/trashnet-master/data/filtered_6class/train/Metal/metal248.jpg,,trashnet-master/trashnet-master/data/dataset-resized/metal/metal248.jpg,,,,,,,,
trashnet_train_metal47.jpg,TrashNet,image_classification,train,Metal,metal,trashnet-master/trashnet-master/data/filtered_6class/train/Metal/metal47.jpg,,trashnet-master/trashnet-master/data/dataset-resized/metal/metal47.jpg,,,,,,,,
trashnet_train_metal153.jpg,TrashNet,image_classification,train,Metal,metal,trashnet-master/trashnet-master/data/filtered_6class/train/Metal/metal153.jpg,,trashnet-master/trashnet-master/data/dataset-resized/metal/metal153.jpg,,,,,,,,
trashnet_train_metal408.jpg,TrashNet,image_classification,train,Metal,metal,trashnet-master/trashnet-master/data/filtered_6class/train/Metal/metal408.jpg,,trashnet-master/trashnet-master/data/dataset-resized/metal/metal408.jpg,,,,,,,,
trashnet_train_metal157.jpg,TrashNet,image_classification,train,Metal,metal,trashnet-master/trashnet-master/data/filtered_6class/train/Metal/metal157.jpg,,trashnet-master/trashnet-master/data/dataset-resized/metal/metal157.jpg,,,,,,,,
trashnet_train_metal114.jpg,TrashNet,image_classification,train,Metal,metal,trashnet-master/trashnet-master/data/filtered_6class/train/Metal/metal114.jpg,,trashnet-master/trashnet-master/data/dataset-resized/metal/metal114.jpg,,,,,,,,
trashnet_train_metal300.jpg,TrashNet,image_classification,train,Metal,metal,trashnet-master/trashnet-master/data/filtered_6class/train/Metal/metal300.jpg,,trashnet-master/trashnet-master/data/dataset-resized/metal/metal300.jpg,,,,,,,,
trashnet_train_metal67.jpg,TrashNet,image_classification,train,Metal,metal,trashnet-master/trashnet-master/data/filtered_6class/train/Metal/metal67.jpg,,trashnet-master/trashnet-master/data/dataset-resized/metal/metal67.jpg,,,,,,,,
trashnet_train_metal112.jpg,TrashNet,image_classification,train,Metal,metal,trashnet-master/trashnet-master/data/filtered_6class/train/Metal/metal112.jpg,,trashnet-master/trashnet-master/data/dataset-resized/metal/metal112.jpg,,,,,,,,
trashnet_train_metal172.jpg,TrashNet,image_classification,train,Metal,metal,trashnet-master/trashnet-master/data/filtered_6class/train/Metal/metal172.jpg,,trashnet-master/trashnet-master/data/dataset-resized/metal/metal172.jpg,,,,,,,,
trashnet_train_metal267.jpg,TrashNet,image_classification,train,Metal,metal,trashnet-master/trashnet-master/data/filtered_6class/train/Metal/metal267.jpg,,trashnet-master/trashnet-master/data/dataset-resized/metal/metal267.jpg,,,,,,,,
trashnet_train_metal286.jpg,TrashNet,image_classification,train,Metal,metal,trashnet-master/trashnet-master/data/filtered_6class/train/Metal/metal286.jpg,,trashnet-master/trashnet-master/data/dataset-resized/metal/metal286.jpg,,,,,,,,
trashnet_train_metal133.jpg,TrashNet,image_classification,train,Metal,metal,trashnet-master/trashnet-master/data/filtered_6class/train/Metal/metal133.jpg,,trashnet-master/trashnet-master/data/dataset-resized/metal/metal133.jpg,,,,,,,,
trashnet_train_metal125.jpg,TrashNet,image_classification,train,Metal,metal,trashnet-master/trashnet-master/data/filtered_6class/train/Metal/metal125.jpg,,trashnet-master/trashnet-master/data/dataset-resized/metal/metal125.jpg,,,,,,,,
trashnet_train_metal225.jpg,TrashNet,image_classification,train,Metal,metal,trashnet-master/trashnet-master/data/filtered_6class/train/Metal/metal225.jpg,,trashnet-master/trashnet-master/data/dataset-resized/metal/metal225.jpg,,,,,,,,
trashnet_train_metal3.jpg,TrashNet,image_classification,train,Metal,metal,trashnet-master/trashnet-master/data/filtered_6class/train/Metal/metal3.jpg,,trashnet-master/trashnet-master/data/dataset-resized/metal/metal3.jpg,,,,,,,,
trashnet_train_metal4.jpg,TrashNet,image_classification,train,Metal,metal,trashnet-master/trashnet-master/data/filtered_6class/train/Metal/metal4.jpg,,trashnet-master/trashnet-master/data/dataset-resized/metal/metal4.jpg,,,,,,,,
trashnet_train_metal384.jpg,TrashNet,image_classification,train,Metal,metal,trashnet-master/trashnet-master/data/filtered_6class/train/Metal/metal384.jpg,,trashnet-master/trashnet-master/data/dataset-resized/metal/metal384.jpg,,,,,,,,
trashnet_train_metal347.jpg,TrashNet,image_classification,train,Metal,metal,trashnet-master/trashnet-master/data/filtered_6class/train/Metal/metal347.jpg,,trashnet-master/trashnet-master/data/dataset-resized/metal/metal347.jpg,,,,,,,,
trashnet_train_metal260.jpg,TrashNet,image_classification,train,Metal,metal,trashnet-master/trashnet-master/data/filtered_6class/train/Metal/metal260.jpg,,trashnet-master/trashnet-master/data/dataset-resized/metal/metal260.jpg,,,,,,,,
trashnet_train_metal303.jpg,TrashNet,image_classification,train,Metal,metal,trashnet-master/trashnet-master/data/filtered_6class/train/Metal/metal303.jpg,,trashnet-master/trashnet-master/data/dataset-resized/metal/metal303.jpg,,,,,,,,
trashnet_train_metal176.jpg,TrashNet,image_classification,train,Metal,metal,trashnet-master/trashnet-master/data/filtered_6class/train/Metal/metal176.jpg,,trashnet-master/trashnet-master/data/dataset-resized/metal/metal176.jpg,,,,,,,,
trashnet_train_metal296.jpg,TrashNet,image_classification,train,Metal,metal,trashnet-master/trashnet-master/data/filtered_6class/train/Metal/metal296.jpg,,trashnet-master/trashnet-master/data/dataset-resized/metal/metal296.jpg,,,,,,,,
trashnet_train_metal304.jpg,TrashNet,image_classification,train,Metal,metal,trashnet-master/trashnet-master/data/filtered_6class/train/Metal/metal304.jpg,,trashnet-master/trashnet-master/data/dataset-resized/metal/metal304.jpg,,,,,,,,
trashnet_train_metal24.jpg,TrashNet,image_classification,train,Metal,metal,trashnet-master/trashnet-master/data/filtered_6class/train/Metal/metal24.jpg,,trashnet-master/trashnet-master/data/dataset-resized/metal/metal24.jpg,,,,,,,,
trashnet_train_metal235.jpg,TrashNet,image_classification,train,Metal,metal,trashnet-master/trashnet-master/data/filtered_6class/train/Metal/metal235.jpg,,trashnet-master/trashnet-master/data/dataset-resized/metal/metal235.jpg,,,,,,,,
trashnet_train_metal25.jpg,TrashNet,image_classification,train,Metal,metal,trashnet-master/trashnet-master/data/filtered_6class/train/Metal/metal25.jpg,,trashnet-master/trashnet-master/data/dataset-resized/metal/metal25.jpg,,,,,,,,
trashnet_train_metal357.jpg,TrashNet,image_classification,train,Metal,metal,trashnet-master/trashnet-master/data/filtered_6class/train/Metal/metal357.jpg,,trashnet-master/trashnet-master/data/dataset-resized/metal/metal357.jpg,,,,,,,,
trashnet_train_metal146.jpg,TrashNet,image_classification,train,Metal,metal,trashnet-master/trashnet-master/data/filtered_6class/train/Metal/metal146.jpg,,trashnet-master/trashnet-master/data/dataset-resized/metal/metal146.jpg,,,,,,,,
trashnet_train_metal247.jpg,TrashNet,image_classification,train,Metal,metal,trashnet-master/trashnet-master/data/filtered_6class/train/Metal/metal247.jpg,,trashnet-master/trashnet-master/data/dataset-resized/metal/metal247.jpg,,,,,,,,
trashnet_train_metal388.jpg,TrashNet,image_classification,train,Metal,metal,trashnet-master/trashnet-master/data/filtered_6class/train/Metal/metal388.jpg,,trashnet-master/trashnet-master/data/dataset-resized/metal/metal388.jpg,,,,,,,,
trashnet_train_metal399.jpg,TrashNet,image_classification,train,Metal,metal,trashnet-master/trashnet-master/data/filtered_6class/train/Metal/metal399.jpg,,trashnet-master/trashnet-master/data/dataset-resized/metal/metal399.jpg,,,,,,,,
trashnet_train_metal182.jpg,TrashNet,image_classification,train,Metal,metal,trashnet-master/trashnet-master/data/filtered_6class/train/Metal/metal182.jpg,,trashnet-master/trashnet-master/data/dataset-resized/metal/metal182.jpg,,,,,,,,
trashnet_train_metal298.jpg,TrashNet,image_classification,train,Metal,metal,trashnet-master/trashnet-master/data/filtered_6class/train/Metal/metal298.jpg,,trashnet-master/trashnet-master/data/dataset-resized/metal/metal298.jpg,,,,,,,,
trashnet_train_metal96.jpg,TrashNet,image_classification,train,Metal,metal,trashnet-master/trashnet-master/data/filtered_6class/train/Metal/metal96.jpg,,trashnet-master/trashnet-master/data/dataset-resized/metal/metal96.jpg,,,,,,,,
trashnet_train_trash32.jpg,TrashNet,image_classification,train,Other,trash,trashnet-master/trashnet-master/data/filtered_6class/train/Other/trash32.jpg,,trashnet-master/trashnet-master/data/dataset-resized/trash/trash32.jpg,,,,,,,,
trashnet_train_trash55.jpg,TrashNet,image_classification,train,Other,trash,trashnet-master/trashnet-master/data/filtered_6class/train/Other/trash55.jpg,,trashnet-master/trashnet-master/data/dataset-resized/trash/trash55.jpg,,,,,,,,
trashnet_train_trash12.jpg,TrashNet,image_classification,train,Other,trash,trashnet-master/trashnet-master/data/filtered_6class/train/Other/trash12.jpg,,trashnet-master/trashnet-master/data/dataset-resized/trash/trash12.jpg,,,,,,,,
trashnet_train_trash1.jpg,TrashNet,image_classification,train,Other,trash,trashnet-master/trashnet-master/data/filtered_6class/train/Other/trash1.jpg,,trashnet-master/trashnet-master/data/dataset-resized/trash/trash1.jpg,,,,,,,,
trashnet_train_trash50.jpg,TrashNet,image_classification,train,Other,trash,trashnet-master/trashnet-master/data/filtered_6class/train/Other/trash50.jpg,,trashnet-master/trashnet-master/data/dataset-resized/trash/trash50.jpg,,,,,,,,
trashnet_train_trash49.jpg,TrashNet,image_classification,train,Other,trash,trashnet-master/trashnet-master/data/filtered_6class/train/Other/trash49.jpg,,trashnet-master/trashnet-master/data/dataset-resized/trash/trash49.jpg,,,,,,,,
trashnet_train_trash56.jpg,TrashNet,image_classification,train,Other,trash,trashnet-master/trashnet-master/data/filtered_6class/train/Other/trash56.jpg,,trashnet-master/trashnet-master/data/dataset-resized/trash/trash56.jpg,,,,,,,,
trashnet_train_trash78.jpg,TrashNet,image_classification,train,Other,trash,trashnet-master/trashnet-master/data/filtered_6class/train/Other/trash78.jpg,,trashnet-master/trashnet-master/data/dataset-resized/trash/trash78.jpg,,,,,,,,
trashnet_train_trash54.jpg,TrashNet,image_classification,train,Other,trash,trashnet-master/trashnet-master/data/filtered_6class/train/Other/trash54.jpg,,trashnet-master/trashnet-master/data/dataset-resized/trash/trash54.jpg,,,,,,,,
trashnet_train_trash131.jpg,TrashNet,image_classification,train,Other,trash,trashnet-master/trashnet-master/data/filtered_6class/train/Other/trash131.jpg,,trashnet-master/trashnet-master/data/dataset-resized/trash/trash131.jpg,,,,,,,,
trashnet_train_trash83.jpg,TrashNet,image_classification,train,Other,trash,trashnet-master/trashnet-master/data/filtered_6class/train/Other/trash83.jpg,,trashnet-master/trashnet-master/data/dataset-resized/trash/trash83.jpg,,,,,,,,
trashnet_train_trash71.jpg,TrashNet,image_classification,train,Other,trash,trashnet-master/trashnet-master/data/filtered_6class/train/Other/trash71.jpg,,trashnet-master/trashnet-master/data/dataset-resized/trash/trash71.jpg,,,,,,,,
trashnet_train_trash52.jpg,TrashNet,image_classification,train,Other,trash,trashnet-master/trashnet-master/data/filtered_6class/train/Other/trash52.jpg,,trashnet-master/trashnet-master/data/dataset-resized/trash/trash52.jpg,,,,,,,,
trashnet_train_trash39.jpg,TrashNet,image_classification,train,Other,trash,trashnet-master/trashnet-master/data/filtered_6class/train/Other/trash39.jpg,,trashnet-master/trashnet-master/data/dataset-resized/trash/trash39.jpg,,,,,,,,
trashnet_train_trash57.jpg,TrashNet,image_classification,train,Other,trash,trashnet-master/trashnet-master/data/filtered_6class/train/Other/trash57.jpg,,trashnet-master/trashnet-master/data/dataset-resized/trash/trash57.jpg,,,,,,,,
trashnet_train_trash47.jpg,TrashNet,image_classification,train,Other,trash,trashnet-master/trashnet-master/data/filtered_6class/train/Other/trash47.jpg,,trashnet-master/trashnet-master/data/dataset-resized/trash/trash47.jpg,,,,,,,,
trashnet_train_trash91.jpg,TrashNet,image_classification,train,Other,trash,trashnet-master/trashnet-master/data/filtered_6class/train/Other/trash91.jpg,,trashnet-master/trashnet-master/data/dataset-resized/trash/trash91.jpg,,,,,,,,
trashnet_train_trash85.jpg,TrashNet,image_classification,train,Other,trash,trashnet-master/trashnet-master/data/filtered_6class/train/Other/trash85.jpg,,trashnet-master/trashnet-master/data/dataset-resized/trash/trash85.jpg,,,,,,,,
trashnet_train_trash108.jpg,TrashNet,image_classification,train,Other,trash,trashnet-master/trashnet-master/data/filtered_6class/train/Other/trash108.jpg,,trashnet-master/trashnet-master/data/dataset-resized/trash/trash108.jpg,,,,,,,,
trashnet_train_trash13.jpg,TrashNet,image_classification,train,Other,trash,trashnet-master/trashnet-master/data/filtered_6class/train/Other/trash13.jpg,,trashnet-master/trashnet-master/data/dataset-resized/trash/trash13.jpg,,,,,,,,
trashnet_train_trash59.jpg,TrashNet,image_classification,train,Other,trash,trashnet-master/trashnet-master/data/filtered_6class/train/Other/trash59.jpg,,trashnet-master/trashnet-master/data/dataset-resized/trash/trash59.jpg,,,,,,,,
trashnet_train_trash22.jpg,TrashNet,image_classification,train,Other,trash,trashnet-master/trashnet-master/data/filtered_6class/train/Other/trash22.jpg,,trashnet-master/trashnet-master/data/dataset-resized/trash/trash22.jpg,,,,,,,,
trashnet_train_trash132.jpg,TrashNet,image_classification,train,Other,trash,trashnet-master/trashnet-master/data/filtered_6class/train/Other/trash132.jpg,,trashnet-master/trashnet-master/data/dataset-resized/trash/trash132.jpg,,,,,,,,
trashnet_train_trash123.jpg,TrashNet,image_classification,train,Other,trash,trashnet-master/trashnet-master/data/filtered_6class/train/Other/trash123.jpg,,trashnet-master/trashnet-master/data/dataset-resized/trash/trash123.jpg,,,,,,,,
trashnet_train_trash27.jpg,TrashNet,image_classification,train,Other,trash,trashnet-master/trashnet-master/data/filtered_6class/train/Other/trash27.jpg,,trashnet-master/trashnet-master/data/dataset-resized/trash/trash27.jpg,,,,,,,,
trashnet_train_trash9.jpg,TrashNet,image_classification,train,Other,trash,trashnet-master/trashnet-master/data/filtered_6class/train/Other/trash9.jpg,,trashnet-master/trashnet-master/data/dataset-resized/trash/trash9.jpg,,,,,,,,
trashnet_train_trash25.jpg,TrashNet,image_classification,train,Other,trash,trashnet-master/trashnet-master/data/filtered_6class/train/Other/trash25.jpg,,trashnet-master/trashnet-master/data/dataset-resized/trash/trash25.jpg,,,,,,,,
trashnet_train_trash105.jpg,TrashNet,image_classification,train,Other,trash,trashnet-master/trashnet-master/data/filtered_6class/train/Other/trash105.jpg,,trashnet-master/trashnet-master/data/dataset-resized/trash/trash105.jpg,,,,,,,,
trashnet_train_trash88.jpg,TrashNet,image_classification,train,Other,trash,trashnet-master/trashnet-master/data/filtered_6class/train/Other/trash88.jpg,,trashnet-master/trashnet-master/data/dataset-resized/trash/trash88.jpg,,,,,,,,
trashnet_train_trash112.jpg,TrashNet,image_classification,train,Other,trash,trashnet-master/trashnet-master/data/filtered_6class/train/Other/trash112.jpg,,trashnet-master/trashnet-master/data/dataset-resized/trash/trash112.jpg,,,,,,,,
trashnet_train_trash7.jpg,TrashNet,image_classification,train,Other,trash,trashnet-master/trashnet-master/data/filtered_6class/train/Other/trash7.jpg,,trashnet-master/trashnet-master/data/dataset-resized/trash/trash7.jpg,,,,,,,,
trashnet_train_trash113.jpg,TrashNet,image_classification,train,Other,trash,trashnet-master/trashnet-master/data/filtered_6class/train/Other/trash113.jpg,,trashnet-master/trashnet-master/data/dataset-resized/trash/trash113.jpg,,,,,,,,
trashnet_train_trash119.jpg,TrashNet,image_classification,train,Other,trash,trashnet-master/trashnet-master/data/filtered_6class/train/Other/trash119.jpg,,trashnet-master/trashnet-master/data/dataset-resized/trash/trash119.jpg,,,,,,,,
trashnet_train_trash38.jpg,TrashNet,image_classification,train,Other,trash,trashnet-master/trashnet-master/data/filtered_6class/train/Other/trash38.jpg,,trashnet-master/trashnet-master/data/dataset-resized/trash/trash38.jpg,,,,,,,,
trashnet_train_trash53.jpg,TrashNet,image_classification,train,Other,trash,trashnet-master/trashnet-master/data/filtered_6class/train/Other/trash53.jpg,,trashnet-master/trashnet-master/data/dataset-resized/trash/trash53.jpg,,,,,,,,
trashnet_train_trash109.jpg,TrashNet,image_classification,train,Other,trash,trashnet-master/trashnet-master/data/filtered_6class/train/Other/trash109.jpg,,trashnet-master/trashnet-master/data/dataset-resized/trash/trash109.jpg,,,,,,,,
trashnet_train_trash98.jpg,TrashNet,image_classification,train,Other,trash,trashnet-master/trashnet-master/data/filtered_6class/train/Other/trash98.jpg,,trashnet-master/trashnet-master/data/dataset-resized/trash/trash98.jpg,,,,,,,,
trashnet_train_trash97.jpg,TrashNet,image_classification,train,Other,trash,trashnet-master/trashnet-master/data/filtered_6class/train/Other/trash97.jpg,,trashnet-master/trashnet-master/data/dataset-resized/trash/trash97.jpg,,,,,,,,
trashnet_train_trash75.jpg,TrashNet,image_classification,train,Other,trash,trashnet-master/trashnet-master/data/filtered_6class/train/Other/trash75.jpg,,trashnet-master/trashnet-master/data/dataset-resized/trash/trash75.jpg,,,,,,,,
trashnet_train_trash80.jpg,TrashNet,image_classification,train,Other,trash,trashnet-master/trashnet-master/data/filtered_6class/train/Other/trash80.jpg,,trashnet-master/trashnet-master/data/dataset-resized/trash/trash80.jpg,,,,,,,,
trashnet_train_trash29.jpg,TrashNet,image_classification,train,Other,trash,trashnet-master/trashnet-master/data/filtered_6class/train/Other/trash29.jpg,,trashnet-master/trashnet-master/data/dataset-resized/trash/trash29.jpg,,,,,,,,
trashnet_train_trash130.jpg,TrashNet,image_classification,train,Other,trash,trashnet-master/trashnet-master/data/filtered_6class/train/Other/trash130.jpg,,trashnet-master/trashnet-master/data/dataset-resized/trash/trash130.jpg,,,,,,,,
trashnet_train_trash24.jpg,TrashNet,image_classification,train,Other,trash,trashnet-master/trashnet-master/data/filtered_6class/train/Other/trash24.jpg,,trashnet-master/trashnet-master/data/dataset-resized/trash/trash24.jpg,,,,,,,,
trashnet_train_trash90.jpg,TrashNet,image_classification,train,Other,trash,trashnet-master/trashnet-master/data/filtered_6class/train/Other/trash90.jpg,,trashnet-master/trashnet-master/data/dataset-resized/trash/trash90.jpg,,,,,,,,
trashnet_train_trash106.jpg,TrashNet,image_classification,train,Other,trash,trashnet-master/trashnet-master/data/filtered_6class/train/Other/trash106.jpg,,trashnet-master/trashnet-master/data/dataset-resized/trash/trash106.jpg,,,,,,,,
trashnet_train_trash16.jpg,TrashNet,image_classification,train,Other,trash,trashnet-master/trashnet-master/data/filtered_6class/train/Other/trash16.jpg,,trashnet-master/trashnet-master/data/dataset-resized/trash/trash16.jpg,,,,,,,,
trashnet_train_trash44.jpg,TrashNet,image_classification,train,Other,trash,trashnet-master/trashnet-master/data/filtered_6class/train/Other/trash44.jpg,,trashnet-master/trashnet-master/data/dataset-resized/trash/trash44.jpg,,,,,,,,
trashnet_train_trash86.jpg,TrashNet,image_classification,train,Other,trash,trashnet-master/trashnet-master/data/filtered_6class/train/Other/trash86.jpg,,trashnet-master/trashnet-master/data/dataset-resized/trash/trash86.jpg,,,,,,,,
trashnet_train_trash5.jpg,TrashNet,image_classification,train,Other,trash,trashnet-master/trashnet-master/data/filtered_6class/train/Other/trash5.jpg,,trashnet-master/trashnet-master/data/dataset-resized/trash/trash5.jpg,,,,,,,,
trashnet_train_trash94.jpg,TrashNet,image_classification,train,Other,trash,trashnet-master/trashnet-master/data/filtered_6class/train/Other/trash94.jpg,,trashnet-master/trashnet-master/data/dataset-resized/trash/trash94.jpg,,,,,,,,
trashnet_train_trash69.jpg,TrashNet,image_classification,train,Other,trash,trashnet-master/trashnet-master/data/filtered_6class/train/Other/trash69.jpg,,trashnet-master/trashnet-master/data/dataset-resized/trash/trash69.jpg,,,,,,,,
trashnet_train_trash2.jpg,TrashNet,image_classification,train,Other,trash,trashnet-master/trashnet-master/data/filtered_6class/train/Other/trash2.jpg,,trashnet-master/trashnet-master/data/dataset-resized/trash/trash2.jpg,,,,,,,,
trashnet_train_trash93.jpg,TrashNet,image_classification,train,Other,trash,trashnet-master/trashnet-master/data/filtered_6class/train/Other/trash93.jpg,,trashnet-master/trashnet-master/data/dataset-resized/trash/trash93.jpg,,,,,,,,
trashnet_train_trash26.jpg,TrashNet,image_classification,train,Other,trash,trashnet-master/trashnet-master/data/filtered_6class/train/Other/trash26.jpg,,trashnet-master/trashnet-master/data/dataset-resized/trash/trash26.jpg,,,,,,,,
trashnet_train_trash110.jpg,TrashNet,image_classification,train,Other,trash,trashnet-master/trashnet-master/data/filtered_6class/train/Other/trash110.jpg,,trashnet-master/trashnet-master/data/dataset-resized/trash/trash110.jpg,,,,,,,,
trashnet_train_trash15.jpg,TrashNet,image_classification,train,Other,trash,trashnet-master/trashnet-master/data/filtered_6class/train/Other/trash15.jpg,,trashnet-master/trashnet-master/data/dataset-resized/trash/trash15.jpg,,,,,,,,
trashnet_train_trash70.jpg,TrashNet,image_classification,train,Other,trash,trashnet-master/trashnet-master/data/filtered_6class/train/Other/trash70.jpg,,trashnet-master/trashnet-master/data/dataset-resized/trash/trash70.jpg,,,,,,,,
trashnet_train_trash107.jpg,TrashNet,image_classification,train,Other,trash,trashnet-master/trashnet-master/data/filtered_6class/train/Other/trash107.jpg,,trashnet-master/trashnet-master/data/dataset-resized/trash/trash107.jpg,,,,,,,,
trashnet_train_trash122.jpg,TrashNet,image_classification,train,Other,trash,trashnet-master/trashnet-master/data/filtered_6class/train/Other/trash122.jpg,,trashnet-master/trashnet-master/data/dataset-resized/trash/trash122.jpg,,,,,,,,
trashnet_train_trash63.jpg,TrashNet,image_classification,train,Other,trash,trashnet-master/trashnet-master/data/filtered_6class/train/Other/trash63.jpg,,trashnet-master/trashnet-master/data/dataset-resized/trash/trash63.jpg,,,,,,,,
trashnet_train_trash124.jpg,TrashNet,image_classification,train,Other,trash,trashnet-master/trashnet-master/data/filtered_6class/train/Other/trash124.jpg,,trashnet-master/trashnet-master/data/dataset-resized/trash/trash124.jpg,,,,,,,,
trashnet_train_trash10.jpg,TrashNet,image_classification,train,Other,trash,trashnet-master/trashnet-master/data/filtered_6class/train/Other/trash10.jpg,,trashnet-master/trashnet-master/data/dataset-resized/trash/trash10.jpg,,,,,,,,
trashnet_train_trash11.jpg,TrashNet,image_classification,train,Other,trash,trashnet-master/trashnet-master/data/filtered_6class/train/Other/trash11.jpg,,trashnet-master/trashnet-master/data/dataset-resized/trash/trash11.jpg,,,,,,,,
trashnet_train_trash48.jpg,TrashNet,image_classification,train,Other,trash,trashnet-master/trashnet-master/data/filtered_6class/train/Other/trash48.jpg,,trashnet-master/trashnet-master/data/dataset-resized/trash/trash48.jpg,,,,,,,,
trashnet_train_trash77.jpg,TrashNet,image_classification,train,Other,trash,trashnet-master/trashnet-master/data/filtered_6class/train/Other/trash77.jpg,,trashnet-master/trashnet-master/data/dataset-resized/trash/trash77.jpg,,,,,,,,
trashnet_train_trash127.jpg,TrashNet,image_classification,train,Other,trash,trashnet-master/trashnet-master/data/filtered_6class/train/Other/trash127.jpg,,trashnet-master/trashnet-master/data/dataset-resized/trash/trash127.jpg,,,,,,,,
trashnet_train_trash87.jpg,TrashNet,image_classification,train,Other,trash,trashnet-master/trashnet-master/data/filtered_6class/train/Other/trash87.jpg,,trashnet-master/trashnet-master/data/dataset-resized/trash/trash87.jpg,,,,,,,,
trashnet_train_trash19.jpg,TrashNet,image_classification,train,Other,trash,trashnet-master/trashnet-master/data/filtered_6class/train/Other/trash19.jpg,,trashnet-master/trashnet-master/data/dataset-resized/trash/trash19.jpg,,,,,,,,
trashnet_train_trash36.jpg,TrashNet,image_classification,train,Other,trash,trashnet-master/trashnet-master/data/filtered_6class/train/Other/trash36.jpg,,trashnet-master/trashnet-master/data/dataset-resized/trash/trash36.jpg,,,,,,,,
trashnet_train_trash118.jpg,TrashNet,image_classification,train,Other,trash,trashnet-master/trashnet-master/data/filtered_6class/train/Other/trash118.jpg,,trashnet-master/trashnet-master/data/dataset-resized/trash/trash118.jpg,,,,,,,,
trashnet_train_trash30.jpg,TrashNet,image_classification,train,Other,trash,trashnet-master/trashnet-master/data/filtered_6class/train/Other/trash30.jpg,,trashnet-master/trashnet-master/data/dataset-resized/trash/trash30.jpg,,,,,,,,
trashnet_train_trash104.jpg,TrashNet,image_classification,train,Other,trash,trashnet-master/trashnet-master/data/filtered_6class/train/Other/trash104.jpg,,trashnet-master/trashnet-master/data/dataset-resized/trash/trash104.jpg,,,,,,,,
trashnet_train_trash125.jpg,TrashNet,image_classification,train,Other,trash,trashnet-master/trashnet-master/data/filtered_6class/train/Other/trash125.jpg,,trashnet-master/trashnet-master/data/dataset-resized/trash/trash125.jpg,,,,,,,,
trashnet_train_trash41.jpg,TrashNet,image_classification,train,Other,trash,trashnet-master/trashnet-master/data/filtered_6class/train/Other/trash41.jpg,,trashnet-master/trashnet-master/data/dataset-resized/trash/trash41.jpg,,,,,,,,
trashnet_train_trash129.jpg,TrashNet,image_classification,train,Other,trash,trashnet-master/trashnet-master/data/filtered_6class/train/Other/trash129.jpg,,trashnet-master/trashnet-master/data/dataset-resized/trash/trash129.jpg,,,,,,,,
trashnet_train_trash51.jpg,TrashNet,image_classification,train,Other,trash,trashnet-master/trashnet-master/data/filtered_6class/train/Other/trash51.jpg,,trashnet-master/trashnet-master/data/dataset-resized/trash/trash51.jpg,,,,,,,,
trashnet_train_trash101.jpg,TrashNet,image_classification,train,Other,trash,trashnet-master/trashnet-master/data/filtered_6class/train/Other/trash101.jpg,,trashnet-master/trashnet-master/data/dataset-resized/trash/trash101.jpg,,,,,,,,
trashnet_train_trash134.jpg,TrashNet,image_classification,train,Other,trash,trashnet-master/trashnet-master/data/filtered_6class/train/Other/trash134.jpg,,trashnet-master/trashnet-master/data/dataset-resized/trash/trash134.jpg,,,,,,,,
trashnet_train_trash42.jpg,TrashNet,image_classification,train,Other,trash,trashnet-master/trashnet-master/data/filtered_6class/train/Other/trash42.jpg,,trashnet-master/trashnet-master/data/dataset-resized/trash/trash42.jpg,,,,,,,,
trashnet_train_trash23.jpg,TrashNet,image_classification,train,Other,trash,trashnet-master/trashnet-master/data/filtered_6class/train/Other/trash23.jpg,,trashnet-master/trashnet-master/data/dataset-resized/trash/trash23.jpg,,,,,,,,
trashnet_train_trash111.jpg,TrashNet,image_classification,train,Other,trash,trashnet-master/trashnet-master/data/filtered_6class/train/Other/trash111.jpg,,trashnet-master/trashnet-master/data/dataset-resized/trash/trash111.jpg,,,,,,,,
trashnet_train_trash74.jpg,TrashNet,image_classification,train,Other,trash,trashnet-master/trashnet-master/data/filtered_6class/train/Other/trash74.jpg,,trashnet-master/trashnet-master/data/dataset-resized/trash/trash74.jpg,,,,,,,,
trashnet_train_trash18.jpg,TrashNet,image_classification,train,Other,trash,trashnet-master/trashnet-master/data/filtered_6class/train/Other/trash18.jpg,,trashnet-master/trashnet-master/data/dataset-resized/trash/trash18.jpg,,,,,,,,
trashnet_train_trash100.jpg,TrashNet,image_classification,train,Other,trash,trashnet-master/trashnet-master/data/filtered_6class/train/Other/trash100.jpg,,trashnet-master/trashnet-master/data/dataset-resized/trash/trash100.jpg,,,,,,,,
trashnet_train_trash72.jpg,TrashNet,image_classification,train,Other,trash,trashnet-master/trashnet-master/data/filtered_6class/train/Other/trash72.jpg,,trashnet-master/trashnet-master/data/dataset-resized/trash/trash72.jpg,,,,,,,,
trashnet_train_trash6.jpg,TrashNet,image_classification,train,Other,trash,trashnet-master/trashnet-master/data/filtered_6class/train/Other/trash6.jpg,,trashnet-master/trashnet-master/data/dataset-resized/trash/trash6.jpg,,,,,,,,
trashnet_train_trash40.jpg,TrashNet,image_classification,train,Other,trash,trashnet-master/trashnet-master/data/filtered_6class/train/Other/trash40.jpg,,trashnet-master/trashnet-master/data/dataset-resized/trash/trash40.jpg,,,,,,,,
trashnet_train_trash31.jpg,TrashNet,image_classification,train,Other,trash,trashnet-master/trashnet-master/data/filtered_6class/train/Other/trash31.jpg,,trashnet-master/trashnet-master/data/dataset-resized/trash/trash31.jpg,,,,,,,,
trashnet_train_trash37.jpg,TrashNet,image_classification,train,Other,trash,trashnet-master/trashnet-master/data/filtered_6class/train/Other/trash37.jpg,,trashnet-master/trashnet-master/data/dataset-resized/trash/trash37.jpg,,,,,,,,
trashnet_train_trash73.jpg,TrashNet,image_classification,train,Other,trash,trashnet-master/trashnet-master/data/filtered_6class/train/Other/trash73.jpg,,trashnet-master/trashnet-master/data/dataset-resized/trash/trash73.jpg,,,,,,,,
trashnet_train_trash96.jpg,TrashNet,image_classification,train,Other,trash,trashnet-master/trashnet-master/data/filtered_6class/train/Other/trash96.jpg,,trashnet-master/trashnet-master/data/dataset-resized/trash/trash96.jpg,,,,,,,,
trashnet_train_trash89.jpg,TrashNet,image_classification,train,Other,trash,trashnet-master/trashnet-master/data/filtered_6class/train/Other/trash89.jpg,,trashnet-master/trashnet-master/data/dataset-resized/trash/trash89.jpg,,,,,,,,
trashnet_train_trash43.jpg,TrashNet,image_classification,train,Other,trash,trashnet-master/trashnet-master/data/filtered_6class/train/Other/trash43.jpg,,trashnet-master/trashnet-master/data/dataset-resized/trash/trash43.jpg,,,,,,,,
trashnet_train_trash133.jpg,TrashNet,image_classification,train,Other,trash,trashnet-master/trashnet-master/data/filtered_6class/train/Other/trash133.jpg,,trashnet-master/trashnet-master/data/dataset-resized/trash/trash133.jpg,,,,,,,,
trashnet_train_trash60.jpg,TrashNet,image_classification,train,Other,trash,trashnet-master/trashnet-master/data/filtered_6class/train/Other/trash60.jpg,,trashnet-master/trashnet-master/data/dataset-resized/trash/trash60.jpg,,,,,,,,
trashnet_val_plastic326.jpg,TrashNet,image_classification,val,Plastic,plastic,trashnet-master/trashnet-master/data/filtered_6class/val/Plastic/plastic326.jpg,,trashnet-master/trashnet-master/data/dataset-resized/plastic/plastic326.jpg,,,,,,,,
trashnet_val_plastic333.jpg,TrashNet,image_classification,val,Plastic,plastic,trashnet-master/trashnet-master/data/filtered_6class/val/Plastic/plastic333.jpg,,trashnet-master/trashnet-master/data/dataset-resized/plastic/plastic333.jpg,,,,,,,,
trashnet_val_plastic162.jpg,TrashNet,image_classification,val,Plastic,plastic,trashnet-master/trashnet-master/data/filtered_6class/val/Plastic/plastic162.jpg,,trashnet-master/trashnet-master/data/dataset-resized/plastic/plastic162.jpg,,,,,,,,
trashnet_val_plastic433.jpg,TrashNet,image_classification,val,Plastic,plastic,trashnet-master/trashnet-master/data/filtered_6class/val/Plastic/plastic433.jpg,,trashnet-master/trashnet-master/data/dataset-resized/plastic/plastic433.jpg,,,,,,,,
trashnet_val_plastic63.jpg,TrashNet,image_classification,val,Plastic,plastic,trashnet-master/trashnet-master/data/filtered_6class/val/Plastic/plastic63.jpg,,trashnet-master/trashnet-master/data/dataset-resized/plastic/plastic63.jpg,,,,,,,,
trashnet_val_plastic283.jpg,TrashNet,image_classification,val,Plastic,plastic,trashnet-master/trashnet-master/data/filtered_6class/val/Plastic/plastic283.jpg,,trashnet-master/trashnet-master/data/dataset-resized/plastic/plastic283.jpg,,,,,,,,
trashnet_val_plastic368.jpg,TrashNet,image_classification,val,Plastic,plastic,trashnet-master/trashnet-master/data/filtered_6class/val/Plastic/plastic368.jpg,,trashnet-master/trashnet-master/data/dataset-resized/plastic/plastic368.jpg,,,,,,,,
trashnet_val_plastic297.jpg,TrashNet,image_classification,val,Plastic,plastic,trashnet-master/trashnet-master/data/filtered_6class/val/Plastic/plastic297.jpg,,trashnet-master/trashnet-master/data/dataset-resized/plastic/plastic297.jpg,,,,,,,,
trashnet_val_plastic369.jpg,TrashNet,image_classification,val,Plastic,plastic,trashnet-master/trashnet-master/data/filtered_6class/val/Plastic/plastic369.jpg,,trashnet-master/trashnet-master/data/dataset-resized/plastic/plastic369.jpg,,,,,,,,
trashnet_val_plastic22.jpg,TrashNet,image_classification,val,Plastic,plastic,trashnet-master/trashnet-master/data/filtered_6class/val/Plastic/plastic22.jpg,,trashnet-master/trashnet-master/data/dataset-resized/plastic/plastic22.jpg,,,,,,,,
trashnet_val_plastic347.jpg,TrashNet,image_classification,val,Plastic,plastic,trashnet-master/trashnet-master/data/filtered_6class/val/Plastic/plastic347.jpg,,trashnet-master/trashnet-master/data/dataset-resized/plastic/plastic347.jpg,,,,,,,,
trashnet_val_plastic88.jpg,TrashNet,image_classification,val,Plastic,plastic,trashnet-master/trashnet-master/data/filtered_6class/val/Plastic/plastic88.jpg,,trashnet-master/trashnet-master/data/dataset-resized/plastic/plastic88.jpg,,,,,,,,
trashnet_val_plastic212.jpg,TrashNet,image_classification,val,Plastic,plastic,trashnet-master/trashnet-master/data/filtered_6class/val/Plastic/plastic212.jpg,,trashnet-master/trashnet-master/data/dataset-resized/plastic/plastic212.jpg,,,,,,,,
trashnet_val_plastic92.jpg,TrashNet,image_classification,val,Plastic,plastic,trashnet-master/trashnet-master/data/filtered_6class/val/Plastic/plastic92.jpg,,trashnet-master/trashnet-master/data/dataset-resized/plastic/plastic92.jpg,,,,,,,,
trashnet_val_plastic482.jpg,TrashNet,image_classification,val,Plastic,plastic,trashnet-master/trashnet-master/data/filtered_6class/val/Plastic/plastic482.jpg,,trashnet-master/trashnet-master/data/dataset-resized/plastic/plastic482.jpg,,,,,,,,
trashnet_val_plastic165.jpg,TrashNet,image_classification,val,Plastic,plastic,trashnet-master/trashnet-master/data/filtered_6class/val/Plastic/plastic165.jpg,,trashnet-master/trashnet-master/data/dataset-resized/plastic/plastic165.jpg,,,,,,,,
trashnet_val_plastic31.jpg,TrashNet,image_classification,val,Plastic,plastic,trashnet-master/trashnet-master/data/filtered_6class/val/Plastic/plastic31.jpg,,trashnet-master/trashnet-master/data/dataset-resized/plastic/plastic31.jpg,,,,,,,,
trashnet_val_plastic396.jpg,TrashNet,image_classification,val,Plastic,plastic,trashnet-master/trashnet-master/data/filtered_6class/val/Plastic/plastic396.jpg,,trashnet-master/trashnet-master/data/dataset-resized/plastic/plastic396.jpg,,,,,,,,
trashnet_val_plastic281.jpg,TrashNet,image_classification,val,Plastic,plastic,trashnet-master/trashnet-master/data/filtered_6class/val/Plastic/plastic281.jpg,,trashnet-master/trashnet-master/data/dataset-resized/plastic/plastic281.jpg,,,,,,,,
trashnet_val_plastic329.jpg,TrashNet,image_classification,val,Plastic,plastic,trashnet-master/trashnet-master/data/filtered_6class/val/Plastic/plastic329.jpg,,trashnet-master/trashnet-master/data/dataset-resized/plastic/plastic329.jpg,,,,,,,,
trashnet_val_plastic400.jpg,TrashNet,image_classification,val,Plastic,plastic,trashnet-master/trashnet-master/data/filtered_6class/val/Plastic/plastic400.jpg,,trashnet-master/trashnet-master/data/dataset-resized/plastic/plastic400.jpg,,,,,,,,
trashnet_val_plastic424.jpg,TrashNet,image_classification,val,Plastic,plastic,trashnet-master/trashnet-master/data/filtered_6class/val/Plastic/plastic424.jpg,,trashnet-master/trashnet-master/data/dataset-resized/plastic/plastic424.jpg,,,,,,,,
trashnet_val_plastic428.jpg,TrashNet,image_classification,val,Plastic,plastic,trashnet-master/trashnet-master/data/filtered_6class/val/Plastic/plastic428.jpg,,trashnet-master/trashnet-master/data/dataset-resized/plastic/plastic428.jpg,,,,,,,,
trashnet_val_plastic360.jpg,TrashNet,image_classification,val,Plastic,plastic,trashnet-master/trashnet-master/data/filtered_6class/val/Plastic/plastic360.jpg,,trashnet-master/trashnet-master/data/dataset-resized/plastic/plastic360.jpg,,,,,,,,
trashnet_val_plastic197.jpg,TrashNet,image_classification,val,Plastic,plastic,trashnet-master/trashnet-master/data/filtered_6class/val/Plastic/plastic197.jpg,,trashnet-master/trashnet-master/data/dataset-resized/plastic/plastic197.jpg,,,,,,,,
trashnet_val_plastic129.jpg,TrashNet,image_classification,val,Plastic,plastic,trashnet-master/trashnet-master/data/filtered_6class/val/Plastic/plastic129.jpg,,trashnet-master/trashnet-master/data/dataset-resized/plastic/plastic129.jpg,,,,,,,,
trashnet_val_plastic222.jpg,TrashNet,image_classification,val,Plastic,plastic,trashnet-master/trashnet-master/data/filtered_6class/val/Plastic/plastic222.jpg,,trashnet-master/trashnet-master/data/dataset-resized/plastic/plastic222.jpg,,,,,,,,
trashnet_val_plastic284.jpg,TrashNet,image_classification,val,Plastic,plastic,trashnet-master/trashnet-master/data/filtered_6class/val/Plastic/plastic284.jpg,,trashnet-master/trashnet-master/data/dataset-resized/plastic/plastic284.jpg,,,,,,,,
trashnet_val_plastic244.jpg,TrashNet,image_classification,val,Plastic,plastic,trashnet-master/trashnet-master/data/filtered_6class/val/Plastic/plastic244.jpg,,trashnet-master/trashnet-master/data/dataset-resized/plastic/plastic244.jpg,,,,,,,,
trashnet_val_plastic83.jpg,TrashNet,image_classification,val,Plastic,plastic,trashnet-master/trashnet-master/data/filtered_6class/val/Plastic/plastic83.jpg,,trashnet-master/trashnet-master/data/dataset-resized/plastic/plastic83.jpg,,,,,,,,
trashnet_val_plastic204.jpg,TrashNet,image_classification,val,Plastic,plastic,trashnet-master/trashnet-master/data/filtered_6class/val/Plastic/plastic204.jpg,,trashnet-master/trashnet-master/data/dataset-resized/plastic/plastic204.jpg,,,,,,,,
trashnet_val_plastic124.jpg,TrashNet,image_classification,val,Plastic,plastic,trashnet-master/trashnet-master/data/filtered_6class/val/Plastic/plastic124.jpg,,trashnet-master/trashnet-master/data/dataset-resized/plastic/plastic124.jpg,,,,,,,,
trashnet_val_plastic249.jpg,TrashNet,image_classification,val,Plastic,plastic,trashnet-master/trashnet-master/data/filtered_6class/val/Plastic/plastic249.jpg,,trashnet-master/trashnet-master/data/dataset-resized/plastic/plastic249.jpg,,,,,,,,
trashnet_val_plastic414.jpg,TrashNet,image_classification,val,Plastic,plastic,trashnet-master/trashnet-master/data/filtered_6class/val/Plastic/plastic414.jpg,,trashnet-master/trashnet-master/data/dataset-resized/plastic/plastic414.jpg,,,,,,,,
trashnet_val_plastic7.jpg,TrashNet,image_classification,val,Plastic,plastic,trashnet-master/trashnet-master/data/filtered_6class/val/Plastic/plastic7.jpg,,trashnet-master/trashnet-master/data/dataset-resized/plastic/plastic7.jpg,,,,,,,,
trashnet_val_plastic356.jpg,TrashNet,image_classification,val,Plastic,plastic,trashnet-master/trashnet-master/data/filtered_6class/val/Plastic/plastic356.jpg,,trashnet-master/trashnet-master/data/dataset-resized/plastic/plastic356.jpg,,,,,,,,
trashnet_val_plastic416.jpg,TrashNet,image_classification,val,Plastic,plastic,trashnet-master/trashnet-master/data/filtered_6class/val/Plastic/plastic416.jpg,,trashnet-master/trashnet-master/data/dataset-resized/plastic/plastic416.jpg,,,,,,,,
trashnet_val_plastic99.jpg,TrashNet,image_classification,val,Plastic,plastic,trashnet-master/trashnet-master/data/filtered_6class/val/Plastic/plastic99.jpg,,trashnet-master/trashnet-master/data/dataset-resized/plastic/plastic99.jpg,,,,,,,,
trashnet_val_plastic223.jpg,TrashNet,image_classification,val,Plastic,plastic,trashnet-master/trashnet-master/data/filtered_6class/val/Plastic/plastic223.jpg,,trashnet-master/trashnet-master/data/dataset-resized/plastic/plastic223.jpg,,,,,,,,
trashnet_val_plastic459.jpg,TrashNet,image_classification,val,Plastic,plastic,trashnet-master/trashnet-master/data/filtered_6class/val/Plastic/plastic459.jpg,,trashnet-master/trashnet-master/data/dataset-resized/plastic/plastic459.jpg,,,,,,,,
trashnet_val_plastic311.jpg,TrashNet,image_classification,val,Plastic,plastic,trashnet-master/trashnet-master/data/filtered_6class/val/Plastic/plastic311.jpg,,trashnet-master/trashnet-master/data/dataset-resized/plastic/plastic311.jpg,,,,,,,,
trashnet_val_plastic454.jpg,TrashNet,image_classification,val,Plastic,plastic,trashnet-master/trashnet-master/data/filtered_6class/val/Plastic/plastic454.jpg,,trashnet-master/trashnet-master/data/dataset-resized/plastic/plastic454.jpg,,,,,,,,
trashnet_val_plastic94.jpg,TrashNet,image_classification,val,Plastic,plastic,trashnet-master/trashnet-master/data/filtered_6class/val/Plastic/plastic94.jpg,,trashnet-master/trashnet-master/data/dataset-resized/plastic/plastic94.jpg,,,,,,,,
trashnet_val_plastic48.jpg,TrashNet,image_classification,val,Plastic,plastic,trashnet-master/trashnet-master/data/filtered_6class/val/Plastic/plastic48.jpg,,trashnet-master/trashnet-master/data/dataset-resized/plastic/plastic48.jpg,,,,,,,,
trashnet_val_plastic345.jpg,TrashNet,image_classification,val,Plastic,plastic,trashnet-master/trashnet-master/data/filtered_6class/val/Plastic/plastic345.jpg,,trashnet-master/trashnet-master/data/dataset-resized/plastic/plastic345.jpg,,,,,,,,
trashnet_val_plastic178.jpg,TrashNet,image_classification,val,Plastic,plastic,trashnet-master/trashnet-master/data/filtered_6class/val/Plastic/plastic178.jpg,,trashnet-master/trashnet-master/data/dataset-resized/plastic/plastic178.jpg,,,,,,,,
trashnet_val_plastic456.jpg,TrashNet,image_classification,val,Plastic,plastic,trashnet-master/trashnet-master/data/filtered_6class/val/Plastic/plastic456.jpg,,trashnet-master/trashnet-master/data/dataset-resized/plastic/plastic456.jpg,,,,,,,,
trashnet_val_plastic38.jpg,TrashNet,image_classification,val,Plastic,plastic,trashnet-master/trashnet-master/data/filtered_6class/val/Plastic/plastic38.jpg,,trashnet-master/trashnet-master/data/dataset-resized/plastic/plastic38.jpg,,,,,,,,
trashnet_val_plastic131.jpg,TrashNet,image_classification,val,Plastic,plastic,trashnet-master/trashnet-master/data/filtered_6class/val/Plastic/plastic131.jpg,,trashnet-master/trashnet-master/data/dataset-resized/plastic/plastic131.jpg,,,,,,,,
trashnet_val_plastic398.jpg,TrashNet,image_classification,val,Plastic,plastic,trashnet-master/trashnet-master/data/filtered_6class/val/Plastic/plastic398.jpg,,trashnet-master/trashnet-master/data/dataset-resized/plastic/plastic398.jpg,,,,,,,,
trashnet_val_plastic413.jpg,TrashNet,image_classification,val,Plastic,plastic,trashnet-master/trashnet-master/data/filtered_6class/val/Plastic/plastic413.jpg,,trashnet-master/trashnet-master/data/dataset-resized/plastic/plastic413.jpg,,,,,,,,
trashnet_val_plastic72.jpg,TrashNet,image_classification,val,Plastic,plastic,trashnet-master/trashnet-master/data/filtered_6class/val/Plastic/plastic72.jpg,,trashnet-master/trashnet-master/data/dataset-resized/plastic/plastic72.jpg,,,,,,,,
trashnet_val_plastic221.jpg,TrashNet,image_classification,val,Plastic,plastic,trashnet-master/trashnet-master/data/filtered_6class/val/Plastic/plastic221.jpg,,trashnet-master/trashnet-master/data/dataset-resized/plastic/plastic221.jpg,,,,,,,,
trashnet_val_plastic408.jpg,TrashNet,image_classification,val,Plastic,plastic,trashnet-master/trashnet-master/data/filtered_6class/val/Plastic/plastic408.jpg,,trashnet-master/trashnet-master/data/dataset-resized/plastic/plastic408.jpg,,,,,,,,
trashnet_val_plastic196.jpg,TrashNet,image_classification,val,Plastic,plastic,trashnet-master/trashnet-master/data/filtered_6class/val/Plastic/plastic196.jpg,,trashnet-master/trashnet-master/data/dataset-resized/plastic/plastic196.jpg,,,,,,,,
trashnet_val_plastic262.jpg,TrashNet,image_classification,val,Plastic,plastic,trashnet-master/trashnet-master/data/filtered_6class/val/Plastic/plastic262.jpg,,trashnet-master/trashnet-master/data/dataset-resized/plastic/plastic262.jpg,,,,,,,,
trashnet_val_plastic27.jpg,TrashNet,image_classification,val,Plastic,plastic,trashnet-master/trashnet-master/data/filtered_6class/val/Plastic/plastic27.jpg,,trashnet-master/trashnet-master/data/dataset-resized/plastic/plastic27.jpg,,,,,,,,
trashnet_val_plastic174.jpg,TrashNet,image_classification,val,Plastic,plastic,trashnet-master/trashnet-master/data/filtered_6class/val/Plastic/plastic174.jpg,,trashnet-master/trashnet-master/data/dataset-resized/plastic/plastic174.jpg,,,,,,,,
trashnet_val_plastic267.jpg,TrashNet,image_classification,val,Plastic,plastic,trashnet-master/trashnet-master/data/filtered_6class/val/Plastic/plastic267.jpg,,trashnet-master/trashnet-master/data/dataset-resized/plastic/plastic267.jpg,,,,,,,,
trashnet_val_plastic392.jpg,TrashNet,image_classification,val,Plastic,plastic,trashnet-master/trashnet-master/data/filtered_6class/val/Plastic/plastic392.jpg,,trashnet-master/trashnet-master/data/dataset-resized/plastic/plastic392.jpg,,,,,,,,
trashnet_val_plastic308.jpg,TrashNet,image_classification,val,Plastic,plastic,trashnet-master/trashnet-master/data/filtered_6class/val/Plastic/plastic308.jpg,,trashnet-master/trashnet-master/data/dataset-resized/plastic/plastic308.jpg,,,,,,,,
trashnet_val_plastic59.jpg,TrashNet,image_classification,val,Plastic,plastic,trashnet-master/trashnet-master/data/filtered_6class/val/Plastic/plastic59.jpg,,trashnet-master/trashnet-master/data/dataset-resized/plastic/plastic59.jpg,,,,,,,,
trashnet_val_plastic52.jpg,TrashNet,image_classification,val,Plastic,plastic,trashnet-master/trashnet-master/data/filtered_6class/val/Plastic/plastic52.jpg,,trashnet-master/trashnet-master/data/dataset-resized/plastic/plastic52.jpg,,,,,,,,
trashnet_val_plastic145.jpg,TrashNet,image_classification,val,Plastic,plastic,trashnet-master/trashnet-master/data/filtered_6class/val/Plastic/plastic145.jpg,,trashnet-master/trashnet-master/data/dataset-resized/plastic/plastic145.jpg,,,,,,,,
trashnet_val_plastic8.jpg,TrashNet,image_classification,val,Plastic,plastic,trashnet-master/trashnet-master/data/filtered_6class/val/Plastic/plastic8.jpg,,trashnet-master/trashnet-master/data/dataset-resized/plastic/plastic8.jpg,,,,,,,,
trashnet_val_plastic475.jpg,TrashNet,image_classification,val,Plastic,plastic,trashnet-master/trashnet-master/data/filtered_6class/val/Plastic/plastic475.jpg,,trashnet-master/trashnet-master/data/dataset-resized/plastic/plastic475.jpg,,,,,,,,
trashnet_val_plastic232.jpg,TrashNet,image_classification,val,Plastic,plastic,trashnet-master/trashnet-master/data/filtered_6class/val/Plastic/plastic232.jpg,,trashnet-master/trashnet-master/data/dataset-resized/plastic/plastic232.jpg,,,,,,,,
trashnet_val_plastic455.jpg,TrashNet,image_classification,val,Plastic,plastic,trashnet-master/trashnet-master/data/filtered_6class/val/Plastic/plastic455.jpg,,trashnet-master/trashnet-master/data/dataset-resized/plastic/plastic455.jpg,,,,,,,,
trashnet_val_plastic203.jpg,TrashNet,image_classification,val,Plastic,plastic,trashnet-master/trashnet-master/data/filtered_6class/val/Plastic/plastic203.jpg,,trashnet-master/trashnet-master/data/dataset-resized/plastic/plastic203.jpg,,,,,,,,
trashnet_val_plastic403.jpg,TrashNet,image_classification,val,Plastic,plastic,trashnet-master/trashnet-master/data/filtered_6class/val/Plastic/plastic403.jpg,,trashnet-master/trashnet-master/data/dataset-resized/plastic/plastic403.jpg,,,,,,,,
trashnet_val_plastic12.jpg,TrashNet,image_classification,val,Plastic,plastic,trashnet-master/trashnet-master/data/filtered_6class/val/Plastic/plastic12.jpg,,trashnet-master/trashnet-master/data/dataset-resized/plastic/plastic12.jpg,,,,,,,,
trashnet_val_plastic130.jpg,TrashNet,image_classification,val,Plastic,plastic,trashnet-master/trashnet-master/data/filtered_6class/val/Plastic/plastic130.jpg,,trashnet-master/trashnet-master/data/dataset-resized/plastic/plastic130.jpg,,,,,,,,
trashnet_val_glass46.jpg,TrashNet,image_classification,val,Glass,glass,trashnet-master/trashnet-master/data/filtered_6class/val/Glass/glass46.jpg,,trashnet-master/trashnet-master/data/dataset-resized/glass/glass46.jpg,,,,,,,,
trashnet_val_glass155.jpg,TrashNet,image_classification,val,Glass,glass,trashnet-master/trashnet-master/data/filtered_6class/val/Glass/glass155.jpg,,trashnet-master/trashnet-master/data/dataset-resized/glass/glass155.jpg,,,,,,,,
trashnet_val_glass213.jpg,TrashNet,image_classification,val,Glass,glass,trashnet-master/trashnet-master/data/filtered_6class/val/Glass/glass213.jpg,,trashnet-master/trashnet-master/data/dataset-resized/glass/glass213.jpg,,,,,,,,
trashnet_val_glass356.jpg,TrashNet,image_classification,val,Glass,glass,trashnet-master/trashnet-master/data/filtered_6class/val/Glass/glass356.jpg,,trashnet-master/trashnet-master/data/dataset-resized/glass/glass356.jpg,,,,,,,,
trashnet_val_glass121.jpg,TrashNet,image_classification,val,Glass,glass,trashnet-master/trashnet-master/data/filtered_6class/val/Glass/glass121.jpg,,trashnet-master/trashnet-master/data/dataset-resized/glass/glass121.jpg,,,,,,,,
trashnet_val_glass312.jpg,TrashNet,image_classification,val,Glass,glass,trashnet-master/trashnet-master/data/filtered_6class/val/Glass/glass312.jpg,,trashnet-master/trashnet-master/data/dataset-resized/glass/glass312.jpg,,,,,,,,
trashnet_val_glass338.jpg,TrashNet,image_classification,val,Glass,glass,trashnet-master/trashnet-master/data/filtered_6class/val/Glass/glass338.jpg,,trashnet-master/trashnet-master/data/dataset-resized/glass/glass338.jpg,,,,,,,,
trashnet_val_glass432.jpg,TrashNet,image_classification,val,Glass,glass,trashnet-master/trashnet-master/data/filtered_6class/val/Glass/glass432.jpg,,trashnet-master/trashnet-master/data/dataset-resized/glass/glass432.jpg,,,,,,,,
trashnet_val_glass180.jpg,TrashNet,image_classification,val,Glass,glass,trashnet-master/trashnet-master/data/filtered_6class/val/Glass/glass180.jpg,,trashnet-master/trashnet-master/data/dataset-resized/glass/glass180.jpg,,,,,,,,
trashnet_val_glass20.jpg,TrashNet,image_classification,val,Glass,glass,trashnet-master/trashnet-master/data/filtered_6class/val/Glass/glass20.jpg,,trashnet-master/trashnet-master/data/dataset-resized/glass/glass20.jpg,,,,,,,,
trashnet_val_glass295.jpg,TrashNet,image_classification,val,Glass,glass,trashnet-master/trashnet-master/data/filtered_6class/val/Glass/glass295.jpg,,trashnet-master/trashnet-master/data/dataset-resized/glass/glass295.jpg,,,,,,,,
trashnet_val_glass148.jpg,TrashNet,image_classification,val,Glass,glass,trashnet-master/trashnet-master/data/filtered_6class/val/Glass/glass148.jpg,,trashnet-master/trashnet-master/data/dataset-resized/glass/glass148.jpg,,,,,,,,
trashnet_val_glass100.jpg,TrashNet,image_classification,val,Glass,glass,trashnet-master/trashnet-master/data/filtered_6class/val/Glass/glass100.jpg,,trashnet-master/trashnet-master/data/dataset-resized/glass/glass100.jpg,,,,,,,,
trashnet_val_glass416.jpg,TrashNet,image_classification,val,Glass,glass,trashnet-master/trashnet-master/data/filtered_6class/val/Glass/glass416.jpg,,trashnet-master/trashnet-master/data/dataset-resized/glass/glass416.jpg,,,,,,,,
trashnet_val_glass468.jpg,TrashNet,image_classification,val,Glass,glass,trashnet-master/trashnet-master/data/filtered_6class/val/Glass/glass468.jpg,,trashnet-master/trashnet-master/data/dataset-resized/glass/glass468.jpg,,,,,,,,
trashnet_val_glass481.jpg,TrashNet,image_classification,val,Glass,glass,trashnet-master/trashnet-master/data/filtered_6class/val/Glass/glass481.jpg,,trashnet-master/trashnet-master/data/dataset-resized/glass/glass481.jpg,,,,,,,,
trashnet_val_glass210.jpg,TrashNet,image_classification,val,Glass,glass,trashnet-master/trashnet-master/data/filtered_6class/val/Glass/glass210.jpg,,trashnet-master/trashnet-master/data/dataset-resized/glass/glass210.jpg,,,,,,,,
trashnet_val_glass93.jpg,TrashNet,image_classification,val,Glass,glass,trashnet-master/trashnet-master/data/filtered_6class/val/Glass/glass93.jpg,,trashnet-master/trashnet-master/data/dataset-resized/glass/glass93.jpg,,,,,,,,
trashnet_val_glass327.jpg,TrashNet,image_classification,val,Glass,glass,trashnet-master/trashnet-master/data/filtered_6class/val/Glass/glass327.jpg,,trashnet-master/trashnet-master/data/dataset-resized/glass/glass327.jpg,,,,,,,,
trashnet_val_glass276.jpg,TrashNet,image_classification,val,Glass,glass,trashnet-master/trashnet-master/data/filtered_6class/val/Glass/glass276.jpg,,trashnet-master/trashnet-master/data/dataset-resized/glass/glass276.jpg,,,,,,,,
trashnet_val_glass49.jpg,TrashNet,image_classification,val,Glass,glass,trashnet-master/trashnet-master/data/filtered_6class/val/Glass/glass49.jpg,,trashnet-master/trashnet-master/data/dataset-resized/glass/glass49.jpg,,,,,,,,
trashnet_val_glass43.jpg,TrashNet,image_classification,val,Glass,glass,trashnet-master/trashnet-master/data/filtered_6class/val/Glass/glass43.jpg,,trashnet-master/trashnet-master/data/dataset-resized/glass/glass43.jpg,,,,,,,,
trashnet_val_glass189.jpg,TrashNet,image_classification,val,Glass,glass,trashnet-master/trashnet-master/data/filtered_6class/val/Glass/glass189.jpg,,trashnet-master/trashnet-master/data/dataset-resized/glass/glass189.jpg,,,,,,,,
trashnet_val_glass364.jpg,TrashNet,image_classification,val,Glass,glass,trashnet-master/trashnet-master/data/filtered_6class/val/Glass/glass364.jpg,,trashnet-master/trashnet-master/data/dataset-resized/glass/glass364.jpg,,,,,,,,
trashnet_val_glass39.jpg,TrashNet,image_classification,val,Glass,glass,trashnet-master/trashnet-master/data/filtered_6class/val/Glass/glass39.jpg,,trashnet-master/trashnet-master/data/dataset-resized/glass/glass39.jpg,,,,,,,,
trashnet_val_glass290.jpg,TrashNet,image_classification,val,Glass,glass,trashnet-master/trashnet-master/data/filtered_6class/val/Glass/glass290.jpg,,trashnet-master/trashnet-master/data/dataset-resized/glass/glass290.jpg,,,,,,,,
trashnet_val_glass309.jpg,TrashNet,image_classification,val,Glass,glass,trashnet-master/trashnet-master/data/filtered_6class/val/Glass/glass309.jpg,,trashnet-master/trashnet-master/data/dataset-resized/glass/glass309.jpg,,,,,,,,
trashnet_val_glass132.jpg,TrashNet,image_classification,val,Glass,glass,trashnet-master/trashnet-master/data/filtered_6class/val/Glass/glass132.jpg,,trashnet-master/trashnet-master/data/dataset-resized/glass/glass132.jpg,,,,,,,,
trashnet_val_glass380.jpg,TrashNet,image_classification,val,Glass,glass,trashnet-master/trashnet-master/data/filtered_6class/val/Glass/glass380.jpg,,trashnet-master/trashnet-master/data/dataset-resized/glass/glass380.jpg,,,,,,,,
trashnet_val_glass318.jpg,TrashNet,image_classification,val,Glass,glass,trashnet-master/trashnet-master/data/filtered_6class/val/Glass/glass318.jpg,,trashnet-master/trashnet-master/data/dataset-resized/glass/glass318.jpg,,,,,,,,
trashnet_val_glass211.jpg,TrashNet,image_classification,val,Glass,glass,trashnet-master/trashnet-master/data/filtered_6class/val/Glass/glass211.jpg,,trashnet-master/trashnet-master/data/dataset-resized/glass/glass211.jpg,,,,,,,,
trashnet_val_glass12.jpg,TrashNet,image_classification,val,Glass,glass,trashnet-master/trashnet-master/data/filtered_6class/val/Glass/glass12.jpg,,trashnet-master/trashnet-master/data/dataset-resized/glass/glass12.jpg,,,,,,,,
trashnet_val_glass11.jpg,TrashNet,image_classification,val,Glass,glass,trashnet-master/trashnet-master/data/filtered_6class/val/Glass/glass11.jpg,,trashnet-master/trashnet-master/data/dataset-resized/glass/glass11.jpg,,,,,,,,
trashnet_val_glass167.jpg,TrashNet,image_classification,val,Glass,glass,trashnet-master/trashnet-master/data/filtered_6class/val/Glass/glass167.jpg,,trashnet-master/trashnet-master/data/dataset-resized/glass/glass167.jpg,,,,,,,,
trashnet_val_glass190.jpg,TrashNet,image_classification,val,Glass,glass,trashnet-master/trashnet-master/data/filtered_6class/val/Glass/glass190.jpg,,trashnet-master/trashnet-master/data/dataset-resized/glass/glass190.jpg,,,,,,,,
trashnet_val_glass202.jpg,TrashNet,image_classification,val,Glass,glass,trashnet-master/trashnet-master/data/filtered_6class/val/Glass/glass202.jpg,,trashnet-master/trashnet-master/data/dataset-resized/glass/glass202.jpg,,,,,,,,
trashnet_val_glass494.jpg,TrashNet,image_classification,val,Glass,glass,trashnet-master/trashnet-master/data/filtered_6class/val/Glass/glass494.jpg,,trashnet-master/trashnet-master/data/dataset-resized/glass/glass494.jpg,,,,,,,,
trashnet_val_glass409.jpg,TrashNet,image_classification,val,Glass,glass,trashnet-master/trashnet-master/data/filtered_6class/val/Glass/glass409.jpg,,trashnet-master/trashnet-master/data/dataset-resized/glass/glass409.jpg,,,,,,,,
trashnet_val_glass207.jpg,TrashNet,image_classification,val,Glass,glass,trashnet-master/trashnet-master/data/filtered_6class/val/Glass/glass207.jpg,,trashnet-master/trashnet-master/data/dataset-resized/glass/glass207.jpg,,,,,,,,
trashnet_val_glass445.jpg,TrashNet,image_classification,val,Glass,glass,trashnet-master/trashnet-master/data/filtered_6class/val/Glass/glass445.jpg,,trashnet-master/trashnet-master/data/dataset-resized/glass/glass445.jpg,,,,,,,,
trashnet_val_glass141.jpg,TrashNet,image_classification,val,Glass,glass,trashnet-master/trashnet-master/data/filtered_6class/val/Glass/glass141.jpg,,trashnet-master/trashnet-master/data/dataset-resized/glass/glass141.jpg,,,,,,,,
trashnet_val_glass253.jpg,TrashNet,image_classification,val,Glass,glass,trashnet-master/trashnet-master/data/filtered_6class/val/Glass/glass253.jpg,,trashnet-master/trashnet-master/data/dataset-resized/glass/glass253.jpg,,,,,,,,
trashnet_val_glass385.jpg,TrashNet,image_classification,val,Glass,glass,trashnet-master/trashnet-master/data/filtered_6class/val/Glass/glass385.jpg,,trashnet-master/trashnet-master/data/dataset-resized/glass/glass385.jpg,,,,,,,,
trashnet_val_glass391.jpg,TrashNet,image_classification,val,Glass,glass,trashnet-master/trashnet-master/data/filtered_6class/val/Glass/glass391.jpg,,trashnet-master/trashnet-master/data/dataset-resized/glass/glass391.jpg,,,,,,,,
trashnet_val_glass5.jpg,TrashNet,image_classification,val,Glass,glass,trashnet-master/trashnet-master/data/filtered_6class/val/Glass/glass5.jpg,,trashnet-master/trashnet-master/data/dataset-resized/glass/glass5.jpg,,,,,,,,
trashnet_val_glass336.jpg,TrashNet,image_classification,val,Glass,glass,trashnet-master/trashnet-master/data/filtered_6class/val/Glass/glass336.jpg,,trashnet-master/trashnet-master/data/dataset-resized/glass/glass336.jpg,,,,,,,,
trashnet_val_glass23.jpg,TrashNet,image_classification,val,Glass,glass,trashnet-master/trashnet-master/data/filtered_6class/val/Glass/glass23.jpg,,trashnet-master/trashnet-master/data/dataset-resized/glass/glass23.jpg,,,,,,,,
trashnet_val_glass138.jpg,TrashNet,image_classification,val,Glass,glass,trashnet-master/trashnet-master/data/filtered_6class/val/Glass/glass138.jpg,,trashnet-master/trashnet-master/data/dataset-resized/glass/glass138.jpg,,,,,,,,
trashnet_val_glass402.jpg,TrashNet,image_classification,val,Glass,glass,trashnet-master/trashnet-master/data/filtered_6class/val/Glass/glass402.jpg,,trashnet-master/trashnet-master/data/dataset-resized/glass/glass402.jpg,,,,,,,,
trashnet_val_glass177.jpg,TrashNet,image_classification,val,Glass,glass,trashnet-master/trashnet-master/data/filtered_6class/val/Glass/glass177.jpg,,trashnet-master/trashnet-master/data/dataset-resized/glass/glass177.jpg,,,,,,,,
trashnet_val_glass438.jpg,TrashNet,image_classification,val,Glass,glass,trashnet-master/trashnet-master/data/filtered_6class/val/Glass/glass438.jpg,,trashnet-master/trashnet-master/data/dataset-resized/glass/glass438.jpg,,,,,,,,
trashnet_val_glass317.jpg,TrashNet,image_classification,val,Glass,glass,trashnet-master/trashnet-master/data/filtered_6class/val/Glass/glass317.jpg,,trashnet-master/trashnet-master/data/dataset-resized/glass/glass317.jpg,,,,,,,,
trashnet_val_glass72.jpg,TrashNet,image_classification,val,Glass,glass,trashnet-master/trashnet-master/data/filtered_6class/val/Glass/glass72.jpg,,trashnet-master/trashnet-master/data/dataset-resized/glass/glass72.jpg,,,,,,,,
trashnet_val_glass198.jpg,TrashNet,image_classification,val,Glass,glass,trashnet-master/trashnet-master/data/filtered_6class/val/Glass/glass198.jpg,,trashnet-master/trashnet-master/data/dataset-resized/glass/glass198.jpg,,,,,,,,
trashnet_val_glass41.jpg,TrashNet,image_classification,val,Glass,glass,trashnet-master/trashnet-master/data/filtered_6class/val/Glass/glass41.jpg,,trashnet-master/trashnet-master/data/dataset-resized/glass/glass41.jpg,,,,,,,,
trashnet_val_glass465.jpg,TrashNet,image_classification,val,Glass,glass,trashnet-master/trashnet-master/data/filtered_6class/val/Glass/glass465.jpg,,trashnet-master/trashnet-master/data/dataset-resized/glass/glass465.jpg,,,,,,,,
trashnet_val_glass302.jpg,TrashNet,image_classification,val,Glass,glass,trashnet-master/trashnet-master/data/filtered_6class/val/Glass/glass302.jpg,,trashnet-master/trashnet-master/data/dataset-resized/glass/glass302.jpg,,,,,,,,
trashnet_val_glass313.jpg,TrashNet,image_classification,val,Glass,glass,trashnet-master/trashnet-master/data/filtered_6class/val/Glass/glass313.jpg,,trashnet-master/trashnet-master/data/dataset-resized/glass/glass313.jpg,,,,,,,,
trashnet_val_glass247.jpg,TrashNet,image_classification,val,Glass,glass,trashnet-master/trashnet-master/data/filtered_6class/val/Glass/glass247.jpg,,trashnet-master/trashnet-master/data/dataset-resized/glass/glass247.jpg,,,,,,,,
trashnet_val_glass400.jpg,TrashNet,image_classification,val,Glass,glass,trashnet-master/trashnet-master/data/filtered_6class/val/Glass/glass400.jpg,,trashnet-master/trashnet-master/data/dataset-resized/glass/glass400.jpg,,,,,,,,
trashnet_val_glass73.jpg,TrashNet,image_classification,val,Glass,glass,trashnet-master/trashnet-master/data/filtered_6class/val/Glass/glass73.jpg,,trashnet-master/trashnet-master/data/dataset-resized/glass/glass73.jpg,,,,,,,,
trashnet_val_glass366.jpg,TrashNet,image_classification,val,Glass,glass,trashnet-master/trashnet-master/data/filtered_6class/val/Glass/glass366.jpg,,trashnet-master/trashnet-master/data/dataset-resized/glass/glass366.jpg,,,,,,,,
trashnet_val_glass76.jpg,TrashNet,image_classification,val,Glass,glass,trashnet-master/trashnet-master/data/filtered_6class/val/Glass/glass76.jpg,,trashnet-master/trashnet-master/data/dataset-resized/glass/glass76.jpg,,,,,,,,
trashnet_val_glass53.jpg,TrashNet,image_classification,val,Glass,glass,trashnet-master/trashnet-master/data/filtered_6class/val/Glass/glass53.jpg,,trashnet-master/trashnet-master/data/dataset-resized/glass/glass53.jpg,,,,,,,,
trashnet_val_glass196.jpg,TrashNet,image_classification,val,Glass,glass,trashnet-master/trashnet-master/data/filtered_6class/val/Glass/glass196.jpg,,trashnet-master/trashnet-master/data/dataset-resized/glass/glass196.jpg,,,,,,,,
trashnet_val_glass230.jpg,TrashNet,image_classification,val,Glass,glass,trashnet-master/trashnet-master/data/filtered_6class/val/Glass/glass230.jpg,,trashnet-master/trashnet-master/data/dataset-resized/glass/glass230.jpg,,,,,,,,
trashnet_val_glass239.jpg,TrashNet,image_classification,val,Glass,glass,trashnet-master/trashnet-master/data/filtered_6class/val/Glass/glass239.jpg,,trashnet-master/trashnet-master/data/dataset-resized/glass/glass239.jpg,,,,,,,,
trashnet_val_glass63.jpg,TrashNet,image_classification,val,Glass,glass,trashnet-master/trashnet-master/data/filtered_6class/val/Glass/glass63.jpg,,trashnet-master/trashnet-master/data/dataset-resized/glass/glass63.jpg,,,,,,,,
trashnet_val_glass351.jpg,TrashNet,image_classification,val,Glass,glass,trashnet-master/trashnet-master/data/filtered_6class/val/Glass/glass351.jpg,,trashnet-master/trashnet-master/data/dataset-resized/glass/glass351.jpg,,,,,,,,
trashnet_val_glass286.jpg,TrashNet,image_classification,val,Glass,glass,trashnet-master/trashnet-master/data/filtered_6class/val/Glass/glass286.jpg,,trashnet-master/trashnet-master/data/dataset-resized/glass/glass286.jpg,,,,,,,,
trashnet_val_glass238.jpg,TrashNet,image_classification,val,Glass,glass,trashnet-master/trashnet-master/data/filtered_6class/val/Glass/glass238.jpg,,trashnet-master/trashnet-master/data/dataset-resized/glass/glass238.jpg,,,,,,,,
trashnet_val_glass361.jpg,TrashNet,image_classification,val,Glass,glass,trashnet-master/trashnet-master/data/filtered_6class/val/Glass/glass361.jpg,,trashnet-master/trashnet-master/data/dataset-resized/glass/glass361.jpg,,,,,,,,
trashnet_val_glass383.jpg,TrashNet,image_classification,val,Glass,glass,trashnet-master/trashnet-master/data/filtered_6class/val/Glass/glass383.jpg,,trashnet-master/trashnet-master/data/dataset-resized/glass/glass383.jpg,,,,,,,,
trashnet_val_glass18.jpg,TrashNet,image_classification,val,Glass,glass,trashnet-master/trashnet-master/data/filtered_6class/val/Glass/glass18.jpg,,trashnet-master/trashnet-master/data/dataset-resized/glass/glass18.jpg,,,,,,,,
trashnet_val_glass444.jpg,TrashNet,image_classification,val,Glass,glass,trashnet-master/trashnet-master/data/filtered_6class/val/Glass/glass444.jpg,,trashnet-master/trashnet-master/data/dataset-resized/glass/glass444.jpg,,,,,,,,
trashnet_val_paper171.jpg,TrashNet,image_classification,val,PaperCardboard,paper,trashnet-master/trashnet-master/data/filtered_6class/val/PaperCardboard/paper171.jpg,,trashnet-master/trashnet-master/data/dataset-resized/paper/paper171.jpg,,,,,,,,
trashnet_val_cardboard390.jpg,TrashNet,image_classification,val,PaperCardboard,cardboard,trashnet-master/trashnet-master/data/filtered_6class/val/PaperCardboard/cardboard390.jpg,,trashnet-master/trashnet-master/data/dataset-resized/cardboard/cardboard390.jpg,,,,,,,,
trashnet_val_paper256.jpg,TrashNet,image_classification,val,PaperCardboard,paper,trashnet-master/trashnet-master/data/filtered_6class/val/PaperCardboard/paper256.jpg,,trashnet-master/trashnet-master/data/dataset-resized/paper/paper256.jpg,,,,,,,,
trashnet_val_paper265.jpg,TrashNet,image_classification,val,PaperCardboard,paper,trashnet-master/trashnet-master/data/filtered_6class/val/PaperCardboard/paper265.jpg,,trashnet-master/trashnet-master/data/dataset-resized/paper/paper265.jpg,,,,,,,,
trashnet_val_cardboard193.jpg,TrashNet,image_classification,val,PaperCardboard,cardboard,trashnet-master/trashnet-master/data/filtered_6class/val/PaperCardboard/cardboard193.jpg,,trashnet-master/trashnet-master/data/dataset-resized/cardboard/cardboard193.jpg,,,,,,,,
trashnet_val_paper86.jpg,TrashNet,image_classification,val,PaperCardboard,paper,trashnet-master/trashnet-master/data/filtered_6class/val/PaperCardboard/paper86.jpg,,trashnet-master/trashnet-master/data/dataset-resized/paper/paper86.jpg,,,,,,,,
trashnet_val_cardboard37.jpg,TrashNet,image_classification,val,PaperCardboard,cardboard,trashnet-master/trashnet-master/data/filtered_6class/val/PaperCardboard/cardboard37.jpg,,trashnet-master/trashnet-master/data/dataset-resized/cardboard/cardboard37.jpg,,,,,,,,
trashnet_val_paper589.jpg,TrashNet,image_classification,val,PaperCardboard,paper,trashnet-master/trashnet-master/data/filtered_6class/val/PaperCardboard/paper589.jpg,,trashnet-master/trashnet-master/data/dataset-resized/paper/paper589.jpg,,,,,,,,
trashnet_val_paper324.jpg,TrashNet,image_classification,val,PaperCardboard,paper,trashnet-master/trashnet-master/data/filtered_6class/val/PaperCardboard/paper324.jpg,,trashnet-master/trashnet-master/data/dataset-resized/paper/paper324.jpg,,,,,,,,
trashnet_val_paper233.jpg,TrashNet,image_classification,val,PaperCardboard,paper,trashnet-master/trashnet-master/data/filtered_6class/val/PaperCardboard/paper233.jpg,,trashnet-master/trashnet-master/data/dataset-resized/paper/paper233.jpg,,,,,,,,
trashnet_val_paper497.jpg,TrashNet,image_classification,val,PaperCardboard,paper,trashnet-master/trashnet-master/data/filtered_6class/val/PaperCardboard/paper497.jpg,,trashnet-master/trashnet-master/data/dataset-resized/paper/paper497.jpg,,,,,,,,
trashnet_val_paper444.jpg,TrashNet,image_classification,val,PaperCardboard,paper,trashnet-master/trashnet-master/data/filtered_6class/val/PaperCardboard/paper444.jpg,,trashnet-master/trashnet-master/data/dataset-resized/paper/paper444.jpg,,,,,,,,
trashnet_val_paper43.jpg,TrashNet,image_classification,val,PaperCardboard,paper,trashnet-master/trashnet-master/data/filtered_6class/val/PaperCardboard/paper43.jpg,,trashnet-master/trashnet-master/data/dataset-resized/paper/paper43.jpg,,,,,,,,
trashnet_val_paper37.jpg,TrashNet,image_classification,val,PaperCardboard,paper,trashnet-master/trashnet-master/data/filtered_6class/val/PaperCardboard/paper37.jpg,,trashnet-master/trashnet-master/data/dataset-resized/paper/paper37.jpg,,,,,,,,
trashnet_val_paper150.jpg,TrashNet,image_classification,val,PaperCardboard,paper,trashnet-master/trashnet-master/data/filtered_6class/val/PaperCardboard/paper150.jpg,,trashnet-master/trashnet-master/data/dataset-resized/paper/paper150.jpg,,,,,,,,
trashnet_val_paper399.jpg,TrashNet,image_classification,val,PaperCardboard,paper,trashnet-master/trashnet-master/data/filtered_6class/val/PaperCardboard/paper399.jpg,,trashnet-master/trashnet-master/data/dataset-resized/paper/paper399.jpg,,,,,,,,
trashnet_val_paper141.jpg,TrashNet,image_classification,val,PaperCardboard,paper,trashnet-master/trashnet-master/data/filtered_6class/val/PaperCardboard/paper141.jpg,,trashnet-master/trashnet-master/data/dataset-resized/paper/paper141.jpg,,,,,,,,
trashnet_val_cardboard329.jpg,TrashNet,image_classification,val,PaperCardboard,cardboard,trashnet-master/trashnet-master/data/filtered_6class/val/PaperCardboard/cardboard329.jpg,,trashnet-master/trashnet-master/data/dataset-resized/cardboard/cardboard329.jpg,,,,,,,,
trashnet_val_paper375.jpg,TrashNet,image_classification,val,PaperCardboard,paper,trashnet-master/trashnet-master/data/filtered_6class/val/PaperCardboard/paper375.jpg,,trashnet-master/trashnet-master/data/dataset-resized/paper/paper375.jpg,,,,,,,,
trashnet_val_cardboard369.jpg,TrashNet,image_classification,val,PaperCardboard,cardboard,trashnet-master/trashnet-master/data/filtered_6class/val/PaperCardboard/cardboard369.jpg,,trashnet-master/trashnet-master/data/dataset-resized/cardboard/cardboard369.jpg,,,,,,,,
trashnet_val_paper252.jpg,TrashNet,image_classification,val,PaperCardboard,paper,trashnet-master/trashnet-master/data/filtered_6class/val/PaperCardboard/paper252.jpg,,trashnet-master/trashnet-master/data/dataset-resized/paper/paper252.jpg,,,,,,,,
trashnet_val_paper508.jpg,TrashNet,image_classification,val,PaperCardboard,paper,trashnet-master/trashnet-master/data/filtered_6class/val/PaperCardboard/paper508.jpg,,trashnet-master/trashnet-master/data/dataset-resized/paper/paper508.jpg,,,,,,,,
trashnet_val_cardboard247.jpg,TrashNet,image_classification,val,PaperCardboard,cardboard,trashnet-master/trashnet-master/data/filtered_6class/val/PaperCardboard/cardboard247.jpg,,trashnet-master/trashnet-master/data/dataset-resized/cardboard/cardboard247.jpg,,,,,,,,
trashnet_val_cardboard212.jpg,TrashNet,image_classification,val,PaperCardboard,cardboard,trashnet-master/trashnet-master/data/filtered_6class/val/PaperCardboard/cardboard212.jpg,,trashnet-master/trashnet-master/data/dataset-resized/cardboard/cardboard212.jpg,,,,,,,,
trashnet_val_cardboard148.jpg,TrashNet,image_classification,val,PaperCardboard,cardboard,trashnet-master/trashnet-master/data/filtered_6class/val/PaperCardboard/cardboard148.jpg,,trashnet-master/trashnet-master/data/dataset-resized/cardboard/cardboard148.jpg,,,,,,,,
trashnet_val_paper19.jpg,TrashNet,image_classification,val,PaperCardboard,paper,trashnet-master/trashnet-master/data/filtered_6class/val/PaperCardboard/paper19.jpg,,trashnet-master/trashnet-master/data/dataset-resized/paper/paper19.jpg,,,,,,,,
trashnet_val_paper5.jpg,TrashNet,image_classification,val,PaperCardboard,paper,trashnet-master/trashnet-master/data/filtered_6class/val/PaperCardboard/paper5.jpg,,trashnet-master/trashnet-master/data/dataset-resized/paper/paper5.jpg,,,,,,,,
trashnet_val_paper182.jpg,TrashNet,image_classification,val,PaperCardboard,paper,trashnet-master/trashnet-master/data/filtered_6class/val/PaperCardboard/paper182.jpg,,trashnet-master/trashnet-master/data/dataset-resized/paper/paper182.jpg,,,,,,,,
trashnet_val_paper308.jpg,TrashNet,image_classification,val,PaperCardboard,paper,trashnet-master/trashnet-master/data/filtered_6class/val/PaperCardboard/paper308.jpg,,trashnet-master/trashnet-master/data/dataset-resized/paper/paper308.jpg,,,,,,,,
trashnet_val_cardboard333.jpg,TrashNet,image_classification,val,PaperCardboard,cardboard,trashnet-master/trashnet-master/data/filtered_6class/val/PaperCardboard/cardboard333.jpg,,trashnet-master/trashnet-master/data/dataset-resized/cardboard/cardboard333.jpg,,,,,,,,
trashnet_val_cardboard195.jpg,TrashNet,image_classification,val,PaperCardboard,cardboard,trashnet-master/trashnet-master/data/filtered_6class/val/PaperCardboard/cardboard195.jpg,,trashnet-master/trashnet-master/data/dataset-resized/cardboard/cardboard195.jpg,,,,,,,,
trashnet_val_cardboard146.jpg,TrashNet,image_classification,val,PaperCardboard,cardboard,trashnet-master/trashnet-master/data/filtered_6class/val/PaperCardboard/cardboard146.jpg,,trashnet-master/trashnet-master/data/dataset-resized/cardboard/cardboard146.jpg,,,,,,,,
trashnet_val_paper315.jpg,TrashNet,image_classification,val,PaperCardboard,paper,trashnet-master/trashnet-master/data/filtered_6class/val/PaperCardboard/paper315.jpg,,trashnet-master/trashnet-master/data/dataset-resized/paper/paper315.jpg,,,,,,,,
trashnet_val_paper162.jpg,TrashNet,image_classification,val,PaperCardboard,paper,trashnet-master/trashnet-master/data/filtered_6class/val/PaperCardboard/paper162.jpg,,trashnet-master/trashnet-master/data/dataset-resized/paper/paper162.jpg,,,,,,,,
trashnet_val_cardboard133.jpg,TrashNet,image_classification,val,PaperCardboard,cardboard,trashnet-master/trashnet-master/data/filtered_6class/val/PaperCardboard/cardboard133.jpg,,trashnet-master/trashnet-master/data/dataset-resized/cardboard/cardboard133.jpg,,,,,,,,
trashnet_val_paper131.jpg,TrashNet,image_classification,val,PaperCardboard,paper,trashnet-master/trashnet-master/data/filtered_6class/val/PaperCardboard/paper131.jpg,,trashnet-master/trashnet-master/data/dataset-resized/paper/paper131.jpg,,,,,,,,
trashnet_val_paper63.jpg,TrashNet,image_classification,val,PaperCardboard,paper,trashnet-master/trashnet-master/data/filtered_6class/val/PaperCardboard/paper63.jpg,,trashnet-master/trashnet-master/data/dataset-resized/paper/paper63.jpg,,,,,,,,
trashnet_val_paper549.jpg,TrashNet,image_classification,val,PaperCardboard,paper,trashnet-master/trashnet-master/data/filtered_6class/val/PaperCardboard/paper549.jpg,,trashnet-master/trashnet-master/data/dataset-resized/paper/paper549.jpg,,,,,,,,
trashnet_val_cardboard141.jpg,TrashNet,image_classification,val,PaperCardboard,cardboard,trashnet-master/trashnet-master/data/filtered_6class/val/PaperCardboard/cardboard141.jpg,,trashnet-master/trashnet-master/data/dataset-resized/cardboard/cardboard141.jpg,,,,,,,,
trashnet_val_paper391.jpg,TrashNet,image_classification,val,PaperCardboard,paper,trashnet-master/trashnet-master/data/filtered_6class/val/PaperCardboard/paper391.jpg,,trashnet-master/trashnet-master/data/dataset-resized/paper/paper391.jpg,,,,,,,,
trashnet_val_paper45.jpg,TrashNet,image_classification,val,PaperCardboard,paper,trashnet-master/trashnet-master/data/filtered_6class/val/PaperCardboard/paper45.jpg,,trashnet-master/trashnet-master/data/dataset-resized/paper/paper45.jpg,,,,,,,,
trashnet_val_paper591.jpg,TrashNet,image_classification,val,PaperCardboard,paper,trashnet-master/trashnet-master/data/filtered_6class/val/PaperCardboard/paper591.jpg,,trashnet-master/trashnet-master/data/dataset-resized/paper/paper591.jpg,,,,,,,,
trashnet_val_cardboard402.jpg,TrashNet,image_classification,val,PaperCardboard,cardboard,trashnet-master/trashnet-master/data/filtered_6class/val/PaperCardboard/cardboard402.jpg,,trashnet-master/trashnet-master/data/dataset-resized/cardboard/cardboard402.jpg,,,,,,,,
trashnet_val_paper401.jpg,TrashNet,image_classification,val,PaperCardboard,paper,trashnet-master/trashnet-master/data/filtered_6class/val/PaperCardboard/paper401.jpg,,trashnet-master/trashnet-master/data/dataset-resized/paper/paper401.jpg,,,,,,,,
trashnet_val_cardboard63.jpg,TrashNet,image_classification,val,PaperCardboard,cardboard,trashnet-master/trashnet-master/data/filtered_6class/val/PaperCardboard/cardboard63.jpg,,trashnet-master/trashnet-master/data/dataset-resized/cardboard/cardboard63.jpg,,,,,,,,
trashnet_val_cardboard163.jpg,TrashNet,image_classification,val,PaperCardboard,cardboard,trashnet-master/trashnet-master/data/filtered_6class/val/PaperCardboard/cardboard163.jpg,,trashnet-master/trashnet-master/data/dataset-resized/cardboard/cardboard163.jpg,,,,,,,,
trashnet_val_paper466.jpg,TrashNet,image_classification,val,PaperCardboard,paper,trashnet-master/trashnet-master/data/filtered_6class/val/PaperCardboard/paper466.jpg,,trashnet-master/trashnet-master/data/dataset-resized/paper/paper466.jpg,,,,,,,,
trashnet_val_cardboard202.jpg,TrashNet,image_classification,val,PaperCardboard,cardboard,trashnet-master/trashnet-master/data/filtered_6class/val/PaperCardboard/cardboard202.jpg,,trashnet-master/trashnet-master/data/dataset-resized/cardboard/cardboard202.jpg,,,,,,,,
trashnet_val_cardboard139.jpg,TrashNet,image_classification,val,PaperCardboard,cardboard,trashnet-master/trashnet-master/data/filtered_6class/val/PaperCardboard/cardboard139.jpg,,trashnet-master/trashnet-master/data/dataset-resized/cardboard/cardboard139.jpg,,,,,,,,
trashnet_val_paper410.jpg,TrashNet,image_classification,val,PaperCardboard,paper,trashnet-master/trashnet-master/data/filtered_6class/val/PaperCardboard/paper410.jpg,,trashnet-master/trashnet-master/data/dataset-resized/paper/paper410.jpg,,,,,,,,
trashnet_val_paper343.jpg,TrashNet,image_classification,val,PaperCardboard,paper,trashnet-master/trashnet-master/data/filtered_6class/val/PaperCardboard/paper343.jpg,,trashnet-master/trashnet-master/data/dataset-resized/paper/paper343.jpg,,,,,,,,
trashnet_val_paper531.jpg,TrashNet,image_classification,val,PaperCardboard,paper,trashnet-master/trashnet-master/data/filtered_6class/val/PaperCardboard/paper531.jpg,,trashnet-master/trashnet-master/data/dataset-resized/paper/paper531.jpg,,,,,,,,
trashnet_val_paper168.jpg,TrashNet,image_classification,val,PaperCardboard,paper,trashnet-master/trashnet-master/data/filtered_6class/val/PaperCardboard/paper168.jpg,,trashnet-master/trashnet-master/data/dataset-resized/paper/paper168.jpg,,,,,,,,
trashnet_val_paper241.jpg,TrashNet,image_classification,val,PaperCardboard,paper,trashnet-master/trashnet-master/data/filtered_6class/val/PaperCardboard/paper241.jpg,,trashnet-master/trashnet-master/data/dataset-resized/paper/paper241.jpg,,,,,,,,
trashnet_val_cardboard168.jpg,TrashNet,image_classification,val,PaperCardboard,cardboard,trashnet-master/trashnet-master/data/filtered_6class/val/PaperCardboard/cardboard168.jpg,,trashnet-master/trashnet-master/data/dataset-resized/cardboard/cardboard168.jpg,,,,,,,,
trashnet_val_paper477.jpg,TrashNet,image_classification,val,PaperCardboard,paper,trashnet-master/trashnet-master/data/filtered_6class/val/PaperCardboard/paper477.jpg,,trashnet-master/trashnet-master/data/dataset-resized/paper/paper477.jpg,,,,,,,,
trashnet_val_paper231.jpg,TrashNet,image_classification,val,PaperCardboard,paper,trashnet-master/trashnet-master/data/filtered_6class/val/PaperCardboard/paper231.jpg,,trashnet-master/trashnet-master/data/dataset-resized/paper/paper231.jpg,,,,,,,,
trashnet_val_cardboard23.jpg,TrashNet,image_classification,val,PaperCardboard,cardboard,trashnet-master/trashnet-master/data/filtered_6class/val/PaperCardboard/cardboard23.jpg,,trashnet-master/trashnet-master/data/dataset-resized/cardboard/cardboard23.jpg,,,,,,,,
trashnet_val_paper112.jpg,TrashNet,image_classification,val,PaperCardboard,paper,trashnet-master/trashnet-master/data/filtered_6class/val/PaperCardboard/paper112.jpg,,trashnet-master/trashnet-master/data/dataset-resized/paper/paper112.jpg,,,,,,,,
trashnet_val_cardboard302.jpg,TrashNet,image_classification,val,PaperCardboard,cardboard,trashnet-master/trashnet-master/data/filtered_6class/val/PaperCardboard/cardboard302.jpg,,trashnet-master/trashnet-master/data/dataset-resized/cardboard/cardboard302.jpg,,,,,,,,
trashnet_val_paper584.jpg,TrashNet,image_classification,val,PaperCardboard,paper,trashnet-master/trashnet-master/data/filtered_6class/val/PaperCardboard/paper584.jpg,,trashnet-master/trashnet-master/data/dataset-resized/paper/paper584.jpg,,,,,,,,
trashnet_val_cardboard249.jpg,TrashNet,image_classification,val,PaperCardboard,cardboard,trashnet-master/trashnet-master/data/filtered_6class/val/PaperCardboard/cardboard249.jpg,,trashnet-master/trashnet-master/data/dataset-resized/cardboard/cardboard249.jpg,,,,,,,,
trashnet_val_paper504.jpg,TrashNet,image_classification,val,PaperCardboard,paper,trashnet-master/trashnet-master/data/filtered_6class/val/PaperCardboard/paper504.jpg,,trashnet-master/trashnet-master/data/dataset-resized/paper/paper504.jpg,,,,,,,,
trashnet_val_paper191.jpg,TrashNet,image_classification,val,PaperCardboard,paper,trashnet-master/trashnet-master/data/filtered_6class/val/PaperCardboard/paper191.jpg,,trashnet-master/trashnet-master/data/dataset-resized/paper/paper191.jpg,,,,,,,,
trashnet_val_paper404.jpg,TrashNet,image_classification,val,PaperCardboard,paper,trashnet-master/trashnet-master/data/filtered_6class/val/PaperCardboard/paper404.jpg,,trashnet-master/trashnet-master/data/dataset-resized/paper/paper404.jpg,,,,,,,,
trashnet_val_cardboard108.jpg,TrashNet,image_classification,val,PaperCardboard,cardboard,trashnet-master/trashnet-master/data/filtered_6class/val/PaperCardboard/cardboard108.jpg,,trashnet-master/trashnet-master/data/dataset-resized/cardboard/cardboard108.jpg,,,,,,,,
trashnet_val_paper562.jpg,TrashNet,image_classification,val,PaperCardboard,paper,trashnet-master/trashnet-master/data/filtered_6class/val/PaperCardboard/paper562.jpg,,trashnet-master/trashnet-master/data/dataset-resized/paper/paper562.jpg,,,,,,,,
trashnet_val_paper215.jpg,TrashNet,image_classification,val,PaperCardboard,paper,trashnet-master/trashnet-master/data/filtered_6class/val/PaperCardboard/paper215.jpg,,trashnet-master/trashnet-master/data/dataset-resized/paper/paper215.jpg,,,,,,,,
trashnet_val_cardboard361.jpg,TrashNet,image_classification,val,PaperCardboard,cardboard,trashnet-master/trashnet-master/data/filtered_6class/val/PaperCardboard/cardboard361.jpg,,trashnet-master/trashnet-master/data/dataset-resized/cardboard/cardboard361.jpg,,,,,,,,
trashnet_val_cardboard368.jpg,TrashNet,image_classification,val,PaperCardboard,cardboard,trashnet-master/trashnet-master/data/filtered_6class/val/PaperCardboard/cardboard368.jpg,,trashnet-master/trashnet-master/data/dataset-resized/cardboard/cardboard368.jpg,,,,,,,,
trashnet_val_paper239.jpg,TrashNet,image_classification,val,PaperCardboard,paper,trashnet-master/trashnet-master/data/filtered_6class/val/PaperCardboard/paper239.jpg,,trashnet-master/trashnet-master/data/dataset-resized/paper/paper239.jpg,,,,,,,,
trashnet_val_cardboard388.jpg,TrashNet,image_classification,val,PaperCardboard,cardboard,trashnet-master/trashnet-master/data/filtered_6class/val/PaperCardboard/cardboard388.jpg,,trashnet-master/trashnet-master/data/dataset-resized/cardboard/cardboard388.jpg,,,,,,,,
trashnet_val_cardboard176.jpg,TrashNet,image_classification,val,PaperCardboard,cardboard,trashnet-master/trashnet-master/data/filtered_6class/val/PaperCardboard/cardboard176.jpg,,trashnet-master/trashnet-master/data/dataset-resized/cardboard/cardboard176.jpg,,,,,,,,
trashnet_val_paper455.jpg,TrashNet,image_classification,val,PaperCardboard,paper,trashnet-master/trashnet-master/data/filtered_6class/val/PaperCardboard/paper455.jpg,,trashnet-master/trashnet-master/data/dataset-resized/paper/paper455.jpg,,,,,,,,
trashnet_val_paper450.jpg,TrashNet,image_classification,val,PaperCardboard,paper,trashnet-master/trashnet-master/data/filtered_6class/val/PaperCardboard/paper450.jpg,,trashnet-master/trashnet-master/data/dataset-resized/paper/paper450.jpg,,,,,,,,
trashnet_val_cardboard308.jpg,TrashNet,image_classification,val,PaperCardboard,cardboard,trashnet-master/trashnet-master/data/filtered_6class/val/PaperCardboard/cardboard308.jpg,,trashnet-master/trashnet-master/data/dataset-resized/cardboard/cardboard308.jpg,,,,,,,,
trashnet_val_paper535.jpg,TrashNet,image_classification,val,PaperCardboard,paper,trashnet-master/trashnet-master/data/filtered_6class/val/PaperCardboard/paper535.jpg,,trashnet-master/trashnet-master/data/dataset-resized/paper/paper535.jpg,,,,,,,,
trashnet_val_cardboard250.jpg,TrashNet,image_classification,val,PaperCardboard,cardboard,trashnet-master/trashnet-master/data/filtered_6class/val/PaperCardboard/cardboard250.jpg,,trashnet-master/trashnet-master/data/dataset-resized/cardboard/cardboard250.jpg,,,,,,,,
trashnet_val_paper392.jpg,TrashNet,image_classification,val,PaperCardboard,paper,trashnet-master/trashnet-master/data/filtered_6class/val/PaperCardboard/paper392.jpg,,trashnet-master/trashnet-master/data/dataset-resized/paper/paper392.jpg,,,,,,,,
trashnet_val_paper139.jpg,TrashNet,image_classification,val,PaperCardboard,paper,trashnet-master/trashnet-master/data/filtered_6class/val/PaperCardboard/paper139.jpg,,trashnet-master/trashnet-master/data/dataset-resized/paper/paper139.jpg,,,,,,,,
trashnet_val_paper478.jpg,TrashNet,image_classification,val,PaperCardboard,paper,trashnet-master/trashnet-master/data/filtered_6class/val/PaperCardboard/paper478.jpg,,trashnet-master/trashnet-master/data/dataset-resized/paper/paper478.jpg,,,,,,,,
trashnet_val_cardboard90.jpg,TrashNet,image_classification,val,PaperCardboard,cardboard,trashnet-master/trashnet-master/data/filtered_6class/val/PaperCardboard/cardboard90.jpg,,trashnet-master/trashnet-master/data/dataset-resized/cardboard/cardboard90.jpg,,,,,,,,
trashnet_val_cardboard30.jpg,TrashNet,image_classification,val,PaperCardboard,cardboard,trashnet-master/trashnet-master/data/filtered_6class/val/PaperCardboard/cardboard30.jpg,,trashnet-master/trashnet-master/data/dataset-resized/cardboard/cardboard30.jpg,,,,,,,,
trashnet_val_paper91.jpg,TrashNet,image_classification,val,PaperCardboard,paper,trashnet-master/trashnet-master/data/filtered_6class/val/PaperCardboard/paper91.jpg,,trashnet-master/trashnet-master/data/dataset-resized/paper/paper91.jpg,,,,,,,,
trashnet_val_paper319.jpg,TrashNet,image_classification,val,PaperCardboard,paper,trashnet-master/trashnet-master/data/filtered_6class/val/PaperCardboard/paper319.jpg,,trashnet-master/trashnet-master/data/dataset-resized/paper/paper319.jpg,,,,,,,,
trashnet_val_cardboard207.jpg,TrashNet,image_classification,val,PaperCardboard,cardboard,trashnet-master/trashnet-master/data/filtered_6class/val/PaperCardboard/cardboard207.jpg,,trashnet-master/trashnet-master/data/dataset-resized/cardboard/cardboard207.jpg,,,,,,,,
trashnet_val_paper273.jpg,TrashNet,image_classification,val,PaperCardboard,paper,trashnet-master/trashnet-master/data/filtered_6class/val/PaperCardboard/paper273.jpg,,trashnet-master/trashnet-master/data/dataset-resized/paper/paper273.jpg,,,,,,,,
trashnet_val_paper396.jpg,TrashNet,image_classification,val,PaperCardboard,paper,trashnet-master/trashnet-master/data/filtered_6class/val/PaperCardboard/paper396.jpg,,trashnet-master/trashnet-master/data/dataset-resized/paper/paper396.jpg,,,,,,,,
trashnet_val_paper519.jpg,TrashNet,image_classification,val,PaperCardboard,paper,trashnet-master/trashnet-master/data/filtered_6class/val/PaperCardboard/paper519.jpg,,trashnet-master/trashnet-master/data/dataset-resized/paper/paper519.jpg,,,,,,,,
trashnet_val_paper447.jpg,TrashNet,image_classification,val,PaperCardboard,paper,trashnet-master/trashnet-master/data/filtered_6class/val/PaperCardboard/paper447.jpg,,trashnet-master/trashnet-master/data/dataset-resized/paper/paper447.jpg,,,,,,,,
trashnet_val_paper65.jpg,TrashNet,image_classification,val,PaperCardboard,paper,trashnet-master/trashnet-master/data/filtered_6class/val/PaperCardboard/paper65.jpg,,trashnet-master/trashnet-master/data/dataset-resized/paper/paper65.jpg,,,,,,,,
trashnet_val_cardboard392.jpg,TrashNet,image_classification,val,PaperCardboard,cardboard,trashnet-master/trashnet-master/data/filtered_6class/val/PaperCardboard/cardboard392.jpg,,trashnet-master/trashnet-master/data/dataset-resized/cardboard/cardboard392.jpg,,,,,,,,
trashnet_val_cardboard32.jpg,TrashNet,image_classification,val,PaperCardboard,cardboard,trashnet-master/trashnet-master/data/filtered_6class/val/PaperCardboard/cardboard32.jpg,,trashnet-master/trashnet-master/data/dataset-resized/cardboard/cardboard32.jpg,,,,,,,,
trashnet_val_paper405.jpg,TrashNet,image_classification,val,PaperCardboard,paper,trashnet-master/trashnet-master/data/filtered_6class/val/PaperCardboard/paper405.jpg,,trashnet-master/trashnet-master/data/dataset-resized/paper/paper405.jpg,,,,,,,,
trashnet_val_paper417.jpg,TrashNet,image_classification,val,PaperCardboard,paper,trashnet-master/trashnet-master/data/filtered_6class/val/PaperCardboard/paper417.jpg,,trashnet-master/trashnet-master/data/dataset-resized/paper/paper417.jpg,,,,,,,,
trashnet_val_paper545.jpg,TrashNet,image_classification,val,PaperCardboard,paper,trashnet-master/trashnet-master/data/filtered_6class/val/PaperCardboard/paper545.jpg,,trashnet-master/trashnet-master/data/dataset-resized/paper/paper545.jpg,,,,,,,,
trashnet_val_paper60.jpg,TrashNet,image_classification,val,PaperCardboard,paper,trashnet-master/trashnet-master/data/filtered_6class/val/PaperCardboard/paper60.jpg,,trashnet-master/trashnet-master/data/dataset-resized/paper/paper60.jpg,,,,,,,,
trashnet_val_paper510.jpg,TrashNet,image_classification,val,PaperCardboard,paper,trashnet-master/trashnet-master/data/filtered_6class/val/PaperCardboard/paper510.jpg,,trashnet-master/trashnet-master/data/dataset-resized/paper/paper510.jpg,,,,,,,,
trashnet_val_cardboard76.jpg,TrashNet,image_classification,val,PaperCardboard,cardboard,trashnet-master/trashnet-master/data/filtered_6class/val/PaperCardboard/cardboard76.jpg,,trashnet-master/trashnet-master/data/dataset-resized/cardboard/cardboard76.jpg,,,,,,,,
trashnet_val_paper550.jpg,TrashNet,image_classification,val,PaperCardboard,paper,trashnet-master/trashnet-master/data/filtered_6class/val/PaperCardboard/paper550.jpg,,trashnet-master/trashnet-master/data/dataset-resized/paper/paper550.jpg,,,,,,,,
trashnet_val_cardboard172.jpg,TrashNet,image_classification,val,PaperCardboard,cardboard,trashnet-master/trashnet-master/data/filtered_6class/val/PaperCardboard/cardboard172.jpg,,trashnet-master/trashnet-master/data/dataset-resized/cardboard/cardboard172.jpg,,,,,,,,
trashnet_val_paper99.jpg,TrashNet,image_classification,val,PaperCardboard,paper,trashnet-master/trashnet-master/data/filtered_6class/val/PaperCardboard/paper99.jpg,,trashnet-master/trashnet-master/data/dataset-resized/paper/paper99.jpg,,,,,,,,
trashnet_val_cardboard4.jpg,TrashNet,image_classification,val,PaperCardboard,cardboard,trashnet-master/trashnet-master/data/filtered_6class/val/PaperCardboard/cardboard4.jpg,,trashnet-master/trashnet-master/data/dataset-resized/cardboard/cardboard4.jpg,,,,,,,,
trashnet_val_paper374.jpg,TrashNet,image_classification,val,PaperCardboard,paper,trashnet-master/trashnet-master/data/filtered_6class/val/PaperCardboard/paper374.jpg,,trashnet-master/trashnet-master/data/dataset-resized/paper/paper374.jpg,,,,,,,,
trashnet_val_cardboard233.jpg,TrashNet,image_classification,val,PaperCardboard,cardboard,trashnet-master/trashnet-master/data/filtered_6class/val/PaperCardboard/cardboard233.jpg,,trashnet-master/trashnet-master/data/dataset-resized/cardboard/cardboard233.jpg,,,,,,,,
trashnet_val_cardboard96.jpg,TrashNet,image_classification,val,PaperCardboard,cardboard,trashnet-master/trashnet-master/data/filtered_6class/val/PaperCardboard/cardboard96.jpg,,trashnet-master/trashnet-master/data/dataset-resized/cardboard/cardboard96.jpg,,,,,,,,
trashnet_val_paper100.jpg,TrashNet,image_classification,val,PaperCardboard,paper,trashnet-master/trashnet-master/data/filtered_6class/val/PaperCardboard/paper100.jpg,,trashnet-master/trashnet-master/data/dataset-resized/paper/paper100.jpg,,,,,,,,
trashnet_val_cardboard336.jpg,TrashNet,image_classification,val,PaperCardboard,cardboard,trashnet-master/trashnet-master/data/filtered_6class/val/PaperCardboard/cardboard336.jpg,,trashnet-master/trashnet-master/data/dataset-resized/cardboard/cardboard336.jpg,,,,,,,,
trashnet_val_paper567.jpg,TrashNet,image_classification,val,PaperCardboard,paper,trashnet-master/trashnet-master/data/filtered_6class/val/PaperCardboard/paper567.jpg,,trashnet-master/trashnet-master/data/dataset-resized/paper/paper567.jpg,,,,,,,,
trashnet_val_paper412.jpg,TrashNet,image_classification,val,PaperCardboard,paper,trashnet-master/trashnet-master/data/filtered_6class/val/PaperCardboard/paper412.jpg,,trashnet-master/trashnet-master/data/dataset-resized/paper/paper412.jpg,,,,,,,,
trashnet_val_paper481.jpg,TrashNet,image_classification,val,PaperCardboard,paper,trashnet-master/trashnet-master/data/filtered_6class/val/PaperCardboard/paper481.jpg,,trashnet-master/trashnet-master/data/dataset-resized/paper/paper481.jpg,,,,,,,,
trashnet_val_cardboard292.jpg,TrashNet,image_classification,val,PaperCardboard,cardboard,trashnet-master/trashnet-master/data/filtered_6class/val/PaperCardboard/cardboard292.jpg,,trashnet-master/trashnet-master/data/dataset-resized/cardboard/cardboard292.jpg,,,,,,,,
trashnet_val_cardboard372.jpg,TrashNet,image_classification,val,PaperCardboard,cardboard,trashnet-master/trashnet-master/data/filtered_6class/val/PaperCardboard/cardboard372.jpg,,trashnet-master/trashnet-master/data/dataset-resized/cardboard/cardboard372.jpg,,,,,,,,
trashnet_val_paper353.jpg,TrashNet,image_classification,val,PaperCardboard,paper,trashnet-master/trashnet-master/data/filtered_6class/val/PaperCardboard/paper353.jpg,,trashnet-master/trashnet-master/data/dataset-resized/paper/paper353.jpg,,,,,,,,
trashnet_val_paper163.jpg,TrashNet,image_classification,val,PaperCardboard,paper,trashnet-master/trashnet-master/data/filtered_6class/val/PaperCardboard/paper163.jpg,,trashnet-master/trashnet-master/data/dataset-resized/paper/paper163.jpg,,,,,,,,
trashnet_val_paper224.jpg,TrashNet,image_classification,val,PaperCardboard,paper,trashnet-master/trashnet-master/data/filtered_6class/val/PaperCardboard/paper224.jpg,,trashnet-master/trashnet-master/data/dataset-resized/paper/paper224.jpg,,,,,,,,
trashnet_val_cardboard252.jpg,TrashNet,image_classification,val,PaperCardboard,cardboard,trashnet-master/trashnet-master/data/filtered_6class/val/PaperCardboard/cardboard252.jpg,,trashnet-master/trashnet-master/data/dataset-resized/cardboard/cardboard252.jpg,,,,,,,,
trashnet_val_paper568.jpg,TrashNet,image_classification,val,PaperCardboard,paper,trashnet-master/trashnet-master/data/filtered_6class/val/PaperCardboard/paper568.jpg,,trashnet-master/trashnet-master/data/dataset-resized/paper/paper568.jpg,,,,,,,,
trashnet_val_cardboard116.jpg,TrashNet,image_classification,val,PaperCardboard,cardboard,trashnet-master/trashnet-master/data/filtered_6class/val/PaperCardboard/cardboard116.jpg,,trashnet-master/trashnet-master/data/dataset-resized/cardboard/cardboard116.jpg,,,,,,,,
trashnet_val_paper275.jpg,TrashNet,image_classification,val,PaperCardboard,paper,trashnet-master/trashnet-master/data/filtered_6class/val/PaperCardboard/paper275.jpg,,trashnet-master/trashnet-master/data/dataset-resized/paper/paper275.jpg,,,,,,,,
trashnet_val_paper452.jpg,TrashNet,image_classification,val,PaperCardboard,paper,trashnet-master/trashnet-master/data/filtered_6class/val/PaperCardboard/paper452.jpg,,trashnet-master/trashnet-master/data/dataset-resized/paper/paper452.jpg,,,,,,,,
trashnet_val_paper232.jpg,TrashNet,image_classification,val,PaperCardboard,paper,trashnet-master/trashnet-master/data/filtered_6class/val/PaperCardboard/paper232.jpg,,trashnet-master/trashnet-master/data/dataset-resized/paper/paper232.jpg,,,,,,,,
trashnet_val_cardboard396.jpg,TrashNet,image_classification,val,PaperCardboard,cardboard,trashnet-master/trashnet-master/data/filtered_6class/val/PaperCardboard/cardboard396.jpg,,trashnet-master/trashnet-master/data/dataset-resized/cardboard/cardboard396.jpg,,,,,,,,
trashnet_val_paper52.jpg,TrashNet,image_classification,val,PaperCardboard,paper,trashnet-master/trashnet-master/data/filtered_6class/val/PaperCardboard/paper52.jpg,,trashnet-master/trashnet-master/data/dataset-resized/paper/paper52.jpg,,,,,,,,
trashnet_val_paper323.jpg,TrashNet,image_classification,val,PaperCardboard,paper,trashnet-master/trashnet-master/data/filtered_6class/val/PaperCardboard/paper323.jpg,,trashnet-master/trashnet-master/data/dataset-resized/paper/paper323.jpg,,,,,,,,
trashnet_val_paper534.jpg,TrashNet,image_classification,val,PaperCardboard,paper,trashnet-master/trashnet-master/data/filtered_6class/val/PaperCardboard/paper534.jpg,,trashnet-master/trashnet-master/data/dataset-resized/paper/paper534.jpg,,,,,,,,
trashnet_val_paper544.jpg,TrashNet,image_classification,val,PaperCardboard,paper,trashnet-master/trashnet-master/data/filtered_6class/val/PaperCardboard/paper544.jpg,,trashnet-master/trashnet-master/data/dataset-resized/paper/paper544.jpg,,,,,,,,
trashnet_val_paper482.jpg,TrashNet,image_classification,val,PaperCardboard,paper,trashnet-master/trashnet-master/data/filtered_6class/val/PaperCardboard/paper482.jpg,,trashnet-master/trashnet-master/data/dataset-resized/paper/paper482.jpg,,,,,,,,
trashnet_val_paper350.jpg,TrashNet,image_classification,val,PaperCardboard,paper,trashnet-master/trashnet-master/data/filtered_6class/val/PaperCardboard/paper350.jpg,,trashnet-master/trashnet-master/data/dataset-resized/paper/paper350.jpg,,,,,,,,
trashnet_val_cardboard214.jpg,TrashNet,image_classification,val,PaperCardboard,cardboard,trashnet-master/trashnet-master/data/filtered_6class/val/PaperCardboard/cardboard214.jpg,,trashnet-master/trashnet-master/data/dataset-resized/cardboard/cardboard214.jpg,,,,,,,,
trashnet_val_paper569.jpg,TrashNet,image_classification,val,PaperCardboard,paper,trashnet-master/trashnet-master/data/filtered_6class/val/PaperCardboard/paper569.jpg,,trashnet-master/trashnet-master/data/dataset-resized/paper/paper569.jpg,,,,,,,,
trashnet_val_paper368.jpg,TrashNet,image_classification,val,PaperCardboard,paper,trashnet-master/trashnet-master/data/filtered_6class/val/PaperCardboard/paper368.jpg,,trashnet-master/trashnet-master/data/dataset-resized/paper/paper368.jpg,,,,,,,,
trashnet_val_cardboard224.jpg,TrashNet,image_classification,val,PaperCardboard,cardboard,trashnet-master/trashnet-master/data/filtered_6class/val/PaperCardboard/cardboard224.jpg,,trashnet-master/trashnet-master/data/dataset-resized/cardboard/cardboard224.jpg,,,,,,,,
trashnet_val_cardboard341.jpg,TrashNet,image_classification,val,PaperCardboard,cardboard,trashnet-master/trashnet-master/data/filtered_6class/val/PaperCardboard/cardboard341.jpg,,trashnet-master/trashnet-master/data/dataset-resized/cardboard/cardboard341.jpg,,,,,,,,
trashnet_val_paper240.jpg,TrashNet,image_classification,val,PaperCardboard,paper,trashnet-master/trashnet-master/data/filtered_6class/val/PaperCardboard/paper240.jpg,,trashnet-master/trashnet-master/data/dataset-resized/paper/paper240.jpg,,,,,,,,
trashnet_val_cardboard77.jpg,TrashNet,image_classification,val,PaperCardboard,cardboard,trashnet-master/trashnet-master/data/filtered_6class/val/PaperCardboard/cardboard77.jpg,,trashnet-master/trashnet-master/data/dataset-resized/cardboard/cardboard77.jpg,,,,,,,,
trashnet_val_paper207.jpg,TrashNet,image_classification,val,PaperCardboard,paper,trashnet-master/trashnet-master/data/filtered_6class/val/PaperCardboard/paper207.jpg,,trashnet-master/trashnet-master/data/dataset-resized/paper/paper207.jpg,,,,,,,,
trashnet_val_paper524.jpg,TrashNet,image_classification,val,PaperCardboard,paper,trashnet-master/trashnet-master/data/filtered_6class/val/PaperCardboard/paper524.jpg,,trashnet-master/trashnet-master/data/dataset-resized/paper/paper524.jpg,,,,,,,,
trashnet_val_paper203.jpg,TrashNet,image_classification,val,PaperCardboard,paper,trashnet-master/trashnet-master/data/filtered_6class/val/PaperCardboard/paper203.jpg,,trashnet-master/trashnet-master/data/dataset-resized/paper/paper203.jpg,,,,,,,,
trashnet_val_cardboard78.jpg,TrashNet,image_classification,val,PaperCardboard,cardboard,trashnet-master/trashnet-master/data/filtered_6class/val/PaperCardboard/cardboard78.jpg,,trashnet-master/trashnet-master/data/dataset-resized/cardboard/cardboard78.jpg,,,,,,,,
trashnet_val_paper185.jpg,TrashNet,image_classification,val,PaperCardboard,paper,trashnet-master/trashnet-master/data/filtered_6class/val/PaperCardboard/paper185.jpg,,trashnet-master/trashnet-master/data/dataset-resized/paper/paper185.jpg,,,,,,,,
trashnet_val_paper475.jpg,TrashNet,image_classification,val,PaperCardboard,paper,trashnet-master/trashnet-master/data/filtered_6class/val/PaperCardboard/paper475.jpg,,trashnet-master/trashnet-master/data/dataset-resized/paper/paper475.jpg,,,,,,,,
trashnet_val_paper73.jpg,TrashNet,image_classification,val,PaperCardboard,paper,trashnet-master/trashnet-master/data/filtered_6class/val/PaperCardboard/paper73.jpg,,trashnet-master/trashnet-master/data/dataset-resized/paper/paper73.jpg,,,,,,,,
trashnet_val_paper111.jpg,TrashNet,image_classification,val,PaperCardboard,paper,trashnet-master/trashnet-master/data/filtered_6class/val/PaperCardboard/paper111.jpg,,trashnet-master/trashnet-master/data/dataset-resized/paper/paper111.jpg,,,,,,,,
trashnet_val_paper72.jpg,TrashNet,image_classification,val,PaperCardboard,paper,trashnet-master/trashnet-master/data/filtered_6class/val/PaperCardboard/paper72.jpg,,trashnet-master/trashnet-master/data/dataset-resized/paper/paper72.jpg,,,,,,,,
trashnet_val_paper386.jpg,TrashNet,image_classification,val,PaperCardboard,paper,trashnet-master/trashnet-master/data/filtered_6class/val/PaperCardboard/paper386.jpg,,trashnet-master/trashnet-master/data/dataset-resized/paper/paper386.jpg,,,,,,,,
trashnet_val_paper245.jpg,TrashNet,image_classification,val,PaperCardboard,paper,trashnet-master/trashnet-master/data/filtered_6class/val/PaperCardboard/paper245.jpg,,trashnet-master/trashnet-master/data/dataset-resized/paper/paper245.jpg,,,,,,,,
trashnet_val_cardboard218.jpg,TrashNet,image_classification,val,PaperCardboard,cardboard,trashnet-master/trashnet-master/data/filtered_6class/val/PaperCardboard/cardboard218.jpg,,trashnet-master/trashnet-master/data/dataset-resized/cardboard/cardboard218.jpg,,,,,,,,
trashnet_val_paper32.jpg,TrashNet,image_classification,val,PaperCardboard,paper,trashnet-master/trashnet-master/data/filtered_6class/val/PaperCardboard/paper32.jpg,,trashnet-master/trashnet-master/data/dataset-resized/paper/paper32.jpg,,,,,,,,
trashnet_val_metal295.jpg,TrashNet,image_classification,val,Metal,metal,trashnet-master/trashnet-master/data/filtered_6class/val/Metal/metal295.jpg,,trashnet-master/trashnet-master/data/dataset-resized/metal/metal295.jpg,,,,,,,,
trashnet_val_metal137.jpg,TrashNet,image_classification,val,Metal,metal,trashnet-master/trashnet-master/data/filtered_6class/val/Metal/metal137.jpg,,trashnet-master/trashnet-master/data/dataset-resized/metal/metal137.jpg,,,,,,,,
trashnet_val_metal221.jpg,TrashNet,image_classification,val,Metal,metal,trashnet-master/trashnet-master/data/filtered_6class/val/Metal/metal221.jpg,,trashnet-master/trashnet-master/data/dataset-resized/metal/metal221.jpg,,,,,,,,
trashnet_val_metal338.jpg,TrashNet,image_classification,val,Metal,metal,trashnet-master/trashnet-master/data/filtered_6class/val/Metal/metal338.jpg,,trashnet-master/trashnet-master/data/dataset-resized/metal/metal338.jpg,,,,,,,,
trashnet_val_metal37.jpg,TrashNet,image_classification,val,Metal,metal,trashnet-master/trashnet-master/data/filtered_6class/val/Metal/metal37.jpg,,trashnet-master/trashnet-master/data/dataset-resized/metal/metal37.jpg,,,,,,,,
trashnet_val_metal363.jpg,TrashNet,image_classification,val,Metal,metal,trashnet-master/trashnet-master/data/filtered_6class/val/Metal/metal363.jpg,,trashnet-master/trashnet-master/data/dataset-resized/metal/metal363.jpg,,,,,,,,
trashnet_val_metal328.jpg,TrashNet,image_classification,val,Metal,metal,trashnet-master/trashnet-master/data/filtered_6class/val/Metal/metal328.jpg,,trashnet-master/trashnet-master/data/dataset-resized/metal/metal328.jpg,,,,,,,,
trashnet_val_metal59.jpg,TrashNet,image_classification,val,Metal,metal,trashnet-master/trashnet-master/data/filtered_6class/val/Metal/metal59.jpg,,trashnet-master/trashnet-master/data/dataset-resized/metal/metal59.jpg,,,,,,,,
trashnet_val_metal398.jpg,TrashNet,image_classification,val,Metal,metal,trashnet-master/trashnet-master/data/filtered_6class/val/Metal/metal398.jpg,,trashnet-master/trashnet-master/data/dataset-resized/metal/metal398.jpg,,,,,,,,
trashnet_val_metal277.jpg,TrashNet,image_classification,val,Metal,metal,trashnet-master/trashnet-master/data/filtered_6class/val/Metal/metal277.jpg,,trashnet-master/trashnet-master/data/dataset-resized/metal/metal277.jpg,,,,,,,,
trashnet_val_metal301.jpg,TrashNet,image_classification,val,Metal,metal,trashnet-master/trashnet-master/data/filtered_6class/val/Metal/metal301.jpg,,trashnet-master/trashnet-master/data/dataset-resized/metal/metal301.jpg,,,,,,,,
trashnet_val_metal283.jpg,TrashNet,image_classification,val,Metal,metal,trashnet-master/trashnet-master/data/filtered_6class/val/Metal/metal283.jpg,,trashnet-master/trashnet-master/data/dataset-resized/metal/metal283.jpg,,,,,,,,
trashnet_val_metal30.jpg,TrashNet,image_classification,val,Metal,metal,trashnet-master/trashnet-master/data/filtered_6class/val/Metal/metal30.jpg,,trashnet-master/trashnet-master/data/dataset-resized/metal/metal30.jpg,,,,,,,,
trashnet_val_metal269.jpg,TrashNet,image_classification,val,Metal,metal,trashnet-master/trashnet-master/data/filtered_6class/val/Metal/metal269.jpg,,trashnet-master/trashnet-master/data/dataset-resized/metal/metal269.jpg,,,,,,,,
trashnet_val_metal156.jpg,TrashNet,image_classification,val,Metal,metal,trashnet-master/trashnet-master/data/filtered_6class/val/Metal/metal156.jpg,,trashnet-master/trashnet-master/data/dataset-resized/metal/metal156.jpg,,,,,,,,
trashnet_val_metal224.jpg,TrashNet,image_classification,val,Metal,metal,trashnet-master/trashnet-master/data/filtered_6class/val/Metal/metal224.jpg,,trashnet-master/trashnet-master/data/dataset-resized/metal/metal224.jpg,,,,,,,,
trashnet_val_metal251.jpg,TrashNet,image_classification,val,Metal,metal,trashnet-master/trashnet-master/data/filtered_6class/val/Metal/metal251.jpg,,trashnet-master/trashnet-master/data/dataset-resized/metal/metal251.jpg,,,,,,,,
trashnet_val_metal82.jpg,TrashNet,image_classification,val,Metal,metal,trashnet-master/trashnet-master/data/filtered_6class/val/Metal/metal82.jpg,,trashnet-master/trashnet-master/data/dataset-resized/metal/metal82.jpg,,,,,,,,
trashnet_val_metal409.jpg,TrashNet,image_classification,val,Metal,metal,trashnet-master/trashnet-master/data/filtered_6class/val/Metal/metal409.jpg,,trashnet-master/trashnet-master/data/dataset-resized/metal/metal409.jpg,,,,,,,,
trashnet_val_metal230.jpg,TrashNet,image_classification,val,Metal,metal,trashnet-master/trashnet-master/data/filtered_6class/val/Metal/metal230.jpg,,trashnet-master/trashnet-master/data/dataset-resized/metal/metal230.jpg,,,,,,,,
trashnet_val_metal187.jpg,TrashNet,image_classification,val,Metal,metal,trashnet-master/trashnet-master/data/filtered_6class/val/Metal/metal187.jpg,,trashnet-master/trashnet-master/data/dataset-resized/metal/metal187.jpg,,,,,,,,
trashnet_val_metal404.jpg,TrashNet,image_classification,val,Metal,metal,trashnet-master/trashnet-master/data/filtered_6class/val/Metal/metal404.jpg,,trashnet-master/trashnet-master/data/dataset-resized/metal/metal404.jpg,,,,,,,,
trashnet_val_metal410.jpg,TrashNet,image_classification,val,Metal,metal,trashnet-master/trashnet-master/data/filtered_6class/val/Metal/metal410.jpg,,trashnet-master/trashnet-master/data/dataset-resized/metal/metal410.jpg,,,,,,,,
trashnet_val_metal317.jpg,TrashNet,image_classification,val,Metal,metal,trashnet-master/trashnet-master/data/filtered_6class/val/Metal/metal317.jpg,,trashnet-master/trashnet-master/data/dataset-resized/metal/metal317.jpg,,,,,,,,
trashnet_val_metal51.jpg,TrashNet,image_classification,val,Metal,metal,trashnet-master/trashnet-master/data/filtered_6class/val/Metal/metal51.jpg,,trashnet-master/trashnet-master/data/dataset-resized/metal/metal51.jpg,,,,,,,,
trashnet_val_metal282.jpg,TrashNet,image_classification,val,Metal,metal,trashnet-master/trashnet-master/data/filtered_6class/val/Metal/metal282.jpg,,trashnet-master/trashnet-master/data/dataset-resized/metal/metal282.jpg,,,,,,,,
trashnet_val_metal70.jpg,TrashNet,image_classification,val,Metal,metal,trashnet-master/trashnet-master/data/filtered_6class/val/Metal/metal70.jpg,,trashnet-master/trashnet-master/data/dataset-resized/metal/metal70.jpg,,,,,,,,
trashnet_val_metal241.jpg,TrashNet,image_classification,val,Metal,metal,trashnet-master/trashnet-master/data/filtered_6class/val/Metal/metal241.jpg,,trashnet-master/trashnet-master/data/dataset-resized/metal/metal241.jpg,,,,,,,,
trashnet_val_metal244.jpg,TrashNet,image_classification,val,Metal,metal,trashnet-master/trashnet-master/data/filtered_6class/val/Metal/metal244.jpg,,trashnet-master/trashnet-master/data/dataset-resized/metal/metal244.jpg,,,,,,,,
trashnet_val_metal118.jpg,TrashNet,image_classification,val,Metal,metal,trashnet-master/trashnet-master/data/filtered_6class/val/Metal/metal118.jpg,,trashnet-master/trashnet-master/data/dataset-resized/metal/metal118.jpg,,,,,,,,
trashnet_val_metal191.jpg,TrashNet,image_classification,val,Metal,metal,trashnet-master/trashnet-master/data/filtered_6class/val/Metal/metal191.jpg,,trashnet-master/trashnet-master/data/dataset-resized/metal/metal191.jpg,,,,,,,,
trashnet_val_metal40.jpg,TrashNet,image_classification,val,Metal,metal,trashnet-master/trashnet-master/data/filtered_6class/val/Metal/metal40.jpg,,trashnet-master/trashnet-master/data/dataset-resized/metal/metal40.jpg,,,,,,,,
trashnet_val_metal192.jpg,TrashNet,image_classification,val,Metal,metal,trashnet-master/trashnet-master/data/filtered_6class/val/Metal/metal192.jpg,,trashnet-master/trashnet-master/data/dataset-resized/metal/metal192.jpg,,,,,,,,
trashnet_val_metal234.jpg,TrashNet,image_classification,val,Metal,metal,trashnet-master/trashnet-master/data/filtered_6class/val/Metal/metal234.jpg,,trashnet-master/trashnet-master/data/dataset-resized/metal/metal234.jpg,,,,,,,,
trashnet_val_metal115.jpg,TrashNet,image_classification,val,Metal,metal,trashnet-master/trashnet-master/data/filtered_6class/val/Metal/metal115.jpg,,trashnet-master/trashnet-master/data/dataset-resized/metal/metal115.jpg,,,,,,,,
trashnet_val_metal78.jpg,TrashNet,image_classification,val,Metal,metal,trashnet-master/trashnet-master/data/filtered_6class/val/Metal/metal78.jpg,,trashnet-master/trashnet-master/data/dataset-resized/metal/metal78.jpg,,,,,,,,
trashnet_val_metal77.jpg,TrashNet,image_classification,val,Metal,metal,trashnet-master/trashnet-master/data/filtered_6class/val/Metal/metal77.jpg,,trashnet-master/trashnet-master/data/dataset-resized/metal/metal77.jpg,,,,,,,,
trashnet_val_metal161.jpg,TrashNet,image_classification,val,Metal,metal,trashnet-master/trashnet-master/data/filtered_6class/val/Metal/metal161.jpg,,trashnet-master/trashnet-master/data/dataset-resized/metal/metal161.jpg,,,,,,,,
trashnet_val_metal183.jpg,TrashNet,image_classification,val,Metal,metal,trashnet-master/trashnet-master/data/filtered_6class/val/Metal/metal183.jpg,,trashnet-master/trashnet-master/data/dataset-resized/metal/metal183.jpg,,,,,,,,
trashnet_val_metal71.jpg,TrashNet,image_classification,val,Metal,metal,trashnet-master/trashnet-master/data/filtered_6class/val/Metal/metal71.jpg,,trashnet-master/trashnet-master/data/dataset-resized/metal/metal71.jpg,,,,,,,,
trashnet_val_metal32.jpg,TrashNet,image_classification,val,Metal,metal,trashnet-master/trashnet-master/data/filtered_6class/val/Metal/metal32.jpg,,trashnet-master/trashnet-master/data/dataset-resized/metal/metal32.jpg,,,,,,,,
trashnet_val_metal312.jpg,TrashNet,image_classification,val,Metal,metal,trashnet-master/trashnet-master/data/filtered_6class/val/Metal/metal312.jpg,,trashnet-master/trashnet-master/data/dataset-resized/metal/metal312.jpg,,,,,,,,
trashnet_val_metal18.jpg,TrashNet,image_classification,val,Metal,metal,trashnet-master/trashnet-master/data/filtered_6class/val/Metal/metal18.jpg,,trashnet-master/trashnet-master/data/dataset-resized/metal/metal18.jpg,,,,,,,,
trashnet_val_metal396.jpg,TrashNet,image_classification,val,Metal,metal,trashnet-master/trashnet-master/data/filtered_6class/val/Metal/metal396.jpg,,trashnet-master/trashnet-master/data/dataset-resized/metal/metal396.jpg,,,,,,,,
trashnet_val_metal255.jpg,TrashNet,image_classification,val,Metal,metal,trashnet-master/trashnet-master/data/filtered_6class/val/Metal/metal255.jpg,,trashnet-master/trashnet-master/data/dataset-resized/metal/metal255.jpg,,,,,,,,
trashnet_val_metal350.jpg,TrashNet,image_classification,val,Metal,metal,trashnet-master/trashnet-master/data/filtered_6class/val/Metal/metal350.jpg,,trashnet-master/trashnet-master/data/dataset-resized/metal/metal350.jpg,,,,,,,,
trashnet_val_metal62.jpg,TrashNet,image_classification,val,Metal,metal,trashnet-master/trashnet-master/data/filtered_6class/val/Metal/metal62.jpg,,trashnet-master/trashnet-master/data/dataset-resized/metal/metal62.jpg,,,,,,,,
trashnet_val_metal45.jpg,TrashNet,image_classification,val,Metal,metal,trashnet-master/trashnet-master/data/filtered_6class/val/Metal/metal45.jpg,,trashnet-master/trashnet-master/data/dataset-resized/metal/metal45.jpg,,,,,,,,
trashnet_val_metal160.jpg,TrashNet,image_classification,val,Metal,metal,trashnet-master/trashnet-master/data/filtered_6class/val/Metal/metal160.jpg,,trashnet-master/trashnet-master/data/dataset-resized/metal/metal160.jpg,,,,,,,,
trashnet_val_metal252.jpg,TrashNet,image_classification,val,Metal,metal,trashnet-master/trashnet-master/data/filtered_6class/val/Metal/metal252.jpg,,trashnet-master/trashnet-master/data/dataset-resized/metal/metal252.jpg,,,,,,,,
trashnet_val_metal367.jpg,TrashNet,image_classification,val,Metal,metal,trashnet-master/trashnet-master/data/filtered_6class/val/Metal/metal367.jpg,,trashnet-master/trashnet-master/data/dataset-resized/metal/metal367.jpg,,,,,,,,
trashnet_val_metal147.jpg,TrashNet,image_classification,val,Metal,metal,trashnet-master/trashnet-master/data/filtered_6class/val/Metal/metal147.jpg,,trashnet-master/trashnet-master/data/dataset-resized/metal/metal147.jpg,,,,,,,,
trashnet_val_metal389.jpg,TrashNet,image_classification,val,Metal,metal,trashnet-master/trashnet-master/data/filtered_6class/val/Metal/metal389.jpg,,trashnet-master/trashnet-master/data/dataset-resized/metal/metal389.jpg,,,,,,,,
trashnet_val_metal401.jpg,TrashNet,image_classification,val,Metal,metal,trashnet-master/trashnet-master/data/filtered_6class/val/Metal/metal401.jpg,,trashnet-master/trashnet-master/data/dataset-resized/metal/metal401.jpg,,,,,,,,
trashnet_val_metal61.jpg,TrashNet,image_classification,val,Metal,metal,trashnet-master/trashnet-master/data/filtered_6class/val/Metal/metal61.jpg,,trashnet-master/trashnet-master/data/dataset-resized/metal/metal61.jpg,,,,,,,,
trashnet_val_metal258.jpg,TrashNet,image_classification,val,Metal,metal,trashnet-master/trashnet-master/data/filtered_6class/val/Metal/metal258.jpg,,trashnet-master/trashnet-master/data/dataset-resized/metal/metal258.jpg,,,,,,,,
trashnet_val_metal53.jpg,TrashNet,image_classification,val,Metal,metal,trashnet-master/trashnet-master/data/filtered_6class/val/Metal/metal53.jpg,,trashnet-master/trashnet-master/data/dataset-resized/metal/metal53.jpg,,,,,,,,
trashnet_val_metal263.jpg,TrashNet,image_classification,val,Metal,metal,trashnet-master/trashnet-master/data/filtered_6class/val/Metal/metal263.jpg,,trashnet-master/trashnet-master/data/dataset-resized/metal/metal263.jpg,,,,,,,,
trashnet_val_metal72.jpg,TrashNet,image_classification,val,Metal,metal,trashnet-master/trashnet-master/data/filtered_6class/val/Metal/metal72.jpg,,trashnet-master/trashnet-master/data/dataset-resized/metal/metal72.jpg,,,,,,,,
trashnet_val_metal215.jpg,TrashNet,image_classification,val,Metal,metal,trashnet-master/trashnet-master/data/filtered_6class/val/Metal/metal215.jpg,,trashnet-master/trashnet-master/data/dataset-resized/metal/metal215.jpg,,,,,,,,
trashnet_val_metal271.jpg,TrashNet,image_classification,val,Metal,metal,trashnet-master/trashnet-master/data/filtered_6class/val/Metal/metal271.jpg,,trashnet-master/trashnet-master/data/dataset-resized/metal/metal271.jpg,,,,,,,,
trashnet_val_trash65.jpg,TrashNet,image_classification,val,Other,trash,trashnet-master/trashnet-master/data/filtered_6class/val/Other/trash65.jpg,,trashnet-master/trashnet-master/data/dataset-resized/trash/trash65.jpg,,,,,,,,
trashnet_val_trash20.jpg,TrashNet,image_classification,val,Other,trash,trashnet-master/trashnet-master/data/filtered_6class/val/Other/trash20.jpg,,trashnet-master/trashnet-master/data/dataset-resized/trash/trash20.jpg,,,,,,,,
trashnet_val_trash117.jpg,TrashNet,image_classification,val,Other,trash,trashnet-master/trashnet-master/data/filtered_6class/val/Other/trash117.jpg,,trashnet-master/trashnet-master/data/dataset-resized/trash/trash117.jpg,,,,,,,,
trashnet_val_trash135.jpg,TrashNet,image_classification,val,Other,trash,trashnet-master/trashnet-master/data/filtered_6class/val/Other/trash135.jpg,,trashnet-master/trashnet-master/data/dataset-resized/trash/trash135.jpg,,,,,,,,
trashnet_val_trash46.jpg,TrashNet,image_classification,val,Other,trash,trashnet-master/trashnet-master/data/filtered_6class/val/Other/trash46.jpg,,trashnet-master/trashnet-master/data/dataset-resized/trash/trash46.jpg,,,,,,,,
trashnet_val_trash136.jpg,TrashNet,image_classification,val,Other,trash,trashnet-master/trashnet-master/data/filtered_6class/val/Other/trash136.jpg,,trashnet-master/trashnet-master/data/dataset-resized/trash/trash136.jpg,,,,,,,,
trashnet_val_trash76.jpg,TrashNet,image_classification,val,Other,trash,trashnet-master/trashnet-master/data/filtered_6class/val/Other/trash76.jpg,,trashnet-master/trashnet-master/data/dataset-resized/trash/trash76.jpg,,,,,,,,
trashnet_val_trash81.jpg,TrashNet,image_classification,val,Other,trash,trashnet-master/trashnet-master/data/filtered_6class/val/Other/trash81.jpg,,trashnet-master/trashnet-master/data/dataset-resized/trash/trash81.jpg,,,,,,,,
trashnet_val_trash82.jpg,TrashNet,image_classification,val,Other,trash,trashnet-master/trashnet-master/data/filtered_6class/val/Other/trash82.jpg,,trashnet-master/trashnet-master/data/dataset-resized/trash/trash82.jpg,,,,,,,,
trashnet_val_trash116.jpg,TrashNet,image_classification,val,Other,trash,trashnet-master/trashnet-master/data/filtered_6class/val/Other/trash116.jpg,,trashnet-master/trashnet-master/data/dataset-resized/trash/trash116.jpg,,,,,,,,
trashnet_val_trash28.jpg,TrashNet,image_classification,val,Other,trash,trashnet-master/trashnet-master/data/filtered_6class/val/Other/trash28.jpg,,trashnet-master/trashnet-master/data/dataset-resized/trash/trash28.jpg,,,,,,,,
trashnet_val_trash35.jpg,TrashNet,image_classification,val,Other,trash,trashnet-master/trashnet-master/data/filtered_6class/val/Other/trash35.jpg,,trashnet-master/trashnet-master/data/dataset-resized/trash/trash35.jpg,,,,,,,,
trashnet_val_trash3.jpg,TrashNet,image_classification,val,Other,trash,trashnet-master/trashnet-master/data/filtered_6class/val/Other/trash3.jpg,,trashnet-master/trashnet-master/data/dataset-resized/trash/trash3.jpg,,,,,,,,
trashnet_val_trash68.jpg,TrashNet,image_classification,val,Other,trash,trashnet-master/trashnet-master/data/filtered_6class/val/Other/trash68.jpg,,trashnet-master/trashnet-master/data/dataset-resized/trash/trash68.jpg,,,,,,,,
trashnet_val_trash137.jpg,TrashNet,image_classification,val,Other,trash,trashnet-master/trashnet-master/data/filtered_6class/val/Other/trash137.jpg,,trashnet-master/trashnet-master/data/dataset-resized/trash/trash137.jpg,,,,,,,,
trashnet_val_trash58.jpg,TrashNet,image_classification,val,Other,trash,trashnet-master/trashnet-master/data/filtered_6class/val/Other/trash58.jpg,,trashnet-master/trashnet-master/data/dataset-resized/trash/trash58.jpg,,,,,,,,
trashnet_val_trash114.jpg,TrashNet,image_classification,val,Other,trash,trashnet-master/trashnet-master/data/filtered_6class/val/Other/trash114.jpg,,trashnet-master/trashnet-master/data/dataset-resized/trash/trash114.jpg,,,,,,,,
trashnet_val_trash102.jpg,TrashNet,image_classification,val,Other,trash,trashnet-master/trashnet-master/data/filtered_6class/val/Other/trash102.jpg,,trashnet-master/trashnet-master/data/dataset-resized/trash/trash102.jpg,,,,,,,,
trashnet_val_trash79.jpg,TrashNet,image_classification,val,Other,trash,trashnet-master/trashnet-master/data/filtered_6class/val/Other/trash79.jpg,,trashnet-master/trashnet-master/data/dataset-resized/trash/trash79.jpg,,,,,,,,
trashnet_val_trash103.jpg,TrashNet,image_classification,val,Other,trash,trashnet-master/trashnet-master/data/filtered_6class/val/Other/trash103.jpg,,trashnet-master/trashnet-master/data/dataset-resized/trash/trash103.jpg,,,,,,,,
trashnet_test_plastic423.jpg,TrashNet,image_classification,test,Plastic,plastic,trashnet-master/trashnet-master/data/filtered_6class/test/Plastic/plastic423.jpg,,trashnet-master/trashnet-master/data/dataset-resized/plastic/plastic423.jpg,,,,,,,,
trashnet_test_plastic188.jpg,TrashNet,image_classification,test,Plastic,plastic,trashnet-master/trashnet-master/data/filtered_6class/test/Plastic/plastic188.jpg,,trashnet-master/trashnet-master/data/dataset-resized/plastic/plastic188.jpg,,,,,,,,
trashnet_test_plastic365.jpg,TrashNet,image_classification,test,Plastic,plastic,trashnet-master/trashnet-master/data/filtered_6class/test/Plastic/plastic365.jpg,,trashnet-master/trashnet-master/data/dataset-resized/plastic/plastic365.jpg,,,,,,,,
trashnet_test_plastic266.jpg,TrashNet,image_classification,test,Plastic,plastic,trashnet-master/trashnet-master/data/filtered_6class/test/Plastic/plastic266.jpg,,trashnet-master/trashnet-master/data/dataset-resized/plastic/plastic266.jpg,,,,,,,,
trashnet_test_plastic384.jpg,TrashNet,image_classification,test,Plastic,plastic,trashnet-master/trashnet-master/data/filtered_6class/test/Plastic/plastic384.jpg,,trashnet-master/trashnet-master/data/dataset-resized/plastic/plastic384.jpg,,,,,,,,
trashnet_test_plastic389.jpg,TrashNet,image_classification,test,Plastic,plastic,trashnet-master/trashnet-master/data/filtered_6class/test/Plastic/plastic389.jpg,,trashnet-master/trashnet-master/data/dataset-resized/plastic/plastic389.jpg,,,,,,,,
trashnet_test_plastic234.jpg,TrashNet,image_classification,test,Plastic,plastic,trashnet-master/trashnet-master/data/filtered_6class/test/Plastic/plastic234.jpg,,trashnet-master/trashnet-master/data/dataset-resized/plastic/plastic234.jpg,,,,,,,,
trashnet_test_plastic353.jpg,TrashNet,image_classification,test,Plastic,plastic,trashnet-master/trashnet-master/data/filtered_6class/test/Plastic/plastic353.jpg,,trashnet-master/trashnet-master/data/dataset-resized/plastic/plastic353.jpg,,,,,,,,
trashnet_test_plastic135.jpg,TrashNet,image_classification,test,Plastic,plastic,trashnet-master/trashnet-master/data/filtered_6class/test/Plastic/plastic135.jpg,,trashnet-master/trashnet-master/data/dataset-resized/plastic/plastic135.jpg,,,,,,,,
trashnet_test_plastic273.jpg,TrashNet,image_classification,test,Plastic,plastic,trashnet-master/trashnet-master/data/filtered_6class/test/Plastic/plastic273.jpg,,trashnet-master/trashnet-master/data/dataset-resized/plastic/plastic273.jpg,,,,,,,,
trashnet_test_plastic156.jpg,TrashNet,image_classification,test,Plastic,plastic,trashnet-master/trashnet-master/data/filtered_6class/test/Plastic/plastic156.jpg,,trashnet-master/trashnet-master/data/dataset-resized/plastic/plastic156.jpg,,,,,,,,
trashnet_test_plastic346.jpg,TrashNet,image_classification,test,Plastic,plastic,trashnet-master/trashnet-master/data/filtered_6class/test/Plastic/plastic346.jpg,,trashnet-master/trashnet-master/data/dataset-resized/plastic/plastic346.jpg,,,,,,,,
trashnet_test_plastic310.jpg,TrashNet,image_classification,test,Plastic,plastic,trashnet-master/trashnet-master/data/filtered_6class/test/Plastic/plastic310.jpg,,trashnet-master/trashnet-master/data/dataset-resized/plastic/plastic310.jpg,,,,,,,,
trashnet_test_plastic435.jpg,TrashNet,image_classification,test,Plastic,plastic,trashnet-master/trashnet-master/data/filtered_6class/test/Plastic/plastic435.jpg,,trashnet-master/trashnet-master/data/dataset-resized/plastic/plastic435.jpg,,,,,,,,
trashnet_test_plastic119.jpg,TrashNet,image_classification,test,Plastic,plastic,trashnet-master/trashnet-master/data/filtered_6class/test/Plastic/plastic119.jpg,,trashnet-master/trashnet-master/data/dataset-resized/plastic/plastic119.jpg,,,,,,,,
trashnet_test_plastic471.jpg,TrashNet,image_classification,test,Plastic,plastic,trashnet-master/trashnet-master/data/filtered_6class/test/Plastic/plastic471.jpg,,trashnet-master/trashnet-master/data/dataset-resized/plastic/plastic471.jpg,,,,,,,,
trashnet_test_plastic220.jpg,TrashNet,image_classification,test,Plastic,plastic,trashnet-master/trashnet-master/data/filtered_6class/test/Plastic/plastic220.jpg,,trashnet-master/trashnet-master/data/dataset-resized/plastic/plastic220.jpg,,,,,,,,
trashnet_test_plastic378.jpg,TrashNet,image_classification,test,Plastic,plastic,trashnet-master/trashnet-master/data/filtered_6class/test/Plastic/plastic378.jpg,,trashnet-master/trashnet-master/data/dataset-resized/plastic/plastic378.jpg,,,,,,,,
trashnet_test_plastic258.jpg,TrashNet,image_classification,test,Plastic,plastic,trashnet-master/trashnet-master/data/filtered_6class/test/Plastic/plastic258.jpg,,trashnet-master/trashnet-master/data/dataset-resized/plastic/plastic258.jpg,,,,,,,,
trashnet_test_plastic264.jpg,TrashNet,image_classification,test,Plastic,plastic,trashnet-master/trashnet-master/data/filtered_6class/test/Plastic/plastic264.jpg,,trashnet-master/trashnet-master/data/dataset-resized/plastic/plastic264.jpg,,,,,,,,
trashnet_test_plastic143.jpg,TrashNet,image_classification,test,Plastic,plastic,trashnet-master/trashnet-master/data/filtered_6class/test/Plastic/plastic143.jpg,,trashnet-master/trashnet-master/data/dataset-resized/plastic/plastic143.jpg,,,,,,,,
trashnet_test_plastic274.jpg,TrashNet,image_classification,test,Plastic,plastic,trashnet-master/trashnet-master/data/filtered_6class/test/Plastic/plastic274.jpg,,trashnet-master/trashnet-master/data/dataset-resized/plastic/plastic274.jpg,,,,,,,,
trashnet_test_plastic81.jpg,TrashNet,image_classification,test,Plastic,plastic,trashnet-master/trashnet-master/data/filtered_6class/test/Plastic/plastic81.jpg,,trashnet-master/trashnet-master/data/dataset-resized/plastic/plastic81.jpg,,,,,,,,
trashnet_test_plastic90.jpg,TrashNet,image_classification,test,Plastic,plastic,trashnet-master/trashnet-master/data/filtered_6class/test/Plastic/plastic90.jpg,,trashnet-master/trashnet-master/data/dataset-resized/plastic/plastic90.jpg,,,,,,,,
trashnet_test_plastic254.jpg,TrashNet,image_classification,test,Plastic,plastic,trashnet-master/trashnet-master/data/filtered_6class/test/Plastic/plastic254.jpg,,trashnet-master/trashnet-master/data/dataset-resized/plastic/plastic254.jpg,,,,,,,,
trashnet_test_plastic450.jpg,TrashNet,image_classification,test,Plastic,plastic,trashnet-master/trashnet-master/data/filtered_6class/test/Plastic/plastic450.jpg,,trashnet-master/trashnet-master/data/dataset-resized/plastic/plastic450.jpg,,,,,,,,
trashnet_test_plastic199.jpg,TrashNet,image_classification,test,Plastic,plastic,trashnet-master/trashnet-master/data/filtered_6class/test/Plastic/plastic199.jpg,,trashnet-master/trashnet-master/data/dataset-resized/plastic/plastic199.jpg,,,,,,,,
trashnet_test_plastic170.jpg,TrashNet,image_classification,test,Plastic,plastic,trashnet-master/trashnet-master/data/filtered_6class/test/Plastic/plastic170.jpg,,trashnet-master/trashnet-master/data/dataset-resized/plastic/plastic170.jpg,,,,,,,,
trashnet_test_plastic67.jpg,TrashNet,image_classification,test,Plastic,plastic,trashnet-master/trashnet-master/data/filtered_6class/test/Plastic/plastic67.jpg,,trashnet-master/trashnet-master/data/dataset-resized/plastic/plastic67.jpg,,,,,,,,
trashnet_test_plastic256.jpg,TrashNet,image_classification,test,Plastic,plastic,trashnet-master/trashnet-master/data/filtered_6class/test/Plastic/plastic256.jpg,,trashnet-master/trashnet-master/data/dataset-resized/plastic/plastic256.jpg,,,,,,,,
trashnet_test_plastic84.jpg,TrashNet,image_classification,test,Plastic,plastic,trashnet-master/trashnet-master/data/filtered_6class/test/Plastic/plastic84.jpg,,trashnet-master/trashnet-master/data/dataset-resized/plastic/plastic84.jpg,,,,,,,,
trashnet_test_plastic420.jpg,TrashNet,image_classification,test,Plastic,plastic,trashnet-master/trashnet-master/data/filtered_6class/test/Plastic/plastic420.jpg,,trashnet-master/trashnet-master/data/dataset-resized/plastic/plastic420.jpg,,,,,,,,
trashnet_test_plastic172.jpg,TrashNet,image_classification,test,Plastic,plastic,trashnet-master/trashnet-master/data/filtered_6class/test/Plastic/plastic172.jpg,,trashnet-master/trashnet-master/data/dataset-resized/plastic/plastic172.jpg,,,,,,,,
trashnet_test_plastic470.jpg,TrashNet,image_classification,test,Plastic,plastic,trashnet-master/trashnet-master/data/filtered_6class/test/Plastic/plastic470.jpg,,trashnet-master/trashnet-master/data/dataset-resized/plastic/plastic470.jpg,,,,,,,,
trashnet_test_plastic449.jpg,TrashNet,image_classification,test,Plastic,plastic,trashnet-master/trashnet-master/data/filtered_6class/test/Plastic/plastic449.jpg,,trashnet-master/trashnet-master/data/dataset-resized/plastic/plastic449.jpg,,,,,,,,
trashnet_test_plastic101.jpg,TrashNet,image_classification,test,Plastic,plastic,trashnet-master/trashnet-master/data/filtered_6class/test/Plastic/plastic101.jpg,,trashnet-master/trashnet-master/data/dataset-resized/plastic/plastic101.jpg,,,,,,,,
trashnet_test_plastic472.jpg,TrashNet,image_classification,test,Plastic,plastic,trashnet-master/trashnet-master/data/filtered_6class/test/Plastic/plastic472.jpg,,trashnet-master/trashnet-master/data/dataset-resized/plastic/plastic472.jpg,,,,,,,,
trashnet_test_plastic227.jpg,TrashNet,image_classification,test,Plastic,plastic,trashnet-master/trashnet-master/data/filtered_6class/test/Plastic/plastic227.jpg,,trashnet-master/trashnet-master/data/dataset-resized/plastic/plastic227.jpg,,,,,,,,
trashnet_test_plastic370.jpg,TrashNet,image_classification,test,Plastic,plastic,trashnet-master/trashnet-master/data/filtered_6class/test/Plastic/plastic370.jpg,,trashnet-master/trashnet-master/data/dataset-resized/plastic/plastic370.jpg,,,,,,,,
trashnet_test_plastic305.jpg,TrashNet,image_classification,test,Plastic,plastic,trashnet-master/trashnet-master/data/filtered_6class/test/Plastic/plastic305.jpg,,trashnet-master/trashnet-master/data/dataset-resized/plastic/plastic305.jpg,,,,,,,,
trashnet_test_plastic20.jpg,TrashNet,image_classification,test,Plastic,plastic,trashnet-master/trashnet-master/data/filtered_6class/test/Plastic/plastic20.jpg,,trashnet-master/trashnet-master/data/dataset-resized/plastic/plastic20.jpg,,,,,,,,
trashnet_test_plastic292.jpg,TrashNet,image_classification,test,Plastic,plastic,trashnet-master/trashnet-master/data/filtered_6class/test/Plastic/plastic292.jpg,,trashnet-master/trashnet-master/data/dataset-resized/plastic/plastic292.jpg,,,,,,,,
trashnet_test_plastic87.jpg,TrashNet,image_classification,test,Plastic,plastic,trashnet-master/trashnet-master/data/filtered_6class/test/Plastic/plastic87.jpg,,trashnet-master/trashnet-master/data/dataset-resized/plastic/plastic87.jpg,,,,,,,,
trashnet_test_plastic422.jpg,TrashNet,image_classification,test,Plastic,plastic,trashnet-master/trashnet-master/data/filtered_6class/test/Plastic/plastic422.jpg,,trashnet-master/trashnet-master/data/dataset-resized/plastic/plastic422.jpg,,,,,,,,
trashnet_test_plastic399.jpg,TrashNet,image_classification,test,Plastic,plastic,trashnet-master/trashnet-master/data/filtered_6class/test/Plastic/plastic399.jpg,,trashnet-master/trashnet-master/data/dataset-resized/plastic/plastic399.jpg,,,,,,,,
trashnet_test_plastic429.jpg,TrashNet,image_classification,test,Plastic,plastic,trashnet-master/trashnet-master/data/filtered_6class/test/Plastic/plastic429.jpg,,trashnet-master/trashnet-master/data/dataset-resized/plastic/plastic429.jpg,,,,,,,,
trashnet_test_plastic190.jpg,TrashNet,image_classification,test,Plastic,plastic,trashnet-master/trashnet-master/data/filtered_6class/test/Plastic/plastic190.jpg,,trashnet-master/trashnet-master/data/dataset-resized/plastic/plastic190.jpg,,,,,,,,
trashnet_test_plastic358.jpg,TrashNet,image_classification,test,Plastic,plastic,trashnet-master/trashnet-master/data/filtered_6class/test/Plastic/plastic358.jpg,,trashnet-master/trashnet-master/data/dataset-resized/plastic/plastic358.jpg,,,,,,,,
trashnet_test_plastic110.jpg,TrashNet,image_classification,test,Plastic,plastic,trashnet-master/trashnet-master/data/filtered_6class/test/Plastic/plastic110.jpg,,trashnet-master/trashnet-master/data/dataset-resized/plastic/plastic110.jpg,,,,,,,,
trashnet_test_plastic377.jpg,TrashNet,image_classification,test,Plastic,plastic,trashnet-master/trashnet-master/data/filtered_6class/test/Plastic/plastic377.jpg,,trashnet-master/trashnet-master/data/dataset-resized/plastic/plastic377.jpg,,,,,,,,
trashnet_test_plastic331.jpg,TrashNet,image_classification,test,Plastic,plastic,trashnet-master/trashnet-master/data/filtered_6class/test/Plastic/plastic331.jpg,,trashnet-master/trashnet-master/data/dataset-resized/plastic/plastic331.jpg,,,,,,,,
trashnet_test_plastic206.jpg,TrashNet,image_classification,test,Plastic,plastic,trashnet-master/trashnet-master/data/filtered_6class/test/Plastic/plastic206.jpg,,trashnet-master/trashnet-master/data/dataset-resized/plastic/plastic206.jpg,,,,,,,,
trashnet_test_plastic2.jpg,TrashNet,image_classification,test,Plastic,plastic,trashnet-master/trashnet-master/data/filtered_6class/test/Plastic/plastic2.jpg,,trashnet-master/trashnet-master/data/dataset-resized/plastic/plastic2.jpg,,,,,,,,
trashnet_test_plastic141.jpg,TrashNet,image_classification,test,Plastic,plastic,trashnet-master/trashnet-master/data/filtered_6class/test/Plastic/plastic141.jpg,,trashnet-master/trashnet-master/data/dataset-resized/plastic/plastic141.jpg,,,,,,,,
trashnet_test_plastic112.jpg,TrashNet,image_classification,test,Plastic,plastic,trashnet-master/trashnet-master/data/filtered_6class/test/Plastic/plastic112.jpg,,trashnet-master/trashnet-master/data/dataset-resized/plastic/plastic112.jpg,,,,,,,,
trashnet_test_plastic113.jpg,TrashNet,image_classification,test,Plastic,plastic,trashnet-master/trashnet-master/data/filtered_6class/test/Plastic/plastic113.jpg,,trashnet-master/trashnet-master/data/dataset-resized/plastic/plastic113.jpg,,,,,,,,
trashnet_test_plastic294.jpg,TrashNet,image_classification,test,Plastic,plastic,trashnet-master/trashnet-master/data/filtered_6class/test/Plastic/plastic294.jpg,,trashnet-master/trashnet-master/data/dataset-resized/plastic/plastic294.jpg,,,,,,,,
trashnet_test_plastic371.jpg,TrashNet,image_classification,test,Plastic,plastic,trashnet-master/trashnet-master/data/filtered_6class/test/Plastic/plastic371.jpg,,trashnet-master/trashnet-master/data/dataset-resized/plastic/plastic371.jpg,,,,,,,,
trashnet_test_plastic139.jpg,TrashNet,image_classification,test,Plastic,plastic,trashnet-master/trashnet-master/data/filtered_6class/test/Plastic/plastic139.jpg,,trashnet-master/trashnet-master/data/dataset-resized/plastic/plastic139.jpg,,,,,,,,
trashnet_test_plastic350.jpg,TrashNet,image_classification,test,Plastic,plastic,trashnet-master/trashnet-master/data/filtered_6class/test/Plastic/plastic350.jpg,,trashnet-master/trashnet-master/data/dataset-resized/plastic/plastic350.jpg,,,,,,,,
trashnet_test_plastic76.jpg,TrashNet,image_classification,test,Plastic,plastic,trashnet-master/trashnet-master/data/filtered_6class/test/Plastic/plastic76.jpg,,trashnet-master/trashnet-master/data/dataset-resized/plastic/plastic76.jpg,,,,,,,,
trashnet_test_plastic96.jpg,TrashNet,image_classification,test,Plastic,plastic,trashnet-master/trashnet-master/data/filtered_6class/test/Plastic/plastic96.jpg,,trashnet-master/trashnet-master/data/dataset-resized/plastic/plastic96.jpg,,,,,,,,
trashnet_test_plastic410.jpg,TrashNet,image_classification,test,Plastic,plastic,trashnet-master/trashnet-master/data/filtered_6class/test/Plastic/plastic410.jpg,,trashnet-master/trashnet-master/data/dataset-resized/plastic/plastic410.jpg,,,,,,,,
trashnet_test_plastic146.jpg,TrashNet,image_classification,test,Plastic,plastic,trashnet-master/trashnet-master/data/filtered_6class/test/Plastic/plastic146.jpg,,trashnet-master/trashnet-master/data/dataset-resized/plastic/plastic146.jpg,,,,,,,,
trashnet_test_plastic439.jpg,TrashNet,image_classification,test,Plastic,plastic,trashnet-master/trashnet-master/data/filtered_6class/test/Plastic/plastic439.jpg,,trashnet-master/trashnet-master/data/dataset-resized/plastic/plastic439.jpg,,,,,,,,
trashnet_test_plastic163.jpg,TrashNet,image_classification,test,Plastic,plastic,trashnet-master/trashnet-master/data/filtered_6class/test/Plastic/plastic163.jpg,,trashnet-master/trashnet-master/data/dataset-resized/plastic/plastic163.jpg,,,,,,,,
trashnet_test_plastic201.jpg,TrashNet,image_classification,test,Plastic,plastic,trashnet-master/trashnet-master/data/filtered_6class/test/Plastic/plastic201.jpg,,trashnet-master/trashnet-master/data/dataset-resized/plastic/plastic201.jpg,,,,,,,,
trashnet_test_plastic211.jpg,TrashNet,image_classification,test,Plastic,plastic,trashnet-master/trashnet-master/data/filtered_6class/test/Plastic/plastic211.jpg,,trashnet-master/trashnet-master/data/dataset-resized/plastic/plastic211.jpg,,,,,,,,
trashnet_test_plastic225.jpg,TrashNet,image_classification,test,Plastic,plastic,trashnet-master/trashnet-master/data/filtered_6class/test/Plastic/plastic225.jpg,,trashnet-master/trashnet-master/data/dataset-resized/plastic/plastic225.jpg,,,,,,,,
trashnet_test_plastic440.jpg,TrashNet,image_classification,test,Plastic,plastic,trashnet-master/trashnet-master/data/filtered_6class/test/Plastic/plastic440.jpg,,trashnet-master/trashnet-master/data/dataset-resized/plastic/plastic440.jpg,,,,,,,,
trashnet_test_plastic11.jpg,TrashNet,image_classification,test,Plastic,plastic,trashnet-master/trashnet-master/data/filtered_6class/test/Plastic/plastic11.jpg,,trashnet-master/trashnet-master/data/dataset-resized/plastic/plastic11.jpg,,,,,,,,
trashnet_test_plastic150.jpg,TrashNet,image_classification,test,Plastic,plastic,trashnet-master/trashnet-master/data/filtered_6class/test/Plastic/plastic150.jpg,,trashnet-master/trashnet-master/data/dataset-resized/plastic/plastic150.jpg,,,,,,,,
trashnet_test_plastic394.jpg,TrashNet,image_classification,test,Plastic,plastic,trashnet-master/trashnet-master/data/filtered_6class/test/Plastic/plastic394.jpg,,trashnet-master/trashnet-master/data/dataset-resized/plastic/plastic394.jpg,,,,,,,,
trashnet_test_glass410.jpg,TrashNet,image_classification,test,Glass,glass,trashnet-master/trashnet-master/data/filtered_6class/test/Glass/glass410.jpg,,trashnet-master/trashnet-master/data/dataset-resized/glass/glass410.jpg,,,,,,,,
trashnet_test_glass274.jpg,TrashNet,image_classification,test,Glass,glass,trashnet-master/trashnet-master/data/filtered_6class/test/Glass/glass274.jpg,,trashnet-master/trashnet-master/data/dataset-resized/glass/glass274.jpg,,,,,,,,
trashnet_test_glass51.jpg,TrashNet,image_classification,test,Glass,glass,trashnet-master/trashnet-master/data/filtered_6class/test/Glass/glass51.jpg,,trashnet-master/trashnet-master/data/dataset-resized/glass/glass51.jpg,,,,,,,,
trashnet_test_glass293.jpg,TrashNet,image_classification,test,Glass,glass,trashnet-master/trashnet-master/data/filtered_6class/test/Glass/glass293.jpg,,trashnet-master/trashnet-master/data/dataset-resized/glass/glass293.jpg,,,,,,,,
trashnet_test_glass188.jpg,TrashNet,image_classification,test,Glass,glass,trashnet-master/trashnet-master/data/filtered_6class/test/Glass/glass188.jpg,,trashnet-master/trashnet-master/data/dataset-resized/glass/glass188.jpg,,,,,,,,
trashnet_test_glass158.jpg,TrashNet,image_classification,test,Glass,glass,trashnet-master/trashnet-master/data/filtered_6class/test/Glass/glass158.jpg,,trashnet-master/trashnet-master/data/dataset-resized/glass/glass158.jpg,,,,,,,,
trashnet_test_glass354.jpg,TrashNet,image_classification,test,Glass,glass,trashnet-master/trashnet-master/data/filtered_6class/test/Glass/glass354.jpg,,trashnet-master/trashnet-master/data/dataset-resized/glass/glass354.jpg,,,,,,,,
trashnet_test_glass235.jpg,TrashNet,image_classification,test,Glass,glass,trashnet-master/trashnet-master/data/filtered_6class/test/Glass/glass235.jpg,,trashnet-master/trashnet-master/data/dataset-resized/glass/glass235.jpg,,,,,,,,
trashnet_test_glass42.jpg,TrashNet,image_classification,test,Glass,glass,trashnet-master/trashnet-master/data/filtered_6class/test/Glass/glass42.jpg,,trashnet-master/trashnet-master/data/dataset-resized/glass/glass42.jpg,,,,,,,,
trashnet_test_glass285.jpg,TrashNet,image_classification,test,Glass,glass,trashnet-master/trashnet-master/data/filtered_6class/test/Glass/glass285.jpg,,trashnet-master/trashnet-master/data/dataset-resized/glass/glass285.jpg,,,,,,,,
trashnet_test_glass25.jpg,TrashNet,image_classification,test,Glass,glass,trashnet-master/trashnet-master/data/filtered_6class/test/Glass/glass25.jpg,,trashnet-master/trashnet-master/data/dataset-resized/glass/glass25.jpg,,,,,,,,
trashnet_test_glass288.jpg,TrashNet,image_classification,test,Glass,glass,trashnet-master/trashnet-master/data/filtered_6class/test/Glass/glass288.jpg,,trashnet-master/trashnet-master/data/dataset-resized/glass/glass288.jpg,,,,,,,,
trashnet_test_glass406.jpg,TrashNet,image_classification,test,Glass,glass,trashnet-master/trashnet-master/data/filtered_6class/test/Glass/glass406.jpg,,trashnet-master/trashnet-master/data/dataset-resized/glass/glass406.jpg,,,,,,,,
trashnet_test_glass241.jpg,TrashNet,image_classification,test,Glass,glass,trashnet-master/trashnet-master/data/filtered_6class/test/Glass/glass241.jpg,,trashnet-master/trashnet-master/data/dataset-resized/glass/glass241.jpg,,,,,,,,
trashnet_test_glass332.jpg,TrashNet,image_classification,test,Glass,glass,trashnet-master/trashnet-master/data/filtered_6class/test/Glass/glass332.jpg,,trashnet-master/trashnet-master/data/dataset-resized/glass/glass332.jpg,,,,,,,,
trashnet_test_glass237.jpg,TrashNet,image_classification,test,Glass,glass,trashnet-master/trashnet-master/data/filtered_6class/test/Glass/glass237.jpg,,trashnet-master/trashnet-master/data/dataset-resized/glass/glass237.jpg,,,,,,,,
trashnet_test_glass59.jpg,TrashNet,image_classification,test,Glass,glass,trashnet-master/trashnet-master/data/filtered_6class/test/Glass/glass59.jpg,,trashnet-master/trashnet-master/data/dataset-resized/glass/glass59.jpg,,,,,,,,
trashnet_test_glass156.jpg,TrashNet,image_classification,test,Glass,glass,trashnet-master/trashnet-master/data/filtered_6class/test/Glass/glass156.jpg,,trashnet-master/trashnet-master/data/dataset-resized/glass/glass156.jpg,,,,,,,,
trashnet_test_glass490.jpg,TrashNet,image_classification,test,Glass,glass,trashnet-master/trashnet-master/data/filtered_6class/test/Glass/glass490.jpg,,trashnet-master/trashnet-master/data/dataset-resized/glass/glass490.jpg,,,,,,,,
trashnet_test_glass404.jpg,TrashNet,image_classification,test,Glass,glass,trashnet-master/trashnet-master/data/filtered_6class/test/Glass/glass404.jpg,,trashnet-master/trashnet-master/data/dataset-resized/glass/glass404.jpg,,,,,,,,
trashnet_test_glass75.jpg,TrashNet,image_classification,test,Glass,glass,trashnet-master/trashnet-master/data/filtered_6class/test/Glass/glass75.jpg,,trashnet-master/trashnet-master/data/dataset-resized/glass/glass75.jpg,,,,,,,,
trashnet_test_glass387.jpg,TrashNet,image_classification,test,Glass,glass,trashnet-master/trashnet-master/data/filtered_6class/test/Glass/glass387.jpg,,trashnet-master/trashnet-master/data/dataset-resized/glass/glass387.jpg,,,,,,,,
trashnet_test_glass9.jpg,TrashNet,image_classification,test,Glass,glass,trashnet-master/trashnet-master/data/filtered_6class/test/Glass/glass9.jpg,,trashnet-master/trashnet-master/data/dataset-resized/glass/glass9.jpg,,,,,,,,
trashnet_test_glass405.jpg,TrashNet,image_classification,test,Glass,glass,trashnet-master/trashnet-master/data/filtered_6class/test/Glass/glass405.jpg,,trashnet-master/trashnet-master/data/dataset-resized/glass/glass405.jpg,,,,,,,,
trashnet_test_glass130.jpg,TrashNet,image_classification,test,Glass,glass,trashnet-master/trashnet-master/data/filtered_6class/test/Glass/glass130.jpg,,trashnet-master/trashnet-master/data/dataset-resized/glass/glass130.jpg,,,,,,,,
trashnet_test_glass298.jpg,TrashNet,image_classification,test,Glass,glass,trashnet-master/trashnet-master/data/filtered_6class/test/Glass/glass298.jpg,,trashnet-master/trashnet-master/data/dataset-resized/glass/glass298.jpg,,,,,,,,
trashnet_test_glass267.jpg,TrashNet,image_classification,test,Glass,glass,trashnet-master/trashnet-master/data/filtered_6class/test/Glass/glass267.jpg,,trashnet-master/trashnet-master/data/dataset-resized/glass/glass267.jpg,,,,,,,,
trashnet_test_glass19.jpg,TrashNet,image_classification,test,Glass,glass,trashnet-master/trashnet-master/data/filtered_6class/test/Glass/glass19.jpg,,trashnet-master/trashnet-master/data/dataset-resized/glass/glass19.jpg,,,,,,,,
trashnet_test_glass408.jpg,TrashNet,image_classification,test,Glass,glass,trashnet-master/trashnet-master/data/filtered_6class/test/Glass/glass408.jpg,,trashnet-master/trashnet-master/data/dataset-resized/glass/glass408.jpg,,,,,,,,
trashnet_test_glass439.jpg,TrashNet,image_classification,test,Glass,glass,trashnet-master/trashnet-master/data/filtered_6class/test/Glass/glass439.jpg,,trashnet-master/trashnet-master/data/dataset-resized/glass/glass439.jpg,,,,,,,,
trashnet_test_glass440.jpg,TrashNet,image_classification,test,Glass,glass,trashnet-master/trashnet-master/data/filtered_6class/test/Glass/glass440.jpg,,trashnet-master/trashnet-master/data/dataset-resized/glass/glass440.jpg,,,,,,,,
trashnet_test_glass430.jpg,TrashNet,image_classification,test,Glass,glass,trashnet-master/trashnet-master/data/filtered_6class/test/Glass/glass430.jpg,,trashnet-master/trashnet-master/data/dataset-resized/glass/glass430.jpg,,,,,,,,
trashnet_test_glass415.jpg,TrashNet,image_classification,test,Glass,glass,trashnet-master/trashnet-master/data/filtered_6class/test/Glass/glass415.jpg,,trashnet-master/trashnet-master/data/dataset-resized/glass/glass415.jpg,,,,,,,,
trashnet_test_glass347.jpg,TrashNet,image_classification,test,Glass,glass,trashnet-master/trashnet-master/data/filtered_6class/test/Glass/glass347.jpg,,trashnet-master/trashnet-master/data/dataset-resized/glass/glass347.jpg,,,,,,,,
trashnet_test_glass470.jpg,TrashNet,image_classification,test,Glass,glass,trashnet-master/trashnet-master/data/filtered_6class/test/Glass/glass470.jpg,,trashnet-master/trashnet-master/data/dataset-resized/glass/glass470.jpg,,,,,,,,
trashnet_test_glass339.jpg,TrashNet,image_classification,test,Glass,glass,trashnet-master/trashnet-master/data/filtered_6class/test/Glass/glass339.jpg,,trashnet-master/trashnet-master/data/dataset-resized/glass/glass339.jpg,,,,,,,,
trashnet_test_glass1.jpg,TrashNet,image_classification,test,Glass,glass,trashnet-master/trashnet-master/data/filtered_6class/test/Glass/glass1.jpg,,trashnet-master/trashnet-master/data/dataset-resized/glass/glass1.jpg,,,,,,,,
trashnet_test_glass74.jpg,TrashNet,image_classification,test,Glass,glass,trashnet-master/trashnet-master/data/filtered_6class/test/Glass/glass74.jpg,,trashnet-master/trashnet-master/data/dataset-resized/glass/glass74.jpg,,,,,,,,
trashnet_test_glass425.jpg,TrashNet,image_classification,test,Glass,glass,trashnet-master/trashnet-master/data/filtered_6class/test/Glass/glass425.jpg,,trashnet-master/trashnet-master/data/dataset-resized/glass/glass425.jpg,,,,,,,,
trashnet_test_glass119.jpg,TrashNet,image_classification,test,Glass,glass,trashnet-master/trashnet-master/data/filtered_6class/test/Glass/glass119.jpg,,trashnet-master/trashnet-master/data/dataset-resized/glass/glass119.jpg,,,,,,,,
trashnet_test_glass216.jpg,TrashNet,image_classification,test,Glass,glass,trashnet-master/trashnet-master/data/filtered_6class/test/Glass/glass216.jpg,,trashnet-master/trashnet-master/data/dataset-resized/glass/glass216.jpg,,,,,,,,
trashnet_test_glass187.jpg,TrashNet,image_classification,test,Glass,glass,trashnet-master/trashnet-master/data/filtered_6class/test/Glass/glass187.jpg,,trashnet-master/trashnet-master/data/dataset-resized/glass/glass187.jpg,,,,,,,,
trashnet_test_glass365.jpg,TrashNet,image_classification,test,Glass,glass,trashnet-master/trashnet-master/data/filtered_6class/test/Glass/glass365.jpg,,trashnet-master/trashnet-master/data/dataset-resized/glass/glass365.jpg,,,,,,,,
trashnet_test_glass62.jpg,TrashNet,image_classification,test,Glass,glass,trashnet-master/trashnet-master/data/filtered_6class/test/Glass/glass62.jpg,,trashnet-master/trashnet-master/data/dataset-resized/glass/glass62.jpg,,,,,,,,
trashnet_test_glass277.jpg,TrashNet,image_classification,test,Glass,glass,trashnet-master/trashnet-master/data/filtered_6class/test/Glass/glass277.jpg,,trashnet-master/trashnet-master/data/dataset-resized/glass/glass277.jpg,,,,,,,,
trashnet_test_glass87.jpg,TrashNet,image_classification,test,Glass,glass,trashnet-master/trashnet-master/data/filtered_6class/test/Glass/glass87.jpg,,trashnet-master/trashnet-master/data/dataset-resized/glass/glass87.jpg,,,,,,,,
trashnet_test_glass334.jpg,TrashNet,image_classification,test,Glass,glass,trashnet-master/trashnet-master/data/filtered_6class/test/Glass/glass334.jpg,,trashnet-master/trashnet-master/data/dataset-resized/glass/glass334.jpg,,,,,,,,
trashnet_test_glass379.jpg,TrashNet,image_classification,test,Glass,glass,trashnet-master/trashnet-master/data/filtered_6class/test/Glass/glass379.jpg,,trashnet-master/trashnet-master/data/dataset-resized/glass/glass379.jpg,,,,,,,,
trashnet_test_glass30.jpg,TrashNet,image_classification,test,Glass,glass,trashnet-master/trashnet-master/data/filtered_6class/test/Glass/glass30.jpg,,trashnet-master/trashnet-master/data/dataset-resized/glass/glass30.jpg,,,,,,,,
trashnet_test_glass243.jpg,TrashNet,image_classification,test,Glass,glass,trashnet-master/trashnet-master/data/filtered_6class/test/Glass/glass243.jpg,,trashnet-master/trashnet-master/data/dataset-resized/glass/glass243.jpg,,,,,,,,
trashnet_test_glass461.jpg,TrashNet,image_classification,test,Glass,glass,trashnet-master/trashnet-master/data/filtered_6class/test/Glass/glass461.jpg,,trashnet-master/trashnet-master/data/dataset-resized/glass/glass461.jpg,,,,,,,,
trashnet_test_glass435.jpg,TrashNet,image_classification,test,Glass,glass,trashnet-master/trashnet-master/data/filtered_6class/test/Glass/glass435.jpg,,trashnet-master/trashnet-master/data/dataset-resized/glass/glass435.jpg,,,,,,,,
trashnet_test_glass258.jpg,TrashNet,image_classification,test,Glass,glass,trashnet-master/trashnet-master/data/filtered_6class/test/Glass/glass258.jpg,,trashnet-master/trashnet-master/data/dataset-resized/glass/glass258.jpg,,,,,,,,
trashnet_test_glass3.jpg,TrashNet,image_classification,test,Glass,glass,trashnet-master/trashnet-master/data/filtered_6class/test/Glass/glass3.jpg,,trashnet-master/trashnet-master/data/dataset-resized/glass/glass3.jpg,,,,,,,,
trashnet_test_glass374.jpg,TrashNet,image_classification,test,Glass,glass,trashnet-master/trashnet-master/data/filtered_6class/test/Glass/glass374.jpg,,trashnet-master/trashnet-master/data/dataset-resized/glass/glass374.jpg,,,,,,,,
trashnet_test_glass149.jpg,TrashNet,image_classification,test,Glass,glass,trashnet-master/trashnet-master/data/filtered_6class/test/Glass/glass149.jpg,,trashnet-master/trashnet-master/data/dataset-resized/glass/glass149.jpg,,,,,,,,
trashnet_test_glass116.jpg,TrashNet,image_classification,test,Glass,glass,trashnet-master/trashnet-master/data/filtered_6class/test/Glass/glass116.jpg,,trashnet-master/trashnet-master/data/dataset-resized/glass/glass116.jpg,,,,,,,,
trashnet_test_glass220.jpg,TrashNet,image_classification,test,Glass,glass,trashnet-master/trashnet-master/data/filtered_6class/test/Glass/glass220.jpg,,trashnet-master/trashnet-master/data/dataset-resized/glass/glass220.jpg,,,,,,,,
trashnet_test_glass367.jpg,TrashNet,image_classification,test,Glass,glass,trashnet-master/trashnet-master/data/filtered_6class/test/Glass/glass367.jpg,,trashnet-master/trashnet-master/data/dataset-resized/glass/glass367.jpg,,,,,,,,
trashnet_test_glass181.jpg,TrashNet,image_classification,test,Glass,glass,trashnet-master/trashnet-master/data/filtered_6class/test/Glass/glass181.jpg,,trashnet-master/trashnet-master/data/dataset-resized/glass/glass181.jpg,,,,,,,,
trashnet_test_glass219.jpg,TrashNet,image_classification,test,Glass,glass,trashnet-master/trashnet-master/data/filtered_6class/test/Glass/glass219.jpg,,trashnet-master/trashnet-master/data/dataset-resized/glass/glass219.jpg,,,,,,,,
trashnet_test_glass52.jpg,TrashNet,image_classification,test,Glass,glass,trashnet-master/trashnet-master/data/filtered_6class/test/Glass/glass52.jpg,,trashnet-master/trashnet-master/data/dataset-resized/glass/glass52.jpg,,,,,,,,
trashnet_test_glass152.jpg,TrashNet,image_classification,test,Glass,glass,trashnet-master/trashnet-master/data/filtered_6class/test/Glass/glass152.jpg,,trashnet-master/trashnet-master/data/dataset-resized/glass/glass152.jpg,,,,,,,,
trashnet_test_glass111.jpg,TrashNet,image_classification,test,Glass,glass,trashnet-master/trashnet-master/data/filtered_6class/test/Glass/glass111.jpg,,trashnet-master/trashnet-master/data/dataset-resized/glass/glass111.jpg,,,,,,,,
trashnet_test_glass80.jpg,TrashNet,image_classification,test,Glass,glass,trashnet-master/trashnet-master/data/filtered_6class/test/Glass/glass80.jpg,,trashnet-master/trashnet-master/data/dataset-resized/glass/glass80.jpg,,,,,,,,
trashnet_test_glass251.jpg,TrashNet,image_classification,test,Glass,glass,trashnet-master/trashnet-master/data/filtered_6class/test/Glass/glass251.jpg,,trashnet-master/trashnet-master/data/dataset-resized/glass/glass251.jpg,,,,,,,,
trashnet_test_glass346.jpg,TrashNet,image_classification,test,Glass,glass,trashnet-master/trashnet-master/data/filtered_6class/test/Glass/glass346.jpg,,trashnet-master/trashnet-master/data/dataset-resized/glass/glass346.jpg,,,,,,,,
trashnet_test_glass488.jpg,TrashNet,image_classification,test,Glass,glass,trashnet-master/trashnet-master/data/filtered_6class/test/Glass/glass488.jpg,,trashnet-master/trashnet-master/data/dataset-resized/glass/glass488.jpg,,,,,,,,
trashnet_test_glass411.jpg,TrashNet,image_classification,test,Glass,glass,trashnet-master/trashnet-master/data/filtered_6class/test/Glass/glass411.jpg,,trashnet-master/trashnet-master/data/dataset-resized/glass/glass411.jpg,,,,,,,,
trashnet_test_glass283.jpg,TrashNet,image_classification,test,Glass,glass,trashnet-master/trashnet-master/data/filtered_6class/test/Glass/glass283.jpg,,trashnet-master/trashnet-master/data/dataset-resized/glass/glass283.jpg,,,,,,,,
trashnet_test_glass333.jpg,TrashNet,image_classification,test,Glass,glass,trashnet-master/trashnet-master/data/filtered_6class/test/Glass/glass333.jpg,,trashnet-master/trashnet-master/data/dataset-resized/glass/glass333.jpg,,,,,,,,
trashnet_test_glass395.jpg,TrashNet,image_classification,test,Glass,glass,trashnet-master/trashnet-master/data/filtered_6class/test/Glass/glass395.jpg,,trashnet-master/trashnet-master/data/dataset-resized/glass/glass395.jpg,,,,,,,,
trashnet_test_glass260.jpg,TrashNet,image_classification,test,Glass,glass,trashnet-master/trashnet-master/data/filtered_6class/test/Glass/glass260.jpg,,trashnet-master/trashnet-master/data/dataset-resized/glass/glass260.jpg,,,,,,,,
trashnet_test_glass227.jpg,TrashNet,image_classification,test,Glass,glass,trashnet-master/trashnet-master/data/filtered_6class/test/Glass/glass227.jpg,,trashnet-master/trashnet-master/data/dataset-resized/glass/glass227.jpg,,,,,,,,
trashnet_test_glass455.jpg,TrashNet,image_classification,test,Glass,glass,trashnet-master/trashnet-master/data/filtered_6class/test/Glass/glass455.jpg,,trashnet-master/trashnet-master/data/dataset-resized/glass/glass455.jpg,,,,,,,,
trashnet_test_glass94.jpg,TrashNet,image_classification,test,Glass,glass,trashnet-master/trashnet-master/data/filtered_6class/test/Glass/glass94.jpg,,trashnet-master/trashnet-master/data/dataset-resized/glass/glass94.jpg,,,,,,,,
trashnet_test_cardboard300.jpg,TrashNet,image_classification,test,PaperCardboard,cardboard,trashnet-master/trashnet-master/data/filtered_6class/test/PaperCardboard/cardboard300.jpg,,trashnet-master/trashnet-master/data/dataset-resized/cardboard/cardboard300.jpg,,,,,,,,
trashnet_test_cardboard125.jpg,TrashNet,image_classification,test,PaperCardboard,cardboard,trashnet-master/trashnet-master/data/filtered_6class/test/PaperCardboard/cardboard125.jpg,,trashnet-master/trashnet-master/data/dataset-resized/cardboard/cardboard125.jpg,,,,,,,,
trashnet_test_cardboard145.jpg,TrashNet,image_classification,test,PaperCardboard,cardboard,trashnet-master/trashnet-master/data/filtered_6class/test/PaperCardboard/cardboard145.jpg,,trashnet-master/trashnet-master/data/dataset-resized/cardboard/cardboard145.jpg,,,,,,,,
trashnet_test_paper125.jpg,TrashNet,image_classification,test,PaperCardboard,paper,trashnet-master/trashnet-master/data/filtered_6class/test/PaperCardboard/paper125.jpg,,trashnet-master/trashnet-master/data/dataset-resized/paper/paper125.jpg,,,,,,,,
trashnet_test_paper210.jpg,TrashNet,image_classification,test,PaperCardboard,paper,trashnet-master/trashnet-master/data/filtered_6class/test/PaperCardboard/paper210.jpg,,trashnet-master/trashnet-master/data/dataset-resized/paper/paper210.jpg,,,,,,,,
trashnet_test_paper546.jpg,TrashNet,image_classification,test,PaperCardboard,paper,trashnet-master/trashnet-master/data/filtered_6class/test/PaperCardboard/paper546.jpg,,trashnet-master/trashnet-master/data/dataset-resized/paper/paper546.jpg,,,,,,,,
trashnet_test_cardboard208.jpg,TrashNet,image_classification,test,PaperCardboard,cardboard,trashnet-master/trashnet-master/data/filtered_6class/test/PaperCardboard/cardboard208.jpg,,trashnet-master/trashnet-master/data/dataset-resized/cardboard/cardboard208.jpg,,,,,,,,
trashnet_test_cardboard51.jpg,TrashNet,image_classification,test,PaperCardboard,cardboard,trashnet-master/trashnet-master/data/filtered_6class/test/PaperCardboard/cardboard51.jpg,,trashnet-master/trashnet-master/data/dataset-resized/cardboard/cardboard51.jpg,,,,,,,,
trashnet_test_paper364.jpg,TrashNet,image_classification,test,PaperCardboard,paper,trashnet-master/trashnet-master/data/filtered_6class/test/PaperCardboard/paper364.jpg,,trashnet-master/trashnet-master/data/dataset-resized/paper/paper364.jpg,,,,,,,,
trashnet_test_paper22.jpg,TrashNet,image_classification,test,PaperCardboard,paper,trashnet-master/trashnet-master/data/filtered_6class/test/PaperCardboard/paper22.jpg,,trashnet-master/trashnet-master/data/dataset-resized/paper/paper22.jpg,,,,,,,,
trashnet_test_paper70.jpg,TrashNet,image_classification,test,PaperCardboard,paper,trashnet-master/trashnet-master/data/filtered_6class/test/PaperCardboard/paper70.jpg,,trashnet-master/trashnet-master/data/dataset-resized/paper/paper70.jpg,,,,,,,,
trashnet_test_paper345.jpg,TrashNet,image_classification,test,PaperCardboard,paper,trashnet-master/trashnet-master/data/filtered_6class/test/PaperCardboard/paper345.jpg,,trashnet-master/trashnet-master/data/dataset-resized/paper/paper345.jpg,,,,,,,,
trashnet_test_paper287.jpg,TrashNet,image_classification,test,PaperCardboard,paper,trashnet-master/trashnet-master/data/filtered_6class/test/PaperCardboard/paper287.jpg,,trashnet-master/trashnet-master/data/dataset-resized/paper/paper287.jpg,,,,,,,,
trashnet_test_paper146.jpg,TrashNet,image_classification,test,PaperCardboard,paper,trashnet-master/trashnet-master/data/filtered_6class/test/PaperCardboard/paper146.jpg,,trashnet-master/trashnet-master/data/dataset-resized/paper/paper146.jpg,,,,,,,,
trashnet_test_cardboard363.jpg,TrashNet,image_classification,test,PaperCardboard,cardboard,trashnet-master/trashnet-master/data/filtered_6class/test/PaperCardboard/cardboard363.jpg,,trashnet-master/trashnet-master/data/dataset-resized/cardboard/cardboard363.jpg,,,,,,,,
trashnet_test_cardboard387.jpg,TrashNet,image_classification,test,PaperCardboard,cardboard,trashnet-master/trashnet-master/data/filtered_6class/test/PaperCardboard/cardboard387.jpg,,trashnet-master/trashnet-master/data/dataset-resized/cardboard/cardboard387.jpg,,,,,,,,
trashnet_test_cardboard86.jpg,TrashNet,image_classification,test,PaperCardboard,cardboard,trashnet-master/trashnet-master/data/filtered_6class/test/PaperCardboard/cardboard86.jpg,,trashnet-master/trashnet-master/data/dataset-resized/cardboard/cardboard86.jpg,,,,,,,,
trashnet_test_paper559.jpg,TrashNet,image_classification,test,PaperCardboard,paper,trashnet-master/trashnet-master/data/filtered_6class/test/PaperCardboard/paper559.jpg,,trashnet-master/trashnet-master/data/dataset-resized/paper/paper559.jpg,,,,,,,,
trashnet_test_cardboard391.jpg,TrashNet,image_classification,test,PaperCardboard,cardboard,trashnet-master/trashnet-master/data/filtered_6class/test/PaperCardboard/cardboard391.jpg,,trashnet-master/trashnet-master/data/dataset-resized/cardboard/cardboard391.jpg,,,,,,,,
trashnet_test_cardboard138.jpg,TrashNet,image_classification,test,PaperCardboard,cardboard,trashnet-master/trashnet-master/data/filtered_6class/test/PaperCardboard/cardboard138.jpg,,trashnet-master/trashnet-master/data/dataset-resized/cardboard/cardboard138.jpg,,,,,,,,
trashnet_test_paper432.jpg,TrashNet,image_classification,test,PaperCardboard,paper,trashnet-master/trashnet-master/data/filtered_6class/test/PaperCardboard/paper432.jpg,,trashnet-master/trashnet-master/data/dataset-resized/paper/paper432.jpg,,,,,,,,
trashnet_test_paper577.jpg,TrashNet,image_classification,test,PaperCardboard,paper,trashnet-master/trashnet-master/data/filtered_6class/test/PaperCardboard/paper577.jpg,,trashnet-master/trashnet-master/data/dataset-resized/paper/paper577.jpg,,,,,,,,
trashnet_test_paper272.jpg,TrashNet,image_classification,test,PaperCardboard,paper,trashnet-master/trashnet-master/data/filtered_6class/test/PaperCardboard/paper272.jpg,,trashnet-master/trashnet-master/data/dataset-resized/paper/paper272.jpg,,,,,,,,
trashnet_test_paper149.jpg,TrashNet,image_classification,test,PaperCardboard,paper,trashnet-master/trashnet-master/data/filtered_6class/test/PaperCardboard/paper149.jpg,,trashnet-master/trashnet-master/data/dataset-resized/paper/paper149.jpg,,,,,,,,
trashnet_test_paper480.jpg,TrashNet,image_classification,test,PaperCardboard,paper,trashnet-master/trashnet-master/data/filtered_6class/test/PaperCardboard/paper480.jpg,,trashnet-master/trashnet-master/data/dataset-resized/paper/paper480.jpg,,,,,,,,
trashnet_test_paper525.jpg,TrashNet,image_classification,test,PaperCardboard,paper,trashnet-master/trashnet-master/data/filtered_6class/test/PaperCardboard/paper525.jpg,,trashnet-master/trashnet-master/data/dataset-resized/paper/paper525.jpg,,,,,,,,
trashnet_test_paper64.jpg,TrashNet,image_classification,test,PaperCardboard,paper,trashnet-master/trashnet-master/data/filtered_6class/test/PaperCardboard/paper64.jpg,,trashnet-master/trashnet-master/data/dataset-resized/paper/paper64.jpg,,,,,,,,
trashnet_test_cardboard170.jpg,TrashNet,image_classification,test,PaperCardboard,cardboard,trashnet-master/trashnet-master/data/filtered_6class/test/PaperCardboard/cardboard170.jpg,,trashnet-master/trashnet-master/data/dataset-resized/cardboard/cardboard170.jpg,,,,,,,,
trashnet_test_paper10.jpg,TrashNet,image_classification,test,PaperCardboard,paper,trashnet-master/trashnet-master/data/filtered_6class/test/PaperCardboard/paper10.jpg,,trashnet-master/trashnet-master/data/dataset-resized/paper/paper10.jpg,,,,,,,,
trashnet_test_cardboard65.jpg,TrashNet,image_classification,test,PaperCardboard,cardboard,trashnet-master/trashnet-master/data/filtered_6class/test/PaperCardboard/cardboard65.jpg,,trashnet-master/trashnet-master/data/dataset-resized/cardboard/cardboard65.jpg,,,,,,,,
trashnet_test_paper573.jpg,TrashNet,image_classification,test,PaperCardboard,paper,trashnet-master/trashnet-master/data/filtered_6class/test/PaperCardboard/paper573.jpg,,trashnet-master/trashnet-master/data/dataset-resized/paper/paper573.jpg,,,,,,,,
trashnet_test_paper471.jpg,TrashNet,image_classification,test,PaperCardboard,paper,trashnet-master/trashnet-master/data/filtered_6class/test/PaperCardboard/paper471.jpg,,trashnet-master/trashnet-master/data/dataset-resized/paper/paper471.jpg,,,,,,,,
trashnet_test_cardboard277.jpg,TrashNet,image_classification,test,PaperCardboard,cardboard,trashnet-master/trashnet-master/data/filtered_6class/test/PaperCardboard/cardboard277.jpg,,trashnet-master/trashnet-master/data/dataset-resized/cardboard/cardboard277.jpg,,,,,,,,
trashnet_test_paper205.jpg,TrashNet,image_classification,test,PaperCardboard,paper,trashnet-master/trashnet-master/data/filtered_6class/test/PaperCardboard/paper205.jpg,,trashnet-master/trashnet-master/data/dataset-resized/paper/paper205.jpg,,,,,,,,
trashnet_test_paper398.jpg,TrashNet,image_classification,test,PaperCardboard,paper,trashnet-master/trashnet-master/data/filtered_6class/test/PaperCardboard/paper398.jpg,,trashnet-master/trashnet-master/data/dataset-resized/paper/paper398.jpg,,,,,,,,
trashnet_test_paper331.jpg,TrashNet,image_classification,test,PaperCardboard,paper,trashnet-master/trashnet-master/data/filtered_6class/test/PaperCardboard/paper331.jpg,,trashnet-master/trashnet-master/data/dataset-resized/paper/paper331.jpg,,,,,,,,
trashnet_test_paper39.jpg,TrashNet,image_classification,test,PaperCardboard,paper,trashnet-master/trashnet-master/data/filtered_6class/test/PaperCardboard/paper39.jpg,,trashnet-master/trashnet-master/data/dataset-resized/paper/paper39.jpg,,,,,,,,
trashnet_test_paper180.jpg,TrashNet,image_classification,test,PaperCardboard,paper,trashnet-master/trashnet-master/data/filtered_6class/test/PaperCardboard/paper180.jpg,,trashnet-master/trashnet-master/data/dataset-resized/paper/paper180.jpg,,,,,,,,
trashnet_test_paper518.jpg,TrashNet,image_classification,test,PaperCardboard,paper,trashnet-master/trashnet-master/data/filtered_6class/test/PaperCardboard/paper518.jpg,,trashnet-master/trashnet-master/data/dataset-resized/paper/paper518.jpg,,,,,,,,
trashnet_test_paper132.jpg,TrashNet,image_classification,test,PaperCardboard,paper,trashnet-master/trashnet-master/data/filtered_6class/test/PaperCardboard/paper132.jpg,,trashnet-master/trashnet-master/data/dataset-resized/paper/paper132.jpg,,,,,,,,
trashnet_test_paper71.jpg,TrashNet,image_classification,test,PaperCardboard,paper,trashnet-master/trashnet-master/data/filtered_6class/test/PaperCardboard/paper71.jpg,,trashnet-master/trashnet-master/data/dataset-resized/paper/paper71.jpg,,,,,,,,
trashnet_test_cardboard265.jpg,TrashNet,image_classification,test,PaperCardboard,cardboard,trashnet-master/trashnet-master/data/filtered_6class/test/PaperCardboard/cardboard265.jpg,,trashnet-master/trashnet-master/data/dataset-resized/cardboard/cardboard265.jpg,,,,,,,,
trashnet_test_cardboard381.jpg,TrashNet,image_classification,test,PaperCardboard,cardboard,trashnet-master/trashnet-master/data/filtered_6class/test/PaperCardboard/cardboard381.jpg,,trashnet-master/trashnet-master/data/dataset-resized/cardboard/cardboard381.jpg,,,,,,,,
trashnet_test_paper469.jpg,TrashNet,image_classification,test,PaperCardboard,paper,trashnet-master/trashnet-master/data/filtered_6class/test/PaperCardboard/paper469.jpg,,trashnet-master/trashnet-master/data/dataset-resized/paper/paper469.jpg,,,,,,,,
trashnet_test_cardboard175.jpg,TrashNet,image_classification,test,PaperCardboard,cardboard,trashnet-master/trashnet-master/data/filtered_6class/test/PaperCardboard/cardboard175.jpg,,trashnet-master/trashnet-master/data/dataset-resized/cardboard/cardboard175.jpg,,,,,,,,
trashnet_test_cardboard82.jpg,TrashNet,image_classification,test,PaperCardboard,cardboard,trashnet-master/trashnet-master/data/filtered_6class/test/PaperCardboard/cardboard82.jpg,,trashnet-master/trashnet-master/data/dataset-resized/cardboard/cardboard82.jpg,,,,,,,,
trashnet_test_paper556.jpg,TrashNet,image_classification,test,PaperCardboard,paper,trashnet-master/trashnet-master/data/filtered_6class/test/PaperCardboard/paper556.jpg,,trashnet-master/trashnet-master/data/dataset-resized/paper/paper556.jpg,,,,,,,,
trashnet_test_cardboard203.jpg,TrashNet,image_classification,test,PaperCardboard,cardboard,trashnet-master/trashnet-master/data/filtered_6class/test/PaperCardboard/cardboard203.jpg,,trashnet-master/trashnet-master/data/dataset-resized/cardboard/cardboard203.jpg,,,,,,,,
trashnet_test_paper479.jpg,TrashNet,image_classification,test,PaperCardboard,paper,trashnet-master/trashnet-master/data/filtered_6class/test/PaperCardboard/paper479.jpg,,trashnet-master/trashnet-master/data/dataset-resized/paper/paper479.jpg,,,,,,,,
trashnet_test_paper402.jpg,TrashNet,image_classification,test,PaperCardboard,paper,trashnet-master/trashnet-master/data/filtered_6class/test/PaperCardboard/paper402.jpg,,trashnet-master/trashnet-master/data/dataset-resized/paper/paper402.jpg,,,,,,,,
trashnet_test_paper247.jpg,TrashNet,image_classification,test,PaperCardboard,paper,trashnet-master/trashnet-master/data/filtered_6class/test/PaperCardboard/paper247.jpg,,trashnet-master/trashnet-master/data/dataset-resized/paper/paper247.jpg,,,,,,,,
trashnet_test_cardboard355.jpg,TrashNet,image_classification,test,PaperCardboard,cardboard,trashnet-master/trashnet-master/data/filtered_6class/test/PaperCardboard/cardboard355.jpg,,trashnet-master/trashnet-master/data/dataset-resized/cardboard/cardboard355.jpg,,,,,,,,
trashnet_test_paper196.jpg,TrashNet,image_classification,test,PaperCardboard,paper,trashnet-master/trashnet-master/data/filtered_6class/test/PaperCardboard/paper196.jpg,,trashnet-master/trashnet-master/data/dataset-resized/paper/paper196.jpg,,,,,,,,
trashnet_test_cardboard182.jpg,TrashNet,image_classification,test,PaperCardboard,cardboard,trashnet-master/trashnet-master/data/filtered_6class/test/PaperCardboard/cardboard182.jpg,,trashnet-master/trashnet-master/data/dataset-resized/cardboard/cardboard182.jpg,,,,,,,,
trashnet_test_paper395.jpg,TrashNet,image_classification,test,PaperCardboard,paper,trashnet-master/trashnet-master/data/filtered_6class/test/PaperCardboard/paper395.jpg,,trashnet-master/trashnet-master/data/dataset-resized/paper/paper395.jpg,,,,,,,,
trashnet_test_paper406.jpg,TrashNet,image_classification,test,PaperCardboard,paper,trashnet-master/trashnet-master/data/filtered_6class/test/PaperCardboard/paper406.jpg,,trashnet-master/trashnet-master/data/dataset-resized/paper/paper406.jpg,,,,,,,,
trashnet_test_paper476.jpg,TrashNet,image_classification,test,PaperCardboard,paper,trashnet-master/trashnet-master/data/filtered_6class/test/PaperCardboard/paper476.jpg,,trashnet-master/trashnet-master/data/dataset-resized/paper/paper476.jpg,,,,,,,,
trashnet_test_paper42.jpg,TrashNet,image_classification,test,PaperCardboard,paper,trashnet-master/trashnet-master/data/filtered_6class/test/PaperCardboard/paper42.jpg,,trashnet-master/trashnet-master/data/dataset-resized/paper/paper42.jpg,,,,,,,,
trashnet_test_cardboard39.jpg,TrashNet,image_classification,test,PaperCardboard,cardboard,trashnet-master/trashnet-master/data/filtered_6class/test/PaperCardboard/cardboard39.jpg,,trashnet-master/trashnet-master/data/dataset-resized/cardboard/cardboard39.jpg,,,,,,,,
trashnet_test_cardboard41.jpg,TrashNet,image_classification,test,PaperCardboard,cardboard,trashnet-master/trashnet-master/data/filtered_6class/test/PaperCardboard/cardboard41.jpg,,trashnet-master/trashnet-master/data/dataset-resized/cardboard/cardboard41.jpg,,,,,,,,
trashnet_test_paper552.jpg,TrashNet,image_classification,test,PaperCardboard,paper,trashnet-master/trashnet-master/data/filtered_6class/test/PaperCardboard/paper552.jpg,,trashnet-master/trashnet-master/data/dataset-resized/paper/paper552.jpg,,,,,,,,
trashnet_test_cardboard314.jpg,TrashNet,image_classification,test,PaperCardboard,cardboard,trashnet-master/trashnet-master/data/filtered_6class/test/PaperCardboard/cardboard314.jpg,,trashnet-master/trashnet-master/data/dataset-resized/cardboard/cardboard314.jpg,,,,,,,,
trashnet_test_cardboard15.jpg,TrashNet,image_classification,test,PaperCardboard,cardboard,trashnet-master/trashnet-master/data/filtered_6class/test/PaperCardboard/cardboard15.jpg,,trashnet-master/trashnet-master/data/dataset-resized/cardboard/cardboard15.jpg,,,,,,,,
trashnet_test_paper500.jpg,TrashNet,image_classification,test,PaperCardboard,paper,trashnet-master/trashnet-master/data/filtered_6class/test/PaperCardboard/paper500.jpg,,trashnet-master/trashnet-master/data/dataset-resized/paper/paper500.jpg,,,,,,,,
trashnet_test_cardboard103.jpg,TrashNet,image_classification,test,PaperCardboard,cardboard,trashnet-master/trashnet-master/data/filtered_6class/test/PaperCardboard/cardboard103.jpg,,trashnet-master/trashnet-master/data/dataset-resized/cardboard/cardboard103.jpg,,,,,,,,
trashnet_test_paper266.jpg,TrashNet,image_classification,test,PaperCardboard,paper,trashnet-master/trashnet-master/data/filtered_6class/test/PaperCardboard/paper266.jpg,,trashnet-master/trashnet-master/data/dataset-resized/paper/paper266.jpg,,,,,,,,
trashnet_test_paper355.jpg,TrashNet,image_classification,test,PaperCardboard,paper,trashnet-master/trashnet-master/data/filtered_6class/test/PaperCardboard/paper355.jpg,,trashnet-master/trashnet-master/data/dataset-resized/paper/paper355.jpg,,,,,,,,
trashnet_test_paper506.jpg,TrashNet,image_classification,test,PaperCardboard,paper,trashnet-master/trashnet-master/data/filtered_6class/test/PaperCardboard/paper506.jpg,,trashnet-master/trashnet-master/data/dataset-resized/paper/paper506.jpg,,,,,,,,
trashnet_test_cardboard165.jpg,TrashNet,image_classification,test,PaperCardboard,cardboard,trashnet-master/trashnet-master/data/filtered_6class/test/PaperCardboard/cardboard165.jpg,,trashnet-master/trashnet-master/data/dataset-resized/cardboard/cardboard165.jpg,,,,,,,,
trashnet_test_paper578.jpg,TrashNet,image_classification,test,PaperCardboard,paper,trashnet-master/trashnet-master/data/filtered_6class/test/PaperCardboard/paper578.jpg,,trashnet-master/trashnet-master/data/dataset-resized/paper/paper578.jpg,,,,,,,,
trashnet_test_paper532.jpg,TrashNet,image_classification,test,PaperCardboard,paper,trashnet-master/trashnet-master/data/filtered_6class/test/PaperCardboard/paper532.jpg,,trashnet-master/trashnet-master/data/dataset-resized/paper/paper532.jpg,,,,,,,,
trashnet_test_paper260.jpg,TrashNet,image_classification,test,PaperCardboard,paper,trashnet-master/trashnet-master/data/filtered_6class/test/PaperCardboard/paper260.jpg,,trashnet-master/trashnet-master/data/dataset-resized/paper/paper260.jpg,,,,,,,,
trashnet_test_cardboard261.jpg,TrashNet,image_classification,test,PaperCardboard,cardboard,trashnet-master/trashnet-master/data/filtered_6class/test/PaperCardboard/cardboard261.jpg,,trashnet-master/trashnet-master/data/dataset-resized/cardboard/cardboard261.jpg,,,,,,,,
trashnet_test_cardboard268.jpg,TrashNet,image_classification,test,PaperCardboard,cardboard,trashnet-master/trashnet-master/data/filtered_6class/test/PaperCardboard/cardboard268.jpg,,trashnet-master/trashnet-master/data/dataset-resized/cardboard/cardboard268.jpg,,,,,,,,
trashnet_test_paper136.jpg,TrashNet,image_classification,test,PaperCardboard,paper,trashnet-master/trashnet-master/data/filtered_6class/test/PaperCardboard/paper136.jpg,,trashnet-master/trashnet-master/data/dataset-resized/paper/paper136.jpg,,,,,,,,
trashnet_test_paper96.jpg,TrashNet,image_classification,test,PaperCardboard,paper,trashnet-master/trashnet-master/data/filtered_6class/test/PaperCardboard/paper96.jpg,,trashnet-master/trashnet-master/data/dataset-resized/paper/paper96.jpg,,,,,,,,
trashnet_test_paper347.jpg,TrashNet,image_classification,test,PaperCardboard,paper,trashnet-master/trashnet-master/data/filtered_6class/test/PaperCardboard/paper347.jpg,,trashnet-master/trashnet-master/data/dataset-resized/paper/paper347.jpg,,,,,,,,
trashnet_test_cardboard321.jpg,TrashNet,image_classification,test,PaperCardboard,cardboard,trashnet-master/trashnet-master/data/filtered_6class/test/PaperCardboard/cardboard321.jpg,,trashnet-master/trashnet-master/data/dataset-resized/cardboard/cardboard321.jpg,,,,,,,,
trashnet_test_cardboard184.jpg,TrashNet,image_classification,test,PaperCardboard,cardboard,trashnet-master/trashnet-master/data/filtered_6class/test/PaperCardboard/cardboard184.jpg,,trashnet-master/trashnet-master/data/dataset-resized/cardboard/cardboard184.jpg,,,,,,,,
trashnet_test_cardboard27.jpg,TrashNet,image_classification,test,PaperCardboard,cardboard,trashnet-master/trashnet-master/data/filtered_6class/test/PaperCardboard/cardboard27.jpg,,trashnet-master/trashnet-master/data/dataset-resized/cardboard/cardboard27.jpg,,,,,,,,
trashnet_test_paper118.jpg,TrashNet,image_classification,test,PaperCardboard,paper,trashnet-master/trashnet-master/data/filtered_6class/test/PaperCardboard/paper118.jpg,,trashnet-master/trashnet-master/data/dataset-resized/paper/paper118.jpg,,,,,,,,
trashnet_test_cardboard105.jpg,TrashNet,image_classification,test,PaperCardboard,cardboard,trashnet-master/trashnet-master/data/filtered_6class/test/PaperCardboard/cardboard105.jpg,,trashnet-master/trashnet-master/data/dataset-resized/cardboard/cardboard105.jpg,,,,,,,,
trashnet_test_paper95.jpg,TrashNet,image_classification,test,PaperCardboard,paper,trashnet-master/trashnet-master/data/filtered_6class/test/PaperCardboard/paper95.jpg,,trashnet-master/trashnet-master/data/dataset-resized/paper/paper95.jpg,,,,,,,,
trashnet_test_cardboard358.jpg,TrashNet,image_classification,test,PaperCardboard,cardboard,trashnet-master/trashnet-master/data/filtered_6class/test/PaperCardboard/cardboard358.jpg,,trashnet-master/trashnet-master/data/dataset-resized/cardboard/cardboard358.jpg,,,,,,,,
trashnet_test_cardboard335.jpg,TrashNet,image_classification,test,PaperCardboard,cardboard,trashnet-master/trashnet-master/data/filtered_6class/test/PaperCardboard/cardboard335.jpg,,trashnet-master/trashnet-master/data/dataset-resized/cardboard/cardboard335.jpg,,,,,,,,
trashnet_test_cardboard186.jpg,TrashNet,image_classification,test,PaperCardboard,cardboard,trashnet-master/trashnet-master/data/filtered_6class/test/PaperCardboard/cardboard186.jpg,,trashnet-master/trashnet-master/data/dataset-resized/cardboard/cardboard186.jpg,,,,,,,,
trashnet_test_paper31.jpg,TrashNet,image_classification,test,PaperCardboard,paper,trashnet-master/trashnet-master/data/filtered_6class/test/PaperCardboard/paper31.jpg,,trashnet-master/trashnet-master/data/dataset-resized/paper/paper31.jpg,,,,,,,,
trashnet_test_paper183.jpg,TrashNet,image_classification,test,PaperCardboard,paper,trashnet-master/trashnet-master/data/filtered_6class/test/PaperCardboard/paper183.jpg,,trashnet-master/trashnet-master/data/dataset-resized/paper/paper183.jpg,,,,,,,,
trashnet_test_paper122.jpg,TrashNet,image_classification,test,PaperCardboard,paper,trashnet-master/trashnet-master/data/filtered_6class/test/PaperCardboard/paper122.jpg,,trashnet-master/trashnet-master/data/dataset-resized/paper/paper122.jpg,,,,,,,,
trashnet_test_paper33.jpg,TrashNet,image_classification,test,PaperCardboard,paper,trashnet-master/trashnet-master/data/filtered_6class/test/PaperCardboard/paper33.jpg,,trashnet-master/trashnet-master/data/dataset-resized/paper/paper33.jpg,,,,,,,,
trashnet_test_cardboard120.jpg,TrashNet,image_classification,test,PaperCardboard,cardboard,trashnet-master/trashnet-master/data/filtered_6class/test/PaperCardboard/cardboard120.jpg,,trashnet-master/trashnet-master/data/dataset-resized/cardboard/cardboard120.jpg,,,,,,,,
trashnet_test_paper397.jpg,TrashNet,image_classification,test,PaperCardboard,paper,trashnet-master/trashnet-master/data/filtered_6class/test/PaperCardboard/paper397.jpg,,trashnet-master/trashnet-master/data/dataset-resized/paper/paper397.jpg,,,,,,,,
trashnet_test_cardboard241.jpg,TrashNet,image_classification,test,PaperCardboard,cardboard,trashnet-master/trashnet-master/data/filtered_6class/test/PaperCardboard/cardboard241.jpg,,trashnet-master/trashnet-master/data/dataset-resized/cardboard/cardboard241.jpg,,,,,,,,
trashnet_test_paper498.jpg,TrashNet,image_classification,test,PaperCardboard,paper,trashnet-master/trashnet-master/data/filtered_6class/test/PaperCardboard/paper498.jpg,,trashnet-master/trashnet-master/data/dataset-resized/paper/paper498.jpg,,,,,,,,
trashnet_test_cardboard384.jpg,TrashNet,image_classification,test,PaperCardboard,cardboard,trashnet-master/trashnet-master/data/filtered_6class/test/PaperCardboard/cardboard384.jpg,,trashnet-master/trashnet-master/data/dataset-resized/cardboard/cardboard384.jpg,,,,,,,,
trashnet_test_paper135.jpg,TrashNet,image_classification,test,PaperCardboard,paper,trashnet-master/trashnet-master/data/filtered_6class/test/PaperCardboard/paper135.jpg,,trashnet-master/trashnet-master/data/dataset-resized/paper/paper135.jpg,,,,,,,,
trashnet_test_cardboard115.jpg,TrashNet,image_classification,test,PaperCardboard,cardboard,trashnet-master/trashnet-master/data/filtered_6class/test/PaperCardboard/cardboard115.jpg,,trashnet-master/trashnet-master/data/dataset-resized/cardboard/cardboard115.jpg,,,,,,,,
trashnet_test_paper173.jpg,TrashNet,image_classification,test,PaperCardboard,paper,trashnet-master/trashnet-master/data/filtered_6class/test/PaperCardboard/paper173.jpg,,trashnet-master/trashnet-master/data/dataset-resized/paper/paper173.jpg,,,,,,,,
trashnet_test_paper502.jpg,TrashNet,image_classification,test,PaperCardboard,paper,trashnet-master/trashnet-master/data/filtered_6class/test/PaperCardboard/paper502.jpg,,trashnet-master/trashnet-master/data/dataset-resized/paper/paper502.jpg,,,,,,,,
trashnet_test_paper554.jpg,TrashNet,image_classification,test,PaperCardboard,paper,trashnet-master/trashnet-master/data/filtered_6class/test/PaperCardboard/paper554.jpg,,trashnet-master/trashnet-master/data/dataset-resized/paper/paper554.jpg,,,,,,,,
trashnet_test_paper61.jpg,TrashNet,image_classification,test,PaperCardboard,paper,trashnet-master/trashnet-master/data/filtered_6class/test/PaperCardboard/paper61.jpg,,trashnet-master/trashnet-master/data/dataset-resized/paper/paper61.jpg,,,,,,,,
trashnet_test_paper560.jpg,TrashNet,image_classification,test,PaperCardboard,paper,trashnet-master/trashnet-master/data/filtered_6class/test/PaperCardboard/paper560.jpg,,trashnet-master/trashnet-master/data/dataset-resized/paper/paper560.jpg,,,,,,,,
trashnet_test_paper35.jpg,TrashNet,image_classification,test,PaperCardboard,paper,trashnet-master/trashnet-master/data/filtered_6class/test/PaperCardboard/paper35.jpg,,trashnet-master/trashnet-master/data/dataset-resized/paper/paper35.jpg,,,,,,,,
trashnet_test_paper470.jpg,TrashNet,image_classification,test,PaperCardboard,paper,trashnet-master/trashnet-master/data/filtered_6class/test/PaperCardboard/paper470.jpg,,trashnet-master/trashnet-master/data/dataset-resized/paper/paper470.jpg,,,,,,,,
trashnet_test_cardboard209.jpg,TrashNet,image_classification,test,PaperCardboard,cardboard,trashnet-master/trashnet-master/data/filtered_6class/test/PaperCardboard/cardboard209.jpg,,trashnet-master/trashnet-master/data/dataset-resized/cardboard/cardboard209.jpg,,,,,,,,
trashnet_test_paper38.jpg,TrashNet,image_classification,test,PaperCardboard,paper,trashnet-master/trashnet-master/data/filtered_6class/test/PaperCardboard/paper38.jpg,,trashnet-master/trashnet-master/data/dataset-resized/paper/paper38.jpg,,,,,,,,
trashnet_test_cardboard2.jpg,TrashNet,image_classification,test,PaperCardboard,cardboard,trashnet-master/trashnet-master/data/filtered_6class/test/PaperCardboard/cardboard2.jpg,,trashnet-master/trashnet-master/data/dataset-resized/cardboard/cardboard2.jpg,,,,,,,,
trashnet_test_paper530.jpg,TrashNet,image_classification,test,PaperCardboard,paper,trashnet-master/trashnet-master/data/filtered_6class/test/PaperCardboard/paper530.jpg,,trashnet-master/trashnet-master/data/dataset-resized/paper/paper530.jpg,,,,,,,,
trashnet_test_paper213.jpg,TrashNet,image_classification,test,PaperCardboard,paper,trashnet-master/trashnet-master/data/filtered_6class/test/PaperCardboard/paper213.jpg,,trashnet-master/trashnet-master/data/dataset-resized/paper/paper213.jpg,,,,,,,,
trashnet_test_paper503.jpg,TrashNet,image_classification,test,PaperCardboard,paper,trashnet-master/trashnet-master/data/filtered_6class/test/PaperCardboard/paper503.jpg,,trashnet-master/trashnet-master/data/dataset-resized/paper/paper503.jpg,,,,,,,,
trashnet_test_cardboard98.jpg,TrashNet,image_classification,test,PaperCardboard,cardboard,trashnet-master/trashnet-master/data/filtered_6class/test/PaperCardboard/cardboard98.jpg,,trashnet-master/trashnet-master/data/dataset-resized/cardboard/cardboard98.jpg,,,,,,,,
trashnet_test_cardboard50.jpg,TrashNet,image_classification,test,PaperCardboard,cardboard,trashnet-master/trashnet-master/data/filtered_6class/test/PaperCardboard/cardboard50.jpg,,trashnet-master/trashnet-master/data/dataset-resized/cardboard/cardboard50.jpg,,,,,,,,
trashnet_test_paper89.jpg,TrashNet,image_classification,test,PaperCardboard,paper,trashnet-master/trashnet-master/data/filtered_6class/test/PaperCardboard/paper89.jpg,,trashnet-master/trashnet-master/data/dataset-resized/paper/paper89.jpg,,,,,,,,
trashnet_test_cardboard324.jpg,TrashNet,image_classification,test,PaperCardboard,cardboard,trashnet-master/trashnet-master/data/filtered_6class/test/PaperCardboard/cardboard324.jpg,,trashnet-master/trashnet-master/data/dataset-resized/cardboard/cardboard324.jpg,,,,,,,,
trashnet_test_cardboard254.jpg,TrashNet,image_classification,test,PaperCardboard,cardboard,trashnet-master/trashnet-master/data/filtered_6class/test/PaperCardboard/cardboard254.jpg,,trashnet-master/trashnet-master/data/dataset-resized/cardboard/cardboard254.jpg,,,,,,,,
trashnet_test_cardboard112.jpg,TrashNet,image_classification,test,PaperCardboard,cardboard,trashnet-master/trashnet-master/data/filtered_6class/test/PaperCardboard/cardboard112.jpg,,trashnet-master/trashnet-master/data/dataset-resized/cardboard/cardboard112.jpg,,,,,,,,
trashnet_test_paper382.jpg,TrashNet,image_classification,test,PaperCardboard,paper,trashnet-master/trashnet-master/data/filtered_6class/test/PaperCardboard/paper382.jpg,,trashnet-master/trashnet-master/data/dataset-resized/paper/paper382.jpg,,,,,,,,
trashnet_test_cardboard295.jpg,TrashNet,image_classification,test,PaperCardboard,cardboard,trashnet-master/trashnet-master/data/filtered_6class/test/PaperCardboard/cardboard295.jpg,,trashnet-master/trashnet-master/data/dataset-resized/cardboard/cardboard295.jpg,,,,,,,,
trashnet_test_paper251.jpg,TrashNet,image_classification,test,PaperCardboard,paper,trashnet-master/trashnet-master/data/filtered_6class/test/PaperCardboard/paper251.jpg,,trashnet-master/trashnet-master/data/dataset-resized/paper/paper251.jpg,,,,,,,,
trashnet_test_paper154.jpg,TrashNet,image_classification,test,PaperCardboard,paper,trashnet-master/trashnet-master/data/filtered_6class/test/PaperCardboard/paper154.jpg,,trashnet-master/trashnet-master/data/dataset-resized/paper/paper154.jpg,,,,,,,,
trashnet_test_paper165.jpg,TrashNet,image_classification,test,PaperCardboard,paper,trashnet-master/trashnet-master/data/filtered_6class/test/PaperCardboard/paper165.jpg,,trashnet-master/trashnet-master/data/dataset-resized/paper/paper165.jpg,,,,,,,,
trashnet_test_paper23.jpg,TrashNet,image_classification,test,PaperCardboard,paper,trashnet-master/trashnet-master/data/filtered_6class/test/PaperCardboard/paper23.jpg,,trashnet-master/trashnet-master/data/dataset-resized/paper/paper23.jpg,,,,,,,,
trashnet_test_cardboard326.jpg,TrashNet,image_classification,test,PaperCardboard,cardboard,trashnet-master/trashnet-master/data/filtered_6class/test/PaperCardboard/cardboard326.jpg,,trashnet-master/trashnet-master/data/dataset-resized/cardboard/cardboard326.jpg,,,,,,,,
trashnet_test_paper344.jpg,TrashNet,image_classification,test,PaperCardboard,paper,trashnet-master/trashnet-master/data/filtered_6class/test/PaperCardboard/paper344.jpg,,trashnet-master/trashnet-master/data/dataset-resized/paper/paper344.jpg,,,,,,,,
trashnet_test_cardboard401.jpg,TrashNet,image_classification,test,PaperCardboard,cardboard,trashnet-master/trashnet-master/data/filtered_6class/test/PaperCardboard/cardboard401.jpg,,trashnet-master/trashnet-master/data/dataset-resized/cardboard/cardboard401.jpg,,,,,,,,
trashnet_test_paper236.jpg,TrashNet,image_classification,test,PaperCardboard,paper,trashnet-master/trashnet-master/data/filtered_6class/test/PaperCardboard/paper236.jpg,,trashnet-master/trashnet-master/data/dataset-resized/paper/paper236.jpg,,,,,,,,
trashnet_test_cardboard161.jpg,TrashNet,image_classification,test,PaperCardboard,cardboard,trashnet-master/trashnet-master/data/filtered_6class/test/PaperCardboard/cardboard161.jpg,,trashnet-master/trashnet-master/data/dataset-resized/cardboard/cardboard161.jpg,,,,,,,,
trashnet_test_paper306.jpg,TrashNet,image_classification,test,PaperCardboard,paper,trashnet-master/trashnet-master/data/filtered_6class/test/PaperCardboard/paper306.jpg,,trashnet-master/trashnet-master/data/dataset-resized/paper/paper306.jpg,,,,,,,,
trashnet_test_paper66.jpg,TrashNet,image_classification,test,PaperCardboard,paper,trashnet-master/trashnet-master/data/filtered_6class/test/PaperCardboard/paper66.jpg,,trashnet-master/trashnet-master/data/dataset-resized/paper/paper66.jpg,,,,,,,,
trashnet_test_paper204.jpg,TrashNet,image_classification,test,PaperCardboard,paper,trashnet-master/trashnet-master/data/filtered_6class/test/PaperCardboard/paper204.jpg,,trashnet-master/trashnet-master/data/dataset-resized/paper/paper204.jpg,,,,,,,,
trashnet_test_paper491.jpg,TrashNet,image_classification,test,PaperCardboard,paper,trashnet-master/trashnet-master/data/filtered_6class/test/PaperCardboard/paper491.jpg,,trashnet-master/trashnet-master/data/dataset-resized/paper/paper491.jpg,,,,,,,,
trashnet_test_paper281.jpg,TrashNet,image_classification,test,PaperCardboard,paper,trashnet-master/trashnet-master/data/filtered_6class/test/PaperCardboard/paper281.jpg,,trashnet-master/trashnet-master/data/dataset-resized/paper/paper281.jpg,,,,,,,,
trashnet_test_cardboard62.jpg,TrashNet,image_classification,test,PaperCardboard,cardboard,trashnet-master/trashnet-master/data/filtered_6class/test/PaperCardboard/cardboard62.jpg,,trashnet-master/trashnet-master/data/dataset-resized/cardboard/cardboard62.jpg,,,,,,,,
trashnet_test_cardboard305.jpg,TrashNet,image_classification,test,PaperCardboard,cardboard,trashnet-master/trashnet-master/data/filtered_6class/test/PaperCardboard/cardboard305.jpg,,trashnet-master/trashnet-master/data/dataset-resized/cardboard/cardboard305.jpg,,,,,,,,
trashnet_test_cardboard174.jpg,TrashNet,image_classification,test,PaperCardboard,cardboard,trashnet-master/trashnet-master/data/filtered_6class/test/PaperCardboard/cardboard174.jpg,,trashnet-master/trashnet-master/data/dataset-resized/cardboard/cardboard174.jpg,,,,,,,,
trashnet_test_cardboard107.jpg,TrashNet,image_classification,test,PaperCardboard,cardboard,trashnet-master/trashnet-master/data/filtered_6class/test/PaperCardboard/cardboard107.jpg,,trashnet-master/trashnet-master/data/dataset-resized/cardboard/cardboard107.jpg,,,,,,,,
trashnet_test_cardboard140.jpg,TrashNet,image_classification,test,PaperCardboard,cardboard,trashnet-master/trashnet-master/data/filtered_6class/test/PaperCardboard/cardboard140.jpg,,trashnet-master/trashnet-master/data/dataset-resized/cardboard/cardboard140.jpg,,,,,,,,
trashnet_test_cardboard294.jpg,TrashNet,image_classification,test,PaperCardboard,cardboard,trashnet-master/trashnet-master/data/filtered_6class/test/PaperCardboard/cardboard294.jpg,,trashnet-master/trashnet-master/data/dataset-resized/cardboard/cardboard294.jpg,,,,,,,,
trashnet_test_cardboard290.jpg,TrashNet,image_classification,test,PaperCardboard,cardboard,trashnet-master/trashnet-master/data/filtered_6class/test/PaperCardboard/cardboard290.jpg,,trashnet-master/trashnet-master/data/dataset-resized/cardboard/cardboard290.jpg,,,,,,,,
trashnet_test_paper342.jpg,TrashNet,image_classification,test,PaperCardboard,paper,trashnet-master/trashnet-master/data/filtered_6class/test/PaperCardboard/paper342.jpg,,trashnet-master/trashnet-master/data/dataset-resized/paper/paper342.jpg,,,,,,,,
trashnet_test_cardboard53.jpg,TrashNet,image_classification,test,PaperCardboard,cardboard,trashnet-master/trashnet-master/data/filtered_6class/test/PaperCardboard/cardboard53.jpg,,trashnet-master/trashnet-master/data/dataset-resized/cardboard/cardboard53.jpg,,,,,,,,
trashnet_test_paper314.jpg,TrashNet,image_classification,test,PaperCardboard,paper,trashnet-master/trashnet-master/data/filtered_6class/test/PaperCardboard/paper314.jpg,,trashnet-master/trashnet-master/data/dataset-resized/paper/paper314.jpg,,,,,,,,
trashnet_test_cardboard198.jpg,TrashNet,image_classification,test,PaperCardboard,cardboard,trashnet-master/trashnet-master/data/filtered_6class/test/PaperCardboard/cardboard198.jpg,,trashnet-master/trashnet-master/data/dataset-resized/cardboard/cardboard198.jpg,,,,,,,,
trashnet_test_paper164.jpg,TrashNet,image_classification,test,PaperCardboard,paper,trashnet-master/trashnet-master/data/filtered_6class/test/PaperCardboard/paper164.jpg,,trashnet-master/trashnet-master/data/dataset-resized/paper/paper164.jpg,,,,,,,,
trashnet_test_paper517.jpg,TrashNet,image_classification,test,PaperCardboard,paper,trashnet-master/trashnet-master/data/filtered_6class/test/PaperCardboard/paper517.jpg,,trashnet-master/trashnet-master/data/dataset-resized/paper/paper517.jpg,,,,,,,,
trashnet_test_cardboard357.jpg,TrashNet,image_classification,test,PaperCardboard,cardboard,trashnet-master/trashnet-master/data/filtered_6class/test/PaperCardboard/cardboard357.jpg,,trashnet-master/trashnet-master/data/dataset-resized/cardboard/cardboard357.jpg,,,,,,,,
trashnet_test_cardboard211.jpg,TrashNet,image_classification,test,PaperCardboard,cardboard,trashnet-master/trashnet-master/data/filtered_6class/test/PaperCardboard/cardboard211.jpg,,trashnet-master/trashnet-master/data/dataset-resized/cardboard/cardboard211.jpg,,,,,,,,
trashnet_test_paper36.jpg,TrashNet,image_classification,test,PaperCardboard,paper,trashnet-master/trashnet-master/data/filtered_6class/test/PaperCardboard/paper36.jpg,,trashnet-master/trashnet-master/data/dataset-resized/paper/paper36.jpg,,,,,,,,
trashnet_test_cardboard215.jpg,TrashNet,image_classification,test,PaperCardboard,cardboard,trashnet-master/trashnet-master/data/filtered_6class/test/PaperCardboard/cardboard215.jpg,,trashnet-master/trashnet-master/data/dataset-resized/cardboard/cardboard215.jpg,,,,,,,,
trashnet_test_paper365.jpg,TrashNet,image_classification,test,PaperCardboard,paper,trashnet-master/trashnet-master/data/filtered_6class/test/PaperCardboard/paper365.jpg,,trashnet-master/trashnet-master/data/dataset-resized/paper/paper365.jpg,,,,,,,,
trashnet_test_paper312.jpg,TrashNet,image_classification,test,PaperCardboard,paper,trashnet-master/trashnet-master/data/filtered_6class/test/PaperCardboard/paper312.jpg,,trashnet-master/trashnet-master/data/dataset-resized/paper/paper312.jpg,,,,,,,,
trashnet_test_metal278.jpg,TrashNet,image_classification,test,Metal,metal,trashnet-master/trashnet-master/data/filtered_6class/test/Metal/metal278.jpg,,trashnet-master/trashnet-master/data/dataset-resized/metal/metal278.jpg,,,,,,,,
trashnet_test_metal392.jpg,TrashNet,image_classification,test,Metal,metal,trashnet-master/trashnet-master/data/filtered_6class/test/Metal/metal392.jpg,,trashnet-master/trashnet-master/data/dataset-resized/metal/metal392.jpg,,,,,,,,
trashnet_test_metal119.jpg,TrashNet,image_classification,test,Metal,metal,trashnet-master/trashnet-master/data/filtered_6class/test/Metal/metal119.jpg,,trashnet-master/trashnet-master/data/dataset-resized/metal/metal119.jpg,,,,,,,,
trashnet_test_metal315.jpg,TrashNet,image_classification,test,Metal,metal,trashnet-master/trashnet-master/data/filtered_6class/test/Metal/metal315.jpg,,trashnet-master/trashnet-master/data/dataset-resized/metal/metal315.jpg,,,,,,,,
trashnet_test_metal279.jpg,TrashNet,image_classification,test,Metal,metal,trashnet-master/trashnet-master/data/filtered_6class/test/Metal/metal279.jpg,,trashnet-master/trashnet-master/data/dataset-resized/metal/metal279.jpg,,,,,,,,
trashnet_test_metal108.jpg,TrashNet,image_classification,test,Metal,metal,trashnet-master/trashnet-master/data/filtered_6class/test/Metal/metal108.jpg,,trashnet-master/trashnet-master/data/dataset-resized/metal/metal108.jpg,,,,,,,,
trashnet_test_metal354.jpg,TrashNet,image_classification,test,Metal,metal,trashnet-master/trashnet-master/data/filtered_6class/test/Metal/metal354.jpg,,trashnet-master/trashnet-master/data/dataset-resized/metal/metal354.jpg,,,,,,,,
trashnet_test_metal50.jpg,TrashNet,image_classification,test,Metal,metal,trashnet-master/trashnet-master/data/filtered_6class/test/Metal/metal50.jpg,,trashnet-master/trashnet-master/data/dataset-resized/metal/metal50.jpg,,,,,,,,
trashnet_test_metal332.jpg,TrashNet,image_classification,test,Metal,metal,trashnet-master/trashnet-master/data/filtered_6class/test/Metal/metal332.jpg,,trashnet-master/trashnet-master/data/dataset-resized/metal/metal332.jpg,,,,,,,,
trashnet_test_metal35.jpg,TrashNet,image_classification,test,Metal,metal,trashnet-master/trashnet-master/data/filtered_6class/test/Metal/metal35.jpg,,trashnet-master/trashnet-master/data/dataset-resized/metal/metal35.jpg,,,,,,,,
trashnet_test_metal341.jpg,TrashNet,image_classification,test,Metal,metal,trashnet-master/trashnet-master/data/filtered_6class/test/Metal/metal341.jpg,,trashnet-master/trashnet-master/data/dataset-resized/metal/metal341.jpg,,,,,,,,
trashnet_test_metal13.jpg,TrashNet,image_classification,test,Metal,metal,trashnet-master/trashnet-master/data/filtered_6class/test/Metal/metal13.jpg,,trashnet-master/trashnet-master/data/dataset-resized/metal/metal13.jpg,,,,,,,,
trashnet_test_metal265.jpg,TrashNet,image_classification,test,Metal,metal,trashnet-master/trashnet-master/data/filtered_6class/test/Metal/metal265.jpg,,trashnet-master/trashnet-master/data/dataset-resized/metal/metal265.jpg,,,,,,,,
trashnet_test_metal340.jpg,TrashNet,image_classification,test,Metal,metal,trashnet-master/trashnet-master/data/filtered_6class/test/Metal/metal340.jpg,,trashnet-master/trashnet-master/data/dataset-resized/metal/metal340.jpg,,,,,,,,
trashnet_test_metal138.jpg,TrashNet,image_classification,test,Metal,metal,trashnet-master/trashnet-master/data/filtered_6class/test/Metal/metal138.jpg,,trashnet-master/trashnet-master/data/dataset-resized/metal/metal138.jpg,,,,,,,,
trashnet_test_metal407.jpg,TrashNet,image_classification,test,Metal,metal,trashnet-master/trashnet-master/data/filtered_6class/test/Metal/metal407.jpg,,trashnet-master/trashnet-master/data/dataset-resized/metal/metal407.jpg,,,,,,,,
trashnet_test_metal405.jpg,TrashNet,image_classification,test,Metal,metal,trashnet-master/trashnet-master/data/filtered_6class/test/Metal/metal405.jpg,,trashnet-master/trashnet-master/data/dataset-resized/metal/metal405.jpg,,,,,,,,
trashnet_test_metal185.jpg,TrashNet,image_classification,test,Metal,metal,trashnet-master/trashnet-master/data/filtered_6class/test/Metal/metal185.jpg,,trashnet-master/trashnet-master/data/dataset-resized/metal/metal185.jpg,,,,,,,,
trashnet_test_metal291.jpg,TrashNet,image_classification,test,Metal,metal,trashnet-master/trashnet-master/data/filtered_6class/test/Metal/metal291.jpg,,trashnet-master/trashnet-master/data/dataset-resized/metal/metal291.jpg,,,,,,,,
trashnet_test_metal362.jpg,TrashNet,image_classification,test,Metal,metal,trashnet-master/trashnet-master/data/filtered_6class/test/Metal/metal362.jpg,,trashnet-master/trashnet-master/data/dataset-resized/metal/metal362.jpg,,,,,,,,
trashnet_test_metal69.jpg,TrashNet,image_classification,test,Metal,metal,trashnet-master/trashnet-master/data/filtered_6class/test/Metal/metal69.jpg,,trashnet-master/trashnet-master/data/dataset-resized/metal/metal69.jpg,,,,,,,,
trashnet_test_metal261.jpg,TrashNet,image_classification,test,Metal,metal,trashnet-master/trashnet-master/data/filtered_6class/test/Metal/metal261.jpg,,trashnet-master/trashnet-master/data/dataset-resized/metal/metal261.jpg,,,,,,,,
trashnet_test_metal382.jpg,TrashNet,image_classification,test,Metal,metal,trashnet-master/trashnet-master/data/filtered_6class/test/Metal/metal382.jpg,,trashnet-master/trashnet-master/data/dataset-resized/metal/metal382.jpg,,,,,,,,
trashnet_test_metal1.jpg,TrashNet,image_classification,test,Metal,metal,trashnet-master/trashnet-master/data/filtered_6class/test/Metal/metal1.jpg,,trashnet-master/trashnet-master/data/dataset-resized/metal/metal1.jpg,,,,,,,,
trashnet_test_metal297.jpg,TrashNet,image_classification,test,Metal,metal,trashnet-master/trashnet-master/data/filtered_6class/test/Metal/metal297.jpg,,trashnet-master/trashnet-master/data/dataset-resized/metal/metal297.jpg,,,,,,,,
trashnet_test_metal233.jpg,TrashNet,image_classification,test,Metal,metal,trashnet-master/trashnet-master/data/filtered_6class/test/Metal/metal233.jpg,,trashnet-master/trashnet-master/data/dataset-resized/metal/metal233.jpg,,,,,,,,
trashnet_test_metal165.jpg,TrashNet,image_classification,test,Metal,metal,trashnet-master/trashnet-master/data/filtered_6class/test/Metal/metal165.jpg,,trashnet-master/trashnet-master/data/dataset-resized/metal/metal165.jpg,,,,,,,,
trashnet_test_metal60.jpg,TrashNet,image_classification,test,Metal,metal,trashnet-master/trashnet-master/data/filtered_6class/test/Metal/metal60.jpg,,trashnet-master/trashnet-master/data/dataset-resized/metal/metal60.jpg,,,,,,,,
trashnet_test_metal21.jpg,TrashNet,image_classification,test,Metal,metal,trashnet-master/trashnet-master/data/filtered_6class/test/Metal/metal21.jpg,,trashnet-master/trashnet-master/data/dataset-resized/metal/metal21.jpg,,,,,,,,
trashnet_test_metal364.jpg,TrashNet,image_classification,test,Metal,metal,trashnet-master/trashnet-master/data/filtered_6class/test/Metal/metal364.jpg,,trashnet-master/trashnet-master/data/dataset-resized/metal/metal364.jpg,,,,,,,,
trashnet_test_metal336.jpg,TrashNet,image_classification,test,Metal,metal,trashnet-master/trashnet-master/data/filtered_6class/test/Metal/metal336.jpg,,trashnet-master/trashnet-master/data/dataset-resized/metal/metal336.jpg,,,,,,,,
trashnet_test_metal390.jpg,TrashNet,image_classification,test,Metal,metal,trashnet-master/trashnet-master/data/filtered_6class/test/Metal/metal390.jpg,,trashnet-master/trashnet-master/data/dataset-resized/metal/metal390.jpg,,,,,,,,
trashnet_test_metal106.jpg,TrashNet,image_classification,test,Metal,metal,trashnet-master/trashnet-master/data/filtered_6class/test/Metal/metal106.jpg,,trashnet-master/trashnet-master/data/dataset-resized/metal/metal106.jpg,,,,,,,,
trashnet_test_metal346.jpg,TrashNet,image_classification,test,Metal,metal,trashnet-master/trashnet-master/data/filtered_6class/test/Metal/metal346.jpg,,trashnet-master/trashnet-master/data/dataset-resized/metal/metal346.jpg,,,,,,,,
trashnet_test_metal374.jpg,TrashNet,image_classification,test,Metal,metal,trashnet-master/trashnet-master/data/filtered_6class/test/Metal/metal374.jpg,,trashnet-master/trashnet-master/data/dataset-resized/metal/metal374.jpg,,,,,,,,
trashnet_test_metal329.jpg,TrashNet,image_classification,test,Metal,metal,trashnet-master/trashnet-master/data/filtered_6class/test/Metal/metal329.jpg,,trashnet-master/trashnet-master/data/dataset-resized/metal/metal329.jpg,,,,,,,,
trashnet_test_metal87.jpg,TrashNet,image_classification,test,Metal,metal,trashnet-master/trashnet-master/data/filtered_6class/test/Metal/metal87.jpg,,trashnet-master/trashnet-master/data/dataset-resized/metal/metal87.jpg,,,,,,,,
trashnet_test_metal128.jpg,TrashNet,image_classification,test,Metal,metal,trashnet-master/trashnet-master/data/filtered_6class/test/Metal/metal128.jpg,,trashnet-master/trashnet-master/data/dataset-resized/metal/metal128.jpg,,,,,,,,
trashnet_test_metal31.jpg,TrashNet,image_classification,test,Metal,metal,trashnet-master/trashnet-master/data/filtered_6class/test/Metal/metal31.jpg,,trashnet-master/trashnet-master/data/dataset-resized/metal/metal31.jpg,,,,,,,,
trashnet_test_metal386.jpg,TrashNet,image_classification,test,Metal,metal,trashnet-master/trashnet-master/data/filtered_6class/test/Metal/metal386.jpg,,trashnet-master/trashnet-master/data/dataset-resized/metal/metal386.jpg,,,,,,,,
trashnet_test_metal394.jpg,TrashNet,image_classification,test,Metal,metal,trashnet-master/trashnet-master/data/filtered_6class/test/Metal/metal394.jpg,,trashnet-master/trashnet-master/data/dataset-resized/metal/metal394.jpg,,,,,,,,
trashnet_test_metal292.jpg,TrashNet,image_classification,test,Metal,metal,trashnet-master/trashnet-master/data/filtered_6class/test/Metal/metal292.jpg,,trashnet-master/trashnet-master/data/dataset-resized/metal/metal292.jpg,,,,,,,,
trashnet_test_metal209.jpg,TrashNet,image_classification,test,Metal,metal,trashnet-master/trashnet-master/data/filtered_6class/test/Metal/metal209.jpg,,trashnet-master/trashnet-master/data/dataset-resized/metal/metal209.jpg,,,,,,,,
trashnet_test_metal120.jpg,TrashNet,image_classification,test,Metal,metal,trashnet-master/trashnet-master/data/filtered_6class/test/Metal/metal120.jpg,,trashnet-master/trashnet-master/data/dataset-resized/metal/metal120.jpg,,,,,,,,
trashnet_test_metal155.jpg,TrashNet,image_classification,test,Metal,metal,trashnet-master/trashnet-master/data/filtered_6class/test/Metal/metal155.jpg,,trashnet-master/trashnet-master/data/dataset-resized/metal/metal155.jpg,,,,,,,,
trashnet_test_metal238.jpg,TrashNet,image_classification,test,Metal,metal,trashnet-master/trashnet-master/data/filtered_6class/test/Metal/metal238.jpg,,trashnet-master/trashnet-master/data/dataset-resized/metal/metal238.jpg,,,,,,,,
trashnet_test_metal208.jpg,TrashNet,image_classification,test,Metal,metal,trashnet-master/trashnet-master/data/filtered_6class/test/Metal/metal208.jpg,,trashnet-master/trashnet-master/data/dataset-resized/metal/metal208.jpg,,,,,,,,
trashnet_test_metal231.jpg,TrashNet,image_classification,test,Metal,metal,trashnet-master/trashnet-master/data/filtered_6class/test/Metal/metal231.jpg,,trashnet-master/trashnet-master/data/dataset-resized/metal/metal231.jpg,,,,,,,,
trashnet_test_metal15.jpg,TrashNet,image_classification,test,Metal,metal,trashnet-master/trashnet-master/data/filtered_6class/test/Metal/metal15.jpg,,trashnet-master/trashnet-master/data/dataset-resized/metal/metal15.jpg,,,,,,,,
trashnet_test_metal294.jpg,TrashNet,image_classification,test,Metal,metal,trashnet-master/trashnet-master/data/filtered_6class/test/Metal/metal294.jpg,,trashnet-master/trashnet-master/data/dataset-resized/metal/metal294.jpg,,,,,,,,
trashnet_test_metal342.jpg,TrashNet,image_classification,test,Metal,metal,trashnet-master/trashnet-master/data/filtered_6class/test/Metal/metal342.jpg,,trashnet-master/trashnet-master/data/dataset-resized/metal/metal342.jpg,,,,,,,,
trashnet_test_metal38.jpg,TrashNet,image_classification,test,Metal,metal,trashnet-master/trashnet-master/data/filtered_6class/test/Metal/metal38.jpg,,trashnet-master/trashnet-master/data/dataset-resized/metal/metal38.jpg,,,,,,,,
trashnet_test_metal65.jpg,TrashNet,image_classification,test,Metal,metal,trashnet-master/trashnet-master/data/filtered_6class/test/Metal/metal65.jpg,,trashnet-master/trashnet-master/data/dataset-resized/metal/metal65.jpg,,,,,,,,
trashnet_test_metal351.jpg,TrashNet,image_classification,test,Metal,metal,trashnet-master/trashnet-master/data/filtered_6class/test/Metal/metal351.jpg,,trashnet-master/trashnet-master/data/dataset-resized/metal/metal351.jpg,,,,,,,,
trashnet_test_metal168.jpg,TrashNet,image_classification,test,Metal,metal,trashnet-master/trashnet-master/data/filtered_6class/test/Metal/metal168.jpg,,trashnet-master/trashnet-master/data/dataset-resized/metal/metal168.jpg,,,,,,,,
trashnet_test_metal199.jpg,TrashNet,image_classification,test,Metal,metal,trashnet-master/trashnet-master/data/filtered_6class/test/Metal/metal199.jpg,,trashnet-master/trashnet-master/data/dataset-resized/metal/metal199.jpg,,,,,,,,
trashnet_test_metal217.jpg,TrashNet,image_classification,test,Metal,metal,trashnet-master/trashnet-master/data/filtered_6class/test/Metal/metal217.jpg,,trashnet-master/trashnet-master/data/dataset-resized/metal/metal217.jpg,,,,,,,,
trashnet_test_metal107.jpg,TrashNet,image_classification,test,Metal,metal,trashnet-master/trashnet-master/data/filtered_6class/test/Metal/metal107.jpg,,trashnet-master/trashnet-master/data/dataset-resized/metal/metal107.jpg,,,,,,,,
trashnet_test_metal135.jpg,TrashNet,image_classification,test,Metal,metal,trashnet-master/trashnet-master/data/filtered_6class/test/Metal/metal135.jpg,,trashnet-master/trashnet-master/data/dataset-resized/metal/metal135.jpg,,,,,,,,
trashnet_test_metal100.jpg,TrashNet,image_classification,test,Metal,metal,trashnet-master/trashnet-master/data/filtered_6class/test/Metal/metal100.jpg,,trashnet-master/trashnet-master/data/dataset-resized/metal/metal100.jpg,,,,,,,,
trashnet_test_metal383.jpg,TrashNet,image_classification,test,Metal,metal,trashnet-master/trashnet-master/data/filtered_6class/test/Metal/metal383.jpg,,trashnet-master/trashnet-master/data/dataset-resized/metal/metal383.jpg,,,,,,,,
trashnet_test_metal305.jpg,TrashNet,image_classification,test,Metal,metal,trashnet-master/trashnet-master/data/filtered_6class/test/Metal/metal305.jpg,,trashnet-master/trashnet-master/data/dataset-resized/metal/metal305.jpg,,,,,,,,
trashnet_test_trash33.jpg,TrashNet,image_classification,test,Other,trash,trashnet-master/trashnet-master/data/filtered_6class/test/Other/trash33.jpg,,trashnet-master/trashnet-master/data/dataset-resized/trash/trash33.jpg,,,,,,,,
trashnet_test_trash21.jpg,TrashNet,image_classification,test,Other,trash,trashnet-master/trashnet-master/data/filtered_6class/test/Other/trash21.jpg,,trashnet-master/trashnet-master/data/dataset-resized/trash/trash21.jpg,,,,,,,,
trashnet_test_trash34.jpg,TrashNet,image_classification,test,Other,trash,trashnet-master/trashnet-master/data/filtered_6class/test/Other/trash34.jpg,,trashnet-master/trashnet-master/data/dataset-resized/trash/trash34.jpg,,,,,,,,
trashnet_test_trash45.jpg,TrashNet,image_classification,test,Other,trash,trashnet-master/trashnet-master/data/filtered_6class/test/Other/trash45.jpg,,trashnet-master/trashnet-master/data/dataset-resized/trash/trash45.jpg,,,,,,,,
trashnet_test_trash121.jpg,TrashNet,image_classification,test,Other,trash,trashnet-master/trashnet-master/data/filtered_6class/test/Other/trash121.jpg,,trashnet-master/trashnet-master/data/dataset-resized/trash/trash121.jpg,,,,,,,,
trashnet_test_trash99.jpg,TrashNet,image_classification,test,Other,trash,trashnet-master/trashnet-master/data/filtered_6class/test/Other/trash99.jpg,,trashnet-master/trashnet-master/data/dataset-resized/trash/trash99.jpg,,,,,,,,
trashnet_test_trash62.jpg,TrashNet,image_classification,test,Other,trash,trashnet-master/trashnet-master/data/filtered_6class/test/Other/trash62.jpg,,trashnet-master/trashnet-master/data/dataset-resized/trash/trash62.jpg,,,,,,,,
trashnet_test_trash17.jpg,TrashNet,image_classification,test,Other,trash,trashnet-master/trashnet-master/data/filtered_6class/test/Other/trash17.jpg,,trashnet-master/trashnet-master/data/dataset-resized/trash/trash17.jpg,,,,,,,,
trashnet_test_trash84.jpg,TrashNet,image_classification,test,Other,trash,trashnet-master/trashnet-master/data/filtered_6class/test/Other/trash84.jpg,,trashnet-master/trashnet-master/data/dataset-resized/trash/trash84.jpg,,,,,,,,
trashnet_test_trash95.jpg,TrashNet,image_classification,test,Other,trash,trashnet-master/trashnet-master/data/filtered_6class/test/Other/trash95.jpg,,trashnet-master/trashnet-master/data/dataset-resized/trash/trash95.jpg,,,,,,,,
trashnet_test_trash14.jpg,TrashNet,image_classification,test,Other,trash,trashnet-master/trashnet-master/data/filtered_6class/test/Other/trash14.jpg,,trashnet-master/trashnet-master/data/dataset-resized/trash/trash14.jpg,,,,,,,,
trashnet_test_trash67.jpg,TrashNet,image_classification,test,Other,trash,trashnet-master/trashnet-master/data/filtered_6class/test/Other/trash67.jpg,,trashnet-master/trashnet-master/data/dataset-resized/trash/trash67.jpg,,,,,,,,
trashnet_test_trash61.jpg,TrashNet,image_classification,test,Other,trash,trashnet-master/trashnet-master/data/filtered_6class/test/Other/trash61.jpg,,trashnet-master/trashnet-master/data/dataset-resized/trash/trash61.jpg,,,,,,,,
trashnet_test_trash66.jpg,TrashNet,image_classification,test,Other,trash,trashnet-master/trashnet-master/data/filtered_6class/test/Other/trash66.jpg,,trashnet-master/trashnet-master/data/dataset-resized/trash/trash66.jpg,,,,,,,,
trashnet_test_trash120.jpg,TrashNet,image_classification,test,Other,trash,trashnet-master/trashnet-master/data/filtered_6class/test/Other/trash120.jpg,,trashnet-master/trashnet-master/data/dataset-resized/trash/trash120.jpg,,,,,,,,
trashnet_test_trash128.jpg,TrashNet,image_classification,test,Other,trash,trashnet-master/trashnet-master/data/filtered_6class/test/Other/trash128.jpg,,trashnet-master/trashnet-master/data/dataset-resized/trash/trash128.jpg,,,,,,,,
trashnet_test_trash126.jpg,TrashNet,image_classification,test,Other,trash,trashnet-master/trashnet-master/data/filtered_6class/test/Other/trash126.jpg,,trashnet-master/trashnet-master/data/dataset-resized/trash/trash126.jpg,,,,,,,,
trashnet_test_trash4.jpg,TrashNet,image_classification,test,Other,trash,trashnet-master/trashnet-master/data/filtered_6class/test/Other/trash4.jpg,,trashnet-master/trashnet-master/data/dataset-resized/trash/trash4.jpg,,,,,,,,
trashnet_test_trash8.jpg,TrashNet,image_classification,test,Other,trash,trashnet-master/trashnet-master/data/filtered_6class/test/Other/trash8.jpg,,trashnet-master/trashnet-master/data/dataset-resized/trash/trash8.jpg,,,,,,,,
trashnet_test_trash92.jpg,TrashNet,image_classification,test,Other,trash,trashnet-master/trashnet-master/data/filtered_6class/test/Other/trash92.jpg,,trashnet-master/trashnet-master/data/dataset-resized/trash/trash92.jpg,,,,,,,,
trashnet_test_trash64.jpg,TrashNet,image_classification,test,Other,trash,trashnet-master/trashnet-master/data/filtered_6class/test/Other/trash64.jpg,,trashnet-master/trashnet-master/data/dataset-resized/trash/trash64.jpg,,,,,,,,
trashnet_test_trash115.jpg,TrashNet,image_classification,test,Other,trash,trashnet-master/trashnet-master/data/filtered_6class/test/Other/trash115.jpg,,trashnet-master/trashnet-master/data/dataset-resized/trash/trash115.jpg,,,,,,,,
