sample_id,source_dataset,annotation_type,split,final_class,source_label,image_path,crop_path,source_image_path,image_width,image_height,bbox_x,bbox_y,bbox_width,bbox_height,image_id,annotation_id
test_Glass_000010_ann4068,TACO,cleaned_image_classification,test,Glass,Glass,prepared_datasets/combined_6class_confusion_cleaned/test/Glass/000010_ann4068.jpg,prepared_datasets/combined_6class_confusion_cleaned/test/Glass/000010_ann4068.jpg,prepared_datasets/combined_6class_confusion_cleaned/test/Glass/000010_ann4068.jpg,,,,,,,,
test_Glass_000011_ann376,TACO,cleaned_image_classification,test,Glass,Glass,prepared_datasets/combined_6class_confusion_cleaned/test/Glass/000011_ann376.jpg,prepared_datasets/combined_6class_confusion_cleaned/test/Glass/000011_ann376.jpg,prepared_datasets/combined_6class_confusion_cleaned/test/Glass/000011_ann376.jpg,,,,,,,,
test_Glass_000012_ann24,TACO,cleaned_image_classification,test,Glass,Glass,prepared_datasets/combined_6class_confusion_cleaned/test/Glass/000012_ann24.jpg,prepared_datasets/combined_6class_confusion_cleaned/test/Glass/000012_ann24.jpg,prepared_datasets/combined_6class_confusion_cleaned/test/Glass/000012_ann24.jpg,,,,,,,,
test_Glass_000016_ann101,TACO,cleaned_image_classification,test,Glass,Glass,prepared_datasets/combined_6class_confusion_cleaned/test/Glass/000016_ann101.jpg,prepared_datasets/combined_6class_confusion_cleaned/test/Glass/000016_ann101.jpg,prepared_datasets/combined_6class_confusion_cleaned/test/Glass/000016_ann101.jpg,,,,,,,,
test_Glass_000040_ann4277,TACO,cleaned_image_classification,test,Glass,Glass,prepared_datasets/combined_6class_confusion_cleaned/test/Glass/000040_ann4277.jpg,prepared_datasets/combined_6class_confusion_cleaned/test/Glass/000040_ann4277.jpg,prepared_datasets/combined_6class_confusion_cleaned/test/Glass/000040_ann4277.jpg,,,,,,,,
test_Glass_000055_ann3431,TACO,cleaned_image_classification,test,Glass,Glass,prepared_datasets/combined_6class_confusion_cleaned/test/Glass/000055_ann3431.jpg,prepared_datasets/combined_6class_confusion_cleaned/test/Glass/000055_ann3431.jpg,prepared_datasets/combined_6class_confusion_cleaned/test/Glass/000055_ann3431.jpg,,,,,,,,
test_Glass_000057_ann1205,TACO,cleaned_image_classification,test,Glass,Glass,prepared_datasets/combined_6class_confusion_cleaned/test/Glass/000057_ann1205.jpg,prepared_datasets/combined_6class_confusion_cleaned/test/Glass/000057_ann1205.jpg,prepared_datasets/combined_6class_confusion_cleaned/test/Glass/000057_ann1205.jpg,,,,,,,,
test_Glass_000059_ann1629,TACO,cleaned_image_classification,test,Glass,Glass,prepared_datasets/combined_6class_confusion_cleaned/test/Glass/000059_ann1629.jpg,prepared_datasets/combined_6class_confusion_cleaned/test/Glass/000059_ann1629.jpg,prepared_datasets/combined_6class_confusion_cleaned/test/Glass/000059_ann1629.jpg,,,,,,,,
test_Glass_000097_ann4776,TACO,cleaned_image_classification,test,Glass,Glass,prepared_datasets/combined_6class_confusion_cleaned/test/Glass/000097_ann4776.jpg,prepared_datasets/combined_6class_confusion_cleaned/test/Glass/000097_ann4776.jpg,prepared_datasets/combined_6class_confusion_cleaned/test/Glass/000097_ann4776.jpg,,,,,,,,
test_Glass_000098_ann917,TACO,cleaned_image_classification,test,Glass,Glass,prepared_datasets/combined_6class_confusion_cleaned/test/Glass/000098_ann917.jpg,prepared_datasets/combined_6class_confusion_cleaned/test/Glass/000098_ann917.jpg,prepared_datasets/combined_6class_confusion_cleaned/test/Glass/000098_ann917.jpg,,,,,,,,
test_Glass_000099_ann4783,TACO,cleaned_image_classification,test,Glass,Glass,prepared_datasets/combined_6class_confusion_cleaned/test/Glass/000099_ann4783.jpg,prepared_datasets/combined_6class_confusion_cleaned/test/Glass/000099_ann4783.jpg,prepared_datasets/combined_6class_confusion_cleaned/test/Glass/000099_ann4783.jpg,,,,,,,,
test_Glass_glass1,TrashNet,cleaned_image_classification,test,Glass,Glass,prepared_datasets/combined_6class_confusion_cleaned/test/Glass/glass1.jpg,prepared_datasets/combined_6class_confusion_cleaned/test/Glass/glass1.jpg,prepared_datasets/combined_6class_confusion_cleaned/test/Glass/glass1.jpg,,,,,,,,
test_Glass_glass111,TrashNet,cleaned_image_classification,test,Glass,Glass,prepared_datasets/combined_6class_confusion_cleaned/test/Glass/glass111.jpg,prepared_datasets/combined_6class_confusion_cleaned/test/Glass/glass111.jpg,prepared_datasets/combined_6class_confusion_cleaned/test/Glass/glass111.jpg,,,,,,,,
test_Glass_glass116,TrashNet,cleaned_image_classification,test,Glass,Glass,prepared_datasets/combined_6class_confusion_cleaned/test/Glass/glass116.jpg,prepared_datasets/combined_6class_confusion_cleaned/test/Glass/glass116.jpg,prepared_datasets/combined_6class_confusion_cleaned/test/Glass/glass116.jpg,,,,,,,,
test_Glass_glass119,TrashNet,cleaned_image_classification,test,Glass,Glass,prepared_datasets/combined_6class_confusion_cleaned/test/Glass/glass119.jpg,prepared_datasets/combined_6class_confusion_cleaned/test/Glass/glass119.jpg,prepared_datasets/combined_6class_confusion_cleaned/test/Glass/glass119.jpg,,,,,,,,
test_Glass_glass130,TrashNet,cleaned_image_classification,test,Glass,Glass,prepared_datasets/combined_6class_confusion_cleaned/test/Glass/glass130.jpg,prepared_datasets/combined_6class_confusion_cleaned/test/Glass/glass130.jpg,prepared_datasets/combined_6class_confusion_cleaned/test/Glass/glass130.jpg,,,,,,,,
test_Glass_glass149,TrashNet,cleaned_image_classification,test,Glass,Glass,prepared_datasets/combined_6class_confusion_cleaned/test/Glass/glass149.jpg,prepared_datasets/combined_6class_confusion_cleaned/test/Glass/glass149.jpg,prepared_datasets/combined_6class_confusion_cleaned/test/Glass/glass149.jpg,,,,,,,,
test_Glass_glass152,TrashNet,cleaned_image_classification,test,Glass,Glass,prepared_datasets/combined_6class_confusion_cleaned/test/Glass/glass152.jpg,prepared_datasets/combined_6class_confusion_cleaned/test/Glass/glass152.jpg,prepared_datasets/combined_6class_confusion_cleaned/test/Glass/glass152.jpg,,,,,,,,
test_Glass_glass156,TrashNet,cleaned_image_classification,test,Glass,Glass,prepared_datasets/combined_6class_confusion_cleaned/test/Glass/glass156.jpg,prepared_datasets/combined_6class_confusion_cleaned/test/Glass/glass156.jpg,prepared_datasets/combined_6class_confusion_cleaned/test/Glass/glass156.jpg,,,,,,,,
test_Glass_glass158,TrashNet,cleaned_image_classification,test,Glass,Glass,prepared_datasets/combined_6class_confusion_cleaned/test/Glass/glass158.jpg,prepared_datasets/combined_6class_confusion_cleaned/test/Glass/glass158.jpg,prepared_datasets/combined_6class_confusion_cleaned/test/Glass/glass158.jpg,,,,,,,,
test_Glass_glass181,TrashNet,cleaned_image_classification,test,Glass,Glass,prepared_datasets/combined_6class_confusion_cleaned/test/Glass/glass181.jpg,prepared_datasets/combined_6class_confusion_cleaned/test/Glass/glass181.jpg,prepared_datasets/combined_6class_confusion_cleaned/test/Glass/glass181.jpg,,,,,,,,
test_Glass_glass187,TrashNet,cleaned_image_classification,test,Glass,Glass,prepared_datasets/combined_6class_confusion_cleaned/test/Glass/glass187.jpg,prepared_datasets/combined_6class_confusion_cleaned/test/Glass/glass187.jpg,prepared_datasets/combined_6class_confusion_cleaned/test/Glass/glass187.jpg,,,,,,,,
test_Glass_glass188,TrashNet,cleaned_image_classification,test,Glass,Glass,prepared_datasets/combined_6class_confusion_cleaned/test/Glass/glass188.jpg,prepared_datasets/combined_6class_confusion_cleaned/test/Glass/glass188.jpg,prepared_datasets/combined_6class_confusion_cleaned/test/Glass/glass188.jpg,,,,,,,,
test_Glass_glass19,TrashNet,cleaned_image_classification,test,Glass,Glass,prepared_datasets/combined_6class_confusion_cleaned/test/Glass/glass19.jpg,prepared_datasets/combined_6class_confusion_cleaned/test/Glass/glass19.jpg,prepared_datasets/combined_6class_confusion_cleaned/test/Glass/glass19.jpg,,,,,,,,
test_Glass_glass216,TrashNet,cleaned_image_classification,test,Glass,Glass,prepared_datasets/combined_6class_confusion_cleaned/test/Glass/glass216.jpg,prepared_datasets/combined_6class_confusion_cleaned/test/Glass/glass216.jpg,prepared_datasets/combined_6class_confusion_cleaned/test/Glass/glass216.jpg,,,,,,,,
test_Glass_glass219,TrashNet,cleaned_image_classification,test,Glass,Glass,prepared_datasets/combined_6class_confusion_cleaned/test/Glass/glass219.jpg,prepared_datasets/combined_6class_confusion_cleaned/test/Glass/glass219.jpg,prepared_datasets/combined_6class_confusion_cleaned/test/Glass/glass219.jpg,,,,,,,,
test_Glass_glass220,TrashNet,cleaned_image_classification,test,Glass,Glass,prepared_datasets/combined_6class_confusion_cleaned/test/Glass/glass220.jpg,prepared_datasets/combined_6class_confusion_cleaned/test/Glass/glass220.jpg,prepared_datasets/combined_6class_confusion_cleaned/test/Glass/glass220.jpg,,,,,,,,
test_Glass_glass227,TrashNet,cleaned_image_classification,test,Glass,Glass,prepared_datasets/combined_6class_confusion_cleaned/test/Glass/glass227.jpg,prepared_datasets/combined_6class_confusion_cleaned/test/Glass/glass227.jpg,prepared_datasets/combined_6class_confusion_cleaned/test/Glass/glass227.jpg,,,,,,,,
test_Glass_glass235,TrashNet,cleaned_image_classification,test,Glass,Glass,prepared_datasets/combined_6class_confusion_cleaned/test/Glass/glass235.jpg,prepared_datasets/combined_6class_confusion_cleaned/test/Glass/glass235.jpg,prepared_datasets/combined_6class_confusion_cleaned/test/Glass/glass235.jpg,,,,,,,,
test_Glass_glass237,TrashNet,cleaned_image_classification,test,Glass,Glass,prepared_datasets/combined_6class_confusion_cleaned/test/Glass/glass237.jpg,prepared_datasets/combined_6class_confusion_cleaned/test/Glass/glass237.jpg,prepared_datasets/combined_6class_confusion_cleaned/test/Glass/glass237.jpg,,,,,,,,
test_Glass_glass241,TrashNet,cleaned_image_classification,test,Glass,Glass,prepared_datasets/combined_6class_confusion_cleaned/test/Glass/glass241.jpg,prepared_datasets/combined_6class_confusion_cleaned/test/Glass/glass241.jpg,prepared_datasets/combined_6class_confusion_cleaned/test/Glass/glass241.jpg,,,,,,,,
test_Glass_glass243,TrashNet,cleaned_image_classification,test,Glass,Glass,prepared_datasets/combined_6class_confusion_cleaned/test/Glass/glass243.jpg,prepared_datasets/combined_6class_confusion_cleaned/test/Glass/glass243.jpg,prepared_datasets/combined_6class_confusion_cleaned/test/Glass/glass243.jpg,,,,,,,,
test_Glass_glass25,TrashNet,cleaned_image_classification,test,Glass,Glass,prepared_datasets/combined_6class_confusion_cleaned/test/Glass/glass25.jpg,prepared_datasets/combined_6class_confusion_cleaned/test/Glass/glass25.jpg,prepared_datasets/combined_6class_confusion_cleaned/test/Glass/glass25.jpg,,,,,,,,
test_Glass_glass251,TrashNet,cleaned_image_classification,test,Glass,Glass,prepared_datasets/combined_6class_confusion_cleaned/test/Glass/glass251.jpg,prepared_datasets/combined_6class_confusion_cleaned/test/Glass/glass251.jpg,prepared_datasets/combined_6class_confusion_cleaned/test/Glass/glass251.jpg,,,,,,,,
test_Glass_glass258,TrashNet,cleaned_image_classification,test,Glass,Glass,prepared_datasets/combined_6class_confusion_cleaned/test/Glass/glass258.jpg,prepared_datasets/combined_6class_confusion_cleaned/test/Glass/glass258.jpg,prepared_datasets/combined_6class_confusion_cleaned/test/Glass/glass258.jpg,,,,,,,,
test_Glass_glass260,TrashNet,cleaned_image_classification,test,Glass,Glass,prepared_datasets/combined_6class_confusion_cleaned/test/Glass/glass260.jpg,prepared_datasets/combined_6class_confusion_cleaned/test/Glass/glass260.jpg,prepared_datasets/combined_6class_confusion_cleaned/test/Glass/glass260.jpg,,,,,,,,
test_Glass_glass267,TrashNet,cleaned_image_classification,test,Glass,Glass,prepared_datasets/combined_6class_confusion_cleaned/test/Glass/glass267.jpg,prepared_datasets/combined_6class_confusion_cleaned/test/Glass/glass267.jpg,prepared_datasets/combined_6class_confusion_cleaned/test/Glass/glass267.jpg,,,,,,,,
test_Glass_glass274,TrashNet,cleaned_image_classification,test,Glass,Glass,prepared_datasets/combined_6class_confusion_cleaned/test/Glass/glass274.jpg,prepared_datasets/combined_6class_confusion_cleaned/test/Glass/glass274.jpg,prepared_datasets/combined_6class_confusion_cleaned/test/Glass/glass274.jpg,,,,,,,,
test_Glass_glass277,TrashNet,cleaned_image_classification,test,Glass,Glass,prepared_datasets/combined_6class_confusion_cleaned/test/Glass/glass277.jpg,prepared_datasets/combined_6class_confusion_cleaned/test/Glass/glass277.jpg,prepared_datasets/combined_6class_confusion_cleaned/test/Glass/glass277.jpg,,,,,,,,
test_Glass_glass283,TrashNet,cleaned_image_classification,test,Glass,Glass,prepared_datasets/combined_6class_confusion_cleaned/test/Glass/glass283.jpg,prepared_datasets/combined_6class_confusion_cleaned/test/Glass/glass283.jpg,prepared_datasets/combined_6class_confusion_cleaned/test/Glass/glass283.jpg,,,,,,,,
test_Glass_glass285,TrashNet,cleaned_image_classification,test,Glass,Glass,prepared_datasets/combined_6class_confusion_cleaned/test/Glass/glass285.jpg,prepared_datasets/combined_6class_confusion_cleaned/test/Glass/glass285.jpg,prepared_datasets/combined_6class_confusion_cleaned/test/Glass/glass285.jpg,,,,,,,,
test_Glass_glass288,TrashNet,cleaned_image_classification,test,Glass,Glass,prepared_datasets/combined_6class_confusion_cleaned/test/Glass/glass288.jpg,prepared_datasets/combined_6class_confusion_cleaned/test/Glass/glass288.jpg,prepared_datasets/combined_6class_confusion_cleaned/test/Glass/glass288.jpg,,,,,,,,
test_Glass_glass293,TrashNet,cleaned_image_classification,test,Glass,Glass,prepared_datasets/combined_6class_confusion_cleaned/test/Glass/glass293.jpg,prepared_datasets/combined_6class_confusion_cleaned/test/Glass/glass293.jpg,prepared_datasets/combined_6class_confusion_cleaned/test/Glass/glass293.jpg,,,,,,,,
test_Glass_glass298,TrashNet,cleaned_image_classification,test,Glass,Glass,prepared_datasets/combined_6class_confusion_cleaned/test/Glass/glass298.jpg,prepared_datasets/combined_6class_confusion_cleaned/test/Glass/glass298.jpg,prepared_datasets/combined_6class_confusion_cleaned/test/Glass/glass298.jpg,,,,,,,,
test_Glass_glass3,TrashNet,cleaned_image_classification,test,Glass,Glass,prepared_datasets/combined_6class_confusion_cleaned/test/Glass/glass3.jpg,prepared_datasets/combined_6class_confusion_cleaned/test/Glass/glass3.jpg,prepared_datasets/combined_6class_confusion_cleaned/test/Glass/glass3.jpg,,,,,,,,
test_Glass_glass30,TrashNet,cleaned_image_classification,test,Glass,Glass,prepared_datasets/combined_6class_confusion_cleaned/test/Glass/glass30.jpg,prepared_datasets/combined_6class_confusion_cleaned/test/Glass/glass30.jpg,prepared_datasets/combined_6class_confusion_cleaned/test/Glass/glass30.jpg,,,,,,,,
test_Glass_glass332,TrashNet,cleaned_image_classification,test,Glass,Glass,prepared_datasets/combined_6class_confusion_cleaned/test/Glass/glass332.jpg,prepared_datasets/combined_6class_confusion_cleaned/test/Glass/glass332.jpg,prepared_datasets/combined_6class_confusion_cleaned/test/Glass/glass332.jpg,,,,,,,,
test_Glass_glass333,TrashNet,cleaned_image_classification,test,Glass,Glass,prepared_datasets/combined_6class_confusion_cleaned/test/Glass/glass333.jpg,prepared_datasets/combined_6class_confusion_cleaned/test/Glass/glass333.jpg,prepared_datasets/combined_6class_confusion_cleaned/test/Glass/glass333.jpg,,,,,,,,
test_Glass_glass334,TrashNet,cleaned_image_classification,test,Glass,Glass,prepared_datasets/combined_6class_confusion_cleaned/test/Glass/glass334.jpg,prepared_datasets/combined_6class_confusion_cleaned/test/Glass/glass334.jpg,prepared_datasets/combined_6class_confusion_cleaned/test/Glass/glass334.jpg,,,,,,,,
test_Glass_glass339,TrashNet,cleaned_image_classification,test,Glass,Glass,prepared_datasets/combined_6class_confusion_cleaned/test/Glass/glass339.jpg,prepared_datasets/combined_6class_confusion_cleaned/test/Glass/glass339.jpg,prepared_datasets/combined_6class_confusion_cleaned/test/Glass/glass339.jpg,,,,,,,,
test_Glass_glass346,TrashNet,cleaned_image_classification,test,Glass,Glass,prepared_datasets/combined_6class_confusion_cleaned/test/Glass/glass346.jpg,prepared_datasets/combined_6class_confusion_cleaned/test/Glass/glass346.jpg,prepared_datasets/combined_6class_confusion_cleaned/test/Glass/glass346.jpg,,,,,,,,
test_Glass_glass347,TrashNet,cleaned_image_classification,test,Glass,Glass,prepared_datasets/combined_6class_confusion_cleaned/test/Glass/glass347.jpg,prepared_datasets/combined_6class_confusion_cleaned/test/Glass/glass347.jpg,prepared_datasets/combined_6class_confusion_cleaned/test/Glass/glass347.jpg,,,,,,,,
test_Glass_glass354,TrashNet,cleaned_image_classification,test,Glass,Glass,prepared_datasets/combined_6class_confusion_cleaned/test/Glass/glass354.jpg,prepared_datasets/combined_6class_confusion_cleaned/test/Glass/glass354.jpg,prepared_datasets/combined_6class_confusion_cleaned/test/Glass/glass354.jpg,,,,,,,,
test_Glass_glass365,TrashNet,cleaned_image_classification,test,Glass,Glass,prepared_datasets/combined_6class_confusion_cleaned/test/Glass/glass365.jpg,prepared_datasets/combined_6class_confusion_cleaned/test/Glass/glass365.jpg,prepared_datasets/combined_6class_confusion_cleaned/test/Glass/glass365.jpg,,,,,,,,
test_Glass_glass367,TrashNet,cleaned_image_classification,test,Glass,Glass,prepared_datasets/combined_6class_confusion_cleaned/test/Glass/glass367.jpg,prepared_datasets/combined_6class_confusion_cleaned/test/Glass/glass367.jpg,prepared_datasets/combined_6class_confusion_cleaned/test/Glass/glass367.jpg,,,,,,,,
test_Glass_glass374,TrashNet,cleaned_image_classification,test,Glass,Glass,prepared_datasets/combined_6class_confusion_cleaned/test/Glass/glass374.jpg,prepared_datasets/combined_6class_confusion_cleaned/test/Glass/glass374.jpg,prepared_datasets/combined_6class_confusion_cleaned/test/Glass/glass374.jpg,,,,,,,,
test_Glass_glass379,TrashNet,cleaned_image_classification,test,Glass,Glass,prepared_datasets/combined_6class_confusion_cleaned/test/Glass/glass379.jpg,prepared_datasets/combined_6class_confusion_cleaned/test/Glass/glass379.jpg,prepared_datasets/combined_6class_confusion_cleaned/test/Glass/glass379.jpg,,,,,,,,
test_Glass_glass387,TrashNet,cleaned_image_classification,test,Glass,Glass,prepared_datasets/combined_6class_confusion_cleaned/test/Glass/glass387.jpg,prepared_datasets/combined_6class_confusion_cleaned/test/Glass/glass387.jpg,prepared_datasets/combined_6class_confusion_cleaned/test/Glass/glass387.jpg,,,,,,,,
test_Glass_glass395,TrashNet,cleaned_image_classification,test,Glass,Glass,prepared_datasets/combined_6class_confusion_cleaned/test/Glass/glass395.jpg,prepared_datasets/combined_6class_confusion_cleaned/test/Glass/glass395.jpg,prepared_datasets/combined_6class_confusion_cleaned/test/Glass/glass395.jpg,,,,,,,,
test_Glass_glass404,TrashNet,cleaned_image_classification,test,Glass,Glass,prepared_datasets/combined_6class_confusion_cleaned/test/Glass/glass404.jpg,prepared_datasets/combined_6class_confusion_cleaned/test/Glass/glass404.jpg,prepared_datasets/combined_6class_confusion_cleaned/test/Glass/glass404.jpg,,,,,,,,
test_Glass_glass405,TrashNet,cleaned_image_classification,test,Glass,Glass,prepared_datasets/combined_6class_confusion_cleaned/test/Glass/glass405.jpg,prepared_datasets/combined_6class_confusion_cleaned/test/Glass/glass405.jpg,prepared_datasets/combined_6class_confusion_cleaned/test/Glass/glass405.jpg,,,,,,,,
test_Glass_glass406,TrashNet,cleaned_image_classification,test,Glass,Glass,prepared_datasets/combined_6class_confusion_cleaned/test/Glass/glass406.jpg,prepared_datasets/combined_6class_confusion_cleaned/test/Glass/glass406.jpg,prepared_datasets/combined_6class_confusion_cleaned/test/Glass/glass406.jpg,,,,,,,,
test_Glass_glass408,TrashNet,cleaned_image_classification,test,Glass,Glass,prepared_datasets/combined_6class_confusion_cleaned/test/Glass/glass408.jpg,prepared_datasets/combined_6class_confusion_cleaned/test/Glass/glass408.jpg,prepared_datasets/combined_6class_confusion_cleaned/test/Glass/glass408.jpg,,,,,,,,
test_Glass_glass410,TrashNet,cleaned_image_classification,test,Glass,Glass,prepared_datasets/combined_6class_confusion_cleaned/test/Glass/glass410.jpg,prepared_datasets/combined_6class_confusion_cleaned/test/Glass/glass410.jpg,prepared_datasets/combined_6class_confusion_cleaned/test/Glass/glass410.jpg,,,,,,,,
test_Glass_glass411,TrashNet,cleaned_image_classification,test,Glass,Glass,prepared_datasets/combined_6class_confusion_cleaned/test/Glass/glass411.jpg,prepared_datasets/combined_6class_confusion_cleaned/test/Glass/glass411.jpg,prepared_datasets/combined_6class_confusion_cleaned/test/Glass/glass411.jpg,,,,,,,,
test_Glass_glass415,TrashNet,cleaned_image_classification,test,Glass,Glass,prepared_datasets/combined_6class_confusion_cleaned/test/Glass/glass415.jpg,prepared_datasets/combined_6class_confusion_cleaned/test/Glass/glass415.jpg,prepared_datasets/combined_6class_confusion_cleaned/test/Glass/glass415.jpg,,,,,,,,
test_Glass_glass42,TrashNet,cleaned_image_classification,test,Glass,Glass,prepared_datasets/combined_6class_confusion_cleaned/test/Glass/glass42.jpg,prepared_datasets/combined_6class_confusion_cleaned/test/Glass/glass42.jpg,prepared_datasets/combined_6class_confusion_cleaned/test/Glass/glass42.jpg,,,,,,,,
test_Glass_glass425,TrashNet,cleaned_image_classification,test,Glass,Glass,prepared_datasets/combined_6class_confusion_cleaned/test/Glass/glass425.jpg,prepared_datasets/combined_6class_confusion_cleaned/test/Glass/glass425.jpg,prepared_datasets/combined_6class_confusion_cleaned/test/Glass/glass425.jpg,,,,,,,,
test_Glass_glass430,TrashNet,cleaned_image_classification,test,Glass,Glass,prepared_datasets/combined_6class_confusion_cleaned/test/Glass/glass430.jpg,prepared_datasets/combined_6class_confusion_cleaned/test/Glass/glass430.jpg,prepared_datasets/combined_6class_confusion_cleaned/test/Glass/glass430.jpg,,,,,,,,
test_Glass_glass435,TrashNet,cleaned_image_classification,test,Glass,Glass,prepared_datasets/combined_6class_confusion_cleaned/test/Glass/glass435.jpg,prepared_datasets/combined_6class_confusion_cleaned/test/Glass/glass435.jpg,prepared_datasets/combined_6class_confusion_cleaned/test/Glass/glass435.jpg,,,,,,,,
test_Glass_glass439,TrashNet,cleaned_image_classification,test,Glass,Glass,prepared_datasets/combined_6class_confusion_cleaned/test/Glass/glass439.jpg,prepared_datasets/combined_6class_confusion_cleaned/test/Glass/glass439.jpg,prepared_datasets/combined_6class_confusion_cleaned/test/Glass/glass439.jpg,,,,,,,,
test_Glass_glass440,TrashNet,cleaned_image_classification,test,Glass,Glass,prepared_datasets/combined_6class_confusion_cleaned/test/Glass/glass440.jpg,prepared_datasets/combined_6class_confusion_cleaned/test/Glass/glass440.jpg,prepared_datasets/combined_6class_confusion_cleaned/test/Glass/glass440.jpg,,,,,,,,
test_Glass_glass455,TrashNet,cleaned_image_classification,test,Glass,Glass,prepared_datasets/combined_6class_confusion_cleaned/test/Glass/glass455.jpg,prepared_datasets/combined_6class_confusion_cleaned/test/Glass/glass455.jpg,prepared_datasets/combined_6class_confusion_cleaned/test/Glass/glass455.jpg,,,,,,,,
test_Glass_glass461,TrashNet,cleaned_image_classification,test,Glass,Glass,prepared_datasets/combined_6class_confusion_cleaned/test/Glass/glass461.jpg,prepared_datasets/combined_6class_confusion_cleaned/test/Glass/glass461.jpg,prepared_datasets/combined_6class_confusion_cleaned/test/Glass/glass461.jpg,,,,,,,,
test_Glass_glass470,TrashNet,cleaned_image_classification,test,Glass,Glass,prepared_datasets/combined_6class_confusion_cleaned/test/Glass/glass470.jpg,prepared_datasets/combined_6class_confusion_cleaned/test/Glass/glass470.jpg,prepared_datasets/combined_6class_confusion_cleaned/test/Glass/glass470.jpg,,,,,,,,
test_Glass_glass488,TrashNet,cleaned_image_classification,test,Glass,Glass,prepared_datasets/combined_6class_confusion_cleaned/test/Glass/glass488.jpg,prepared_datasets/combined_6class_confusion_cleaned/test/Glass/glass488.jpg,prepared_datasets/combined_6class_confusion_cleaned/test/Glass/glass488.jpg,,,,,,,,
test_Glass_glass490,TrashNet,cleaned_image_classification,test,Glass,Glass,prepared_datasets/combined_6class_confusion_cleaned/test/Glass/glass490.jpg,prepared_datasets/combined_6class_confusion_cleaned/test/Glass/glass490.jpg,prepared_datasets/combined_6class_confusion_cleaned/test/Glass/glass490.jpg,,,,,,,,
test_Glass_glass51,TrashNet,cleaned_image_classification,test,Glass,Glass,prepared_datasets/combined_6class_confusion_cleaned/test/Glass/glass51.jpg,prepared_datasets/combined_6class_confusion_cleaned/test/Glass/glass51.jpg,prepared_datasets/combined_6class_confusion_cleaned/test/Glass/glass51.jpg,,,,,,,,
test_Glass_glass52,TrashNet,cleaned_image_classification,test,Glass,Glass,prepared_datasets/combined_6class_confusion_cleaned/test/Glass/glass52.jpg,prepared_datasets/combined_6class_confusion_cleaned/test/Glass/glass52.jpg,prepared_datasets/combined_6class_confusion_cleaned/test/Glass/glass52.jpg,,,,,,,,
test_Glass_glass59,TrashNet,cleaned_image_classification,test,Glass,Glass,prepared_datasets/combined_6class_confusion_cleaned/test/Glass/glass59.jpg,prepared_datasets/combined_6class_confusion_cleaned/test/Glass/glass59.jpg,prepared_datasets/combined_6class_confusion_cleaned/test/Glass/glass59.jpg,,,,,,,,
test_Glass_glass62,TrashNet,cleaned_image_classification,test,Glass,Glass,prepared_datasets/combined_6class_confusion_cleaned/test/Glass/glass62.jpg,prepared_datasets/combined_6class_confusion_cleaned/test/Glass/glass62.jpg,prepared_datasets/combined_6class_confusion_cleaned/test/Glass/glass62.jpg,,,,,,,,
test_Glass_glass74,TrashNet,cleaned_image_classification,test,Glass,Glass,prepared_datasets/combined_6class_confusion_cleaned/test/Glass/glass74.jpg,prepared_datasets/combined_6class_confusion_cleaned/test/Glass/glass74.jpg,prepared_datasets/combined_6class_confusion_cleaned/test/Glass/glass74.jpg,,,,,,,,
test_Glass_glass75,TrashNet,cleaned_image_classification,test,Glass,Glass,prepared_datasets/combined_6class_confusion_cleaned/test/Glass/glass75.jpg,prepared_datasets/combined_6class_confusion_cleaned/test/Glass/glass75.jpg,prepared_datasets/combined_6class_confusion_cleaned/test/Glass/glass75.jpg,,,,,,,,
test_Glass_glass80,TrashNet,cleaned_image_classification,test,Glass,Glass,prepared_datasets/combined_6class_confusion_cleaned/test/Glass/glass80.jpg,prepared_datasets/combined_6class_confusion_cleaned/test/Glass/glass80.jpg,prepared_datasets/combined_6class_confusion_cleaned/test/Glass/glass80.jpg,,,,,,,,
test_Glass_glass87,TrashNet,cleaned_image_classification,test,Glass,Glass,prepared_datasets/combined_6class_confusion_cleaned/test/Glass/glass87.jpg,prepared_datasets/combined_6class_confusion_cleaned/test/Glass/glass87.jpg,prepared_datasets/combined_6class_confusion_cleaned/test/Glass/glass87.jpg,,,,,,,,
test_Glass_glass9,TrashNet,cleaned_image_classification,test,Glass,Glass,prepared_datasets/combined_6class_confusion_cleaned/test/Glass/glass9.jpg,prepared_datasets/combined_6class_confusion_cleaned/test/Glass/glass9.jpg,prepared_datasets/combined_6class_confusion_cleaned/test/Glass/glass9.jpg,,,,,,,,
test_Glass_glass94,TrashNet,cleaned_image_classification,test,Glass,Glass,prepared_datasets/combined_6class_confusion_cleaned/test/Glass/glass94.jpg,prepared_datasets/combined_6class_confusion_cleaned/test/Glass/glass94.jpg,prepared_datasets/combined_6class_confusion_cleaned/test/Glass/glass94.jpg,,,,,,,,
test_Metal_000001_ann4477,TACO,cleaned_image_classification,test,Metal,Metal,prepared_datasets/combined_6class_confusion_cleaned/test/Metal/000001_ann4477.jpg,prepared_datasets/combined_6class_confusion_cleaned/test/Metal/000001_ann4477.jpg,prepared_datasets/combined_6class_confusion_cleaned/test/Metal/000001_ann4477.jpg,,,,,,,,
test_Metal_000004_ann249,TACO,cleaned_image_classification,test,Metal,Metal,prepared_datasets/combined_6class_confusion_cleaned/test/Metal/000004_ann249.jpg,prepared_datasets/combined_6class_confusion_cleaned/test/Metal/000004_ann249.jpg,prepared_datasets/combined_6class_confusion_cleaned/test/Metal/000004_ann249.jpg,,,,,,,,
test_Metal_000014_ann4086,TACO,cleaned_image_classification,test,Metal,Metal,prepared_datasets/combined_6class_confusion_cleaned/test/Metal/000014_ann4086.jpg,prepared_datasets/combined_6class_confusion_cleaned/test/Metal/000014_ann4086.jpg,prepared_datasets/combined_6class_confusion_cleaned/test/Metal/000014_ann4086.jpg,,,,,,,,
test_Metal_000023_ann74,TACO,cleaned_image_classification,test,Metal,Metal,prepared_datasets/combined_6class_confusion_cleaned/test/Metal/000023_ann74.jpg,prepared_datasets/combined_6class_confusion_cleaned/test/Metal/000023_ann74.jpg,prepared_datasets/combined_6class_confusion_cleaned/test/Metal/000023_ann74.jpg,,,,,,,,
test_Metal_000023_ann973,TACO,cleaned_image_classification,test,Metal,Metal,prepared_datasets/combined_6class_confusion_cleaned/test/Metal/000023_ann973.jpg,prepared_datasets/combined_6class_confusion_cleaned/test/Metal/000023_ann973.jpg,prepared_datasets/combined_6class_confusion_cleaned/test/Metal/000023_ann973.jpg,,,,,,,,
test_Metal_000024_ann80,TACO,cleaned_image_classification,test,Metal,Metal,prepared_datasets/combined_6class_confusion_cleaned/test/Metal/000024_ann80.jpg,prepared_datasets/combined_6class_confusion_cleaned/test/Metal/000024_ann80.jpg,prepared_datasets/combined_6class_confusion_cleaned/test/Metal/000024_ann80.jpg,,,,,,,,
test_Metal_000024_ann81,TACO,cleaned_image_classification,test,Metal,Metal,prepared_datasets/combined_6class_confusion_cleaned/test/Metal/000024_ann81.jpg,prepared_datasets/combined_6class_confusion_cleaned/test/Metal/000024_ann81.jpg,prepared_datasets/combined_6class_confusion_cleaned/test/Metal/000024_ann81.jpg,,,,,,,,
test_Metal_000025_ann429,TACO,cleaned_image_classification,test,Metal,Metal,prepared_datasets/combined_6class_confusion_cleaned/test/Metal/000025_ann429.jpg,prepared_datasets/combined_6class_confusion_cleaned/test/Metal/000025_ann429.jpg,prepared_datasets/combined_6class_confusion_cleaned/test/Metal/000025_ann429.jpg,,,,,,,,
test_Metal_000027_ann1546,TACO,cleaned_image_classification,test,Metal,Metal,prepared_datasets/combined_6class_confusion_cleaned/test/Metal/000027_ann1546.jpg,prepared_datasets/combined_6class_confusion_cleaned/test/Metal/000027_ann1546.jpg,prepared_datasets/combined_6class_confusion_cleaned/test/Metal/000027_ann1546.jpg,,,,,,,,
test_Metal_000027_ann2256,TACO,cleaned_image_classification,test,Metal,Metal,prepared_datasets/combined_6class_confusion_cleaned/test/Metal/000027_ann2256.jpg,prepared_datasets/combined_6class_confusion_cleaned/test/Metal/000027_ann2256.jpg,prepared_datasets/combined_6class_confusion_cleaned/test/Metal/000027_ann2256.jpg,,,,,,,,
test_Metal_000027_ann2259,TACO,cleaned_image_classification,test,Metal,Metal,prepared_datasets/combined_6class_confusion_cleaned/test/Metal/000027_ann2259.jpg,prepared_datasets/combined_6class_confusion_cleaned/test/Metal/000027_ann2259.jpg,prepared_datasets/combined_6class_confusion_cleaned/test/Metal/000027_ann2259.jpg,,,,,,,,
test_Metal_000028_ann3526,TACO,cleaned_image_classification,test,Metal,Metal,prepared_datasets/combined_6class_confusion_cleaned/test/Metal/000028_ann3526.jpg,prepared_datasets/combined_6class_confusion_cleaned/test/Metal/000028_ann3526.jpg,prepared_datasets/combined_6class_confusion_cleaned/test/Metal/000028_ann3526.jpg,,,,,,,,
test_Metal_000038_ann121,TACO,cleaned_image_classification,test,Metal,Metal,prepared_datasets/combined_6class_confusion_cleaned/test/Metal/000038_ann121.jpg,prepared_datasets/combined_6class_confusion_cleaned/test/Metal/000038_ann121.jpg,prepared_datasets/combined_6class_confusion_cleaned/test/Metal/000038_ann121.jpg,,,,,,,,
test_Metal_000038_ann122,TACO,cleaned_image_classification,test,Metal,Metal,prepared_datasets/combined_6class_confusion_cleaned/test/Metal/000038_ann122.jpg,prepared_datasets/combined_6class_confusion_cleaned/test/Metal/000038_ann122.jpg,prepared_datasets/combined_6class_confusion_cleaned/test/Metal/000038_ann122.jpg,,,,,,,,
test_Metal_000042_ann2283,TACO,cleaned_image_classification,test,Metal,Metal,prepared_datasets/combined_6class_confusion_cleaned/test/Metal/000042_ann2283.jpg,prepared_datasets/combined_6class_confusion_cleaned/test/Metal/000042_ann2283.jpg,prepared_datasets/combined_6class_confusion_cleaned/test/Metal/000042_ann2283.jpg,,,,,,,,
test_Metal_000045_ann117,TACO,cleaned_image_classification,test,Metal,Metal,prepared_datasets/combined_6class_confusion_cleaned/test/Metal/000045_ann117.jpg,prepared_datasets/combined_6class_confusion_cleaned/test/Metal/000045_ann117.jpg,prepared_datasets/combined_6class_confusion_cleaned/test/Metal/000045_ann117.jpg,,,,,,,,
test_Metal_000045_ann120,TACO,cleaned_image_classification,test,Metal,Metal,prepared_datasets/combined_6class_confusion_cleaned/test/Metal/000045_ann120.jpg,prepared_datasets/combined_6class_confusion_cleaned/test/Metal/000045_ann120.jpg,prepared_datasets/combined_6class_confusion_cleaned/test/Metal/000045_ann120.jpg,,,,,,,,
test_Metal_000048_ann794,TACO,cleaned_image_classification,test,Metal,Metal,prepared_datasets/combined_6class_confusion_cleaned/test/Metal/000048_ann794.jpg,prepared_datasets/combined_6class_confusion_cleaned/test/Metal/000048_ann794.jpg,prepared_datasets/combined_6class_confusion_cleaned/test/Metal/000048_ann794.jpg,,,,,,,,
test_Metal_000054_ann1604,TACO,cleaned_image_classification,test,Metal,Metal,prepared_datasets/combined_6class_confusion_cleaned/test/Metal/000054_ann1604.jpg,prepared_datasets/combined_6class_confusion_cleaned/test/Metal/000054_ann1604.jpg,prepared_datasets/combined_6class_confusion_cleaned/test/Metal/000054_ann1604.jpg,,,,,,,,
test_Metal_000054_ann1608,TACO,cleaned_image_classification,test,Metal,Metal,prepared_datasets/combined_6class_confusion_cleaned/test/Metal/000054_ann1608.jpg,prepared_datasets/combined_6class_confusion_cleaned/test/Metal/000054_ann1608.jpg,prepared_datasets/combined_6class_confusion_cleaned/test/Metal/000054_ann1608.jpg,,,,,,,,
test_Metal_000057_ann3441,TACO,cleaned_image_classification,test,Metal,Metal,prepared_datasets/combined_6class_confusion_cleaned/test/Metal/000057_ann3441.jpg,prepared_datasets/combined_6class_confusion_cleaned/test/Metal/000057_ann3441.jpg,prepared_datasets/combined_6class_confusion_cleaned/test/Metal/000057_ann3441.jpg,,,,,,,,
test_Metal_000066_ann4392,TACO,cleaned_image_classification,test,Metal,Metal,prepared_datasets/combined_6class_confusion_cleaned/test/Metal/000066_ann4392.jpg,prepared_datasets/combined_6class_confusion_cleaned/test/Metal/000066_ann4392.jpg,prepared_datasets/combined_6class_confusion_cleaned/test/Metal/000066_ann4392.jpg,,,,,,,,
test_Metal_000069_ann1803,TACO,cleaned_image_classification,test,Metal,Metal,prepared_datasets/combined_6class_confusion_cleaned/test/Metal/000069_ann1803.jpg,prepared_datasets/combined_6class_confusion_cleaned/test/Metal/000069_ann1803.jpg,prepared_datasets/combined_6class_confusion_cleaned/test/Metal/000069_ann1803.jpg,,,,,,,,
test_Metal_000073_ann2930,TACO,cleaned_image_classification,test,Metal,Metal,prepared_datasets/combined_6class_confusion_cleaned/test/Metal/000073_ann2930.jpg,prepared_datasets/combined_6class_confusion_cleaned/test/Metal/000073_ann2930.jpg,prepared_datasets/combined_6class_confusion_cleaned/test/Metal/000073_ann2930.jpg,,,,,,,,
test_Metal_000076_ann1326,TACO,cleaned_image_classification,test,Metal,Metal,prepared_datasets/combined_6class_confusion_cleaned/test/Metal/000076_ann1326.jpg,prepared_datasets/combined_6class_confusion_cleaned/test/Metal/000076_ann1326.jpg,prepared_datasets/combined_6class_confusion_cleaned/test/Metal/000076_ann1326.jpg,,,,,,,,
test_Metal_000077_ann1327,TACO,cleaned_image_classification,test,Metal,Metal,prepared_datasets/combined_6class_confusion_cleaned/test/Metal/000077_ann1327.jpg,prepared_datasets/combined_6class_confusion_cleaned/test/Metal/000077_ann1327.jpg,prepared_datasets/combined_6class_confusion_cleaned/test/Metal/000077_ann1327.jpg,,,,,,,,
test_Metal_000080_ann2349,TACO,cleaned_image_classification,test,Metal,Metal,prepared_datasets/combined_6class_confusion_cleaned/test/Metal/000080_ann2349.jpg,prepared_datasets/combined_6class_confusion_cleaned/test/Metal/000080_ann2349.jpg,prepared_datasets/combined_6class_confusion_cleaned/test/Metal/000080_ann2349.jpg,,,,,,,,
test_Metal_000087_ann4449,TACO,cleaned_image_classification,test,Metal,Metal,prepared_datasets/combined_6class_confusion_cleaned/test/Metal/000087_ann4449.jpg,prepared_datasets/combined_6class_confusion_cleaned/test/Metal/000087_ann4449.jpg,prepared_datasets/combined_6class_confusion_cleaned/test/Metal/000087_ann4449.jpg,,,,,,,,
test_Metal_000128_ann268,TACO,cleaned_image_classification,test,Metal,Metal,prepared_datasets/combined_6class_confusion_cleaned/test/Metal/000128_ann268.jpg,prepared_datasets/combined_6class_confusion_cleaned/test/Metal/000128_ann268.jpg,prepared_datasets/combined_6class_confusion_cleaned/test/Metal/000128_ann268.jpg,,,,,,,,
test_Metal_000129_ann277,TACO,cleaned_image_classification,test,Metal,Metal,prepared_datasets/combined_6class_confusion_cleaned/test/Metal/000129_ann277.jpg,prepared_datasets/combined_6class_confusion_cleaned/test/Metal/000129_ann277.jpg,prepared_datasets/combined_6class_confusion_cleaned/test/Metal/000129_ann277.jpg,,,,,,,,
test_Metal_IMG_5055_ann2538,TACO,cleaned_image_classification,test,Metal,Metal,prepared_datasets/combined_6class_confusion_cleaned/test/Metal/IMG_5055_ann2538.jpg,prepared_datasets/combined_6class_confusion_cleaned/test/Metal/IMG_5055_ann2538.jpg,prepared_datasets/combined_6class_confusion_cleaned/test/Metal/IMG_5055_ann2538.jpg,,,,,,,,
test_Metal_metal1,TrashNet,cleaned_image_classification,test,Metal,Metal,prepared_datasets/combined_6class_confusion_cleaned/test/Metal/metal1.jpg,prepared_datasets/combined_6class_confusion_cleaned/test/Metal/metal1.jpg,prepared_datasets/combined_6class_confusion_cleaned/test/Metal/metal1.jpg,,,,,,,,
test_Metal_metal100,TrashNet,cleaned_image_classification,test,Metal,Metal,prepared_datasets/combined_6class_confusion_cleaned/test/Metal/metal100.jpg,prepared_datasets/combined_6class_confusion_cleaned/test/Metal/metal100.jpg,prepared_datasets/combined_6class_confusion_cleaned/test/Metal/metal100.jpg,,,,,,,,
test_Metal_metal106,TrashNet,cleaned_image_classification,test,Metal,Metal,prepared_datasets/combined_6class_confusion_cleaned/test/Metal/metal106.jpg,prepared_datasets/combined_6class_confusion_cleaned/test/Metal/metal106.jpg,prepared_datasets/combined_6class_confusion_cleaned/test/Metal/metal106.jpg,,,,,,,,
test_Metal_metal107,TrashNet,cleaned_image_classification,test,Metal,Metal,prepared_datasets/combined_6class_confusion_cleaned/test/Metal/metal107.jpg,prepared_datasets/combined_6class_confusion_cleaned/test/Metal/metal107.jpg,prepared_datasets/combined_6class_confusion_cleaned/test/Metal/metal107.jpg,,,,,,,,
test_Metal_metal108,TrashNet,cleaned_image_classification,test,Metal,Metal,prepared_datasets/combined_6class_confusion_cleaned/test/Metal/metal108.jpg,prepared_datasets/combined_6class_confusion_cleaned/test/Metal/metal108.jpg,prepared_datasets/combined_6class_confusion_cleaned/test/Metal/metal108.jpg,,,,,,,,
test_Metal_metal119,TrashNet,cleaned_image_classification,test,Metal,Metal,prepared_datasets/combined_6class_confusion_cleaned/test/Metal/metal119.jpg,prepared_datasets/combined_6class_confusion_cleaned/test/Metal/metal119.jpg,prepared_datasets/combined_6class_confusion_cleaned/test/Metal/metal119.jpg,,,,,,,,
test_Metal_metal120,TrashNet,cleaned_image_classification,test,Metal,Metal,prepared_datasets/combined_6class_confusion_cleaned/test/Metal/metal120.jpg,prepared_datasets/combined_6class_confusion_cleaned/test/Metal/metal120.jpg,prepared_datasets/combined_6class_confusion_cleaned/test/Metal/metal120.jpg,,,,,,,,
test_Metal_metal128,TrashNet,cleaned_image_classification,test,Metal,Metal,prepared_datasets/combined_6class_confusion_cleaned/test/Metal/metal128.jpg,prepared_datasets/combined_6class_confusion_cleaned/test/Metal/metal128.jpg,prepared_datasets/combined_6class_confusion_cleaned/test/Metal/metal128.jpg,,,,,,,,
test_Metal_metal13,TrashNet,cleaned_image_classification,test,Metal,Metal,prepared_datasets/combined_6class_confusion_cleaned/test/Metal/metal13.jpg,prepared_datasets/combined_6class_confusion_cleaned/test/Metal/metal13.jpg,prepared_datasets/combined_6class_confusion_cleaned/test/Metal/metal13.jpg,,,,,,,,
test_Metal_metal135,TrashNet,cleaned_image_classification,test,Metal,Metal,prepared_datasets/combined_6class_confusion_cleaned/test/Metal/metal135.jpg,prepared_datasets/combined_6class_confusion_cleaned/test/Metal/metal135.jpg,prepared_datasets/combined_6class_confusion_cleaned/test/Metal/metal135.jpg,,,,,,,,
test_Metal_metal138,TrashNet,cleaned_image_classification,test,Metal,Metal,prepared_datasets/combined_6class_confusion_cleaned/test/Metal/metal138.jpg,prepared_datasets/combined_6class_confusion_cleaned/test/Metal/metal138.jpg,prepared_datasets/combined_6class_confusion_cleaned/test/Metal/metal138.jpg,,,,,,,,
test_Metal_metal15,TrashNet,cleaned_image_classification,test,Metal,Metal,prepared_datasets/combined_6class_confusion_cleaned/test/Metal/metal15.jpg,prepared_datasets/combined_6class_confusion_cleaned/test/Metal/metal15.jpg,prepared_datasets/combined_6class_confusion_cleaned/test/Metal/metal15.jpg,,,,,,,,
test_Metal_metal155,TrashNet,cleaned_image_classification,test,Metal,Metal,prepared_datasets/combined_6class_confusion_cleaned/test/Metal/metal155.jpg,prepared_datasets/combined_6class_confusion_cleaned/test/Metal/metal155.jpg,prepared_datasets/combined_6class_confusion_cleaned/test/Metal/metal155.jpg,,,,,,,,
test_Metal_metal165,TrashNet,cleaned_image_classification,test,Metal,Metal,prepared_datasets/combined_6class_confusion_cleaned/test/Metal/metal165.jpg,prepared_datasets/combined_6class_confusion_cleaned/test/Metal/metal165.jpg,prepared_datasets/combined_6class_confusion_cleaned/test/Metal/metal165.jpg,,,,,,,,
test_Metal_metal168,TrashNet,cleaned_image_classification,test,Metal,Metal,prepared_datasets/combined_6class_confusion_cleaned/test/Metal/metal168.jpg,prepared_datasets/combined_6class_confusion_cleaned/test/Metal/metal168.jpg,prepared_datasets/combined_6class_confusion_cleaned/test/Metal/metal168.jpg,,,,,,,,
test_Metal_metal185,TrashNet,cleaned_image_classification,test,Metal,Metal,prepared_datasets/combined_6class_confusion_cleaned/test/Metal/metal185.jpg,prepared_datasets/combined_6class_confusion_cleaned/test/Metal/metal185.jpg,prepared_datasets/combined_6class_confusion_cleaned/test/Metal/metal185.jpg,,,,,,,,
test_Metal_metal199,TrashNet,cleaned_image_classification,test,Metal,Metal,prepared_datasets/combined_6class_confusion_cleaned/test/Metal/metal199.jpg,prepared_datasets/combined_6class_confusion_cleaned/test/Metal/metal199.jpg,prepared_datasets/combined_6class_confusion_cleaned/test/Metal/metal199.jpg,,,,,,,,
test_Metal_metal208,TrashNet,cleaned_image_classification,test,Metal,Metal,prepared_datasets/combined_6class_confusion_cleaned/test/Metal/metal208.jpg,prepared_datasets/combined_6class_confusion_cleaned/test/Metal/metal208.jpg,prepared_datasets/combined_6class_confusion_cleaned/test/Metal/metal208.jpg,,,,,,,,
test_Metal_metal209,TrashNet,cleaned_image_classification,test,Metal,Metal,prepared_datasets/combined_6class_confusion_cleaned/test/Metal/metal209.jpg,prepared_datasets/combined_6class_confusion_cleaned/test/Metal/metal209.jpg,prepared_datasets/combined_6class_confusion_cleaned/test/Metal/metal209.jpg,,,,,,,,
test_Metal_metal21,TrashNet,cleaned_image_classification,test,Metal,Metal,prepared_datasets/combined_6class_confusion_cleaned/test/Metal/metal21.jpg,prepared_datasets/combined_6class_confusion_cleaned/test/Metal/metal21.jpg,prepared_datasets/combined_6class_confusion_cleaned/test/Metal/metal21.jpg,,,,,,,,
test_Metal_metal217,TrashNet,cleaned_image_classification,test,Metal,Metal,prepared_datasets/combined_6class_confusion_cleaned/test/Metal/metal217.jpg,prepared_datasets/combined_6class_confusion_cleaned/test/Metal/metal217.jpg,prepared_datasets/combined_6class_confusion_cleaned/test/Metal/metal217.jpg,,,,,,,,
test_Metal_metal231,TrashNet,cleaned_image_classification,test,Metal,Metal,prepared_datasets/combined_6class_confusion_cleaned/test/Metal/metal231.jpg,prepared_datasets/combined_6class_confusion_cleaned/test/Metal/metal231.jpg,prepared_datasets/combined_6class_confusion_cleaned/test/Metal/metal231.jpg,,,,,,,,
test_Metal_metal233,TrashNet,cleaned_image_classification,test,Metal,Metal,prepared_datasets/combined_6class_confusion_cleaned/test/Metal/metal233.jpg,prepared_datasets/combined_6class_confusion_cleaned/test/Metal/metal233.jpg,prepared_datasets/combined_6class_confusion_cleaned/test/Metal/metal233.jpg,,,,,,,,
test_Metal_metal238,TrashNet,cleaned_image_classification,test,Metal,Metal,prepared_datasets/combined_6class_confusion_cleaned/test/Metal/metal238.jpg,prepared_datasets/combined_6class_confusion_cleaned/test/Metal/metal238.jpg,prepared_datasets/combined_6class_confusion_cleaned/test/Metal/metal238.jpg,,,,,,,,
test_Metal_metal261,TrashNet,cleaned_image_classification,test,Metal,Metal,prepared_datasets/combined_6class_confusion_cleaned/test/Metal/metal261.jpg,prepared_datasets/combined_6class_confusion_cleaned/test/Metal/metal261.jpg,prepared_datasets/combined_6class_confusion_cleaned/test/Metal/metal261.jpg,,,,,,,,
test_Metal_metal265,TrashNet,cleaned_image_classification,test,Metal,Metal,prepared_datasets/combined_6class_confusion_cleaned/test/Metal/metal265.jpg,prepared_datasets/combined_6class_confusion_cleaned/test/Metal/metal265.jpg,prepared_datasets/combined_6class_confusion_cleaned/test/Metal/metal265.jpg,,,,,,,,
test_Metal_metal278,TrashNet,cleaned_image_classification,test,Metal,Metal,prepared_datasets/combined_6class_confusion_cleaned/test/Metal/metal278.jpg,prepared_datasets/combined_6class_confusion_cleaned/test/Metal/metal278.jpg,prepared_datasets/combined_6class_confusion_cleaned/test/Metal/metal278.jpg,,,,,,,,
test_Metal_metal279,TrashNet,cleaned_image_classification,test,Metal,Metal,prepared_datasets/combined_6class_confusion_cleaned/test/Metal/metal279.jpg,prepared_datasets/combined_6class_confusion_cleaned/test/Metal/metal279.jpg,prepared_datasets/combined_6class_confusion_cleaned/test/Metal/metal279.jpg,,,,,,,,
test_Metal_metal291,TrashNet,cleaned_image_classification,test,Metal,Metal,prepared_datasets/combined_6class_confusion_cleaned/test/Metal/metal291.jpg,prepared_datasets/combined_6class_confusion_cleaned/test/Metal/metal291.jpg,prepared_datasets/combined_6class_confusion_cleaned/test/Metal/metal291.jpg,,,,,,,,
test_Metal_metal292,TrashNet,cleaned_image_classification,test,Metal,Metal,prepared_datasets/combined_6class_confusion_cleaned/test/Metal/metal292.jpg,prepared_datasets/combined_6class_confusion_cleaned/test/Metal/metal292.jpg,prepared_datasets/combined_6class_confusion_cleaned/test/Metal/metal292.jpg,,,,,,,,
test_Metal_metal294,TrashNet,cleaned_image_classification,test,Metal,Metal,prepared_datasets/combined_6class_confusion_cleaned/test/Metal/metal294.jpg,prepared_datasets/combined_6class_confusion_cleaned/test/Metal/metal294.jpg,prepared_datasets/combined_6class_confusion_cleaned/test/Metal/metal294.jpg,,,,,,,,
test_Metal_metal297,TrashNet,cleaned_image_classification,test,Metal,Metal,prepared_datasets/combined_6class_confusion_cleaned/test/Metal/metal297.jpg,prepared_datasets/combined_6class_confusion_cleaned/test/Metal/metal297.jpg,prepared_datasets/combined_6class_confusion_cleaned/test/Metal/metal297.jpg,,,,,,,,
test_Metal_metal305,TrashNet,cleaned_image_classification,test,Metal,Metal,prepared_datasets/combined_6class_confusion_cleaned/test/Metal/metal305.jpg,prepared_datasets/combined_6class_confusion_cleaned/test/Metal/metal305.jpg,prepared_datasets/combined_6class_confusion_cleaned/test/Metal/metal305.jpg,,,,,,,,
test_Metal_metal31,TrashNet,cleaned_image_classification,test,Metal,Metal,prepared_datasets/combined_6class_confusion_cleaned/test/Metal/metal31.jpg,prepared_datasets/combined_6class_confusion_cleaned/test/Metal/metal31.jpg,prepared_datasets/combined_6class_confusion_cleaned/test/Metal/metal31.jpg,,,,,,,,
test_Metal_metal315,TrashNet,cleaned_image_classification,test,Metal,Metal,prepared_datasets/combined_6class_confusion_cleaned/test/Metal/metal315.jpg,prepared_datasets/combined_6class_confusion_cleaned/test/Metal/metal315.jpg,prepared_datasets/combined_6class_confusion_cleaned/test/Metal/metal315.jpg,,,,,,,,
test_Metal_metal329,TrashNet,cleaned_image_classification,test,Metal,Metal,prepared_datasets/combined_6class_confusion_cleaned/test/Metal/metal329.jpg,prepared_datasets/combined_6class_confusion_cleaned/test/Metal/metal329.jpg,prepared_datasets/combined_6class_confusion_cleaned/test/Metal/metal329.jpg,,,,,,,,
test_Metal_metal332,TrashNet,cleaned_image_classification,test,Metal,Metal,prepared_datasets/combined_6class_confusion_cleaned/test/Metal/metal332.jpg,prepared_datasets/combined_6class_confusion_cleaned/test/Metal/metal332.jpg,prepared_datasets/combined_6class_confusion_cleaned/test/Metal/metal332.jpg,,,,,,,,
test_Metal_metal336,TrashNet,cleaned_image_classification,test,Metal,Metal,prepared_datasets/combined_6class_confusion_cleaned/test/Metal/metal336.jpg,prepared_datasets/combined_6class_confusion_cleaned/test/Metal/metal336.jpg,prepared_datasets/combined_6class_confusion_cleaned/test/Metal/metal336.jpg,,,,,,,,
test_Metal_metal340,TrashNet,cleaned_image_classification,test,Metal,Metal,prepared_datasets/combined_6class_confusion_cleaned/test/Metal/metal340.jpg,prepared_datasets/combined_6class_confusion_cleaned/test/Metal/metal340.jpg,prepared_datasets/combined_6class_confusion_cleaned/test/Metal/metal340.jpg,,,,,,,,
test_Metal_metal341,TrashNet,cleaned_image_classification,test,Metal,Metal,prepared_datasets/combined_6class_confusion_cleaned/test/Metal/metal341.jpg,prepared_datasets/combined_6class_confusion_cleaned/test/Metal/metal341.jpg,prepared_datasets/combined_6class_confusion_cleaned/test/Metal/metal341.jpg,,,,,,,,
test_Metal_metal342,TrashNet,cleaned_image_classification,test,Metal,Metal,prepared_datasets/combined_6class_confusion_cleaned/test/Metal/metal342.jpg,prepared_datasets/combined_6class_confusion_cleaned/test/Metal/metal342.jpg,prepared_datasets/combined_6class_confusion_cleaned/test/Metal/metal342.jpg,,,,,,,,
test_Metal_metal346,TrashNet,cleaned_image_classification,test,Metal,Metal,prepared_datasets/combined_6class_confusion_cleaned/test/Metal/metal346.jpg,prepared_datasets/combined_6class_confusion_cleaned/test/Metal/metal346.jpg,prepared_datasets/combined_6class_confusion_cleaned/test/Metal/metal346.jpg,,,,,,,,
test_Metal_metal35,TrashNet,cleaned_image_classification,test,Metal,Metal,prepared_datasets/combined_6class_confusion_cleaned/test/Metal/metal35.jpg,prepared_datasets/combined_6class_confusion_cleaned/test/Metal/metal35.jpg,prepared_datasets/combined_6class_confusion_cleaned/test/Metal/metal35.jpg,,,,,,,,
test_Metal_metal351,TrashNet,cleaned_image_classification,test,Metal,Metal,prepared_datasets/combined_6class_confusion_cleaned/test/Metal/metal351.jpg,prepared_datasets/combined_6class_confusion_cleaned/test/Metal/metal351.jpg,prepared_datasets/combined_6class_confusion_cleaned/test/Metal/metal351.jpg,,,,,,,,
test_Metal_metal354,TrashNet,cleaned_image_classification,test,Metal,Metal,prepared_datasets/combined_6class_confusion_cleaned/test/Metal/metal354.jpg,prepared_datasets/combined_6class_confusion_cleaned/test/Metal/metal354.jpg,prepared_datasets/combined_6class_confusion_cleaned/test/Metal/metal354.jpg,,,,,,,,
test_Metal_metal362,TrashNet,cleaned_image_classification,test,Metal,Metal,prepared_datasets/combined_6class_confusion_cleaned/test/Metal/metal362.jpg,prepared_datasets/combined_6class_confusion_cleaned/test/Metal/metal362.jpg,prepared_datasets/combined_6class_confusion_cleaned/test/Metal/metal362.jpg,,,,,,,,
test_Metal_metal364,TrashNet,cleaned_image_classification,test,Metal,Metal,prepared_datasets/combined_6class_confusion_cleaned/test/Metal/metal364.jpg,prepared_datasets/combined_6class_confusion_cleaned/test/Metal/metal364.jpg,prepared_datasets/combined_6class_confusion_cleaned/test/Metal/metal364.jpg,,,,,,,,
test_Metal_metal374,TrashNet,cleaned_image_classification,test,Metal,Metal,prepared_datasets/combined_6class_confusion_cleaned/test/Metal/metal374.jpg,prepared_datasets/combined_6class_confusion_cleaned/test/Metal/metal374.jpg,prepared_datasets/combined_6class_confusion_cleaned/test/Metal/metal374.jpg,,,,,,,,
test_Metal_metal38,TrashNet,cleaned_image_classification,test,Metal,Metal,prepared_datasets/combined_6class_confusion_cleaned/test/Metal/metal38.jpg,prepared_datasets/combined_6class_confusion_cleaned/test/Metal/metal38.jpg,prepared_datasets/combined_6class_confusion_cleaned/test/Metal/metal38.jpg,,,,,,,,
test_Metal_metal382,TrashNet,cleaned_image_classification,test,Metal,Metal,prepared_datasets/combined_6class_confusion_cleaned/test/Metal/metal382.jpg,prepared_datasets/combined_6class_confusion_cleaned/test/Metal/metal382.jpg,prepared_datasets/combined_6class_confusion_cleaned/test/Metal/metal382.jpg,,,,,,,,
test_Metal_metal383,TrashNet,cleaned_image_classification,test,Metal,Metal,prepared_datasets/combined_6class_confusion_cleaned/test/Metal/metal383.jpg,prepared_datasets/combined_6class_confusion_cleaned/test/Metal/metal383.jpg,prepared_datasets/combined_6class_confusion_cleaned/test/Metal/metal383.jpg,,,,,,,,
test_Metal_metal386,TrashNet,cleaned_image_classification,test,Metal,Metal,prepared_datasets/combined_6class_confusion_cleaned/test/Metal/metal386.jpg,prepared_datasets/combined_6class_confusion_cleaned/test/Metal/metal386.jpg,prepared_datasets/combined_6class_confusion_cleaned/test/Metal/metal386.jpg,,,,,,,,
test_Metal_metal390,TrashNet,cleaned_image_classification,test,Metal,Metal,prepared_datasets/combined_6class_confusion_cleaned/test/Metal/metal390.jpg,prepared_datasets/combined_6class_confusion_cleaned/test/Metal/metal390.jpg,prepared_datasets/combined_6class_confusion_cleaned/test/Metal/metal390.jpg,,,,,,,,
test_Metal_metal392,TrashNet,cleaned_image_classification,test,Metal,Metal,prepared_datasets/combined_6class_confusion_cleaned/test/Metal/metal392.jpg,prepared_datasets/combined_6class_confusion_cleaned/test/Metal/metal392.jpg,prepared_datasets/combined_6class_confusion_cleaned/test/Metal/metal392.jpg,,,,,,,,
test_Metal_metal394,TrashNet,cleaned_image_classification,test,Metal,Metal,prepared_datasets/combined_6class_confusion_cleaned/test/Metal/metal394.jpg,prepared_datasets/combined_6class_confusion_cleaned/test/Metal/metal394.jpg,prepared_datasets/combined_6class_confusion_cleaned/test/Metal/metal394.jpg,,,,,,,,
test_Metal_metal405,TrashNet,cleaned_image_classification,test,Metal,Metal,prepared_datasets/combined_6class_confusion_cleaned/test/Metal/metal405.jpg,prepared_datasets/combined_6class_confusion_cleaned/test/Metal/metal405.jpg,prepared_datasets/combined_6class_confusion_cleaned/test/Metal/metal405.jpg,,,,,,,,
test_Metal_metal407,TrashNet,cleaned_image_classification,test,Metal,Metal,prepared_datasets/combined_6class_confusion_cleaned/test/Metal/metal407.jpg,prepared_datasets/combined_6class_confusion_cleaned/test/Metal/metal407.jpg,prepared_datasets/combined_6class_confusion_cleaned/test/Metal/metal407.jpg,,,,,,,,
test_Metal_metal50,TrashNet,cleaned_image_classification,test,Metal,Metal,prepared_datasets/combined_6class_confusion_cleaned/test/Metal/metal50.jpg,prepared_datasets/combined_6class_confusion_cleaned/test/Metal/metal50.jpg,prepared_datasets/combined_6class_confusion_cleaned/test/Metal/metal50.jpg,,,,,,,,
test_Metal_metal60,TrashNet,cleaned_image_classification,test,Metal,Metal,prepared_datasets/combined_6class_confusion_cleaned/test/Metal/metal60.jpg,prepared_datasets/combined_6class_confusion_cleaned/test/Metal/metal60.jpg,prepared_datasets/combined_6class_confusion_cleaned/test/Metal/metal60.jpg,,,,,,,,
test_Metal_metal65,TrashNet,cleaned_image_classification,test,Metal,Metal,prepared_datasets/combined_6class_confusion_cleaned/test/Metal/metal65.jpg,prepared_datasets/combined_6class_confusion_cleaned/test/Metal/metal65.jpg,prepared_datasets/combined_6class_confusion_cleaned/test/Metal/metal65.jpg,,,,,,,,
test_Metal_metal69,TrashNet,cleaned_image_classification,test,Metal,Metal,prepared_datasets/combined_6class_confusion_cleaned/test/Metal/metal69.jpg,prepared_datasets/combined_6class_confusion_cleaned/test/Metal/metal69.jpg,prepared_datasets/combined_6class_confusion_cleaned/test/Metal/metal69.jpg,,,,,,,,
test_Metal_metal87,TrashNet,cleaned_image_classification,test,Metal,Metal,prepared_datasets/combined_6class_confusion_cleaned/test/Metal/metal87.jpg,prepared_datasets/combined_6class_confusion_cleaned/test/Metal/metal87.jpg,prepared_datasets/combined_6class_confusion_cleaned/test/Metal/metal87.jpg,,,,,,,,
test_Organic_000090_ann163,TACO,cleaned_image_classification,test,Organic,Organic,prepared_datasets/combined_6class_confusion_cleaned/test/Organic/000090_ann163.jpg,prepared_datasets/combined_6class_confusion_cleaned/test/Organic/000090_ann163.jpg,prepared_datasets/combined_6class_confusion_cleaned/test/Organic/000090_ann163.jpg,,,,,,,,
test_Organic_000094_ann171,TACO,cleaned_image_classification,test,Organic,Organic,prepared_datasets/combined_6class_confusion_cleaned/test/Organic/000094_ann171.jpg,prepared_datasets/combined_6class_confusion_cleaned/test/Organic/000094_ann171.jpg,prepared_datasets/combined_6class_confusion_cleaned/test/Organic/000094_ann171.jpg,,,,,,,,
test_Other_000013_ann3561,TACO,cleaned_image_classification,test,Other,Other,prepared_datasets/combined_6class_confusion_cleaned/test/Other/000013_ann3561.jpg,prepared_datasets/combined_6class_confusion_cleaned/test/Other/000013_ann3561.jpg,prepared_datasets/combined_6class_confusion_cleaned/test/Other/000013_ann3561.jpg,,,,,,,,
test_Other_000014_ann3065,TACO,cleaned_image_classification,test,Other,Other,prepared_datasets/combined_6class_confusion_cleaned/test/Other/000014_ann3065.jpg,prepared_datasets/combined_6class_confusion_cleaned/test/Other/000014_ann3065.jpg,prepared_datasets/combined_6class_confusion_cleaned/test/Other/000014_ann3065.jpg,,,,,,,,
test_Other_000021_ann3670,TACO,cleaned_image_classification,test,Other,Other,prepared_datasets/combined_6class_confusion_cleaned/test/Other/000021_ann3670.jpg,prepared_datasets/combined_6class_confusion_cleaned/test/Other/000021_ann3670.jpg,prepared_datasets/combined_6class_confusion_cleaned/test/Other/000021_ann3670.jpg,,,,,,,,
test_Other_000022_ann1980,TACO,cleaned_image_classification,test,Other,Other,prepared_datasets/combined_6class_confusion_cleaned/test/Other/000022_ann1980.jpg,prepared_datasets/combined_6class_confusion_cleaned/test/Other/000022_ann1980.jpg,prepared_datasets/combined_6class_confusion_cleaned/test/Other/000022_ann1980.jpg,,,,,,,,
test_Other_000023_ann2240,TACO,cleaned_image_classification,test,Other,Other,prepared_datasets/combined_6class_confusion_cleaned/test/Other/000023_ann2240.jpg,prepared_datasets/combined_6class_confusion_cleaned/test/Other/000023_ann2240.jpg,prepared_datasets/combined_6class_confusion_cleaned/test/Other/000023_ann2240.jpg,,,,,,,,
test_Other_000028_ann755,TACO,cleaned_image_classification,test,Other,Other,prepared_datasets/combined_6class_confusion_cleaned/test/Other/000028_ann755.jpg,prepared_datasets/combined_6class_confusion_cleaned/test/Other/000028_ann755.jpg,prepared_datasets/combined_6class_confusion_cleaned/test/Other/000028_ann755.jpg,,,,,,,,
test_Other_000029_ann1550,TACO,cleaned_image_classification,test,Other,Other,prepared_datasets/combined_6class_confusion_cleaned/test/Other/000029_ann1550.jpg,prepared_datasets/combined_6class_confusion_cleaned/test/Other/000029_ann1550.jpg,prepared_datasets/combined_6class_confusion_cleaned/test/Other/000029_ann1550.jpg,,,,,,,,
test_Other_000035_ann773,TACO,cleaned_image_classification,test,Other,Other,prepared_datasets/combined_6class_confusion_cleaned/test/Other/000035_ann773.jpg,prepared_datasets/combined_6class_confusion_cleaned/test/Other/000035_ann773.jpg,prepared_datasets/combined_6class_confusion_cleaned/test/Other/000035_ann773.jpg,,,,,,,,
test_Other_000044_ann787,TACO,cleaned_image_classification,test,Other,Other,prepared_datasets/combined_6class_confusion_cleaned/test/Other/000044_ann787.jpg,prepared_datasets/combined_6class_confusion_cleaned/test/Other/000044_ann787.jpg,prepared_datasets/combined_6class_confusion_cleaned/test/Other/000044_ann787.jpg,,,,,,,,
test_Other_000051_ann554,TACO,cleaned_image_classification,test,Other,Other,prepared_datasets/combined_6class_confusion_cleaned/test/Other/000051_ann554.jpg,prepared_datasets/combined_6class_confusion_cleaned/test/Other/000051_ann554.jpg,prepared_datasets/combined_6class_confusion_cleaned/test/Other/000051_ann554.jpg,,,,,,,,
test_Other_000052_ann1782,TACO,cleaned_image_classification,test,Other,Other,prepared_datasets/combined_6class_confusion_cleaned/test/Other/000052_ann1782.jpg,prepared_datasets/combined_6class_confusion_cleaned/test/Other/000052_ann1782.jpg,prepared_datasets/combined_6class_confusion_cleaned/test/Other/000052_ann1782.jpg,,,,,,,,
test_Other_000054_ann4339,TACO,cleaned_image_classification,test,Other,Other,prepared_datasets/combined_6class_confusion_cleaned/test/Other/000054_ann4339.jpg,prepared_datasets/combined_6class_confusion_cleaned/test/Other/000054_ann4339.jpg,prepared_datasets/combined_6class_confusion_cleaned/test/Other/000054_ann4339.jpg,,,,,,,,
test_Other_000072_ann137,TACO,cleaned_image_classification,test,Other,Other,prepared_datasets/combined_6class_confusion_cleaned/test/Other/000072_ann137.jpg,prepared_datasets/combined_6class_confusion_cleaned/test/Other/000072_ann137.jpg,prepared_datasets/combined_6class_confusion_cleaned/test/Other/000072_ann137.jpg,,,,,,,,
test_Other_000072_ann2856,TACO,cleaned_image_classification,test,Other,Other,prepared_datasets/combined_6class_confusion_cleaned/test/Other/000072_ann2856.jpg,prepared_datasets/combined_6class_confusion_cleaned/test/Other/000072_ann2856.jpg,prepared_datasets/combined_6class_confusion_cleaned/test/Other/000072_ann2856.jpg,,,,,,,,
test_Other_000074_ann1810,TACO,cleaned_image_classification,test,Other,Other,prepared_datasets/combined_6class_confusion_cleaned/test/Other/000074_ann1810.jpg,prepared_datasets/combined_6class_confusion_cleaned/test/Other/000074_ann1810.jpg,prepared_datasets/combined_6class_confusion_cleaned/test/Other/000074_ann1810.jpg,,,,,,,,
test_Other_000074_ann842,TACO,cleaned_image_classification,test,Other,Other,prepared_datasets/combined_6class_confusion_cleaned/test/Other/000074_ann842.jpg,prepared_datasets/combined_6class_confusion_cleaned/test/Other/000074_ann842.jpg,prepared_datasets/combined_6class_confusion_cleaned/test/Other/000074_ann842.jpg,,,,,,,,
test_Other_000075_ann851,TACO,cleaned_image_classification,test,Other,Other,prepared_datasets/combined_6class_confusion_cleaned/test/Other/000075_ann851.jpg,prepared_datasets/combined_6class_confusion_cleaned/test/Other/000075_ann851.jpg,prepared_datasets/combined_6class_confusion_cleaned/test/Other/000075_ann851.jpg,,,,,,,,
test_Other_000084_ann4722,TACO,cleaned_image_classification,test,Other,Other,prepared_datasets/combined_6class_confusion_cleaned/test/Other/000084_ann4722.jpg,prepared_datasets/combined_6class_confusion_cleaned/test/Other/000084_ann4722.jpg,prepared_datasets/combined_6class_confusion_cleaned/test/Other/000084_ann4722.jpg,,,,,,,,
test_Other_000094_ann2963,TACO,cleaned_image_classification,test,Other,Other,prepared_datasets/combined_6class_confusion_cleaned/test/Other/000094_ann2963.jpg,prepared_datasets/combined_6class_confusion_cleaned/test/Other/000094_ann2963.jpg,prepared_datasets/combined_6class_confusion_cleaned/test/Other/000094_ann2963.jpg,,,,,,,,
test_Other_IMG_4860_ann2551,TACO,cleaned_image_classification,test,Other,Other,prepared_datasets/combined_6class_confusion_cleaned/test/Other/IMG_4860_ann2551.jpg,prepared_datasets/combined_6class_confusion_cleaned/test/Other/IMG_4860_ann2551.jpg,prepared_datasets/combined_6class_confusion_cleaned/test/Other/IMG_4860_ann2551.jpg,,,,,,,,
test_Other_trash115,TrashNet,cleaned_image_classification,test,Other,Other,prepared_datasets/combined_6class_confusion_cleaned/test/Other/trash115.jpg,prepared_datasets/combined_6class_confusion_cleaned/test/Other/trash115.jpg,prepared_datasets/combined_6class_confusion_cleaned/test/Other/trash115.jpg,,,,,,,,
test_Other_trash120,TrashNet,cleaned_image_classification,test,Other,Other,prepared_datasets/combined_6class_confusion_cleaned/test/Other/trash120.jpg,prepared_datasets/combined_6class_confusion_cleaned/test/Other/trash120.jpg,prepared_datasets/combined_6class_confusion_cleaned/test/Other/trash120.jpg,,,,,,,,
test_Other_trash121,TrashNet,cleaned_image_classification,test,Other,Other,prepared_datasets/combined_6class_confusion_cleaned/test/Other/trash121.jpg,prepared_datasets/combined_6class_confusion_cleaned/test/Other/trash121.jpg,prepared_datasets/combined_6class_confusion_cleaned/test/Other/trash121.jpg,,,,,,,,
test_Other_trash126,TrashNet,cleaned_image_classification,test,Other,Other,prepared_datasets/combined_6class_confusion_cleaned/test/Other/trash126.jpg,prepared_datasets/combined_6class_confusion_cleaned/test/Other/trash126.jpg,prepared_datasets/combined_6class_confusion_cleaned/test/Other/trash126.jpg,,,,,,,,
test_Other_trash128,TrashNet,cleaned_image_classification,test,Other,Other,prepared_datasets/combined_6class_confusion_cleaned/test/Other/trash128.jpg,prepared_datasets/combined_6class_confusion_cleaned/test/Other/trash128.jpg,prepared_datasets/combined_6class_confusion_cleaned/test/Other/trash128.jpg,,,,,,,,
test_Other_trash14,TrashNet,cleaned_image_classification,test,Other,Other,prepared_datasets/combined_6class_confusion_cleaned/test/Other/trash14.jpg,prepared_datasets/combined_6class_confusion_cleaned/test/Other/trash14.jpg,prepared_datasets/combined_6class_confusion_cleaned/test/Other/trash14.jpg,,,,,,,,
test_Other_trash17,TrashNet,cleaned_image_classification,test,Other,Other,prepared_datasets/combined_6class_confusion_cleaned/test/Other/trash17.jpg,prepared_datasets/combined_6class_confusion_cleaned/test/Other/trash17.jpg,prepared_datasets/combined_6class_confusion_cleaned/test/Other/trash17.jpg,,,,,,,,
test_Other_trash21,TrashNet,cleaned_image_classification,test,Other,Other,prepared_datasets/combined_6class_confusion_cleaned/test/Other/trash21.jpg,prepared_datasets/combined_6class_confusion_cleaned/test/Other/trash21.jpg,prepared_datasets/combined_6class_confusion_cleaned/test/Other/trash21.jpg,,,,,,,,
test_Other_trash33,TrashNet,cleaned_image_classification,test,Other,Other,prepared_datasets/combined_6class_confusion_cleaned/test/Other/trash33.jpg,prepared_datasets/combined_6class_confusion_cleaned/test/Other/trash33.jpg,prepared_datasets/combined_6class_confusion_cleaned/test/Other/trash33.jpg,,,,,,,,
test_Other_trash34,TrashNet,cleaned_image_classification,test,Other,Other,prepared_datasets/combined_6class_confusion_cleaned/test/Other/trash34.jpg,prepared_datasets/combined_6class_confusion_cleaned/test/Other/trash34.jpg,prepared_datasets/combined_6class_confusion_cleaned/test/Other/trash34.jpg,,,,,,,,
test_Other_trash4,TrashNet,cleaned_image_classification,test,Other,Other,prepared_datasets/combined_6class_confusion_cleaned/test/Other/trash4.jpg,prepared_datasets/combined_6class_confusion_cleaned/test/Other/trash4.jpg,prepared_datasets/combined_6class_confusion_cleaned/test/Other/trash4.jpg,,,,,,,,
test_Other_trash45,TrashNet,cleaned_image_classification,test,Other,Other,prepared_datasets/combined_6class_confusion_cleaned/test/Other/trash45.jpg,prepared_datasets/combined_6class_confusion_cleaned/test/Other/trash45.jpg,prepared_datasets/combined_6class_confusion_cleaned/test/Other/trash45.jpg,,,,,,,,
test_Other_trash61,TrashNet,cleaned_image_classification,test,Other,Other,prepared_datasets/combined_6class_confusion_cleaned/test/Other/trash61.jpg,prepared_datasets/combined_6class_confusion_cleaned/test/Other/trash61.jpg,prepared_datasets/combined_6class_confusion_cleaned/test/Other/trash61.jpg,,,,,,,,
test_Other_trash62,TrashNet,cleaned_image_classification,test,Other,Other,prepared_datasets/combined_6class_confusion_cleaned/test/Other/trash62.jpg,prepared_datasets/combined_6class_confusion_cleaned/test/Other/trash62.jpg,prepared_datasets/combined_6class_confusion_cleaned/test/Other/trash62.jpg,,,,,,,,
test_Other_trash64,TrashNet,cleaned_image_classification,test,Other,Other,prepared_datasets/combined_6class_confusion_cleaned/test/Other/trash64.jpg,prepared_datasets/combined_6class_confusion_cleaned/test/Other/trash64.jpg,prepared_datasets/combined_6class_confusion_cleaned/test/Other/trash64.jpg,,,,,,,,
test_Other_trash66,TrashNet,cleaned_image_classification,test,Other,Other,prepared_datasets/combined_6class_confusion_cleaned/test/Other/trash66.jpg,prepared_datasets/combined_6class_confusion_cleaned/test/Other/trash66.jpg,prepared_datasets/combined_6class_confusion_cleaned/test/Other/trash66.jpg,,,,,,,,
test_Other_trash67,TrashNet,cleaned_image_classification,test,Other,Other,prepared_datasets/combined_6class_confusion_cleaned/test/Other/trash67.jpg,prepared_datasets/combined_6class_confusion_cleaned/test/Other/trash67.jpg,prepared_datasets/combined_6class_confusion_cleaned/test/Other/trash67.jpg,,,,,,,,
test_Other_trash8,TrashNet,cleaned_image_classification,test,Other,Other,prepared_datasets/combined_6class_confusion_cleaned/test/Other/trash8.jpg,prepared_datasets/combined_6class_confusion_cleaned/test/Other/trash8.jpg,prepared_datasets/combined_6class_confusion_cleaned/test/Other/trash8.jpg,,,,,,,,
test_Other_trash84,TrashNet,cleaned_image_classification,test,Other,Other,prepared_datasets/combined_6class_confusion_cleaned/test/Other/trash84.jpg,prepared_datasets/combined_6class_confusion_cleaned/test/Other/trash84.jpg,prepared_datasets/combined_6class_confusion_cleaned/test/Other/trash84.jpg,,,,,,,,
test_Other_trash92,TrashNet,cleaned_image_classification,test,Other,Other,prepared_datasets/combined_6class_confusion_cleaned/test/Other/trash92.jpg,prepared_datasets/combined_6class_confusion_cleaned/test/Other/trash92.jpg,prepared_datasets/combined_6class_confusion_cleaned/test/Other/trash92.jpg,,,,,,,,
test_Other_trash95,TrashNet,cleaned_image_classification,test,Other,Other,prepared_datasets/combined_6class_confusion_cleaned/test/Other/trash95.jpg,prepared_datasets/combined_6class_confusion_cleaned/test/Other/trash95.jpg,prepared_datasets/combined_6class_confusion_cleaned/test/Other/trash95.jpg,,,,,,,,
test_Other_trash99,TrashNet,cleaned_image_classification,test,Other,Other,prepared_datasets/combined_6class_confusion_cleaned/test/Other/trash99.jpg,prepared_datasets/combined_6class_confusion_cleaned/test/Other/trash99.jpg,prepared_datasets/combined_6class_confusion_cleaned/test/Other/trash99.jpg,,,,,,,,
test_PaperCardboard_000003_ann694,TACO,cleaned_image_classification,test,PaperCardboard,PaperCardboard,prepared_datasets/combined_6class_confusion_cleaned/test/PaperCardboard/000003_ann694.jpg,prepared_datasets/combined_6class_confusion_cleaned/test/PaperCardboard/000003_ann694.jpg,prepared_datasets/combined_6class_confusion_cleaned/test/PaperCardboard/000003_ann694.jpg,,,,,,,,
test_PaperCardboard_000004_ann699,TACO,cleaned_image_classification,test,PaperCardboard,PaperCardboard,prepared_datasets/combined_6class_confusion_cleaned/test/PaperCardboard/000004_ann699.jpg,prepared_datasets/combined_6class_confusion_cleaned/test/PaperCardboard/000004_ann699.jpg,prepared_datasets/combined_6class_confusion_cleaned/test/PaperCardboard/000004_ann699.jpg,,,,,,,,
test_PaperCardboard_000004_ann931,TACO,cleaned_image_classification,test,PaperCardboard,PaperCardboard,prepared_datasets/combined_6class_confusion_cleaned/test/PaperCardboard/000004_ann931.jpg,prepared_datasets/combined_6class_confusion_cleaned/test/PaperCardboard/000004_ann931.jpg,prepared_datasets/combined_6class_confusion_cleaned/test/PaperCardboard/000004_ann931.jpg,,,,,,,,
test_PaperCardboard_000006_ann3649,TACO,cleaned_image_classification,test,PaperCardboard,PaperCardboard,prepared_datasets/combined_6class_confusion_cleaned/test/PaperCardboard/000006_ann3649.jpg,prepared_datasets/combined_6class_confusion_cleaned/test/PaperCardboard/000006_ann3649.jpg,prepared_datasets/combined_6class_confusion_cleaned/test/PaperCardboard/000006_ann3649.jpg,,,,,,,,
test_PaperCardboard_000008_ann2214,TACO,cleaned_image_classification,test,PaperCardboard,PaperCardboard,prepared_datasets/combined_6class_confusion_cleaned/test/PaperCardboard/000008_ann2214.jpg,prepared_datasets/combined_6class_confusion_cleaned/test/PaperCardboard/000008_ann2214.jpg,prepared_datasets/combined_6class_confusion_cleaned/test/PaperCardboard/000008_ann2214.jpg,,,,,,,,
test_PaperCardboard_000010_ann714,TACO,cleaned_image_classification,test,PaperCardboard,PaperCardboard,prepared_datasets/combined_6class_confusion_cleaned/test/PaperCardboard/000010_ann714.jpg,prepared_datasets/combined_6class_confusion_cleaned/test/PaperCardboard/000010_ann714.jpg,prepared_datasets/combined_6class_confusion_cleaned/test/PaperCardboard/000010_ann714.jpg,,,,,,,,
test_PaperCardboard_000011_ann717,TACO,cleaned_image_classification,test,PaperCardboard,PaperCardboard,prepared_datasets/combined_6class_confusion_cleaned/test/PaperCardboard/000011_ann717.jpg,prepared_datasets/combined_6class_confusion_cleaned/test/PaperCardboard/000011_ann717.jpg,prepared_datasets/combined_6class_confusion_cleaned/test/PaperCardboard/000011_ann717.jpg,,,,,,,,
test_PaperCardboard_000012_ann3056,TACO,cleaned_image_classification,test,PaperCardboard,PaperCardboard,prepared_datasets/combined_6class_confusion_cleaned/test/PaperCardboard/000012_ann3056.jpg,prepared_datasets/combined_6class_confusion_cleaned/test/PaperCardboard/000012_ann3056.jpg,prepared_datasets/combined_6class_confusion_cleaned/test/PaperCardboard/000012_ann3056.jpg,,,,,,,,
test_PaperCardboard_000012_ann720,TACO,cleaned_image_classification,test,PaperCardboard,PaperCardboard,prepared_datasets/combined_6class_confusion_cleaned/test/PaperCardboard/000012_ann720.jpg,prepared_datasets/combined_6class_confusion_cleaned/test/PaperCardboard/000012_ann720.jpg,prepared_datasets/combined_6class_confusion_cleaned/test/PaperCardboard/000012_ann720.jpg,,,,,,,,
test_PaperCardboard_000013_ann723,TACO,cleaned_image_classification,test,PaperCardboard,PaperCardboard,prepared_datasets/combined_6class_confusion_cleaned/test/PaperCardboard/000013_ann723.jpg,prepared_datasets/combined_6class_confusion_cleaned/test/PaperCardboard/000013_ann723.jpg,prepared_datasets/combined_6class_confusion_cleaned/test/PaperCardboard/000013_ann723.jpg,,,,,,,,
test_PaperCardboard_000015_ann1478,TACO,cleaned_image_classification,test,PaperCardboard,PaperCardboard,prepared_datasets/combined_6class_confusion_cleaned/test/PaperCardboard/000015_ann1478.jpg,prepared_datasets/combined_6class_confusion_cleaned/test/PaperCardboard/000015_ann1478.jpg,prepared_datasets/combined_6class_confusion_cleaned/test/PaperCardboard/000015_ann1478.jpg,,,,,,,,
test_PaperCardboard_000015_ann2227,TACO,cleaned_image_classification,test,PaperCardboard,PaperCardboard,prepared_datasets/combined_6class_confusion_cleaned/test/PaperCardboard/000015_ann2227.jpg,prepared_datasets/combined_6class_confusion_cleaned/test/PaperCardboard/000015_ann2227.jpg,prepared_datasets/combined_6class_confusion_cleaned/test/PaperCardboard/000015_ann2227.jpg,,,,,,,,
test_PaperCardboard_000021_ann1732,TACO,cleaned_image_classification,test,PaperCardboard,PaperCardboard,prepared_datasets/combined_6class_confusion_cleaned/test/PaperCardboard/000021_ann1732.jpg,prepared_datasets/combined_6class_confusion_cleaned/test/PaperCardboard/000021_ann1732.jpg,prepared_datasets/combined_6class_confusion_cleaned/test/PaperCardboard/000021_ann1732.jpg,,,,,,,,
test_PaperCardboard_000022_ann1734,TACO,cleaned_image_classification,test,PaperCardboard,PaperCardboard,prepared_datasets/combined_6class_confusion_cleaned/test/PaperCardboard/000022_ann1734.jpg,prepared_datasets/combined_6class_confusion_cleaned/test/PaperCardboard/000022_ann1734.jpg,prepared_datasets/combined_6class_confusion_cleaned/test/PaperCardboard/000022_ann1734.jpg,,,,,,,,
test_PaperCardboard_000024_ann3100,TACO,cleaned_image_classification,test,PaperCardboard,PaperCardboard,prepared_datasets/combined_6class_confusion_cleaned/test/PaperCardboard/000024_ann3100.jpg,prepared_datasets/combined_6class_confusion_cleaned/test/PaperCardboard/000024_ann3100.jpg,prepared_datasets/combined_6class_confusion_cleaned/test/PaperCardboard/000024_ann3100.jpg,,,,,,,,
test_PaperCardboard_000041_ann3475,TACO,cleaned_image_classification,test,PaperCardboard,PaperCardboard,prepared_datasets/combined_6class_confusion_cleaned/test/PaperCardboard/000041_ann3475.jpg,prepared_datasets/combined_6class_confusion_cleaned/test/PaperCardboard/000041_ann3475.jpg,prepared_datasets/combined_6class_confusion_cleaned/test/PaperCardboard/000041_ann3475.jpg,,,,,,,,
test_PaperCardboard_000042_ann2821,TACO,cleaned_image_classification,test,PaperCardboard,PaperCardboard,prepared_datasets/combined_6class_confusion_cleaned/test/PaperCardboard/000042_ann2821.jpg,prepared_datasets/combined_6class_confusion_cleaned/test/PaperCardboard/000042_ann2821.jpg,prepared_datasets/combined_6class_confusion_cleaned/test/PaperCardboard/000042_ann2821.jpg,,,,,,,,
test_PaperCardboard_000053_ann801,TACO,cleaned_image_classification,test,PaperCardboard,PaperCardboard,prepared_datasets/combined_6class_confusion_cleaned/test/PaperCardboard/000053_ann801.jpg,prepared_datasets/combined_6class_confusion_cleaned/test/PaperCardboard/000053_ann801.jpg,prepared_datasets/combined_6class_confusion_cleaned/test/PaperCardboard/000053_ann801.jpg,,,,,,,,
test_PaperCardboard_000054_ann803,TACO,cleaned_image_classification,test,PaperCardboard,PaperCardboard,prepared_datasets/combined_6class_confusion_cleaned/test/PaperCardboard/000054_ann803.jpg,prepared_datasets/combined_6class_confusion_cleaned/test/PaperCardboard/000054_ann803.jpg,prepared_datasets/combined_6class_confusion_cleaned/test/PaperCardboard/000054_ann803.jpg,,,,,,,,
test_PaperCardboard_000059_ann3417,TACO,cleaned_image_classification,test,PaperCardboard,PaperCardboard,prepared_datasets/combined_6class_confusion_cleaned/test/PaperCardboard/000059_ann3417.jpg,prepared_datasets/combined_6class_confusion_cleaned/test/PaperCardboard/000059_ann3417.jpg,prepared_datasets/combined_6class_confusion_cleaned/test/PaperCardboard/000059_ann3417.jpg,,,,,,,,
test_PaperCardboard_000059_ann3418,TACO,cleaned_image_classification,test,PaperCardboard,PaperCardboard,prepared_datasets/combined_6class_confusion_cleaned/test/PaperCardboard/000059_ann3418.jpg,prepared_datasets/combined_6class_confusion_cleaned/test/PaperCardboard/000059_ann3418.jpg,prepared_datasets/combined_6class_confusion_cleaned/test/PaperCardboard/000059_ann3418.jpg,,,,,,,,
test_PaperCardboard_000061_ann1792,TACO,cleaned_image_classification,test,PaperCardboard,PaperCardboard,prepared_datasets/combined_6class_confusion_cleaned/test/PaperCardboard/000061_ann1792.jpg,prepared_datasets/combined_6class_confusion_cleaned/test/PaperCardboard/000061_ann1792.jpg,prepared_datasets/combined_6class_confusion_cleaned/test/PaperCardboard/000061_ann1792.jpg,,,,,,,,
test_PaperCardboard_000061_ann3414,TACO,cleaned_image_classification,test,PaperCardboard,PaperCardboard,prepared_datasets/combined_6class_confusion_cleaned/test/PaperCardboard/000061_ann3414.jpg,prepared_datasets/combined_6class_confusion_cleaned/test/PaperCardboard/000061_ann3414.jpg,prepared_datasets/combined_6class_confusion_cleaned/test/PaperCardboard/000061_ann3414.jpg,,,,,,,,
test_PaperCardboard_000073_ann4677,TACO,cleaned_image_classification,test,PaperCardboard,PaperCardboard,prepared_datasets/combined_6class_confusion_cleaned/test/PaperCardboard/000073_ann4677.jpg,prepared_datasets/combined_6class_confusion_cleaned/test/PaperCardboard/000073_ann4677.jpg,prepared_datasets/combined_6class_confusion_cleaned/test/PaperCardboard/000073_ann4677.jpg,,,,,,,,
test_PaperCardboard_000075_ann3293,TACO,cleaned_image_classification,test,PaperCardboard,PaperCardboard,prepared_datasets/combined_6class_confusion_cleaned/test/PaperCardboard/000075_ann3293.jpg,prepared_datasets/combined_6class_confusion_cleaned/test/PaperCardboard/000075_ann3293.jpg,prepared_datasets/combined_6class_confusion_cleaned/test/PaperCardboard/000075_ann3293.jpg,,,,,,,,
test_PaperCardboard_000078_ann1656,TACO,cleaned_image_classification,test,PaperCardboard,PaperCardboard,prepared_datasets/combined_6class_confusion_cleaned/test/PaperCardboard/000078_ann1656.jpg,prepared_datasets/combined_6class_confusion_cleaned/test/PaperCardboard/000078_ann1656.jpg,prepared_datasets/combined_6class_confusion_cleaned/test/PaperCardboard/000078_ann1656.jpg,,,,,,,,
test_PaperCardboard_000093_ann4461,TACO,cleaned_image_classification,test,PaperCardboard,PaperCardboard,prepared_datasets/combined_6class_confusion_cleaned/test/PaperCardboard/000093_ann4461.jpg,prepared_datasets/combined_6class_confusion_cleaned/test/PaperCardboard/000093_ann4461.jpg,prepared_datasets/combined_6class_confusion_cleaned/test/PaperCardboard/000093_ann4461.jpg,,,,,,,,
test_PaperCardboard_000096_ann4466,TACO,cleaned_image_classification,test,PaperCardboard,PaperCardboard,prepared_datasets/combined_6class_confusion_cleaned/test/PaperCardboard/000096_ann4466.jpg,prepared_datasets/combined_6class_confusion_cleaned/test/PaperCardboard/000096_ann4466.jpg,prepared_datasets/combined_6class_confusion_cleaned/test/PaperCardboard/000096_ann4466.jpg,,,,,,,,
test_PaperCardboard_000115_ann236,TACO,cleaned_image_classification,test,PaperCardboard,PaperCardboard,prepared_datasets/combined_6class_confusion_cleaned/test/PaperCardboard/000115_ann236.jpg,prepared_datasets/combined_6class_confusion_cleaned/test/PaperCardboard/000115_ann236.jpg,prepared_datasets/combined_6class_confusion_cleaned/test/PaperCardboard/000115_ann236.jpg,,,,,,,,
test_PaperCardboard_000117_ann3027,TACO,cleaned_image_classification,test,PaperCardboard,PaperCardboard,prepared_datasets/combined_6class_confusion_cleaned/test/PaperCardboard/000117_ann3027.jpg,prepared_datasets/combined_6class_confusion_cleaned/test/PaperCardboard/000117_ann3027.jpg,prepared_datasets/combined_6class_confusion_cleaned/test/PaperCardboard/000117_ann3027.jpg,,,,,,,,
test_PaperCardboard_000129_ann280,TACO,cleaned_image_classification,test,PaperCardboard,PaperCardboard,prepared_datasets/combined_6class_confusion_cleaned/test/PaperCardboard/000129_ann280.jpg,prepared_datasets/combined_6class_confusion_cleaned/test/PaperCardboard/000129_ann280.jpg,prepared_datasets/combined_6class_confusion_cleaned/test/PaperCardboard/000129_ann280.jpg,,,,,,,,
test_PaperCardboard_cardboard103,TrashNet,cleaned_image_classification,test,PaperCardboard,PaperCardboard,prepared_datasets/combined_6class_confusion_cleaned/test/PaperCardboard/cardboard103.jpg,prepared_datasets/combined_6class_confusion_cleaned/test/PaperCardboard/cardboard103.jpg,prepared_datasets/combined_6class_confusion_cleaned/test/PaperCardboard/cardboard103.jpg,,,,,,,,
test_PaperCardboard_cardboard105,TrashNet,cleaned_image_classification,test,PaperCardboard,PaperCardboard,prepared_datasets/combined_6class_confusion_cleaned/test/PaperCardboard/cardboard105.jpg,prepared_datasets/combined_6class_confusion_cleaned/test/PaperCardboard/cardboard105.jpg,prepared_datasets/combined_6class_confusion_cleaned/test/PaperCardboard/cardboard105.jpg,,,,,,,,
test_PaperCardboard_cardboard107,TrashNet,cleaned_image_classification,test,PaperCardboard,PaperCardboard,prepared_datasets/combined_6class_confusion_cleaned/test/PaperCardboard/cardboard107.jpg,prepared_datasets/combined_6class_confusion_cleaned/test/PaperCardboard/cardboard107.jpg,prepared_datasets/combined_6class_confusion_cleaned/test/PaperCardboard/cardboard107.jpg,,,,,,,,
test_PaperCardboard_cardboard112,TrashNet,cleaned_image_classification,test,PaperCardboard,PaperCardboard,prepared_datasets/combined_6class_confusion_cleaned/test/PaperCardboard/cardboard112.jpg,prepared_datasets/combined_6class_confusion_cleaned/test/PaperCardboard/cardboard112.jpg,prepared_datasets/combined_6class_confusion_cleaned/test/PaperCardboard/cardboard112.jpg,,,,,,,,
test_PaperCardboard_cardboard115,TrashNet,cleaned_image_classification,test,PaperCardboard,PaperCardboard,prepared_datasets/combined_6class_confusion_cleaned/test/PaperCardboard/cardboard115.jpg,prepared_datasets/combined_6class_confusion_cleaned/test/PaperCardboard/cardboard115.jpg,prepared_datasets/combined_6class_confusion_cleaned/test/PaperCardboard/cardboard115.jpg,,,,,,,,
test_PaperCardboard_cardboard120,TrashNet,cleaned_image_classification,test,PaperCardboard,PaperCardboard,prepared_datasets/combined_6class_confusion_cleaned/test/PaperCardboard/cardboard120.jpg,prepared_datasets/combined_6class_confusion_cleaned/test/PaperCardboard/cardboard120.jpg,prepared_datasets/combined_6class_confusion_cleaned/test/PaperCardboard/cardboard120.jpg,,,,,,,,
test_PaperCardboard_cardboard125,TrashNet,cleaned_image_classification,test,PaperCardboard,PaperCardboard,prepared_datasets/combined_6class_confusion_cleaned/test/PaperCardboard/cardboard125.jpg,prepared_datasets/combined_6class_confusion_cleaned/test/PaperCardboard/cardboard125.jpg,prepared_datasets/combined_6class_confusion_cleaned/test/PaperCardboard/cardboard125.jpg,,,,,,,,
test_PaperCardboard_cardboard138,TrashNet,cleaned_image_classification,test,PaperCardboard,PaperCardboard,prepared_datasets/combined_6class_confusion_cleaned/test/PaperCardboard/cardboard138.jpg,prepared_datasets/combined_6class_confusion_cleaned/test/PaperCardboard/cardboard138.jpg,prepared_datasets/combined_6class_confusion_cleaned/test/PaperCardboard/cardboard138.jpg,,,,,,,,
test_PaperCardboard_cardboard140,TrashNet,cleaned_image_classification,test,PaperCardboard,PaperCardboard,prepared_datasets/combined_6class_confusion_cleaned/test/PaperCardboard/cardboard140.jpg,prepared_datasets/combined_6class_confusion_cleaned/test/PaperCardboard/cardboard140.jpg,prepared_datasets/combined_6class_confusion_cleaned/test/PaperCardboard/cardboard140.jpg,,,,,,,,
test_PaperCardboard_cardboard145,TrashNet,cleaned_image_classification,test,PaperCardboard,PaperCardboard,prepared_datasets/combined_6class_confusion_cleaned/test/PaperCardboard/cardboard145.jpg,prepared_datasets/combined_6class_confusion_cleaned/test/PaperCardboard/cardboard145.jpg,prepared_datasets/combined_6class_confusion_cleaned/test/PaperCardboard/cardboard145.jpg,,,,,,,,
test_PaperCardboard_cardboard15,TrashNet,cleaned_image_classification,test,PaperCardboard,PaperCardboard,prepared_datasets/combined_6class_confusion_cleaned/test/PaperCardboard/cardboard15.jpg,prepared_datasets/combined_6class_confusion_cleaned/test/PaperCardboard/cardboard15.jpg,prepared_datasets/combined_6class_confusion_cleaned/test/PaperCardboard/cardboard15.jpg,,,,,,,,
test_PaperCardboard_cardboard161,TrashNet,cleaned_image_classification,test,PaperCardboard,PaperCardboard,prepared_datasets/combined_6class_confusion_cleaned/test/PaperCardboard/cardboard161.jpg,prepared_datasets/combined_6class_confusion_cleaned/test/PaperCardboard/cardboard161.jpg,prepared_datasets/combined_6class_confusion_cleaned/test/PaperCardboard/cardboard161.jpg,,,,,,,,
test_PaperCardboard_cardboard165,TrashNet,cleaned_image_classification,test,PaperCardboard,PaperCardboard,prepared_datasets/combined_6class_confusion_cleaned/test/PaperCardboard/cardboard165.jpg,prepared_datasets/combined_6class_confusion_cleaned/test/PaperCardboard/cardboard165.jpg,prepared_datasets/combined_6class_confusion_cleaned/test/PaperCardboard/cardboard165.jpg,,,,,,,,
test_PaperCardboard_cardboard170,TrashNet,cleaned_image_classification,test,PaperCardboard,PaperCardboard,prepared_datasets/combined_6class_confusion_cleaned/test/PaperCardboard/cardboard170.jpg,prepared_datasets/combined_6class_confusion_cleaned/test/PaperCardboard/cardboard170.jpg,prepared_datasets/combined_6class_confusion_cleaned/test/PaperCardboard/cardboard170.jpg,,,,,,,,
test_PaperCardboard_cardboard174,TrashNet,cleaned_image_classification,test,PaperCardboard,PaperCardboard,prepared_datasets/combined_6class_confusion_cleaned/test/PaperCardboard/cardboard174.jpg,prepared_datasets/combined_6class_confusion_cleaned/test/PaperCardboard/cardboard174.jpg,prepared_datasets/combined_6class_confusion_cleaned/test/PaperCardboard/cardboard174.jpg,,,,,,,,
test_PaperCardboard_cardboard175,TrashNet,cleaned_image_classification,test,PaperCardboard,PaperCardboard,prepared_datasets/combined_6class_confusion_cleaned/test/PaperCardboard/cardboard175.jpg,prepared_datasets/combined_6class_confusion_cleaned/test/PaperCardboard/cardboard175.jpg,prepared_datasets/combined_6class_confusion_cleaned/test/PaperCardboard/cardboard175.jpg,,,,,,,,
test_PaperCardboard_cardboard182,TrashNet,cleaned_image_classification,test,PaperCardboard,PaperCardboard,prepared_datasets/combined_6class_confusion_cleaned/test/PaperCardboard/cardboard182.jpg,prepared_datasets/combined_6class_confusion_cleaned/test/PaperCardboard/cardboard182.jpg,prepared_datasets/combined_6class_confusion_cleaned/test/PaperCardboard/cardboard182.jpg,,,,,,,,
test_PaperCardboard_cardboard184,TrashNet,cleaned_image_classification,test,PaperCardboard,PaperCardboard,prepared_datasets/combined_6class_confusion_cleaned/test/PaperCardboard/cardboard184.jpg,prepared_datasets/combined_6class_confusion_cleaned/test/PaperCardboard/cardboard184.jpg,prepared_datasets/combined_6class_confusion_cleaned/test/PaperCardboard/cardboard184.jpg,,,,,,,,
test_PaperCardboard_cardboard186,TrashNet,cleaned_image_classification,test,PaperCardboard,PaperCardboard,prepared_datasets/combined_6class_confusion_cleaned/test/PaperCardboard/cardboard186.jpg,prepared_datasets/combined_6class_confusion_cleaned/test/PaperCardboard/cardboard186.jpg,prepared_datasets/combined_6class_confusion_cleaned/test/PaperCardboard/cardboard186.jpg,,,,,,,,
test_PaperCardboard_cardboard198,TrashNet,cleaned_image_classification,test,PaperCardboard,PaperCardboard,prepared_datasets/combined_6class_confusion_cleaned/test/PaperCardboard/cardboard198.jpg,prepared_datasets/combined_6class_confusion_cleaned/test/PaperCardboard/cardboard198.jpg,prepared_datasets/combined_6class_confusion_cleaned/test/PaperCardboard/cardboard198.jpg,,,,,,,,
test_PaperCardboard_cardboard2,TrashNet,cleaned_image_classification,test,PaperCardboard,PaperCardboard,prepared_datasets/combined_6class_confusion_cleaned/test/PaperCardboard/cardboard2.jpg,prepared_datasets/combined_6class_confusion_cleaned/test/PaperCardboard/cardboard2.jpg,prepared_datasets/combined_6class_confusion_cleaned/test/PaperCardboard/cardboard2.jpg,,,,,,,,
test_PaperCardboard_cardboard203,TrashNet,cleaned_image_classification,test,PaperCardboard,PaperCardboard,prepared_datasets/combined_6class_confusion_cleaned/test/PaperCardboard/cardboard203.jpg,prepared_datasets/combined_6class_confusion_cleaned/test/PaperCardboard/cardboard203.jpg,prepared_datasets/combined_6class_confusion_cleaned/test/PaperCardboard/cardboard203.jpg,,,,,,,,
test_PaperCardboard_cardboard208,TrashNet,cleaned_image_classification,test,PaperCardboard,PaperCardboard,prepared_datasets/combined_6class_confusion_cleaned/test/PaperCardboard/cardboard208.jpg,prepared_datasets/combined_6class_confusion_cleaned/test/PaperCardboard/cardboard208.jpg,prepared_datasets/combined_6class_confusion_cleaned/test/PaperCardboard/cardboard208.jpg,,,,,,,,
test_PaperCardboard_cardboard209,TrashNet,cleaned_image_classification,test,PaperCardboard,PaperCardboard,prepared_datasets/combined_6class_confusion_cleaned/test/PaperCardboard/cardboard209.jpg,prepared_datasets/combined_6class_confusion_cleaned/test/PaperCardboard/cardboard209.jpg,prepared_datasets/combined_6class_confusion_cleaned/test/PaperCardboard/cardboard209.jpg,,,,,,,,
test_PaperCardboard_cardboard211,TrashNet,cleaned_image_classification,test,PaperCardboard,PaperCardboard,prepared_datasets/combined_6class_confusion_cleaned/test/PaperCardboard/cardboard211.jpg,prepared_datasets/combined_6class_confusion_cleaned/test/PaperCardboard/cardboard211.jpg,prepared_datasets/combined_6class_confusion_cleaned/test/PaperCardboard/cardboard211.jpg,,,,,,,,
test_PaperCardboard_cardboard215,TrashNet,cleaned_image_classification,test,PaperCardboard,PaperCardboard,prepared_datasets/combined_6class_confusion_cleaned/test/PaperCardboard/cardboard215.jpg,prepared_datasets/combined_6class_confusion_cleaned/test/PaperCardboard/cardboard215.jpg,prepared_datasets/combined_6class_confusion_cleaned/test/PaperCardboard/cardboard215.jpg,,,,,,,,
test_PaperCardboard_cardboard241,TrashNet,cleaned_image_classification,test,PaperCardboard,PaperCardboard,prepared_datasets/combined_6class_confusion_cleaned/test/PaperCardboard/cardboard241.jpg,prepared_datasets/combined_6class_confusion_cleaned/test/PaperCardboard/cardboard241.jpg,prepared_datasets/combined_6class_confusion_cleaned/test/PaperCardboard/cardboard241.jpg,,,,,,,,
test_PaperCardboard_cardboard254,TrashNet,cleaned_image_classification,test,PaperCardboard,PaperCardboard,prepared_datasets/combined_6class_confusion_cleaned/test/PaperCardboard/cardboard254.jpg,prepared_datasets/combined_6class_confusion_cleaned/test/PaperCardboard/cardboard254.jpg,prepared_datasets/combined_6class_confusion_cleaned/test/PaperCardboard/cardboard254.jpg,,,,,,,,
test_PaperCardboard_cardboard261,TrashNet,cleaned_image_classification,test,PaperCardboard,PaperCardboard,prepared_datasets/combined_6class_confusion_cleaned/test/PaperCardboard/cardboard261.jpg,prepared_datasets/combined_6class_confusion_cleaned/test/PaperCardboard/cardboard261.jpg,prepared_datasets/combined_6class_confusion_cleaned/test/PaperCardboard/cardboard261.jpg,,,,,,,,
test_PaperCardboard_cardboard265,TrashNet,cleaned_image_classification,test,PaperCardboard,PaperCardboard,prepared_datasets/combined_6class_confusion_cleaned/test/PaperCardboard/cardboard265.jpg,prepared_datasets/combined_6class_confusion_cleaned/test/PaperCardboard/cardboard265.jpg,prepared_datasets/combined_6class_confusion_cleaned/test/PaperCardboard/cardboard265.jpg,,,,,,,,
test_PaperCardboard_cardboard268,TrashNet,cleaned_image_classification,test,PaperCardboard,PaperCardboard,prepared_datasets/combined_6class_confusion_cleaned/test/PaperCardboard/cardboard268.jpg,prepared_datasets/combined_6class_confusion_cleaned/test/PaperCardboard/cardboard268.jpg,prepared_datasets/combined_6class_confusion_cleaned/test/PaperCardboard/cardboard268.jpg,,,,,,,,
test_PaperCardboard_cardboard27,TrashNet,cleaned_image_classification,test,PaperCardboard,PaperCardboard,prepared_datasets/combined_6class_confusion_cleaned/test/PaperCardboard/cardboard27.jpg,prepared_datasets/combined_6class_confusion_cleaned/test/PaperCardboard/cardboard27.jpg,prepared_datasets/combined_6class_confusion_cleaned/test/PaperCardboard/cardboard27.jpg,,,,,,,,
test_PaperCardboard_cardboard277,TrashNet,cleaned_image_classification,test,PaperCardboard,PaperCardboard,prepared_datasets/combined_6class_confusion_cleaned/test/PaperCardboard/cardboard277.jpg,prepared_datasets/combined_6class_confusion_cleaned/test/PaperCardboard/cardboard277.jpg,prepared_datasets/combined_6class_confusion_cleaned/test/PaperCardboard/cardboard277.jpg,,,,,,,,
test_PaperCardboard_cardboard290,TrashNet,cleaned_image_classification,test,PaperCardboard,PaperCardboard,prepared_datasets/combined_6class_confusion_cleaned/test/PaperCardboard/cardboard290.jpg,prepared_datasets/combined_6class_confusion_cleaned/test/PaperCardboard/cardboard290.jpg,prepared_datasets/combined_6class_confusion_cleaned/test/PaperCardboard/cardboard290.jpg,,,,,,,,
test_PaperCardboard_cardboard294,TrashNet,cleaned_image_classification,test,PaperCardboard,PaperCardboard,prepared_datasets/combined_6class_confusion_cleaned/test/PaperCardboard/cardboard294.jpg,prepared_datasets/combined_6class_confusion_cleaned/test/PaperCardboard/cardboard294.jpg,prepared_datasets/combined_6class_confusion_cleaned/test/PaperCardboard/cardboard294.jpg,,,,,,,,
test_PaperCardboard_cardboard295,TrashNet,cleaned_image_classification,test,PaperCardboard,PaperCardboard,prepared_datasets/combined_6class_confusion_cleaned/test/PaperCardboard/cardboard295.jpg,prepared_datasets/combined_6class_confusion_cleaned/test/PaperCardboard/cardboard295.jpg,prepared_datasets/combined_6class_confusion_cleaned/test/PaperCardboard/cardboard295.jpg,,,,,,,,
test_PaperCardboard_cardboard300,TrashNet,cleaned_image_classification,test,PaperCardboard,PaperCardboard,prepared_datasets/combined_6class_confusion_cleaned/test/PaperCardboard/cardboard300.jpg,prepared_datasets/combined_6class_confusion_cleaned/test/PaperCardboard/cardboard300.jpg,prepared_datasets/combined_6class_confusion_cleaned/test/PaperCardboard/cardboard300.jpg,,,,,,,,
test_PaperCardboard_cardboard305,TrashNet,cleaned_image_classification,test,PaperCardboard,PaperCardboard,prepared_datasets/combined_6class_confusion_cleaned/test/PaperCardboard/cardboard305.jpg,prepared_datasets/combined_6class_confusion_cleaned/test/PaperCardboard/cardboard305.jpg,prepared_datasets/combined_6class_confusion_cleaned/test/PaperCardboard/cardboard305.jpg,,,,,,,,
test_PaperCardboard_cardboard314,TrashNet,cleaned_image_classification,test,PaperCardboard,PaperCardboard,prepared_datasets/combined_6class_confusion_cleaned/test/PaperCardboard/cardboard314.jpg,prepared_datasets/combined_6class_confusion_cleaned/test/PaperCardboard/cardboard314.jpg,prepared_datasets/combined_6class_confusion_cleaned/test/PaperCardboard/cardboard314.jpg,,,,,,,,
test_PaperCardboard_cardboard321,TrashNet,cleaned_image_classification,test,PaperCardboard,PaperCardboard,prepared_datasets/combined_6class_confusion_cleaned/test/PaperCardboard/cardboard321.jpg,prepared_datasets/combined_6class_confusion_cleaned/test/PaperCardboard/cardboard321.jpg,prepared_datasets/combined_6class_confusion_cleaned/test/PaperCardboard/cardboard321.jpg,,,,,,,,
test_PaperCardboard_cardboard324,TrashNet,cleaned_image_classification,test,PaperCardboard,PaperCardboard,prepared_datasets/combined_6class_confusion_cleaned/test/PaperCardboard/cardboard324.jpg,prepared_datasets/combined_6class_confusion_cleaned/test/PaperCardboard/cardboard324.jpg,prepared_datasets/combined_6class_confusion_cleaned/test/PaperCardboard/cardboard324.jpg,,,,,,,,
test_PaperCardboard_cardboard326,TrashNet,cleaned_image_classification,test,PaperCardboard,PaperCardboard,prepared_datasets/combined_6class_confusion_cleaned/test/PaperCardboard/cardboard326.jpg,prepared_datasets/combined_6class_confusion_cleaned/test/PaperCardboard/cardboard326.jpg,prepared_datasets/combined_6class_confusion_cleaned/test/PaperCardboard/cardboard326.jpg,,,,,,,,
test_PaperCardboard_cardboard335,TrashNet,cleaned_image_classification,test,PaperCardboard,PaperCardboard,prepared_datasets/combined_6class_confusion_cleaned/test/PaperCardboard/cardboard335.jpg,prepared_datasets/combined_6class_confusion_cleaned/test/PaperCardboard/cardboard335.jpg,prepared_datasets/combined_6class_confusion_cleaned/test/PaperCardboard/cardboard335.jpg,,,,,,,,
test_PaperCardboard_cardboard355,TrashNet,cleaned_image_classification,test,PaperCardboard,PaperCardboard,prepared_datasets/combined_6class_confusion_cleaned/test/PaperCardboard/cardboard355.jpg,prepared_datasets/combined_6class_confusion_cleaned/test/PaperCardboard/cardboard355.jpg,prepared_datasets/combined_6class_confusion_cleaned/test/PaperCardboard/cardboard355.jpg,,,,,,,,
test_PaperCardboard_cardboard357,TrashNet,cleaned_image_classification,test,PaperCardboard,PaperCardboard,prepared_datasets/combined_6class_confusion_cleaned/test/PaperCardboard/cardboard357.jpg,prepared_datasets/combined_6class_confusion_cleaned/test/PaperCardboard/cardboard357.jpg,prepared_datasets/combined_6class_confusion_cleaned/test/PaperCardboard/cardboard357.jpg,,,,,,,,
test_PaperCardboard_cardboard358,TrashNet,cleaned_image_classification,test,PaperCardboard,PaperCardboard,prepared_datasets/combined_6class_confusion_cleaned/test/PaperCardboard/cardboard358.jpg,prepared_datasets/combined_6class_confusion_cleaned/test/PaperCardboard/cardboard358.jpg,prepared_datasets/combined_6class_confusion_cleaned/test/PaperCardboard/cardboard358.jpg,,,,,,,,
test_PaperCardboard_cardboard363,TrashNet,cleaned_image_classification,test,PaperCardboard,PaperCardboard,prepared_datasets/combined_6class_confusion_cleaned/test/PaperCardboard/cardboard363.jpg,prepared_datasets/combined_6class_confusion_cleaned/test/PaperCardboard/cardboard363.jpg,prepared_datasets/combined_6class_confusion_cleaned/test/PaperCardboard/cardboard363.jpg,,,,,,,,
test_PaperCardboard_cardboard381,TrashNet,cleaned_image_classification,test,PaperCardboard,PaperCardboard,prepared_datasets/combined_6class_confusion_cleaned/test/PaperCardboard/cardboard381.jpg,prepared_datasets/combined_6class_confusion_cleaned/test/PaperCardboard/cardboard381.jpg,prepared_datasets/combined_6class_confusion_cleaned/test/PaperCardboard/cardboard381.jpg,,,,,,,,
test_PaperCardboard_cardboard384,TrashNet,cleaned_image_classification,test,PaperCardboard,PaperCardboard,prepared_datasets/combined_6class_confusion_cleaned/test/PaperCardboard/cardboard384.jpg,prepared_datasets/combined_6class_confusion_cleaned/test/PaperCardboard/cardboard384.jpg,prepared_datasets/combined_6class_confusion_cleaned/test/PaperCardboard/cardboard384.jpg,,,,,,,,
test_PaperCardboard_cardboard387,TrashNet,cleaned_image_classification,test,PaperCardboard,PaperCardboard,prepared_datasets/combined_6class_confusion_cleaned/test/PaperCardboard/cardboard387.jpg,prepared_datasets/combined_6class_confusion_cleaned/test/PaperCardboard/cardboard387.jpg,prepared_datasets/combined_6class_confusion_cleaned/test/PaperCardboard/cardboard387.jpg,,,,,,,,
test_PaperCardboard_cardboard39,TrashNet,cleaned_image_classification,test,PaperCardboard,PaperCardboard,prepared_datasets/combined_6class_confusion_cleaned/test/PaperCardboard/cardboard39.jpg,prepared_datasets/combined_6class_confusion_cleaned/test/PaperCardboard/cardboard39.jpg,prepared_datasets/combined_6class_confusion_cleaned/test/PaperCardboard/cardboard39.jpg,,,,,,,,
test_PaperCardboard_cardboard391,TrashNet,cleaned_image_classification,test,PaperCardboard,PaperCardboard,prepared_datasets/combined_6class_confusion_cleaned/test/PaperCardboard/cardboard391.jpg,prepared_datasets/combined_6class_confusion_cleaned/test/PaperCardboard/cardboard391.jpg,prepared_datasets/combined_6class_confusion_cleaned/test/PaperCardboard/cardboard391.jpg,,,,,,,,
test_PaperCardboard_cardboard401,TrashNet,cleaned_image_classification,test,PaperCardboard,PaperCardboard,prepared_datasets/combined_6class_confusion_cleaned/test/PaperCardboard/cardboard401.jpg,prepared_datasets/combined_6class_confusion_cleaned/test/PaperCardboard/cardboard401.jpg,prepared_datasets/combined_6class_confusion_cleaned/test/PaperCardboard/cardboard401.jpg,,,,,,,,
test_PaperCardboard_cardboard41,TrashNet,cleaned_image_classification,test,PaperCardboard,PaperCardboard,prepared_datasets/combined_6class_confusion_cleaned/test/PaperCardboard/cardboard41.jpg,prepared_datasets/combined_6class_confusion_cleaned/test/PaperCardboard/cardboard41.jpg,prepared_datasets/combined_6class_confusion_cleaned/test/PaperCardboard/cardboard41.jpg,,,,,,,,
test_PaperCardboard_cardboard50,TrashNet,cleaned_image_classification,test,PaperCardboard,PaperCardboard,prepared_datasets/combined_6class_confusion_cleaned/test/PaperCardboard/cardboard50.jpg,prepared_datasets/combined_6class_confusion_cleaned/test/PaperCardboard/cardboard50.jpg,prepared_datasets/combined_6class_confusion_cleaned/test/PaperCardboard/cardboard50.jpg,,,,,,,,
test_PaperCardboard_cardboard51,TrashNet,cleaned_image_classification,test,PaperCardboard,PaperCardboard,prepared_datasets/combined_6class_confusion_cleaned/test/PaperCardboard/cardboard51.jpg,prepared_datasets/combined_6class_confusion_cleaned/test/PaperCardboard/cardboard51.jpg,prepared_datasets/combined_6class_confusion_cleaned/test/PaperCardboard/cardboard51.jpg,,,,,,,,
test_PaperCardboard_cardboard53,TrashNet,cleaned_image_classification,test,PaperCardboard,PaperCardboard,prepared_datasets/combined_6class_confusion_cleaned/test/PaperCardboard/cardboard53.jpg,prepared_datasets/combined_6class_confusion_cleaned/test/PaperCardboard/cardboard53.jpg,prepared_datasets/combined_6class_confusion_cleaned/test/PaperCardboard/cardboard53.jpg,,,,,,,,
test_PaperCardboard_cardboard62,TrashNet,cleaned_image_classification,test,PaperCardboard,PaperCardboard,prepared_datasets/combined_6class_confusion_cleaned/test/PaperCardboard/cardboard62.jpg,prepared_datasets/combined_6class_confusion_cleaned/test/PaperCardboard/cardboard62.jpg,prepared_datasets/combined_6class_confusion_cleaned/test/PaperCardboard/cardboard62.jpg,,,,,,,,
test_PaperCardboard_cardboard65,TrashNet,cleaned_image_classification,test,PaperCardboard,PaperCardboard,prepared_datasets/combined_6class_confusion_cleaned/test/PaperCardboard/cardboard65.jpg,prepared_datasets/combined_6class_confusion_cleaned/test/PaperCardboard/cardboard65.jpg,prepared_datasets/combined_6class_confusion_cleaned/test/PaperCardboard/cardboard65.jpg,,,,,,,,
test_PaperCardboard_cardboard82,TrashNet,cleaned_image_classification,test,PaperCardboard,PaperCardboard,prepared_datasets/combined_6class_confusion_cleaned/test/PaperCardboard/cardboard82.jpg,prepared_datasets/combined_6class_confusion_cleaned/test/PaperCardboard/cardboard82.jpg,prepared_datasets/combined_6class_confusion_cleaned/test/PaperCardboard/cardboard82.jpg,,,,,,,,
test_PaperCardboard_cardboard86,TrashNet,cleaned_image_classification,test,PaperCardboard,PaperCardboard,prepared_datasets/combined_6class_confusion_cleaned/test/PaperCardboard/cardboard86.jpg,prepared_datasets/combined_6class_confusion_cleaned/test/PaperCardboard/cardboard86.jpg,prepared_datasets/combined_6class_confusion_cleaned/test/PaperCardboard/cardboard86.jpg,,,,,,,,
test_PaperCardboard_cardboard98,TrashNet,cleaned_image_classification,test,PaperCardboard,PaperCardboard,prepared_datasets/combined_6class_confusion_cleaned/test/PaperCardboard/cardboard98.jpg,prepared_datasets/combined_6class_confusion_cleaned/test/PaperCardboard/cardboard98.jpg,prepared_datasets/combined_6class_confusion_cleaned/test/PaperCardboard/cardboard98.jpg,,,,,,,,
test_PaperCardboard_IMG_4878_ann2570,TACO,cleaned_image_classification,test,PaperCardboard,PaperCardboard,prepared_datasets/combined_6class_confusion_cleaned/test/PaperCardboard/IMG_4878_ann2570.jpg,prepared_datasets/combined_6class_confusion_cleaned/test/PaperCardboard/IMG_4878_ann2570.jpg,prepared_datasets/combined_6class_confusion_cleaned/test/PaperCardboard/IMG_4878_ann2570.jpg,,,,,,,,
test_PaperCardboard_IMG_4948_ann2697,TACO,cleaned_image_classification,test,PaperCardboard,PaperCardboard,prepared_datasets/combined_6class_confusion_cleaned/test/PaperCardboard/IMG_4948_ann2697.jpg,prepared_datasets/combined_6class_confusion_cleaned/test/PaperCardboard/IMG_4948_ann2697.jpg,prepared_datasets/combined_6class_confusion_cleaned/test/PaperCardboard/IMG_4948_ann2697.jpg,,,,,,,,
test_PaperCardboard_paper10,TrashNet,cleaned_image_classification,test,PaperCardboard,PaperCardboard,prepared_datasets/combined_6class_confusion_cleaned/test/PaperCardboard/paper10.jpg,prepared_datasets/combined_6class_confusion_cleaned/test/PaperCardboard/paper10.jpg,prepared_datasets/combined_6class_confusion_cleaned/test/PaperCardboard/paper10.jpg,,,,,,,,
test_PaperCardboard_paper118,TrashNet,cleaned_image_classification,test,PaperCardboard,PaperCardboard,prepared_datasets/combined_6class_confusion_cleaned/test/PaperCardboard/paper118.jpg,prepared_datasets/combined_6class_confusion_cleaned/test/PaperCardboard/paper118.jpg,prepared_datasets/combined_6class_confusion_cleaned/test/PaperCardboard/paper118.jpg,,,,,,,,
test_PaperCardboard_paper122,TrashNet,cleaned_image_classification,test,PaperCardboard,PaperCardboard,prepared_datasets/combined_6class_confusion_cleaned/test/PaperCardboard/paper122.jpg,prepared_datasets/combined_6class_confusion_cleaned/test/PaperCardboard/paper122.jpg,prepared_datasets/combined_6class_confusion_cleaned/test/PaperCardboard/paper122.jpg,,,,,,,,
test_PaperCardboard_paper125,TrashNet,cleaned_image_classification,test,PaperCardboard,PaperCardboard,prepared_datasets/combined_6class_confusion_cleaned/test/PaperCardboard/paper125.jpg,prepared_datasets/combined_6class_confusion_cleaned/test/PaperCardboard/paper125.jpg,prepared_datasets/combined_6class_confusion_cleaned/test/PaperCardboard/paper125.jpg,,,,,,,,
test_PaperCardboard_paper132,TrashNet,cleaned_image_classification,test,PaperCardboard,PaperCardboard,prepared_datasets/combined_6class_confusion_cleaned/test/PaperCardboard/paper132.jpg,prepared_datasets/combined_6class_confusion_cleaned/test/PaperCardboard/paper132.jpg,prepared_datasets/combined_6class_confusion_cleaned/test/PaperCardboard/paper132.jpg,,,,,,,,
test_PaperCardboard_paper135,TrashNet,cleaned_image_classification,test,PaperCardboard,PaperCardboard,prepared_datasets/combined_6class_confusion_cleaned/test/PaperCardboard/paper135.jpg,prepared_datasets/combined_6class_confusion_cleaned/test/PaperCardboard/paper135.jpg,prepared_datasets/combined_6class_confusion_cleaned/test/PaperCardboard/paper135.jpg,,,,,,,,
test_PaperCardboard_paper136,TrashNet,cleaned_image_classification,test,PaperCardboard,PaperCardboard,prepared_datasets/combined_6class_confusion_cleaned/test/PaperCardboard/paper136.jpg,prepared_datasets/combined_6class_confusion_cleaned/test/PaperCardboard/paper136.jpg,prepared_datasets/combined_6class_confusion_cleaned/test/PaperCardboard/paper136.jpg,,,,,,,,
test_PaperCardboard_paper146,TrashNet,cleaned_image_classification,test,PaperCardboard,PaperCardboard,prepared_datasets/combined_6class_confusion_cleaned/test/PaperCardboard/paper146.jpg,prepared_datasets/combined_6class_confusion_cleaned/test/PaperCardboard/paper146.jpg,prepared_datasets/combined_6class_confusion_cleaned/test/PaperCardboard/paper146.jpg,,,,,,,,
test_PaperCardboard_paper149,TrashNet,cleaned_image_classification,test,PaperCardboard,PaperCardboard,prepared_datasets/combined_6class_confusion_cleaned/test/PaperCardboard/paper149.jpg,prepared_datasets/combined_6class_confusion_cleaned/test/PaperCardboard/paper149.jpg,prepared_datasets/combined_6class_confusion_cleaned/test/PaperCardboard/paper149.jpg,,,,,,,,
test_PaperCardboard_paper154,TrashNet,cleaned_image_classification,test,PaperCardboard,PaperCardboard,prepared_datasets/combined_6class_confusion_cleaned/test/PaperCardboard/paper154.jpg,prepared_datasets/combined_6class_confusion_cleaned/test/PaperCardboard/paper154.jpg,prepared_datasets/combined_6class_confusion_cleaned/test/PaperCardboard/paper154.jpg,,,,,,,,
test_PaperCardboard_paper164,TrashNet,cleaned_image_classification,test,PaperCardboard,PaperCardboard,prepared_datasets/combined_6class_confusion_cleaned/test/PaperCardboard/paper164.jpg,prepared_datasets/combined_6class_confusion_cleaned/test/PaperCardboard/paper164.jpg,prepared_datasets/combined_6class_confusion_cleaned/test/PaperCardboard/paper164.jpg,,,,,,,,
test_PaperCardboard_paper165,TrashNet,cleaned_image_classification,test,PaperCardboard,PaperCardboard,prepared_datasets/combined_6class_confusion_cleaned/test/PaperCardboard/paper165.jpg,prepared_datasets/combined_6class_confusion_cleaned/test/PaperCardboard/paper165.jpg,prepared_datasets/combined_6class_confusion_cleaned/test/PaperCardboard/paper165.jpg,,,,,,,,
test_PaperCardboard_paper173,TrashNet,cleaned_image_classification,test,PaperCardboard,PaperCardboard,prepared_datasets/combined_6class_confusion_cleaned/test/PaperCardboard/paper173.jpg,prepared_datasets/combined_6class_confusion_cleaned/test/PaperCardboard/paper173.jpg,prepared_datasets/combined_6class_confusion_cleaned/test/PaperCardboard/paper173.jpg,,,,,,,,
test_PaperCardboard_paper180,TrashNet,cleaned_image_classification,test,PaperCardboard,PaperCardboard,prepared_datasets/combined_6class_confusion_cleaned/test/PaperCardboard/paper180.jpg,prepared_datasets/combined_6class_confusion_cleaned/test/PaperCardboard/paper180.jpg,prepared_datasets/combined_6class_confusion_cleaned/test/PaperCardboard/paper180.jpg,,,,,,,,
test_PaperCardboard_paper183,TrashNet,cleaned_image_classification,test,PaperCardboard,PaperCardboard,prepared_datasets/combined_6class_confusion_cleaned/test/PaperCardboard/paper183.jpg,prepared_datasets/combined_6class_confusion_cleaned/test/PaperCardboard/paper183.jpg,prepared_datasets/combined_6class_confusion_cleaned/test/PaperCardboard/paper183.jpg,,,,,,,,
test_PaperCardboard_paper196,TrashNet,cleaned_image_classification,test,PaperCardboard,PaperCardboard,prepared_datasets/combined_6class_confusion_cleaned/test/PaperCardboard/paper196.jpg,prepared_datasets/combined_6class_confusion_cleaned/test/PaperCardboard/paper196.jpg,prepared_datasets/combined_6class_confusion_cleaned/test/PaperCardboard/paper196.jpg,,,,,,,,
test_PaperCardboard_paper204,TrashNet,cleaned_image_classification,test,PaperCardboard,PaperCardboard,prepared_datasets/combined_6class_confusion_cleaned/test/PaperCardboard/paper204.jpg,prepared_datasets/combined_6class_confusion_cleaned/test/PaperCardboard/paper204.jpg,prepared_datasets/combined_6class_confusion_cleaned/test/PaperCardboard/paper204.jpg,,,,,,,,
test_PaperCardboard_paper205,TrashNet,cleaned_image_classification,test,PaperCardboard,PaperCardboard,prepared_datasets/combined_6class_confusion_cleaned/test/PaperCardboard/paper205.jpg,prepared_datasets/combined_6class_confusion_cleaned/test/PaperCardboard/paper205.jpg,prepared_datasets/combined_6class_confusion_cleaned/test/PaperCardboard/paper205.jpg,,,,,,,,
test_PaperCardboard_paper210,TrashNet,cleaned_image_classification,test,PaperCardboard,PaperCardboard,prepared_datasets/combined_6class_confusion_cleaned/test/PaperCardboard/paper210.jpg,prepared_datasets/combined_6class_confusion_cleaned/test/PaperCardboard/paper210.jpg,prepared_datasets/combined_6class_confusion_cleaned/test/PaperCardboard/paper210.jpg,,,,,,,,
test_PaperCardboard_paper213,TrashNet,cleaned_image_classification,test,PaperCardboard,PaperCardboard,prepared_datasets/combined_6class_confusion_cleaned/test/PaperCardboard/paper213.jpg,prepared_datasets/combined_6class_confusion_cleaned/test/PaperCardboard/paper213.jpg,prepared_datasets/combined_6class_confusion_cleaned/test/PaperCardboard/paper213.jpg,,,,,,,,
test_PaperCardboard_paper22,TrashNet,cleaned_image_classification,test,PaperCardboard,PaperCardboard,prepared_datasets/combined_6class_confusion_cleaned/test/PaperCardboard/paper22.jpg,prepared_datasets/combined_6class_confusion_cleaned/test/PaperCardboard/paper22.jpg,prepared_datasets/combined_6class_confusion_cleaned/test/PaperCardboard/paper22.jpg,,,,,,,,
test_PaperCardboard_paper23,TrashNet,cleaned_image_classification,test,PaperCardboard,PaperCardboard,prepared_datasets/combined_6class_confusion_cleaned/test/PaperCardboard/paper23.jpg,prepared_datasets/combined_6class_confusion_cleaned/test/PaperCardboard/paper23.jpg,prepared_datasets/combined_6class_confusion_cleaned/test/PaperCardboard/paper23.jpg,,,,,,,,
test_PaperCardboard_paper236,TrashNet,cleaned_image_classification,test,PaperCardboard,PaperCardboard,prepared_datasets/combined_6class_confusion_cleaned/test/PaperCardboard/paper236.jpg,prepared_datasets/combined_6class_confusion_cleaned/test/PaperCardboard/paper236.jpg,prepared_datasets/combined_6class_confusion_cleaned/test/PaperCardboard/paper236.jpg,,,,,,,,
test_PaperCardboard_paper247,TrashNet,cleaned_image_classification,test,PaperCardboard,PaperCardboard,prepared_datasets/combined_6class_confusion_cleaned/test/PaperCardboard/paper247.jpg,prepared_datasets/combined_6class_confusion_cleaned/test/PaperCardboard/paper247.jpg,prepared_datasets/combined_6class_confusion_cleaned/test/PaperCardboard/paper247.jpg,,,,,,,,
test_PaperCardboard_paper251,TrashNet,cleaned_image_classification,test,PaperCardboard,PaperCardboard,prepared_datasets/combined_6class_confusion_cleaned/test/PaperCardboard/paper251.jpg,prepared_datasets/combined_6class_confusion_cleaned/test/PaperCardboard/paper251.jpg,prepared_datasets/combined_6class_confusion_cleaned/test/PaperCardboard/paper251.jpg,,,,,,,,
test_PaperCardboard_paper260,TrashNet,cleaned_image_classification,test,PaperCardboard,PaperCardboard,prepared_datasets/combined_6class_confusion_cleaned/test/PaperCardboard/paper260.jpg,prepared_datasets/combined_6class_confusion_cleaned/test/PaperCardboard/paper260.jpg,prepared_datasets/combined_6class_confusion_cleaned/test/PaperCardboard/paper260.jpg,,,,,,,,
test_PaperCardboard_paper266,TrashNet,cleaned_image_classification,test,PaperCardboard,PaperCardboard,prepared_datasets/combined_6class_confusion_cleaned/test/PaperCardboard/paper266.jpg,prepared_datasets/combined_6class_confusion_cleaned/test/PaperCardboard/paper266.jpg,prepared_datasets/combined_6class_confusion_cleaned/test/PaperCardboard/paper266.jpg,,,,,,,,
test_PaperCardboard_paper272,TrashNet,cleaned_image_classification,test,PaperCardboard,PaperCardboard,prepared_datasets/combined_6class_confusion_cleaned/test/PaperCardboard/paper272.jpg,prepared_datasets/combined_6class_confusion_cleaned/test/PaperCardboard/paper272.jpg,prepared_datasets/combined_6class_confusion_cleaned/test/PaperCardboard/paper272.jpg,,,,,,,,
test_PaperCardboard_paper281,TrashNet,cleaned_image_classification,test,PaperCardboard,PaperCardboard,prepared_datasets/combined_6class_confusion_cleaned/test/PaperCardboard/paper281.jpg,prepared_datasets/combined_6class_confusion_cleaned/test/PaperCardboard/paper281.jpg,prepared_datasets/combined_6class_confusion_cleaned/test/PaperCardboard/paper281.jpg,,,,,,,,
test_PaperCardboard_paper287,TrashNet,cleaned_image_classification,test,PaperCardboard,PaperCardboard,prepared_datasets/combined_6class_confusion_cleaned/test/PaperCardboard/paper287.jpg,prepared_datasets/combined_6class_confusion_cleaned/test/PaperCardboard/paper287.jpg,prepared_datasets/combined_6class_confusion_cleaned/test/PaperCardboard/paper287.jpg,,,,,,,,
test_PaperCardboard_paper306,TrashNet,cleaned_image_classification,test,PaperCardboard,PaperCardboard,prepared_datasets/combined_6class_confusion_cleaned/test/PaperCardboard/paper306.jpg,prepared_datasets/combined_6class_confusion_cleaned/test/PaperCardboard/paper306.jpg,prepared_datasets/combined_6class_confusion_cleaned/test/PaperCardboard/paper306.jpg,,,,,,,,
test_PaperCardboard_paper31,TrashNet,cleaned_image_classification,test,PaperCardboard,PaperCardboard,prepared_datasets/combined_6class_confusion_cleaned/test/PaperCardboard/paper31.jpg,prepared_datasets/combined_6class_confusion_cleaned/test/PaperCardboard/paper31.jpg,prepared_datasets/combined_6class_confusion_cleaned/test/PaperCardboard/paper31.jpg,,,,,,,,
test_PaperCardboard_paper312,TrashNet,cleaned_image_classification,test,PaperCardboard,PaperCardboard,prepared_datasets/combined_6class_confusion_cleaned/test/PaperCardboard/paper312.jpg,prepared_datasets/combined_6class_confusion_cleaned/test/PaperCardboard/paper312.jpg,prepared_datasets/combined_6class_confusion_cleaned/test/PaperCardboard/paper312.jpg,,,,,,,,
test_PaperCardboard_paper314,TrashNet,cleaned_image_classification,test,PaperCardboard,PaperCardboard,prepared_datasets/combined_6class_confusion_cleaned/test/PaperCardboard/paper314.jpg,prepared_datasets/combined_6class_confusion_cleaned/test/PaperCardboard/paper314.jpg,prepared_datasets/combined_6class_confusion_cleaned/test/PaperCardboard/paper314.jpg,,,,,,,,
test_PaperCardboard_paper33,TrashNet,cleaned_image_classification,test,PaperCardboard,PaperCardboard,prepared_datasets/combined_6class_confusion_cleaned/test/PaperCardboard/paper33.jpg,prepared_datasets/combined_6class_confusion_cleaned/test/PaperCardboard/paper33.jpg,prepared_datasets/combined_6class_confusion_cleaned/test/PaperCardboard/paper33.jpg,,,,,,,,
test_PaperCardboard_paper331,TrashNet,cleaned_image_classification,test,PaperCardboard,PaperCardboard,prepared_datasets/combined_6class_confusion_cleaned/test/PaperCardboard/paper331.jpg,prepared_datasets/combined_6class_confusion_cleaned/test/PaperCardboard/paper331.jpg,prepared_datasets/combined_6class_confusion_cleaned/test/PaperCardboard/paper331.jpg,,,,,,,,
test_PaperCardboard_paper342,TrashNet,cleaned_image_classification,test,PaperCardboard,PaperCardboard,prepared_datasets/combined_6class_confusion_cleaned/test/PaperCardboard/paper342.jpg,prepared_datasets/combined_6class_confusion_cleaned/test/PaperCardboard/paper342.jpg,prepared_datasets/combined_6class_confusion_cleaned/test/PaperCardboard/paper342.jpg,,,,,,,,
test_PaperCardboard_paper344,TrashNet,cleaned_image_classification,test,PaperCardboard,PaperCardboard,prepared_datasets/combined_6class_confusion_cleaned/test/PaperCardboard/paper344.jpg,prepared_datasets/combined_6class_confusion_cleaned/test/PaperCardboard/paper344.jpg,prepared_datasets/combined_6class_confusion_cleaned/test/PaperCardboard/paper344.jpg,,,,,,,,
test_PaperCardboard_paper345,TrashNet,cleaned_image_classification,test,PaperCardboard,PaperCardboard,prepared_datasets/combined_6class_confusion_cleaned/test/PaperCardboard/paper345.jpg,prepared_datasets/combined_6class_confusion_cleaned/test/PaperCardboard/paper345.jpg,prepared_datasets/combined_6class_confusion_cleaned/test/PaperCardboard/paper345.jpg,,,,,,,,
test_PaperCardboard_paper347,TrashNet,cleaned_image_classification,test,PaperCardboard,PaperCardboard,prepared_datasets/combined_6class_confusion_cleaned/test/PaperCardboard/paper347.jpg,prepared_datasets/combined_6class_confusion_cleaned/test/PaperCardboard/paper347.jpg,prepared_datasets/combined_6class_confusion_cleaned/test/PaperCardboard/paper347.jpg,,,,,,,,
test_PaperCardboard_paper35,TrashNet,cleaned_image_classification,test,PaperCardboard,PaperCardboard,prepared_datasets/combined_6class_confusion_cleaned/test/PaperCardboard/paper35.jpg,prepared_datasets/combined_6class_confusion_cleaned/test/PaperCardboard/paper35.jpg,prepared_datasets/combined_6class_confusion_cleaned/test/PaperCardboard/paper35.jpg,,,,,,,,
test_PaperCardboard_paper355,TrashNet,cleaned_image_classification,test,PaperCardboard,PaperCardboard,prepared_datasets/combined_6class_confusion_cleaned/test/PaperCardboard/paper355.jpg,prepared_datasets/combined_6class_confusion_cleaned/test/PaperCardboard/paper355.jpg,prepared_datasets/combined_6class_confusion_cleaned/test/PaperCardboard/paper355.jpg,,,,,,,,
test_PaperCardboard_paper36,TrashNet,cleaned_image_classification,test,PaperCardboard,PaperCardboard,prepared_datasets/combined_6class_confusion_cleaned/test/PaperCardboard/paper36.jpg,prepared_datasets/combined_6class_confusion_cleaned/test/PaperCardboard/paper36.jpg,prepared_datasets/combined_6class_confusion_cleaned/test/PaperCardboard/paper36.jpg,,,,,,,,
test_PaperCardboard_paper364,TrashNet,cleaned_image_classification,test,PaperCardboard,PaperCardboard,prepared_datasets/combined_6class_confusion_cleaned/test/PaperCardboard/paper364.jpg,prepared_datasets/combined_6class_confusion_cleaned/test/PaperCardboard/paper364.jpg,prepared_datasets/combined_6class_confusion_cleaned/test/PaperCardboard/paper364.jpg,,,,,,,,
test_PaperCardboard_paper365,TrashNet,cleaned_image_classification,test,PaperCardboard,PaperCardboard,prepared_datasets/combined_6class_confusion_cleaned/test/PaperCardboard/paper365.jpg,prepared_datasets/combined_6class_confusion_cleaned/test/PaperCardboard/paper365.jpg,prepared_datasets/combined_6class_confusion_cleaned/test/PaperCardboard/paper365.jpg,,,,,,,,
test_PaperCardboard_paper38,TrashNet,cleaned_image_classification,test,PaperCardboard,PaperCardboard,prepared_datasets/combined_6class_confusion_cleaned/test/PaperCardboard/paper38.jpg,prepared_datasets/combined_6class_confusion_cleaned/test/PaperCardboard/paper38.jpg,prepared_datasets/combined_6class_confusion_cleaned/test/PaperCardboard/paper38.jpg,,,,,,,,
test_PaperCardboard_paper382,TrashNet,cleaned_image_classification,test,PaperCardboard,PaperCardboard,prepared_datasets/combined_6class_confusion_cleaned/test/PaperCardboard/paper382.jpg,prepared_datasets/combined_6class_confusion_cleaned/test/PaperCardboard/paper382.jpg,prepared_datasets/combined_6class_confusion_cleaned/test/PaperCardboard/paper382.jpg,,,,,,,,
test_PaperCardboard_paper39,TrashNet,cleaned_image_classification,test,PaperCardboard,PaperCardboard,prepared_datasets/combined_6class_confusion_cleaned/test/PaperCardboard/paper39.jpg,prepared_datasets/combined_6class_confusion_cleaned/test/PaperCardboard/paper39.jpg,prepared_datasets/combined_6class_confusion_cleaned/test/PaperCardboard/paper39.jpg,,,,,,,,
test_PaperCardboard_paper395,TrashNet,cleaned_image_classification,test,PaperCardboard,PaperCardboard,prepared_datasets/combined_6class_confusion_cleaned/test/PaperCardboard/paper395.jpg,prepared_datasets/combined_6class_confusion_cleaned/test/PaperCardboard/paper395.jpg,prepared_datasets/combined_6class_confusion_cleaned/test/PaperCardboard/paper395.jpg,,,,,,,,
test_PaperCardboard_paper397,TrashNet,cleaned_image_classification,test,PaperCardboard,PaperCardboard,prepared_datasets/combined_6class_confusion_cleaned/test/PaperCardboard/paper397.jpg,prepared_datasets/combined_6class_confusion_cleaned/test/PaperCardboard/paper397.jpg,prepared_datasets/combined_6class_confusion_cleaned/test/PaperCardboard/paper397.jpg,,,,,,,,
test_PaperCardboard_paper398,TrashNet,cleaned_image_classification,test,PaperCardboard,PaperCardboard,prepared_datasets/combined_6class_confusion_cleaned/test/PaperCardboard/paper398.jpg,prepared_datasets/combined_6class_confusion_cleaned/test/PaperCardboard/paper398.jpg,prepared_datasets/combined_6class_confusion_cleaned/test/PaperCardboard/paper398.jpg,,,,,,,,
test_PaperCardboard_paper402,TrashNet,cleaned_image_classification,test,PaperCardboard,PaperCardboard,prepared_datasets/combined_6class_confusion_cleaned/test/PaperCardboard/paper402.jpg,prepared_datasets/combined_6class_confusion_cleaned/test/PaperCardboard/paper402.jpg,prepared_datasets/combined_6class_confusion_cleaned/test/PaperCardboard/paper402.jpg,,,,,,,,
test_PaperCardboard_paper406,TrashNet,cleaned_image_classification,test,PaperCardboard,PaperCardboard,prepared_datasets/combined_6class_confusion_cleaned/test/PaperCardboard/paper406.jpg,prepared_datasets/combined_6class_confusion_cleaned/test/PaperCardboard/paper406.jpg,prepared_datasets/combined_6class_confusion_cleaned/test/PaperCardboard/paper406.jpg,,,,,,,,
test_PaperCardboard_paper42,TrashNet,cleaned_image_classification,test,PaperCardboard,PaperCardboard,prepared_datasets/combined_6class_confusion_cleaned/test/PaperCardboard/paper42.jpg,prepared_datasets/combined_6class_confusion_cleaned/test/PaperCardboard/paper42.jpg,prepared_datasets/combined_6class_confusion_cleaned/test/PaperCardboard/paper42.jpg,,,,,,,,
test_PaperCardboard_paper432,TrashNet,cleaned_image_classification,test,PaperCardboard,PaperCardboard,prepared_datasets/combined_6class_confusion_cleaned/test/PaperCardboard/paper432.jpg,prepared_datasets/combined_6class_confusion_cleaned/test/PaperCardboard/paper432.jpg,prepared_datasets/combined_6class_confusion_cleaned/test/PaperCardboard/paper432.jpg,,,,,,,,
test_PaperCardboard_paper469,TrashNet,cleaned_image_classification,test,PaperCardboard,PaperCardboard,prepared_datasets/combined_6class_confusion_cleaned/test/PaperCardboard/paper469.jpg,prepared_datasets/combined_6class_confusion_cleaned/test/PaperCardboard/paper469.jpg,prepared_datasets/combined_6class_confusion_cleaned/test/PaperCardboard/paper469.jpg,,,,,,,,
test_PaperCardboard_paper470,TrashNet,cleaned_image_classification,test,PaperCardboard,PaperCardboard,prepared_datasets/combined_6class_confusion_cleaned/test/PaperCardboard/paper470.jpg,prepared_datasets/combined_6class_confusion_cleaned/test/PaperCardboard/paper470.jpg,prepared_datasets/combined_6class_confusion_cleaned/test/PaperCardboard/paper470.jpg,,,,,,,,
test_PaperCardboard_paper471,TrashNet,cleaned_image_classification,test,PaperCardboard,PaperCardboard,prepared_datasets/combined_6class_confusion_cleaned/test/PaperCardboard/paper471.jpg,prepared_datasets/combined_6class_confusion_cleaned/test/PaperCardboard/paper471.jpg,prepared_datasets/combined_6class_confusion_cleaned/test/PaperCardboard/paper471.jpg,,,,,,,,
test_PaperCardboard_paper476,TrashNet,cleaned_image_classification,test,PaperCardboard,PaperCardboard,prepared_datasets/combined_6class_confusion_cleaned/test/PaperCardboard/paper476.jpg,prepared_datasets/combined_6class_confusion_cleaned/test/PaperCardboard/paper476.jpg,prepared_datasets/combined_6class_confusion_cleaned/test/PaperCardboard/paper476.jpg,,,,,,,,
test_PaperCardboard_paper479,TrashNet,cleaned_image_classification,test,PaperCardboard,PaperCardboard,prepared_datasets/combined_6class_confusion_cleaned/test/PaperCardboard/paper479.jpg,prepared_datasets/combined_6class_confusion_cleaned/test/PaperCardboard/paper479.jpg,prepared_datasets/combined_6class_confusion_cleaned/test/PaperCardboard/paper479.jpg,,,,,,,,
test_PaperCardboard_paper480,TrashNet,cleaned_image_classification,test,PaperCardboard,PaperCardboard,prepared_datasets/combined_6class_confusion_cleaned/test/PaperCardboard/paper480.jpg,prepared_datasets/combined_6class_confusion_cleaned/test/PaperCardboard/paper480.jpg,prepared_datasets/combined_6class_confusion_cleaned/test/PaperCardboard/paper480.jpg,,,,,,,,
test_PaperCardboard_paper491,TrashNet,cleaned_image_classification,test,PaperCardboard,PaperCardboard,prepared_datasets/combined_6class_confusion_cleaned/test/PaperCardboard/paper491.jpg,prepared_datasets/combined_6class_confusion_cleaned/test/PaperCardboard/paper491.jpg,prepared_datasets/combined_6class_confusion_cleaned/test/PaperCardboard/paper491.jpg,,,,,,,,
test_PaperCardboard_paper498,TrashNet,cleaned_image_classification,test,PaperCardboard,PaperCardboard,prepared_datasets/combined_6class_confusion_cleaned/test/PaperCardboard/paper498.jpg,prepared_datasets/combined_6class_confusion_cleaned/test/PaperCardboard/paper498.jpg,prepared_datasets/combined_6class_confusion_cleaned/test/PaperCardboard/paper498.jpg,,,,,,,,
test_PaperCardboard_paper500,TrashNet,cleaned_image_classification,test,PaperCardboard,PaperCardboard,prepared_datasets/combined_6class_confusion_cleaned/test/PaperCardboard/paper500.jpg,prepared_datasets/combined_6class_confusion_cleaned/test/PaperCardboard/paper500.jpg,prepared_datasets/combined_6class_confusion_cleaned/test/PaperCardboard/paper500.jpg,,,,,,,,
test_PaperCardboard_paper502,TrashNet,cleaned_image_classification,test,PaperCardboard,PaperCardboard,prepared_datasets/combined_6class_confusion_cleaned/test/PaperCardboard/paper502.jpg,prepared_datasets/combined_6class_confusion_cleaned/test/PaperCardboard/paper502.jpg,prepared_datasets/combined_6class_confusion_cleaned/test/PaperCardboard/paper502.jpg,,,,,,,,
test_PaperCardboard_paper503,TrashNet,cleaned_image_classification,test,PaperCardboard,PaperCardboard,prepared_datasets/combined_6class_confusion_cleaned/test/PaperCardboard/paper503.jpg,prepared_datasets/combined_6class_confusion_cleaned/test/PaperCardboard/paper503.jpg,prepared_datasets/combined_6class_confusion_cleaned/test/PaperCardboard/paper503.jpg,,,,,,,,
test_PaperCardboard_paper506,TrashNet,cleaned_image_classification,test,PaperCardboard,PaperCardboard,prepared_datasets/combined_6class_confusion_cleaned/test/PaperCardboard/paper506.jpg,prepared_datasets/combined_6class_confusion_cleaned/test/PaperCardboard/paper506.jpg,prepared_datasets/combined_6class_confusion_cleaned/test/PaperCardboard/paper506.jpg,,,,,,,,
test_PaperCardboard_paper517,TrashNet,cleaned_image_classification,test,PaperCardboard,PaperCardboard,prepared_datasets/combined_6class_confusion_cleaned/test/PaperCardboard/paper517.jpg,prepared_datasets/combined_6class_confusion_cleaned/test/PaperCardboard/paper517.jpg,prepared_datasets/combined_6class_confusion_cleaned/test/PaperCardboard/paper517.jpg,,,,,,,,
test_PaperCardboard_paper518,TrashNet,cleaned_image_classification,test,PaperCardboard,PaperCardboard,prepared_datasets/combined_6class_confusion_cleaned/test/PaperCardboard/paper518.jpg,prepared_datasets/combined_6class_confusion_cleaned/test/PaperCardboard/paper518.jpg,prepared_datasets/combined_6class_confusion_cleaned/test/PaperCardboard/paper518.jpg,,,,,,,,
test_PaperCardboard_paper525,TrashNet,cleaned_image_classification,test,PaperCardboard,PaperCardboard,prepared_datasets/combined_6class_confusion_cleaned/test/PaperCardboard/paper525.jpg,prepared_datasets/combined_6class_confusion_cleaned/test/PaperCardboard/paper525.jpg,prepared_datasets/combined_6class_confusion_cleaned/test/PaperCardboard/paper525.jpg,,,,,,,,
test_PaperCardboard_paper530,TrashNet,cleaned_image_classification,test,PaperCardboard,PaperCardboard,prepared_datasets/combined_6class_confusion_cleaned/test/PaperCardboard/paper530.jpg,prepared_datasets/combined_6class_confusion_cleaned/test/PaperCardboard/paper530.jpg,prepared_datasets/combined_6class_confusion_cleaned/test/PaperCardboard/paper530.jpg,,,,,,,,
test_PaperCardboard_paper532,TrashNet,cleaned_image_classification,test,PaperCardboard,PaperCardboard,prepared_datasets/combined_6class_confusion_cleaned/test/PaperCardboard/paper532.jpg,prepared_datasets/combined_6class_confusion_cleaned/test/PaperCardboard/paper532.jpg,prepared_datasets/combined_6class_confusion_cleaned/test/PaperCardboard/paper532.jpg,,,,,,,,
test_PaperCardboard_paper546,TrashNet,cleaned_image_classification,test,PaperCardboard,PaperCardboard,prepared_datasets/combined_6class_confusion_cleaned/test/PaperCardboard/paper546.jpg,prepared_datasets/combined_6class_confusion_cleaned/test/PaperCardboard/paper546.jpg,prepared_datasets/combined_6class_confusion_cleaned/test/PaperCardboard/paper546.jpg,,,,,,,,
test_PaperCardboard_paper552,TrashNet,cleaned_image_classification,test,PaperCardboard,PaperCardboard,prepared_datasets/combined_6class_confusion_cleaned/test/PaperCardboard/paper552.jpg,prepared_datasets/combined_6class_confusion_cleaned/test/PaperCardboard/paper552.jpg,prepared_datasets/combined_6class_confusion_cleaned/test/PaperCardboard/paper552.jpg,,,,,,,,
test_PaperCardboard_paper554,TrashNet,cleaned_image_classification,test,PaperCardboard,PaperCardboard,prepared_datasets/combined_6class_confusion_cleaned/test/PaperCardboard/paper554.jpg,prepared_datasets/combined_6class_confusion_cleaned/test/PaperCardboard/paper554.jpg,prepared_datasets/combined_6class_confusion_cleaned/test/PaperCardboard/paper554.jpg,,,,,,,,
test_PaperCardboard_paper556,TrashNet,cleaned_image_classification,test,PaperCardboard,PaperCardboard,prepared_datasets/combined_6class_confusion_cleaned/test/PaperCardboard/paper556.jpg,prepared_datasets/combined_6class_confusion_cleaned/test/PaperCardboard/paper556.jpg,prepared_datasets/combined_6class_confusion_cleaned/test/PaperCardboard/paper556.jpg,,,,,,,,
test_PaperCardboard_paper559,TrashNet,cleaned_image_classification,test,PaperCardboard,PaperCardboard,prepared_datasets/combined_6class_confusion_cleaned/test/PaperCardboard/paper559.jpg,prepared_datasets/combined_6class_confusion_cleaned/test/PaperCardboard/paper559.jpg,prepared_datasets/combined_6class_confusion_cleaned/test/PaperCardboard/paper559.jpg,,,,,,,,
test_PaperCardboard_paper560,TrashNet,cleaned_image_classification,test,PaperCardboard,PaperCardboard,prepared_datasets/combined_6class_confusion_cleaned/test/PaperCardboard/paper560.jpg,prepared_datasets/combined_6class_confusion_cleaned/test/PaperCardboard/paper560.jpg,prepared_datasets/combined_6class_confusion_cleaned/test/PaperCardboard/paper560.jpg,,,,,,,,
test_PaperCardboard_paper573,TrashNet,cleaned_image_classification,test,PaperCardboard,PaperCardboard,prepared_datasets/combined_6class_confusion_cleaned/test/PaperCardboard/paper573.jpg,prepared_datasets/combined_6class_confusion_cleaned/test/PaperCardboard/paper573.jpg,prepared_datasets/combined_6class_confusion_cleaned/test/PaperCardboard/paper573.jpg,,,,,,,,
test_PaperCardboard_paper577,TrashNet,cleaned_image_classification,test,PaperCardboard,PaperCardboard,prepared_datasets/combined_6class_confusion_cleaned/test/PaperCardboard/paper577.jpg,prepared_datasets/combined_6class_confusion_cleaned/test/PaperCardboard/paper577.jpg,prepared_datasets/combined_6class_confusion_cleaned/test/PaperCardboard/paper577.jpg,,,,,,,,
test_PaperCardboard_paper578,TrashNet,cleaned_image_classification,test,PaperCardboard,PaperCardboard,prepared_datasets/combined_6class_confusion_cleaned/test/PaperCardboard/paper578.jpg,prepared_datasets/combined_6class_confusion_cleaned/test/PaperCardboard/paper578.jpg,prepared_datasets/combined_6class_confusion_cleaned/test/PaperCardboard/paper578.jpg,,,,,,,,
test_PaperCardboard_paper61,TrashNet,cleaned_image_classification,test,PaperCardboard,PaperCardboard,prepared_datasets/combined_6class_confusion_cleaned/test/PaperCardboard/paper61.jpg,prepared_datasets/combined_6class_confusion_cleaned/test/PaperCardboard/paper61.jpg,prepared_datasets/combined_6class_confusion_cleaned/test/PaperCardboard/paper61.jpg,,,,,,,,
test_PaperCardboard_paper64,TrashNet,cleaned_image_classification,test,PaperCardboard,PaperCardboard,prepared_datasets/combined_6class_confusion_cleaned/test/PaperCardboard/paper64.jpg,prepared_datasets/combined_6class_confusion_cleaned/test/PaperCardboard/paper64.jpg,prepared_datasets/combined_6class_confusion_cleaned/test/PaperCardboard/paper64.jpg,,,,,,,,
test_PaperCardboard_paper66,TrashNet,cleaned_image_classification,test,PaperCardboard,PaperCardboard,prepared_datasets/combined_6class_confusion_cleaned/test/PaperCardboard/paper66.jpg,prepared_datasets/combined_6class_confusion_cleaned/test/PaperCardboard/paper66.jpg,prepared_datasets/combined_6class_confusion_cleaned/test/PaperCardboard/paper66.jpg,,,,,,,,
test_PaperCardboard_paper70,TrashNet,cleaned_image_classification,test,PaperCardboard,PaperCardboard,prepared_datasets/combined_6class_confusion_cleaned/test/PaperCardboard/paper70.jpg,prepared_datasets/combined_6class_confusion_cleaned/test/PaperCardboard/paper70.jpg,prepared_datasets/combined_6class_confusion_cleaned/test/PaperCardboard/paper70.jpg,,,,,,,,
test_PaperCardboard_paper71,TrashNet,cleaned_image_classification,test,PaperCardboard,PaperCardboard,prepared_datasets/combined_6class_confusion_cleaned/test/PaperCardboard/paper71.jpg,prepared_datasets/combined_6class_confusion_cleaned/test/PaperCardboard/paper71.jpg,prepared_datasets/combined_6class_confusion_cleaned/test/PaperCardboard/paper71.jpg,,,,,,,,
test_PaperCardboard_paper89,TrashNet,cleaned_image_classification,test,PaperCardboard,PaperCardboard,prepared_datasets/combined_6class_confusion_cleaned/test/PaperCardboard/paper89.jpg,prepared_datasets/combined_6class_confusion_cleaned/test/PaperCardboard/paper89.jpg,prepared_datasets/combined_6class_confusion_cleaned/test/PaperCardboard/paper89.jpg,,,,,,,,
test_PaperCardboard_paper95,TrashNet,cleaned_image_classification,test,PaperCardboard,PaperCardboard,prepared_datasets/combined_6class_confusion_cleaned/test/PaperCardboard/paper95.jpg,prepared_datasets/combined_6class_confusion_cleaned/test/PaperCardboard/paper95.jpg,prepared_datasets/combined_6class_confusion_cleaned/test/PaperCardboard/paper95.jpg,,,,,,,,
test_PaperCardboard_paper96,TrashNet,cleaned_image_classification,test,PaperCardboard,PaperCardboard,prepared_datasets/combined_6class_confusion_cleaned/test/PaperCardboard/paper96.jpg,prepared_datasets/combined_6class_confusion_cleaned/test/PaperCardboard/paper96.jpg,prepared_datasets/combined_6class_confusion_cleaned/test/PaperCardboard/paper96.jpg,,,,,,,,
test_Plastic_000001_ann315,TACO,cleaned_image_classification,test,Plastic,Plastic,prepared_datasets/combined_6class_confusion_cleaned/test/Plastic/000001_ann315.jpg,prepared_datasets/combined_6class_confusion_cleaned/test/Plastic/000001_ann315.jpg,prepared_datasets/combined_6class_confusion_cleaned/test/Plastic/000001_ann315.jpg,,,,,,,,
test_Plastic_000002_ann325,TACO,cleaned_image_classification,test,Plastic,Plastic,prepared_datasets/combined_6class_confusion_cleaned/test/Plastic/000002_ann325.jpg,prepared_datasets/combined_6class_confusion_cleaned/test/Plastic/000002_ann325.jpg,prepared_datasets/combined_6class_confusion_cleaned/test/Plastic/000002_ann325.jpg,,,,,,,,
test_Plastic_000004_ann1433,TACO,cleaned_image_classification,test,Plastic,Plastic,prepared_datasets/combined_6class_confusion_cleaned/test/Plastic/000004_ann1433.jpg,prepared_datasets/combined_6class_confusion_cleaned/test/Plastic/000004_ann1433.jpg,prepared_datasets/combined_6class_confusion_cleaned/test/Plastic/000004_ann1433.jpg,,,,,,,,
test_Plastic_000006_ann1708,TACO,cleaned_image_classification,test,Plastic,Plastic,prepared_datasets/combined_6class_confusion_cleaned/test/Plastic/000006_ann1708.jpg,prepared_datasets/combined_6class_confusion_cleaned/test/Plastic/000006_ann1708.jpg,prepared_datasets/combined_6class_confusion_cleaned/test/Plastic/000006_ann1708.jpg,,,,,,,,
test_Plastic_000007_ann4052,TACO,cleaned_image_classification,test,Plastic,Plastic,prepared_datasets/combined_6class_confusion_cleaned/test/Plastic/000007_ann4052.jpg,prepared_datasets/combined_6class_confusion_cleaned/test/Plastic/000007_ann4052.jpg,prepared_datasets/combined_6class_confusion_cleaned/test/Plastic/000007_ann4052.jpg,,,,,,,,
test_Plastic_000007_ann4053,TACO,cleaned_image_classification,test,Plastic,Plastic,prepared_datasets/combined_6class_confusion_cleaned/test/Plastic/000007_ann4053.jpg,prepared_datasets/combined_6class_confusion_cleaned/test/Plastic/000007_ann4053.jpg,prepared_datasets/combined_6class_confusion_cleaned/test/Plastic/000007_ann4053.jpg,,,,,,,,
test_Plastic_000013_ann4077,TACO,cleaned_image_classification,test,Plastic,Plastic,prepared_datasets/combined_6class_confusion_cleaned/test/Plastic/000013_ann4077.jpg,prepared_datasets/combined_6class_confusion_cleaned/test/Plastic/000013_ann4077.jpg,prepared_datasets/combined_6class_confusion_cleaned/test/Plastic/000013_ann4077.jpg,,,,,,,,
test_Plastic_000017_ann3662,TACO,cleaned_image_classification,test,Plastic,Plastic,prepared_datasets/combined_6class_confusion_cleaned/test/Plastic/000017_ann3662.jpg,prepared_datasets/combined_6class_confusion_cleaned/test/Plastic/000017_ann3662.jpg,prepared_datasets/combined_6class_confusion_cleaned/test/Plastic/000017_ann3662.jpg,,,,,,,,
test_Plastic_000019_ann6,TACO,cleaned_image_classification,test,Plastic,Plastic,prepared_datasets/combined_6class_confusion_cleaned/test/Plastic/000019_ann6.jpg,prepared_datasets/combined_6class_confusion_cleaned/test/Plastic/000019_ann6.jpg,prepared_datasets/combined_6class_confusion_cleaned/test/Plastic/000019_ann6.jpg,,,,,,,,
test_Plastic_000022_ann3684,TACO,cleaned_image_classification,test,Plastic,Plastic,prepared_datasets/combined_6class_confusion_cleaned/test/Plastic/000022_ann3684.jpg,prepared_datasets/combined_6class_confusion_cleaned/test/Plastic/000022_ann3684.jpg,prepared_datasets/combined_6class_confusion_cleaned/test/Plastic/000022_ann3684.jpg,,,,,,,,
test_Plastic_000022_ann972,TACO,cleaned_image_classification,test,Plastic,Plastic,prepared_datasets/combined_6class_confusion_cleaned/test/Plastic/000022_ann972.jpg,prepared_datasets/combined_6class_confusion_cleaned/test/Plastic/000022_ann972.jpg,prepared_datasets/combined_6class_confusion_cleaned/test/Plastic/000022_ann972.jpg,,,,,,,,
test_Plastic_000028_ann1549,TACO,cleaned_image_classification,test,Plastic,Plastic,prepared_datasets/combined_6class_confusion_cleaned/test/Plastic/000028_ann1549.jpg,prepared_datasets/combined_6class_confusion_cleaned/test/Plastic/000028_ann1549.jpg,prepared_datasets/combined_6class_confusion_cleaned/test/Plastic/000028_ann1549.jpg,,,,,,,,
test_Plastic_000028_ann765,TACO,cleaned_image_classification,test,Plastic,Plastic,prepared_datasets/combined_6class_confusion_cleaned/test/Plastic/000028_ann765.jpg,prepared_datasets/combined_6class_confusion_cleaned/test/Plastic/000028_ann765.jpg,prepared_datasets/combined_6class_confusion_cleaned/test/Plastic/000028_ann765.jpg,,,,,,,,
test_Plastic_000029_ann3520,TACO,cleaned_image_classification,test,Plastic,Plastic,prepared_datasets/combined_6class_confusion_cleaned/test/Plastic/000029_ann3520.jpg,prepared_datasets/combined_6class_confusion_cleaned/test/Plastic/000029_ann3520.jpg,prepared_datasets/combined_6class_confusion_cleaned/test/Plastic/000029_ann3520.jpg,,,,,,,,
test_Plastic_000033_ann3701,TACO,cleaned_image_classification,test,Plastic,Plastic,prepared_datasets/combined_6class_confusion_cleaned/test/Plastic/000033_ann3701.jpg,prepared_datasets/combined_6class_confusion_cleaned/test/Plastic/000033_ann3701.jpg,prepared_datasets/combined_6class_confusion_cleaned/test/Plastic/000033_ann3701.jpg,,,,,,,,
test_Plastic_000033_ann4239,TACO,cleaned_image_classification,test,Plastic,Plastic,prepared_datasets/combined_6class_confusion_cleaned/test/Plastic/000033_ann4239.jpg,prepared_datasets/combined_6class_confusion_cleaned/test/Plastic/000033_ann4239.jpg,prepared_datasets/combined_6class_confusion_cleaned/test/Plastic/000033_ann4239.jpg,,,,,,,,
test_Plastic_000034_ann1558,TACO,cleaned_image_classification,test,Plastic,Plastic,prepared_datasets/combined_6class_confusion_cleaned/test/Plastic/000034_ann1558.jpg,prepared_datasets/combined_6class_confusion_cleaned/test/Plastic/000034_ann1558.jpg,prepared_datasets/combined_6class_confusion_cleaned/test/Plastic/000034_ann1558.jpg,,,,,,,,
test_Plastic_000036_ann2273,TACO,cleaned_image_classification,test,Plastic,Plastic,prepared_datasets/combined_6class_confusion_cleaned/test/Plastic/000036_ann2273.jpg,prepared_datasets/combined_6class_confusion_cleaned/test/Plastic/000036_ann2273.jpg,prepared_datasets/combined_6class_confusion_cleaned/test/Plastic/000036_ann2273.jpg,,,,,,,,
test_Plastic_000037_ann1757,TACO,cleaned_image_classification,test,Plastic,Plastic,prepared_datasets/combined_6class_confusion_cleaned/test/Plastic/000037_ann1757.jpg,prepared_datasets/combined_6class_confusion_cleaned/test/Plastic/000037_ann1757.jpg,prepared_datasets/combined_6class_confusion_cleaned/test/Plastic/000037_ann1757.jpg,,,,,,,,
test_Plastic_000042_ann1764,TACO,cleaned_image_classification,test,Plastic,Plastic,prepared_datasets/combined_6class_confusion_cleaned/test/Plastic/000042_ann1764.jpg,prepared_datasets/combined_6class_confusion_cleaned/test/Plastic/000042_ann1764.jpg,prepared_datasets/combined_6class_confusion_cleaned/test/Plastic/000042_ann1764.jpg,,,,,,,,
test_Plastic_000044_ann3730,TACO,cleaned_image_classification,test,Plastic,Plastic,prepared_datasets/combined_6class_confusion_cleaned/test/Plastic/000044_ann3730.jpg,prepared_datasets/combined_6class_confusion_cleaned/test/Plastic/000044_ann3730.jpg,prepared_datasets/combined_6class_confusion_cleaned/test/Plastic/000044_ann3730.jpg,,,,,,,,
test_Plastic_000047_ann4295,TACO,cleaned_image_classification,test,Plastic,Plastic,prepared_datasets/combined_6class_confusion_cleaned/test/Plastic/000047_ann4295.jpg,prepared_datasets/combined_6class_confusion_cleaned/test/Plastic/000047_ann4295.jpg,prepared_datasets/combined_6class_confusion_cleaned/test/Plastic/000047_ann4295.jpg,,,,,,,,
test_Plastic_000048_ann33,TACO,cleaned_image_classification,test,Plastic,Plastic,prepared_datasets/combined_6class_confusion_cleaned/test/Plastic/000048_ann33.jpg,prepared_datasets/combined_6class_confusion_cleaned/test/Plastic/000048_ann33.jpg,prepared_datasets/combined_6class_confusion_cleaned/test/Plastic/000048_ann33.jpg,,,,,,,,
test_Plastic_000053_ann2115,TACO,cleaned_image_classification,test,Plastic,Plastic,prepared_datasets/combined_6class_confusion_cleaned/test/Plastic/000053_ann2115.jpg,prepared_datasets/combined_6class_confusion_cleaned/test/Plastic/000053_ann2115.jpg,prepared_datasets/combined_6class_confusion_cleaned/test/Plastic/000053_ann2115.jpg,,,,,,,,
test_Plastic_000058_ann3420,TACO,cleaned_image_classification,test,Plastic,Plastic,prepared_datasets/combined_6class_confusion_cleaned/test/Plastic/000058_ann3420.jpg,prepared_datasets/combined_6class_confusion_cleaned/test/Plastic/000058_ann3420.jpg,prepared_datasets/combined_6class_confusion_cleaned/test/Plastic/000058_ann3420.jpg,,,,,,,,
test_Plastic_000060_ann3181,TACO,cleaned_image_classification,test,Plastic,Plastic,prepared_datasets/combined_6class_confusion_cleaned/test/Plastic/000060_ann3181.jpg,prepared_datasets/combined_6class_confusion_cleaned/test/Plastic/000060_ann3181.jpg,prepared_datasets/combined_6class_confusion_cleaned/test/Plastic/000060_ann3181.jpg,,,,,,,,
test_Plastic_000065_ann3404,TACO,cleaned_image_classification,test,Plastic,Plastic,prepared_datasets/combined_6class_confusion_cleaned/test/Plastic/000065_ann3404.jpg,prepared_datasets/combined_6class_confusion_cleaned/test/Plastic/000065_ann3404.jpg,prepared_datasets/combined_6class_confusion_cleaned/test/Plastic/000065_ann3404.jpg,,,,,,,,
test_Plastic_000072_ann4407,TACO,cleaned_image_classification,test,Plastic,Plastic,prepared_datasets/combined_6class_confusion_cleaned/test/Plastic/000072_ann4407.jpg,prepared_datasets/combined_6class_confusion_cleaned/test/Plastic/000072_ann4407.jpg,prepared_datasets/combined_6class_confusion_cleaned/test/Plastic/000072_ann4407.jpg,,,,,,,,
test_Plastic_000074_ann3294,TACO,cleaned_image_classification,test,Plastic,Plastic,prepared_datasets/combined_6class_confusion_cleaned/test/Plastic/000074_ann3294.jpg,prepared_datasets/combined_6class_confusion_cleaned/test/Plastic/000074_ann3294.jpg,prepared_datasets/combined_6class_confusion_cleaned/test/Plastic/000074_ann3294.jpg,,,,,,,,
test_Plastic_000079_ann3855,TACO,cleaned_image_classification,test,Plastic,Plastic,prepared_datasets/combined_6class_confusion_cleaned/test/Plastic/000079_ann3855.jpg,prepared_datasets/combined_6class_confusion_cleaned/test/Plastic/000079_ann3855.jpg,prepared_datasets/combined_6class_confusion_cleaned/test/Plastic/000079_ann3855.jpg,,,,,,,,
test_Plastic_000080_ann3280,TACO,cleaned_image_classification,test,Plastic,Plastic,prepared_datasets/combined_6class_confusion_cleaned/test/Plastic/000080_ann3280.jpg,prepared_datasets/combined_6class_confusion_cleaned/test/Plastic/000080_ann3280.jpg,prepared_datasets/combined_6class_confusion_cleaned/test/Plastic/000080_ann3280.jpg,,,,,,,,
test_Plastic_000085_ann3275,TACO,cleaned_image_classification,test,Plastic,Plastic,prepared_datasets/combined_6class_confusion_cleaned/test/Plastic/000085_ann3275.jpg,prepared_datasets/combined_6class_confusion_cleaned/test/Plastic/000085_ann3275.jpg,prepared_datasets/combined_6class_confusion_cleaned/test/Plastic/000085_ann3275.jpg,,,,,,,,
test_Plastic_000085_ann3874,TACO,cleaned_image_classification,test,Plastic,Plastic,prepared_datasets/combined_6class_confusion_cleaned/test/Plastic/000085_ann3874.jpg,prepared_datasets/combined_6class_confusion_cleaned/test/Plastic/000085_ann3874.jpg,prepared_datasets/combined_6class_confusion_cleaned/test/Plastic/000085_ann3874.jpg,,,,,,,,
test_Plastic_000087_ann631,TACO,cleaned_image_classification,test,Plastic,Plastic,prepared_datasets/combined_6class_confusion_cleaned/test/Plastic/000087_ann631.jpg,prepared_datasets/combined_6class_confusion_cleaned/test/Plastic/000087_ann631.jpg,prepared_datasets/combined_6class_confusion_cleaned/test/Plastic/000087_ann631.jpg,,,,,,,,
test_Plastic_000088_ann2376,TACO,cleaned_image_classification,test,Plastic,Plastic,prepared_datasets/combined_6class_confusion_cleaned/test/Plastic/000088_ann2376.jpg,prepared_datasets/combined_6class_confusion_cleaned/test/Plastic/000088_ann2376.jpg,prepared_datasets/combined_6class_confusion_cleaned/test/Plastic/000088_ann2376.jpg,,,,,,,,
test_Plastic_000090_ann1391,TACO,cleaned_image_classification,test,Plastic,Plastic,prepared_datasets/combined_6class_confusion_cleaned/test/Plastic/000090_ann1391.jpg,prepared_datasets/combined_6class_confusion_cleaned/test/Plastic/000090_ann1391.jpg,prepared_datasets/combined_6class_confusion_cleaned/test/Plastic/000090_ann1391.jpg,,,,,,,,
test_Plastic_000091_ann1396,TACO,cleaned_image_classification,test,Plastic,Plastic,prepared_datasets/combined_6class_confusion_cleaned/test/Plastic/000091_ann1396.jpg,prepared_datasets/combined_6class_confusion_cleaned/test/Plastic/000091_ann1396.jpg,prepared_datasets/combined_6class_confusion_cleaned/test/Plastic/000091_ann1396.jpg,,,,,,,,
test_Plastic_000091_ann164,TACO,cleaned_image_classification,test,Plastic,Plastic,prepared_datasets/combined_6class_confusion_cleaned/test/Plastic/000091_ann164.jpg,prepared_datasets/combined_6class_confusion_cleaned/test/Plastic/000091_ann164.jpg,prepared_datasets/combined_6class_confusion_cleaned/test/Plastic/000091_ann164.jpg,,,,,,,,
test_Plastic_000094_ann1414,TACO,cleaned_image_classification,test,Plastic,Plastic,prepared_datasets/combined_6class_confusion_cleaned/test/Plastic/000094_ann1414.jpg,prepared_datasets/combined_6class_confusion_cleaned/test/Plastic/000094_ann1414.jpg,prepared_datasets/combined_6class_confusion_cleaned/test/Plastic/000094_ann1414.jpg,,,,,,,,
test_Plastic_000094_ann1845,TACO,cleaned_image_classification,test,Plastic,Plastic,prepared_datasets/combined_6class_confusion_cleaned/test/Plastic/000094_ann1845.jpg,prepared_datasets/combined_6class_confusion_cleaned/test/Plastic/000094_ann1845.jpg,prepared_datasets/combined_6class_confusion_cleaned/test/Plastic/000094_ann1845.jpg,,,,,,,,
test_Plastic_000094_ann4763,TACO,cleaned_image_classification,test,Plastic,Plastic,prepared_datasets/combined_6class_confusion_cleaned/test/Plastic/000094_ann4763.jpg,prepared_datasets/combined_6class_confusion_cleaned/test/Plastic/000094_ann4763.jpg,prepared_datasets/combined_6class_confusion_cleaned/test/Plastic/000094_ann4763.jpg,,,,,,,,
test_Plastic_000095_ann1693,TACO,cleaned_image_classification,test,Plastic,Plastic,prepared_datasets/combined_6class_confusion_cleaned/test/Plastic/000095_ann1693.jpg,prepared_datasets/combined_6class_confusion_cleaned/test/Plastic/000095_ann1693.jpg,prepared_datasets/combined_6class_confusion_cleaned/test/Plastic/000095_ann1693.jpg,,,,,,,,
test_Plastic_000099_ann3246,TACO,cleaned_image_classification,test,Plastic,Plastic,prepared_datasets/combined_6class_confusion_cleaned/test/Plastic/000099_ann3246.jpg,prepared_datasets/combined_6class_confusion_cleaned/test/Plastic/000099_ann3246.jpg,prepared_datasets/combined_6class_confusion_cleaned/test/Plastic/000099_ann3246.jpg,,,,,,,,
test_Plastic_000104_ann211,TACO,cleaned_image_classification,test,Plastic,Plastic,prepared_datasets/combined_6class_confusion_cleaned/test/Plastic/000104_ann211.jpg,prepared_datasets/combined_6class_confusion_cleaned/test/Plastic/000104_ann211.jpg,prepared_datasets/combined_6class_confusion_cleaned/test/Plastic/000104_ann211.jpg,,,,,,,,
test_Plastic_000111_ann3937,TACO,cleaned_image_classification,test,Plastic,Plastic,prepared_datasets/combined_6class_confusion_cleaned/test/Plastic/000111_ann3937.jpg,prepared_datasets/combined_6class_confusion_cleaned/test/Plastic/000111_ann3937.jpg,prepared_datasets/combined_6class_confusion_cleaned/test/Plastic/000111_ann3937.jpg,,,,,,,,
test_Plastic_000115_ann232,TACO,cleaned_image_classification,test,Plastic,Plastic,prepared_datasets/combined_6class_confusion_cleaned/test/Plastic/000115_ann232.jpg,prepared_datasets/combined_6class_confusion_cleaned/test/Plastic/000115_ann232.jpg,prepared_datasets/combined_6class_confusion_cleaned/test/Plastic/000115_ann232.jpg,,,,,,,,
test_Plastic_000127_ann261,TACO,cleaned_image_classification,test,Plastic,Plastic,prepared_datasets/combined_6class_confusion_cleaned/test/Plastic/000127_ann261.jpg,prepared_datasets/combined_6class_confusion_cleaned/test/Plastic/000127_ann261.jpg,prepared_datasets/combined_6class_confusion_cleaned/test/Plastic/000127_ann261.jpg,,,,,,,,
test_Plastic_000128_ann271,TACO,cleaned_image_classification,test,Plastic,Plastic,prepared_datasets/combined_6class_confusion_cleaned/test/Plastic/000128_ann271.jpg,prepared_datasets/combined_6class_confusion_cleaned/test/Plastic/000128_ann271.jpg,prepared_datasets/combined_6class_confusion_cleaned/test/Plastic/000128_ann271.jpg,,,,,,,,
test_Plastic_IMG_4893_ann2581,TACO,cleaned_image_classification,test,Plastic,Plastic,prepared_datasets/combined_6class_confusion_cleaned/test/Plastic/IMG_4893_ann2581.jpg,prepared_datasets/combined_6class_confusion_cleaned/test/Plastic/IMG_4893_ann2581.jpg,prepared_datasets/combined_6class_confusion_cleaned/test/Plastic/IMG_4893_ann2581.jpg,,,,,,,,
test_Plastic_plastic101,TrashNet,cleaned_image_classification,test,Plastic,Plastic,prepared_datasets/combined_6class_confusion_cleaned/test/Plastic/plastic101.jpg,prepared_datasets/combined_6class_confusion_cleaned/test/Plastic/plastic101.jpg,prepared_datasets/combined_6class_confusion_cleaned/test/Plastic/plastic101.jpg,,,,,,,,
test_Plastic_plastic11,TrashNet,cleaned_image_classification,test,Plastic,Plastic,prepared_datasets/combined_6class_confusion_cleaned/test/Plastic/plastic11.jpg,prepared_datasets/combined_6class_confusion_cleaned/test/Plastic/plastic11.jpg,prepared_datasets/combined_6class_confusion_cleaned/test/Plastic/plastic11.jpg,,,,,,,,
test_Plastic_plastic110,TrashNet,cleaned_image_classification,test,Plastic,Plastic,prepared_datasets/combined_6class_confusion_cleaned/test/Plastic/plastic110.jpg,prepared_datasets/combined_6class_confusion_cleaned/test/Plastic/plastic110.jpg,prepared_datasets/combined_6class_confusion_cleaned/test/Plastic/plastic110.jpg,,,,,,,,
test_Plastic_plastic112,TrashNet,cleaned_image_classification,test,Plastic,Plastic,prepared_datasets/combined_6class_confusion_cleaned/test/Plastic/plastic112.jpg,prepared_datasets/combined_6class_confusion_cleaned/test/Plastic/plastic112.jpg,prepared_datasets/combined_6class_confusion_cleaned/test/Plastic/plastic112.jpg,,,,,,,,
test_Plastic_plastic113,TrashNet,cleaned_image_classification,test,Plastic,Plastic,prepared_datasets/combined_6class_confusion_cleaned/test/Plastic/plastic113.jpg,prepared_datasets/combined_6class_confusion_cleaned/test/Plastic/plastic113.jpg,prepared_datasets/combined_6class_confusion_cleaned/test/Plastic/plastic113.jpg,,,,,,,,
test_Plastic_plastic119,TrashNet,cleaned_image_classification,test,Plastic,Plastic,prepared_datasets/combined_6class_confusion_cleaned/test/Plastic/plastic119.jpg,prepared_datasets/combined_6class_confusion_cleaned/test/Plastic/plastic119.jpg,prepared_datasets/combined_6class_confusion_cleaned/test/Plastic/plastic119.jpg,,,,,,,,
test_Plastic_plastic135,TrashNet,cleaned_image_classification,test,Plastic,Plastic,prepared_datasets/combined_6class_confusion_cleaned/test/Plastic/plastic135.jpg,prepared_datasets/combined_6class_confusion_cleaned/test/Plastic/plastic135.jpg,prepared_datasets/combined_6class_confusion_cleaned/test/Plastic/plastic135.jpg,,,,,,,,
test_Plastic_plastic139,TrashNet,cleaned_image_classification,test,Plastic,Plastic,prepared_datasets/combined_6class_confusion_cleaned/test/Plastic/plastic139.jpg,prepared_datasets/combined_6class_confusion_cleaned/test/Plastic/plastic139.jpg,prepared_datasets/combined_6class_confusion_cleaned/test/Plastic/plastic139.jpg,,,,,,,,
test_Plastic_plastic141,TrashNet,cleaned_image_classification,test,Plastic,Plastic,prepared_datasets/combined_6class_confusion_cleaned/test/Plastic/plastic141.jpg,prepared_datasets/combined_6class_confusion_cleaned/test/Plastic/plastic141.jpg,prepared_datasets/combined_6class_confusion_cleaned/test/Plastic/plastic141.jpg,,,,,,,,
test_Plastic_plastic143,TrashNet,cleaned_image_classification,test,Plastic,Plastic,prepared_datasets/combined_6class_confusion_cleaned/test/Plastic/plastic143.jpg,prepared_datasets/combined_6class_confusion_cleaned/test/Plastic/plastic143.jpg,prepared_datasets/combined_6class_confusion_cleaned/test/Plastic/plastic143.jpg,,,,,,,,
test_Plastic_plastic146,TrashNet,cleaned_image_classification,test,Plastic,Plastic,prepared_datasets/combined_6class_confusion_cleaned/test/Plastic/plastic146.jpg,prepared_datasets/combined_6class_confusion_cleaned/test/Plastic/plastic146.jpg,prepared_datasets/combined_6class_confusion_cleaned/test/Plastic/plastic146.jpg,,,,,,,,
test_Plastic_plastic150,TrashNet,cleaned_image_classification,test,Plastic,Plastic,prepared_datasets/combined_6class_confusion_cleaned/test/Plastic/plastic150.jpg,prepared_datasets/combined_6class_confusion_cleaned/test/Plastic/plastic150.jpg,prepared_datasets/combined_6class_confusion_cleaned/test/Plastic/plastic150.jpg,,,,,,,,
test_Plastic_plastic156,TrashNet,cleaned_image_classification,test,Plastic,Plastic,prepared_datasets/combined_6class_confusion_cleaned/test/Plastic/plastic156.jpg,prepared_datasets/combined_6class_confusion_cleaned/test/Plastic/plastic156.jpg,prepared_datasets/combined_6class_confusion_cleaned/test/Plastic/plastic156.jpg,,,,,,,,
test_Plastic_plastic163,TrashNet,cleaned_image_classification,test,Plastic,Plastic,prepared_datasets/combined_6class_confusion_cleaned/test/Plastic/plastic163.jpg,prepared_datasets/combined_6class_confusion_cleaned/test/Plastic/plastic163.jpg,prepared_datasets/combined_6class_confusion_cleaned/test/Plastic/plastic163.jpg,,,,,,,,
test_Plastic_plastic170,TrashNet,cleaned_image_classification,test,Plastic,Plastic,prepared_datasets/combined_6class_confusion_cleaned/test/Plastic/plastic170.jpg,prepared_datasets/combined_6class_confusion_cleaned/test/Plastic/plastic170.jpg,prepared_datasets/combined_6class_confusion_cleaned/test/Plastic/plastic170.jpg,,,,,,,,
test_Plastic_plastic172,TrashNet,cleaned_image_classification,test,Plastic,Plastic,prepared_datasets/combined_6class_confusion_cleaned/test/Plastic/plastic172.jpg,prepared_datasets/combined_6class_confusion_cleaned/test/Plastic/plastic172.jpg,prepared_datasets/combined_6class_confusion_cleaned/test/Plastic/plastic172.jpg,,,,,,,,
test_Plastic_plastic188,TrashNet,cleaned_image_classification,test,Plastic,Plastic,prepared_datasets/combined_6class_confusion_cleaned/test/Plastic/plastic188.jpg,prepared_datasets/combined_6class_confusion_cleaned/test/Plastic/plastic188.jpg,prepared_datasets/combined_6class_confusion_cleaned/test/Plastic/plastic188.jpg,,,,,,,,
test_Plastic_plastic190,TrashNet,cleaned_image_classification,test,Plastic,Plastic,prepared_datasets/combined_6class_confusion_cleaned/test/Plastic/plastic190.jpg,prepared_datasets/combined_6class_confusion_cleaned/test/Plastic/plastic190.jpg,prepared_datasets/combined_6class_confusion_cleaned/test/Plastic/plastic190.jpg,,,,,,,,
test_Plastic_plastic199,TrashNet,cleaned_image_classification,test,Plastic,Plastic,prepared_datasets/combined_6class_confusion_cleaned/test/Plastic/plastic199.jpg,prepared_datasets/combined_6class_confusion_cleaned/test/Plastic/plastic199.jpg,prepared_datasets/combined_6class_confusion_cleaned/test/Plastic/plastic199.jpg,,,,,,,,
test_Plastic_plastic2,TrashNet,cleaned_image_classification,test,Plastic,Plastic,prepared_datasets/combined_6class_confusion_cleaned/test/Plastic/plastic2.jpg,prepared_datasets/combined_6class_confusion_cleaned/test/Plastic/plastic2.jpg,prepared_datasets/combined_6class_confusion_cleaned/test/Plastic/plastic2.jpg,,,,,,,,
test_Plastic_plastic20,TrashNet,cleaned_image_classification,test,Plastic,Plastic,prepared_datasets/combined_6class_confusion_cleaned/test/Plastic/plastic20.jpg,prepared_datasets/combined_6class_confusion_cleaned/test/Plastic/plastic20.jpg,prepared_datasets/combined_6class_confusion_cleaned/test/Plastic/plastic20.jpg,,,,,,,,
test_Plastic_plastic201,TrashNet,cleaned_image_classification,test,Plastic,Plastic,prepared_datasets/combined_6class_confusion_cleaned/test/Plastic/plastic201.jpg,prepared_datasets/combined_6class_confusion_cleaned/test/Plastic/plastic201.jpg,prepared_datasets/combined_6class_confusion_cleaned/test/Plastic/plastic201.jpg,,,,,,,,
test_Plastic_plastic206,TrashNet,cleaned_image_classification,test,Plastic,Plastic,prepared_datasets/combined_6class_confusion_cleaned/test/Plastic/plastic206.jpg,prepared_datasets/combined_6class_confusion_cleaned/test/Plastic/plastic206.jpg,prepared_datasets/combined_6class_confusion_cleaned/test/Plastic/plastic206.jpg,,,,,,,,
test_Plastic_plastic211,TrashNet,cleaned_image_classification,test,Plastic,Plastic,prepared_datasets/combined_6class_confusion_cleaned/test/Plastic/plastic211.jpg,prepared_datasets/combined_6class_confusion_cleaned/test/Plastic/plastic211.jpg,prepared_datasets/combined_6class_confusion_cleaned/test/Plastic/plastic211.jpg,,,,,,,,
test_Plastic_plastic220,TrashNet,cleaned_image_classification,test,Plastic,Plastic,prepared_datasets/combined_6class_confusion_cleaned/test/Plastic/plastic220.jpg,prepared_datasets/combined_6class_confusion_cleaned/test/Plastic/plastic220.jpg,prepared_datasets/combined_6class_confusion_cleaned/test/Plastic/plastic220.jpg,,,,,,,,
test_Plastic_plastic225,TrashNet,cleaned_image_classification,test,Plastic,Plastic,prepared_datasets/combined_6class_confusion_cleaned/test/Plastic/plastic225.jpg,prepared_datasets/combined_6class_confusion_cleaned/test/Plastic/plastic225.jpg,prepared_datasets/combined_6class_confusion_cleaned/test/Plastic/plastic225.jpg,,,,,,,,
test_Plastic_plastic227,TrashNet,cleaned_image_classification,test,Plastic,Plastic,prepared_datasets/combined_6class_confusion_cleaned/test/Plastic/plastic227.jpg,prepared_datasets/combined_6class_confusion_cleaned/test/Plastic/plastic227.jpg,prepared_datasets/combined_6class_confusion_cleaned/test/Plastic/plastic227.jpg,,,,,,,,
test_Plastic_plastic234,TrashNet,cleaned_image_classification,test,Plastic,Plastic,prepared_datasets/combined_6class_confusion_cleaned/test/Plastic/plastic234.jpg,prepared_datasets/combined_6class_confusion_cleaned/test/Plastic/plastic234.jpg,prepared_datasets/combined_6class_confusion_cleaned/test/Plastic/plastic234.jpg,,,,,,,,
test_Plastic_plastic254,TrashNet,cleaned_image_classification,test,Plastic,Plastic,prepared_datasets/combined_6class_confusion_cleaned/test/Plastic/plastic254.jpg,prepared_datasets/combined_6class_confusion_cleaned/test/Plastic/plastic254.jpg,prepared_datasets/combined_6class_confusion_cleaned/test/Plastic/plastic254.jpg,,,,,,,,
test_Plastic_plastic256,TrashNet,cleaned_image_classification,test,Plastic,Plastic,prepared_datasets/combined_6class_confusion_cleaned/test/Plastic/plastic256.jpg,prepared_datasets/combined_6class_confusion_cleaned/test/Plastic/plastic256.jpg,prepared_datasets/combined_6class_confusion_cleaned/test/Plastic/plastic256.jpg,,,,,,,,
test_Plastic_plastic258,TrashNet,cleaned_image_classification,test,Plastic,Plastic,prepared_datasets/combined_6class_confusion_cleaned/test/Plastic/plastic258.jpg,prepared_datasets/combined_6class_confusion_cleaned/test/Plastic/plastic258.jpg,prepared_datasets/combined_6class_confusion_cleaned/test/Plastic/plastic258.jpg,,,,,,,,
test_Plastic_plastic264,TrashNet,cleaned_image_classification,test,Plastic,Plastic,prepared_datasets/combined_6class_confusion_cleaned/test/Plastic/plastic264.jpg,prepared_datasets/combined_6class_confusion_cleaned/test/Plastic/plastic264.jpg,prepared_datasets/combined_6class_confusion_cleaned/test/Plastic/plastic264.jpg,,,,,,,,
test_Plastic_plastic266,TrashNet,cleaned_image_classification,test,Plastic,Plastic,prepared_datasets/combined_6class_confusion_cleaned/test/Plastic/plastic266.jpg,prepared_datasets/combined_6class_confusion_cleaned/test/Plastic/plastic266.jpg,prepared_datasets/combined_6class_confusion_cleaned/test/Plastic/plastic266.jpg,,,,,,,,
test_Plastic_plastic273,TrashNet,cleaned_image_classification,test,Plastic,Plastic,prepared_datasets/combined_6class_confusion_cleaned/test/Plastic/plastic273.jpg,prepared_datasets/combined_6class_confusion_cleaned/test/Plastic/plastic273.jpg,prepared_datasets/combined_6class_confusion_cleaned/test/Plastic/plastic273.jpg,,,,,,,,
test_Plastic_plastic274,TrashNet,cleaned_image_classification,test,Plastic,Plastic,prepared_datasets/combined_6class_confusion_cleaned/test/Plastic/plastic274.jpg,prepared_datasets/combined_6class_confusion_cleaned/test/Plastic/plastic274.jpg,prepared_datasets/combined_6class_confusion_cleaned/test/Plastic/plastic274.jpg,,,,,,,,
test_Plastic_plastic292,TrashNet,cleaned_image_classification,test,Plastic,Plastic,prepared_datasets/combined_6class_confusion_cleaned/test/Plastic/plastic292.jpg,prepared_datasets/combined_6class_confusion_cleaned/test/Plastic/plastic292.jpg,prepared_datasets/combined_6class_confusion_cleaned/test/Plastic/plastic292.jpg,,,,,,,,
test_Plastic_plastic294,TrashNet,cleaned_image_classification,test,Plastic,Plastic,prepared_datasets/combined_6class_confusion_cleaned/test/Plastic/plastic294.jpg,prepared_datasets/combined_6class_confusion_cleaned/test/Plastic/plastic294.jpg,prepared_datasets/combined_6class_confusion_cleaned/test/Plastic/plastic294.jpg,,,,,,,,
test_Plastic_plastic305,TrashNet,cleaned_image_classification,test,Plastic,Plastic,prepared_datasets/combined_6class_confusion_cleaned/test/Plastic/plastic305.jpg,prepared_datasets/combined_6class_confusion_cleaned/test/Plastic/plastic305.jpg,prepared_datasets/combined_6class_confusion_cleaned/test/Plastic/plastic305.jpg,,,,,,,,
test_Plastic_plastic310,TrashNet,cleaned_image_classification,test,Plastic,Plastic,prepared_datasets/combined_6class_confusion_cleaned/test/Plastic/plastic310.jpg,prepared_datasets/combined_6class_confusion_cleaned/test/Plastic/plastic310.jpg,prepared_datasets/combined_6class_confusion_cleaned/test/Plastic/plastic310.jpg,,,,,,,,
test_Plastic_plastic331,TrashNet,cleaned_image_classification,test,Plastic,Plastic,prepared_datasets/combined_6class_confusion_cleaned/test/Plastic/plastic331.jpg,prepared_datasets/combined_6class_confusion_cleaned/test/Plastic/plastic331.jpg,prepared_datasets/combined_6class_confusion_cleaned/test/Plastic/plastic331.jpg,,,,,,,,
test_Plastic_plastic346,TrashNet,cleaned_image_classification,test,Plastic,Plastic,prepared_datasets/combined_6class_confusion_cleaned/test/Plastic/plastic346.jpg,prepared_datasets/combined_6class_confusion_cleaned/test/Plastic/plastic346.jpg,prepared_datasets/combined_6class_confusion_cleaned/test/Plastic/plastic346.jpg,,,,,,,,
test_Plastic_plastic350,TrashNet,cleaned_image_classification,test,Plastic,Plastic,prepared_datasets/combined_6class_confusion_cleaned/test/Plastic/plastic350.jpg,prepared_datasets/combined_6class_confusion_cleaned/test/Plastic/plastic350.jpg,prepared_datasets/combined_6class_confusion_cleaned/test/Plastic/plastic350.jpg,,,,,,,,
test_Plastic_plastic353,TrashNet,cleaned_image_classification,test,Plastic,Plastic,prepared_datasets/combined_6class_confusion_cleaned/test/Plastic/plastic353.jpg,prepared_datasets/combined_6class_confusion_cleaned/test/Plastic/plastic353.jpg,prepared_datasets/combined_6class_confusion_cleaned/test/Plastic/plastic353.jpg,,,,,,,,
test_Plastic_plastic358,TrashNet,cleaned_image_classification,test,Plastic,Plastic,prepared_datasets/combined_6class_confusion_cleaned/test/Plastic/plastic358.jpg,prepared_datasets/combined_6class_confusion_cleaned/test/Plastic/plastic358.jpg,prepared_datasets/combined_6class_confusion_cleaned/test/Plastic/plastic358.jpg,,,,,,,,
test_Plastic_plastic365,TrashNet,cleaned_image_classification,test,Plastic,Plastic,prepared_datasets/combined_6class_confusion_cleaned/test/Plastic/plastic365.jpg,prepared_datasets/combined_6class_confusion_cleaned/test/Plastic/plastic365.jpg,prepared_datasets/combined_6class_confusion_cleaned/test/Plastic/plastic365.jpg,,,,,,,,
test_Plastic_plastic370,TrashNet,cleaned_image_classification,test,Plastic,Plastic,prepared_datasets/combined_6class_confusion_cleaned/test/Plastic/plastic370.jpg,prepared_datasets/combined_6class_confusion_cleaned/test/Plastic/plastic370.jpg,prepared_datasets/combined_6class_confusion_cleaned/test/Plastic/plastic370.jpg,,,,,,,,
test_Plastic_plastic371,TrashNet,cleaned_image_classification,test,Plastic,Plastic,prepared_datasets/combined_6class_confusion_cleaned/test/Plastic/plastic371.jpg,prepared_datasets/combined_6class_confusion_cleaned/test/Plastic/plastic371.jpg,prepared_datasets/combined_6class_confusion_cleaned/test/Plastic/plastic371.jpg,,,,,,,,
test_Plastic_plastic377,TrashNet,cleaned_image_classification,test,Plastic,Plastic,prepared_datasets/combined_6class_confusion_cleaned/test/Plastic/plastic377.jpg,prepared_datasets/combined_6class_confusion_cleaned/test/Plastic/plastic377.jpg,prepared_datasets/combined_6class_confusion_cleaned/test/Plastic/plastic377.jpg,,,,,,,,
test_Plastic_plastic378,TrashNet,cleaned_image_classification,test,Plastic,Plastic,prepared_datasets/combined_6class_confusion_cleaned/test/Plastic/plastic378.jpg,prepared_datasets/combined_6class_confusion_cleaned/test/Plastic/plastic378.jpg,prepared_datasets/combined_6class_confusion_cleaned/test/Plastic/plastic378.jpg,,,,,,,,
test_Plastic_plastic384,TrashNet,cleaned_image_classification,test,Plastic,Plastic,prepared_datasets/combined_6class_confusion_cleaned/test/Plastic/plastic384.jpg,prepared_datasets/combined_6class_confusion_cleaned/test/Plastic/plastic384.jpg,prepared_datasets/combined_6class_confusion_cleaned/test/Plastic/plastic384.jpg,,,,,,,,
test_Plastic_plastic389,TrashNet,cleaned_image_classification,test,Plastic,Plastic,prepared_datasets/combined_6class_confusion_cleaned/test/Plastic/plastic389.jpg,prepared_datasets/combined_6class_confusion_cleaned/test/Plastic/plastic389.jpg,prepared_datasets/combined_6class_confusion_cleaned/test/Plastic/plastic389.jpg,,,,,,,,
test_Plastic_plastic394,TrashNet,cleaned_image_classification,test,Plastic,Plastic,prepared_datasets/combined_6class_confusion_cleaned/test/Plastic/plastic394.jpg,prepared_datasets/combined_6class_confusion_cleaned/test/Plastic/plastic394.jpg,prepared_datasets/combined_6class_confusion_cleaned/test/Plastic/plastic394.jpg,,,,,,,,
test_Plastic_plastic399,TrashNet,cleaned_image_classification,test,Plastic,Plastic,prepared_datasets/combined_6class_confusion_cleaned/test/Plastic/plastic399.jpg,prepared_datasets/combined_6class_confusion_cleaned/test/Plastic/plastic399.jpg,prepared_datasets/combined_6class_confusion_cleaned/test/Plastic/plastic399.jpg,,,,,,,,
test_Plastic_plastic410,TrashNet,cleaned_image_classification,test,Plastic,Plastic,prepared_datasets/combined_6class_confusion_cleaned/test/Plastic/plastic410.jpg,prepared_datasets/combined_6class_confusion_cleaned/test/Plastic/plastic410.jpg,prepared_datasets/combined_6class_confusion_cleaned/test/Plastic/plastic410.jpg,,,,,,,,
test_Plastic_plastic420,TrashNet,cleaned_image_classification,test,Plastic,Plastic,prepared_datasets/combined_6class_confusion_cleaned/test/Plastic/plastic420.jpg,prepared_datasets/combined_6class_confusion_cleaned/test/Plastic/plastic420.jpg,prepared_datasets/combined_6class_confusion_cleaned/test/Plastic/plastic420.jpg,,,,,,,,
test_Plastic_plastic422,TrashNet,cleaned_image_classification,test,Plastic,Plastic,prepared_datasets/combined_6class_confusion_cleaned/test/Plastic/plastic422.jpg,prepared_datasets/combined_6class_confusion_cleaned/test/Plastic/plastic422.jpg,prepared_datasets/combined_6class_confusion_cleaned/test/Plastic/plastic422.jpg,,,,,,,,
test_Plastic_plastic423,TrashNet,cleaned_image_classification,test,Plastic,Plastic,prepared_datasets/combined_6class_confusion_cleaned/test/Plastic/plastic423.jpg,prepared_datasets/combined_6class_confusion_cleaned/test/Plastic/plastic423.jpg,prepared_datasets/combined_6class_confusion_cleaned/test/Plastic/plastic423.jpg,,,,,,,,
test_Plastic_plastic429,TrashNet,cleaned_image_classification,test,Plastic,Plastic,prepared_datasets/combined_6class_confusion_cleaned/test/Plastic/plastic429.jpg,prepared_datasets/combined_6class_confusion_cleaned/test/Plastic/plastic429.jpg,prepared_datasets/combined_6class_confusion_cleaned/test/Plastic/plastic429.jpg,,,,,,,,
test_Plastic_plastic435,TrashNet,cleaned_image_classification,test,Plastic,Plastic,prepared_datasets/combined_6class_confusion_cleaned/test/Plastic/plastic435.jpg,prepared_datasets/combined_6class_confusion_cleaned/test/Plastic/plastic435.jpg,prepared_datasets/combined_6class_confusion_cleaned/test/Plastic/plastic435.jpg,,,,,,,,
test_Plastic_plastic439,TrashNet,cleaned_image_classification,test,Plastic,Plastic,prepared_datasets/combined_6class_confusion_cleaned/test/Plastic/plastic439.jpg,prepared_datasets/combined_6class_confusion_cleaned/test/Plastic/plastic439.jpg,prepared_datasets/combined_6class_confusion_cleaned/test/Plastic/plastic439.jpg,,,,,,,,
test_Plastic_plastic440,TrashNet,cleaned_image_classification,test,Plastic,Plastic,prepared_datasets/combined_6class_confusion_cleaned/test/Plastic/plastic440.jpg,prepared_datasets/combined_6class_confusion_cleaned/test/Plastic/plastic440.jpg,prepared_datasets/combined_6class_confusion_cleaned/test/Plastic/plastic440.jpg,,,,,,,,
test_Plastic_plastic449,TrashNet,cleaned_image_classification,test,Plastic,Plastic,prepared_datasets/combined_6class_confusion_cleaned/test/Plastic/plastic449.jpg,prepared_datasets/combined_6class_confusion_cleaned/test/Plastic/plastic449.jpg,prepared_datasets/combined_6class_confusion_cleaned/test/Plastic/plastic449.jpg,,,,,,,,
test_Plastic_plastic450,TrashNet,cleaned_image_classification,test,Plastic,Plastic,prepared_datasets/combined_6class_confusion_cleaned/test/Plastic/plastic450.jpg,prepared_datasets/combined_6class_confusion_cleaned/test/Plastic/plastic450.jpg,prepared_datasets/combined_6class_confusion_cleaned/test/Plastic/plastic450.jpg,,,,,,,,
test_Plastic_plastic470,TrashNet,cleaned_image_classification,test,Plastic,Plastic,prepared_datasets/combined_6class_confusion_cleaned/test/Plastic/plastic470.jpg,prepared_datasets/combined_6class_confusion_cleaned/test/Plastic/plastic470.jpg,prepared_datasets/combined_6class_confusion_cleaned/test/Plastic/plastic470.jpg,,,,,,,,
test_Plastic_plastic471,TrashNet,cleaned_image_classification,test,Plastic,Plastic,prepared_datasets/combined_6class_confusion_cleaned/test/Plastic/plastic471.jpg,prepared_datasets/combined_6class_confusion_cleaned/test/Plastic/plastic471.jpg,prepared_datasets/combined_6class_confusion_cleaned/test/Plastic/plastic471.jpg,,,,,,,,
test_Plastic_plastic472,TrashNet,cleaned_image_classification,test,Plastic,Plastic,prepared_datasets/combined_6class_confusion_cleaned/test/Plastic/plastic472.jpg,prepared_datasets/combined_6class_confusion_cleaned/test/Plastic/plastic472.jpg,prepared_datasets/combined_6class_confusion_cleaned/test/Plastic/plastic472.jpg,,,,,,,,
test_Plastic_plastic67,TrashNet,cleaned_image_classification,test,Plastic,Plastic,prepared_datasets/combined_6class_confusion_cleaned/test/Plastic/plastic67.jpg,prepared_datasets/combined_6class_confusion_cleaned/test/Plastic/plastic67.jpg,prepared_datasets/combined_6class_confusion_cleaned/test/Plastic/plastic67.jpg,,,,,,,,
test_Plastic_plastic76,TrashNet,cleaned_image_classification,test,Plastic,Plastic,prepared_datasets/combined_6class_confusion_cleaned/test/Plastic/plastic76.jpg,prepared_datasets/combined_6class_confusion_cleaned/test/Plastic/plastic76.jpg,prepared_datasets/combined_6class_confusion_cleaned/test/Plastic/plastic76.jpg,,,,,,,,
test_Plastic_plastic81,TrashNet,cleaned_image_classification,test,Plastic,Plastic,prepared_datasets/combined_6class_confusion_cleaned/test/Plastic/plastic81.jpg,prepared_datasets/combined_6class_confusion_cleaned/test/Plastic/plastic81.jpg,prepared_datasets/combined_6class_confusion_cleaned/test/Plastic/plastic81.jpg,,,,,,,,
test_Plastic_plastic84,TrashNet,cleaned_image_classification,test,Plastic,Plastic,prepared_datasets/combined_6class_confusion_cleaned/test/Plastic/plastic84.jpg,prepared_datasets/combined_6class_confusion_cleaned/test/Plastic/plastic84.jpg,prepared_datasets/combined_6class_confusion_cleaned/test/Plastic/plastic84.jpg,,,,,,,,
test_Plastic_plastic87,TrashNet,cleaned_image_classification,test,Plastic,Plastic,prepared_datasets/combined_6class_confusion_cleaned/test/Plastic/plastic87.jpg,prepared_datasets/combined_6class_confusion_cleaned/test/Plastic/plastic87.jpg,prepared_datasets/combined_6class_confusion_cleaned/test/Plastic/plastic87.jpg,,,,,,,,
test_Plastic_plastic90,TrashNet,cleaned_image_classification,test,Plastic,Plastic,prepared_datasets/combined_6class_confusion_cleaned/test/Plastic/plastic90.jpg,prepared_datasets/combined_6class_confusion_cleaned/test/Plastic/plastic90.jpg,prepared_datasets/combined_6class_confusion_cleaned/test/Plastic/plastic90.jpg,,,,,,,,
test_Plastic_plastic96,TrashNet,cleaned_image_classification,test,Plastic,Plastic,prepared_datasets/combined_6class_confusion_cleaned/test/Plastic/plastic96.jpg,prepared_datasets/combined_6class_confusion_cleaned/test/Plastic/plastic96.jpg,prepared_datasets/combined_6class_confusion_cleaned/test/Plastic/plastic96.jpg,,,,,,,,
train_Glass_000001_ann2200,TACO,cleaned_image_classification,train,Glass,Glass,prepared_datasets/combined_6class_confusion_cleaned/train/Glass/000001_ann2200.jpg,prepared_datasets/combined_6class_confusion_cleaned/train/Glass/000001_ann2200.jpg,prepared_datasets/combined_6class_confusion_cleaned/train/Glass/000001_ann2200.jpg,,,,,,,,
train_Glass_000001_ann2201,TACO,cleaned_image_classification,train,Glass,Glass,prepared_datasets/combined_6class_confusion_cleaned/train/Glass/000001_ann2201.jpg,prepared_datasets/combined_6class_confusion_cleaned/train/Glass/000001_ann2201.jpg,prepared_datasets/combined_6class_confusion_cleaned/train/Glass/000001_ann2201.jpg,,,,,,,,
train_Glass_000004_ann1893,TACO,cleaned_image_classification,train,Glass,Glass,prepared_datasets/combined_6class_confusion_cleaned/train/Glass/000004_ann1893.jpg,prepared_datasets/combined_6class_confusion_cleaned/train/Glass/000004_ann1893.jpg,prepared_datasets/combined_6class_confusion_cleaned/train/Glass/000004_ann1893.jpg,,,,,,,,
train_Glass_000006_ann1,TACO,cleaned_image_classification,train,Glass,Glass,prepared_datasets/combined_6class_confusion_cleaned/train/Glass/000006_ann1.jpg,prepared_datasets/combined_6class_confusion_cleaned/train/Glass/000006_ann1.jpg,prepared_datasets/combined_6class_confusion_cleaned/train/Glass/000006_ann1.jpg,,,,,,,,
train_Glass_000011_ann382,TACO,cleaned_image_classification,train,Glass,Glass,prepared_datasets/combined_6class_confusion_cleaned/train/Glass/000011_ann382.jpg,prepared_datasets/combined_6class_confusion_cleaned/train/Glass/000011_ann382.jpg,prepared_datasets/combined_6class_confusion_cleaned/train/Glass/000011_ann382.jpg,,,,,,,,
train_Glass_000011_ann384,TACO,cleaned_image_classification,train,Glass,Glass,prepared_datasets/combined_6class_confusion_cleaned/train/Glass/000011_ann384.jpg,prepared_datasets/combined_6class_confusion_cleaned/train/Glass/000011_ann384.jpg,prepared_datasets/combined_6class_confusion_cleaned/train/Glass/000011_ann384.jpg,,,,,,,,
train_Glass_000011_ann385,TACO,cleaned_image_classification,train,Glass,Glass,prepared_datasets/combined_6class_confusion_cleaned/train/Glass/000011_ann385.jpg,prepared_datasets/combined_6class_confusion_cleaned/train/Glass/000011_ann385.jpg,prepared_datasets/combined_6class_confusion_cleaned/train/Glass/000011_ann385.jpg,,,,,,,,
train_Glass_000017_ann102,TACO,cleaned_image_classification,train,Glass,Glass,prepared_datasets/combined_6class_confusion_cleaned/train/Glass/000017_ann102.jpg,prepared_datasets/combined_6class_confusion_cleaned/train/Glass/000017_ann102.jpg,prepared_datasets/combined_6class_confusion_cleaned/train/Glass/000017_ann102.jpg,,,,,,,,
train_Glass_000018_ann1952,TACO,cleaned_image_classification,train,Glass,Glass,prepared_datasets/combined_6class_confusion_cleaned/train/Glass/000018_ann1952.jpg,prepared_datasets/combined_6class_confusion_cleaned/train/Glass/000018_ann1952.jpg,prepared_datasets/combined_6class_confusion_cleaned/train/Glass/000018_ann1952.jpg,,,,,,,,
train_Glass_000021_ann69,TACO,cleaned_image_classification,train,Glass,Glass,prepared_datasets/combined_6class_confusion_cleaned/train/Glass/000021_ann69.jpg,prepared_datasets/combined_6class_confusion_cleaned/train/Glass/000021_ann69.jpg,prepared_datasets/combined_6class_confusion_cleaned/train/Glass/000021_ann69.jpg,,,,,,,,
train_Glass_000022_ann71,TACO,cleaned_image_classification,train,Glass,Glass,prepared_datasets/combined_6class_confusion_cleaned/train/Glass/000022_ann71.jpg,prepared_datasets/combined_6class_confusion_cleaned/train/Glass/000022_ann71.jpg,prepared_datasets/combined_6class_confusion_cleaned/train/Glass/000022_ann71.jpg,,,,,,,,
train_Glass_000024_ann2245,TACO,cleaned_image_classification,train,Glass,Glass,prepared_datasets/combined_6class_confusion_cleaned/train/Glass/000024_ann2245.jpg,prepared_datasets/combined_6class_confusion_cleaned/train/Glass/000024_ann2245.jpg,prepared_datasets/combined_6class_confusion_cleaned/train/Glass/000024_ann2245.jpg,,,,,,,,
train_Glass_000024_ann2246,TACO,cleaned_image_classification,train,Glass,Glass,prepared_datasets/combined_6class_confusion_cleaned/train/Glass/000024_ann2246.jpg,prepared_datasets/combined_6class_confusion_cleaned/train/Glass/000024_ann2246.jpg,prepared_datasets/combined_6class_confusion_cleaned/train/Glass/000024_ann2246.jpg,,,,,,,,
train_Glass_000034_ann2267,TACO,cleaned_image_classification,train,Glass,Glass,prepared_datasets/combined_6class_confusion_cleaned/train/Glass/000034_ann2267.jpg,prepared_datasets/combined_6class_confusion_cleaned/train/Glass/000034_ann2267.jpg,prepared_datasets/combined_6class_confusion_cleaned/train/Glass/000034_ann2267.jpg,,,,,,,,
train_Glass_000038_ann1760,TACO,cleaned_image_classification,train,Glass,Glass,prepared_datasets/combined_6class_confusion_cleaned/train/Glass/000038_ann1760.jpg,prepared_datasets/combined_6class_confusion_cleaned/train/Glass/000038_ann1760.jpg,prepared_datasets/combined_6class_confusion_cleaned/train/Glass/000038_ann1760.jpg,,,,,,,,
train_Glass_000039_ann1761,TACO,cleaned_image_classification,train,Glass,Glass,prepared_datasets/combined_6class_confusion_cleaned/train/Glass/000039_ann1761.jpg,prepared_datasets/combined_6class_confusion_cleaned/train/Glass/000039_ann1761.jpg,prepared_datasets/combined_6class_confusion_cleaned/train/Glass/000039_ann1761.jpg,,,,,,,,
train_Glass_000067_ann1645,TACO,cleaned_image_classification,train,Glass,Glass,prepared_datasets/combined_6class_confusion_cleaned/train/Glass/000067_ann1645.jpg,prepared_datasets/combined_6class_confusion_cleaned/train/Glass/000067_ann1645.jpg,prepared_datasets/combined_6class_confusion_cleaned/train/Glass/000067_ann1645.jpg,,,,,,,,
train_Glass_000068_ann1309,TACO,cleaned_image_classification,train,Glass,Glass,prepared_datasets/combined_6class_confusion_cleaned/train/Glass/000068_ann1309.jpg,prepared_datasets/combined_6class_confusion_cleaned/train/Glass/000068_ann1309.jpg,prepared_datasets/combined_6class_confusion_cleaned/train/Glass/000068_ann1309.jpg,,,,,,,,
train_Glass_000074_ann2338,TACO,cleaned_image_classification,train,Glass,Glass,prepared_datasets/combined_6class_confusion_cleaned/train/Glass/000074_ann2338.jpg,prepared_datasets/combined_6class_confusion_cleaned/train/Glass/000074_ann2338.jpg,prepared_datasets/combined_6class_confusion_cleaned/train/Glass/000074_ann2338.jpg,,,,,,,,
train_Glass_000081_ann1821,TACO,cleaned_image_classification,train,Glass,Glass,prepared_datasets/combined_6class_confusion_cleaned/train/Glass/000081_ann1821.jpg,prepared_datasets/combined_6class_confusion_cleaned/train/Glass/000081_ann1821.jpg,prepared_datasets/combined_6class_confusion_cleaned/train/Glass/000081_ann1821.jpg,,,,,,,,
train_Glass_000081_ann1822,TACO,cleaned_image_classification,train,Glass,Glass,prepared_datasets/combined_6class_confusion_cleaned/train/Glass/000081_ann1822.jpg,prepared_datasets/combined_6class_confusion_cleaned/train/Glass/000081_ann1822.jpg,prepared_datasets/combined_6class_confusion_cleaned/train/Glass/000081_ann1822.jpg,,,,,,,,
train_Glass_000081_ann1823,TACO,cleaned_image_classification,train,Glass,Glass,prepared_datasets/combined_6class_confusion_cleaned/train/Glass/000081_ann1823.jpg,prepared_datasets/combined_6class_confusion_cleaned/train/Glass/000081_ann1823.jpg,prepared_datasets/combined_6class_confusion_cleaned/train/Glass/000081_ann1823.jpg,,,,,,,,
train_Glass_000084_ann2194,TACO,cleaned_image_classification,train,Glass,Glass,prepared_datasets/combined_6class_confusion_cleaned/train/Glass/000084_ann2194.jpg,prepared_datasets/combined_6class_confusion_cleaned/train/Glass/000084_ann2194.jpg,prepared_datasets/combined_6class_confusion_cleaned/train/Glass/000084_ann2194.jpg,,,,,,,,
train_Glass_000084_ann2195,TACO,cleaned_image_classification,train,Glass,Glass,prepared_datasets/combined_6class_confusion_cleaned/train/Glass/000084_ann2195.jpg,prepared_datasets/combined_6class_confusion_cleaned/train/Glass/000084_ann2195.jpg,prepared_datasets/combined_6class_confusion_cleaned/train/Glass/000084_ann2195.jpg,,,,,,,,
train_Glass_000101_ann2986,TACO,cleaned_image_classification,train,Glass,Glass,prepared_datasets/combined_6class_confusion_cleaned/train/Glass/000101_ann2986.jpg,prepared_datasets/combined_6class_confusion_cleaned/train/Glass/000101_ann2986.jpg,prepared_datasets/combined_6class_confusion_cleaned/train/Glass/000101_ann2986.jpg,,,,,,,,
train_Glass_000120_ann3006,TACO,cleaned_image_classification,train,Glass,Glass,prepared_datasets/combined_6class_confusion_cleaned/train/Glass/000120_ann3006.jpg,prepared_datasets/combined_6class_confusion_cleaned/train/Glass/000120_ann3006.jpg,prepared_datasets/combined_6class_confusion_cleaned/train/Glass/000120_ann3006.jpg,,,,,,,,
train_Glass_glass10,TrashNet,cleaned_image_classification,train,Glass,Glass,prepared_datasets/combined_6class_confusion_cleaned/train/Glass/glass10.jpg,prepared_datasets/combined_6class_confusion_cleaned/train/Glass/glass10.jpg,prepared_datasets/combined_6class_confusion_cleaned/train/Glass/glass10.jpg,,,,,,,,
train_Glass_glass101,TrashNet,cleaned_image_classification,train,Glass,Glass,prepared_datasets/combined_6class_confusion_cleaned/train/Glass/glass101.jpg,prepared_datasets/combined_6class_confusion_cleaned/train/Glass/glass101.jpg,prepared_datasets/combined_6class_confusion_cleaned/train/Glass/glass101.jpg,,,,,,,,
train_Glass_glass102,TrashNet,cleaned_image_classification,train,Glass,Glass,prepared_datasets/combined_6class_confusion_cleaned/train/Glass/glass102.jpg,prepared_datasets/combined_6class_confusion_cleaned/train/Glass/glass102.jpg,prepared_datasets/combined_6class_confusion_cleaned/train/Glass/glass102.jpg,,,,,,,,
train_Glass_glass103,TrashNet,cleaned_image_classification,train,Glass,Glass,prepared_datasets/combined_6class_confusion_cleaned/train/Glass/glass103.jpg,prepared_datasets/combined_6class_confusion_cleaned/train/Glass/glass103.jpg,prepared_datasets/combined_6class_confusion_cleaned/train/Glass/glass103.jpg,,,,,,,,
train_Glass_glass104,TrashNet,cleaned_image_classification,train,Glass,Glass,prepared_datasets/combined_6class_confusion_cleaned/train/Glass/glass104.jpg,prepared_datasets/combined_6class_confusion_cleaned/train/Glass/glass104.jpg,prepared_datasets/combined_6class_confusion_cleaned/train/Glass/glass104.jpg,,,,,,,,
train_Glass_glass105,TrashNet,cleaned_image_classification,train,Glass,Glass,prepared_datasets/combined_6class_confusion_cleaned/train/Glass/glass105.jpg,prepared_datasets/combined_6class_confusion_cleaned/train/Glass/glass105.jpg,prepared_datasets/combined_6class_confusion_cleaned/train/Glass/glass105.jpg,,,,,,,,
train_Glass_glass106,TrashNet,cleaned_image_classification,train,Glass,Glass,prepared_datasets/combined_6class_confusion_cleaned/train/Glass/glass106.jpg,prepared_datasets/combined_6class_confusion_cleaned/train/Glass/glass106.jpg,prepared_datasets/combined_6class_confusion_cleaned/train/Glass/glass106.jpg,,,,,,,,
train_Glass_glass107,TrashNet,cleaned_image_classification,train,Glass,Glass,prepared_datasets/combined_6class_confusion_cleaned/train/Glass/glass107.jpg,prepared_datasets/combined_6class_confusion_cleaned/train/Glass/glass107.jpg,prepared_datasets/combined_6class_confusion_cleaned/train/Glass/glass107.jpg,,,,,,,,
train_Glass_glass108,TrashNet,cleaned_image_classification,train,Glass,Glass,prepared_datasets/combined_6class_confusion_cleaned/train/Glass/glass108.jpg,prepared_datasets/combined_6class_confusion_cleaned/train/Glass/glass108.jpg,prepared_datasets/combined_6class_confusion_cleaned/train/Glass/glass108.jpg,,,,,,,,
train_Glass_glass109,TrashNet,cleaned_image_classification,train,Glass,Glass,prepared_datasets/combined_6class_confusion_cleaned/train/Glass/glass109.jpg,prepared_datasets/combined_6class_confusion_cleaned/train/Glass/glass109.jpg,prepared_datasets/combined_6class_confusion_cleaned/train/Glass/glass109.jpg,,,,,,,,
train_Glass_glass110,TrashNet,cleaned_image_classification,train,Glass,Glass,prepared_datasets/combined_6class_confusion_cleaned/train/Glass/glass110.jpg,prepared_datasets/combined_6class_confusion_cleaned/train/Glass/glass110.jpg,prepared_datasets/combined_6class_confusion_cleaned/train/Glass/glass110.jpg,,,,,,,,
train_Glass_glass112,TrashNet,cleaned_image_classification,train,Glass,Glass,prepared_datasets/combined_6class_confusion_cleaned/train/Glass/glass112.jpg,prepared_datasets/combined_6class_confusion_cleaned/train/Glass/glass112.jpg,prepared_datasets/combined_6class_confusion_cleaned/train/Glass/glass112.jpg,,,,,,,,
train_Glass_glass113,TrashNet,cleaned_image_classification,train,Glass,Glass,prepared_datasets/combined_6class_confusion_cleaned/train/Glass/glass113.jpg,prepared_datasets/combined_6class_confusion_cleaned/train/Glass/glass113.jpg,prepared_datasets/combined_6class_confusion_cleaned/train/Glass/glass113.jpg,,,,,,,,
train_Glass_glass114,TrashNet,cleaned_image_classification,train,Glass,Glass,prepared_datasets/combined_6class_confusion_cleaned/train/Glass/glass114.jpg,prepared_datasets/combined_6class_confusion_cleaned/train/Glass/glass114.jpg,prepared_datasets/combined_6class_confusion_cleaned/train/Glass/glass114.jpg,,,,,,,,
train_Glass_glass115,TrashNet,cleaned_image_classification,train,Glass,Glass,prepared_datasets/combined_6class_confusion_cleaned/train/Glass/glass115.jpg,prepared_datasets/combined_6class_confusion_cleaned/train/Glass/glass115.jpg,prepared_datasets/combined_6class_confusion_cleaned/train/Glass/glass115.jpg,,,,,,,,
train_Glass_glass117,TrashNet,cleaned_image_classification,train,Glass,Glass,prepared_datasets/combined_6class_confusion_cleaned/train/Glass/glass117.jpg,prepared_datasets/combined_6class_confusion_cleaned/train/Glass/glass117.jpg,prepared_datasets/combined_6class_confusion_cleaned/train/Glass/glass117.jpg,,,,,,,,
train_Glass_glass118,TrashNet,cleaned_image_classification,train,Glass,Glass,prepared_datasets/combined_6class_confusion_cleaned/train/Glass/glass118.jpg,prepared_datasets/combined_6class_confusion_cleaned/train/Glass/glass118.jpg,prepared_datasets/combined_6class_confusion_cleaned/train/Glass/glass118.jpg,,,,,,,,
train_Glass_glass120,TrashNet,cleaned_image_classification,train,Glass,Glass,prepared_datasets/combined_6class_confusion_cleaned/train/Glass/glass120.jpg,prepared_datasets/combined_6class_confusion_cleaned/train/Glass/glass120.jpg,prepared_datasets/combined_6class_confusion_cleaned/train/Glass/glass120.jpg,,,,,,,,
train_Glass_glass122,TrashNet,cleaned_image_classification,train,Glass,Glass,prepared_datasets/combined_6class_confusion_cleaned/train/Glass/glass122.jpg,prepared_datasets/combined_6class_confusion_cleaned/train/Glass/glass122.jpg,prepared_datasets/combined_6class_confusion_cleaned/train/Glass/glass122.jpg,,,,,,,,
train_Glass_glass123,TrashNet,cleaned_image_classification,train,Glass,Glass,prepared_datasets/combined_6class_confusion_cleaned/train/Glass/glass123.jpg,prepared_datasets/combined_6class_confusion_cleaned/train/Glass/glass123.jpg,prepared_datasets/combined_6class_confusion_cleaned/train/Glass/glass123.jpg,,,,,,,,
train_Glass_glass124,TrashNet,cleaned_image_classification,train,Glass,Glass,prepared_datasets/combined_6class_confusion_cleaned/train/Glass/glass124.jpg,prepared_datasets/combined_6class_confusion_cleaned/train/Glass/glass124.jpg,prepared_datasets/combined_6class_confusion_cleaned/train/Glass/glass124.jpg,,,,,,,,
train_Glass_glass125,TrashNet,cleaned_image_classification,train,Glass,Glass,prepared_datasets/combined_6class_confusion_cleaned/train/Glass/glass125.jpg,prepared_datasets/combined_6class_confusion_cleaned/train/Glass/glass125.jpg,prepared_datasets/combined_6class_confusion_cleaned/train/Glass/glass125.jpg,,,,,,,,
train_Glass_glass126,TrashNet,cleaned_image_classification,train,Glass,Glass,prepared_datasets/combined_6class_confusion_cleaned/train/Glass/glass126.jpg,prepared_datasets/combined_6class_confusion_cleaned/train/Glass/glass126.jpg,prepared_datasets/combined_6class_confusion_cleaned/train/Glass/glass126.jpg,,,,,,,,
train_Glass_glass127,TrashNet,cleaned_image_classification,train,Glass,Glass,prepared_datasets/combined_6class_confusion_cleaned/train/Glass/glass127.jpg,prepared_datasets/combined_6class_confusion_cleaned/train/Glass/glass127.jpg,prepared_datasets/combined_6class_confusion_cleaned/train/Glass/glass127.jpg,,,,,,,,
train_Glass_glass128,TrashNet,cleaned_image_classification,train,Glass,Glass,prepared_datasets/combined_6class_confusion_cleaned/train/Glass/glass128.jpg,prepared_datasets/combined_6class_confusion_cleaned/train/Glass/glass128.jpg,prepared_datasets/combined_6class_confusion_cleaned/train/Glass/glass128.jpg,,,,,,,,
train_Glass_glass129,TrashNet,cleaned_image_classification,train,Glass,Glass,prepared_datasets/combined_6class_confusion_cleaned/train/Glass/glass129.jpg,prepared_datasets/combined_6class_confusion_cleaned/train/Glass/glass129.jpg,prepared_datasets/combined_6class_confusion_cleaned/train/Glass/glass129.jpg,,,,,,,,
train_Glass_glass13,TrashNet,cleaned_image_classification,train,Glass,Glass,prepared_datasets/combined_6class_confusion_cleaned/train/Glass/glass13.jpg,prepared_datasets/combined_6class_confusion_cleaned/train/Glass/glass13.jpg,prepared_datasets/combined_6class_confusion_cleaned/train/Glass/glass13.jpg,,,,,,,,
train_Glass_glass131,TrashNet,cleaned_image_classification,train,Glass,Glass,prepared_datasets/combined_6class_confusion_cleaned/train/Glass/glass131.jpg,prepared_datasets/combined_6class_confusion_cleaned/train/Glass/glass131.jpg,prepared_datasets/combined_6class_confusion_cleaned/train/Glass/glass131.jpg,,,,,,,,
train_Glass_glass133,TrashNet,cleaned_image_classification,train,Glass,Glass,prepared_datasets/combined_6class_confusion_cleaned/train/Glass/glass133.jpg,prepared_datasets/combined_6class_confusion_cleaned/train/Glass/glass133.jpg,prepared_datasets/combined_6class_confusion_cleaned/train/Glass/glass133.jpg,,,,,,,,
train_Glass_glass134,TrashNet,cleaned_image_classification,train,Glass,Glass,prepared_datasets/combined_6class_confusion_cleaned/train/Glass/glass134.jpg,prepared_datasets/combined_6class_confusion_cleaned/train/Glass/glass134.jpg,prepared_datasets/combined_6class_confusion_cleaned/train/Glass/glass134.jpg,,,,,,,,
train_Glass_glass135,TrashNet,cleaned_image_classification,train,Glass,Glass,prepared_datasets/combined_6class_confusion_cleaned/train/Glass/glass135.jpg,prepared_datasets/combined_6class_confusion_cleaned/train/Glass/glass135.jpg,prepared_datasets/combined_6class_confusion_cleaned/train/Glass/glass135.jpg,,,,,,,,
train_Glass_glass136,TrashNet,cleaned_image_classification,train,Glass,Glass,prepared_datasets/combined_6class_confusion_cleaned/train/Glass/glass136.jpg,prepared_datasets/combined_6class_confusion_cleaned/train/Glass/glass136.jpg,prepared_datasets/combined_6class_confusion_cleaned/train/Glass/glass136.jpg,,,,,,,,
train_Glass_glass137,TrashNet,cleaned_image_classification,train,Glass,Glass,prepared_datasets/combined_6class_confusion_cleaned/train/Glass/glass137.jpg,prepared_datasets/combined_6class_confusion_cleaned/train/Glass/glass137.jpg,prepared_datasets/combined_6class_confusion_cleaned/train/Glass/glass137.jpg,,,,,,,,
train_Glass_glass139,TrashNet,cleaned_image_classification,train,Glass,Glass,prepared_datasets/combined_6class_confusion_cleaned/train/Glass/glass139.jpg,prepared_datasets/combined_6class_confusion_cleaned/train/Glass/glass139.jpg,prepared_datasets/combined_6class_confusion_cleaned/train/Glass/glass139.jpg,,,,,,,,
train_Glass_glass14,TrashNet,cleaned_image_classification,train,Glass,Glass,prepared_datasets/combined_6class_confusion_cleaned/train/Glass/glass14.jpg,prepared_datasets/combined_6class_confusion_cleaned/train/Glass/glass14.jpg,prepared_datasets/combined_6class_confusion_cleaned/train/Glass/glass14.jpg,,,,,,,,
train_Glass_glass140,TrashNet,cleaned_image_classification,train,Glass,Glass,prepared_datasets/combined_6class_confusion_cleaned/train/Glass/glass140.jpg,prepared_datasets/combined_6class_confusion_cleaned/train/Glass/glass140.jpg,prepared_datasets/combined_6class_confusion_cleaned/train/Glass/glass140.jpg,,,,,,,,
train_Glass_glass142,TrashNet,cleaned_image_classification,train,Glass,Glass,prepared_datasets/combined_6class_confusion_cleaned/train/Glass/glass142.jpg,prepared_datasets/combined_6class_confusion_cleaned/train/Glass/glass142.jpg,prepared_datasets/combined_6class_confusion_cleaned/train/Glass/glass142.jpg,,,,,,,,
train_Glass_glass143,TrashNet,cleaned_image_classification,train,Glass,Glass,prepared_datasets/combined_6class_confusion_cleaned/train/Glass/glass143.jpg,prepared_datasets/combined_6class_confusion_cleaned/train/Glass/glass143.jpg,prepared_datasets/combined_6class_confusion_cleaned/train/Glass/glass143.jpg,,,,,,,,
train_Glass_glass144,TrashNet,cleaned_image_classification,train,Glass,Glass,prepared_datasets/combined_6class_confusion_cleaned/train/Glass/glass144.jpg,prepared_datasets/combined_6class_confusion_cleaned/train/Glass/glass144.jpg,prepared_datasets/combined_6class_confusion_cleaned/train/Glass/glass144.jpg,,,,,,,,
train_Glass_glass145,TrashNet,cleaned_image_classification,train,Glass,Glass,prepared_datasets/combined_6class_confusion_cleaned/train/Glass/glass145.jpg,prepared_datasets/combined_6class_confusion_cleaned/train/Glass/glass145.jpg,prepared_datasets/combined_6class_confusion_cleaned/train/Glass/glass145.jpg,,,,,,,,
train_Glass_glass146,TrashNet,cleaned_image_classification,train,Glass,Glass,prepared_datasets/combined_6class_confusion_cleaned/train/Glass/glass146.jpg,prepared_datasets/combined_6class_confusion_cleaned/train/Glass/glass146.jpg,prepared_datasets/combined_6class_confusion_cleaned/train/Glass/glass146.jpg,,,,,,,,
train_Glass_glass147,TrashNet,cleaned_image_classification,train,Glass,Glass,prepared_datasets/combined_6class_confusion_cleaned/train/Glass/glass147.jpg,prepared_datasets/combined_6class_confusion_cleaned/train/Glass/glass147.jpg,prepared_datasets/combined_6class_confusion_cleaned/train/Glass/glass147.jpg,,,,,,,,
train_Glass_glass15,TrashNet,cleaned_image_classification,train,Glass,Glass,prepared_datasets/combined_6class_confusion_cleaned/train/Glass/glass15.jpg,prepared_datasets/combined_6class_confusion_cleaned/train/Glass/glass15.jpg,prepared_datasets/combined_6class_confusion_cleaned/train/Glass/glass15.jpg,,,,,,,,
train_Glass_glass150,TrashNet,cleaned_image_classification,train,Glass,Glass,prepared_datasets/combined_6class_confusion_cleaned/train/Glass/glass150.jpg,prepared_datasets/combined_6class_confusion_cleaned/train/Glass/glass150.jpg,prepared_datasets/combined_6class_confusion_cleaned/train/Glass/glass150.jpg,,,,,,,,
train_Glass_glass151,TrashNet,cleaned_image_classification,train,Glass,Glass,prepared_datasets/combined_6class_confusion_cleaned/train/Glass/glass151.jpg,prepared_datasets/combined_6class_confusion_cleaned/train/Glass/glass151.jpg,prepared_datasets/combined_6class_confusion_cleaned/train/Glass/glass151.jpg,,,,,,,,
train_Glass_glass153,TrashNet,cleaned_image_classification,train,Glass,Glass,prepared_datasets/combined_6class_confusion_cleaned/train/Glass/glass153.jpg,prepared_datasets/combined_6class_confusion_cleaned/train/Glass/glass153.jpg,prepared_datasets/combined_6class_confusion_cleaned/train/Glass/glass153.jpg,,,,,,,,
train_Glass_glass154,TrashNet,cleaned_image_classification,train,Glass,Glass,prepared_datasets/combined_6class_confusion_cleaned/train/Glass/glass154.jpg,prepared_datasets/combined_6class_confusion_cleaned/train/Glass/glass154.jpg,prepared_datasets/combined_6class_confusion_cleaned/train/Glass/glass154.jpg,,,,,,,,
train_Glass_glass157,TrashNet,cleaned_image_classification,train,Glass,Glass,prepared_datasets/combined_6class_confusion_cleaned/train/Glass/glass157.jpg,prepared_datasets/combined_6class_confusion_cleaned/train/Glass/glass157.jpg,prepared_datasets/combined_6class_confusion_cleaned/train/Glass/glass157.jpg,,,,,,,,
train_Glass_glass159,TrashNet,cleaned_image_classification,train,Glass,Glass,prepared_datasets/combined_6class_confusion_cleaned/train/Glass/glass159.jpg,prepared_datasets/combined_6class_confusion_cleaned/train/Glass/glass159.jpg,prepared_datasets/combined_6class_confusion_cleaned/train/Glass/glass159.jpg,,,,,,,,
train_Glass_glass16,TrashNet,cleaned_image_classification,train,Glass,Glass,prepared_datasets/combined_6class_confusion_cleaned/train/Glass/glass16.jpg,prepared_datasets/combined_6class_confusion_cleaned/train/Glass/glass16.jpg,prepared_datasets/combined_6class_confusion_cleaned/train/Glass/glass16.jpg,,,,,,,,
train_Glass_glass160,TrashNet,cleaned_image_classification,train,Glass,Glass,prepared_datasets/combined_6class_confusion_cleaned/train/Glass/glass160.jpg,prepared_datasets/combined_6class_confusion_cleaned/train/Glass/glass160.jpg,prepared_datasets/combined_6class_confusion_cleaned/train/Glass/glass160.jpg,,,,,,,,
train_Glass_glass161,TrashNet,cleaned_image_classification,train,Glass,Glass,prepared_datasets/combined_6class_confusion_cleaned/train/Glass/glass161.jpg,prepared_datasets/combined_6class_confusion_cleaned/train/Glass/glass161.jpg,prepared_datasets/combined_6class_confusion_cleaned/train/Glass/glass161.jpg,,,,,,,,
train_Glass_glass162,TrashNet,cleaned_image_classification,train,Glass,Glass,prepared_datasets/combined_6class_confusion_cleaned/train/Glass/glass162.jpg,prepared_datasets/combined_6class_confusion_cleaned/train/Glass/glass162.jpg,prepared_datasets/combined_6class_confusion_cleaned/train/Glass/glass162.jpg,,,,,,,,
train_Glass_glass163,TrashNet,cleaned_image_classification,train,Glass,Glass,prepared_datasets/combined_6class_confusion_cleaned/train/Glass/glass163.jpg,prepared_datasets/combined_6class_confusion_cleaned/train/Glass/glass163.jpg,prepared_datasets/combined_6class_confusion_cleaned/train/Glass/glass163.jpg,,,,,,,,
train_Glass_glass164,TrashNet,cleaned_image_classification,train,Glass,Glass,prepared_datasets/combined_6class_confusion_cleaned/train/Glass/glass164.jpg,prepared_datasets/combined_6class_confusion_cleaned/train/Glass/glass164.jpg,prepared_datasets/combined_6class_confusion_cleaned/train/Glass/glass164.jpg,,,,,,,,
train_Glass_glass165,TrashNet,cleaned_image_classification,train,Glass,Glass,prepared_datasets/combined_6class_confusion_cleaned/train/Glass/glass165.jpg,prepared_datasets/combined_6class_confusion_cleaned/train/Glass/glass165.jpg,prepared_datasets/combined_6class_confusion_cleaned/train/Glass/glass165.jpg,,,,,,,,
train_Glass_glass166,TrashNet,cleaned_image_classification,train,Glass,Glass,prepared_datasets/combined_6class_confusion_cleaned/train/Glass/glass166.jpg,prepared_datasets/combined_6class_confusion_cleaned/train/Glass/glass166.jpg,prepared_datasets/combined_6class_confusion_cleaned/train/Glass/glass166.jpg,,,,,,,,
train_Glass_glass168,TrashNet,cleaned_image_classification,train,Glass,Glass,prepared_datasets/combined_6class_confusion_cleaned/train/Glass/glass168.jpg,prepared_datasets/combined_6class_confusion_cleaned/train/Glass/glass168.jpg,prepared_datasets/combined_6class_confusion_cleaned/train/Glass/glass168.jpg,,,,,,,,
train_Glass_glass169,TrashNet,cleaned_image_classification,train,Glass,Glass,prepared_datasets/combined_6class_confusion_cleaned/train/Glass/glass169.jpg,prepared_datasets/combined_6class_confusion_cleaned/train/Glass/glass169.jpg,prepared_datasets/combined_6class_confusion_cleaned/train/Glass/glass169.jpg,,,,,,,,
train_Glass_glass17,TrashNet,cleaned_image_classification,train,Glass,Glass,prepared_datasets/combined_6class_confusion_cleaned/train/Glass/glass17.jpg,prepared_datasets/combined_6class_confusion_cleaned/train/Glass/glass17.jpg,prepared_datasets/combined_6class_confusion_cleaned/train/Glass/glass17.jpg,,,,,,,,
train_Glass_glass170,TrashNet,cleaned_image_classification,train,Glass,Glass,prepared_datasets/combined_6class_confusion_cleaned/train/Glass/glass170.jpg,prepared_datasets/combined_6class_confusion_cleaned/train/Glass/glass170.jpg,prepared_datasets/combined_6class_confusion_cleaned/train/Glass/glass170.jpg,,,,,,,,
train_Glass_glass171,TrashNet,cleaned_image_classification,train,Glass,Glass,prepared_datasets/combined_6class_confusion_cleaned/train/Glass/glass171.jpg,prepared_datasets/combined_6class_confusion_cleaned/train/Glass/glass171.jpg,prepared_datasets/combined_6class_confusion_cleaned/train/Glass/glass171.jpg,,,,,,,,
train_Glass_glass172,TrashNet,cleaned_image_classification,train,Glass,Glass,prepared_datasets/combined_6class_confusion_cleaned/train/Glass/glass172.jpg,prepared_datasets/combined_6class_confusion_cleaned/train/Glass/glass172.jpg,prepared_datasets/combined_6class_confusion_cleaned/train/Glass/glass172.jpg,,,,,,,,
train_Glass_glass173,TrashNet,cleaned_image_classification,train,Glass,Glass,prepared_datasets/combined_6class_confusion_cleaned/train/Glass/glass173.jpg,prepared_datasets/combined_6class_confusion_cleaned/train/Glass/glass173.jpg,prepared_datasets/combined_6class_confusion_cleaned/train/Glass/glass173.jpg,,,,,,,,
train_Glass_glass175,TrashNet,cleaned_image_classification,train,Glass,Glass,prepared_datasets/combined_6class_confusion_cleaned/train/Glass/glass175.jpg,prepared_datasets/combined_6class_confusion_cleaned/train/Glass/glass175.jpg,prepared_datasets/combined_6class_confusion_cleaned/train/Glass/glass175.jpg,,,,,,,,
train_Glass_glass176,TrashNet,cleaned_image_classification,train,Glass,Glass,prepared_datasets/combined_6class_confusion_cleaned/train/Glass/glass176.jpg,prepared_datasets/combined_6class_confusion_cleaned/train/Glass/glass176.jpg,prepared_datasets/combined_6class_confusion_cleaned/train/Glass/glass176.jpg,,,,,,,,
train_Glass_glass178,TrashNet,cleaned_image_classification,train,Glass,Glass,prepared_datasets/combined_6class_confusion_cleaned/train/Glass/glass178.jpg,prepared_datasets/combined_6class_confusion_cleaned/train/Glass/glass178.jpg,prepared_datasets/combined_6class_confusion_cleaned/train/Glass/glass178.jpg,,,,,,,,
train_Glass_glass179,TrashNet,cleaned_image_classification,train,Glass,Glass,prepared_datasets/combined_6class_confusion_cleaned/train/Glass/glass179.jpg,prepared_datasets/combined_6class_confusion_cleaned/train/Glass/glass179.jpg,prepared_datasets/combined_6class_confusion_cleaned/train/Glass/glass179.jpg,,,,,,,,
train_Glass_glass182,TrashNet,cleaned_image_classification,train,Glass,Glass,prepared_datasets/combined_6class_confusion_cleaned/train/Glass/glass182.jpg,prepared_datasets/combined_6class_confusion_cleaned/train/Glass/glass182.jpg,prepared_datasets/combined_6class_confusion_cleaned/train/Glass/glass182.jpg,,,,,,,,
train_Glass_glass183,TrashNet,cleaned_image_classification,train,Glass,Glass,prepared_datasets/combined_6class_confusion_cleaned/train/Glass/glass183.jpg,prepared_datasets/combined_6class_confusion_cleaned/train/Glass/glass183.jpg,prepared_datasets/combined_6class_confusion_cleaned/train/Glass/glass183.jpg,,,,,,,,
train_Glass_glass184,TrashNet,cleaned_image_classification,train,Glass,Glass,prepared_datasets/combined_6class_confusion_cleaned/train/Glass/glass184.jpg,prepared_datasets/combined_6class_confusion_cleaned/train/Glass/glass184.jpg,prepared_datasets/combined_6class_confusion_cleaned/train/Glass/glass184.jpg,,,,,,,,
train_Glass_glass185,TrashNet,cleaned_image_classification,train,Glass,Glass,prepared_datasets/combined_6class_confusion_cleaned/train/Glass/glass185.jpg,prepared_datasets/combined_6class_confusion_cleaned/train/Glass/glass185.jpg,prepared_datasets/combined_6class_confusion_cleaned/train/Glass/glass185.jpg,,,,,,,,
train_Glass_glass186,TrashNet,cleaned_image_classification,train,Glass,Glass,prepared_datasets/combined_6class_confusion_cleaned/train/Glass/glass186.jpg,prepared_datasets/combined_6class_confusion_cleaned/train/Glass/glass186.jpg,prepared_datasets/combined_6class_confusion_cleaned/train/Glass/glass186.jpg,,,,,,,,
train_Glass_glass191,TrashNet,cleaned_image_classification,train,Glass,Glass,prepared_datasets/combined_6class_confusion_cleaned/train/Glass/glass191.jpg,prepared_datasets/combined_6class_confusion_cleaned/train/Glass/glass191.jpg,prepared_datasets/combined_6class_confusion_cleaned/train/Glass/glass191.jpg,,,,,,,,
train_Glass_glass192,TrashNet,cleaned_image_classification,train,Glass,Glass,prepared_datasets/combined_6class_confusion_cleaned/train/Glass/glass192.jpg,prepared_datasets/combined_6class_confusion_cleaned/train/Glass/glass192.jpg,prepared_datasets/combined_6class_confusion_cleaned/train/Glass/glass192.jpg,,,,,,,,
train_Glass_glass193,TrashNet,cleaned_image_classification,train,Glass,Glass,prepared_datasets/combined_6class_confusion_cleaned/train/Glass/glass193.jpg,prepared_datasets/combined_6class_confusion_cleaned/train/Glass/glass193.jpg,prepared_datasets/combined_6class_confusion_cleaned/train/Glass/glass193.jpg,,,,,,,,
train_Glass_glass194,TrashNet,cleaned_image_classification,train,Glass,Glass,prepared_datasets/combined_6class_confusion_cleaned/train/Glass/glass194.jpg,prepared_datasets/combined_6class_confusion_cleaned/train/Glass/glass194.jpg,prepared_datasets/combined_6class_confusion_cleaned/train/Glass/glass194.jpg,,,,,,,,
train_Glass_glass195,TrashNet,cleaned_image_classification,train,Glass,Glass,prepared_datasets/combined_6class_confusion_cleaned/train/Glass/glass195.jpg,prepared_datasets/combined_6class_confusion_cleaned/train/Glass/glass195.jpg,prepared_datasets/combined_6class_confusion_cleaned/train/Glass/glass195.jpg,,,,,,,,
train_Glass_glass197,TrashNet,cleaned_image_classification,train,Glass,Glass,prepared_datasets/combined_6class_confusion_cleaned/train/Glass/glass197.jpg,prepared_datasets/combined_6class_confusion_cleaned/train/Glass/glass197.jpg,prepared_datasets/combined_6class_confusion_cleaned/train/Glass/glass197.jpg,,,,,,,,
train_Glass_glass199,TrashNet,cleaned_image_classification,train,Glass,Glass,prepared_datasets/combined_6class_confusion_cleaned/train/Glass/glass199.jpg,prepared_datasets/combined_6class_confusion_cleaned/train/Glass/glass199.jpg,prepared_datasets/combined_6class_confusion_cleaned/train/Glass/glass199.jpg,,,,,,,,
train_Glass_glass2,TrashNet,cleaned_image_classification,train,Glass,Glass,prepared_datasets/combined_6class_confusion_cleaned/train/Glass/glass2.jpg,prepared_datasets/combined_6class_confusion_cleaned/train/Glass/glass2.jpg,prepared_datasets/combined_6class_confusion_cleaned/train/Glass/glass2.jpg,,,,,,,,
train_Glass_glass200,TrashNet,cleaned_image_classification,train,Glass,Glass,prepared_datasets/combined_6class_confusion_cleaned/train/Glass/glass200.jpg,prepared_datasets/combined_6class_confusion_cleaned/train/Glass/glass200.jpg,prepared_datasets/combined_6class_confusion_cleaned/train/Glass/glass200.jpg,,,,,,,,
train_Glass_glass201,TrashNet,cleaned_image_classification,train,Glass,Glass,prepared_datasets/combined_6class_confusion_cleaned/train/Glass/glass201.jpg,prepared_datasets/combined_6class_confusion_cleaned/train/Glass/glass201.jpg,prepared_datasets/combined_6class_confusion_cleaned/train/Glass/glass201.jpg,,,,,,,,
train_Glass_glass203,TrashNet,cleaned_image_classification,train,Glass,Glass,prepared_datasets/combined_6class_confusion_cleaned/train/Glass/glass203.jpg,prepared_datasets/combined_6class_confusion_cleaned/train/Glass/glass203.jpg,prepared_datasets/combined_6class_confusion_cleaned/train/Glass/glass203.jpg,,,,,,,,
train_Glass_glass204,TrashNet,cleaned_image_classification,train,Glass,Glass,prepared_datasets/combined_6class_confusion_cleaned/train/Glass/glass204.jpg,prepared_datasets/combined_6class_confusion_cleaned/train/Glass/glass204.jpg,prepared_datasets/combined_6class_confusion_cleaned/train/Glass/glass204.jpg,,,,,,,,
train_Glass_glass206,TrashNet,cleaned_image_classification,train,Glass,Glass,prepared_datasets/combined_6class_confusion_cleaned/train/Glass/glass206.jpg,prepared_datasets/combined_6class_confusion_cleaned/train/Glass/glass206.jpg,prepared_datasets/combined_6class_confusion_cleaned/train/Glass/glass206.jpg,,,,,,,,
train_Glass_glass208,TrashNet,cleaned_image_classification,train,Glass,Glass,prepared_datasets/combined_6class_confusion_cleaned/train/Glass/glass208.jpg,prepared_datasets/combined_6class_confusion_cleaned/train/Glass/glass208.jpg,prepared_datasets/combined_6class_confusion_cleaned/train/Glass/glass208.jpg,,,,,,,,
train_Glass_glass209,TrashNet,cleaned_image_classification,train,Glass,Glass,prepared_datasets/combined_6class_confusion_cleaned/train/Glass/glass209.jpg,prepared_datasets/combined_6class_confusion_cleaned/train/Glass/glass209.jpg,prepared_datasets/combined_6class_confusion_cleaned/train/Glass/glass209.jpg,,,,,,,,
train_Glass_glass21,TrashNet,cleaned_image_classification,train,Glass,Glass,prepared_datasets/combined_6class_confusion_cleaned/train/Glass/glass21.jpg,prepared_datasets/combined_6class_confusion_cleaned/train/Glass/glass21.jpg,prepared_datasets/combined_6class_confusion_cleaned/train/Glass/glass21.jpg,,,,,,,,
train_Glass_glass212,TrashNet,cleaned_image_classification,train,Glass,Glass,prepared_datasets/combined_6class_confusion_cleaned/train/Glass/glass212.jpg,prepared_datasets/combined_6class_confusion_cleaned/train/Glass/glass212.jpg,prepared_datasets/combined_6class_confusion_cleaned/train/Glass/glass212.jpg,,,,,,,,
train_Glass_glass214,TrashNet,cleaned_image_classification,train,Glass,Glass,prepared_datasets/combined_6class_confusion_cleaned/train/Glass/glass214.jpg,prepared_datasets/combined_6class_confusion_cleaned/train/Glass/glass214.jpg,prepared_datasets/combined_6class_confusion_cleaned/train/Glass/glass214.jpg,,,,,,,,
train_Glass_glass217,TrashNet,cleaned_image_classification,train,Glass,Glass,prepared_datasets/combined_6class_confusion_cleaned/train/Glass/glass217.jpg,prepared_datasets/combined_6class_confusion_cleaned/train/Glass/glass217.jpg,prepared_datasets/combined_6class_confusion_cleaned/train/Glass/glass217.jpg,,,,,,,,
train_Glass_glass218,TrashNet,cleaned_image_classification,train,Glass,Glass,prepared_datasets/combined_6class_confusion_cleaned/train/Glass/glass218.jpg,prepared_datasets/combined_6class_confusion_cleaned/train/Glass/glass218.jpg,prepared_datasets/combined_6class_confusion_cleaned/train/Glass/glass218.jpg,,,,,,,,
train_Glass_glass22,TrashNet,cleaned_image_classification,train,Glass,Glass,prepared_datasets/combined_6class_confusion_cleaned/train/Glass/glass22.jpg,prepared_datasets/combined_6class_confusion_cleaned/train/Glass/glass22.jpg,prepared_datasets/combined_6class_confusion_cleaned/train/Glass/glass22.jpg,,,,,,,,
train_Glass_glass222,TrashNet,cleaned_image_classification,train,Glass,Glass,prepared_datasets/combined_6class_confusion_cleaned/train/Glass/glass222.jpg,prepared_datasets/combined_6class_confusion_cleaned/train/Glass/glass222.jpg,prepared_datasets/combined_6class_confusion_cleaned/train/Glass/glass222.jpg,,,,,,,,
train_Glass_glass223,TrashNet,cleaned_image_classification,train,Glass,Glass,prepared_datasets/combined_6class_confusion_cleaned/train/Glass/glass223.jpg,prepared_datasets/combined_6class_confusion_cleaned/train/Glass/glass223.jpg,prepared_datasets/combined_6class_confusion_cleaned/train/Glass/glass223.jpg,,,,,,,,
train_Glass_glass224,TrashNet,cleaned_image_classification,train,Glass,Glass,prepared_datasets/combined_6class_confusion_cleaned/train/Glass/glass224.jpg,prepared_datasets/combined_6class_confusion_cleaned/train/Glass/glass224.jpg,prepared_datasets/combined_6class_confusion_cleaned/train/Glass/glass224.jpg,,,,,,,,
train_Glass_glass225,TrashNet,cleaned_image_classification,train,Glass,Glass,prepared_datasets/combined_6class_confusion_cleaned/train/Glass/glass225.jpg,prepared_datasets/combined_6class_confusion_cleaned/train/Glass/glass225.jpg,prepared_datasets/combined_6class_confusion_cleaned/train/Glass/glass225.jpg,,,,,,,,
train_Glass_glass226,TrashNet,cleaned_image_classification,train,Glass,Glass,prepared_datasets/combined_6class_confusion_cleaned/train/Glass/glass226.jpg,prepared_datasets/combined_6class_confusion_cleaned/train/Glass/glass226.jpg,prepared_datasets/combined_6class_confusion_cleaned/train/Glass/glass226.jpg,,,,,,,,
train_Glass_glass228,TrashNet,cleaned_image_classification,train,Glass,Glass,prepared_datasets/combined_6class_confusion_cleaned/train/Glass/glass228.jpg,prepared_datasets/combined_6class_confusion_cleaned/train/Glass/glass228.jpg,prepared_datasets/combined_6class_confusion_cleaned/train/Glass/glass228.jpg,,,,,,,,
train_Glass_glass229,TrashNet,cleaned_image_classification,train,Glass,Glass,prepared_datasets/combined_6class_confusion_cleaned/train/Glass/glass229.jpg,prepared_datasets/combined_6class_confusion_cleaned/train/Glass/glass229.jpg,prepared_datasets/combined_6class_confusion_cleaned/train/Glass/glass229.jpg,,,,,,,,
train_Glass_glass231,TrashNet,cleaned_image_classification,train,Glass,Glass,prepared_datasets/combined_6class_confusion_cleaned/train/Glass/glass231.jpg,prepared_datasets/combined_6class_confusion_cleaned/train/Glass/glass231.jpg,prepared_datasets/combined_6class_confusion_cleaned/train/Glass/glass231.jpg,,,,,,,,
train_Glass_glass232,TrashNet,cleaned_image_classification,train,Glass,Glass,prepared_datasets/combined_6class_confusion_cleaned/train/Glass/glass232.jpg,prepared_datasets/combined_6class_confusion_cleaned/train/Glass/glass232.jpg,prepared_datasets/combined_6class_confusion_cleaned/train/Glass/glass232.jpg,,,,,,,,
train_Glass_glass233,TrashNet,cleaned_image_classification,train,Glass,Glass,prepared_datasets/combined_6class_confusion_cleaned/train/Glass/glass233.jpg,prepared_datasets/combined_6class_confusion_cleaned/train/Glass/glass233.jpg,prepared_datasets/combined_6class_confusion_cleaned/train/Glass/glass233.jpg,,,,,,,,
train_Glass_glass234,TrashNet,cleaned_image_classification,train,Glass,Glass,prepared_datasets/combined_6class_confusion_cleaned/train/Glass/glass234.jpg,prepared_datasets/combined_6class_confusion_cleaned/train/Glass/glass234.jpg,prepared_datasets/combined_6class_confusion_cleaned/train/Glass/glass234.jpg,,,,,,,,
train_Glass_glass236,TrashNet,cleaned_image_classification,train,Glass,Glass,prepared_datasets/combined_6class_confusion_cleaned/train/Glass/glass236.jpg,prepared_datasets/combined_6class_confusion_cleaned/train/Glass/glass236.jpg,prepared_datasets/combined_6class_confusion_cleaned/train/Glass/glass236.jpg,,,,,,,,
train_Glass_glass24,TrashNet,cleaned_image_classification,train,Glass,Glass,prepared_datasets/combined_6class_confusion_cleaned/train/Glass/glass24.jpg,prepared_datasets/combined_6class_confusion_cleaned/train/Glass/glass24.jpg,prepared_datasets/combined_6class_confusion_cleaned/train/Glass/glass24.jpg,,,,,,,,
train_Glass_glass242,TrashNet,cleaned_image_classification,train,Glass,Glass,prepared_datasets/combined_6class_confusion_cleaned/train/Glass/glass242.jpg,prepared_datasets/combined_6class_confusion_cleaned/train/Glass/glass242.jpg,prepared_datasets/combined_6class_confusion_cleaned/train/Glass/glass242.jpg,,,,,,,,
train_Glass_glass244,TrashNet,cleaned_image_classification,train,Glass,Glass,prepared_datasets/combined_6class_confusion_cleaned/train/Glass/glass244.jpg,prepared_datasets/combined_6class_confusion_cleaned/train/Glass/glass244.jpg,prepared_datasets/combined_6class_confusion_cleaned/train/Glass/glass244.jpg,,,,,,,,
train_Glass_glass245,TrashNet,cleaned_image_classification,train,Glass,Glass,prepared_datasets/combined_6class_confusion_cleaned/train/Glass/glass245.jpg,prepared_datasets/combined_6class_confusion_cleaned/train/Glass/glass245.jpg,prepared_datasets/combined_6class_confusion_cleaned/train/Glass/glass245.jpg,,,,,,,,
train_Glass_glass246,TrashNet,cleaned_image_classification,train,Glass,Glass,prepared_datasets/combined_6class_confusion_cleaned/train/Glass/glass246.jpg,prepared_datasets/combined_6class_confusion_cleaned/train/Glass/glass246.jpg,prepared_datasets/combined_6class_confusion_cleaned/train/Glass/glass246.jpg,,,,,,,,
train_Glass_glass248,TrashNet,cleaned_image_classification,train,Glass,Glass,prepared_datasets/combined_6class_confusion_cleaned/train/Glass/glass248.jpg,prepared_datasets/combined_6class_confusion_cleaned/train/Glass/glass248.jpg,prepared_datasets/combined_6class_confusion_cleaned/train/Glass/glass248.jpg,,,,,,,,
train_Glass_glass249,TrashNet,cleaned_image_classification,train,Glass,Glass,prepared_datasets/combined_6class_confusion_cleaned/train/Glass/glass249.jpg,prepared_datasets/combined_6class_confusion_cleaned/train/Glass/glass249.jpg,prepared_datasets/combined_6class_confusion_cleaned/train/Glass/glass249.jpg,,,,,,,,
train_Glass_glass250,TrashNet,cleaned_image_classification,train,Glass,Glass,prepared_datasets/combined_6class_confusion_cleaned/train/Glass/glass250.jpg,prepared_datasets/combined_6class_confusion_cleaned/train/Glass/glass250.jpg,prepared_datasets/combined_6class_confusion_cleaned/train/Glass/glass250.jpg,,,,,,,,
train_Glass_glass252,TrashNet,cleaned_image_classification,train,Glass,Glass,prepared_datasets/combined_6class_confusion_cleaned/train/Glass/glass252.jpg,prepared_datasets/combined_6class_confusion_cleaned/train/Glass/glass252.jpg,prepared_datasets/combined_6class_confusion_cleaned/train/Glass/glass252.jpg,,,,,,,,
train_Glass_glass254,TrashNet,cleaned_image_classification,train,Glass,Glass,prepared_datasets/combined_6class_confusion_cleaned/train/Glass/glass254.jpg,prepared_datasets/combined_6class_confusion_cleaned/train/Glass/glass254.jpg,prepared_datasets/combined_6class_confusion_cleaned/train/Glass/glass254.jpg,,,,,,,,
train_Glass_glass255,TrashNet,cleaned_image_classification,train,Glass,Glass,prepared_datasets/combined_6class_confusion_cleaned/train/Glass/glass255.jpg,prepared_datasets/combined_6class_confusion_cleaned/train/Glass/glass255.jpg,prepared_datasets/combined_6class_confusion_cleaned/train/Glass/glass255.jpg,,,,,,,,
train_Glass_glass256,TrashNet,cleaned_image_classification,train,Glass,Glass,prepared_datasets/combined_6class_confusion_cleaned/train/Glass/glass256.jpg,prepared_datasets/combined_6class_confusion_cleaned/train/Glass/glass256.jpg,prepared_datasets/combined_6class_confusion_cleaned/train/Glass/glass256.jpg,,,,,,,,
train_Glass_glass257,TrashNet,cleaned_image_classification,train,Glass,Glass,prepared_datasets/combined_6class_confusion_cleaned/train/Glass/glass257.jpg,prepared_datasets/combined_6class_confusion_cleaned/train/Glass/glass257.jpg,prepared_datasets/combined_6class_confusion_cleaned/train/Glass/glass257.jpg,,,,,,,,
train_Glass_glass259,TrashNet,cleaned_image_classification,train,Glass,Glass,prepared_datasets/combined_6class_confusion_cleaned/train/Glass/glass259.jpg,prepared_datasets/combined_6class_confusion_cleaned/train/Glass/glass259.jpg,prepared_datasets/combined_6class_confusion_cleaned/train/Glass/glass259.jpg,,,,,,,,
train_Glass_glass26,TrashNet,cleaned_image_classification,train,Glass,Glass,prepared_datasets/combined_6class_confusion_cleaned/train/Glass/glass26.jpg,prepared_datasets/combined_6class_confusion_cleaned/train/Glass/glass26.jpg,prepared_datasets/combined_6class_confusion_cleaned/train/Glass/glass26.jpg,,,,,,,,
train_Glass_glass261,TrashNet,cleaned_image_classification,train,Glass,Glass,prepared_datasets/combined_6class_confusion_cleaned/train/Glass/glass261.jpg,prepared_datasets/combined_6class_confusion_cleaned/train/Glass/glass261.jpg,prepared_datasets/combined_6class_confusion_cleaned/train/Glass/glass261.jpg,,,,,,,,
train_Glass_glass262,TrashNet,cleaned_image_classification,train,Glass,Glass,prepared_datasets/combined_6class_confusion_cleaned/train/Glass/glass262.jpg,prepared_datasets/combined_6class_confusion_cleaned/train/Glass/glass262.jpg,prepared_datasets/combined_6class_confusion_cleaned/train/Glass/glass262.jpg,,,,,,,,
train_Glass_glass263,TrashNet,cleaned_image_classification,train,Glass,Glass,prepared_datasets/combined_6class_confusion_cleaned/train/Glass/glass263.jpg,prepared_datasets/combined_6class_confusion_cleaned/train/Glass/glass263.jpg,prepared_datasets/combined_6class_confusion_cleaned/train/Glass/glass263.jpg,,,,,,,,
train_Glass_glass264,TrashNet,cleaned_image_classification,train,Glass,Glass,prepared_datasets/combined_6class_confusion_cleaned/train/Glass/glass264.jpg,prepared_datasets/combined_6class_confusion_cleaned/train/Glass/glass264.jpg,prepared_datasets/combined_6class_confusion_cleaned/train/Glass/glass264.jpg,,,,,,,,
train_Glass_glass265,TrashNet,cleaned_image_classification,train,Glass,Glass,prepared_datasets/combined_6class_confusion_cleaned/train/Glass/glass265.jpg,prepared_datasets/combined_6class_confusion_cleaned/train/Glass/glass265.jpg,prepared_datasets/combined_6class_confusion_cleaned/train/Glass/glass265.jpg,,,,,,,,
train_Glass_glass266,TrashNet,cleaned_image_classification,train,Glass,Glass,prepared_datasets/combined_6class_confusion_cleaned/train/Glass/glass266.jpg,prepared_datasets/combined_6class_confusion_cleaned/train/Glass/glass266.jpg,prepared_datasets/combined_6class_confusion_cleaned/train/Glass/glass266.jpg,,,,,,,,
train_Glass_glass268,TrashNet,cleaned_image_classification,train,Glass,Glass,prepared_datasets/combined_6class_confusion_cleaned/train/Glass/glass268.jpg,prepared_datasets/combined_6class_confusion_cleaned/train/Glass/glass268.jpg,prepared_datasets/combined_6class_confusion_cleaned/train/Glass/glass268.jpg,,,,,,,,
train_Glass_glass269,TrashNet,cleaned_image_classification,train,Glass,Glass,prepared_datasets/combined_6class_confusion_cleaned/train/Glass/glass269.jpg,prepared_datasets/combined_6class_confusion_cleaned/train/Glass/glass269.jpg,prepared_datasets/combined_6class_confusion_cleaned/train/Glass/glass269.jpg,,,,,,,,
train_Glass_glass27,TrashNet,cleaned_image_classification,train,Glass,Glass,prepared_datasets/combined_6class_confusion_cleaned/train/Glass/glass27.jpg,prepared_datasets/combined_6class_confusion_cleaned/train/Glass/glass27.jpg,prepared_datasets/combined_6class_confusion_cleaned/train/Glass/glass27.jpg,,,,,,,,
train_Glass_glass270,TrashNet,cleaned_image_classification,train,Glass,Glass,prepared_datasets/combined_6class_confusion_cleaned/train/Glass/glass270.jpg,prepared_datasets/combined_6class_confusion_cleaned/train/Glass/glass270.jpg,prepared_datasets/combined_6class_confusion_cleaned/train/Glass/glass270.jpg,,,,,,,,
train_Glass_glass271,TrashNet,cleaned_image_classification,train,Glass,Glass,prepared_datasets/combined_6class_confusion_cleaned/train/Glass/glass271.jpg,prepared_datasets/combined_6class_confusion_cleaned/train/Glass/glass271.jpg,prepared_datasets/combined_6class_confusion_cleaned/train/Glass/glass271.jpg,,,,,,,,
train_Glass_glass272,TrashNet,cleaned_image_classification,train,Glass,Glass,prepared_datasets/combined_6class_confusion_cleaned/train/Glass/glass272.jpg,prepared_datasets/combined_6class_confusion_cleaned/train/Glass/glass272.jpg,prepared_datasets/combined_6class_confusion_cleaned/train/Glass/glass272.jpg,,,,,,,,
train_Glass_glass273,TrashNet,cleaned_image_classification,train,Glass,Glass,prepared_datasets/combined_6class_confusion_cleaned/train/Glass/glass273.jpg,prepared_datasets/combined_6class_confusion_cleaned/train/Glass/glass273.jpg,prepared_datasets/combined_6class_confusion_cleaned/train/Glass/glass273.jpg,,,,,,,,
train_Glass_glass275,TrashNet,cleaned_image_classification,train,Glass,Glass,prepared_datasets/combined_6class_confusion_cleaned/train/Glass/glass275.jpg,prepared_datasets/combined_6class_confusion_cleaned/train/Glass/glass275.jpg,prepared_datasets/combined_6class_confusion_cleaned/train/Glass/glass275.jpg,,,,,,,,
train_Glass_glass278,TrashNet,cleaned_image_classification,train,Glass,Glass,prepared_datasets/combined_6class_confusion_cleaned/train/Glass/glass278.jpg,prepared_datasets/combined_6class_confusion_cleaned/train/Glass/glass278.jpg,prepared_datasets/combined_6class_confusion_cleaned/train/Glass/glass278.jpg,,,,,,,,
train_Glass_glass279,TrashNet,cleaned_image_classification,train,Glass,Glass,prepared_datasets/combined_6class_confusion_cleaned/train/Glass/glass279.jpg,prepared_datasets/combined_6class_confusion_cleaned/train/Glass/glass279.jpg,prepared_datasets/combined_6class_confusion_cleaned/train/Glass/glass279.jpg,,,,,,,,
train_Glass_glass28,TrashNet,cleaned_image_classification,train,Glass,Glass,prepared_datasets/combined_6class_confusion_cleaned/train/Glass/glass28.jpg,prepared_datasets/combined_6class_confusion_cleaned/train/Glass/glass28.jpg,prepared_datasets/combined_6class_confusion_cleaned/train/Glass/glass28.jpg,,,,,,,,
train_Glass_glass280,TrashNet,cleaned_image_classification,train,Glass,Glass,prepared_datasets/combined_6class_confusion_cleaned/train/Glass/glass280.jpg,prepared_datasets/combined_6class_confusion_cleaned/train/Glass/glass280.jpg,prepared_datasets/combined_6class_confusion_cleaned/train/Glass/glass280.jpg,,,,,,,,
train_Glass_glass281,TrashNet,cleaned_image_classification,train,Glass,Glass,prepared_datasets/combined_6class_confusion_cleaned/train/Glass/glass281.jpg,prepared_datasets/combined_6class_confusion_cleaned/train/Glass/glass281.jpg,prepared_datasets/combined_6class_confusion_cleaned/train/Glass/glass281.jpg,,,,,,,,
train_Glass_glass282,TrashNet,cleaned_image_classification,train,Glass,Glass,prepared_datasets/combined_6class_confusion_cleaned/train/Glass/glass282.jpg,prepared_datasets/combined_6class_confusion_cleaned/train/Glass/glass282.jpg,prepared_datasets/combined_6class_confusion_cleaned/train/Glass/glass282.jpg,,,,,,,,
train_Glass_glass284,TrashNet,cleaned_image_classification,train,Glass,Glass,prepared_datasets/combined_6class_confusion_cleaned/train/Glass/glass284.jpg,prepared_datasets/combined_6class_confusion_cleaned/train/Glass/glass284.jpg,prepared_datasets/combined_6class_confusion_cleaned/train/Glass/glass284.jpg,,,,,,,,
train_Glass_glass287,TrashNet,cleaned_image_classification,train,Glass,Glass,prepared_datasets/combined_6class_confusion_cleaned/train/Glass/glass287.jpg,prepared_datasets/combined_6class_confusion_cleaned/train/Glass/glass287.jpg,prepared_datasets/combined_6class_confusion_cleaned/train/Glass/glass287.jpg,,,,,,,,
train_Glass_glass289,TrashNet,cleaned_image_classification,train,Glass,Glass,prepared_datasets/combined_6class_confusion_cleaned/train/Glass/glass289.jpg,prepared_datasets/combined_6class_confusion_cleaned/train/Glass/glass289.jpg,prepared_datasets/combined_6class_confusion_cleaned/train/Glass/glass289.jpg,,,,,,,,
train_Glass_glass29,TrashNet,cleaned_image_classification,train,Glass,Glass,prepared_datasets/combined_6class_confusion_cleaned/train/Glass/glass29.jpg,prepared_datasets/combined_6class_confusion_cleaned/train/Glass/glass29.jpg,prepared_datasets/combined_6class_confusion_cleaned/train/Glass/glass29.jpg,,,,,,,,
train_Glass_glass291,TrashNet,cleaned_image_classification,train,Glass,Glass,prepared_datasets/combined_6class_confusion_cleaned/train/Glass/glass291.jpg,prepared_datasets/combined_6class_confusion_cleaned/train/Glass/glass291.jpg,prepared_datasets/combined_6class_confusion_cleaned/train/Glass/glass291.jpg,,,,,,,,
train_Glass_glass292,TrashNet,cleaned_image_classification,train,Glass,Glass,prepared_datasets/combined_6class_confusion_cleaned/train/Glass/glass292.jpg,prepared_datasets/combined_6class_confusion_cleaned/train/Glass/glass292.jpg,prepared_datasets/combined_6class_confusion_cleaned/train/Glass/glass292.jpg,,,,,,,,
train_Glass_glass294,TrashNet,cleaned_image_classification,train,Glass,Glass,prepared_datasets/combined_6class_confusion_cleaned/train/Glass/glass294.jpg,prepared_datasets/combined_6class_confusion_cleaned/train/Glass/glass294.jpg,prepared_datasets/combined_6class_confusion_cleaned/train/Glass/glass294.jpg,,,,,,,,
train_Glass_glass296,TrashNet,cleaned_image_classification,train,Glass,Glass,prepared_datasets/combined_6class_confusion_cleaned/train/Glass/glass296.jpg,prepared_datasets/combined_6class_confusion_cleaned/train/Glass/glass296.jpg,prepared_datasets/combined_6class_confusion_cleaned/train/Glass/glass296.jpg,,,,,,,,
train_Glass_glass297,TrashNet,cleaned_image_classification,train,Glass,Glass,prepared_datasets/combined_6class_confusion_cleaned/train/Glass/glass297.jpg,prepared_datasets/combined_6class_confusion_cleaned/train/Glass/glass297.jpg,prepared_datasets/combined_6class_confusion_cleaned/train/Glass/glass297.jpg,,,,,,,,
train_Glass_glass299,TrashNet,cleaned_image_classification,train,Glass,Glass,prepared_datasets/combined_6class_confusion_cleaned/train/Glass/glass299.jpg,prepared_datasets/combined_6class_confusion_cleaned/train/Glass/glass299.jpg,prepared_datasets/combined_6class_confusion_cleaned/train/Glass/glass299.jpg,,,,,,,,
train_Glass_glass300,TrashNet,cleaned_image_classification,train,Glass,Glass,prepared_datasets/combined_6class_confusion_cleaned/train/Glass/glass300.jpg,prepared_datasets/combined_6class_confusion_cleaned/train/Glass/glass300.jpg,prepared_datasets/combined_6class_confusion_cleaned/train/Glass/glass300.jpg,,,,,,,,
train_Glass_glass301,TrashNet,cleaned_image_classification,train,Glass,Glass,prepared_datasets/combined_6class_confusion_cleaned/train/Glass/glass301.jpg,prepared_datasets/combined_6class_confusion_cleaned/train/Glass/glass301.jpg,prepared_datasets/combined_6class_confusion_cleaned/train/Glass/glass301.jpg,,,,,,,,
train_Glass_glass303,TrashNet,cleaned_image_classification,train,Glass,Glass,prepared_datasets/combined_6class_confusion_cleaned/train/Glass/glass303.jpg,prepared_datasets/combined_6class_confusion_cleaned/train/Glass/glass303.jpg,prepared_datasets/combined_6class_confusion_cleaned/train/Glass/glass303.jpg,,,,,,,,
train_Glass_glass304,TrashNet,cleaned_image_classification,train,Glass,Glass,prepared_datasets/combined_6class_confusion_cleaned/train/Glass/glass304.jpg,prepared_datasets/combined_6class_confusion_cleaned/train/Glass/glass304.jpg,prepared_datasets/combined_6class_confusion_cleaned/train/Glass/glass304.jpg,,,,,,,,
train_Glass_glass305,TrashNet,cleaned_image_classification,train,Glass,Glass,prepared_datasets/combined_6class_confusion_cleaned/train/Glass/glass305.jpg,prepared_datasets/combined_6class_confusion_cleaned/train/Glass/glass305.jpg,prepared_datasets/combined_6class_confusion_cleaned/train/Glass/glass305.jpg,,,,,,,,
train_Glass_glass306,TrashNet,cleaned_image_classification,train,Glass,Glass,prepared_datasets/combined_6class_confusion_cleaned/train/Glass/glass306.jpg,prepared_datasets/combined_6class_confusion_cleaned/train/Glass/glass306.jpg,prepared_datasets/combined_6class_confusion_cleaned/train/Glass/glass306.jpg,,,,,,,,
train_Glass_glass307,TrashNet,cleaned_image_classification,train,Glass,Glass,prepared_datasets/combined_6class_confusion_cleaned/train/Glass/glass307.jpg,prepared_datasets/combined_6class_confusion_cleaned/train/Glass/glass307.jpg,prepared_datasets/combined_6class_confusion_cleaned/train/Glass/glass307.jpg,,,,,,,,
train_Glass_glass308,TrashNet,cleaned_image_classification,train,Glass,Glass,prepared_datasets/combined_6class_confusion_cleaned/train/Glass/glass308.jpg,prepared_datasets/combined_6class_confusion_cleaned/train/Glass/glass308.jpg,prepared_datasets/combined_6class_confusion_cleaned/train/Glass/glass308.jpg,,,,,,,,
train_Glass_glass31,TrashNet,cleaned_image_classification,train,Glass,Glass,prepared_datasets/combined_6class_confusion_cleaned/train/Glass/glass31.jpg,prepared_datasets/combined_6class_confusion_cleaned/train/Glass/glass31.jpg,prepared_datasets/combined_6class_confusion_cleaned/train/Glass/glass31.jpg,,,,,,,,
train_Glass_glass310,TrashNet,cleaned_image_classification,train,Glass,Glass,prepared_datasets/combined_6class_confusion_cleaned/train/Glass/glass310.jpg,prepared_datasets/combined_6class_confusion_cleaned/train/Glass/glass310.jpg,prepared_datasets/combined_6class_confusion_cleaned/train/Glass/glass310.jpg,,,,,,,,
train_Glass_glass311,TrashNet,cleaned_image_classification,train,Glass,Glass,prepared_datasets/combined_6class_confusion_cleaned/train/Glass/glass311.jpg,prepared_datasets/combined_6class_confusion_cleaned/train/Glass/glass311.jpg,prepared_datasets/combined_6class_confusion_cleaned/train/Glass/glass311.jpg,,,,,,,,
train_Glass_glass314,TrashNet,cleaned_image_classification,train,Glass,Glass,prepared_datasets/combined_6class_confusion_cleaned/train/Glass/glass314.jpg,prepared_datasets/combined_6class_confusion_cleaned/train/Glass/glass314.jpg,prepared_datasets/combined_6class_confusion_cleaned/train/Glass/glass314.jpg,,,,,,,,
train_Glass_glass315,TrashNet,cleaned_image_classification,train,Glass,Glass,prepared_datasets/combined_6class_confusion_cleaned/train/Glass/glass315.jpg,prepared_datasets/combined_6class_confusion_cleaned/train/Glass/glass315.jpg,prepared_datasets/combined_6class_confusion_cleaned/train/Glass/glass315.jpg,,,,,,,,
train_Glass_glass316,TrashNet,cleaned_image_classification,train,Glass,Glass,prepared_datasets/combined_6class_confusion_cleaned/train/Glass/glass316.jpg,prepared_datasets/combined_6class_confusion_cleaned/train/Glass/glass316.jpg,prepared_datasets/combined_6class_confusion_cleaned/train/Glass/glass316.jpg,,,,,,,,
train_Glass_glass319,TrashNet,cleaned_image_classification,train,Glass,Glass,prepared_datasets/combined_6class_confusion_cleaned/train/Glass/glass319.jpg,prepared_datasets/combined_6class_confusion_cleaned/train/Glass/glass319.jpg,prepared_datasets/combined_6class_confusion_cleaned/train/Glass/glass319.jpg,,,,,,,,
train_Glass_glass32,TrashNet,cleaned_image_classification,train,Glass,Glass,prepared_datasets/combined_6class_confusion_cleaned/train/Glass/glass32.jpg,prepared_datasets/combined_6class_confusion_cleaned/train/Glass/glass32.jpg,prepared_datasets/combined_6class_confusion_cleaned/train/Glass/glass32.jpg,,,,,,,,
train_Glass_glass320,TrashNet,cleaned_image_classification,train,Glass,Glass,prepared_datasets/combined_6class_confusion_cleaned/train/Glass/glass320.jpg,prepared_datasets/combined_6class_confusion_cleaned/train/Glass/glass320.jpg,prepared_datasets/combined_6class_confusion_cleaned/train/Glass/glass320.jpg,,,,,,,,
train_Glass_glass321,TrashNet,cleaned_image_classification,train,Glass,Glass,prepared_datasets/combined_6class_confusion_cleaned/train/Glass/glass321.jpg,prepared_datasets/combined_6class_confusion_cleaned/train/Glass/glass321.jpg,prepared_datasets/combined_6class_confusion_cleaned/train/Glass/glass321.jpg,,,,,,,,
train_Glass_glass322,TrashNet,cleaned_image_classification,train,Glass,Glass,prepared_datasets/combined_6class_confusion_cleaned/train/Glass/glass322.jpg,prepared_datasets/combined_6class_confusion_cleaned/train/Glass/glass322.jpg,prepared_datasets/combined_6class_confusion_cleaned/train/Glass/glass322.jpg,,,,,,,,
train_Glass_glass323,TrashNet,cleaned_image_classification,train,Glass,Glass,prepared_datasets/combined_6class_confusion_cleaned/train/Glass/glass323.jpg,prepared_datasets/combined_6class_confusion_cleaned/train/Glass/glass323.jpg,prepared_datasets/combined_6class_confusion_cleaned/train/Glass/glass323.jpg,,,,,,,,
train_Glass_glass324,TrashNet,cleaned_image_classification,train,Glass,Glass,prepared_datasets/combined_6class_confusion_cleaned/train/Glass/glass324.jpg,prepared_datasets/combined_6class_confusion_cleaned/train/Glass/glass324.jpg,prepared_datasets/combined_6class_confusion_cleaned/train/Glass/glass324.jpg,,,,,,,,
train_Glass_glass325,TrashNet,cleaned_image_classification,train,Glass,Glass,prepared_datasets/combined_6class_confusion_cleaned/train/Glass/glass325.jpg,prepared_datasets/combined_6class_confusion_cleaned/train/Glass/glass325.jpg,prepared_datasets/combined_6class_confusion_cleaned/train/Glass/glass325.jpg,,,,,,,,
train_Glass_glass326,TrashNet,cleaned_image_classification,train,Glass,Glass,prepared_datasets/combined_6class_confusion_cleaned/train/Glass/glass326.jpg,prepared_datasets/combined_6class_confusion_cleaned/train/Glass/glass326.jpg,prepared_datasets/combined_6class_confusion_cleaned/train/Glass/glass326.jpg,,,,,,,,
train_Glass_glass328,TrashNet,cleaned_image_classification,train,Glass,Glass,prepared_datasets/combined_6class_confusion_cleaned/train/Glass/glass328.jpg,prepared_datasets/combined_6class_confusion_cleaned/train/Glass/glass328.jpg,prepared_datasets/combined_6class_confusion_cleaned/train/Glass/glass328.jpg,,,,,,,,
train_Glass_glass329,TrashNet,cleaned_image_classification,train,Glass,Glass,prepared_datasets/combined_6class_confusion_cleaned/train/Glass/glass329.jpg,prepared_datasets/combined_6class_confusion_cleaned/train/Glass/glass329.jpg,prepared_datasets/combined_6class_confusion_cleaned/train/Glass/glass329.jpg,,,,,,,,
train_Glass_glass33,TrashNet,cleaned_image_classification,train,Glass,Glass,prepared_datasets/combined_6class_confusion_cleaned/train/Glass/glass33.jpg,prepared_datasets/combined_6class_confusion_cleaned/train/Glass/glass33.jpg,prepared_datasets/combined_6class_confusion_cleaned/train/Glass/glass33.jpg,,,,,,,,
train_Glass_glass330,TrashNet,cleaned_image_classification,train,Glass,Glass,prepared_datasets/combined_6class_confusion_cleaned/train/Glass/glass330.jpg,prepared_datasets/combined_6class_confusion_cleaned/train/Glass/glass330.jpg,prepared_datasets/combined_6class_confusion_cleaned/train/Glass/glass330.jpg,,,,,,,,
train_Glass_glass331,TrashNet,cleaned_image_classification,train,Glass,Glass,prepared_datasets/combined_6class_confusion_cleaned/train/Glass/glass331.jpg,prepared_datasets/combined_6class_confusion_cleaned/train/Glass/glass331.jpg,prepared_datasets/combined_6class_confusion_cleaned/train/Glass/glass331.jpg,,,,,,,,
train_Glass_glass335,TrashNet,cleaned_image_classification,train,Glass,Glass,prepared_datasets/combined_6class_confusion_cleaned/train/Glass/glass335.jpg,prepared_datasets/combined_6class_confusion_cleaned/train/Glass/glass335.jpg,prepared_datasets/combined_6class_confusion_cleaned/train/Glass/glass335.jpg,,,,,,,,
train_Glass_glass337,TrashNet,cleaned_image_classification,train,Glass,Glass,prepared_datasets/combined_6class_confusion_cleaned/train/Glass/glass337.jpg,prepared_datasets/combined_6class_confusion_cleaned/train/Glass/glass337.jpg,prepared_datasets/combined_6class_confusion_cleaned/train/Glass/glass337.jpg,,,,,,,,
train_Glass_glass34,TrashNet,cleaned_image_classification,train,Glass,Glass,prepared_datasets/combined_6class_confusion_cleaned/train/Glass/glass34.jpg,prepared_datasets/combined_6class_confusion_cleaned/train/Glass/glass34.jpg,prepared_datasets/combined_6class_confusion_cleaned/train/Glass/glass34.jpg,,,,,,,,
train_Glass_glass340,TrashNet,cleaned_image_classification,train,Glass,Glass,prepared_datasets/combined_6class_confusion_cleaned/train/Glass/glass340.jpg,prepared_datasets/combined_6class_confusion_cleaned/train/Glass/glass340.jpg,prepared_datasets/combined_6class_confusion_cleaned/train/Glass/glass340.jpg,,,,,,,,
train_Glass_glass341,TrashNet,cleaned_image_classification,train,Glass,Glass,prepared_datasets/combined_6class_confusion_cleaned/train/Glass/glass341.jpg,prepared_datasets/combined_6class_confusion_cleaned/train/Glass/glass341.jpg,prepared_datasets/combined_6class_confusion_cleaned/train/Glass/glass341.jpg,,,,,,,,
train_Glass_glass342,TrashNet,cleaned_image_classification,train,Glass,Glass,prepared_datasets/combined_6class_confusion_cleaned/train/Glass/glass342.jpg,prepared_datasets/combined_6class_confusion_cleaned/train/Glass/glass342.jpg,prepared_datasets/combined_6class_confusion_cleaned/train/Glass/glass342.jpg,,,,,,,,
train_Glass_glass343,TrashNet,cleaned_image_classification,train,Glass,Glass,prepared_datasets/combined_6class_confusion_cleaned/train/Glass/glass343.jpg,prepared_datasets/combined_6class_confusion_cleaned/train/Glass/glass343.jpg,prepared_datasets/combined_6class_confusion_cleaned/train/Glass/glass343.jpg,,,,,,,,
train_Glass_glass344,TrashNet,cleaned_image_classification,train,Glass,Glass,prepared_datasets/combined_6class_confusion_cleaned/train/Glass/glass344.jpg,prepared_datasets/combined_6class_confusion_cleaned/train/Glass/glass344.jpg,prepared_datasets/combined_6class_confusion_cleaned/train/Glass/glass344.jpg,,,,,,,,
train_Glass_glass345,TrashNet,cleaned_image_classification,train,Glass,Glass,prepared_datasets/combined_6class_confusion_cleaned/train/Glass/glass345.jpg,prepared_datasets/combined_6class_confusion_cleaned/train/Glass/glass345.jpg,prepared_datasets/combined_6class_confusion_cleaned/train/Glass/glass345.jpg,,,,,,,,
train_Glass_glass348,TrashNet,cleaned_image_classification,train,Glass,Glass,prepared_datasets/combined_6class_confusion_cleaned/train/Glass/glass348.jpg,prepared_datasets/combined_6class_confusion_cleaned/train/Glass/glass348.jpg,prepared_datasets/combined_6class_confusion_cleaned/train/Glass/glass348.jpg,,,,,,,,
train_Glass_glass349,TrashNet,cleaned_image_classification,train,Glass,Glass,prepared_datasets/combined_6class_confusion_cleaned/train/Glass/glass349.jpg,prepared_datasets/combined_6class_confusion_cleaned/train/Glass/glass349.jpg,prepared_datasets/combined_6class_confusion_cleaned/train/Glass/glass349.jpg,,,,,,,,
train_Glass_glass35,TrashNet,cleaned_image_classification,train,Glass,Glass,prepared_datasets/combined_6class_confusion_cleaned/train/Glass/glass35.jpg,prepared_datasets/combined_6class_confusion_cleaned/train/Glass/glass35.jpg,prepared_datasets/combined_6class_confusion_cleaned/train/Glass/glass35.jpg,,,,,,,,
train_Glass_glass350,TrashNet,cleaned_image_classification,train,Glass,Glass,prepared_datasets/combined_6class_confusion_cleaned/train/Glass/glass350.jpg,prepared_datasets/combined_6class_confusion_cleaned/train/Glass/glass350.jpg,prepared_datasets/combined_6class_confusion_cleaned/train/Glass/glass350.jpg,,,,,,,,
train_Glass_glass352,TrashNet,cleaned_image_classification,train,Glass,Glass,prepared_datasets/combined_6class_confusion_cleaned/train/Glass/glass352.jpg,prepared_datasets/combined_6class_confusion_cleaned/train/Glass/glass352.jpg,prepared_datasets/combined_6class_confusion_cleaned/train/Glass/glass352.jpg,,,,,,,,
train_Glass_glass353,TrashNet,cleaned_image_classification,train,Glass,Glass,prepared_datasets/combined_6class_confusion_cleaned/train/Glass/glass353.jpg,prepared_datasets/combined_6class_confusion_cleaned/train/Glass/glass353.jpg,prepared_datasets/combined_6class_confusion_cleaned/train/Glass/glass353.jpg,,,,,,,,
train_Glass_glass355,TrashNet,cleaned_image_classification,train,Glass,Glass,prepared_datasets/combined_6class_confusion_cleaned/train/Glass/glass355.jpg,prepared_datasets/combined_6class_confusion_cleaned/train/Glass/glass355.jpg,prepared_datasets/combined_6class_confusion_cleaned/train/Glass/glass355.jpg,,,,,,,,
train_Glass_glass357,TrashNet,cleaned_image_classification,train,Glass,Glass,prepared_datasets/combined_6class_confusion_cleaned/train/Glass/glass357.jpg,prepared_datasets/combined_6class_confusion_cleaned/train/Glass/glass357.jpg,prepared_datasets/combined_6class_confusion_cleaned/train/Glass/glass357.jpg,,,,,,,,
train_Glass_glass358,TrashNet,cleaned_image_classification,train,Glass,Glass,prepared_datasets/combined_6class_confusion_cleaned/train/Glass/glass358.jpg,prepared_datasets/combined_6class_confusion_cleaned/train/Glass/glass358.jpg,prepared_datasets/combined_6class_confusion_cleaned/train/Glass/glass358.jpg,,,,,,,,
train_Glass_glass359,TrashNet,cleaned_image_classification,train,Glass,Glass,prepared_datasets/combined_6class_confusion_cleaned/train/Glass/glass359.jpg,prepared_datasets/combined_6class_confusion_cleaned/train/Glass/glass359.jpg,prepared_datasets/combined_6class_confusion_cleaned/train/Glass/glass359.jpg,,,,,,,,
train_Glass_glass36,TrashNet,cleaned_image_classification,train,Glass,Glass,prepared_datasets/combined_6class_confusion_cleaned/train/Glass/glass36.jpg,prepared_datasets/combined_6class_confusion_cleaned/train/Glass/glass36.jpg,prepared_datasets/combined_6class_confusion_cleaned/train/Glass/glass36.jpg,,,,,,,,
train_Glass_glass360,TrashNet,cleaned_image_classification,train,Glass,Glass,prepared_datasets/combined_6class_confusion_cleaned/train/Glass/glass360.jpg,prepared_datasets/combined_6class_confusion_cleaned/train/Glass/glass360.jpg,prepared_datasets/combined_6class_confusion_cleaned/train/Glass/glass360.jpg,,,,,,,,
train_Glass_glass362,TrashNet,cleaned_image_classification,train,Glass,Glass,prepared_datasets/combined_6class_confusion_cleaned/train/Glass/glass362.jpg,prepared_datasets/combined_6class_confusion_cleaned/train/Glass/glass362.jpg,prepared_datasets/combined_6class_confusion_cleaned/train/Glass/glass362.jpg,,,,,,,,
train_Glass_glass363,TrashNet,cleaned_image_classification,train,Glass,Glass,prepared_datasets/combined_6class_confusion_cleaned/train/Glass/glass363.jpg,prepared_datasets/combined_6class_confusion_cleaned/train/Glass/glass363.jpg,prepared_datasets/combined_6class_confusion_cleaned/train/Glass/glass363.jpg,,,,,,,,
train_Glass_glass368,TrashNet,cleaned_image_classification,train,Glass,Glass,prepared_datasets/combined_6class_confusion_cleaned/train/Glass/glass368.jpg,prepared_datasets/combined_6class_confusion_cleaned/train/Glass/glass368.jpg,prepared_datasets/combined_6class_confusion_cleaned/train/Glass/glass368.jpg,,,,,,,,
train_Glass_glass369,TrashNet,cleaned_image_classification,train,Glass,Glass,prepared_datasets/combined_6class_confusion_cleaned/train/Glass/glass369.jpg,prepared_datasets/combined_6class_confusion_cleaned/train/Glass/glass369.jpg,prepared_datasets/combined_6class_confusion_cleaned/train/Glass/glass369.jpg,,,,,,,,
train_Glass_glass37,TrashNet,cleaned_image_classification,train,Glass,Glass,prepared_datasets/combined_6class_confusion_cleaned/train/Glass/glass37.jpg,prepared_datasets/combined_6class_confusion_cleaned/train/Glass/glass37.jpg,prepared_datasets/combined_6class_confusion_cleaned/train/Glass/glass37.jpg,,,,,,,,
train_Glass_glass370,TrashNet,cleaned_image_classification,train,Glass,Glass,prepared_datasets/combined_6class_confusion_cleaned/train/Glass/glass370.jpg,prepared_datasets/combined_6class_confusion_cleaned/train/Glass/glass370.jpg,prepared_datasets/combined_6class_confusion_cleaned/train/Glass/glass370.jpg,,,,,,,,
train_Glass_glass371,TrashNet,cleaned_image_classification,train,Glass,Glass,prepared_datasets/combined_6class_confusion_cleaned/train/Glass/glass371.jpg,prepared_datasets/combined_6class_confusion_cleaned/train/Glass/glass371.jpg,prepared_datasets/combined_6class_confusion_cleaned/train/Glass/glass371.jpg,,,,,,,,
train_Glass_glass372,TrashNet,cleaned_image_classification,train,Glass,Glass,prepared_datasets/combined_6class_confusion_cleaned/train/Glass/glass372.jpg,prepared_datasets/combined_6class_confusion_cleaned/train/Glass/glass372.jpg,prepared_datasets/combined_6class_confusion_cleaned/train/Glass/glass372.jpg,,,,,,,,
train_Glass_glass373,TrashNet,cleaned_image_classification,train,Glass,Glass,prepared_datasets/combined_6class_confusion_cleaned/train/Glass/glass373.jpg,prepared_datasets/combined_6class_confusion_cleaned/train/Glass/glass373.jpg,prepared_datasets/combined_6class_confusion_cleaned/train/Glass/glass373.jpg,,,,,,,,
train_Glass_glass375,TrashNet,cleaned_image_classification,train,Glass,Glass,prepared_datasets/combined_6class_confusion_cleaned/train/Glass/glass375.jpg,prepared_datasets/combined_6class_confusion_cleaned/train/Glass/glass375.jpg,prepared_datasets/combined_6class_confusion_cleaned/train/Glass/glass375.jpg,,,,,,,,
train_Glass_glass376,TrashNet,cleaned_image_classification,train,Glass,Glass,prepared_datasets/combined_6class_confusion_cleaned/train/Glass/glass376.jpg,prepared_datasets/combined_6class_confusion_cleaned/train/Glass/glass376.jpg,prepared_datasets/combined_6class_confusion_cleaned/train/Glass/glass376.jpg,,,,,,,,
train_Glass_glass377,TrashNet,cleaned_image_classification,train,Glass,Glass,prepared_datasets/combined_6class_confusion_cleaned/train/Glass/glass377.jpg,prepared_datasets/combined_6class_confusion_cleaned/train/Glass/glass377.jpg,prepared_datasets/combined_6class_confusion_cleaned/train/Glass/glass377.jpg,,,,,,,,
train_Glass_glass378,TrashNet,cleaned_image_classification,train,Glass,Glass,prepared_datasets/combined_6class_confusion_cleaned/train/Glass/glass378.jpg,prepared_datasets/combined_6class_confusion_cleaned/train/Glass/glass378.jpg,prepared_datasets/combined_6class_confusion_cleaned/train/Glass/glass378.jpg,,,,,,,,
train_Glass_glass38,TrashNet,cleaned_image_classification,train,Glass,Glass,prepared_datasets/combined_6class_confusion_cleaned/train/Glass/glass38.jpg,prepared_datasets/combined_6class_confusion_cleaned/train/Glass/glass38.jpg,prepared_datasets/combined_6class_confusion_cleaned/train/Glass/glass38.jpg,,,,,,,,
train_Glass_glass381,TrashNet,cleaned_image_classification,train,Glass,Glass,prepared_datasets/combined_6class_confusion_cleaned/train/Glass/glass381.jpg,prepared_datasets/combined_6class_confusion_cleaned/train/Glass/glass381.jpg,prepared_datasets/combined_6class_confusion_cleaned/train/Glass/glass381.jpg,,,,,,,,
train_Glass_glass382,TrashNet,cleaned_image_classification,train,Glass,Glass,prepared_datasets/combined_6class_confusion_cleaned/train/Glass/glass382.jpg,prepared_datasets/combined_6class_confusion_cleaned/train/Glass/glass382.jpg,prepared_datasets/combined_6class_confusion_cleaned/train/Glass/glass382.jpg,,,,,,,,
train_Glass_glass384,TrashNet,cleaned_image_classification,train,Glass,Glass,prepared_datasets/combined_6class_confusion_cleaned/train/Glass/glass384.jpg,prepared_datasets/combined_6class_confusion_cleaned/train/Glass/glass384.jpg,prepared_datasets/combined_6class_confusion_cleaned/train/Glass/glass384.jpg,,,,,,,,
train_Glass_glass386,TrashNet,cleaned_image_classification,train,Glass,Glass,prepared_datasets/combined_6class_confusion_cleaned/train/Glass/glass386.jpg,prepared_datasets/combined_6class_confusion_cleaned/train/Glass/glass386.jpg,prepared_datasets/combined_6class_confusion_cleaned/train/Glass/glass386.jpg,,,,,,,,
train_Glass_glass388,TrashNet,cleaned_image_classification,train,Glass,Glass,prepared_datasets/combined_6class_confusion_cleaned/train/Glass/glass388.jpg,prepared_datasets/combined_6class_confusion_cleaned/train/Glass/glass388.jpg,prepared_datasets/combined_6class_confusion_cleaned/train/Glass/glass388.jpg,,,,,,,,
train_Glass_glass389,TrashNet,cleaned_image_classification,train,Glass,Glass,prepared_datasets/combined_6class_confusion_cleaned/train/Glass/glass389.jpg,prepared_datasets/combined_6class_confusion_cleaned/train/Glass/glass389.jpg,prepared_datasets/combined_6class_confusion_cleaned/train/Glass/glass389.jpg,,,,,,,,
train_Glass_glass390,TrashNet,cleaned_image_classification,train,Glass,Glass,prepared_datasets/combined_6class_confusion_cleaned/train/Glass/glass390.jpg,prepared_datasets/combined_6class_confusion_cleaned/train/Glass/glass390.jpg,prepared_datasets/combined_6class_confusion_cleaned/train/Glass/glass390.jpg,,,,,,,,
train_Glass_glass392,TrashNet,cleaned_image_classification,train,Glass,Glass,prepared_datasets/combined_6class_confusion_cleaned/train/Glass/glass392.jpg,prepared_datasets/combined_6class_confusion_cleaned/train/Glass/glass392.jpg,prepared_datasets/combined_6class_confusion_cleaned/train/Glass/glass392.jpg,,,,,,,,
train_Glass_glass393,TrashNet,cleaned_image_classification,train,Glass,Glass,prepared_datasets/combined_6class_confusion_cleaned/train/Glass/glass393.jpg,prepared_datasets/combined_6class_confusion_cleaned/train/Glass/glass393.jpg,prepared_datasets/combined_6class_confusion_cleaned/train/Glass/glass393.jpg,,,,,,,,
train_Glass_glass394,TrashNet,cleaned_image_classification,train,Glass,Glass,prepared_datasets/combined_6class_confusion_cleaned/train/Glass/glass394.jpg,prepared_datasets/combined_6class_confusion_cleaned/train/Glass/glass394.jpg,prepared_datasets/combined_6class_confusion_cleaned/train/Glass/glass394.jpg,,,,,,,,
train_Glass_glass396,TrashNet,cleaned_image_classification,train,Glass,Glass,prepared_datasets/combined_6class_confusion_cleaned/train/Glass/glass396.jpg,prepared_datasets/combined_6class_confusion_cleaned/train/Glass/glass396.jpg,prepared_datasets/combined_6class_confusion_cleaned/train/Glass/glass396.jpg,,,,,,,,
train_Glass_glass397,TrashNet,cleaned_image_classification,train,Glass,Glass,prepared_datasets/combined_6class_confusion_cleaned/train/Glass/glass397.jpg,prepared_datasets/combined_6class_confusion_cleaned/train/Glass/glass397.jpg,prepared_datasets/combined_6class_confusion_cleaned/train/Glass/glass397.jpg,,,,,,,,
train_Glass_glass398,TrashNet,cleaned_image_classification,train,Glass,Glass,prepared_datasets/combined_6class_confusion_cleaned/train/Glass/glass398.jpg,prepared_datasets/combined_6class_confusion_cleaned/train/Glass/glass398.jpg,prepared_datasets/combined_6class_confusion_cleaned/train/Glass/glass398.jpg,,,,,,,,
train_Glass_glass399,TrashNet,cleaned_image_classification,train,Glass,Glass,prepared_datasets/combined_6class_confusion_cleaned/train/Glass/glass399.jpg,prepared_datasets/combined_6class_confusion_cleaned/train/Glass/glass399.jpg,prepared_datasets/combined_6class_confusion_cleaned/train/Glass/glass399.jpg,,,,,,,,
train_Glass_glass4,TrashNet,cleaned_image_classification,train,Glass,Glass,prepared_datasets/combined_6class_confusion_cleaned/train/Glass/glass4.jpg,prepared_datasets/combined_6class_confusion_cleaned/train/Glass/glass4.jpg,prepared_datasets/combined_6class_confusion_cleaned/train/Glass/glass4.jpg,,,,,,,,
train_Glass_glass40,TrashNet,cleaned_image_classification,train,Glass,Glass,prepared_datasets/combined_6class_confusion_cleaned/train/Glass/glass40.jpg,prepared_datasets/combined_6class_confusion_cleaned/train/Glass/glass40.jpg,prepared_datasets/combined_6class_confusion_cleaned/train/Glass/glass40.jpg,,,,,,,,
train_Glass_glass401,TrashNet,cleaned_image_classification,train,Glass,Glass,prepared_datasets/combined_6class_confusion_cleaned/train/Glass/glass401.jpg,prepared_datasets/combined_6class_confusion_cleaned/train/Glass/glass401.jpg,prepared_datasets/combined_6class_confusion_cleaned/train/Glass/glass401.jpg,,,,,,,,
train_Glass_glass403,TrashNet,cleaned_image_classification,train,Glass,Glass,prepared_datasets/combined_6class_confusion_cleaned/train/Glass/glass403.jpg,prepared_datasets/combined_6class_confusion_cleaned/train/Glass/glass403.jpg,prepared_datasets/combined_6class_confusion_cleaned/train/Glass/glass403.jpg,,,,,,,,
train_Glass_glass407,TrashNet,cleaned_image_classification,train,Glass,Glass,prepared_datasets/combined_6class_confusion_cleaned/train/Glass/glass407.jpg,prepared_datasets/combined_6class_confusion_cleaned/train/Glass/glass407.jpg,prepared_datasets/combined_6class_confusion_cleaned/train/Glass/glass407.jpg,,,,,,,,
train_Glass_glass412,TrashNet,cleaned_image_classification,train,Glass,Glass,prepared_datasets/combined_6class_confusion_cleaned/train/Glass/glass412.jpg,prepared_datasets/combined_6class_confusion_cleaned/train/Glass/glass412.jpg,prepared_datasets/combined_6class_confusion_cleaned/train/Glass/glass412.jpg,,,,,,,,
train_Glass_glass413,TrashNet,cleaned_image_classification,train,Glass,Glass,prepared_datasets/combined_6class_confusion_cleaned/train/Glass/glass413.jpg,prepared_datasets/combined_6class_confusion_cleaned/train/Glass/glass413.jpg,prepared_datasets/combined_6class_confusion_cleaned/train/Glass/glass413.jpg,,,,,,,,
train_Glass_glass414,TrashNet,cleaned_image_classification,train,Glass,Glass,prepared_datasets/combined_6class_confusion_cleaned/train/Glass/glass414.jpg,prepared_datasets/combined_6class_confusion_cleaned/train/Glass/glass414.jpg,prepared_datasets/combined_6class_confusion_cleaned/train/Glass/glass414.jpg,,,,,,,,
train_Glass_glass417,TrashNet,cleaned_image_classification,train,Glass,Glass,prepared_datasets/combined_6class_confusion_cleaned/train/Glass/glass417.jpg,prepared_datasets/combined_6class_confusion_cleaned/train/Glass/glass417.jpg,prepared_datasets/combined_6class_confusion_cleaned/train/Glass/glass417.jpg,,,,,,,,
train_Glass_glass418,TrashNet,cleaned_image_classification,train,Glass,Glass,prepared_datasets/combined_6class_confusion_cleaned/train/Glass/glass418.jpg,prepared_datasets/combined_6class_confusion_cleaned/train/Glass/glass418.jpg,prepared_datasets/combined_6class_confusion_cleaned/train/Glass/glass418.jpg,,,,,,,,
train_Glass_glass419,TrashNet,cleaned_image_classification,train,Glass,Glass,prepared_datasets/combined_6class_confusion_cleaned/train/Glass/glass419.jpg,prepared_datasets/combined_6class_confusion_cleaned/train/Glass/glass419.jpg,prepared_datasets/combined_6class_confusion_cleaned/train/Glass/glass419.jpg,,,,,,,,
train_Glass_glass420,TrashNet,cleaned_image_classification,train,Glass,Glass,prepared_datasets/combined_6class_confusion_cleaned/train/Glass/glass420.jpg,prepared_datasets/combined_6class_confusion_cleaned/train/Glass/glass420.jpg,prepared_datasets/combined_6class_confusion_cleaned/train/Glass/glass420.jpg,,,,,,,,
train_Glass_glass421,TrashNet,cleaned_image_classification,train,Glass,Glass,prepared_datasets/combined_6class_confusion_cleaned/train/Glass/glass421.jpg,prepared_datasets/combined_6class_confusion_cleaned/train/Glass/glass421.jpg,prepared_datasets/combined_6class_confusion_cleaned/train/Glass/glass421.jpg,,,,,,,,
train_Glass_glass422,TrashNet,cleaned_image_classification,train,Glass,Glass,prepared_datasets/combined_6class_confusion_cleaned/train/Glass/glass422.jpg,prepared_datasets/combined_6class_confusion_cleaned/train/Glass/glass422.jpg,prepared_datasets/combined_6class_confusion_cleaned/train/Glass/glass422.jpg,,,,,,,,
train_Glass_glass423,TrashNet,cleaned_image_classification,train,Glass,Glass,prepared_datasets/combined_6class_confusion_cleaned/train/Glass/glass423.jpg,prepared_datasets/combined_6class_confusion_cleaned/train/Glass/glass423.jpg,prepared_datasets/combined_6class_confusion_cleaned/train/Glass/glass423.jpg,,,,,,,,
train_Glass_glass424,TrashNet,cleaned_image_classification,train,Glass,Glass,prepared_datasets/combined_6class_confusion_cleaned/train/Glass/glass424.jpg,prepared_datasets/combined_6class_confusion_cleaned/train/Glass/glass424.jpg,prepared_datasets/combined_6class_confusion_cleaned/train/Glass/glass424.jpg,,,,,,,,
train_Glass_glass426,TrashNet,cleaned_image_classification,train,Glass,Glass,prepared_datasets/combined_6class_confusion_cleaned/train/Glass/glass426.jpg,prepared_datasets/combined_6class_confusion_cleaned/train/Glass/glass426.jpg,prepared_datasets/combined_6class_confusion_cleaned/train/Glass/glass426.jpg,,,,,,,,
train_Glass_glass427,TrashNet,cleaned_image_classification,train,Glass,Glass,prepared_datasets/combined_6class_confusion_cleaned/train/Glass/glass427.jpg,prepared_datasets/combined_6class_confusion_cleaned/train/Glass/glass427.jpg,prepared_datasets/combined_6class_confusion_cleaned/train/Glass/glass427.jpg,,,,,,,,
train_Glass_glass428,TrashNet,cleaned_image_classification,train,Glass,Glass,prepared_datasets/combined_6class_confusion_cleaned/train/Glass/glass428.jpg,prepared_datasets/combined_6class_confusion_cleaned/train/Glass/glass428.jpg,prepared_datasets/combined_6class_confusion_cleaned/train/Glass/glass428.jpg,,,,,,,,
train_Glass_glass429,TrashNet,cleaned_image_classification,train,Glass,Glass,prepared_datasets/combined_6class_confusion_cleaned/train/Glass/glass429.jpg,prepared_datasets/combined_6class_confusion_cleaned/train/Glass/glass429.jpg,prepared_datasets/combined_6class_confusion_cleaned/train/Glass/glass429.jpg,,,,,,,,
train_Glass_glass431,TrashNet,cleaned_image_classification,train,Glass,Glass,prepared_datasets/combined_6class_confusion_cleaned/train/Glass/glass431.jpg,prepared_datasets/combined_6class_confusion_cleaned/train/Glass/glass431.jpg,prepared_datasets/combined_6class_confusion_cleaned/train/Glass/glass431.jpg,,,,,,,,
train_Glass_glass433,TrashNet,cleaned_image_classification,train,Glass,Glass,prepared_datasets/combined_6class_confusion_cleaned/train/Glass/glass433.jpg,prepared_datasets/combined_6class_confusion_cleaned/train/Glass/glass433.jpg,prepared_datasets/combined_6class_confusion_cleaned/train/Glass/glass433.jpg,,,,,,,,
train_Glass_glass434,TrashNet,cleaned_image_classification,train,Glass,Glass,prepared_datasets/combined_6class_confusion_cleaned/train/Glass/glass434.jpg,prepared_datasets/combined_6class_confusion_cleaned/train/Glass/glass434.jpg,prepared_datasets/combined_6class_confusion_cleaned/train/Glass/glass434.jpg,,,,,,,,
train_Glass_glass436,TrashNet,cleaned_image_classification,train,Glass,Glass,prepared_datasets/combined_6class_confusion_cleaned/train/Glass/glass436.jpg,prepared_datasets/combined_6class_confusion_cleaned/train/Glass/glass436.jpg,prepared_datasets/combined_6class_confusion_cleaned/train/Glass/glass436.jpg,,,,,,,,
train_Glass_glass437,TrashNet,cleaned_image_classification,train,Glass,Glass,prepared_datasets/combined_6class_confusion_cleaned/train/Glass/glass437.jpg,prepared_datasets/combined_6class_confusion_cleaned/train/Glass/glass437.jpg,prepared_datasets/combined_6class_confusion_cleaned/train/Glass/glass437.jpg,,,,,,,,
train_Glass_glass44,TrashNet,cleaned_image_classification,train,Glass,Glass,prepared_datasets/combined_6class_confusion_cleaned/train/Glass/glass44.jpg,prepared_datasets/combined_6class_confusion_cleaned/train/Glass/glass44.jpg,prepared_datasets/combined_6class_confusion_cleaned/train/Glass/glass44.jpg,,,,,,,,
train_Glass_glass441,TrashNet,cleaned_image_classification,train,Glass,Glass,prepared_datasets/combined_6class_confusion_cleaned/train/Glass/glass441.jpg,prepared_datasets/combined_6class_confusion_cleaned/train/Glass/glass441.jpg,prepared_datasets/combined_6class_confusion_cleaned/train/Glass/glass441.jpg,,,,,,,,
train_Glass_glass442,TrashNet,cleaned_image_classification,train,Glass,Glass,prepared_datasets/combined_6class_confusion_cleaned/train/Glass/glass442.jpg,prepared_datasets/combined_6class_confusion_cleaned/train/Glass/glass442.jpg,prepared_datasets/combined_6class_confusion_cleaned/train/Glass/glass442.jpg,,,,,,,,
train_Glass_glass443,TrashNet,cleaned_image_classification,train,Glass,Glass,prepared_datasets/combined_6class_confusion_cleaned/train/Glass/glass443.jpg,prepared_datasets/combined_6class_confusion_cleaned/train/Glass/glass443.jpg,prepared_datasets/combined_6class_confusion_cleaned/train/Glass/glass443.jpg,,,,,,,,
train_Glass_glass446,TrashNet,cleaned_image_classification,train,Glass,Glass,prepared_datasets/combined_6class_confusion_cleaned/train/Glass/glass446.jpg,prepared_datasets/combined_6class_confusion_cleaned/train/Glass/glass446.jpg,prepared_datasets/combined_6class_confusion_cleaned/train/Glass/glass446.jpg,,,,,,,,
train_Glass_glass447,TrashNet,cleaned_image_classification,train,Glass,Glass,prepared_datasets/combined_6class_confusion_cleaned/train/Glass/glass447.jpg,prepared_datasets/combined_6class_confusion_cleaned/train/Glass/glass447.jpg,prepared_datasets/combined_6class_confusion_cleaned/train/Glass/glass447.jpg,,,,,,,,
train_Glass_glass448,TrashNet,cleaned_image_classification,train,Glass,Glass,prepared_datasets/combined_6class_confusion_cleaned/train/Glass/glass448.jpg,prepared_datasets/combined_6class_confusion_cleaned/train/Glass/glass448.jpg,prepared_datasets/combined_6class_confusion_cleaned/train/Glass/glass448.jpg,,,,,,,,
train_Glass_glass449,TrashNet,cleaned_image_classification,train,Glass,Glass,prepared_datasets/combined_6class_confusion_cleaned/train/Glass/glass449.jpg,prepared_datasets/combined_6class_confusion_cleaned/train/Glass/glass449.jpg,prepared_datasets/combined_6class_confusion_cleaned/train/Glass/glass449.jpg,,,,,,,,
train_Glass_glass45,TrashNet,cleaned_image_classification,train,Glass,Glass,prepared_datasets/combined_6class_confusion_cleaned/train/Glass/glass45.jpg,prepared_datasets/combined_6class_confusion_cleaned/train/Glass/glass45.jpg,prepared_datasets/combined_6class_confusion_cleaned/train/Glass/glass45.jpg,,,,,,,,
train_Glass_glass450,TrashNet,cleaned_image_classification,train,Glass,Glass,prepared_datasets/combined_6class_confusion_cleaned/train/Glass/glass450.jpg,prepared_datasets/combined_6class_confusion_cleaned/train/Glass/glass450.jpg,prepared_datasets/combined_6class_confusion_cleaned/train/Glass/glass450.jpg,,,,,,,,
train_Glass_glass451,TrashNet,cleaned_image_classification,train,Glass,Glass,prepared_datasets/combined_6class_confusion_cleaned/train/Glass/glass451.jpg,prepared_datasets/combined_6class_confusion_cleaned/train/Glass/glass451.jpg,prepared_datasets/combined_6class_confusion_cleaned/train/Glass/glass451.jpg,,,,,,,,
train_Glass_glass452,TrashNet,cleaned_image_classification,train,Glass,Glass,prepared_datasets/combined_6class_confusion_cleaned/train/Glass/glass452.jpg,prepared_datasets/combined_6class_confusion_cleaned/train/Glass/glass452.jpg,prepared_datasets/combined_6class_confusion_cleaned/train/Glass/glass452.jpg,,,,,,,,
train_Glass_glass453,TrashNet,cleaned_image_classification,train,Glass,Glass,prepared_datasets/combined_6class_confusion_cleaned/train/Glass/glass453.jpg,prepared_datasets/combined_6class_confusion_cleaned/train/Glass/glass453.jpg,prepared_datasets/combined_6class_confusion_cleaned/train/Glass/glass453.jpg,,,,,,,,
train_Glass_glass454,TrashNet,cleaned_image_classification,train,Glass,Glass,prepared_datasets/combined_6class_confusion_cleaned/train/Glass/glass454.jpg,prepared_datasets/combined_6class_confusion_cleaned/train/Glass/glass454.jpg,prepared_datasets/combined_6class_confusion_cleaned/train/Glass/glass454.jpg,,,,,,,,
train_Glass_glass456,TrashNet,cleaned_image_classification,train,Glass,Glass,prepared_datasets/combined_6class_confusion_cleaned/train/Glass/glass456.jpg,prepared_datasets/combined_6class_confusion_cleaned/train/Glass/glass456.jpg,prepared_datasets/combined_6class_confusion_cleaned/train/Glass/glass456.jpg,,,,,,,,
train_Glass_glass457,TrashNet,cleaned_image_classification,train,Glass,Glass,prepared_datasets/combined_6class_confusion_cleaned/train/Glass/glass457.jpg,prepared_datasets/combined_6class_confusion_cleaned/train/Glass/glass457.jpg,prepared_datasets/combined_6class_confusion_cleaned/train/Glass/glass457.jpg,,,,,,,,
train_Glass_glass458,TrashNet,cleaned_image_classification,train,Glass,Glass,prepared_datasets/combined_6class_confusion_cleaned/train/Glass/glass458.jpg,prepared_datasets/combined_6class_confusion_cleaned/train/Glass/glass458.jpg,prepared_datasets/combined_6class_confusion_cleaned/train/Glass/glass458.jpg,,,,,,,,
train_Glass_glass459,TrashNet,cleaned_image_classification,train,Glass,Glass,prepared_datasets/combined_6class_confusion_cleaned/train/Glass/glass459.jpg,prepared_datasets/combined_6class_confusion_cleaned/train/Glass/glass459.jpg,prepared_datasets/combined_6class_confusion_cleaned/train/Glass/glass459.jpg,,,,,,,,
train_Glass_glass460,TrashNet,cleaned_image_classification,train,Glass,Glass,prepared_datasets/combined_6class_confusion_cleaned/train/Glass/glass460.jpg,prepared_datasets/combined_6class_confusion_cleaned/train/Glass/glass460.jpg,prepared_datasets/combined_6class_confusion_cleaned/train/Glass/glass460.jpg,,,,,,,,
train_Glass_glass462,TrashNet,cleaned_image_classification,train,Glass,Glass,prepared_datasets/combined_6class_confusion_cleaned/train/Glass/glass462.jpg,prepared_datasets/combined_6class_confusion_cleaned/train/Glass/glass462.jpg,prepared_datasets/combined_6class_confusion_cleaned/train/Glass/glass462.jpg,,,,,,,,
train_Glass_glass463,TrashNet,cleaned_image_classification,train,Glass,Glass,prepared_datasets/combined_6class_confusion_cleaned/train/Glass/glass463.jpg,prepared_datasets/combined_6class_confusion_cleaned/train/Glass/glass463.jpg,prepared_datasets/combined_6class_confusion_cleaned/train/Glass/glass463.jpg,,,,,,,,
train_Glass_glass464,TrashNet,cleaned_image_classification,train,Glass,Glass,prepared_datasets/combined_6class_confusion_cleaned/train/Glass/glass464.jpg,prepared_datasets/combined_6class_confusion_cleaned/train/Glass/glass464.jpg,prepared_datasets/combined_6class_confusion_cleaned/train/Glass/glass464.jpg,,,,,,,,
train_Glass_glass466,TrashNet,cleaned_image_classification,train,Glass,Glass,prepared_datasets/combined_6class_confusion_cleaned/train/Glass/glass466.jpg,prepared_datasets/combined_6class_confusion_cleaned/train/Glass/glass466.jpg,prepared_datasets/combined_6class_confusion_cleaned/train/Glass/glass466.jpg,,,,,,,,
train_Glass_glass467,TrashNet,cleaned_image_classification,train,Glass,Glass,prepared_datasets/combined_6class_confusion_cleaned/train/Glass/glass467.jpg,prepared_datasets/combined_6class_confusion_cleaned/train/Glass/glass467.jpg,prepared_datasets/combined_6class_confusion_cleaned/train/Glass/glass467.jpg,,,,,,,,
train_Glass_glass469,TrashNet,cleaned_image_classification,train,Glass,Glass,prepared_datasets/combined_6class_confusion_cleaned/train/Glass/glass469.jpg,prepared_datasets/combined_6class_confusion_cleaned/train/Glass/glass469.jpg,prepared_datasets/combined_6class_confusion_cleaned/train/Glass/glass469.jpg,,,,,,,,
train_Glass_glass47,TrashNet,cleaned_image_classification,train,Glass,Glass,prepared_datasets/combined_6class_confusion_cleaned/train/Glass/glass47.jpg,prepared_datasets/combined_6class_confusion_cleaned/train/Glass/glass47.jpg,prepared_datasets/combined_6class_confusion_cleaned/train/Glass/glass47.jpg,,,,,,,,
train_Glass_glass471,TrashNet,cleaned_image_classification,train,Glass,Glass,prepared_datasets/combined_6class_confusion_cleaned/train/Glass/glass471.jpg,prepared_datasets/combined_6class_confusion_cleaned/train/Glass/glass471.jpg,prepared_datasets/combined_6class_confusion_cleaned/train/Glass/glass471.jpg,,,,,,,,
train_Glass_glass472,TrashNet,cleaned_image_classification,train,Glass,Glass,prepared_datasets/combined_6class_confusion_cleaned/train/Glass/glass472.jpg,prepared_datasets/combined_6class_confusion_cleaned/train/Glass/glass472.jpg,prepared_datasets/combined_6class_confusion_cleaned/train/Glass/glass472.jpg,,,,,,,,
train_Glass_glass473,TrashNet,cleaned_image_classification,train,Glass,Glass,prepared_datasets/combined_6class_confusion_cleaned/train/Glass/glass473.jpg,prepared_datasets/combined_6class_confusion_cleaned/train/Glass/glass473.jpg,prepared_datasets/combined_6class_confusion_cleaned/train/Glass/glass473.jpg,,,,,,,,
train_Glass_glass474,TrashNet,cleaned_image_classification,train,Glass,Glass,prepared_datasets/combined_6class_confusion_cleaned/train/Glass/glass474.jpg,prepared_datasets/combined_6class_confusion_cleaned/train/Glass/glass474.jpg,prepared_datasets/combined_6class_confusion_cleaned/train/Glass/glass474.jpg,,,,,,,,
train_Glass_glass475,TrashNet,cleaned_image_classification,train,Glass,Glass,prepared_datasets/combined_6class_confusion_cleaned/train/Glass/glass475.jpg,prepared_datasets/combined_6class_confusion_cleaned/train/Glass/glass475.jpg,prepared_datasets/combined_6class_confusion_cleaned/train/Glass/glass475.jpg,,,,,,,,
train_Glass_glass476,TrashNet,cleaned_image_classification,train,Glass,Glass,prepared_datasets/combined_6class_confusion_cleaned/train/Glass/glass476.jpg,prepared_datasets/combined_6class_confusion_cleaned/train/Glass/glass476.jpg,prepared_datasets/combined_6class_confusion_cleaned/train/Glass/glass476.jpg,,,,,,,,
train_Glass_glass477,TrashNet,cleaned_image_classification,train,Glass,Glass,prepared_datasets/combined_6class_confusion_cleaned/train/Glass/glass477.jpg,prepared_datasets/combined_6class_confusion_cleaned/train/Glass/glass477.jpg,prepared_datasets/combined_6class_confusion_cleaned/train/Glass/glass477.jpg,,,,,,,,
train_Glass_glass478,TrashNet,cleaned_image_classification,train,Glass,Glass,prepared_datasets/combined_6class_confusion_cleaned/train/Glass/glass478.jpg,prepared_datasets/combined_6class_confusion_cleaned/train/Glass/glass478.jpg,prepared_datasets/combined_6class_confusion_cleaned/train/Glass/glass478.jpg,,,,,,,,
train_Glass_glass479,TrashNet,cleaned_image_classification,train,Glass,Glass,prepared_datasets/combined_6class_confusion_cleaned/train/Glass/glass479.jpg,prepared_datasets/combined_6class_confusion_cleaned/train/Glass/glass479.jpg,prepared_datasets/combined_6class_confusion_cleaned/train/Glass/glass479.jpg,,,,,,,,
train_Glass_glass48,TrashNet,cleaned_image_classification,train,Glass,Glass,prepared_datasets/combined_6class_confusion_cleaned/train/Glass/glass48.jpg,prepared_datasets/combined_6class_confusion_cleaned/train/Glass/glass48.jpg,prepared_datasets/combined_6class_confusion_cleaned/train/Glass/glass48.jpg,,,,,,,,
train_Glass_glass480,TrashNet,cleaned_image_classification,train,Glass,Glass,prepared_datasets/combined_6class_confusion_cleaned/train/Glass/glass480.jpg,prepared_datasets/combined_6class_confusion_cleaned/train/Glass/glass480.jpg,prepared_datasets/combined_6class_confusion_cleaned/train/Glass/glass480.jpg,,,,,,,,
train_Glass_glass482,TrashNet,cleaned_image_classification,train,Glass,Glass,prepared_datasets/combined_6class_confusion_cleaned/train/Glass/glass482.jpg,prepared_datasets/combined_6class_confusion_cleaned/train/Glass/glass482.jpg,prepared_datasets/combined_6class_confusion_cleaned/train/Glass/glass482.jpg,,,,,,,,
train_Glass_glass483,TrashNet,cleaned_image_classification,train,Glass,Glass,prepared_datasets/combined_6class_confusion_cleaned/train/Glass/glass483.jpg,prepared_datasets/combined_6class_confusion_cleaned/train/Glass/glass483.jpg,prepared_datasets/combined_6class_confusion_cleaned/train/Glass/glass483.jpg,,,,,,,,
train_Glass_glass484,TrashNet,cleaned_image_classification,train,Glass,Glass,prepared_datasets/combined_6class_confusion_cleaned/train/Glass/glass484.jpg,prepared_datasets/combined_6class_confusion_cleaned/train/Glass/glass484.jpg,prepared_datasets/combined_6class_confusion_cleaned/train/Glass/glass484.jpg,,,,,,,,
train_Glass_glass485,TrashNet,cleaned_image_classification,train,Glass,Glass,prepared_datasets/combined_6class_confusion_cleaned/train/Glass/glass485.jpg,prepared_datasets/combined_6class_confusion_cleaned/train/Glass/glass485.jpg,prepared_datasets/combined_6class_confusion_cleaned/train/Glass/glass485.jpg,,,,,,,,
train_Glass_glass486,TrashNet,cleaned_image_classification,train,Glass,Glass,prepared_datasets/combined_6class_confusion_cleaned/train/Glass/glass486.jpg,prepared_datasets/combined_6class_confusion_cleaned/train/Glass/glass486.jpg,prepared_datasets/combined_6class_confusion_cleaned/train/Glass/glass486.jpg,,,,,,,,
train_Glass_glass487,TrashNet,cleaned_image_classification,train,Glass,Glass,prepared_datasets/combined_6class_confusion_cleaned/train/Glass/glass487.jpg,prepared_datasets/combined_6class_confusion_cleaned/train/Glass/glass487.jpg,prepared_datasets/combined_6class_confusion_cleaned/train/Glass/glass487.jpg,,,,,,,,
train_Glass_glass489,TrashNet,cleaned_image_classification,train,Glass,Glass,prepared_datasets/combined_6class_confusion_cleaned/train/Glass/glass489.jpg,prepared_datasets/combined_6class_confusion_cleaned/train/Glass/glass489.jpg,prepared_datasets/combined_6class_confusion_cleaned/train/Glass/glass489.jpg,,,,,,,,
train_Glass_glass491,TrashNet,cleaned_image_classification,train,Glass,Glass,prepared_datasets/combined_6class_confusion_cleaned/train/Glass/glass491.jpg,prepared_datasets/combined_6class_confusion_cleaned/train/Glass/glass491.jpg,prepared_datasets/combined_6class_confusion_cleaned/train/Glass/glass491.jpg,,,,,,,,
train_Glass_glass492,TrashNet,cleaned_image_classification,train,Glass,Glass,prepared_datasets/combined_6class_confusion_cleaned/train/Glass/glass492.jpg,prepared_datasets/combined_6class_confusion_cleaned/train/Glass/glass492.jpg,prepared_datasets/combined_6class_confusion_cleaned/train/Glass/glass492.jpg,,,,,,,,
train_Glass_glass493,TrashNet,cleaned_image_classification,train,Glass,Glass,prepared_datasets/combined_6class_confusion_cleaned/train/Glass/glass493.jpg,prepared_datasets/combined_6class_confusion_cleaned/train/Glass/glass493.jpg,prepared_datasets/combined_6class_confusion_cleaned/train/Glass/glass493.jpg,,,,,,,,
train_Glass_glass495,TrashNet,cleaned_image_classification,train,Glass,Glass,prepared_datasets/combined_6class_confusion_cleaned/train/Glass/glass495.jpg,prepared_datasets/combined_6class_confusion_cleaned/train/Glass/glass495.jpg,prepared_datasets/combined_6class_confusion_cleaned/train/Glass/glass495.jpg,,,,,,,,
train_Glass_glass496,TrashNet,cleaned_image_classification,train,Glass,Glass,prepared_datasets/combined_6class_confusion_cleaned/train/Glass/glass496.jpg,prepared_datasets/combined_6class_confusion_cleaned/train/Glass/glass496.jpg,prepared_datasets/combined_6class_confusion_cleaned/train/Glass/glass496.jpg,,,,,,,,
train_Glass_glass497,TrashNet,cleaned_image_classification,train,Glass,Glass,prepared_datasets/combined_6class_confusion_cleaned/train/Glass/glass497.jpg,prepared_datasets/combined_6class_confusion_cleaned/train/Glass/glass497.jpg,prepared_datasets/combined_6class_confusion_cleaned/train/Glass/glass497.jpg,,,,,,,,
train_Glass_glass498,TrashNet,cleaned_image_classification,train,Glass,Glass,prepared_datasets/combined_6class_confusion_cleaned/train/Glass/glass498.jpg,prepared_datasets/combined_6class_confusion_cleaned/train/Glass/glass498.jpg,prepared_datasets/combined_6class_confusion_cleaned/train/Glass/glass498.jpg,,,,,,,,
train_Glass_glass499,TrashNet,cleaned_image_classification,train,Glass,Glass,prepared_datasets/combined_6class_confusion_cleaned/train/Glass/glass499.jpg,prepared_datasets/combined_6class_confusion_cleaned/train/Glass/glass499.jpg,prepared_datasets/combined_6class_confusion_cleaned/train/Glass/glass499.jpg,,,,,,,,
train_Glass_glass50,TrashNet,cleaned_image_classification,train,Glass,Glass,prepared_datasets/combined_6class_confusion_cleaned/train/Glass/glass50.jpg,prepared_datasets/combined_6class_confusion_cleaned/train/Glass/glass50.jpg,prepared_datasets/combined_6class_confusion_cleaned/train/Glass/glass50.jpg,,,,,,,,
train_Glass_glass500,TrashNet,cleaned_image_classification,train,Glass,Glass,prepared_datasets/combined_6class_confusion_cleaned/train/Glass/glass500.jpg,prepared_datasets/combined_6class_confusion_cleaned/train/Glass/glass500.jpg,prepared_datasets/combined_6class_confusion_cleaned/train/Glass/glass500.jpg,,,,,,,,
train_Glass_glass501,TrashNet,cleaned_image_classification,train,Glass,Glass,prepared_datasets/combined_6class_confusion_cleaned/train/Glass/glass501.jpg,prepared_datasets/combined_6class_confusion_cleaned/train/Glass/glass501.jpg,prepared_datasets/combined_6class_confusion_cleaned/train/Glass/glass501.jpg,,,,,,,,
train_Glass_glass54,TrashNet,cleaned_image_classification,train,Glass,Glass,prepared_datasets/combined_6class_confusion_cleaned/train/Glass/glass54.jpg,prepared_datasets/combined_6class_confusion_cleaned/train/Glass/glass54.jpg,prepared_datasets/combined_6class_confusion_cleaned/train/Glass/glass54.jpg,,,,,,,,
train_Glass_glass55,TrashNet,cleaned_image_classification,train,Glass,Glass,prepared_datasets/combined_6class_confusion_cleaned/train/Glass/glass55.jpg,prepared_datasets/combined_6class_confusion_cleaned/train/Glass/glass55.jpg,prepared_datasets/combined_6class_confusion_cleaned/train/Glass/glass55.jpg,,,,,,,,
train_Glass_glass56,TrashNet,cleaned_image_classification,train,Glass,Glass,prepared_datasets/combined_6class_confusion_cleaned/train/Glass/glass56.jpg,prepared_datasets/combined_6class_confusion_cleaned/train/Glass/glass56.jpg,prepared_datasets/combined_6class_confusion_cleaned/train/Glass/glass56.jpg,,,,,,,,
train_Glass_glass57,TrashNet,cleaned_image_classification,train,Glass,Glass,prepared_datasets/combined_6class_confusion_cleaned/train/Glass/glass57.jpg,prepared_datasets/combined_6class_confusion_cleaned/train/Glass/glass57.jpg,prepared_datasets/combined_6class_confusion_cleaned/train/Glass/glass57.jpg,,,,,,,,
train_Glass_glass58,TrashNet,cleaned_image_classification,train,Glass,Glass,prepared_datasets/combined_6class_confusion_cleaned/train/Glass/glass58.jpg,prepared_datasets/combined_6class_confusion_cleaned/train/Glass/glass58.jpg,prepared_datasets/combined_6class_confusion_cleaned/train/Glass/glass58.jpg,,,,,,,,
train_Glass_glass6,TrashNet,cleaned_image_classification,train,Glass,Glass,prepared_datasets/combined_6class_confusion_cleaned/train/Glass/glass6.jpg,prepared_datasets/combined_6class_confusion_cleaned/train/Glass/glass6.jpg,prepared_datasets/combined_6class_confusion_cleaned/train/Glass/glass6.jpg,,,,,,,,
train_Glass_glass60,TrashNet,cleaned_image_classification,train,Glass,Glass,prepared_datasets/combined_6class_confusion_cleaned/train/Glass/glass60.jpg,prepared_datasets/combined_6class_confusion_cleaned/train/Glass/glass60.jpg,prepared_datasets/combined_6class_confusion_cleaned/train/Glass/glass60.jpg,,,,,,,,
train_Glass_glass61,TrashNet,cleaned_image_classification,train,Glass,Glass,prepared_datasets/combined_6class_confusion_cleaned/train/Glass/glass61.jpg,prepared_datasets/combined_6class_confusion_cleaned/train/Glass/glass61.jpg,prepared_datasets/combined_6class_confusion_cleaned/train/Glass/glass61.jpg,,,,,,,,
train_Glass_glass64,TrashNet,cleaned_image_classification,train,Glass,Glass,prepared_datasets/combined_6class_confusion_cleaned/train/Glass/glass64.jpg,prepared_datasets/combined_6class_confusion_cleaned/train/Glass/glass64.jpg,prepared_datasets/combined_6class_confusion_cleaned/train/Glass/glass64.jpg,,,,,,,,
train_Glass_glass65,TrashNet,cleaned_image_classification,train,Glass,Glass,prepared_datasets/combined_6class_confusion_cleaned/train/Glass/glass65.jpg,prepared_datasets/combined_6class_confusion_cleaned/train/Glass/glass65.jpg,prepared_datasets/combined_6class_confusion_cleaned/train/Glass/glass65.jpg,,,,,,,,
train_Glass_glass66,TrashNet,cleaned_image_classification,train,Glass,Glass,prepared_datasets/combined_6class_confusion_cleaned/train/Glass/glass66.jpg,prepared_datasets/combined_6class_confusion_cleaned/train/Glass/glass66.jpg,prepared_datasets/combined_6class_confusion_cleaned/train/Glass/glass66.jpg,,,,,,,,
train_Glass_glass67,TrashNet,cleaned_image_classification,train,Glass,Glass,prepared_datasets/combined_6class_confusion_cleaned/train/Glass/glass67.jpg,prepared_datasets/combined_6class_confusion_cleaned/train/Glass/glass67.jpg,prepared_datasets/combined_6class_confusion_cleaned/train/Glass/glass67.jpg,,,,,,,,
train_Glass_glass68,TrashNet,cleaned_image_classification,train,Glass,Glass,prepared_datasets/combined_6class_confusion_cleaned/train/Glass/glass68.jpg,prepared_datasets/combined_6class_confusion_cleaned/train/Glass/glass68.jpg,prepared_datasets/combined_6class_confusion_cleaned/train/Glass/glass68.jpg,,,,,,,,
train_Glass_glass69,TrashNet,cleaned_image_classification,train,Glass,Glass,prepared_datasets/combined_6class_confusion_cleaned/train/Glass/glass69.jpg,prepared_datasets/combined_6class_confusion_cleaned/train/Glass/glass69.jpg,prepared_datasets/combined_6class_confusion_cleaned/train/Glass/glass69.jpg,,,,,,,,
train_Glass_glass7,TrashNet,cleaned_image_classification,train,Glass,Glass,prepared_datasets/combined_6class_confusion_cleaned/train/Glass/glass7.jpg,prepared_datasets/combined_6class_confusion_cleaned/train/Glass/glass7.jpg,prepared_datasets/combined_6class_confusion_cleaned/train/Glass/glass7.jpg,,,,,,,,
train_Glass_glass70,TrashNet,cleaned_image_classification,train,Glass,Glass,prepared_datasets/combined_6class_confusion_cleaned/train/Glass/glass70.jpg,prepared_datasets/combined_6class_confusion_cleaned/train/Glass/glass70.jpg,prepared_datasets/combined_6class_confusion_cleaned/train/Glass/glass70.jpg,,,,,,,,
train_Glass_glass71,TrashNet,cleaned_image_classification,train,Glass,Glass,prepared_datasets/combined_6class_confusion_cleaned/train/Glass/glass71.jpg,prepared_datasets/combined_6class_confusion_cleaned/train/Glass/glass71.jpg,prepared_datasets/combined_6class_confusion_cleaned/train/Glass/glass71.jpg,,,,,,,,
train_Glass_glass77,TrashNet,cleaned_image_classification,train,Glass,Glass,prepared_datasets/combined_6class_confusion_cleaned/train/Glass/glass77.jpg,prepared_datasets/combined_6class_confusion_cleaned/train/Glass/glass77.jpg,prepared_datasets/combined_6class_confusion_cleaned/train/Glass/glass77.jpg,,,,,,,,
train_Glass_glass78,TrashNet,cleaned_image_classification,train,Glass,Glass,prepared_datasets/combined_6class_confusion_cleaned/train/Glass/glass78.jpg,prepared_datasets/combined_6class_confusion_cleaned/train/Glass/glass78.jpg,prepared_datasets/combined_6class_confusion_cleaned/train/Glass/glass78.jpg,,,,,,,,
train_Glass_glass79,TrashNet,cleaned_image_classification,train,Glass,Glass,prepared_datasets/combined_6class_confusion_cleaned/train/Glass/glass79.jpg,prepared_datasets/combined_6class_confusion_cleaned/train/Glass/glass79.jpg,prepared_datasets/combined_6class_confusion_cleaned/train/Glass/glass79.jpg,,,,,,,,
train_Glass_glass8,TrashNet,cleaned_image_classification,train,Glass,Glass,prepared_datasets/combined_6class_confusion_cleaned/train/Glass/glass8.jpg,prepared_datasets/combined_6class_confusion_cleaned/train/Glass/glass8.jpg,prepared_datasets/combined_6class_confusion_cleaned/train/Glass/glass8.jpg,,,,,,,,
train_Glass_glass81,TrashNet,cleaned_image_classification,train,Glass,Glass,prepared_datasets/combined_6class_confusion_cleaned/train/Glass/glass81.jpg,prepared_datasets/combined_6class_confusion_cleaned/train/Glass/glass81.jpg,prepared_datasets/combined_6class_confusion_cleaned/train/Glass/glass81.jpg,,,,,,,,
train_Glass_glass82,TrashNet,cleaned_image_classification,train,Glass,Glass,prepared_datasets/combined_6class_confusion_cleaned/train/Glass/glass82.jpg,prepared_datasets/combined_6class_confusion_cleaned/train/Glass/glass82.jpg,prepared_datasets/combined_6class_confusion_cleaned/train/Glass/glass82.jpg,,,,,,,,
train_Glass_glass83,TrashNet,cleaned_image_classification,train,Glass,Glass,prepared_datasets/combined_6class_confusion_cleaned/train/Glass/glass83.jpg,prepared_datasets/combined_6class_confusion_cleaned/train/Glass/glass83.jpg,prepared_datasets/combined_6class_confusion_cleaned/train/Glass/glass83.jpg,,,,,,,,
train_Glass_glass84,TrashNet,cleaned_image_classification,train,Glass,Glass,prepared_datasets/combined_6class_confusion_cleaned/train/Glass/glass84.jpg,prepared_datasets/combined_6class_confusion_cleaned/train/Glass/glass84.jpg,prepared_datasets/combined_6class_confusion_cleaned/train/Glass/glass84.jpg,,,,,,,,
train_Glass_glass85,TrashNet,cleaned_image_classification,train,Glass,Glass,prepared_datasets/combined_6class_confusion_cleaned/train/Glass/glass85.jpg,prepared_datasets/combined_6class_confusion_cleaned/train/Glass/glass85.jpg,prepared_datasets/combined_6class_confusion_cleaned/train/Glass/glass85.jpg,,,,,,,,
train_Glass_glass86,TrashNet,cleaned_image_classification,train,Glass,Glass,prepared_datasets/combined_6class_confusion_cleaned/train/Glass/glass86.jpg,prepared_datasets/combined_6class_confusion_cleaned/train/Glass/glass86.jpg,prepared_datasets/combined_6class_confusion_cleaned/train/Glass/glass86.jpg,,,,,,,,
train_Glass_glass88,TrashNet,cleaned_image_classification,train,Glass,Glass,prepared_datasets/combined_6class_confusion_cleaned/train/Glass/glass88.jpg,prepared_datasets/combined_6class_confusion_cleaned/train/Glass/glass88.jpg,prepared_datasets/combined_6class_confusion_cleaned/train/Glass/glass88.jpg,,,,,,,,
train_Glass_glass89,TrashNet,cleaned_image_classification,train,Glass,Glass,prepared_datasets/combined_6class_confusion_cleaned/train/Glass/glass89.jpg,prepared_datasets/combined_6class_confusion_cleaned/train/Glass/glass89.jpg,prepared_datasets/combined_6class_confusion_cleaned/train/Glass/glass89.jpg,,,,,,,,
train_Glass_glass90,TrashNet,cleaned_image_classification,train,Glass,Glass,prepared_datasets/combined_6class_confusion_cleaned/train/Glass/glass90.jpg,prepared_datasets/combined_6class_confusion_cleaned/train/Glass/glass90.jpg,prepared_datasets/combined_6class_confusion_cleaned/train/Glass/glass90.jpg,,,,,,,,
train_Glass_glass91,TrashNet,cleaned_image_classification,train,Glass,Glass,prepared_datasets/combined_6class_confusion_cleaned/train/Glass/glass91.jpg,prepared_datasets/combined_6class_confusion_cleaned/train/Glass/glass91.jpg,prepared_datasets/combined_6class_confusion_cleaned/train/Glass/glass91.jpg,,,,,,,,
train_Glass_glass92,TrashNet,cleaned_image_classification,train,Glass,Glass,prepared_datasets/combined_6class_confusion_cleaned/train/Glass/glass92.jpg,prepared_datasets/combined_6class_confusion_cleaned/train/Glass/glass92.jpg,prepared_datasets/combined_6class_confusion_cleaned/train/Glass/glass92.jpg,,,,,,,,
train_Glass_glass95,TrashNet,cleaned_image_classification,train,Glass,Glass,prepared_datasets/combined_6class_confusion_cleaned/train/Glass/glass95.jpg,prepared_datasets/combined_6class_confusion_cleaned/train/Glass/glass95.jpg,prepared_datasets/combined_6class_confusion_cleaned/train/Glass/glass95.jpg,,,,,,,,
train_Glass_glass96,TrashNet,cleaned_image_classification,train,Glass,Glass,prepared_datasets/combined_6class_confusion_cleaned/train/Glass/glass96.jpg,prepared_datasets/combined_6class_confusion_cleaned/train/Glass/glass96.jpg,prepared_datasets/combined_6class_confusion_cleaned/train/Glass/glass96.jpg,,,,,,,,
train_Glass_glass97,TrashNet,cleaned_image_classification,train,Glass,Glass,prepared_datasets/combined_6class_confusion_cleaned/train/Glass/glass97.jpg,prepared_datasets/combined_6class_confusion_cleaned/train/Glass/glass97.jpg,prepared_datasets/combined_6class_confusion_cleaned/train/Glass/glass97.jpg,,,,,,,,
train_Glass_glass98,TrashNet,cleaned_image_classification,train,Glass,Glass,prepared_datasets/combined_6class_confusion_cleaned/train/Glass/glass98.jpg,prepared_datasets/combined_6class_confusion_cleaned/train/Glass/glass98.jpg,prepared_datasets/combined_6class_confusion_cleaned/train/Glass/glass98.jpg,,,,,,,,
train_Glass_glass99,TrashNet,cleaned_image_classification,train,Glass,Glass,prepared_datasets/combined_6class_confusion_cleaned/train/Glass/glass99.jpg,prepared_datasets/combined_6class_confusion_cleaned/train/Glass/glass99.jpg,prepared_datasets/combined_6class_confusion_cleaned/train/Glass/glass99.jpg,,,,,,,,
train_Glass_IMG_5042_ann2513,TACO,cleaned_image_classification,train,Glass,Glass,prepared_datasets/combined_6class_confusion_cleaned/train/Glass/IMG_5042_ann2513.jpg,prepared_datasets/combined_6class_confusion_cleaned/train/Glass/IMG_5042_ann2513.jpg,prepared_datasets/combined_6class_confusion_cleaned/train/Glass/IMG_5042_ann2513.jpg,,,,,,,,
train_Metal_000002_ann3034,TACO,cleaned_image_classification,train,Metal,Metal,prepared_datasets/combined_6class_confusion_cleaned/train/Metal/000002_ann3034.jpg,prepared_datasets/combined_6class_confusion_cleaned/train/Metal/000002_ann3034.jpg,prepared_datasets/combined_6class_confusion_cleaned/train/Metal/000002_ann3034.jpg,,,,,,,,
train_Metal_000004_ann3037,TACO,cleaned_image_classification,train,Metal,Metal,prepared_datasets/combined_6class_confusion_cleaned/train/Metal/000004_ann3037.jpg,prepared_datasets/combined_6class_confusion_cleaned/train/Metal/000004_ann3037.jpg,prepared_datasets/combined_6class_confusion_cleaned/train/Metal/000004_ann3037.jpg,,,,,,,,
train_Metal_000005_ann3042,TACO,cleaned_image_classification,train,Metal,Metal,prepared_datasets/combined_6class_confusion_cleaned/train/Metal/000005_ann3042.jpg,prepared_datasets/combined_6class_confusion_cleaned/train/Metal/000005_ann3042.jpg,prepared_datasets/combined_6class_confusion_cleaned/train/Metal/000005_ann3042.jpg,,,,,,,,
train_Metal_000007_ann2213,TACO,cleaned_image_classification,train,Metal,Metal,prepared_datasets/combined_6class_confusion_cleaned/train/Metal/000007_ann2213.jpg,prepared_datasets/combined_6class_confusion_cleaned/train/Metal/000007_ann2213.jpg,prepared_datasets/combined_6class_confusion_cleaned/train/Metal/000007_ann2213.jpg,,,,,,,,
train_Metal_000007_ann3047,TACO,cleaned_image_classification,train,Metal,Metal,prepared_datasets/combined_6class_confusion_cleaned/train/Metal/000007_ann3047.jpg,prepared_datasets/combined_6class_confusion_cleaned/train/Metal/000007_ann3047.jpg,prepared_datasets/combined_6class_confusion_cleaned/train/Metal/000007_ann3047.jpg,,,,,,,,
train_Metal_000008_ann937,TACO,cleaned_image_classification,train,Metal,Metal,prepared_datasets/combined_6class_confusion_cleaned/train/Metal/000008_ann937.jpg,prepared_datasets/combined_6class_confusion_cleaned/train/Metal/000008_ann937.jpg,prepared_datasets/combined_6class_confusion_cleaned/train/Metal/000008_ann937.jpg,,,,,,,,
train_Metal_000011_ann53,TACO,cleaned_image_classification,train,Metal,Metal,prepared_datasets/combined_6class_confusion_cleaned/train/Metal/000011_ann53.jpg,prepared_datasets/combined_6class_confusion_cleaned/train/Metal/000011_ann53.jpg,prepared_datasets/combined_6class_confusion_cleaned/train/Metal/000011_ann53.jpg,,,,,,,,
train_Metal_000012_ann3061,TACO,cleaned_image_classification,train,Metal,Metal,prepared_datasets/combined_6class_confusion_cleaned/train/Metal/000012_ann3061.jpg,prepared_datasets/combined_6class_confusion_cleaned/train/Metal/000012_ann3061.jpg,prepared_datasets/combined_6class_confusion_cleaned/train/Metal/000012_ann3061.jpg,,,,,,,,
train_Metal_000013_ann1924,TACO,cleaned_image_classification,train,Metal,Metal,prepared_datasets/combined_6class_confusion_cleaned/train/Metal/000013_ann1924.jpg,prepared_datasets/combined_6class_confusion_cleaned/train/Metal/000013_ann1924.jpg,prepared_datasets/combined_6class_confusion_cleaned/train/Metal/000013_ann1924.jpg,,,,,,,,
train_Metal_000014_ann28,TACO,cleaned_image_classification,train,Metal,Metal,prepared_datasets/combined_6class_confusion_cleaned/train/Metal/000014_ann28.jpg,prepared_datasets/combined_6class_confusion_cleaned/train/Metal/000014_ann28.jpg,prepared_datasets/combined_6class_confusion_cleaned/train/Metal/000014_ann28.jpg,,,,,,,,
train_Metal_000019_ann9,TACO,cleaned_image_classification,train,Metal,Metal,prepared_datasets/combined_6class_confusion_cleaned/train/Metal/000019_ann9.jpg,prepared_datasets/combined_6class_confusion_cleaned/train/Metal/000019_ann9.jpg,prepared_datasets/combined_6class_confusion_cleaned/train/Metal/000019_ann9.jpg,,,,,,,,
train_Metal_000021_ann1730,TACO,cleaned_image_classification,train,Metal,Metal,prepared_datasets/combined_6class_confusion_cleaned/train/Metal/000021_ann1730.jpg,prepared_datasets/combined_6class_confusion_cleaned/train/Metal/000021_ann1730.jpg,prepared_datasets/combined_6class_confusion_cleaned/train/Metal/000021_ann1730.jpg,,,,,,,,
train_Metal_000023_ann75,TACO,cleaned_image_classification,train,Metal,Metal,prepared_datasets/combined_6class_confusion_cleaned/train/Metal/000023_ann75.jpg,prepared_datasets/combined_6class_confusion_cleaned/train/Metal/000023_ann75.jpg,prepared_datasets/combined_6class_confusion_cleaned/train/Metal/000023_ann75.jpg,,,,,,,,
train_Metal_000023_ann76,TACO,cleaned_image_classification,train,Metal,Metal,prepared_datasets/combined_6class_confusion_cleaned/train/Metal/000023_ann76.jpg,prepared_datasets/combined_6class_confusion_cleaned/train/Metal/000023_ann76.jpg,prepared_datasets/combined_6class_confusion_cleaned/train/Metal/000023_ann76.jpg,,,,,,,,
train_Metal_000025_ann103,TACO,cleaned_image_classification,train,Metal,Metal,prepared_datasets/combined_6class_confusion_cleaned/train/Metal/000025_ann103.jpg,prepared_datasets/combined_6class_confusion_cleaned/train/Metal/000025_ann103.jpg,prepared_datasets/combined_6class_confusion_cleaned/train/Metal/000025_ann103.jpg,,,,,,,,
train_Metal_000026_ann1543,TACO,cleaned_image_classification,train,Metal,Metal,prepared_datasets/combined_6class_confusion_cleaned/train/Metal/000026_ann1543.jpg,prepared_datasets/combined_6class_confusion_cleaned/train/Metal/000026_ann1543.jpg,prepared_datasets/combined_6class_confusion_cleaned/train/Metal/000026_ann1543.jpg,,,,,,,,
train_Metal_000027_ann2257,TACO,cleaned_image_classification,train,Metal,Metal,prepared_datasets/combined_6class_confusion_cleaned/train/Metal/000027_ann2257.jpg,prepared_datasets/combined_6class_confusion_cleaned/train/Metal/000027_ann2257.jpg,prepared_datasets/combined_6class_confusion_cleaned/train/Metal/000027_ann2257.jpg,,,,,,,,
train_Metal_000029_ann106,TACO,cleaned_image_classification,train,Metal,Metal,prepared_datasets/combined_6class_confusion_cleaned/train/Metal/000029_ann106.jpg,prepared_datasets/combined_6class_confusion_cleaned/train/Metal/000029_ann106.jpg,prepared_datasets/combined_6class_confusion_cleaned/train/Metal/000029_ann106.jpg,,,,,,,,
train_Metal_000029_ann2260,TACO,cleaned_image_classification,train,Metal,Metal,prepared_datasets/combined_6class_confusion_cleaned/train/Metal/000029_ann2260.jpg,prepared_datasets/combined_6class_confusion_cleaned/train/Metal/000029_ann2260.jpg,prepared_datasets/combined_6class_confusion_cleaned/train/Metal/000029_ann2260.jpg,,,,,,,,
train_Metal_000030_ann85,TACO,cleaned_image_classification,train,Metal,Metal,prepared_datasets/combined_6class_confusion_cleaned/train/Metal/000030_ann85.jpg,prepared_datasets/combined_6class_confusion_cleaned/train/Metal/000030_ann85.jpg,prepared_datasets/combined_6class_confusion_cleaned/train/Metal/000030_ann85.jpg,,,,,,,,
train_Metal_000031_ann86,TACO,cleaned_image_classification,train,Metal,Metal,prepared_datasets/combined_6class_confusion_cleaned/train/Metal/000031_ann86.jpg,prepared_datasets/combined_6class_confusion_cleaned/train/Metal/000031_ann86.jpg,prepared_datasets/combined_6class_confusion_cleaned/train/Metal/000031_ann86.jpg,,,,,,,,
train_Metal_000032_ann54,TACO,cleaned_image_classification,train,Metal,Metal,prepared_datasets/combined_6class_confusion_cleaned/train/Metal/000032_ann54.jpg,prepared_datasets/combined_6class_confusion_cleaned/train/Metal/000032_ann54.jpg,prepared_datasets/combined_6class_confusion_cleaned/train/Metal/000032_ann54.jpg,,,,,,,,
train_Metal_000036_ann1755,TACO,cleaned_image_classification,train,Metal,Metal,prepared_datasets/combined_6class_confusion_cleaned/train/Metal/000036_ann1755.jpg,prepared_datasets/combined_6class_confusion_cleaned/train/Metal/000036_ann1755.jpg,prepared_datasets/combined_6class_confusion_cleaned/train/Metal/000036_ann1755.jpg,,,,,,,,
train_Metal_000037_ann110,TACO,cleaned_image_classification,train,Metal,Metal,prepared_datasets/combined_6class_confusion_cleaned/train/Metal/000037_ann110.jpg,prepared_datasets/combined_6class_confusion_cleaned/train/Metal/000037_ann110.jpg,prepared_datasets/combined_6class_confusion_cleaned/train/Metal/000037_ann110.jpg,,,,,,,,
train_Metal_000037_ann111,TACO,cleaned_image_classification,train,Metal,Metal,prepared_datasets/combined_6class_confusion_cleaned/train/Metal/000037_ann111.jpg,prepared_datasets/combined_6class_confusion_cleaned/train/Metal/000037_ann111.jpg,prepared_datasets/combined_6class_confusion_cleaned/train/Metal/000037_ann111.jpg,,,,,,,,
train_Metal_000037_ann112,TACO,cleaned_image_classification,train,Metal,Metal,prepared_datasets/combined_6class_confusion_cleaned/train/Metal/000037_ann112.jpg,prepared_datasets/combined_6class_confusion_cleaned/train/Metal/000037_ann112.jpg,prepared_datasets/combined_6class_confusion_cleaned/train/Metal/000037_ann112.jpg,,,,,,,,
train_Metal_000037_ann1564,TACO,cleaned_image_classification,train,Metal,Metal,prepared_datasets/combined_6class_confusion_cleaned/train/Metal/000037_ann1564.jpg,prepared_datasets/combined_6class_confusion_cleaned/train/Metal/000037_ann1564.jpg,prepared_datasets/combined_6class_confusion_cleaned/train/Metal/000037_ann1564.jpg,,,,,,,,
train_Metal_000038_ann123,TACO,cleaned_image_classification,train,Metal,Metal,prepared_datasets/combined_6class_confusion_cleaned/train/Metal/000038_ann123.jpg,prepared_datasets/combined_6class_confusion_cleaned/train/Metal/000038_ann123.jpg,prepared_datasets/combined_6class_confusion_cleaned/train/Metal/000038_ann123.jpg,,,,,,,,
train_Metal_000039_ann2278,TACO,cleaned_image_classification,train,Metal,Metal,prepared_datasets/combined_6class_confusion_cleaned/train/Metal/000039_ann2278.jpg,prepared_datasets/combined_6class_confusion_cleaned/train/Metal/000039_ann2278.jpg,prepared_datasets/combined_6class_confusion_cleaned/train/Metal/000039_ann2278.jpg,,,,,,,,
train_Metal_000040_ann56,TACO,cleaned_image_classification,train,Metal,Metal,prepared_datasets/combined_6class_confusion_cleaned/train/Metal/000040_ann56.jpg,prepared_datasets/combined_6class_confusion_cleaned/train/Metal/000040_ann56.jpg,prepared_datasets/combined_6class_confusion_cleaned/train/Metal/000040_ann56.jpg,,,,,,,,
train_Metal_000040_ann57,TACO,cleaned_image_classification,train,Metal,Metal,prepared_datasets/combined_6class_confusion_cleaned/train/Metal/000040_ann57.jpg,prepared_datasets/combined_6class_confusion_cleaned/train/Metal/000040_ann57.jpg,prepared_datasets/combined_6class_confusion_cleaned/train/Metal/000040_ann57.jpg,,,,,,,,
train_Metal_000041_ann784,TACO,cleaned_image_classification,train,Metal,Metal,prepared_datasets/combined_6class_confusion_cleaned/train/Metal/000041_ann784.jpg,prepared_datasets/combined_6class_confusion_cleaned/train/Metal/000041_ann784.jpg,prepared_datasets/combined_6class_confusion_cleaned/train/Metal/000041_ann784.jpg,,,,,,,,
train_Metal_000042_ann87,TACO,cleaned_image_classification,train,Metal,Metal,prepared_datasets/combined_6class_confusion_cleaned/train/Metal/000042_ann87.jpg,prepared_datasets/combined_6class_confusion_cleaned/train/Metal/000042_ann87.jpg,prepared_datasets/combined_6class_confusion_cleaned/train/Metal/000042_ann87.jpg,,,,,,,,
train_Metal_000042_ann88,TACO,cleaned_image_classification,train,Metal,Metal,prepared_datasets/combined_6class_confusion_cleaned/train/Metal/000042_ann88.jpg,prepared_datasets/combined_6class_confusion_cleaned/train/Metal/000042_ann88.jpg,prepared_datasets/combined_6class_confusion_cleaned/train/Metal/000042_ann88.jpg,,,,,,,,
train_Metal_000043_ann60,TACO,cleaned_image_classification,train,Metal,Metal,prepared_datasets/combined_6class_confusion_cleaned/train/Metal/000043_ann60.jpg,prepared_datasets/combined_6class_confusion_cleaned/train/Metal/000043_ann60.jpg,prepared_datasets/combined_6class_confusion_cleaned/train/Metal/000043_ann60.jpg,,,,,,,,
train_Metal_000045_ann116,TACO,cleaned_image_classification,train,Metal,Metal,prepared_datasets/combined_6class_confusion_cleaned/train/Metal/000045_ann116.jpg,prepared_datasets/combined_6class_confusion_cleaned/train/Metal/000045_ann116.jpg,prepared_datasets/combined_6class_confusion_cleaned/train/Metal/000045_ann116.jpg,,,,,,,,
train_Metal_000045_ann118,TACO,cleaned_image_classification,train,Metal,Metal,prepared_datasets/combined_6class_confusion_cleaned/train/Metal/000045_ann118.jpg,prepared_datasets/combined_6class_confusion_cleaned/train/Metal/000045_ann118.jpg,prepared_datasets/combined_6class_confusion_cleaned/train/Metal/000045_ann118.jpg,,,,,,,,
train_Metal_000045_ann119,TACO,cleaned_image_classification,train,Metal,Metal,prepared_datasets/combined_6class_confusion_cleaned/train/Metal/000045_ann119.jpg,prepared_datasets/combined_6class_confusion_cleaned/train/Metal/000045_ann119.jpg,prepared_datasets/combined_6class_confusion_cleaned/train/Metal/000045_ann119.jpg,,,,,,,,
train_Metal_000045_ann1577,TACO,cleaned_image_classification,train,Metal,Metal,prepared_datasets/combined_6class_confusion_cleaned/train/Metal/000045_ann1577.jpg,prepared_datasets/combined_6class_confusion_cleaned/train/Metal/000045_ann1577.jpg,prepared_datasets/combined_6class_confusion_cleaned/train/Metal/000045_ann1577.jpg,,,,,,,,
train_Metal_000047_ann12,TACO,cleaned_image_classification,train,Metal,Metal,prepared_datasets/combined_6class_confusion_cleaned/train/Metal/000047_ann12.jpg,prepared_datasets/combined_6class_confusion_cleaned/train/Metal/000047_ann12.jpg,prepared_datasets/combined_6class_confusion_cleaned/train/Metal/000047_ann12.jpg,,,,,,,,
train_Metal_000047_ann1773,TACO,cleaned_image_classification,train,Metal,Metal,prepared_datasets/combined_6class_confusion_cleaned/train/Metal/000047_ann1773.jpg,prepared_datasets/combined_6class_confusion_cleaned/train/Metal/000047_ann1773.jpg,prepared_datasets/combined_6class_confusion_cleaned/train/Metal/000047_ann1773.jpg,,,,,,,,
train_Metal_000049_ann62,TACO,cleaned_image_classification,train,Metal,Metal,prepared_datasets/combined_6class_confusion_cleaned/train/Metal/000049_ann62.jpg,prepared_datasets/combined_6class_confusion_cleaned/train/Metal/000049_ann62.jpg,prepared_datasets/combined_6class_confusion_cleaned/train/Metal/000049_ann62.jpg,,,,,,,,
train_Metal_000050_ann91,TACO,cleaned_image_classification,train,Metal,Metal,prepared_datasets/combined_6class_confusion_cleaned/train/Metal/000050_ann91.jpg,prepared_datasets/combined_6class_confusion_cleaned/train/Metal/000050_ann91.jpg,prepared_datasets/combined_6class_confusion_cleaned/train/Metal/000050_ann91.jpg,,,,,,,,
train_Metal_000054_ann1598,TACO,cleaned_image_classification,train,Metal,Metal,prepared_datasets/combined_6class_confusion_cleaned/train/Metal/000054_ann1598.jpg,prepared_datasets/combined_6class_confusion_cleaned/train/Metal/000054_ann1598.jpg,prepared_datasets/combined_6class_confusion_cleaned/train/Metal/000054_ann1598.jpg,,,,,,,,
train_Metal_000054_ann1601,TACO,cleaned_image_classification,train,Metal,Metal,prepared_datasets/combined_6class_confusion_cleaned/train/Metal/000054_ann1601.jpg,prepared_datasets/combined_6class_confusion_cleaned/train/Metal/000054_ann1601.jpg,prepared_datasets/combined_6class_confusion_cleaned/train/Metal/000054_ann1601.jpg,,,,,,,,
train_Metal_000054_ann1602,TACO,cleaned_image_classification,train,Metal,Metal,prepared_datasets/combined_6class_confusion_cleaned/train/Metal/000054_ann1602.jpg,prepared_datasets/combined_6class_confusion_cleaned/train/Metal/000054_ann1602.jpg,prepared_datasets/combined_6class_confusion_cleaned/train/Metal/000054_ann1602.jpg,,,,,,,,
train_Metal_000054_ann1603,TACO,cleaned_image_classification,train,Metal,Metal,prepared_datasets/combined_6class_confusion_cleaned/train/Metal/000054_ann1603.jpg,prepared_datasets/combined_6class_confusion_cleaned/train/Metal/000054_ann1603.jpg,prepared_datasets/combined_6class_confusion_cleaned/train/Metal/000054_ann1603.jpg,,,,,,,,
train_Metal_000054_ann1605,TACO,cleaned_image_classification,train,Metal,Metal,prepared_datasets/combined_6class_confusion_cleaned/train/Metal/000054_ann1605.jpg,prepared_datasets/combined_6class_confusion_cleaned/train/Metal/000054_ann1605.jpg,prepared_datasets/combined_6class_confusion_cleaned/train/Metal/000054_ann1605.jpg,,,,,,,,
train_Metal_000054_ann1606,TACO,cleaned_image_classification,train,Metal,Metal,prepared_datasets/combined_6class_confusion_cleaned/train/Metal/000054_ann1606.jpg,prepared_datasets/combined_6class_confusion_cleaned/train/Metal/000054_ann1606.jpg,prepared_datasets/combined_6class_confusion_cleaned/train/Metal/000054_ann1606.jpg,,,,,,,,
train_Metal_000054_ann1609,TACO,cleaned_image_classification,train,Metal,Metal,prepared_datasets/combined_6class_confusion_cleaned/train/Metal/000054_ann1609.jpg,prepared_datasets/combined_6class_confusion_cleaned/train/Metal/000054_ann1609.jpg,prepared_datasets/combined_6class_confusion_cleaned/train/Metal/000054_ann1609.jpg,,,,,,,,
train_Metal_000054_ann1610,TACO,cleaned_image_classification,train,Metal,Metal,prepared_datasets/combined_6class_confusion_cleaned/train/Metal/000054_ann1610.jpg,prepared_datasets/combined_6class_confusion_cleaned/train/Metal/000054_ann1610.jpg,prepared_datasets/combined_6class_confusion_cleaned/train/Metal/000054_ann1610.jpg,,,,,,,,
train_Metal_000054_ann1611,TACO,cleaned_image_classification,train,Metal,Metal,prepared_datasets/combined_6class_confusion_cleaned/train/Metal/000054_ann1611.jpg,prepared_datasets/combined_6class_confusion_cleaned/train/Metal/000054_ann1611.jpg,prepared_datasets/combined_6class_confusion_cleaned/train/Metal/000054_ann1611.jpg,,,,,,,,
train_Metal_000054_ann64,TACO,cleaned_image_classification,train,Metal,Metal,prepared_datasets/combined_6class_confusion_cleaned/train/Metal/000054_ann64.jpg,prepared_datasets/combined_6class_confusion_cleaned/train/Metal/000054_ann64.jpg,prepared_datasets/combined_6class_confusion_cleaned/train/Metal/000054_ann64.jpg,,,,,,,,
train_Metal_000055_ann17,TACO,cleaned_image_classification,train,Metal,Metal,prepared_datasets/combined_6class_confusion_cleaned/train/Metal/000055_ann17.jpg,prepared_datasets/combined_6class_confusion_cleaned/train/Metal/000055_ann17.jpg,prepared_datasets/combined_6class_confusion_cleaned/train/Metal/000055_ann17.jpg,,,,,,,,
train_Metal_000059_ann1634,TACO,cleaned_image_classification,train,Metal,Metal,prepared_datasets/combined_6class_confusion_cleaned/train/Metal/000059_ann1634.jpg,prepared_datasets/combined_6class_confusion_cleaned/train/Metal/000059_ann1634.jpg,prepared_datasets/combined_6class_confusion_cleaned/train/Metal/000059_ann1634.jpg,,,,,,,,
train_Metal_000062_ann176,TACO,cleaned_image_classification,train,Metal,Metal,prepared_datasets/combined_6class_confusion_cleaned/train/Metal/000062_ann176.jpg,prepared_datasets/combined_6class_confusion_cleaned/train/Metal/000062_ann176.jpg,prepared_datasets/combined_6class_confusion_cleaned/train/Metal/000062_ann176.jpg,,,,,,,,
train_Metal_000062_ann177,TACO,cleaned_image_classification,train,Metal,Metal,prepared_datasets/combined_6class_confusion_cleaned/train/Metal/000062_ann177.jpg,prepared_datasets/combined_6class_confusion_cleaned/train/Metal/000062_ann177.jpg,prepared_datasets/combined_6class_confusion_cleaned/train/Metal/000062_ann177.jpg,,,,,,,,
train_Metal_000069_ann134,TACO,cleaned_image_classification,train,Metal,Metal,prepared_datasets/combined_6class_confusion_cleaned/train/Metal/000069_ann134.jpg,prepared_datasets/combined_6class_confusion_cleaned/train/Metal/000069_ann134.jpg,prepared_datasets/combined_6class_confusion_cleaned/train/Metal/000069_ann134.jpg,,,,,,,,
train_Metal_000070_ann135,TACO,cleaned_image_classification,train,Metal,Metal,prepared_datasets/combined_6class_confusion_cleaned/train/Metal/000070_ann135.jpg,prepared_datasets/combined_6class_confusion_cleaned/train/Metal/000070_ann135.jpg,prepared_datasets/combined_6class_confusion_cleaned/train/Metal/000070_ann135.jpg,,,,,,,,
train_Metal_000073_ann139,TACO,cleaned_image_classification,train,Metal,Metal,prepared_datasets/combined_6class_confusion_cleaned/train/Metal/000073_ann139.jpg,prepared_datasets/combined_6class_confusion_cleaned/train/Metal/000073_ann139.jpg,prepared_datasets/combined_6class_confusion_cleaned/train/Metal/000073_ann139.jpg,,,,,,,,
train_Metal_000075_ann2341,TACO,cleaned_image_classification,train,Metal,Metal,prepared_datasets/combined_6class_confusion_cleaned/train/Metal/000075_ann2341.jpg,prepared_datasets/combined_6class_confusion_cleaned/train/Metal/000075_ann2341.jpg,prepared_datasets/combined_6class_confusion_cleaned/train/Metal/000075_ann2341.jpg,,,,,,,,
train_Metal_000076_ann2173,TACO,cleaned_image_classification,train,Metal,Metal,prepared_datasets/combined_6class_confusion_cleaned/train/Metal/000076_ann2173.jpg,prepared_datasets/combined_6class_confusion_cleaned/train/Metal/000076_ann2173.jpg,prepared_datasets/combined_6class_confusion_cleaned/train/Metal/000076_ann2173.jpg,,,,,,,,
train_Metal_000077_ann1328,TACO,cleaned_image_classification,train,Metal,Metal,prepared_datasets/combined_6class_confusion_cleaned/train/Metal/000077_ann1328.jpg,prepared_datasets/combined_6class_confusion_cleaned/train/Metal/000077_ann1328.jpg,prepared_datasets/combined_6class_confusion_cleaned/train/Metal/000077_ann1328.jpg,,,,,,,,
train_Metal_000078_ann2181,TACO,cleaned_image_classification,train,Metal,Metal,prepared_datasets/combined_6class_confusion_cleaned/train/Metal/000078_ann2181.jpg,prepared_datasets/combined_6class_confusion_cleaned/train/Metal/000078_ann2181.jpg,prepared_datasets/combined_6class_confusion_cleaned/train/Metal/000078_ann2181.jpg,,,,,,,,
train_Metal_000079_ann1818,TACO,cleaned_image_classification,train,Metal,Metal,prepared_datasets/combined_6class_confusion_cleaned/train/Metal/000079_ann1818.jpg,prepared_datasets/combined_6class_confusion_cleaned/train/Metal/000079_ann1818.jpg,prepared_datasets/combined_6class_confusion_cleaned/train/Metal/000079_ann1818.jpg,,,,,,,,
train_Metal_000081_ann1824,TACO,cleaned_image_classification,train,Metal,Metal,prepared_datasets/combined_6class_confusion_cleaned/train/Metal/000081_ann1824.jpg,prepared_datasets/combined_6class_confusion_cleaned/train/Metal/000081_ann1824.jpg,prepared_datasets/combined_6class_confusion_cleaned/train/Metal/000081_ann1824.jpg,,,,,,,,
train_Metal_000086_ann2361,TACO,cleaned_image_classification,train,Metal,Metal,prepared_datasets/combined_6class_confusion_cleaned/train/Metal/000086_ann2361.jpg,prepared_datasets/combined_6class_confusion_cleaned/train/Metal/000086_ann2361.jpg,prepared_datasets/combined_6class_confusion_cleaned/train/Metal/000086_ann2361.jpg,,,,,,,,
train_Metal_000088_ann1681,TACO,cleaned_image_classification,train,Metal,Metal,prepared_datasets/combined_6class_confusion_cleaned/train/Metal/000088_ann1681.jpg,prepared_datasets/combined_6class_confusion_cleaned/train/Metal/000088_ann1681.jpg,prepared_datasets/combined_6class_confusion_cleaned/train/Metal/000088_ann1681.jpg,,,,,,,,
train_Metal_000090_ann162,TACO,cleaned_image_classification,train,Metal,Metal,prepared_datasets/combined_6class_confusion_cleaned/train/Metal/000090_ann162.jpg,prepared_datasets/combined_6class_confusion_cleaned/train/Metal/000090_ann162.jpg,prepared_datasets/combined_6class_confusion_cleaned/train/Metal/000090_ann162.jpg,,,,,,,,
train_Metal_000094_ann1690,TACO,cleaned_image_classification,train,Metal,Metal,prepared_datasets/combined_6class_confusion_cleaned/train/Metal/000094_ann1690.jpg,prepared_datasets/combined_6class_confusion_cleaned/train/Metal/000094_ann1690.jpg,prepared_datasets/combined_6class_confusion_cleaned/train/Metal/000094_ann1690.jpg,,,,,,,,
train_Metal_000104_ann208,TACO,cleaned_image_classification,train,Metal,Metal,prepared_datasets/combined_6class_confusion_cleaned/train/Metal/000104_ann208.jpg,prepared_datasets/combined_6class_confusion_cleaned/train/Metal/000104_ann208.jpg,prepared_datasets/combined_6class_confusion_cleaned/train/Metal/000104_ann208.jpg,,,,,,,,
train_Metal_000107_ann220,TACO,cleaned_image_classification,train,Metal,Metal,prepared_datasets/combined_6class_confusion_cleaned/train/Metal/000107_ann220.jpg,prepared_datasets/combined_6class_confusion_cleaned/train/Metal/000107_ann220.jpg,prepared_datasets/combined_6class_confusion_cleaned/train/Metal/000107_ann220.jpg,,,,,,,,
train_Metal_000111_ann228,TACO,cleaned_image_classification,train,Metal,Metal,prepared_datasets/combined_6class_confusion_cleaned/train/Metal/000111_ann228.jpg,prepared_datasets/combined_6class_confusion_cleaned/train/Metal/000111_ann228.jpg,prepared_datasets/combined_6class_confusion_cleaned/train/Metal/000111_ann228.jpg,,,,,,,,
train_Metal_000115_ann234,TACO,cleaned_image_classification,train,Metal,Metal,prepared_datasets/combined_6class_confusion_cleaned/train/Metal/000115_ann234.jpg,prepared_datasets/combined_6class_confusion_cleaned/train/Metal/000115_ann234.jpg,prepared_datasets/combined_6class_confusion_cleaned/train/Metal/000115_ann234.jpg,,,,,,,,
train_Metal_000127_ann253,TACO,cleaned_image_classification,train,Metal,Metal,prepared_datasets/combined_6class_confusion_cleaned/train/Metal/000127_ann253.jpg,prepared_datasets/combined_6class_confusion_cleaned/train/Metal/000127_ann253.jpg,prepared_datasets/combined_6class_confusion_cleaned/train/Metal/000127_ann253.jpg,,,,,,,,
train_Metal_000128_ann266,TACO,cleaned_image_classification,train,Metal,Metal,prepared_datasets/combined_6class_confusion_cleaned/train/Metal/000128_ann266.jpg,prepared_datasets/combined_6class_confusion_cleaned/train/Metal/000128_ann266.jpg,prepared_datasets/combined_6class_confusion_cleaned/train/Metal/000128_ann266.jpg,,,,,,,,
train_Metal_000128_ann267,TACO,cleaned_image_classification,train,Metal,Metal,prepared_datasets/combined_6class_confusion_cleaned/train/Metal/000128_ann267.jpg,prepared_datasets/combined_6class_confusion_cleaned/train/Metal/000128_ann267.jpg,prepared_datasets/combined_6class_confusion_cleaned/train/Metal/000128_ann267.jpg,,,,,,,,
train_Metal_IMG_4868_ann2559,TACO,cleaned_image_classification,train,Metal,Metal,prepared_datasets/combined_6class_confusion_cleaned/train/Metal/IMG_4868_ann2559.jpg,prepared_datasets/combined_6class_confusion_cleaned/train/Metal/IMG_4868_ann2559.jpg,prepared_datasets/combined_6class_confusion_cleaned/train/Metal/IMG_4868_ann2559.jpg,,,,,,,,
train_Metal_IMG_4889_ann2577,TACO,cleaned_image_classification,train,Metal,Metal,prepared_datasets/combined_6class_confusion_cleaned/train/Metal/IMG_4889_ann2577.jpg,prepared_datasets/combined_6class_confusion_cleaned/train/Metal/IMG_4889_ann2577.jpg,prepared_datasets/combined_6class_confusion_cleaned/train/Metal/IMG_4889_ann2577.jpg,,,,,,,,
train_Metal_IMG_4978_ann2488,TACO,cleaned_image_classification,train,Metal,Metal,prepared_datasets/combined_6class_confusion_cleaned/train/Metal/IMG_4978_ann2488.jpg,prepared_datasets/combined_6class_confusion_cleaned/train/Metal/IMG_4978_ann2488.jpg,prepared_datasets/combined_6class_confusion_cleaned/train/Metal/IMG_4978_ann2488.jpg,,,,,,,,
train_Metal_IMG_4996_ann2498,TACO,cleaned_image_classification,train,Metal,Metal,prepared_datasets/combined_6class_confusion_cleaned/train/Metal/IMG_4996_ann2498.jpg,prepared_datasets/combined_6class_confusion_cleaned/train/Metal/IMG_4996_ann2498.jpg,prepared_datasets/combined_6class_confusion_cleaned/train/Metal/IMG_4996_ann2498.jpg,,,,,,,,
train_Metal_IMG_4998_ann2502,TACO,cleaned_image_classification,train,Metal,Metal,prepared_datasets/combined_6class_confusion_cleaned/train/Metal/IMG_4998_ann2502.jpg,prepared_datasets/combined_6class_confusion_cleaned/train/Metal/IMG_4998_ann2502.jpg,prepared_datasets/combined_6class_confusion_cleaned/train/Metal/IMG_4998_ann2502.jpg,,,,,,,,
train_Metal_IMG_5046_ann2518,TACO,cleaned_image_classification,train,Metal,Metal,prepared_datasets/combined_6class_confusion_cleaned/train/Metal/IMG_5046_ann2518.jpg,prepared_datasets/combined_6class_confusion_cleaned/train/Metal/IMG_5046_ann2518.jpg,prepared_datasets/combined_6class_confusion_cleaned/train/Metal/IMG_5046_ann2518.jpg,,,,,,,,
train_Metal_IMG_5055_ann2537,TACO,cleaned_image_classification,train,Metal,Metal,prepared_datasets/combined_6class_confusion_cleaned/train/Metal/IMG_5055_ann2537.jpg,prepared_datasets/combined_6class_confusion_cleaned/train/Metal/IMG_5055_ann2537.jpg,prepared_datasets/combined_6class_confusion_cleaned/train/Metal/IMG_5055_ann2537.jpg,,,,,,,,
train_Metal_metal101,TrashNet,cleaned_image_classification,train,Metal,Metal,prepared_datasets/combined_6class_confusion_cleaned/train/Metal/metal101.jpg,prepared_datasets/combined_6class_confusion_cleaned/train/Metal/metal101.jpg,prepared_datasets/combined_6class_confusion_cleaned/train/Metal/metal101.jpg,,,,,,,,
train_Metal_metal102,TrashNet,cleaned_image_classification,train,Metal,Metal,prepared_datasets/combined_6class_confusion_cleaned/train/Metal/metal102.jpg,prepared_datasets/combined_6class_confusion_cleaned/train/Metal/metal102.jpg,prepared_datasets/combined_6class_confusion_cleaned/train/Metal/metal102.jpg,,,,,,,,
train_Metal_metal103,TrashNet,cleaned_image_classification,train,Metal,Metal,prepared_datasets/combined_6class_confusion_cleaned/train/Metal/metal103.jpg,prepared_datasets/combined_6class_confusion_cleaned/train/Metal/metal103.jpg,prepared_datasets/combined_6class_confusion_cleaned/train/Metal/metal103.jpg,,,,,,,,
train_Metal_metal11,TrashNet,cleaned_image_classification,train,Metal,Metal,prepared_datasets/combined_6class_confusion_cleaned/train/Metal/metal11.jpg,prepared_datasets/combined_6class_confusion_cleaned/train/Metal/metal11.jpg,prepared_datasets/combined_6class_confusion_cleaned/train/Metal/metal11.jpg,,,,,,,,
train_Metal_metal110,TrashNet,cleaned_image_classification,train,Metal,Metal,prepared_datasets/combined_6class_confusion_cleaned/train/Metal/metal110.jpg,prepared_datasets/combined_6class_confusion_cleaned/train/Metal/metal110.jpg,prepared_datasets/combined_6class_confusion_cleaned/train/Metal/metal110.jpg,,,,,,,,
train_Metal_metal111,TrashNet,cleaned_image_classification,train,Metal,Metal,prepared_datasets/combined_6class_confusion_cleaned/train/Metal/metal111.jpg,prepared_datasets/combined_6class_confusion_cleaned/train/Metal/metal111.jpg,prepared_datasets/combined_6class_confusion_cleaned/train/Metal/metal111.jpg,,,,,,,,
train_Metal_metal112,TrashNet,cleaned_image_classification,train,Metal,Metal,prepared_datasets/combined_6class_confusion_cleaned/train/Metal/metal112.jpg,prepared_datasets/combined_6class_confusion_cleaned/train/Metal/metal112.jpg,prepared_datasets/combined_6class_confusion_cleaned/train/Metal/metal112.jpg,,,,,,,,
train_Metal_metal113,TrashNet,cleaned_image_classification,train,Metal,Metal,prepared_datasets/combined_6class_confusion_cleaned/train/Metal/metal113.jpg,prepared_datasets/combined_6class_confusion_cleaned/train/Metal/metal113.jpg,prepared_datasets/combined_6class_confusion_cleaned/train/Metal/metal113.jpg,,,,,,,,
train_Metal_metal114,TrashNet,cleaned_image_classification,train,Metal,Metal,prepared_datasets/combined_6class_confusion_cleaned/train/Metal/metal114.jpg,prepared_datasets/combined_6class_confusion_cleaned/train/Metal/metal114.jpg,prepared_datasets/combined_6class_confusion_cleaned/train/Metal/metal114.jpg,,,,,,,,
train_Metal_metal117,TrashNet,cleaned_image_classification,train,Metal,Metal,prepared_datasets/combined_6class_confusion_cleaned/train/Metal/metal117.jpg,prepared_datasets/combined_6class_confusion_cleaned/train/Metal/metal117.jpg,prepared_datasets/combined_6class_confusion_cleaned/train/Metal/metal117.jpg,,,,,,,,
train_Metal_metal12,TrashNet,cleaned_image_classification,train,Metal,Metal,prepared_datasets/combined_6class_confusion_cleaned/train/Metal/metal12.jpg,prepared_datasets/combined_6class_confusion_cleaned/train/Metal/metal12.jpg,prepared_datasets/combined_6class_confusion_cleaned/train/Metal/metal12.jpg,,,,,,,,
train_Metal_metal121,TrashNet,cleaned_image_classification,train,Metal,Metal,prepared_datasets/combined_6class_confusion_cleaned/train/Metal/metal121.jpg,prepared_datasets/combined_6class_confusion_cleaned/train/Metal/metal121.jpg,prepared_datasets/combined_6class_confusion_cleaned/train/Metal/metal121.jpg,,,,,,,,
train_Metal_metal122,TrashNet,cleaned_image_classification,train,Metal,Metal,prepared_datasets/combined_6class_confusion_cleaned/train/Metal/metal122.jpg,prepared_datasets/combined_6class_confusion_cleaned/train/Metal/metal122.jpg,prepared_datasets/combined_6class_confusion_cleaned/train/Metal/metal122.jpg,,,,,,,,
train_Metal_metal123,TrashNet,cleaned_image_classification,train,Metal,Metal,prepared_datasets/combined_6class_confusion_cleaned/train/Metal/metal123.jpg,prepared_datasets/combined_6class_confusion_cleaned/train/Metal/metal123.jpg,prepared_datasets/combined_6class_confusion_cleaned/train/Metal/metal123.jpg,,,,,,,,
train_Metal_metal124,TrashNet,cleaned_image_classification,train,Metal,Metal,prepared_datasets/combined_6class_confusion_cleaned/train/Metal/metal124.jpg,prepared_datasets/combined_6class_confusion_cleaned/train/Metal/metal124.jpg,prepared_datasets/combined_6class_confusion_cleaned/train/Metal/metal124.jpg,,,,,,,,
train_Metal_metal125,TrashNet,cleaned_image_classification,train,Metal,Metal,prepared_datasets/combined_6class_confusion_cleaned/train/Metal/metal125.jpg,prepared_datasets/combined_6class_confusion_cleaned/train/Metal/metal125.jpg,prepared_datasets/combined_6class_confusion_cleaned/train/Metal/metal125.jpg,,,,,,,,
train_Metal_metal126,TrashNet,cleaned_image_classification,train,Metal,Metal,prepared_datasets/combined_6class_confusion_cleaned/train/Metal/metal126.jpg,prepared_datasets/combined_6class_confusion_cleaned/train/Metal/metal126.jpg,prepared_datasets/combined_6class_confusion_cleaned/train/Metal/metal126.jpg,,,,,,,,
train_Metal_metal129,TrashNet,cleaned_image_classification,train,Metal,Metal,prepared_datasets/combined_6class_confusion_cleaned/train/Metal/metal129.jpg,prepared_datasets/combined_6class_confusion_cleaned/train/Metal/metal129.jpg,prepared_datasets/combined_6class_confusion_cleaned/train/Metal/metal129.jpg,,,,,,,,
train_Metal_metal130,TrashNet,cleaned_image_classification,train,Metal,Metal,prepared_datasets/combined_6class_confusion_cleaned/train/Metal/metal130.jpg,prepared_datasets/combined_6class_confusion_cleaned/train/Metal/metal130.jpg,prepared_datasets/combined_6class_confusion_cleaned/train/Metal/metal130.jpg,,,,,,,,
train_Metal_metal131,TrashNet,cleaned_image_classification,train,Metal,Metal,prepared_datasets/combined_6class_confusion_cleaned/train/Metal/metal131.jpg,prepared_datasets/combined_6class_confusion_cleaned/train/Metal/metal131.jpg,prepared_datasets/combined_6class_confusion_cleaned/train/Metal/metal131.jpg,,,,,,,,
train_Metal_metal132,TrashNet,cleaned_image_classification,train,Metal,Metal,prepared_datasets/combined_6class_confusion_cleaned/train/Metal/metal132.jpg,prepared_datasets/combined_6class_confusion_cleaned/train/Metal/metal132.jpg,prepared_datasets/combined_6class_confusion_cleaned/train/Metal/metal132.jpg,,,,,,,,
train_Metal_metal133,TrashNet,cleaned_image_classification,train,Metal,Metal,prepared_datasets/combined_6class_confusion_cleaned/train/Metal/metal133.jpg,prepared_datasets/combined_6class_confusion_cleaned/train/Metal/metal133.jpg,prepared_datasets/combined_6class_confusion_cleaned/train/Metal/metal133.jpg,,,,,,,,
train_Metal_metal134,TrashNet,cleaned_image_classification,train,Metal,Metal,prepared_datasets/combined_6class_confusion_cleaned/train/Metal/metal134.jpg,prepared_datasets/combined_6class_confusion_cleaned/train/Metal/metal134.jpg,prepared_datasets/combined_6class_confusion_cleaned/train/Metal/metal134.jpg,,,,,,,,
train_Metal_metal136,TrashNet,cleaned_image_classification,train,Metal,Metal,prepared_datasets/combined_6class_confusion_cleaned/train/Metal/metal136.jpg,prepared_datasets/combined_6class_confusion_cleaned/train/Metal/metal136.jpg,prepared_datasets/combined_6class_confusion_cleaned/train/Metal/metal136.jpg,,,,,,,,
train_Metal_metal14,TrashNet,cleaned_image_classification,train,Metal,Metal,prepared_datasets/combined_6class_confusion_cleaned/train/Metal/metal14.jpg,prepared_datasets/combined_6class_confusion_cleaned/train/Metal/metal14.jpg,prepared_datasets/combined_6class_confusion_cleaned/train/Metal/metal14.jpg,,,,,,,,
train_Metal_metal140,TrashNet,cleaned_image_classification,train,Metal,Metal,prepared_datasets/combined_6class_confusion_cleaned/train/Metal/metal140.jpg,prepared_datasets/combined_6class_confusion_cleaned/train/Metal/metal140.jpg,prepared_datasets/combined_6class_confusion_cleaned/train/Metal/metal140.jpg,,,,,,,,
train_Metal_metal141,TrashNet,cleaned_image_classification,train,Metal,Metal,prepared_datasets/combined_6class_confusion_cleaned/train/Metal/metal141.jpg,prepared_datasets/combined_6class_confusion_cleaned/train/Metal/metal141.jpg,prepared_datasets/combined_6class_confusion_cleaned/train/Metal/metal141.jpg,,,,,,,,
train_Metal_metal142,TrashNet,cleaned_image_classification,train,Metal,Metal,prepared_datasets/combined_6class_confusion_cleaned/train/Metal/metal142.jpg,prepared_datasets/combined_6class_confusion_cleaned/train/Metal/metal142.jpg,prepared_datasets/combined_6class_confusion_cleaned/train/Metal/metal142.jpg,,,,,,,,
train_Metal_metal143,TrashNet,cleaned_image_classification,train,Metal,Metal,prepared_datasets/combined_6class_confusion_cleaned/train/Metal/metal143.jpg,prepared_datasets/combined_6class_confusion_cleaned/train/Metal/metal143.jpg,prepared_datasets/combined_6class_confusion_cleaned/train/Metal/metal143.jpg,,,,,,,,
train_Metal_metal144,TrashNet,cleaned_image_classification,train,Metal,Metal,prepared_datasets/combined_6class_confusion_cleaned/train/Metal/metal144.jpg,prepared_datasets/combined_6class_confusion_cleaned/train/Metal/metal144.jpg,prepared_datasets/combined_6class_confusion_cleaned/train/Metal/metal144.jpg,,,,,,,,
train_Metal_metal145,TrashNet,cleaned_image_classification,train,Metal,Metal,prepared_datasets/combined_6class_confusion_cleaned/train/Metal/metal145.jpg,prepared_datasets/combined_6class_confusion_cleaned/train/Metal/metal145.jpg,prepared_datasets/combined_6class_confusion_cleaned/train/Metal/metal145.jpg,,,,,,,,
train_Metal_metal146,TrashNet,cleaned_image_classification,train,Metal,Metal,prepared_datasets/combined_6class_confusion_cleaned/train/Metal/metal146.jpg,prepared_datasets/combined_6class_confusion_cleaned/train/Metal/metal146.jpg,prepared_datasets/combined_6class_confusion_cleaned/train/Metal/metal146.jpg,,,,,,,,
train_Metal_metal148,TrashNet,cleaned_image_classification,train,Metal,Metal,prepared_datasets/combined_6class_confusion_cleaned/train/Metal/metal148.jpg,prepared_datasets/combined_6class_confusion_cleaned/train/Metal/metal148.jpg,prepared_datasets/combined_6class_confusion_cleaned/train/Metal/metal148.jpg,,,,,,,,
train_Metal_metal149,TrashNet,cleaned_image_classification,train,Metal,Metal,prepared_datasets/combined_6class_confusion_cleaned/train/Metal/metal149.jpg,prepared_datasets/combined_6class_confusion_cleaned/train/Metal/metal149.jpg,prepared_datasets/combined_6class_confusion_cleaned/train/Metal/metal149.jpg,,,,,,,,
train_Metal_metal150,TrashNet,cleaned_image_classification,train,Metal,Metal,prepared_datasets/combined_6class_confusion_cleaned/train/Metal/metal150.jpg,prepared_datasets/combined_6class_confusion_cleaned/train/Metal/metal150.jpg,prepared_datasets/combined_6class_confusion_cleaned/train/Metal/metal150.jpg,,,,,,,,
train_Metal_metal152,TrashNet,cleaned_image_classification,train,Metal,Metal,prepared_datasets/combined_6class_confusion_cleaned/train/Metal/metal152.jpg,prepared_datasets/combined_6class_confusion_cleaned/train/Metal/metal152.jpg,prepared_datasets/combined_6class_confusion_cleaned/train/Metal/metal152.jpg,,,,,,,,
train_Metal_metal153,TrashNet,cleaned_image_classification,train,Metal,Metal,prepared_datasets/combined_6class_confusion_cleaned/train/Metal/metal153.jpg,prepared_datasets/combined_6class_confusion_cleaned/train/Metal/metal153.jpg,prepared_datasets/combined_6class_confusion_cleaned/train/Metal/metal153.jpg,,,,,,,,
train_Metal_metal154,TrashNet,cleaned_image_classification,train,Metal,Metal,prepared_datasets/combined_6class_confusion_cleaned/train/Metal/metal154.jpg,prepared_datasets/combined_6class_confusion_cleaned/train/Metal/metal154.jpg,prepared_datasets/combined_6class_confusion_cleaned/train/Metal/metal154.jpg,,,,,,,,
train_Metal_metal157,TrashNet,cleaned_image_classification,train,Metal,Metal,prepared_datasets/combined_6class_confusion_cleaned/train/Metal/metal157.jpg,prepared_datasets/combined_6class_confusion_cleaned/train/Metal/metal157.jpg,prepared_datasets/combined_6class_confusion_cleaned/train/Metal/metal157.jpg,,,,,,,,
train_Metal_metal158,TrashNet,cleaned_image_classification,train,Metal,Metal,prepared_datasets/combined_6class_confusion_cleaned/train/Metal/metal158.jpg,prepared_datasets/combined_6class_confusion_cleaned/train/Metal/metal158.jpg,prepared_datasets/combined_6class_confusion_cleaned/train/Metal/metal158.jpg,,,,,,,,
train_Metal_metal159,TrashNet,cleaned_image_classification,train,Metal,Metal,prepared_datasets/combined_6class_confusion_cleaned/train/Metal/metal159.jpg,prepared_datasets/combined_6class_confusion_cleaned/train/Metal/metal159.jpg,prepared_datasets/combined_6class_confusion_cleaned/train/Metal/metal159.jpg,,,,,,,,
train_Metal_metal16,TrashNet,cleaned_image_classification,train,Metal,Metal,prepared_datasets/combined_6class_confusion_cleaned/train/Metal/metal16.jpg,prepared_datasets/combined_6class_confusion_cleaned/train/Metal/metal16.jpg,prepared_datasets/combined_6class_confusion_cleaned/train/Metal/metal16.jpg,,,,,,,,
train_Metal_metal162,TrashNet,cleaned_image_classification,train,Metal,Metal,prepared_datasets/combined_6class_confusion_cleaned/train/Metal/metal162.jpg,prepared_datasets/combined_6class_confusion_cleaned/train/Metal/metal162.jpg,prepared_datasets/combined_6class_confusion_cleaned/train/Metal/metal162.jpg,,,,,,,,
train_Metal_metal163,TrashNet,cleaned_image_classification,train,Metal,Metal,prepared_datasets/combined_6class_confusion_cleaned/train/Metal/metal163.jpg,prepared_datasets/combined_6class_confusion_cleaned/train/Metal/metal163.jpg,prepared_datasets/combined_6class_confusion_cleaned/train/Metal/metal163.jpg,,,,,,,,
train_Metal_metal166,TrashNet,cleaned_image_classification,train,Metal,Metal,prepared_datasets/combined_6class_confusion_cleaned/train/Metal/metal166.jpg,prepared_datasets/combined_6class_confusion_cleaned/train/Metal/metal166.jpg,prepared_datasets/combined_6class_confusion_cleaned/train/Metal/metal166.jpg,,,,,,,,
train_Metal_metal167,TrashNet,cleaned_image_classification,train,Metal,Metal,prepared_datasets/combined_6class_confusion_cleaned/train/Metal/metal167.jpg,prepared_datasets/combined_6class_confusion_cleaned/train/Metal/metal167.jpg,prepared_datasets/combined_6class_confusion_cleaned/train/Metal/metal167.jpg,,,,,,,,
train_Metal_metal169,TrashNet,cleaned_image_classification,train,Metal,Metal,prepared_datasets/combined_6class_confusion_cleaned/train/Metal/metal169.jpg,prepared_datasets/combined_6class_confusion_cleaned/train/Metal/metal169.jpg,prepared_datasets/combined_6class_confusion_cleaned/train/Metal/metal169.jpg,,,,,,,,
train_Metal_metal17,TrashNet,cleaned_image_classification,train,Metal,Metal,prepared_datasets/combined_6class_confusion_cleaned/train/Metal/metal17.jpg,prepared_datasets/combined_6class_confusion_cleaned/train/Metal/metal17.jpg,prepared_datasets/combined_6class_confusion_cleaned/train/Metal/metal17.jpg,,,,,,,,
train_Metal_metal170,TrashNet,cleaned_image_classification,train,Metal,Metal,prepared_datasets/combined_6class_confusion_cleaned/train/Metal/metal170.jpg,prepared_datasets/combined_6class_confusion_cleaned/train/Metal/metal170.jpg,prepared_datasets/combined_6class_confusion_cleaned/train/Metal/metal170.jpg,,,,,,,,
train_Metal_metal171,TrashNet,cleaned_image_classification,train,Metal,Metal,prepared_datasets/combined_6class_confusion_cleaned/train/Metal/metal171.jpg,prepared_datasets/combined_6class_confusion_cleaned/train/Metal/metal171.jpg,prepared_datasets/combined_6class_confusion_cleaned/train/Metal/metal171.jpg,,,,,,,,
train_Metal_metal172,TrashNet,cleaned_image_classification,train,Metal,Metal,prepared_datasets/combined_6class_confusion_cleaned/train/Metal/metal172.jpg,prepared_datasets/combined_6class_confusion_cleaned/train/Metal/metal172.jpg,prepared_datasets/combined_6class_confusion_cleaned/train/Metal/metal172.jpg,,,,,,,,
train_Metal_metal173,TrashNet,cleaned_image_classification,train,Metal,Metal,prepared_datasets/combined_6class_confusion_cleaned/train/Metal/metal173.jpg,prepared_datasets/combined_6class_confusion_cleaned/train/Metal/metal173.jpg,prepared_datasets/combined_6class_confusion_cleaned/train/Metal/metal173.jpg,,,,,,,,
train_Metal_metal174,TrashNet,cleaned_image_classification,train,Metal,Metal,prepared_datasets/combined_6class_confusion_cleaned/train/Metal/metal174.jpg,prepared_datasets/combined_6class_confusion_cleaned/train/Metal/metal174.jpg,prepared_datasets/combined_6class_confusion_cleaned/train/Metal/metal174.jpg,,,,,,,,
train_Metal_metal176,TrashNet,cleaned_image_classification,train,Metal,Metal,prepared_datasets/combined_6class_confusion_cleaned/train/Metal/metal176.jpg,prepared_datasets/combined_6class_confusion_cleaned/train/Metal/metal176.jpg,prepared_datasets/combined_6class_confusion_cleaned/train/Metal/metal176.jpg,,,,,,,,
train_Metal_metal177,TrashNet,cleaned_image_classification,train,Metal,Metal,prepared_datasets/combined_6class_confusion_cleaned/train/Metal/metal177.jpg,prepared_datasets/combined_6class_confusion_cleaned/train/Metal/metal177.jpg,prepared_datasets/combined_6class_confusion_cleaned/train/Metal/metal177.jpg,,,,,,,,
train_Metal_metal179,TrashNet,cleaned_image_classification,train,Metal,Metal,prepared_datasets/combined_6class_confusion_cleaned/train/Metal/metal179.jpg,prepared_datasets/combined_6class_confusion_cleaned/train/Metal/metal179.jpg,prepared_datasets/combined_6class_confusion_cleaned/train/Metal/metal179.jpg,,,,,,,,
train_Metal_metal180,TrashNet,cleaned_image_classification,train,Metal,Metal,prepared_datasets/combined_6class_confusion_cleaned/train/Metal/metal180.jpg,prepared_datasets/combined_6class_confusion_cleaned/train/Metal/metal180.jpg,prepared_datasets/combined_6class_confusion_cleaned/train/Metal/metal180.jpg,,,,,,,,
train_Metal_metal181,TrashNet,cleaned_image_classification,train,Metal,Metal,prepared_datasets/combined_6class_confusion_cleaned/train/Metal/metal181.jpg,prepared_datasets/combined_6class_confusion_cleaned/train/Metal/metal181.jpg,prepared_datasets/combined_6class_confusion_cleaned/train/Metal/metal181.jpg,,,,,,,,
train_Metal_metal182,TrashNet,cleaned_image_classification,train,Metal,Metal,prepared_datasets/combined_6class_confusion_cleaned/train/Metal/metal182.jpg,prepared_datasets/combined_6class_confusion_cleaned/train/Metal/metal182.jpg,prepared_datasets/combined_6class_confusion_cleaned/train/Metal/metal182.jpg,,,,,,,,
train_Metal_metal184,TrashNet,cleaned_image_classification,train,Metal,Metal,prepared_datasets/combined_6class_confusion_cleaned/train/Metal/metal184.jpg,prepared_datasets/combined_6class_confusion_cleaned/train/Metal/metal184.jpg,prepared_datasets/combined_6class_confusion_cleaned/train/Metal/metal184.jpg,,,,,,,,
train_Metal_metal186,TrashNet,cleaned_image_classification,train,Metal,Metal,prepared_datasets/combined_6class_confusion_cleaned/train/Metal/metal186.jpg,prepared_datasets/combined_6class_confusion_cleaned/train/Metal/metal186.jpg,prepared_datasets/combined_6class_confusion_cleaned/train/Metal/metal186.jpg,,,,,,,,
train_Metal_metal188,TrashNet,cleaned_image_classification,train,Metal,Metal,prepared_datasets/combined_6class_confusion_cleaned/train/Metal/metal188.jpg,prepared_datasets/combined_6class_confusion_cleaned/train/Metal/metal188.jpg,prepared_datasets/combined_6class_confusion_cleaned/train/Metal/metal188.jpg,,,,,,,,
train_Metal_metal189,TrashNet,cleaned_image_classification,train,Metal,Metal,prepared_datasets/combined_6class_confusion_cleaned/train/Metal/metal189.jpg,prepared_datasets/combined_6class_confusion_cleaned/train/Metal/metal189.jpg,prepared_datasets/combined_6class_confusion_cleaned/train/Metal/metal189.jpg,,,,,,,,
train_Metal_metal19,TrashNet,cleaned_image_classification,train,Metal,Metal,prepared_datasets/combined_6class_confusion_cleaned/train/Metal/metal19.jpg,prepared_datasets/combined_6class_confusion_cleaned/train/Metal/metal19.jpg,prepared_datasets/combined_6class_confusion_cleaned/train/Metal/metal19.jpg,,,,,,,,
train_Metal_metal190,TrashNet,cleaned_image_classification,train,Metal,Metal,prepared_datasets/combined_6class_confusion_cleaned/train/Metal/metal190.jpg,prepared_datasets/combined_6class_confusion_cleaned/train/Metal/metal190.jpg,prepared_datasets/combined_6class_confusion_cleaned/train/Metal/metal190.jpg,,,,,,,,
train_Metal_metal193,TrashNet,cleaned_image_classification,train,Metal,Metal,prepared_datasets/combined_6class_confusion_cleaned/train/Metal/metal193.jpg,prepared_datasets/combined_6class_confusion_cleaned/train/Metal/metal193.jpg,prepared_datasets/combined_6class_confusion_cleaned/train/Metal/metal193.jpg,,,,,,,,
train_Metal_metal194,TrashNet,cleaned_image_classification,train,Metal,Metal,prepared_datasets/combined_6class_confusion_cleaned/train/Metal/metal194.jpg,prepared_datasets/combined_6class_confusion_cleaned/train/Metal/metal194.jpg,prepared_datasets/combined_6class_confusion_cleaned/train/Metal/metal194.jpg,,,,,,,,
train_Metal_metal195,TrashNet,cleaned_image_classification,train,Metal,Metal,prepared_datasets/combined_6class_confusion_cleaned/train/Metal/metal195.jpg,prepared_datasets/combined_6class_confusion_cleaned/train/Metal/metal195.jpg,prepared_datasets/combined_6class_confusion_cleaned/train/Metal/metal195.jpg,,,,,,,,
train_Metal_metal196,TrashNet,cleaned_image_classification,train,Metal,Metal,prepared_datasets/combined_6class_confusion_cleaned/train/Metal/metal196.jpg,prepared_datasets/combined_6class_confusion_cleaned/train/Metal/metal196.jpg,prepared_datasets/combined_6class_confusion_cleaned/train/Metal/metal196.jpg,,,,,,,,
train_Metal_metal197,TrashNet,cleaned_image_classification,train,Metal,Metal,prepared_datasets/combined_6class_confusion_cleaned/train/Metal/metal197.jpg,prepared_datasets/combined_6class_confusion_cleaned/train/Metal/metal197.jpg,prepared_datasets/combined_6class_confusion_cleaned/train/Metal/metal197.jpg,,,,,,,,
train_Metal_metal198,TrashNet,cleaned_image_classification,train,Metal,Metal,prepared_datasets/combined_6class_confusion_cleaned/train/Metal/metal198.jpg,prepared_datasets/combined_6class_confusion_cleaned/train/Metal/metal198.jpg,prepared_datasets/combined_6class_confusion_cleaned/train/Metal/metal198.jpg,,,,,,,,
train_Metal_metal2,TrashNet,cleaned_image_classification,train,Metal,Metal,prepared_datasets/combined_6class_confusion_cleaned/train/Metal/metal2.jpg,prepared_datasets/combined_6class_confusion_cleaned/train/Metal/metal2.jpg,prepared_datasets/combined_6class_confusion_cleaned/train/Metal/metal2.jpg,,,,,,,,
train_Metal_metal20,TrashNet,cleaned_image_classification,train,Metal,Metal,prepared_datasets/combined_6class_confusion_cleaned/train/Metal/metal20.jpg,prepared_datasets/combined_6class_confusion_cleaned/train/Metal/metal20.jpg,prepared_datasets/combined_6class_confusion_cleaned/train/Metal/metal20.jpg,,,,,,,,
train_Metal_metal201,TrashNet,cleaned_image_classification,train,Metal,Metal,prepared_datasets/combined_6class_confusion_cleaned/train/Metal/metal201.jpg,prepared_datasets/combined_6class_confusion_cleaned/train/Metal/metal201.jpg,prepared_datasets/combined_6class_confusion_cleaned/train/Metal/metal201.jpg,,,,,,,,
train_Metal_metal202,TrashNet,cleaned_image_classification,train,Metal,Metal,prepared_datasets/combined_6class_confusion_cleaned/train/Metal/metal202.jpg,prepared_datasets/combined_6class_confusion_cleaned/train/Metal/metal202.jpg,prepared_datasets/combined_6class_confusion_cleaned/train/Metal/metal202.jpg,,,,,,,,
train_Metal_metal203,TrashNet,cleaned_image_classification,train,Metal,Metal,prepared_datasets/combined_6class_confusion_cleaned/train/Metal/metal203.jpg,prepared_datasets/combined_6class_confusion_cleaned/train/Metal/metal203.jpg,prepared_datasets/combined_6class_confusion_cleaned/train/Metal/metal203.jpg,,,,,,,,
train_Metal_metal204,TrashNet,cleaned_image_classification,train,Metal,Metal,prepared_datasets/combined_6class_confusion_cleaned/train/Metal/metal204.jpg,prepared_datasets/combined_6class_confusion_cleaned/train/Metal/metal204.jpg,prepared_datasets/combined_6class_confusion_cleaned/train/Metal/metal204.jpg,,,,,,,,
train_Metal_metal205,TrashNet,cleaned_image_classification,train,Metal,Metal,prepared_datasets/combined_6class_confusion_cleaned/train/Metal/metal205.jpg,prepared_datasets/combined_6class_confusion_cleaned/train/Metal/metal205.jpg,prepared_datasets/combined_6class_confusion_cleaned/train/Metal/metal205.jpg,,,,,,,,
train_Metal_metal206,TrashNet,cleaned_image_classification,train,Metal,Metal,prepared_datasets/combined_6class_confusion_cleaned/train/Metal/metal206.jpg,prepared_datasets/combined_6class_confusion_cleaned/train/Metal/metal206.jpg,prepared_datasets/combined_6class_confusion_cleaned/train/Metal/metal206.jpg,,,,,,,,
train_Metal_metal207,TrashNet,cleaned_image_classification,train,Metal,Metal,prepared_datasets/combined_6class_confusion_cleaned/train/Metal/metal207.jpg,prepared_datasets/combined_6class_confusion_cleaned/train/Metal/metal207.jpg,prepared_datasets/combined_6class_confusion_cleaned/train/Metal/metal207.jpg,,,,,,,,
train_Metal_metal210,TrashNet,cleaned_image_classification,train,Metal,Metal,prepared_datasets/combined_6class_confusion_cleaned/train/Metal/metal210.jpg,prepared_datasets/combined_6class_confusion_cleaned/train/Metal/metal210.jpg,prepared_datasets/combined_6class_confusion_cleaned/train/Metal/metal210.jpg,,,,,,,,
train_Metal_metal211,TrashNet,cleaned_image_classification,train,Metal,Metal,prepared_datasets/combined_6class_confusion_cleaned/train/Metal/metal211.jpg,prepared_datasets/combined_6class_confusion_cleaned/train/Metal/metal211.jpg,prepared_datasets/combined_6class_confusion_cleaned/train/Metal/metal211.jpg,,,,,,,,
train_Metal_metal212,TrashNet,cleaned_image_classification,train,Metal,Metal,prepared_datasets/combined_6class_confusion_cleaned/train/Metal/metal212.jpg,prepared_datasets/combined_6class_confusion_cleaned/train/Metal/metal212.jpg,prepared_datasets/combined_6class_confusion_cleaned/train/Metal/metal212.jpg,,,,,,,,
train_Metal_metal213,TrashNet,cleaned_image_classification,train,Metal,Metal,prepared_datasets/combined_6class_confusion_cleaned/train/Metal/metal213.jpg,prepared_datasets/combined_6class_confusion_cleaned/train/Metal/metal213.jpg,prepared_datasets/combined_6class_confusion_cleaned/train/Metal/metal213.jpg,,,,,,,,
train_Metal_metal214,TrashNet,cleaned_image_classification,train,Metal,Metal,prepared_datasets/combined_6class_confusion_cleaned/train/Metal/metal214.jpg,prepared_datasets/combined_6class_confusion_cleaned/train/Metal/metal214.jpg,prepared_datasets/combined_6class_confusion_cleaned/train/Metal/metal214.jpg,,,,,,,,
train_Metal_metal216,TrashNet,cleaned_image_classification,train,Metal,Metal,prepared_datasets/combined_6class_confusion_cleaned/train/Metal/metal216.jpg,prepared_datasets/combined_6class_confusion_cleaned/train/Metal/metal216.jpg,prepared_datasets/combined_6class_confusion_cleaned/train/Metal/metal216.jpg,,,,,,,,
train_Metal_metal218,TrashNet,cleaned_image_classification,train,Metal,Metal,prepared_datasets/combined_6class_confusion_cleaned/train/Metal/metal218.jpg,prepared_datasets/combined_6class_confusion_cleaned/train/Metal/metal218.jpg,prepared_datasets/combined_6class_confusion_cleaned/train/Metal/metal218.jpg,,,,,,,,
train_Metal_metal219,TrashNet,cleaned_image_classification,train,Metal,Metal,prepared_datasets/combined_6class_confusion_cleaned/train/Metal/metal219.jpg,prepared_datasets/combined_6class_confusion_cleaned/train/Metal/metal219.jpg,prepared_datasets/combined_6class_confusion_cleaned/train/Metal/metal219.jpg,,,,,,,,
train_Metal_metal22,TrashNet,cleaned_image_classification,train,Metal,Metal,prepared_datasets/combined_6class_confusion_cleaned/train/Metal/metal22.jpg,prepared_datasets/combined_6class_confusion_cleaned/train/Metal/metal22.jpg,prepared_datasets/combined_6class_confusion_cleaned/train/Metal/metal22.jpg,,,,,,,,
train_Metal_metal220,TrashNet,cleaned_image_classification,train,Metal,Metal,prepared_datasets/combined_6class_confusion_cleaned/train/Metal/metal220.jpg,prepared_datasets/combined_6class_confusion_cleaned/train/Metal/metal220.jpg,prepared_datasets/combined_6class_confusion_cleaned/train/Metal/metal220.jpg,,,,,,,,
train_Metal_metal223,TrashNet,cleaned_image_classification,train,Metal,Metal,prepared_datasets/combined_6class_confusion_cleaned/train/Metal/metal223.jpg,prepared_datasets/combined_6class_confusion_cleaned/train/Metal/metal223.jpg,prepared_datasets/combined_6class_confusion_cleaned/train/Metal/metal223.jpg,,,,,,,,
train_Metal_metal226,TrashNet,cleaned_image_classification,train,Metal,Metal,prepared_datasets/combined_6class_confusion_cleaned/train/Metal/metal226.jpg,prepared_datasets/combined_6class_confusion_cleaned/train/Metal/metal226.jpg,prepared_datasets/combined_6class_confusion_cleaned/train/Metal/metal226.jpg,,,,,,,,
train_Metal_metal227,TrashNet,cleaned_image_classification,train,Metal,Metal,prepared_datasets/combined_6class_confusion_cleaned/train/Metal/metal227.jpg,prepared_datasets/combined_6class_confusion_cleaned/train/Metal/metal227.jpg,prepared_datasets/combined_6class_confusion_cleaned/train/Metal/metal227.jpg,,,,,,,,
train_Metal_metal229,TrashNet,cleaned_image_classification,train,Metal,Metal,prepared_datasets/combined_6class_confusion_cleaned/train/Metal/metal229.jpg,prepared_datasets/combined_6class_confusion_cleaned/train/Metal/metal229.jpg,prepared_datasets/combined_6class_confusion_cleaned/train/Metal/metal229.jpg,,,,,,,,
train_Metal_metal23,TrashNet,cleaned_image_classification,train,Metal,Metal,prepared_datasets/combined_6class_confusion_cleaned/train/Metal/metal23.jpg,prepared_datasets/combined_6class_confusion_cleaned/train/Metal/metal23.jpg,prepared_datasets/combined_6class_confusion_cleaned/train/Metal/metal23.jpg,,,,,,,,
train_Metal_metal232,TrashNet,cleaned_image_classification,train,Metal,Metal,prepared_datasets/combined_6class_confusion_cleaned/train/Metal/metal232.jpg,prepared_datasets/combined_6class_confusion_cleaned/train/Metal/metal232.jpg,prepared_datasets/combined_6class_confusion_cleaned/train/Metal/metal232.jpg,,,,,,,,
train_Metal_metal235,TrashNet,cleaned_image_classification,train,Metal,Metal,prepared_datasets/combined_6class_confusion_cleaned/train/Metal/metal235.jpg,prepared_datasets/combined_6class_confusion_cleaned/train/Metal/metal235.jpg,prepared_datasets/combined_6class_confusion_cleaned/train/Metal/metal235.jpg,,,,,,,,
train_Metal_metal236,TrashNet,cleaned_image_classification,train,Metal,Metal,prepared_datasets/combined_6class_confusion_cleaned/train/Metal/metal236.jpg,prepared_datasets/combined_6class_confusion_cleaned/train/Metal/metal236.jpg,prepared_datasets/combined_6class_confusion_cleaned/train/Metal/metal236.jpg,,,,,,,,
train_Metal_metal237,TrashNet,cleaned_image_classification,train,Metal,Metal,prepared_datasets/combined_6class_confusion_cleaned/train/Metal/metal237.jpg,prepared_datasets/combined_6class_confusion_cleaned/train/Metal/metal237.jpg,prepared_datasets/combined_6class_confusion_cleaned/train/Metal/metal237.jpg,,,,,,,,
train_Metal_metal239,TrashNet,cleaned_image_classification,train,Metal,Metal,prepared_datasets/combined_6class_confusion_cleaned/train/Metal/metal239.jpg,prepared_datasets/combined_6class_confusion_cleaned/train/Metal/metal239.jpg,prepared_datasets/combined_6class_confusion_cleaned/train/Metal/metal239.jpg,,,,,,,,
train_Metal_metal24,TrashNet,cleaned_image_classification,train,Metal,Metal,prepared_datasets/combined_6class_confusion_cleaned/train/Metal/metal24.jpg,prepared_datasets/combined_6class_confusion_cleaned/train/Metal/metal24.jpg,prepared_datasets/combined_6class_confusion_cleaned/train/Metal/metal24.jpg,,,,,,,,
train_Metal_metal240,TrashNet,cleaned_image_classification,train,Metal,Metal,prepared_datasets/combined_6class_confusion_cleaned/train/Metal/metal240.jpg,prepared_datasets/combined_6class_confusion_cleaned/train/Metal/metal240.jpg,prepared_datasets/combined_6class_confusion_cleaned/train/Metal/metal240.jpg,,,,,,,,
train_Metal_metal242,TrashNet,cleaned_image_classification,train,Metal,Metal,prepared_datasets/combined_6class_confusion_cleaned/train/Metal/metal242.jpg,prepared_datasets/combined_6class_confusion_cleaned/train/Metal/metal242.jpg,prepared_datasets/combined_6class_confusion_cleaned/train/Metal/metal242.jpg,,,,,,,,
train_Metal_metal243,TrashNet,cleaned_image_classification,train,Metal,Metal,prepared_datasets/combined_6class_confusion_cleaned/train/Metal/metal243.jpg,prepared_datasets/combined_6class_confusion_cleaned/train/Metal/metal243.jpg,prepared_datasets/combined_6class_confusion_cleaned/train/Metal/metal243.jpg,,,,,,,,
train_Metal_metal245,TrashNet,cleaned_image_classification,train,Metal,Metal,prepared_datasets/combined_6class_confusion_cleaned/train/Metal/metal245.jpg,prepared_datasets/combined_6class_confusion_cleaned/train/Metal/metal245.jpg,prepared_datasets/combined_6class_confusion_cleaned/train/Metal/metal245.jpg,,,,,,,,
train_Metal_metal246,TrashNet,cleaned_image_classification,train,Metal,Metal,prepared_datasets/combined_6class_confusion_cleaned/train/Metal/metal246.jpg,prepared_datasets/combined_6class_confusion_cleaned/train/Metal/metal246.jpg,prepared_datasets/combined_6class_confusion_cleaned/train/Metal/metal246.jpg,,,,,,,,
train_Metal_metal247,TrashNet,cleaned_image_classification,train,Metal,Metal,prepared_datasets/combined_6class_confusion_cleaned/train/Metal/metal247.jpg,prepared_datasets/combined_6class_confusion_cleaned/train/Metal/metal247.jpg,prepared_datasets/combined_6class_confusion_cleaned/train/Metal/metal247.jpg,,,,,,,,
train_Metal_metal249,TrashNet,cleaned_image_classification,train,Metal,Metal,prepared_datasets/combined_6class_confusion_cleaned/train/Metal/metal249.jpg,prepared_datasets/combined_6class_confusion_cleaned/train/Metal/metal249.jpg,prepared_datasets/combined_6class_confusion_cleaned/train/Metal/metal249.jpg,,,,,,,,
train_Metal_metal25,TrashNet,cleaned_image_classification,train,Metal,Metal,prepared_datasets/combined_6class_confusion_cleaned/train/Metal/metal25.jpg,prepared_datasets/combined_6class_confusion_cleaned/train/Metal/metal25.jpg,prepared_datasets/combined_6class_confusion_cleaned/train/Metal/metal25.jpg,,,,,,,,
train_Metal_metal253,TrashNet,cleaned_image_classification,train,Metal,Metal,prepared_datasets/combined_6class_confusion_cleaned/train/Metal/metal253.jpg,prepared_datasets/combined_6class_confusion_cleaned/train/Metal/metal253.jpg,prepared_datasets/combined_6class_confusion_cleaned/train/Metal/metal253.jpg,,,,,,,,
train_Metal_metal254,TrashNet,cleaned_image_classification,train,Metal,Metal,prepared_datasets/combined_6class_confusion_cleaned/train/Metal/metal254.jpg,prepared_datasets/combined_6class_confusion_cleaned/train/Metal/metal254.jpg,prepared_datasets/combined_6class_confusion_cleaned/train/Metal/metal254.jpg,,,,,,,,
train_Metal_metal257,TrashNet,cleaned_image_classification,train,Metal,Metal,prepared_datasets/combined_6class_confusion_cleaned/train/Metal/metal257.jpg,prepared_datasets/combined_6class_confusion_cleaned/train/Metal/metal257.jpg,prepared_datasets/combined_6class_confusion_cleaned/train/Metal/metal257.jpg,,,,,,,,
train_Metal_metal259,TrashNet,cleaned_image_classification,train,Metal,Metal,prepared_datasets/combined_6class_confusion_cleaned/train/Metal/metal259.jpg,prepared_datasets/combined_6class_confusion_cleaned/train/Metal/metal259.jpg,prepared_datasets/combined_6class_confusion_cleaned/train/Metal/metal259.jpg,,,,,,,,
train_Metal_metal26,TrashNet,cleaned_image_classification,train,Metal,Metal,prepared_datasets/combined_6class_confusion_cleaned/train/Metal/metal26.jpg,prepared_datasets/combined_6class_confusion_cleaned/train/Metal/metal26.jpg,prepared_datasets/combined_6class_confusion_cleaned/train/Metal/metal26.jpg,,,,,,,,
train_Metal_metal260,TrashNet,cleaned_image_classification,train,Metal,Metal,prepared_datasets/combined_6class_confusion_cleaned/train/Metal/metal260.jpg,prepared_datasets/combined_6class_confusion_cleaned/train/Metal/metal260.jpg,prepared_datasets/combined_6class_confusion_cleaned/train/Metal/metal260.jpg,,,,,,,,
train_Metal_metal262,TrashNet,cleaned_image_classification,train,Metal,Metal,prepared_datasets/combined_6class_confusion_cleaned/train/Metal/metal262.jpg,prepared_datasets/combined_6class_confusion_cleaned/train/Metal/metal262.jpg,prepared_datasets/combined_6class_confusion_cleaned/train/Metal/metal262.jpg,,,,,,,,
train_Metal_metal266,TrashNet,cleaned_image_classification,train,Metal,Metal,prepared_datasets/combined_6class_confusion_cleaned/train/Metal/metal266.jpg,prepared_datasets/combined_6class_confusion_cleaned/train/Metal/metal266.jpg,prepared_datasets/combined_6class_confusion_cleaned/train/Metal/metal266.jpg,,,,,,,,
train_Metal_metal268,TrashNet,cleaned_image_classification,train,Metal,Metal,prepared_datasets/combined_6class_confusion_cleaned/train/Metal/metal268.jpg,prepared_datasets/combined_6class_confusion_cleaned/train/Metal/metal268.jpg,prepared_datasets/combined_6class_confusion_cleaned/train/Metal/metal268.jpg,,,,,,,,
train_Metal_metal27,TrashNet,cleaned_image_classification,train,Metal,Metal,prepared_datasets/combined_6class_confusion_cleaned/train/Metal/metal27.jpg,prepared_datasets/combined_6class_confusion_cleaned/train/Metal/metal27.jpg,prepared_datasets/combined_6class_confusion_cleaned/train/Metal/metal27.jpg,,,,,,,,
train_Metal_metal270,TrashNet,cleaned_image_classification,train,Metal,Metal,prepared_datasets/combined_6class_confusion_cleaned/train/Metal/metal270.jpg,prepared_datasets/combined_6class_confusion_cleaned/train/Metal/metal270.jpg,prepared_datasets/combined_6class_confusion_cleaned/train/Metal/metal270.jpg,,,,,,,,
train_Metal_metal273,TrashNet,cleaned_image_classification,train,Metal,Metal,prepared_datasets/combined_6class_confusion_cleaned/train/Metal/metal273.jpg,prepared_datasets/combined_6class_confusion_cleaned/train/Metal/metal273.jpg,prepared_datasets/combined_6class_confusion_cleaned/train/Metal/metal273.jpg,,,,,,,,
train_Metal_metal274,TrashNet,cleaned_image_classification,train,Metal,Metal,prepared_datasets/combined_6class_confusion_cleaned/train/Metal/metal274.jpg,prepared_datasets/combined_6class_confusion_cleaned/train/Metal/metal274.jpg,prepared_datasets/combined_6class_confusion_cleaned/train/Metal/metal274.jpg,,,,,,,,
train_Metal_metal275,TrashNet,cleaned_image_classification,train,Metal,Metal,prepared_datasets/combined_6class_confusion_cleaned/train/Metal/metal275.jpg,prepared_datasets/combined_6class_confusion_cleaned/train/Metal/metal275.jpg,prepared_datasets/combined_6class_confusion_cleaned/train/Metal/metal275.jpg,,,,,,,,
train_Metal_metal276,TrashNet,cleaned_image_classification,train,Metal,Metal,prepared_datasets/combined_6class_confusion_cleaned/train/Metal/metal276.jpg,prepared_datasets/combined_6class_confusion_cleaned/train/Metal/metal276.jpg,prepared_datasets/combined_6class_confusion_cleaned/train/Metal/metal276.jpg,,,,,,,,
train_Metal_metal28,TrashNet,cleaned_image_classification,train,Metal,Metal,prepared_datasets/combined_6class_confusion_cleaned/train/Metal/metal28.jpg,prepared_datasets/combined_6class_confusion_cleaned/train/Metal/metal28.jpg,prepared_datasets/combined_6class_confusion_cleaned/train/Metal/metal28.jpg,,,,,,,,
train_Metal_metal280,TrashNet,cleaned_image_classification,train,Metal,Metal,prepared_datasets/combined_6class_confusion_cleaned/train/Metal/metal280.jpg,prepared_datasets/combined_6class_confusion_cleaned/train/Metal/metal280.jpg,prepared_datasets/combined_6class_confusion_cleaned/train/Metal/metal280.jpg,,,,,,,,
train_Metal_metal281,TrashNet,cleaned_image_classification,train,Metal,Metal,prepared_datasets/combined_6class_confusion_cleaned/train/Metal/metal281.jpg,prepared_datasets/combined_6class_confusion_cleaned/train/Metal/metal281.jpg,prepared_datasets/combined_6class_confusion_cleaned/train/Metal/metal281.jpg,,,,,,,,
train_Metal_metal284,TrashNet,cleaned_image_classification,train,Metal,Metal,prepared_datasets/combined_6class_confusion_cleaned/train/Metal/metal284.jpg,prepared_datasets/combined_6class_confusion_cleaned/train/Metal/metal284.jpg,prepared_datasets/combined_6class_confusion_cleaned/train/Metal/metal284.jpg,,,,,,,,
train_Metal_metal285,TrashNet,cleaned_image_classification,train,Metal,Metal,prepared_datasets/combined_6class_confusion_cleaned/train/Metal/metal285.jpg,prepared_datasets/combined_6class_confusion_cleaned/train/Metal/metal285.jpg,prepared_datasets/combined_6class_confusion_cleaned/train/Metal/metal285.jpg,,,,,,,,
train_Metal_metal287,TrashNet,cleaned_image_classification,train,Metal,Metal,prepared_datasets/combined_6class_confusion_cleaned/train/Metal/metal287.jpg,prepared_datasets/combined_6class_confusion_cleaned/train/Metal/metal287.jpg,prepared_datasets/combined_6class_confusion_cleaned/train/Metal/metal287.jpg,,,,,,,,
train_Metal_metal289,TrashNet,cleaned_image_classification,train,Metal,Metal,prepared_datasets/combined_6class_confusion_cleaned/train/Metal/metal289.jpg,prepared_datasets/combined_6class_confusion_cleaned/train/Metal/metal289.jpg,prepared_datasets/combined_6class_confusion_cleaned/train/Metal/metal289.jpg,,,,,,,,
train_Metal_metal29,TrashNet,cleaned_image_classification,train,Metal,Metal,prepared_datasets/combined_6class_confusion_cleaned/train/Metal/metal29.jpg,prepared_datasets/combined_6class_confusion_cleaned/train/Metal/metal29.jpg,prepared_datasets/combined_6class_confusion_cleaned/train/Metal/metal29.jpg,,,,,,,,
train_Metal_metal290,TrashNet,cleaned_image_classification,train,Metal,Metal,prepared_datasets/combined_6class_confusion_cleaned/train/Metal/metal290.jpg,prepared_datasets/combined_6class_confusion_cleaned/train/Metal/metal290.jpg,prepared_datasets/combined_6class_confusion_cleaned/train/Metal/metal290.jpg,,,,,,,,
train_Metal_metal293,TrashNet,cleaned_image_classification,train,Metal,Metal,prepared_datasets/combined_6class_confusion_cleaned/train/Metal/metal293.jpg,prepared_datasets/combined_6class_confusion_cleaned/train/Metal/metal293.jpg,prepared_datasets/combined_6class_confusion_cleaned/train/Metal/metal293.jpg,,,,,,,,
train_Metal_metal296,TrashNet,cleaned_image_classification,train,Metal,Metal,prepared_datasets/combined_6class_confusion_cleaned/train/Metal/metal296.jpg,prepared_datasets/combined_6class_confusion_cleaned/train/Metal/metal296.jpg,prepared_datasets/combined_6class_confusion_cleaned/train/Metal/metal296.jpg,,,,,,,,
train_Metal_metal299,TrashNet,cleaned_image_classification,train,Metal,Metal,prepared_datasets/combined_6class_confusion_cleaned/train/Metal/metal299.jpg,prepared_datasets/combined_6class_confusion_cleaned/train/Metal/metal299.jpg,prepared_datasets/combined_6class_confusion_cleaned/train/Metal/metal299.jpg,,,,,,,,
train_Metal_metal3,TrashNet,cleaned_image_classification,train,Metal,Metal,prepared_datasets/combined_6class_confusion_cleaned/train/Metal/metal3.jpg,prepared_datasets/combined_6class_confusion_cleaned/train/Metal/metal3.jpg,prepared_datasets/combined_6class_confusion_cleaned/train/Metal/metal3.jpg,,,,,,,,
train_Metal_metal300,TrashNet,cleaned_image_classification,train,Metal,Metal,prepared_datasets/combined_6class_confusion_cleaned/train/Metal/metal300.jpg,prepared_datasets/combined_6class_confusion_cleaned/train/Metal/metal300.jpg,prepared_datasets/combined_6class_confusion_cleaned/train/Metal/metal300.jpg,,,,,,,,
train_Metal_metal303,TrashNet,cleaned_image_classification,train,Metal,Metal,prepared_datasets/combined_6class_confusion_cleaned/train/Metal/metal303.jpg,prepared_datasets/combined_6class_confusion_cleaned/train/Metal/metal303.jpg,prepared_datasets/combined_6class_confusion_cleaned/train/Metal/metal303.jpg,,,,,,,,
train_Metal_metal306,TrashNet,cleaned_image_classification,train,Metal,Metal,prepared_datasets/combined_6class_confusion_cleaned/train/Metal/metal306.jpg,prepared_datasets/combined_6class_confusion_cleaned/train/Metal/metal306.jpg,prepared_datasets/combined_6class_confusion_cleaned/train/Metal/metal306.jpg,,,,,,,,
train_Metal_metal307,TrashNet,cleaned_image_classification,train,Metal,Metal,prepared_datasets/combined_6class_confusion_cleaned/train/Metal/metal307.jpg,prepared_datasets/combined_6class_confusion_cleaned/train/Metal/metal307.jpg,prepared_datasets/combined_6class_confusion_cleaned/train/Metal/metal307.jpg,,,,,,,,
train_Metal_metal309,TrashNet,cleaned_image_classification,train,Metal,Metal,prepared_datasets/combined_6class_confusion_cleaned/train/Metal/metal309.jpg,prepared_datasets/combined_6class_confusion_cleaned/train/Metal/metal309.jpg,prepared_datasets/combined_6class_confusion_cleaned/train/Metal/metal309.jpg,,,,,,,,
train_Metal_metal310,TrashNet,cleaned_image_classification,train,Metal,Metal,prepared_datasets/combined_6class_confusion_cleaned/train/Metal/metal310.jpg,prepared_datasets/combined_6class_confusion_cleaned/train/Metal/metal310.jpg,prepared_datasets/combined_6class_confusion_cleaned/train/Metal/metal310.jpg,,,,,,,,
train_Metal_metal311,TrashNet,cleaned_image_classification,train,Metal,Metal,prepared_datasets/combined_6class_confusion_cleaned/train/Metal/metal311.jpg,prepared_datasets/combined_6class_confusion_cleaned/train/Metal/metal311.jpg,prepared_datasets/combined_6class_confusion_cleaned/train/Metal/metal311.jpg,,,,,,,,
train_Metal_metal313,TrashNet,cleaned_image_classification,train,Metal,Metal,prepared_datasets/combined_6class_confusion_cleaned/train/Metal/metal313.jpg,prepared_datasets/combined_6class_confusion_cleaned/train/Metal/metal313.jpg,prepared_datasets/combined_6class_confusion_cleaned/train/Metal/metal313.jpg,,,,,,,,
train_Metal_metal314,TrashNet,cleaned_image_classification,train,Metal,Metal,prepared_datasets/combined_6class_confusion_cleaned/train/Metal/metal314.jpg,prepared_datasets/combined_6class_confusion_cleaned/train/Metal/metal314.jpg,prepared_datasets/combined_6class_confusion_cleaned/train/Metal/metal314.jpg,,,,,,,,
train_Metal_metal319,TrashNet,cleaned_image_classification,train,Metal,Metal,prepared_datasets/combined_6class_confusion_cleaned/train/Metal/metal319.jpg,prepared_datasets/combined_6class_confusion_cleaned/train/Metal/metal319.jpg,prepared_datasets/combined_6class_confusion_cleaned/train/Metal/metal319.jpg,,,,,,,,
train_Metal_metal320,TrashNet,cleaned_image_classification,train,Metal,Metal,prepared_datasets/combined_6class_confusion_cleaned/train/Metal/metal320.jpg,prepared_datasets/combined_6class_confusion_cleaned/train/Metal/metal320.jpg,prepared_datasets/combined_6class_confusion_cleaned/train/Metal/metal320.jpg,,,,,,,,
train_Metal_metal321,TrashNet,cleaned_image_classification,train,Metal,Metal,prepared_datasets/combined_6class_confusion_cleaned/train/Metal/metal321.jpg,prepared_datasets/combined_6class_confusion_cleaned/train/Metal/metal321.jpg,prepared_datasets/combined_6class_confusion_cleaned/train/Metal/metal321.jpg,,,,,,,,
train_Metal_metal322,TrashNet,cleaned_image_classification,train,Metal,Metal,prepared_datasets/combined_6class_confusion_cleaned/train/Metal/metal322.jpg,prepared_datasets/combined_6class_confusion_cleaned/train/Metal/metal322.jpg,prepared_datasets/combined_6class_confusion_cleaned/train/Metal/metal322.jpg,,,,,,,,
train_Metal_metal323,TrashNet,cleaned_image_classification,train,Metal,Metal,prepared_datasets/combined_6class_confusion_cleaned/train/Metal/metal323.jpg,prepared_datasets/combined_6class_confusion_cleaned/train/Metal/metal323.jpg,prepared_datasets/combined_6class_confusion_cleaned/train/Metal/metal323.jpg,,,,,,,,
train_Metal_metal324,TrashNet,cleaned_image_classification,train,Metal,Metal,prepared_datasets/combined_6class_confusion_cleaned/train/Metal/metal324.jpg,prepared_datasets/combined_6class_confusion_cleaned/train/Metal/metal324.jpg,prepared_datasets/combined_6class_confusion_cleaned/train/Metal/metal324.jpg,,,,,,,,
train_Metal_metal325,TrashNet,cleaned_image_classification,train,Metal,Metal,prepared_datasets/combined_6class_confusion_cleaned/train/Metal/metal325.jpg,prepared_datasets/combined_6class_confusion_cleaned/train/Metal/metal325.jpg,prepared_datasets/combined_6class_confusion_cleaned/train/Metal/metal325.jpg,,,,,,,,
train_Metal_metal33,TrashNet,cleaned_image_classification,train,Metal,Metal,prepared_datasets/combined_6class_confusion_cleaned/train/Metal/metal33.jpg,prepared_datasets/combined_6class_confusion_cleaned/train/Metal/metal33.jpg,prepared_datasets/combined_6class_confusion_cleaned/train/Metal/metal33.jpg,,,,,,,,
train_Metal_metal330,TrashNet,cleaned_image_classification,train,Metal,Metal,prepared_datasets/combined_6class_confusion_cleaned/train/Metal/metal330.jpg,prepared_datasets/combined_6class_confusion_cleaned/train/Metal/metal330.jpg,prepared_datasets/combined_6class_confusion_cleaned/train/Metal/metal330.jpg,,,,,,,,
train_Metal_metal331,TrashNet,cleaned_image_classification,train,Metal,Metal,prepared_datasets/combined_6class_confusion_cleaned/train/Metal/metal331.jpg,prepared_datasets/combined_6class_confusion_cleaned/train/Metal/metal331.jpg,prepared_datasets/combined_6class_confusion_cleaned/train/Metal/metal331.jpg,,,,,,,,
train_Metal_metal333,TrashNet,cleaned_image_classification,train,Metal,Metal,prepared_datasets/combined_6class_confusion_cleaned/train/Metal/metal333.jpg,prepared_datasets/combined_6class_confusion_cleaned/train/Metal/metal333.jpg,prepared_datasets/combined_6class_confusion_cleaned/train/Metal/metal333.jpg,,,,,,,,
train_Metal_metal334,TrashNet,cleaned_image_classification,train,Metal,Metal,prepared_datasets/combined_6class_confusion_cleaned/train/Metal/metal334.jpg,prepared_datasets/combined_6class_confusion_cleaned/train/Metal/metal334.jpg,prepared_datasets/combined_6class_confusion_cleaned/train/Metal/metal334.jpg,,,,,,,,
train_Metal_metal335,TrashNet,cleaned_image_classification,train,Metal,Metal,prepared_datasets/combined_6class_confusion_cleaned/train/Metal/metal335.jpg,prepared_datasets/combined_6class_confusion_cleaned/train/Metal/metal335.jpg,prepared_datasets/combined_6class_confusion_cleaned/train/Metal/metal335.jpg,,,,,,,,
train_Metal_metal337,TrashNet,cleaned_image_classification,train,Metal,Metal,prepared_datasets/combined_6class_confusion_cleaned/train/Metal/metal337.jpg,prepared_datasets/combined_6class_confusion_cleaned/train/Metal/metal337.jpg,prepared_datasets/combined_6class_confusion_cleaned/train/Metal/metal337.jpg,,,,,,,,
train_Metal_metal339,TrashNet,cleaned_image_classification,train,Metal,Metal,prepared_datasets/combined_6class_confusion_cleaned/train/Metal/metal339.jpg,prepared_datasets/combined_6class_confusion_cleaned/train/Metal/metal339.jpg,prepared_datasets/combined_6class_confusion_cleaned/train/Metal/metal339.jpg,,,,,,,,
train_Metal_metal34,TrashNet,cleaned_image_classification,train,Metal,Metal,prepared_datasets/combined_6class_confusion_cleaned/train/Metal/metal34.jpg,prepared_datasets/combined_6class_confusion_cleaned/train/Metal/metal34.jpg,prepared_datasets/combined_6class_confusion_cleaned/train/Metal/metal34.jpg,,,,,,,,
train_Metal_metal343,TrashNet,cleaned_image_classification,train,Metal,Metal,prepared_datasets/combined_6class_confusion_cleaned/train/Metal/metal343.jpg,prepared_datasets/combined_6class_confusion_cleaned/train/Metal/metal343.jpg,prepared_datasets/combined_6class_confusion_cleaned/train/Metal/metal343.jpg,,,,,,,,
train_Metal_metal344,TrashNet,cleaned_image_classification,train,Metal,Metal,prepared_datasets/combined_6class_confusion_cleaned/train/Metal/metal344.jpg,prepared_datasets/combined_6class_confusion_cleaned/train/Metal/metal344.jpg,prepared_datasets/combined_6class_confusion_cleaned/train/Metal/metal344.jpg,,,,,,,,
train_Metal_metal345,TrashNet,cleaned_image_classification,train,Metal,Metal,prepared_datasets/combined_6class_confusion_cleaned/train/Metal/metal345.jpg,prepared_datasets/combined_6class_confusion_cleaned/train/Metal/metal345.jpg,prepared_datasets/combined_6class_confusion_cleaned/train/Metal/metal345.jpg,,,,,,,,
train_Metal_metal347,TrashNet,cleaned_image_classification,train,Metal,Metal,prepared_datasets/combined_6class_confusion_cleaned/train/Metal/metal347.jpg,prepared_datasets/combined_6class_confusion_cleaned/train/Metal/metal347.jpg,prepared_datasets/combined_6class_confusion_cleaned/train/Metal/metal347.jpg,,,,,,,,
train_Metal_metal348,TrashNet,cleaned_image_classification,train,Metal,Metal,prepared_datasets/combined_6class_confusion_cleaned/train/Metal/metal348.jpg,prepared_datasets/combined_6class_confusion_cleaned/train/Metal/metal348.jpg,prepared_datasets/combined_6class_confusion_cleaned/train/Metal/metal348.jpg,,,,,,,,
train_Metal_metal349,TrashNet,cleaned_image_classification,train,Metal,Metal,prepared_datasets/combined_6class_confusion_cleaned/train/Metal/metal349.jpg,prepared_datasets/combined_6class_confusion_cleaned/train/Metal/metal349.jpg,prepared_datasets/combined_6class_confusion_cleaned/train/Metal/metal349.jpg,,,,,,,,
train_Metal_metal352,TrashNet,cleaned_image_classification,train,Metal,Metal,prepared_datasets/combined_6class_confusion_cleaned/train/Metal/metal352.jpg,prepared_datasets/combined_6class_confusion_cleaned/train/Metal/metal352.jpg,prepared_datasets/combined_6class_confusion_cleaned/train/Metal/metal352.jpg,,,,,,,,
train_Metal_metal353,TrashNet,cleaned_image_classification,train,Metal,Metal,prepared_datasets/combined_6class_confusion_cleaned/train/Metal/metal353.jpg,prepared_datasets/combined_6class_confusion_cleaned/train/Metal/metal353.jpg,prepared_datasets/combined_6class_confusion_cleaned/train/Metal/metal353.jpg,,,,,,,,
train_Metal_metal355,TrashNet,cleaned_image_classification,train,Metal,Metal,prepared_datasets/combined_6class_confusion_cleaned/train/Metal/metal355.jpg,prepared_datasets/combined_6class_confusion_cleaned/train/Metal/metal355.jpg,prepared_datasets/combined_6class_confusion_cleaned/train/Metal/metal355.jpg,,,,,,,,
train_Metal_metal356,TrashNet,cleaned_image_classification,train,Metal,Metal,prepared_datasets/combined_6class_confusion_cleaned/train/Metal/metal356.jpg,prepared_datasets/combined_6class_confusion_cleaned/train/Metal/metal356.jpg,prepared_datasets/combined_6class_confusion_cleaned/train/Metal/metal356.jpg,,,,,,,,
train_Metal_metal357,TrashNet,cleaned_image_classification,train,Metal,Metal,prepared_datasets/combined_6class_confusion_cleaned/train/Metal/metal357.jpg,prepared_datasets/combined_6class_confusion_cleaned/train/Metal/metal357.jpg,prepared_datasets/combined_6class_confusion_cleaned/train/Metal/metal357.jpg,,,,,,,,
train_Metal_metal358,TrashNet,cleaned_image_classification,train,Metal,Metal,prepared_datasets/combined_6class_confusion_cleaned/train/Metal/metal358.jpg,prepared_datasets/combined_6class_confusion_cleaned/train/Metal/metal358.jpg,prepared_datasets/combined_6class_confusion_cleaned/train/Metal/metal358.jpg,,,,,,,,
train_Metal_metal359,TrashNet,cleaned_image_classification,train,Metal,Metal,prepared_datasets/combined_6class_confusion_cleaned/train/Metal/metal359.jpg,prepared_datasets/combined_6class_confusion_cleaned/train/Metal/metal359.jpg,prepared_datasets/combined_6class_confusion_cleaned/train/Metal/metal359.jpg,,,,,,,,
train_Metal_metal360,TrashNet,cleaned_image_classification,train,Metal,Metal,prepared_datasets/combined_6class_confusion_cleaned/train/Metal/metal360.jpg,prepared_datasets/combined_6class_confusion_cleaned/train/Metal/metal360.jpg,prepared_datasets/combined_6class_confusion_cleaned/train/Metal/metal360.jpg,,,,,,,,
train_Metal_metal361,TrashNet,cleaned_image_classification,train,Metal,Metal,prepared_datasets/combined_6class_confusion_cleaned/train/Metal/metal361.jpg,prepared_datasets/combined_6class_confusion_cleaned/train/Metal/metal361.jpg,prepared_datasets/combined_6class_confusion_cleaned/train/Metal/metal361.jpg,,,,,,,,
train_Metal_metal365,TrashNet,cleaned_image_classification,train,Metal,Metal,prepared_datasets/combined_6class_confusion_cleaned/train/Metal/metal365.jpg,prepared_datasets/combined_6class_confusion_cleaned/train/Metal/metal365.jpg,prepared_datasets/combined_6class_confusion_cleaned/train/Metal/metal365.jpg,,,,,,,,
train_Metal_metal368,TrashNet,cleaned_image_classification,train,Metal,Metal,prepared_datasets/combined_6class_confusion_cleaned/train/Metal/metal368.jpg,prepared_datasets/combined_6class_confusion_cleaned/train/Metal/metal368.jpg,prepared_datasets/combined_6class_confusion_cleaned/train/Metal/metal368.jpg,,,,,,,,
train_Metal_metal370,TrashNet,cleaned_image_classification,train,Metal,Metal,prepared_datasets/combined_6class_confusion_cleaned/train/Metal/metal370.jpg,prepared_datasets/combined_6class_confusion_cleaned/train/Metal/metal370.jpg,prepared_datasets/combined_6class_confusion_cleaned/train/Metal/metal370.jpg,,,,,,,,
train_Metal_metal371,TrashNet,cleaned_image_classification,train,Metal,Metal,prepared_datasets/combined_6class_confusion_cleaned/train/Metal/metal371.jpg,prepared_datasets/combined_6class_confusion_cleaned/train/Metal/metal371.jpg,prepared_datasets/combined_6class_confusion_cleaned/train/Metal/metal371.jpg,,,,,,,,
train_Metal_metal372,TrashNet,cleaned_image_classification,train,Metal,Metal,prepared_datasets/combined_6class_confusion_cleaned/train/Metal/metal372.jpg,prepared_datasets/combined_6class_confusion_cleaned/train/Metal/metal372.jpg,prepared_datasets/combined_6class_confusion_cleaned/train/Metal/metal372.jpg,,,,,,,,
train_Metal_metal375,TrashNet,cleaned_image_classification,train,Metal,Metal,prepared_datasets/combined_6class_confusion_cleaned/train/Metal/metal375.jpg,prepared_datasets/combined_6class_confusion_cleaned/train/Metal/metal375.jpg,prepared_datasets/combined_6class_confusion_cleaned/train/Metal/metal375.jpg,,,,,,,,
train_Metal_metal376,TrashNet,cleaned_image_classification,train,Metal,Metal,prepared_datasets/combined_6class_confusion_cleaned/train/Metal/metal376.jpg,prepared_datasets/combined_6class_confusion_cleaned/train/Metal/metal376.jpg,prepared_datasets/combined_6class_confusion_cleaned/train/Metal/metal376.jpg,,,,,,,,
train_Metal_metal377,TrashNet,cleaned_image_classification,train,Metal,Metal,prepared_datasets/combined_6class_confusion_cleaned/train/Metal/metal377.jpg,prepared_datasets/combined_6class_confusion_cleaned/train/Metal/metal377.jpg,prepared_datasets/combined_6class_confusion_cleaned/train/Metal/metal377.jpg,,,,,,,,
train_Metal_metal378,TrashNet,cleaned_image_classification,train,Metal,Metal,prepared_datasets/combined_6class_confusion_cleaned/train/Metal/metal378.jpg,prepared_datasets/combined_6class_confusion_cleaned/train/Metal/metal378.jpg,prepared_datasets/combined_6class_confusion_cleaned/train/Metal/metal378.jpg,,,,,,,,
train_Metal_metal379,TrashNet,cleaned_image_classification,train,Metal,Metal,prepared_datasets/combined_6class_confusion_cleaned/train/Metal/metal379.jpg,prepared_datasets/combined_6class_confusion_cleaned/train/Metal/metal379.jpg,prepared_datasets/combined_6class_confusion_cleaned/train/Metal/metal379.jpg,,,,,,,,
train_Metal_metal380,TrashNet,cleaned_image_classification,train,Metal,Metal,prepared_datasets/combined_6class_confusion_cleaned/train/Metal/metal380.jpg,prepared_datasets/combined_6class_confusion_cleaned/train/Metal/metal380.jpg,prepared_datasets/combined_6class_confusion_cleaned/train/Metal/metal380.jpg,,,,,,,,
train_Metal_metal381,TrashNet,cleaned_image_classification,train,Metal,Metal,prepared_datasets/combined_6class_confusion_cleaned/train/Metal/metal381.jpg,prepared_datasets/combined_6class_confusion_cleaned/train/Metal/metal381.jpg,prepared_datasets/combined_6class_confusion_cleaned/train/Metal/metal381.jpg,,,,,,,,
train_Metal_metal385,TrashNet,cleaned_image_classification,train,Metal,Metal,prepared_datasets/combined_6class_confusion_cleaned/train/Metal/metal385.jpg,prepared_datasets/combined_6class_confusion_cleaned/train/Metal/metal385.jpg,prepared_datasets/combined_6class_confusion_cleaned/train/Metal/metal385.jpg,,,,,,,,
train_Metal_metal387,TrashNet,cleaned_image_classification,train,Metal,Metal,prepared_datasets/combined_6class_confusion_cleaned/train/Metal/metal387.jpg,prepared_datasets/combined_6class_confusion_cleaned/train/Metal/metal387.jpg,prepared_datasets/combined_6class_confusion_cleaned/train/Metal/metal387.jpg,,,,,,,,
train_Metal_metal388,TrashNet,cleaned_image_classification,train,Metal,Metal,prepared_datasets/combined_6class_confusion_cleaned/train/Metal/metal388.jpg,prepared_datasets/combined_6class_confusion_cleaned/train/Metal/metal388.jpg,prepared_datasets/combined_6class_confusion_cleaned/train/Metal/metal388.jpg,,,,,,,,
train_Metal_metal39,TrashNet,cleaned_image_classification,train,Metal,Metal,prepared_datasets/combined_6class_confusion_cleaned/train/Metal/metal39.jpg,prepared_datasets/combined_6class_confusion_cleaned/train/Metal/metal39.jpg,prepared_datasets/combined_6class_confusion_cleaned/train/Metal/metal39.jpg,,,,,,,,
train_Metal_metal393,TrashNet,cleaned_image_classification,train,Metal,Metal,prepared_datasets/combined_6class_confusion_cleaned/train/Metal/metal393.jpg,prepared_datasets/combined_6class_confusion_cleaned/train/Metal/metal393.jpg,prepared_datasets/combined_6class_confusion_cleaned/train/Metal/metal393.jpg,,,,,,,,
train_Metal_metal395,TrashNet,cleaned_image_classification,train,Metal,Metal,prepared_datasets/combined_6class_confusion_cleaned/train/Metal/metal395.jpg,prepared_datasets/combined_6class_confusion_cleaned/train/Metal/metal395.jpg,prepared_datasets/combined_6class_confusion_cleaned/train/Metal/metal395.jpg,,,,,,,,
train_Metal_metal397,TrashNet,cleaned_image_classification,train,Metal,Metal,prepared_datasets/combined_6class_confusion_cleaned/train/Metal/metal397.jpg,prepared_datasets/combined_6class_confusion_cleaned/train/Metal/metal397.jpg,prepared_datasets/combined_6class_confusion_cleaned/train/Metal/metal397.jpg,,,,,,,,
train_Metal_metal4,TrashNet,cleaned_image_classification,train,Metal,Metal,prepared_datasets/combined_6class_confusion_cleaned/train/Metal/metal4.jpg,prepared_datasets/combined_6class_confusion_cleaned/train/Metal/metal4.jpg,prepared_datasets/combined_6class_confusion_cleaned/train/Metal/metal4.jpg,,,,,,,,
train_Metal_metal400,TrashNet,cleaned_image_classification,train,Metal,Metal,prepared_datasets/combined_6class_confusion_cleaned/train/Metal/metal400.jpg,prepared_datasets/combined_6class_confusion_cleaned/train/Metal/metal400.jpg,prepared_datasets/combined_6class_confusion_cleaned/train/Metal/metal400.jpg,,,,,,,,
train_Metal_metal402,TrashNet,cleaned_image_classification,train,Metal,Metal,prepared_datasets/combined_6class_confusion_cleaned/train/Metal/metal402.jpg,prepared_datasets/combined_6class_confusion_cleaned/train/Metal/metal402.jpg,prepared_datasets/combined_6class_confusion_cleaned/train/Metal/metal402.jpg,,,,,,,,
train_Metal_metal403,TrashNet,cleaned_image_classification,train,Metal,Metal,prepared_datasets/combined_6class_confusion_cleaned/train/Metal/metal403.jpg,prepared_datasets/combined_6class_confusion_cleaned/train/Metal/metal403.jpg,prepared_datasets/combined_6class_confusion_cleaned/train/Metal/metal403.jpg,,,,,,,,
train_Metal_metal406,TrashNet,cleaned_image_classification,train,Metal,Metal,prepared_datasets/combined_6class_confusion_cleaned/train/Metal/metal406.jpg,prepared_datasets/combined_6class_confusion_cleaned/train/Metal/metal406.jpg,prepared_datasets/combined_6class_confusion_cleaned/train/Metal/metal406.jpg,,,,,,,,
train_Metal_metal408,TrashNet,cleaned_image_classification,train,Metal,Metal,prepared_datasets/combined_6class_confusion_cleaned/train/Metal/metal408.jpg,prepared_datasets/combined_6class_confusion_cleaned/train/Metal/metal408.jpg,prepared_datasets/combined_6class_confusion_cleaned/train/Metal/metal408.jpg,,,,,,,,
train_Metal_metal41,TrashNet,cleaned_image_classification,train,Metal,Metal,prepared_datasets/combined_6class_confusion_cleaned/train/Metal/metal41.jpg,prepared_datasets/combined_6class_confusion_cleaned/train/Metal/metal41.jpg,prepared_datasets/combined_6class_confusion_cleaned/train/Metal/metal41.jpg,,,,,,,,
train_Metal_metal42,TrashNet,cleaned_image_classification,train,Metal,Metal,prepared_datasets/combined_6class_confusion_cleaned/train/Metal/metal42.jpg,prepared_datasets/combined_6class_confusion_cleaned/train/Metal/metal42.jpg,prepared_datasets/combined_6class_confusion_cleaned/train/Metal/metal42.jpg,,,,,,,,
train_Metal_metal43,TrashNet,cleaned_image_classification,train,Metal,Metal,prepared_datasets/combined_6class_confusion_cleaned/train/Metal/metal43.jpg,prepared_datasets/combined_6class_confusion_cleaned/train/Metal/metal43.jpg,prepared_datasets/combined_6class_confusion_cleaned/train/Metal/metal43.jpg,,,,,,,,
train_Metal_metal44,TrashNet,cleaned_image_classification,train,Metal,Metal,prepared_datasets/combined_6class_confusion_cleaned/train/Metal/metal44.jpg,prepared_datasets/combined_6class_confusion_cleaned/train/Metal/metal44.jpg,prepared_datasets/combined_6class_confusion_cleaned/train/Metal/metal44.jpg,,,,,,,,
train_Metal_metal46,TrashNet,cleaned_image_classification,train,Metal,Metal,prepared_datasets/combined_6class_confusion_cleaned/train/Metal/metal46.jpg,prepared_datasets/combined_6class_confusion_cleaned/train/Metal/metal46.jpg,prepared_datasets/combined_6class_confusion_cleaned/train/Metal/metal46.jpg,,,,,,,,
train_Metal_metal49,TrashNet,cleaned_image_classification,train,Metal,Metal,prepared_datasets/combined_6class_confusion_cleaned/train/Metal/metal49.jpg,prepared_datasets/combined_6class_confusion_cleaned/train/Metal/metal49.jpg,prepared_datasets/combined_6class_confusion_cleaned/train/Metal/metal49.jpg,,,,,,,,
train_Metal_metal5,TrashNet,cleaned_image_classification,train,Metal,Metal,prepared_datasets/combined_6class_confusion_cleaned/train/Metal/metal5.jpg,prepared_datasets/combined_6class_confusion_cleaned/train/Metal/metal5.jpg,prepared_datasets/combined_6class_confusion_cleaned/train/Metal/metal5.jpg,,,,,,,,
train_Metal_metal52,TrashNet,cleaned_image_classification,train,Metal,Metal,prepared_datasets/combined_6class_confusion_cleaned/train/Metal/metal52.jpg,prepared_datasets/combined_6class_confusion_cleaned/train/Metal/metal52.jpg,prepared_datasets/combined_6class_confusion_cleaned/train/Metal/metal52.jpg,,,,,,,,
train_Metal_metal54,TrashNet,cleaned_image_classification,train,Metal,Metal,prepared_datasets/combined_6class_confusion_cleaned/train/Metal/metal54.jpg,prepared_datasets/combined_6class_confusion_cleaned/train/Metal/metal54.jpg,prepared_datasets/combined_6class_confusion_cleaned/train/Metal/metal54.jpg,,,,,,,,
train_Metal_metal55,TrashNet,cleaned_image_classification,train,Metal,Metal,prepared_datasets/combined_6class_confusion_cleaned/train/Metal/metal55.jpg,prepared_datasets/combined_6class_confusion_cleaned/train/Metal/metal55.jpg,prepared_datasets/combined_6class_confusion_cleaned/train/Metal/metal55.jpg,,,,,,,,
train_Metal_metal56,TrashNet,cleaned_image_classification,train,Metal,Metal,prepared_datasets/combined_6class_confusion_cleaned/train/Metal/metal56.jpg,prepared_datasets/combined_6class_confusion_cleaned/train/Metal/metal56.jpg,prepared_datasets/combined_6class_confusion_cleaned/train/Metal/metal56.jpg,,,,,,,,
train_Metal_metal57,TrashNet,cleaned_image_classification,train,Metal,Metal,prepared_datasets/combined_6class_confusion_cleaned/train/Metal/metal57.jpg,prepared_datasets/combined_6class_confusion_cleaned/train/Metal/metal57.jpg,prepared_datasets/combined_6class_confusion_cleaned/train/Metal/metal57.jpg,,,,,,,,
train_Metal_metal58,TrashNet,cleaned_image_classification,train,Metal,Metal,prepared_datasets/combined_6class_confusion_cleaned/train/Metal/metal58.jpg,prepared_datasets/combined_6class_confusion_cleaned/train/Metal/metal58.jpg,prepared_datasets/combined_6class_confusion_cleaned/train/Metal/metal58.jpg,,,,,,,,
train_Metal_metal6,TrashNet,cleaned_image_classification,train,Metal,Metal,prepared_datasets/combined_6class_confusion_cleaned/train/Metal/metal6.jpg,prepared_datasets/combined_6class_confusion_cleaned/train/Metal/metal6.jpg,prepared_datasets/combined_6class_confusion_cleaned/train/Metal/metal6.jpg,,,,,,,,
train_Metal_metal64,TrashNet,cleaned_image_classification,train,Metal,Metal,prepared_datasets/combined_6class_confusion_cleaned/train/Metal/metal64.jpg,prepared_datasets/combined_6class_confusion_cleaned/train/Metal/metal64.jpg,prepared_datasets/combined_6class_confusion_cleaned/train/Metal/metal64.jpg,,,,,,,,
train_Metal_metal67,TrashNet,cleaned_image_classification,train,Metal,Metal,prepared_datasets/combined_6class_confusion_cleaned/train/Metal/metal67.jpg,prepared_datasets/combined_6class_confusion_cleaned/train/Metal/metal67.jpg,prepared_datasets/combined_6class_confusion_cleaned/train/Metal/metal67.jpg,,,,,,,,
train_Metal_metal68,TrashNet,cleaned_image_classification,train,Metal,Metal,prepared_datasets/combined_6class_confusion_cleaned/train/Metal/metal68.jpg,prepared_datasets/combined_6class_confusion_cleaned/train/Metal/metal68.jpg,prepared_datasets/combined_6class_confusion_cleaned/train/Metal/metal68.jpg,,,,,,,,
train_Metal_metal7,TrashNet,cleaned_image_classification,train,Metal,Metal,prepared_datasets/combined_6class_confusion_cleaned/train/Metal/metal7.jpg,prepared_datasets/combined_6class_confusion_cleaned/train/Metal/metal7.jpg,prepared_datasets/combined_6class_confusion_cleaned/train/Metal/metal7.jpg,,,,,,,,
train_Metal_metal73,TrashNet,cleaned_image_classification,train,Metal,Metal,prepared_datasets/combined_6class_confusion_cleaned/train/Metal/metal73.jpg,prepared_datasets/combined_6class_confusion_cleaned/train/Metal/metal73.jpg,prepared_datasets/combined_6class_confusion_cleaned/train/Metal/metal73.jpg,,,,,,,,
train_Metal_metal74,TrashNet,cleaned_image_classification,train,Metal,Metal,prepared_datasets/combined_6class_confusion_cleaned/train/Metal/metal74.jpg,prepared_datasets/combined_6class_confusion_cleaned/train/Metal/metal74.jpg,prepared_datasets/combined_6class_confusion_cleaned/train/Metal/metal74.jpg,,,,,,,,
train_Metal_metal75,TrashNet,cleaned_image_classification,train,Metal,Metal,prepared_datasets/combined_6class_confusion_cleaned/train/Metal/metal75.jpg,prepared_datasets/combined_6class_confusion_cleaned/train/Metal/metal75.jpg,prepared_datasets/combined_6class_confusion_cleaned/train/Metal/metal75.jpg,,,,,,,,
train_Metal_metal76,TrashNet,cleaned_image_classification,train,Metal,Metal,prepared_datasets/combined_6class_confusion_cleaned/train/Metal/metal76.jpg,prepared_datasets/combined_6class_confusion_cleaned/train/Metal/metal76.jpg,prepared_datasets/combined_6class_confusion_cleaned/train/Metal/metal76.jpg,,,,,,,,
train_Metal_metal79,TrashNet,cleaned_image_classification,train,Metal,Metal,prepared_datasets/combined_6class_confusion_cleaned/train/Metal/metal79.jpg,prepared_datasets/combined_6class_confusion_cleaned/train/Metal/metal79.jpg,prepared_datasets/combined_6class_confusion_cleaned/train/Metal/metal79.jpg,,,,,,,,
train_Metal_metal8,TrashNet,cleaned_image_classification,train,Metal,Metal,prepared_datasets/combined_6class_confusion_cleaned/train/Metal/metal8.jpg,prepared_datasets/combined_6class_confusion_cleaned/train/Metal/metal8.jpg,prepared_datasets/combined_6class_confusion_cleaned/train/Metal/metal8.jpg,,,,,,,,
train_Metal_metal80,TrashNet,cleaned_image_classification,train,Metal,Metal,prepared_datasets/combined_6class_confusion_cleaned/train/Metal/metal80.jpg,prepared_datasets/combined_6class_confusion_cleaned/train/Metal/metal80.jpg,prepared_datasets/combined_6class_confusion_cleaned/train/Metal/metal80.jpg,,,,,,,,
train_Metal_metal81,TrashNet,cleaned_image_classification,train,Metal,Metal,prepared_datasets/combined_6class_confusion_cleaned/train/Metal/metal81.jpg,prepared_datasets/combined_6class_confusion_cleaned/train/Metal/metal81.jpg,prepared_datasets/combined_6class_confusion_cleaned/train/Metal/metal81.jpg,,,,,,,,
train_Metal_metal83,TrashNet,cleaned_image_classification,train,Metal,Metal,prepared_datasets/combined_6class_confusion_cleaned/train/Metal/metal83.jpg,prepared_datasets/combined_6class_confusion_cleaned/train/Metal/metal83.jpg,prepared_datasets/combined_6class_confusion_cleaned/train/Metal/metal83.jpg,,,,,,,,
train_Metal_metal84,TrashNet,cleaned_image_classification,train,Metal,Metal,prepared_datasets/combined_6class_confusion_cleaned/train/Metal/metal84.jpg,prepared_datasets/combined_6class_confusion_cleaned/train/Metal/metal84.jpg,prepared_datasets/combined_6class_confusion_cleaned/train/Metal/metal84.jpg,,,,,,,,
train_Metal_metal85,TrashNet,cleaned_image_classification,train,Metal,Metal,prepared_datasets/combined_6class_confusion_cleaned/train/Metal/metal85.jpg,prepared_datasets/combined_6class_confusion_cleaned/train/Metal/metal85.jpg,prepared_datasets/combined_6class_confusion_cleaned/train/Metal/metal85.jpg,,,,,,,,
train_Metal_metal86,TrashNet,cleaned_image_classification,train,Metal,Metal,prepared_datasets/combined_6class_confusion_cleaned/train/Metal/metal86.jpg,prepared_datasets/combined_6class_confusion_cleaned/train/Metal/metal86.jpg,prepared_datasets/combined_6class_confusion_cleaned/train/Metal/metal86.jpg,,,,,,,,
train_Metal_metal88,TrashNet,cleaned_image_classification,train,Metal,Metal,prepared_datasets/combined_6class_confusion_cleaned/train/Metal/metal88.jpg,prepared_datasets/combined_6class_confusion_cleaned/train/Metal/metal88.jpg,prepared_datasets/combined_6class_confusion_cleaned/train/Metal/metal88.jpg,,,,,,,,
train_Metal_metal89,TrashNet,cleaned_image_classification,train,Metal,Metal,prepared_datasets/combined_6class_confusion_cleaned/train/Metal/metal89.jpg,prepared_datasets/combined_6class_confusion_cleaned/train/Metal/metal89.jpg,prepared_datasets/combined_6class_confusion_cleaned/train/Metal/metal89.jpg,,,,,,,,
train_Metal_metal9,TrashNet,cleaned_image_classification,train,Metal,Metal,prepared_datasets/combined_6class_confusion_cleaned/train/Metal/metal9.jpg,prepared_datasets/combined_6class_confusion_cleaned/train/Metal/metal9.jpg,prepared_datasets/combined_6class_confusion_cleaned/train/Metal/metal9.jpg,,,,,,,,
train_Metal_metal90,TrashNet,cleaned_image_classification,train,Metal,Metal,prepared_datasets/combined_6class_confusion_cleaned/train/Metal/metal90.jpg,prepared_datasets/combined_6class_confusion_cleaned/train/Metal/metal90.jpg,prepared_datasets/combined_6class_confusion_cleaned/train/Metal/metal90.jpg,,,,,,,,
train_Metal_metal92,TrashNet,cleaned_image_classification,train,Metal,Metal,prepared_datasets/combined_6class_confusion_cleaned/train/Metal/metal92.jpg,prepared_datasets/combined_6class_confusion_cleaned/train/Metal/metal92.jpg,prepared_datasets/combined_6class_confusion_cleaned/train/Metal/metal92.jpg,,,,,,,,
train_Metal_metal93,TrashNet,cleaned_image_classification,train,Metal,Metal,prepared_datasets/combined_6class_confusion_cleaned/train/Metal/metal93.jpg,prepared_datasets/combined_6class_confusion_cleaned/train/Metal/metal93.jpg,prepared_datasets/combined_6class_confusion_cleaned/train/Metal/metal93.jpg,,,,,,,,
train_Metal_metal94,TrashNet,cleaned_image_classification,train,Metal,Metal,prepared_datasets/combined_6class_confusion_cleaned/train/Metal/metal94.jpg,prepared_datasets/combined_6class_confusion_cleaned/train/Metal/metal94.jpg,prepared_datasets/combined_6class_confusion_cleaned/train/Metal/metal94.jpg,,,,,,,,
train_Metal_metal96,TrashNet,cleaned_image_classification,train,Metal,Metal,prepared_datasets/combined_6class_confusion_cleaned/train/Metal/metal96.jpg,prepared_datasets/combined_6class_confusion_cleaned/train/Metal/metal96.jpg,prepared_datasets/combined_6class_confusion_cleaned/train/Metal/metal96.jpg,,,,,,,,
train_Metal_metal97,TrashNet,cleaned_image_classification,train,Metal,Metal,prepared_datasets/combined_6class_confusion_cleaned/train/Metal/metal97.jpg,prepared_datasets/combined_6class_confusion_cleaned/train/Metal/metal97.jpg,prepared_datasets/combined_6class_confusion_cleaned/train/Metal/metal97.jpg,,,,,,,,
train_Metal_metal98,TrashNet,cleaned_image_classification,train,Metal,Metal,prepared_datasets/combined_6class_confusion_cleaned/train/Metal/metal98.jpg,prepared_datasets/combined_6class_confusion_cleaned/train/Metal/metal98.jpg,prepared_datasets/combined_6class_confusion_cleaned/train/Metal/metal98.jpg,,,,,,,,
train_Metal_metal99,TrashNet,cleaned_image_classification,train,Metal,Metal,prepared_datasets/combined_6class_confusion_cleaned/train/Metal/metal99.jpg,prepared_datasets/combined_6class_confusion_cleaned/train/Metal/metal99.jpg,prepared_datasets/combined_6class_confusion_cleaned/train/Metal/metal99.jpg,,,,,,,,
train_Organic_000054_ann2835,TACO,cleaned_image_classification,train,Organic,Organic,prepared_datasets/combined_6class_confusion_cleaned/train/Organic/000054_ann2835.jpg,prepared_datasets/combined_6class_confusion_cleaned/train/Organic/000054_ann2835.jpg,prepared_datasets/combined_6class_confusion_cleaned/train/Organic/000054_ann2835.jpg,,,,,,,,
train_Organic_000119_ann244,TACO,cleaned_image_classification,train,Organic,Organic,prepared_datasets/combined_6class_confusion_cleaned/train/Organic/000119_ann244.jpg,prepared_datasets/combined_6class_confusion_cleaned/train/Organic/000119_ann244.jpg,prepared_datasets/combined_6class_confusion_cleaned/train/Organic/000119_ann244.jpg,,,,,,,,
train_Other_000000_ann686,TACO,cleaned_image_classification,train,Other,Other,prepared_datasets/combined_6class_confusion_cleaned/train/Other/000000_ann686.jpg,prepared_datasets/combined_6class_confusion_cleaned/train/Other/000000_ann686.jpg,prepared_datasets/combined_6class_confusion_cleaned/train/Other/000000_ann686.jpg,,,,,,,,
train_Other_000001_ann690,TACO,cleaned_image_classification,train,Other,Other,prepared_datasets/combined_6class_confusion_cleaned/train/Other/000001_ann690.jpg,prepared_datasets/combined_6class_confusion_cleaned/train/Other/000001_ann690.jpg,prepared_datasets/combined_6class_confusion_cleaned/train/Other/000001_ann690.jpg,,,,,,,,
train_Other_000002_ann692,TACO,cleaned_image_classification,train,Other,Other,prepared_datasets/combined_6class_confusion_cleaned/train/Other/000002_ann692.jpg,prepared_datasets/combined_6class_confusion_cleaned/train/Other/000002_ann692.jpg,prepared_datasets/combined_6class_confusion_cleaned/train/Other/000002_ann692.jpg,,,,,,,,
train_Other_000004_ann698,TACO,cleaned_image_classification,train,Other,Other,prepared_datasets/combined_6class_confusion_cleaned/train/Other/000004_ann698.jpg,prepared_datasets/combined_6class_confusion_cleaned/train/Other/000004_ann698.jpg,prepared_datasets/combined_6class_confusion_cleaned/train/Other/000004_ann698.jpg,,,,,,,,
train_Other_000005_ann2207,TACO,cleaned_image_classification,train,Other,Other,prepared_datasets/combined_6class_confusion_cleaned/train/Other/000005_ann2207.jpg,prepared_datasets/combined_6class_confusion_cleaned/train/Other/000005_ann2207.jpg,prepared_datasets/combined_6class_confusion_cleaned/train/Other/000005_ann2207.jpg,,,,,,,,
train_Other_000005_ann701,TACO,cleaned_image_classification,train,Other,Other,prepared_datasets/combined_6class_confusion_cleaned/train/Other/000005_ann701.jpg,prepared_datasets/combined_6class_confusion_cleaned/train/Other/000005_ann701.jpg,prepared_datasets/combined_6class_confusion_cleaned/train/Other/000005_ann701.jpg,,,,,,,,
train_Other_000006_ann2212,TACO,cleaned_image_classification,train,Other,Other,prepared_datasets/combined_6class_confusion_cleaned/train/Other/000006_ann2212.jpg,prepared_datasets/combined_6class_confusion_cleaned/train/Other/000006_ann2212.jpg,prepared_datasets/combined_6class_confusion_cleaned/train/Other/000006_ann2212.jpg,,,,,,,,
train_Other_000007_ann706,TACO,cleaned_image_classification,train,Other,Other,prepared_datasets/combined_6class_confusion_cleaned/train/Other/000007_ann706.jpg,prepared_datasets/combined_6class_confusion_cleaned/train/Other/000007_ann706.jpg,prepared_datasets/combined_6class_confusion_cleaned/train/Other/000007_ann706.jpg,,,,,,,,
train_Other_000008_ann4495,TACO,cleaned_image_classification,train,Other,Other,prepared_datasets/combined_6class_confusion_cleaned/train/Other/000008_ann4495.jpg,prepared_datasets/combined_6class_confusion_cleaned/train/Other/000008_ann4495.jpg,prepared_datasets/combined_6class_confusion_cleaned/train/Other/000008_ann4495.jpg,,,,,,,,
train_Other_000008_ann707,TACO,cleaned_image_classification,train,Other,Other,prepared_datasets/combined_6class_confusion_cleaned/train/Other/000008_ann707.jpg,prepared_datasets/combined_6class_confusion_cleaned/train/Other/000008_ann707.jpg,prepared_datasets/combined_6class_confusion_cleaned/train/Other/000008_ann707.jpg,,,,,,,,
train_Other_000009_ann710,TACO,cleaned_image_classification,train,Other,Other,prepared_datasets/combined_6class_confusion_cleaned/train/Other/000009_ann710.jpg,prepared_datasets/combined_6class_confusion_cleaned/train/Other/000009_ann710.jpg,prepared_datasets/combined_6class_confusion_cleaned/train/Other/000009_ann710.jpg,,,,,,,,
train_Other_000013_ann3562,TACO,cleaned_image_classification,train,Other,Other,prepared_datasets/combined_6class_confusion_cleaned/train/Other/000013_ann3562.jpg,prepared_datasets/combined_6class_confusion_cleaned/train/Other/000013_ann3562.jpg,prepared_datasets/combined_6class_confusion_cleaned/train/Other/000013_ann3562.jpg,,,,,,,,
train_Other_000014_ann27,TACO,cleaned_image_classification,train,Other,Other,prepared_datasets/combined_6class_confusion_cleaned/train/Other/000014_ann27.jpg,prepared_datasets/combined_6class_confusion_cleaned/train/Other/000014_ann27.jpg,prepared_datasets/combined_6class_confusion_cleaned/train/Other/000014_ann27.jpg,,,,,,,,
train_Other_000014_ann725,TACO,cleaned_image_classification,train,Other,Other,prepared_datasets/combined_6class_confusion_cleaned/train/Other/000014_ann725.jpg,prepared_datasets/combined_6class_confusion_cleaned/train/Other/000014_ann725.jpg,prepared_datasets/combined_6class_confusion_cleaned/train/Other/000014_ann725.jpg,,,,,,,,
train_Other_000015_ann100,TACO,cleaned_image_classification,train,Other,Other,prepared_datasets/combined_6class_confusion_cleaned/train/Other/000015_ann100.jpg,prepared_datasets/combined_6class_confusion_cleaned/train/Other/000015_ann100.jpg,prepared_datasets/combined_6class_confusion_cleaned/train/Other/000015_ann100.jpg,,,,,,,,
train_Other_000015_ann726,TACO,cleaned_image_classification,train,Other,Other,prepared_datasets/combined_6class_confusion_cleaned/train/Other/000015_ann726.jpg,prepared_datasets/combined_6class_confusion_cleaned/train/Other/000015_ann726.jpg,prepared_datasets/combined_6class_confusion_cleaned/train/Other/000015_ann726.jpg,,,,,,,,
train_Other_000015_ann727,TACO,cleaned_image_classification,train,Other,Other,prepared_datasets/combined_6class_confusion_cleaned/train/Other/000015_ann727.jpg,prepared_datasets/combined_6class_confusion_cleaned/train/Other/000015_ann727.jpg,prepared_datasets/combined_6class_confusion_cleaned/train/Other/000015_ann727.jpg,,,,,,,,
train_Other_000016_ann732,TACO,cleaned_image_classification,train,Other,Other,prepared_datasets/combined_6class_confusion_cleaned/train/Other/000016_ann732.jpg,prepared_datasets/combined_6class_confusion_cleaned/train/Other/000016_ann732.jpg,prepared_datasets/combined_6class_confusion_cleaned/train/Other/000016_ann732.jpg,,,,,,,,
train_Other_000017_ann733,TACO,cleaned_image_classification,train,Other,Other,prepared_datasets/combined_6class_confusion_cleaned/train/Other/000017_ann733.jpg,prepared_datasets/combined_6class_confusion_cleaned/train/Other/000017_ann733.jpg,prepared_datasets/combined_6class_confusion_cleaned/train/Other/000017_ann733.jpg,,,,,,,,
train_Other_000017_ann956,TACO,cleaned_image_classification,train,Other,Other,prepared_datasets/combined_6class_confusion_cleaned/train/Other/000017_ann956.jpg,prepared_datasets/combined_6class_confusion_cleaned/train/Other/000017_ann956.jpg,prepared_datasets/combined_6class_confusion_cleaned/train/Other/000017_ann956.jpg,,,,,,,,
train_Other_000018_ann3663,TACO,cleaned_image_classification,train,Other,Other,prepared_datasets/combined_6class_confusion_cleaned/train/Other/000018_ann3663.jpg,prepared_datasets/combined_6class_confusion_cleaned/train/Other/000018_ann3663.jpg,prepared_datasets/combined_6class_confusion_cleaned/train/Other/000018_ann3663.jpg,,,,,,,,
train_Other_000020_ann3091,TACO,cleaned_image_classification,train,Other,Other,prepared_datasets/combined_6class_confusion_cleaned/train/Other/000020_ann3091.jpg,prepared_datasets/combined_6class_confusion_cleaned/train/Other/000020_ann3091.jpg,prepared_datasets/combined_6class_confusion_cleaned/train/Other/000020_ann3091.jpg,,,,,,,,
train_Other_000022_ann1973,TACO,cleaned_image_classification,train,Other,Other,prepared_datasets/combined_6class_confusion_cleaned/train/Other/000022_ann1973.jpg,prepared_datasets/combined_6class_confusion_cleaned/train/Other/000022_ann1973.jpg,prepared_datasets/combined_6class_confusion_cleaned/train/Other/000022_ann1973.jpg,,,,,,,,
train_Other_000023_ann2241,TACO,cleaned_image_classification,train,Other,Other,prepared_datasets/combined_6class_confusion_cleaned/train/Other/000023_ann2241.jpg,prepared_datasets/combined_6class_confusion_cleaned/train/Other/000023_ann2241.jpg,prepared_datasets/combined_6class_confusion_cleaned/train/Other/000023_ann2241.jpg,,,,,,,,
train_Other_000023_ann2242,TACO,cleaned_image_classification,train,Other,Other,prepared_datasets/combined_6class_confusion_cleaned/train/Other/000023_ann2242.jpg,prepared_datasets/combined_6class_confusion_cleaned/train/Other/000023_ann2242.jpg,prepared_datasets/combined_6class_confusion_cleaned/train/Other/000023_ann2242.jpg,,,,,,,,
train_Other_000035_ann3704,TACO,cleaned_image_classification,train,Other,Other,prepared_datasets/combined_6class_confusion_cleaned/train/Other/000035_ann3704.jpg,prepared_datasets/combined_6class_confusion_cleaned/train/Other/000035_ann3704.jpg,prepared_datasets/combined_6class_confusion_cleaned/train/Other/000035_ann3704.jpg,,,,,,,,
train_Other_000038_ann3130,TACO,cleaned_image_classification,train,Other,Other,prepared_datasets/combined_6class_confusion_cleaned/train/Other/000038_ann3130.jpg,prepared_datasets/combined_6class_confusion_cleaned/train/Other/000038_ann3130.jpg,prepared_datasets/combined_6class_confusion_cleaned/train/Other/000038_ann3130.jpg,,,,,,,,
train_Other_000043_ann3140,TACO,cleaned_image_classification,train,Other,Other,prepared_datasets/combined_6class_confusion_cleaned/train/Other/000043_ann3140.jpg,prepared_datasets/combined_6class_confusion_cleaned/train/Other/000043_ann3140.jpg,prepared_datasets/combined_6class_confusion_cleaned/train/Other/000043_ann3140.jpg,,,,,,,,
train_Other_000045_ann2091,TACO,cleaned_image_classification,train,Other,Other,prepared_datasets/combined_6class_confusion_cleaned/train/Other/000045_ann2091.jpg,prepared_datasets/combined_6class_confusion_cleaned/train/Other/000045_ann2091.jpg,prepared_datasets/combined_6class_confusion_cleaned/train/Other/000045_ann2091.jpg,,,,,,,,
train_Other_000049_ann1585,TACO,cleaned_image_classification,train,Other,Other,prepared_datasets/combined_6class_confusion_cleaned/train/Other/000049_ann1585.jpg,prepared_datasets/combined_6class_confusion_cleaned/train/Other/000049_ann1585.jpg,prepared_datasets/combined_6class_confusion_cleaned/train/Other/000049_ann1585.jpg,,,,,,,,
train_Other_000049_ann1586,TACO,cleaned_image_classification,train,Other,Other,prepared_datasets/combined_6class_confusion_cleaned/train/Other/000049_ann1586.jpg,prepared_datasets/combined_6class_confusion_cleaned/train/Other/000049_ann1586.jpg,prepared_datasets/combined_6class_confusion_cleaned/train/Other/000049_ann1586.jpg,,,,,,,,
train_Other_000052_ann4312,TACO,cleaned_image_classification,train,Other,Other,prepared_datasets/combined_6class_confusion_cleaned/train/Other/000052_ann4312.jpg,prepared_datasets/combined_6class_confusion_cleaned/train/Other/000052_ann4312.jpg,prepared_datasets/combined_6class_confusion_cleaned/train/Other/000052_ann4312.jpg,,,,,,,,
train_Other_000053_ann1595,TACO,cleaned_image_classification,train,Other,Other,prepared_datasets/combined_6class_confusion_cleaned/train/Other/000053_ann1595.jpg,prepared_datasets/combined_6class_confusion_cleaned/train/Other/000053_ann1595.jpg,prepared_datasets/combined_6class_confusion_cleaned/train/Other/000053_ann1595.jpg,,,,,,,,
train_Other_000053_ann4313,TACO,cleaned_image_classification,train,Other,Other,prepared_datasets/combined_6class_confusion_cleaned/train/Other/000053_ann4313.jpg,prepared_datasets/combined_6class_confusion_cleaned/train/Other/000053_ann4313.jpg,prepared_datasets/combined_6class_confusion_cleaned/train/Other/000053_ann4313.jpg,,,,,,,,
train_Other_000054_ann4335,TACO,cleaned_image_classification,train,Other,Other,prepared_datasets/combined_6class_confusion_cleaned/train/Other/000054_ann4335.jpg,prepared_datasets/combined_6class_confusion_cleaned/train/Other/000054_ann4335.jpg,prepared_datasets/combined_6class_confusion_cleaned/train/Other/000054_ann4335.jpg,,,,,,,,
train_Other_000054_ann4336,TACO,cleaned_image_classification,train,Other,Other,prepared_datasets/combined_6class_confusion_cleaned/train/Other/000054_ann4336.jpg,prepared_datasets/combined_6class_confusion_cleaned/train/Other/000054_ann4336.jpg,prepared_datasets/combined_6class_confusion_cleaned/train/Other/000054_ann4336.jpg,,,,,,,,
train_Other_000054_ann4337,TACO,cleaned_image_classification,train,Other,Other,prepared_datasets/combined_6class_confusion_cleaned/train/Other/000054_ann4337.jpg,prepared_datasets/combined_6class_confusion_cleaned/train/Other/000054_ann4337.jpg,prepared_datasets/combined_6class_confusion_cleaned/train/Other/000054_ann4337.jpg,,,,,,,,
train_Other_000055_ann1198,TACO,cleaned_image_classification,train,Other,Other,prepared_datasets/combined_6class_confusion_cleaned/train/Other/000055_ann1198.jpg,prepared_datasets/combined_6class_confusion_cleaned/train/Other/000055_ann1198.jpg,prepared_datasets/combined_6class_confusion_cleaned/train/Other/000055_ann1198.jpg,,,,,,,,
train_Other_000055_ann2117,TACO,cleaned_image_classification,train,Other,Other,prepared_datasets/combined_6class_confusion_cleaned/train/Other/000055_ann2117.jpg,prepared_datasets/combined_6class_confusion_cleaned/train/Other/000055_ann2117.jpg,prepared_datasets/combined_6class_confusion_cleaned/train/Other/000055_ann2117.jpg,,,,,,,,
train_Other_000055_ann4343,TACO,cleaned_image_classification,train,Other,Other,prepared_datasets/combined_6class_confusion_cleaned/train/Other/000055_ann4343.jpg,prepared_datasets/combined_6class_confusion_cleaned/train/Other/000055_ann4343.jpg,prepared_datasets/combined_6class_confusion_cleaned/train/Other/000055_ann4343.jpg,,,,,,,,
train_Other_000056_ann2314,TACO,cleaned_image_classification,train,Other,Other,prepared_datasets/combined_6class_confusion_cleaned/train/Other/000056_ann2314.jpg,prepared_datasets/combined_6class_confusion_cleaned/train/Other/000056_ann2314.jpg,prepared_datasets/combined_6class_confusion_cleaned/train/Other/000056_ann2314.jpg,,,,,,,,
train_Other_000057_ann1201,TACO,cleaned_image_classification,train,Other,Other,prepared_datasets/combined_6class_confusion_cleaned/train/Other/000057_ann1201.jpg,prepared_datasets/combined_6class_confusion_cleaned/train/Other/000057_ann1201.jpg,prepared_datasets/combined_6class_confusion_cleaned/train/Other/000057_ann1201.jpg,,,,,,,,
train_Other_000058_ann1789,TACO,cleaned_image_classification,train,Other,Other,prepared_datasets/combined_6class_confusion_cleaned/train/Other/000058_ann1789.jpg,prepared_datasets/combined_6class_confusion_cleaned/train/Other/000058_ann1789.jpg,prepared_datasets/combined_6class_confusion_cleaned/train/Other/000058_ann1789.jpg,,,,,,,,
train_Other_000059_ann3179,TACO,cleaned_image_classification,train,Other,Other,prepared_datasets/combined_6class_confusion_cleaned/train/Other/000059_ann3179.jpg,prepared_datasets/combined_6class_confusion_cleaned/train/Other/000059_ann3179.jpg,prepared_datasets/combined_6class_confusion_cleaned/train/Other/000059_ann3179.jpg,,,,,,,,
train_Other_000061_ann1244,TACO,cleaned_image_classification,train,Other,Other,prepared_datasets/combined_6class_confusion_cleaned/train/Other/000061_ann1244.jpg,prepared_datasets/combined_6class_confusion_cleaned/train/Other/000061_ann1244.jpg,prepared_datasets/combined_6class_confusion_cleaned/train/Other/000061_ann1244.jpg,,,,,,,,
train_Other_000062_ann816,TACO,cleaned_image_classification,train,Other,Other,prepared_datasets/combined_6class_confusion_cleaned/train/Other/000062_ann816.jpg,prepared_datasets/combined_6class_confusion_cleaned/train/Other/000062_ann816.jpg,prepared_datasets/combined_6class_confusion_cleaned/train/Other/000062_ann816.jpg,,,,,,,,
train_Other_000063_ann1641,TACO,cleaned_image_classification,train,Other,Other,prepared_datasets/combined_6class_confusion_cleaned/train/Other/000063_ann1641.jpg,prepared_datasets/combined_6class_confusion_cleaned/train/Other/000063_ann1641.jpg,prepared_datasets/combined_6class_confusion_cleaned/train/Other/000063_ann1641.jpg,,,,,,,,
train_Other_000067_ann4397,TACO,cleaned_image_classification,train,Other,Other,prepared_datasets/combined_6class_confusion_cleaned/train/Other/000067_ann4397.jpg,prepared_datasets/combined_6class_confusion_cleaned/train/Other/000067_ann4397.jpg,prepared_datasets/combined_6class_confusion_cleaned/train/Other/000067_ann4397.jpg,,,,,,,,
train_Other_000069_ann829,TACO,cleaned_image_classification,train,Other,Other,prepared_datasets/combined_6class_confusion_cleaned/train/Other/000069_ann829.jpg,prepared_datasets/combined_6class_confusion_cleaned/train/Other/000069_ann829.jpg,prepared_datasets/combined_6class_confusion_cleaned/train/Other/000069_ann829.jpg,,,,,,,,
train_Other_000070_ann2332,TACO,cleaned_image_classification,train,Other,Other,prepared_datasets/combined_6class_confusion_cleaned/train/Other/000070_ann2332.jpg,prepared_datasets/combined_6class_confusion_cleaned/train/Other/000070_ann2332.jpg,prepared_datasets/combined_6class_confusion_cleaned/train/Other/000070_ann2332.jpg,,,,,,,,
train_Other_000071_ann834,TACO,cleaned_image_classification,train,Other,Other,prepared_datasets/combined_6class_confusion_cleaned/train/Other/000071_ann834.jpg,prepared_datasets/combined_6class_confusion_cleaned/train/Other/000071_ann834.jpg,prepared_datasets/combined_6class_confusion_cleaned/train/Other/000071_ann834.jpg,,,,,,,,
train_Other_000073_ann2167,TACO,cleaned_image_classification,train,Other,Other,prepared_datasets/combined_6class_confusion_cleaned/train/Other/000073_ann2167.jpg,prepared_datasets/combined_6class_confusion_cleaned/train/Other/000073_ann2167.jpg,prepared_datasets/combined_6class_confusion_cleaned/train/Other/000073_ann2167.jpg,,,,,,,,
train_Other_000073_ann2168,TACO,cleaned_image_classification,train,Other,Other,prepared_datasets/combined_6class_confusion_cleaned/train/Other/000073_ann2168.jpg,prepared_datasets/combined_6class_confusion_cleaned/train/Other/000073_ann2168.jpg,prepared_datasets/combined_6class_confusion_cleaned/train/Other/000073_ann2168.jpg,,,,,,,,
train_Other_000073_ann2857,TACO,cleaned_image_classification,train,Other,Other,prepared_datasets/combined_6class_confusion_cleaned/train/Other/000073_ann2857.jpg,prepared_datasets/combined_6class_confusion_cleaned/train/Other/000073_ann2857.jpg,prepared_datasets/combined_6class_confusion_cleaned/train/Other/000073_ann2857.jpg,,,,,,,,
train_Other_000074_ann845,TACO,cleaned_image_classification,train,Other,Other,prepared_datasets/combined_6class_confusion_cleaned/train/Other/000074_ann845.jpg,prepared_datasets/combined_6class_confusion_cleaned/train/Other/000074_ann845.jpg,prepared_datasets/combined_6class_confusion_cleaned/train/Other/000074_ann845.jpg,,,,,,,,
train_Other_000076_ann856,TACO,cleaned_image_classification,train,Other,Other,prepared_datasets/combined_6class_confusion_cleaned/train/Other/000076_ann856.jpg,prepared_datasets/combined_6class_confusion_cleaned/train/Other/000076_ann856.jpg,prepared_datasets/combined_6class_confusion_cleaned/train/Other/000076_ann856.jpg,,,,,,,,
train_Other_000077_ann858,TACO,cleaned_image_classification,train,Other,Other,prepared_datasets/combined_6class_confusion_cleaned/train/Other/000077_ann858.jpg,prepared_datasets/combined_6class_confusion_cleaned/train/Other/000077_ann858.jpg,prepared_datasets/combined_6class_confusion_cleaned/train/Other/000077_ann858.jpg,,,,,,,,
train_Other_000078_ann3835,TACO,cleaned_image_classification,train,Other,Other,prepared_datasets/combined_6class_confusion_cleaned/train/Other/000078_ann3835.jpg,prepared_datasets/combined_6class_confusion_cleaned/train/Other/000078_ann3835.jpg,prepared_datasets/combined_6class_confusion_cleaned/train/Other/000078_ann3835.jpg,,,,,,,,
train_Other_000078_ann3836,TACO,cleaned_image_classification,train,Other,Other,prepared_datasets/combined_6class_confusion_cleaned/train/Other/000078_ann3836.jpg,prepared_datasets/combined_6class_confusion_cleaned/train/Other/000078_ann3836.jpg,prepared_datasets/combined_6class_confusion_cleaned/train/Other/000078_ann3836.jpg,,,,,,,,
train_Other_000078_ann3838,TACO,cleaned_image_classification,train,Other,Other,prepared_datasets/combined_6class_confusion_cleaned/train/Other/000078_ann3838.jpg,prepared_datasets/combined_6class_confusion_cleaned/train/Other/000078_ann3838.jpg,prepared_datasets/combined_6class_confusion_cleaned/train/Other/000078_ann3838.jpg,,,,,,,,
train_Other_000078_ann3841,TACO,cleaned_image_classification,train,Other,Other,prepared_datasets/combined_6class_confusion_cleaned/train/Other/000078_ann3841.jpg,prepared_datasets/combined_6class_confusion_cleaned/train/Other/000078_ann3841.jpg,prepared_datasets/combined_6class_confusion_cleaned/train/Other/000078_ann3841.jpg,,,,,,,,
train_Other_000080_ann871,TACO,cleaned_image_classification,train,Other,Other,prepared_datasets/combined_6class_confusion_cleaned/train/Other/000080_ann871.jpg,prepared_datasets/combined_6class_confusion_cleaned/train/Other/000080_ann871.jpg,prepared_datasets/combined_6class_confusion_cleaned/train/Other/000080_ann871.jpg,,,,,,,,
train_Other_000081_ann2351,TACO,cleaned_image_classification,train,Other,Other,prepared_datasets/combined_6class_confusion_cleaned/train/Other/000081_ann2351.jpg,prepared_datasets/combined_6class_confusion_cleaned/train/Other/000081_ann2351.jpg,prepared_datasets/combined_6class_confusion_cleaned/train/Other/000081_ann2351.jpg,,,,,,,,
train_Other_000082_ann146,TACO,cleaned_image_classification,train,Other,Other,prepared_datasets/combined_6class_confusion_cleaned/train/Other/000082_ann146.jpg,prepared_datasets/combined_6class_confusion_cleaned/train/Other/000082_ann146.jpg,prepared_datasets/combined_6class_confusion_cleaned/train/Other/000082_ann146.jpg,,,,,,,,
train_Other_000084_ann610,TACO,cleaned_image_classification,train,Other,Other,prepared_datasets/combined_6class_confusion_cleaned/train/Other/000084_ann610.jpg,prepared_datasets/combined_6class_confusion_cleaned/train/Other/000084_ann610.jpg,prepared_datasets/combined_6class_confusion_cleaned/train/Other/000084_ann610.jpg,,,,,,,,
train_Other_000089_ann2952,TACO,cleaned_image_classification,train,Other,Other,prepared_datasets/combined_6class_confusion_cleaned/train/Other/000089_ann2952.jpg,prepared_datasets/combined_6class_confusion_cleaned/train/Other/000089_ann2952.jpg,prepared_datasets/combined_6class_confusion_cleaned/train/Other/000089_ann2952.jpg,,,,,,,,
train_Other_000093_ann2960,TACO,cleaned_image_classification,train,Other,Other,prepared_datasets/combined_6class_confusion_cleaned/train/Other/000093_ann2960.jpg,prepared_datasets/combined_6class_confusion_cleaned/train/Other/000093_ann2960.jpg,prepared_datasets/combined_6class_confusion_cleaned/train/Other/000093_ann2960.jpg,,,,,,,,
train_Other_000094_ann2383,TACO,cleaned_image_classification,train,Other,Other,prepared_datasets/combined_6class_confusion_cleaned/train/Other/000094_ann2383.jpg,prepared_datasets/combined_6class_confusion_cleaned/train/Other/000094_ann2383.jpg,prepared_datasets/combined_6class_confusion_cleaned/train/Other/000094_ann2383.jpg,,,,,,,,
train_Other_000095_ann2384,TACO,cleaned_image_classification,train,Other,Other,prepared_datasets/combined_6class_confusion_cleaned/train/Other/000095_ann2384.jpg,prepared_datasets/combined_6class_confusion_cleaned/train/Other/000095_ann2384.jpg,prepared_datasets/combined_6class_confusion_cleaned/train/Other/000095_ann2384.jpg,,,,,,,,
train_Other_000096_ann175,TACO,cleaned_image_classification,train,Other,Other,prepared_datasets/combined_6class_confusion_cleaned/train/Other/000096_ann175.jpg,prepared_datasets/combined_6class_confusion_cleaned/train/Other/000096_ann175.jpg,prepared_datasets/combined_6class_confusion_cleaned/train/Other/000096_ann175.jpg,,,,,,,,
train_Other_000098_ann682,TACO,cleaned_image_classification,train,Other,Other,prepared_datasets/combined_6class_confusion_cleaned/train/Other/000098_ann682.jpg,prepared_datasets/combined_6class_confusion_cleaned/train/Other/000098_ann682.jpg,prepared_datasets/combined_6class_confusion_cleaned/train/Other/000098_ann682.jpg,,,,,,,,
train_Other_000107_ann221,TACO,cleaned_image_classification,train,Other,Other,prepared_datasets/combined_6class_confusion_cleaned/train/Other/000107_ann221.jpg,prepared_datasets/combined_6class_confusion_cleaned/train/Other/000107_ann221.jpg,prepared_datasets/combined_6class_confusion_cleaned/train/Other/000107_ann221.jpg,,,,,,,,
train_Other_000107_ann222,TACO,cleaned_image_classification,train,Other,Other,prepared_datasets/combined_6class_confusion_cleaned/train/Other/000107_ann222.jpg,prepared_datasets/combined_6class_confusion_cleaned/train/Other/000107_ann222.jpg,prepared_datasets/combined_6class_confusion_cleaned/train/Other/000107_ann222.jpg,,,,,,,,
train_Other_000107_ann223,TACO,cleaned_image_classification,train,Other,Other,prepared_datasets/combined_6class_confusion_cleaned/train/Other/000107_ann223.jpg,prepared_datasets/combined_6class_confusion_cleaned/train/Other/000107_ann223.jpg,prepared_datasets/combined_6class_confusion_cleaned/train/Other/000107_ann223.jpg,,,,,,,,
train_Other_000107_ann3002,TACO,cleaned_image_classification,train,Other,Other,prepared_datasets/combined_6class_confusion_cleaned/train/Other/000107_ann3002.jpg,prepared_datasets/combined_6class_confusion_cleaned/train/Other/000107_ann3002.jpg,prepared_datasets/combined_6class_confusion_cleaned/train/Other/000107_ann3002.jpg,,,,,,,,
train_Other_000115_ann3946,TACO,cleaned_image_classification,train,Other,Other,prepared_datasets/combined_6class_confusion_cleaned/train/Other/000115_ann3946.jpg,prepared_datasets/combined_6class_confusion_cleaned/train/Other/000115_ann3946.jpg,prepared_datasets/combined_6class_confusion_cleaned/train/Other/000115_ann3946.jpg,,,,,,,,
train_Other_000117_ann3947,TACO,cleaned_image_classification,train,Other,Other,prepared_datasets/combined_6class_confusion_cleaned/train/Other/000117_ann3947.jpg,prepared_datasets/combined_6class_confusion_cleaned/train/Other/000117_ann3947.jpg,prepared_datasets/combined_6class_confusion_cleaned/train/Other/000117_ann3947.jpg,,,,,,,,
train_Other_000118_ann243,TACO,cleaned_image_classification,train,Other,Other,prepared_datasets/combined_6class_confusion_cleaned/train/Other/000118_ann243.jpg,prepared_datasets/combined_6class_confusion_cleaned/train/Other/000118_ann243.jpg,prepared_datasets/combined_6class_confusion_cleaned/train/Other/000118_ann243.jpg,,,,,,,,
train_Other_000120_ann3953,TACO,cleaned_image_classification,train,Other,Other,prepared_datasets/combined_6class_confusion_cleaned/train/Other/000120_ann3953.jpg,prepared_datasets/combined_6class_confusion_cleaned/train/Other/000120_ann3953.jpg,prepared_datasets/combined_6class_confusion_cleaned/train/Other/000120_ann3953.jpg,,,,,,,,
train_Other_000123_ann3962,TACO,cleaned_image_classification,train,Other,Other,prepared_datasets/combined_6class_confusion_cleaned/train/Other/000123_ann3962.jpg,prepared_datasets/combined_6class_confusion_cleaned/train/Other/000123_ann3962.jpg,prepared_datasets/combined_6class_confusion_cleaned/train/Other/000123_ann3962.jpg,,,,,,,,
train_Other_000124_ann250,TACO,cleaned_image_classification,train,Other,Other,prepared_datasets/combined_6class_confusion_cleaned/train/Other/000124_ann250.jpg,prepared_datasets/combined_6class_confusion_cleaned/train/Other/000124_ann250.jpg,prepared_datasets/combined_6class_confusion_cleaned/train/Other/000124_ann250.jpg,,,,,,,,
train_Other_000125_ann3965,TACO,cleaned_image_classification,train,Other,Other,prepared_datasets/combined_6class_confusion_cleaned/train/Other/000125_ann3965.jpg,prepared_datasets/combined_6class_confusion_cleaned/train/Other/000125_ann3965.jpg,prepared_datasets/combined_6class_confusion_cleaned/train/Other/000125_ann3965.jpg,,,,,,,,
train_Other_000127_ann257,TACO,cleaned_image_classification,train,Other,Other,prepared_datasets/combined_6class_confusion_cleaned/train/Other/000127_ann257.jpg,prepared_datasets/combined_6class_confusion_cleaned/train/Other/000127_ann257.jpg,prepared_datasets/combined_6class_confusion_cleaned/train/Other/000127_ann257.jpg,,,,,,,,
train_Other_IMG_5040_ann2511,TACO,cleaned_image_classification,train,Other,Other,prepared_datasets/combined_6class_confusion_cleaned/train/Other/IMG_5040_ann2511.jpg,prepared_datasets/combined_6class_confusion_cleaned/train/Other/IMG_5040_ann2511.jpg,prepared_datasets/combined_6class_confusion_cleaned/train/Other/IMG_5040_ann2511.jpg,,,,,,,,
train_Other_IMG_5041_ann2512,TACO,cleaned_image_classification,train,Other,Other,prepared_datasets/combined_6class_confusion_cleaned/train/Other/IMG_5041_ann2512.jpg,prepared_datasets/combined_6class_confusion_cleaned/train/Other/IMG_5041_ann2512.jpg,prepared_datasets/combined_6class_confusion_cleaned/train/Other/IMG_5041_ann2512.jpg,,,,,,,,
train_Other_IMG_5061_ann2706,TACO,cleaned_image_classification,train,Other,Other,prepared_datasets/combined_6class_confusion_cleaned/train/Other/IMG_5061_ann2706.jpg,prepared_datasets/combined_6class_confusion_cleaned/train/Other/IMG_5061_ann2706.jpg,prepared_datasets/combined_6class_confusion_cleaned/train/Other/IMG_5061_ann2706.jpg,,,,,,,,
train_Other_trash1,TrashNet,cleaned_image_classification,train,Other,Other,prepared_datasets/combined_6class_confusion_cleaned/train/Other/trash1.jpg,prepared_datasets/combined_6class_confusion_cleaned/train/Other/trash1.jpg,prepared_datasets/combined_6class_confusion_cleaned/train/Other/trash1.jpg,,,,,,,,
train_Other_trash10,TrashNet,cleaned_image_classification,train,Other,Other,prepared_datasets/combined_6class_confusion_cleaned/train/Other/trash10.jpg,prepared_datasets/combined_6class_confusion_cleaned/train/Other/trash10.jpg,prepared_datasets/combined_6class_confusion_cleaned/train/Other/trash10.jpg,,,,,,,,
train_Other_trash100,TrashNet,cleaned_image_classification,train,Other,Other,prepared_datasets/combined_6class_confusion_cleaned/train/Other/trash100.jpg,prepared_datasets/combined_6class_confusion_cleaned/train/Other/trash100.jpg,prepared_datasets/combined_6class_confusion_cleaned/train/Other/trash100.jpg,,,,,,,,
train_Other_trash101,TrashNet,cleaned_image_classification,train,Other,Other,prepared_datasets/combined_6class_confusion_cleaned/train/Other/trash101.jpg,prepared_datasets/combined_6class_confusion_cleaned/train/Other/trash101.jpg,prepared_datasets/combined_6class_confusion_cleaned/train/Other/trash101.jpg,,,,,,,,
train_Other_trash104,TrashNet,cleaned_image_classification,train,Other,Other,prepared_datasets/combined_6class_confusion_cleaned/train/Other/trash104.jpg,prepared_datasets/combined_6class_confusion_cleaned/train/Other/trash104.jpg,prepared_datasets/combined_6class_confusion_cleaned/train/Other/trash104.jpg,,,,,,,,
train_Other_trash105,TrashNet,cleaned_image_classification,train,Other,Other,prepared_datasets/combined_6class_confusion_cleaned/train/Other/trash105.jpg,prepared_datasets/combined_6class_confusion_cleaned/train/Other/trash105.jpg,prepared_datasets/combined_6class_confusion_cleaned/train/Other/trash105.jpg,,,,,,,,
train_Other_trash106,TrashNet,cleaned_image_classification,train,Other,Other,prepared_datasets/combined_6class_confusion_cleaned/train/Other/trash106.jpg,prepared_datasets/combined_6class_confusion_cleaned/train/Other/trash106.jpg,prepared_datasets/combined_6class_confusion_cleaned/train/Other/trash106.jpg,,,,,,,,
train_Other_trash107,TrashNet,cleaned_image_classification,train,Other,Other,prepared_datasets/combined_6class_confusion_cleaned/train/Other/trash107.jpg,prepared_datasets/combined_6class_confusion_cleaned/train/Other/trash107.jpg,prepared_datasets/combined_6class_confusion_cleaned/train/Other/trash107.jpg,,,,,,,,
train_Other_trash108,TrashNet,cleaned_image_classification,train,Other,Other,prepared_datasets/combined_6class_confusion_cleaned/train/Other/trash108.jpg,prepared_datasets/combined_6class_confusion_cleaned/train/Other/trash108.jpg,prepared_datasets/combined_6class_confusion_cleaned/train/Other/trash108.jpg,,,,,,,,
train_Other_trash109,TrashNet,cleaned_image_classification,train,Other,Other,prepared_datasets/combined_6class_confusion_cleaned/train/Other/trash109.jpg,prepared_datasets/combined_6class_confusion_cleaned/train/Other/trash109.jpg,prepared_datasets/combined_6class_confusion_cleaned/train/Other/trash109.jpg,,,,,,,,
train_Other_trash11,TrashNet,cleaned_image_classification,train,Other,Other,prepared_datasets/combined_6class_confusion_cleaned/train/Other/trash11.jpg,prepared_datasets/combined_6class_confusion_cleaned/train/Other/trash11.jpg,prepared_datasets/combined_6class_confusion_cleaned/train/Other/trash11.jpg,,,,,,,,
train_Other_trash110,TrashNet,cleaned_image_classification,train,Other,Other,prepared_datasets/combined_6class_confusion_cleaned/train/Other/trash110.jpg,prepared_datasets/combined_6class_confusion_cleaned/train/Other/trash110.jpg,prepared_datasets/combined_6class_confusion_cleaned/train/Other/trash110.jpg,,,,,,,,
train_Other_trash111,TrashNet,cleaned_image_classification,train,Other,Other,prepared_datasets/combined_6class_confusion_cleaned/train/Other/trash111.jpg,prepared_datasets/combined_6class_confusion_cleaned/train/Other/trash111.jpg,prepared_datasets/combined_6class_confusion_cleaned/train/Other/trash111.jpg,,,,,,,,
train_Other_trash112,TrashNet,cleaned_image_classification,train,Other,Other,prepared_datasets/combined_6class_confusion_cleaned/train/Other/trash112.jpg,prepared_datasets/combined_6class_confusion_cleaned/train/Other/trash112.jpg,prepared_datasets/combined_6class_confusion_cleaned/train/Other/trash112.jpg,,,,,,,,
train_Other_trash113,TrashNet,cleaned_image_classification,train,Other,Other,prepared_datasets/combined_6class_confusion_cleaned/train/Other/trash113.jpg,prepared_datasets/combined_6class_confusion_cleaned/train/Other/trash113.jpg,prepared_datasets/combined_6class_confusion_cleaned/train/Other/trash113.jpg,,,,,,,,
train_Other_trash118,TrashNet,cleaned_image_classification,train,Other,Other,prepared_datasets/combined_6class_confusion_cleaned/train/Other/trash118.jpg,prepared_datasets/combined_6class_confusion_cleaned/train/Other/trash118.jpg,prepared_datasets/combined_6class_confusion_cleaned/train/Other/trash118.jpg,,,,,,,,
train_Other_trash119,TrashNet,cleaned_image_classification,train,Other,Other,prepared_datasets/combined_6class_confusion_cleaned/train/Other/trash119.jpg,prepared_datasets/combined_6class_confusion_cleaned/train/Other/trash119.jpg,prepared_datasets/combined_6class_confusion_cleaned/train/Other/trash119.jpg,,,,,,,,
train_Other_trash12,TrashNet,cleaned_image_classification,train,Other,Other,prepared_datasets/combined_6class_confusion_cleaned/train/Other/trash12.jpg,prepared_datasets/combined_6class_confusion_cleaned/train/Other/trash12.jpg,prepared_datasets/combined_6class_confusion_cleaned/train/Other/trash12.jpg,,,,,,,,
train_Other_trash122,TrashNet,cleaned_image_classification,train,Other,Other,prepared_datasets/combined_6class_confusion_cleaned/train/Other/trash122.jpg,prepared_datasets/combined_6class_confusion_cleaned/train/Other/trash122.jpg,prepared_datasets/combined_6class_confusion_cleaned/train/Other/trash122.jpg,,,,,,,,
train_Other_trash123,TrashNet,cleaned_image_classification,train,Other,Other,prepared_datasets/combined_6class_confusion_cleaned/train/Other/trash123.jpg,prepared_datasets/combined_6class_confusion_cleaned/train/Other/trash123.jpg,prepared_datasets/combined_6class_confusion_cleaned/train/Other/trash123.jpg,,,,,,,,
train_Other_trash124,TrashNet,cleaned_image_classification,train,Other,Other,prepared_datasets/combined_6class_confusion_cleaned/train/Other/trash124.jpg,prepared_datasets/combined_6class_confusion_cleaned/train/Other/trash124.jpg,prepared_datasets/combined_6class_confusion_cleaned/train/Other/trash124.jpg,,,,,,,,
train_Other_trash125,TrashNet,cleaned_image_classification,train,Other,Other,prepared_datasets/combined_6class_confusion_cleaned/train/Other/trash125.jpg,prepared_datasets/combined_6class_confusion_cleaned/train/Other/trash125.jpg,prepared_datasets/combined_6class_confusion_cleaned/train/Other/trash125.jpg,,,,,,,,
train_Other_trash127,TrashNet,cleaned_image_classification,train,Other,Other,prepared_datasets/combined_6class_confusion_cleaned/train/Other/trash127.jpg,prepared_datasets/combined_6class_confusion_cleaned/train/Other/trash127.jpg,prepared_datasets/combined_6class_confusion_cleaned/train/Other/trash127.jpg,,,,,,,,
train_Other_trash129,TrashNet,cleaned_image_classification,train,Other,Other,prepared_datasets/combined_6class_confusion_cleaned/train/Other/trash129.jpg,prepared_datasets/combined_6class_confusion_cleaned/train/Other/trash129.jpg,prepared_datasets/combined_6class_confusion_cleaned/train/Other/trash129.jpg,,,,,,,,
train_Other_trash13,TrashNet,cleaned_image_classification,train,Other,Other,prepared_datasets/combined_6class_confusion_cleaned/train/Other/trash13.jpg,prepared_datasets/combined_6class_confusion_cleaned/train/Other/trash13.jpg,prepared_datasets/combined_6class_confusion_cleaned/train/Other/trash13.jpg,,,,,,,,
train_Other_trash130,TrashNet,cleaned_image_classification,train,Other,Other,prepared_datasets/combined_6class_confusion_cleaned/train/Other/trash130.jpg,prepared_datasets/combined_6class_confusion_cleaned/train/Other/trash130.jpg,prepared_datasets/combined_6class_confusion_cleaned/train/Other/trash130.jpg,,,,,,,,
train_Other_trash131,TrashNet,cleaned_image_classification,train,Other,Other,prepared_datasets/combined_6class_confusion_cleaned/train/Other/trash131.jpg,prepared_datasets/combined_6class_confusion_cleaned/train/Other/trash131.jpg,prepared_datasets/combined_6class_confusion_cleaned/train/Other/trash131.jpg,,,,,,,,
train_Other_trash132,TrashNet,cleaned_image_classification,train,Other,Other,prepared_datasets/combined_6class_confusion_cleaned/train/Other/trash132.jpg,prepared_datasets/combined_6class_confusion_cleaned/train/Other/trash132.jpg,prepared_datasets/combined_6class_confusion_cleaned/train/Other/trash132.jpg,,,,,,,,
train_Other_trash133,TrashNet,cleaned_image_classification,train,Other,Other,prepared_datasets/combined_6class_confusion_cleaned/train/Other/trash133.jpg,prepared_datasets/combined_6class_confusion_cleaned/train/Other/trash133.jpg,prepared_datasets/combined_6class_confusion_cleaned/train/Other/trash133.jpg,,,,,,,,
train_Other_trash134,TrashNet,cleaned_image_classification,train,Other,Other,prepared_datasets/combined_6class_confusion_cleaned/train/Other/trash134.jpg,prepared_datasets/combined_6class_confusion_cleaned/train/Other/trash134.jpg,prepared_datasets/combined_6class_confusion_cleaned/train/Other/trash134.jpg,,,,,,,,
train_Other_trash15,TrashNet,cleaned_image_classification,train,Other,Other,prepared_datasets/combined_6class_confusion_cleaned/train/Other/trash15.jpg,prepared_datasets/combined_6class_confusion_cleaned/train/Other/trash15.jpg,prepared_datasets/combined_6class_confusion_cleaned/train/Other/trash15.jpg,,,,,,,,
train_Other_trash16,TrashNet,cleaned_image_classification,train,Other,Other,prepared_datasets/combined_6class_confusion_cleaned/train/Other/trash16.jpg,prepared_datasets/combined_6class_confusion_cleaned/train/Other/trash16.jpg,prepared_datasets/combined_6class_confusion_cleaned/train/Other/trash16.jpg,,,,,,,,
train_Other_trash18,TrashNet,cleaned_image_classification,train,Other,Other,prepared_datasets/combined_6class_confusion_cleaned/train/Other/trash18.jpg,prepared_datasets/combined_6class_confusion_cleaned/train/Other/trash18.jpg,prepared_datasets/combined_6class_confusion_cleaned/train/Other/trash18.jpg,,,,,,,,
train_Other_trash19,TrashNet,cleaned_image_classification,train,Other,Other,prepared_datasets/combined_6class_confusion_cleaned/train/Other/trash19.jpg,prepared_datasets/combined_6class_confusion_cleaned/train/Other/trash19.jpg,prepared_datasets/combined_6class_confusion_cleaned/train/Other/trash19.jpg,,,,,,,,
train_Other_trash2,TrashNet,cleaned_image_classification,train,Other,Other,prepared_datasets/combined_6class_confusion_cleaned/train/Other/trash2.jpg,prepared_datasets/combined_6class_confusion_cleaned/train/Other/trash2.jpg,prepared_datasets/combined_6class_confusion_cleaned/train/Other/trash2.jpg,,,,,,,,
train_Other_trash22,TrashNet,cleaned_image_classification,train,Other,Other,prepared_datasets/combined_6class_confusion_cleaned/train/Other/trash22.jpg,prepared_datasets/combined_6class_confusion_cleaned/train/Other/trash22.jpg,prepared_datasets/combined_6class_confusion_cleaned/train/Other/trash22.jpg,,,,,,,,
train_Other_trash23,TrashNet,cleaned_image_classification,train,Other,Other,prepared_datasets/combined_6class_confusion_cleaned/train/Other/trash23.jpg,prepared_datasets/combined_6class_confusion_cleaned/train/Other/trash23.jpg,prepared_datasets/combined_6class_confusion_cleaned/train/Other/trash23.jpg,,,,,,,,
train_Other_trash24,TrashNet,cleaned_image_classification,train,Other,Other,prepared_datasets/combined_6class_confusion_cleaned/train/Other/trash24.jpg,prepared_datasets/combined_6class_confusion_cleaned/train/Other/trash24.jpg,prepared_datasets/combined_6class_confusion_cleaned/train/Other/trash24.jpg,,,,,,,,
train_Other_trash25,TrashNet,cleaned_image_classification,train,Other,Other,prepared_datasets/combined_6class_confusion_cleaned/train/Other/trash25.jpg,prepared_datasets/combined_6class_confusion_cleaned/train/Other/trash25.jpg,prepared_datasets/combined_6class_confusion_cleaned/train/Other/trash25.jpg,,,,,,,,
train_Other_trash26,TrashNet,cleaned_image_classification,train,Other,Other,prepared_datasets/combined_6class_confusion_cleaned/train/Other/trash26.jpg,prepared_datasets/combined_6class_confusion_cleaned/train/Other/trash26.jpg,prepared_datasets/combined_6class_confusion_cleaned/train/Other/trash26.jpg,,,,,,,,
train_Other_trash27,TrashNet,cleaned_image_classification,train,Other,Other,prepared_datasets/combined_6class_confusion_cleaned/train/Other/trash27.jpg,prepared_datasets/combined_6class_confusion_cleaned/train/Other/trash27.jpg,prepared_datasets/combined_6class_confusion_cleaned/train/Other/trash27.jpg,,,,,,,,
train_Other_trash29,TrashNet,cleaned_image_classification,train,Other,Other,prepared_datasets/combined_6class_confusion_cleaned/train/Other/trash29.jpg,prepared_datasets/combined_6class_confusion_cleaned/train/Other/trash29.jpg,prepared_datasets/combined_6class_confusion_cleaned/train/Other/trash29.jpg,,,,,,,,
train_Other_trash30,TrashNet,cleaned_image_classification,train,Other,Other,prepared_datasets/combined_6class_confusion_cleaned/train/Other/trash30.jpg,prepared_datasets/combined_6class_confusion_cleaned/train/Other/trash30.jpg,prepared_datasets/combined_6class_confusion_cleaned/train/Other/trash30.jpg,,,,,,,,
train_Other_trash31,TrashNet,cleaned_image_classification,train,Other,Other,prepared_datasets/combined_6class_confusion_cleaned/train/Other/trash31.jpg,prepared_datasets/combined_6class_confusion_cleaned/train/Other/trash31.jpg,prepared_datasets/combined_6class_confusion_cleaned/train/Other/trash31.jpg,,,,,,,,
train_Other_trash32,TrashNet,cleaned_image_classification,train,Other,Other,prepared_datasets/combined_6class_confusion_cleaned/train/Other/trash32.jpg,prepared_datasets/combined_6class_confusion_cleaned/train/Other/trash32.jpg,prepared_datasets/combined_6class_confusion_cleaned/train/Other/trash32.jpg,,,,,,,,
train_Other_trash36,TrashNet,cleaned_image_classification,train,Other,Other,prepared_datasets/combined_6class_confusion_cleaned/train/Other/trash36.jpg,prepared_datasets/combined_6class_confusion_cleaned/train/Other/trash36.jpg,prepared_datasets/combined_6class_confusion_cleaned/train/Other/trash36.jpg,,,,,,,,
train_Other_trash37,TrashNet,cleaned_image_classification,train,Other,Other,prepared_datasets/combined_6class_confusion_cleaned/train/Other/trash37.jpg,prepared_datasets/combined_6class_confusion_cleaned/train/Other/trash37.jpg,prepared_datasets/combined_6class_confusion_cleaned/train/Other/trash37.jpg,,,,,,,,
train_Other_trash38,TrashNet,cleaned_image_classification,train,Other,Other,prepared_datasets/combined_6class_confusion_cleaned/train/Other/trash38.jpg,prepared_datasets/combined_6class_confusion_cleaned/train/Other/trash38.jpg,prepared_datasets/combined_6class_confusion_cleaned/train/Other/trash38.jpg,,,,,,,,
train_Other_trash39,TrashNet,cleaned_image_classification,train,Other,Other,prepared_datasets/combined_6class_confusion_cleaned/train/Other/trash39.jpg,prepared_datasets/combined_6class_confusion_cleaned/train/Other/trash39.jpg,prepared_datasets/combined_6class_confusion_cleaned/train/Other/trash39.jpg,,,,,,,,
train_Other_trash40,TrashNet,cleaned_image_classification,train,Other,Other,prepared_datasets/combined_6class_confusion_cleaned/train/Other/trash40.jpg,prepared_datasets/combined_6class_confusion_cleaned/train/Other/trash40.jpg,prepared_datasets/combined_6class_confusion_cleaned/train/Other/trash40.jpg,,,,,,,,
train_Other_trash41,TrashNet,cleaned_image_classification,train,Other,Other,prepared_datasets/combined_6class_confusion_cleaned/train/Other/trash41.jpg,prepared_datasets/combined_6class_confusion_cleaned/train/Other/trash41.jpg,prepared_datasets/combined_6class_confusion_cleaned/train/Other/trash41.jpg,,,,,,,,
train_Other_trash42,TrashNet,cleaned_image_classification,train,Other,Other,prepared_datasets/combined_6class_confusion_cleaned/train/Other/trash42.jpg,prepared_datasets/combined_6class_confusion_cleaned/train/Other/trash42.jpg,prepared_datasets/combined_6class_confusion_cleaned/train/Other/trash42.jpg,,,,,,,,
train_Other_trash43,TrashNet,cleaned_image_classification,train,Other,Other,prepared_datasets/combined_6class_confusion_cleaned/train/Other/trash43.jpg,prepared_datasets/combined_6class_confusion_cleaned/train/Other/trash43.jpg,prepared_datasets/combined_6class_confusion_cleaned/train/Other/trash43.jpg,,,,,,,,
train_Other_trash44,TrashNet,cleaned_image_classification,train,Other,Other,prepared_datasets/combined_6class_confusion_cleaned/train/Other/trash44.jpg,prepared_datasets/combined_6class_confusion_cleaned/train/Other/trash44.jpg,prepared_datasets/combined_6class_confusion_cleaned/train/Other/trash44.jpg,,,,,,,,
train_Other_trash47,TrashNet,cleaned_image_classification,train,Other,Other,prepared_datasets/combined_6class_confusion_cleaned/train/Other/trash47.jpg,prepared_datasets/combined_6class_confusion_cleaned/train/Other/trash47.jpg,prepared_datasets/combined_6class_confusion_cleaned/train/Other/trash47.jpg,,,,,,,,
train_Other_trash48,TrashNet,cleaned_image_classification,train,Other,Other,prepared_datasets/combined_6class_confusion_cleaned/train/Other/trash48.jpg,prepared_datasets/combined_6class_confusion_cleaned/train/Other/trash48.jpg,prepared_datasets/combined_6class_confusion_cleaned/train/Other/trash48.jpg,,,,,,,,
train_Other_trash49,TrashNet,cleaned_image_classification,train,Other,Other,prepared_datasets/combined_6class_confusion_cleaned/train/Other/trash49.jpg,prepared_datasets/combined_6class_confusion_cleaned/train/Other/trash49.jpg,prepared_datasets/combined_6class_confusion_cleaned/train/Other/trash49.jpg,,,,,,,,
train_Other_trash5,TrashNet,cleaned_image_classification,train,Other,Other,prepared_datasets/combined_6class_confusion_cleaned/train/Other/trash5.jpg,prepared_datasets/combined_6class_confusion_cleaned/train/Other/trash5.jpg,prepared_datasets/combined_6class_confusion_cleaned/train/Other/trash5.jpg,,,,,,,,
train_Other_trash50,TrashNet,cleaned_image_classification,train,Other,Other,prepared_datasets/combined_6class_confusion_cleaned/train/Other/trash50.jpg,prepared_datasets/combined_6class_confusion_cleaned/train/Other/trash50.jpg,prepared_datasets/combined_6class_confusion_cleaned/train/Other/trash50.jpg,,,,,,,,
train_Other_trash51,TrashNet,cleaned_image_classification,train,Other,Other,prepared_datasets/combined_6class_confusion_cleaned/train/Other/trash51.jpg,prepared_datasets/combined_6class_confusion_cleaned/train/Other/trash51.jpg,prepared_datasets/combined_6class_confusion_cleaned/train/Other/trash51.jpg,,,,,,,,
train_Other_trash52,TrashNet,cleaned_image_classification,train,Other,Other,prepared_datasets/combined_6class_confusion_cleaned/train/Other/trash52.jpg,prepared_datasets/combined_6class_confusion_cleaned/train/Other/trash52.jpg,prepared_datasets/combined_6class_confusion_cleaned/train/Other/trash52.jpg,,,,,,,,
train_Other_trash53,TrashNet,cleaned_image_classification,train,Other,Other,prepared_datasets/combined_6class_confusion_cleaned/train/Other/trash53.jpg,prepared_datasets/combined_6class_confusion_cleaned/train/Other/trash53.jpg,prepared_datasets/combined_6class_confusion_cleaned/train/Other/trash53.jpg,,,,,,,,
train_Other_trash54,TrashNet,cleaned_image_classification,train,Other,Other,prepared_datasets/combined_6class_confusion_cleaned/train/Other/trash54.jpg,prepared_datasets/combined_6class_confusion_cleaned/train/Other/trash54.jpg,prepared_datasets/combined_6class_confusion_cleaned/train/Other/trash54.jpg,,,,,,,,
train_Other_trash55,TrashNet,cleaned_image_classification,train,Other,Other,prepared_datasets/combined_6class_confusion_cleaned/train/Other/trash55.jpg,prepared_datasets/combined_6class_confusion_cleaned/train/Other/trash55.jpg,prepared_datasets/combined_6class_confusion_cleaned/train/Other/trash55.jpg,,,,,,,,
train_Other_trash56,TrashNet,cleaned_image_classification,train,Other,Other,prepared_datasets/combined_6class_confusion_cleaned/train/Other/trash56.jpg,prepared_datasets/combined_6class_confusion_cleaned/train/Other/trash56.jpg,prepared_datasets/combined_6class_confusion_cleaned/train/Other/trash56.jpg,,,,,,,,
train_Other_trash57,TrashNet,cleaned_image_classification,train,Other,Other,prepared_datasets/combined_6class_confusion_cleaned/train/Other/trash57.jpg,prepared_datasets/combined_6class_confusion_cleaned/train/Other/trash57.jpg,prepared_datasets/combined_6class_confusion_cleaned/train/Other/trash57.jpg,,,,,,,,
train_Other_trash59,TrashNet,cleaned_image_classification,train,Other,Other,prepared_datasets/combined_6class_confusion_cleaned/train/Other/trash59.jpg,prepared_datasets/combined_6class_confusion_cleaned/train/Other/trash59.jpg,prepared_datasets/combined_6class_confusion_cleaned/train/Other/trash59.jpg,,,,,,,,
train_Other_trash6,TrashNet,cleaned_image_classification,train,Other,Other,prepared_datasets/combined_6class_confusion_cleaned/train/Other/trash6.jpg,prepared_datasets/combined_6class_confusion_cleaned/train/Other/trash6.jpg,prepared_datasets/combined_6class_confusion_cleaned/train/Other/trash6.jpg,,,,,,,,
train_Other_trash60,TrashNet,cleaned_image_classification,train,Other,Other,prepared_datasets/combined_6class_confusion_cleaned/train/Other/trash60.jpg,prepared_datasets/combined_6class_confusion_cleaned/train/Other/trash60.jpg,prepared_datasets/combined_6class_confusion_cleaned/train/Other/trash60.jpg,,,,,,,,
train_Other_trash63,TrashNet,cleaned_image_classification,train,Other,Other,prepared_datasets/combined_6class_confusion_cleaned/train/Other/trash63.jpg,prepared_datasets/combined_6class_confusion_cleaned/train/Other/trash63.jpg,prepared_datasets/combined_6class_confusion_cleaned/train/Other/trash63.jpg,,,,,,,,
train_Other_trash69,TrashNet,cleaned_image_classification,train,Other,Other,prepared_datasets/combined_6class_confusion_cleaned/train/Other/trash69.jpg,prepared_datasets/combined_6class_confusion_cleaned/train/Other/trash69.jpg,prepared_datasets/combined_6class_confusion_cleaned/train/Other/trash69.jpg,,,,,,,,
train_Other_trash7,TrashNet,cleaned_image_classification,train,Other,Other,prepared_datasets/combined_6class_confusion_cleaned/train/Other/trash7.jpg,prepared_datasets/combined_6class_confusion_cleaned/train/Other/trash7.jpg,prepared_datasets/combined_6class_confusion_cleaned/train/Other/trash7.jpg,,,,,,,,
train_Other_trash70,TrashNet,cleaned_image_classification,train,Other,Other,prepared_datasets/combined_6class_confusion_cleaned/train/Other/trash70.jpg,prepared_datasets/combined_6class_confusion_cleaned/train/Other/trash70.jpg,prepared_datasets/combined_6class_confusion_cleaned/train/Other/trash70.jpg,,,,,,,,
train_Other_trash71,TrashNet,cleaned_image_classification,train,Other,Other,prepared_datasets/combined_6class_confusion_cleaned/train/Other/trash71.jpg,prepared_datasets/combined_6class_confusion_cleaned/train/Other/trash71.jpg,prepared_datasets/combined_6class_confusion_cleaned/train/Other/trash71.jpg,,,,,,,,
train_Other_trash72,TrashNet,cleaned_image_classification,train,Other,Other,prepared_datasets/combined_6class_confusion_cleaned/train/Other/trash72.jpg,prepared_datasets/combined_6class_confusion_cleaned/train/Other/trash72.jpg,prepared_datasets/combined_6class_confusion_cleaned/train/Other/trash72.jpg,,,,,,,,
train_Other_trash73,TrashNet,cleaned_image_classification,train,Other,Other,prepared_datasets/combined_6class_confusion_cleaned/train/Other/trash73.jpg,prepared_datasets/combined_6class_confusion_cleaned/train/Other/trash73.jpg,prepared_datasets/combined_6class_confusion_cleaned/train/Other/trash73.jpg,,,,,,,,
train_Other_trash74,TrashNet,cleaned_image_classification,train,Other,Other,prepared_datasets/combined_6class_confusion_cleaned/train/Other/trash74.jpg,prepared_datasets/combined_6class_confusion_cleaned/train/Other/trash74.jpg,prepared_datasets/combined_6class_confusion_cleaned/train/Other/trash74.jpg,,,,,,,,
train_Other_trash75,TrashNet,cleaned_image_classification,train,Other,Other,prepared_datasets/combined_6class_confusion_cleaned/train/Other/trash75.jpg,prepared_datasets/combined_6class_confusion_cleaned/train/Other/trash75.jpg,prepared_datasets/combined_6class_confusion_cleaned/train/Other/trash75.jpg,,,,,,,,
train_Other_trash77,TrashNet,cleaned_image_classification,train,Other,Other,prepared_datasets/combined_6class_confusion_cleaned/train/Other/trash77.jpg,prepared_datasets/combined_6class_confusion_cleaned/train/Other/trash77.jpg,prepared_datasets/combined_6class_confusion_cleaned/train/Other/trash77.jpg,,,,,,,,
train_Other_trash78,TrashNet,cleaned_image_classification,train,Other,Other,prepared_datasets/combined_6class_confusion_cleaned/train/Other/trash78.jpg,prepared_datasets/combined_6class_confusion_cleaned/train/Other/trash78.jpg,prepared_datasets/combined_6class_confusion_cleaned/train/Other/trash78.jpg,,,,,,,,
train_Other_trash80,TrashNet,cleaned_image_classification,train,Other,Other,prepared_datasets/combined_6class_confusion_cleaned/train/Other/trash80.jpg,prepared_datasets/combined_6class_confusion_cleaned/train/Other/trash80.jpg,prepared_datasets/combined_6class_confusion_cleaned/train/Other/trash80.jpg,,,,,,,,
train_Other_trash83,TrashNet,cleaned_image_classification,train,Other,Other,prepared_datasets/combined_6class_confusion_cleaned/train/Other/trash83.jpg,prepared_datasets/combined_6class_confusion_cleaned/train/Other/trash83.jpg,prepared_datasets/combined_6class_confusion_cleaned/train/Other/trash83.jpg,,,,,,,,
train_Other_trash85,TrashNet,cleaned_image_classification,train,Other,Other,prepared_datasets/combined_6class_confusion_cleaned/train/Other/trash85.jpg,prepared_datasets/combined_6class_confusion_cleaned/train/Other/trash85.jpg,prepared_datasets/combined_6class_confusion_cleaned/train/Other/trash85.jpg,,,,,,,,
train_Other_trash86,TrashNet,cleaned_image_classification,train,Other,Other,prepared_datasets/combined_6class_confusion_cleaned/train/Other/trash86.jpg,prepared_datasets/combined_6class_confusion_cleaned/train/Other/trash86.jpg,prepared_datasets/combined_6class_confusion_cleaned/train/Other/trash86.jpg,,,,,,,,
train_Other_trash87,TrashNet,cleaned_image_classification,train,Other,Other,prepared_datasets/combined_6class_confusion_cleaned/train/Other/trash87.jpg,prepared_datasets/combined_6class_confusion_cleaned/train/Other/trash87.jpg,prepared_datasets/combined_6class_confusion_cleaned/train/Other/trash87.jpg,,,,,,,,
train_Other_trash88,TrashNet,cleaned_image_classification,train,Other,Other,prepared_datasets/combined_6class_confusion_cleaned/train/Other/trash88.jpg,prepared_datasets/combined_6class_confusion_cleaned/train/Other/trash88.jpg,prepared_datasets/combined_6class_confusion_cleaned/train/Other/trash88.jpg,,,,,,,,
train_Other_trash89,TrashNet,cleaned_image_classification,train,Other,Other,prepared_datasets/combined_6class_confusion_cleaned/train/Other/trash89.jpg,prepared_datasets/combined_6class_confusion_cleaned/train/Other/trash89.jpg,prepared_datasets/combined_6class_confusion_cleaned/train/Other/trash89.jpg,,,,,,,,
train_Other_trash9,TrashNet,cleaned_image_classification,train,Other,Other,prepared_datasets/combined_6class_confusion_cleaned/train/Other/trash9.jpg,prepared_datasets/combined_6class_confusion_cleaned/train/Other/trash9.jpg,prepared_datasets/combined_6class_confusion_cleaned/train/Other/trash9.jpg,,,,,,,,
train_Other_trash90,TrashNet,cleaned_image_classification,train,Other,Other,prepared_datasets/combined_6class_confusion_cleaned/train/Other/trash90.jpg,prepared_datasets/combined_6class_confusion_cleaned/train/Other/trash90.jpg,prepared_datasets/combined_6class_confusion_cleaned/train/Other/trash90.jpg,,,,,,,,
train_Other_trash91,TrashNet,cleaned_image_classification,train,Other,Other,prepared_datasets/combined_6class_confusion_cleaned/train/Other/trash91.jpg,prepared_datasets/combined_6class_confusion_cleaned/train/Other/trash91.jpg,prepared_datasets/combined_6class_confusion_cleaned/train/Other/trash91.jpg,,,,,,,,
train_Other_trash93,TrashNet,cleaned_image_classification,train,Other,Other,prepared_datasets/combined_6class_confusion_cleaned/train/Other/trash93.jpg,prepared_datasets/combined_6class_confusion_cleaned/train/Other/trash93.jpg,prepared_datasets/combined_6class_confusion_cleaned/train/Other/trash93.jpg,,,,,,,,
train_Other_trash94,TrashNet,cleaned_image_classification,train,Other,Other,prepared_datasets/combined_6class_confusion_cleaned/train/Other/trash94.jpg,prepared_datasets/combined_6class_confusion_cleaned/train/Other/trash94.jpg,prepared_datasets/combined_6class_confusion_cleaned/train/Other/trash94.jpg,,,,,,,,
train_Other_trash96,TrashNet,cleaned_image_classification,train,Other,Other,prepared_datasets/combined_6class_confusion_cleaned/train/Other/trash96.jpg,prepared_datasets/combined_6class_confusion_cleaned/train/Other/trash96.jpg,prepared_datasets/combined_6class_confusion_cleaned/train/Other/trash96.jpg,,,,,,,,
train_Other_trash97,TrashNet,cleaned_image_classification,train,Other,Other,prepared_datasets/combined_6class_confusion_cleaned/train/Other/trash97.jpg,prepared_datasets/combined_6class_confusion_cleaned/train/Other/trash97.jpg,prepared_datasets/combined_6class_confusion_cleaned/train/Other/trash97.jpg,,,,,,,,
train_Other_trash98,TrashNet,cleaned_image_classification,train,Other,Other,prepared_datasets/combined_6class_confusion_cleaned/train/Other/trash98.jpg,prepared_datasets/combined_6class_confusion_cleaned/train/Other/trash98.jpg,prepared_datasets/combined_6class_confusion_cleaned/train/Other/trash98.jpg,,,,,,,,
train_PaperCardboard_000001_ann691,TACO,cleaned_image_classification,train,PaperCardboard,PaperCardboard,prepared_datasets/combined_6class_confusion_cleaned/train/PaperCardboard/000001_ann691.jpg,prepared_datasets/combined_6class_confusion_cleaned/train/PaperCardboard/000001_ann691.jpg,prepared_datasets/combined_6class_confusion_cleaned/train/PaperCardboard/000001_ann691.jpg,,,,,,,,
train_PaperCardboard_000003_ann693,TACO,cleaned_image_classification,train,PaperCardboard,PaperCardboard,prepared_datasets/combined_6class_confusion_cleaned/train/PaperCardboard/000003_ann693.jpg,prepared_datasets/combined_6class_confusion_cleaned/train/PaperCardboard/000003_ann693.jpg,prepared_datasets/combined_6class_confusion_cleaned/train/PaperCardboard/000003_ann693.jpg,,,,,,,,
train_PaperCardboard_000003_ann695,TACO,cleaned_image_classification,train,PaperCardboard,PaperCardboard,prepared_datasets/combined_6class_confusion_cleaned/train/PaperCardboard/000003_ann695.jpg,prepared_datasets/combined_6class_confusion_cleaned/train/PaperCardboard/000003_ann695.jpg,prepared_datasets/combined_6class_confusion_cleaned/train/PaperCardboard/000003_ann695.jpg,,,,,,,,
train_PaperCardboard_000005_ann1438,TACO,cleaned_image_classification,train,PaperCardboard,PaperCardboard,prepared_datasets/combined_6class_confusion_cleaned/train/PaperCardboard/000005_ann1438.jpg,prepared_datasets/combined_6class_confusion_cleaned/train/PaperCardboard/000005_ann1438.jpg,prepared_datasets/combined_6class_confusion_cleaned/train/PaperCardboard/000005_ann1438.jpg,,,,,,,,
train_PaperCardboard_000005_ann2208,TACO,cleaned_image_classification,train,PaperCardboard,PaperCardboard,prepared_datasets/combined_6class_confusion_cleaned/train/PaperCardboard/000005_ann2208.jpg,prepared_datasets/combined_6class_confusion_cleaned/train/PaperCardboard/000005_ann2208.jpg,prepared_datasets/combined_6class_confusion_cleaned/train/PaperCardboard/000005_ann2208.jpg,,,,,,,,
train_PaperCardboard_000005_ann2209,TACO,cleaned_image_classification,train,PaperCardboard,PaperCardboard,prepared_datasets/combined_6class_confusion_cleaned/train/PaperCardboard/000005_ann2209.jpg,prepared_datasets/combined_6class_confusion_cleaned/train/PaperCardboard/000005_ann2209.jpg,prepared_datasets/combined_6class_confusion_cleaned/train/PaperCardboard/000005_ann2209.jpg,,,,,,,,
train_PaperCardboard_000005_ann700,TACO,cleaned_image_classification,train,PaperCardboard,PaperCardboard,prepared_datasets/combined_6class_confusion_cleaned/train/PaperCardboard/000005_ann700.jpg,prepared_datasets/combined_6class_confusion_cleaned/train/PaperCardboard/000005_ann700.jpg,prepared_datasets/combined_6class_confusion_cleaned/train/PaperCardboard/000005_ann700.jpg,,,,,,,,
train_PaperCardboard_000006_ann702,TACO,cleaned_image_classification,train,PaperCardboard,PaperCardboard,prepared_datasets/combined_6class_confusion_cleaned/train/PaperCardboard/000006_ann702.jpg,prepared_datasets/combined_6class_confusion_cleaned/train/PaperCardboard/000006_ann702.jpg,prepared_datasets/combined_6class_confusion_cleaned/train/PaperCardboard/000006_ann702.jpg,,,,,,,,
train_PaperCardboard_000006_ann703,TACO,cleaned_image_classification,train,PaperCardboard,PaperCardboard,prepared_datasets/combined_6class_confusion_cleaned/train/PaperCardboard/000006_ann703.jpg,prepared_datasets/combined_6class_confusion_cleaned/train/PaperCardboard/000006_ann703.jpg,prepared_datasets/combined_6class_confusion_cleaned/train/PaperCardboard/000006_ann703.jpg,,,,,,,,
train_PaperCardboard_000006_ann704,TACO,cleaned_image_classification,train,PaperCardboard,PaperCardboard,prepared_datasets/combined_6class_confusion_cleaned/train/PaperCardboard/000006_ann704.jpg,prepared_datasets/combined_6class_confusion_cleaned/train/PaperCardboard/000006_ann704.jpg,prepared_datasets/combined_6class_confusion_cleaned/train/PaperCardboard/000006_ann704.jpg,,,,,,,,
train_PaperCardboard_000008_ann3,TACO,cleaned_image_classification,train,PaperCardboard,PaperCardboard,prepared_datasets/combined_6class_confusion_cleaned/train/PaperCardboard/000008_ann3.jpg,prepared_datasets/combined_6class_confusion_cleaned/train/PaperCardboard/000008_ann3.jpg,prepared_datasets/combined_6class_confusion_cleaned/train/PaperCardboard/000008_ann3.jpg,,,,,,,,
train_PaperCardboard_000008_ann708,TACO,cleaned_image_classification,train,PaperCardboard,PaperCardboard,prepared_datasets/combined_6class_confusion_cleaned/train/PaperCardboard/000008_ann708.jpg,prepared_datasets/combined_6class_confusion_cleaned/train/PaperCardboard/000008_ann708.jpg,prepared_datasets/combined_6class_confusion_cleaned/train/PaperCardboard/000008_ann708.jpg,,,,,,,,
train_PaperCardboard_000008_ann709,TACO,cleaned_image_classification,train,PaperCardboard,PaperCardboard,prepared_datasets/combined_6class_confusion_cleaned/train/PaperCardboard/000008_ann709.jpg,prepared_datasets/combined_6class_confusion_cleaned/train/PaperCardboard/000008_ann709.jpg,prepared_datasets/combined_6class_confusion_cleaned/train/PaperCardboard/000008_ann709.jpg,,,,,,,,
train_PaperCardboard_000009_ann1906,TACO,cleaned_image_classification,train,PaperCardboard,PaperCardboard,prepared_datasets/combined_6class_confusion_cleaned/train/PaperCardboard/000009_ann1906.jpg,prepared_datasets/combined_6class_confusion_cleaned/train/PaperCardboard/000009_ann1906.jpg,prepared_datasets/combined_6class_confusion_cleaned/train/PaperCardboard/000009_ann1906.jpg,,,,,,,,
train_PaperCardboard_000009_ann711,TACO,cleaned_image_classification,train,PaperCardboard,PaperCardboard,prepared_datasets/combined_6class_confusion_cleaned/train/PaperCardboard/000009_ann711.jpg,prepared_datasets/combined_6class_confusion_cleaned/train/PaperCardboard/000009_ann711.jpg,prepared_datasets/combined_6class_confusion_cleaned/train/PaperCardboard/000009_ann711.jpg,,,,,,,,
train_PaperCardboard_000010_ann1917,TACO,cleaned_image_classification,train,PaperCardboard,PaperCardboard,prepared_datasets/combined_6class_confusion_cleaned/train/PaperCardboard/000010_ann1917.jpg,prepared_datasets/combined_6class_confusion_cleaned/train/PaperCardboard/000010_ann1917.jpg,prepared_datasets/combined_6class_confusion_cleaned/train/PaperCardboard/000010_ann1917.jpg,,,,,,,,
train_PaperCardboard_000010_ann712,TACO,cleaned_image_classification,train,PaperCardboard,PaperCardboard,prepared_datasets/combined_6class_confusion_cleaned/train/PaperCardboard/000010_ann712.jpg,prepared_datasets/combined_6class_confusion_cleaned/train/PaperCardboard/000010_ann712.jpg,prepared_datasets/combined_6class_confusion_cleaned/train/PaperCardboard/000010_ann712.jpg,,,,,,,,
train_PaperCardboard_000010_ann716,TACO,cleaned_image_classification,train,PaperCardboard,PaperCardboard,prepared_datasets/combined_6class_confusion_cleaned/train/PaperCardboard/000010_ann716.jpg,prepared_datasets/combined_6class_confusion_cleaned/train/PaperCardboard/000010_ann716.jpg,prepared_datasets/combined_6class_confusion_cleaned/train/PaperCardboard/000010_ann716.jpg,,,,,,,,
train_PaperCardboard_000011_ann718,TACO,cleaned_image_classification,train,PaperCardboard,PaperCardboard,prepared_datasets/combined_6class_confusion_cleaned/train/PaperCardboard/000011_ann718.jpg,prepared_datasets/combined_6class_confusion_cleaned/train/PaperCardboard/000011_ann718.jpg,prepared_datasets/combined_6class_confusion_cleaned/train/PaperCardboard/000011_ann718.jpg,,,,,,,,
train_PaperCardboard_000012_ann721,TACO,cleaned_image_classification,train,PaperCardboard,PaperCardboard,prepared_datasets/combined_6class_confusion_cleaned/train/PaperCardboard/000012_ann721.jpg,prepared_datasets/combined_6class_confusion_cleaned/train/PaperCardboard/000012_ann721.jpg,prepared_datasets/combined_6class_confusion_cleaned/train/PaperCardboard/000012_ann721.jpg,,,,,,,,
train_PaperCardboard_000013_ann722,TACO,cleaned_image_classification,train,PaperCardboard,PaperCardboard,prepared_datasets/combined_6class_confusion_cleaned/train/PaperCardboard/000013_ann722.jpg,prepared_datasets/combined_6class_confusion_cleaned/train/PaperCardboard/000013_ann722.jpg,prepared_datasets/combined_6class_confusion_cleaned/train/PaperCardboard/000013_ann722.jpg,,,,,,,,
train_PaperCardboard_000014_ann30,TACO,cleaned_image_classification,train,PaperCardboard,PaperCardboard,prepared_datasets/combined_6class_confusion_cleaned/train/PaperCardboard/000014_ann30.jpg,prepared_datasets/combined_6class_confusion_cleaned/train/PaperCardboard/000014_ann30.jpg,prepared_datasets/combined_6class_confusion_cleaned/train/PaperCardboard/000014_ann30.jpg,,,,,,,,
train_PaperCardboard_000019_ann404,TACO,cleaned_image_classification,train,PaperCardboard,PaperCardboard,prepared_datasets/combined_6class_confusion_cleaned/train/PaperCardboard/000019_ann404.jpg,prepared_datasets/combined_6class_confusion_cleaned/train/PaperCardboard/000019_ann404.jpg,prepared_datasets/combined_6class_confusion_cleaned/train/PaperCardboard/000019_ann404.jpg,,,,,,,,
train_PaperCardboard_000026_ann430,TACO,cleaned_image_classification,train,PaperCardboard,PaperCardboard,prepared_datasets/combined_6class_confusion_cleaned/train/PaperCardboard/000026_ann430.jpg,prepared_datasets/combined_6class_confusion_cleaned/train/PaperCardboard/000026_ann430.jpg,prepared_datasets/combined_6class_confusion_cleaned/train/PaperCardboard/000026_ann430.jpg,,,,,,,,
train_PaperCardboard_000026_ann431,TACO,cleaned_image_classification,train,PaperCardboard,PaperCardboard,prepared_datasets/combined_6class_confusion_cleaned/train/PaperCardboard/000026_ann431.jpg,prepared_datasets/combined_6class_confusion_cleaned/train/PaperCardboard/000026_ann431.jpg,prepared_datasets/combined_6class_confusion_cleaned/train/PaperCardboard/000026_ann431.jpg,,,,,,,,
train_PaperCardboard_000029_ann1069,TACO,cleaned_image_classification,train,PaperCardboard,PaperCardboard,prepared_datasets/combined_6class_confusion_cleaned/train/PaperCardboard/000029_ann1069.jpg,prepared_datasets/combined_6class_confusion_cleaned/train/PaperCardboard/000029_ann1069.jpg,prepared_datasets/combined_6class_confusion_cleaned/train/PaperCardboard/000029_ann1069.jpg,,,,,,,,
train_PaperCardboard_000030_ann442,TACO,cleaned_image_classification,train,PaperCardboard,PaperCardboard,prepared_datasets/combined_6class_confusion_cleaned/train/PaperCardboard/000030_ann442.jpg,prepared_datasets/combined_6class_confusion_cleaned/train/PaperCardboard/000030_ann442.jpg,prepared_datasets/combined_6class_confusion_cleaned/train/PaperCardboard/000030_ann442.jpg,,,,,,,,
train_PaperCardboard_000031_ann443,TACO,cleaned_image_classification,train,PaperCardboard,PaperCardboard,prepared_datasets/combined_6class_confusion_cleaned/train/PaperCardboard/000031_ann443.jpg,prepared_datasets/combined_6class_confusion_cleaned/train/PaperCardboard/000031_ann443.jpg,prepared_datasets/combined_6class_confusion_cleaned/train/PaperCardboard/000031_ann443.jpg,,,,,,,,
train_PaperCardboard_000038_ann507,TACO,cleaned_image_classification,train,PaperCardboard,PaperCardboard,prepared_datasets/combined_6class_confusion_cleaned/train/PaperCardboard/000038_ann507.jpg,prepared_datasets/combined_6class_confusion_cleaned/train/PaperCardboard/000038_ann507.jpg,prepared_datasets/combined_6class_confusion_cleaned/train/PaperCardboard/000038_ann507.jpg,,,,,,,,
train_PaperCardboard_000047_ann1147,TACO,cleaned_image_classification,train,PaperCardboard,PaperCardboard,prepared_datasets/combined_6class_confusion_cleaned/train/PaperCardboard/000047_ann1147.jpg,prepared_datasets/combined_6class_confusion_cleaned/train/PaperCardboard/000047_ann1147.jpg,prepared_datasets/combined_6class_confusion_cleaned/train/PaperCardboard/000047_ann1147.jpg,,,,,,,,
train_PaperCardboard_000058_ann2126,TACO,cleaned_image_classification,train,PaperCardboard,PaperCardboard,prepared_datasets/combined_6class_confusion_cleaned/train/PaperCardboard/000058_ann2126.jpg,prepared_datasets/combined_6class_confusion_cleaned/train/PaperCardboard/000058_ann2126.jpg,prepared_datasets/combined_6class_confusion_cleaned/train/PaperCardboard/000058_ann2126.jpg,,,,,,,,
train_PaperCardboard_000059_ann1790,TACO,cleaned_image_classification,train,PaperCardboard,PaperCardboard,prepared_datasets/combined_6class_confusion_cleaned/train/PaperCardboard/000059_ann1790.jpg,prepared_datasets/combined_6class_confusion_cleaned/train/PaperCardboard/000059_ann1790.jpg,prepared_datasets/combined_6class_confusion_cleaned/train/PaperCardboard/000059_ann1790.jpg,,,,,,,,
train_PaperCardboard_000059_ann94,TACO,cleaned_image_classification,train,PaperCardboard,PaperCardboard,prepared_datasets/combined_6class_confusion_cleaned/train/PaperCardboard/000059_ann94.jpg,prepared_datasets/combined_6class_confusion_cleaned/train/PaperCardboard/000059_ann94.jpg,prepared_datasets/combined_6class_confusion_cleaned/train/PaperCardboard/000059_ann94.jpg,,,,,,,,
train_PaperCardboard_000060_ann51,TACO,cleaned_image_classification,train,PaperCardboard,PaperCardboard,prepared_datasets/combined_6class_confusion_cleaned/train/PaperCardboard/000060_ann51.jpg,prepared_datasets/combined_6class_confusion_cleaned/train/PaperCardboard/000060_ann51.jpg,prepared_datasets/combined_6class_confusion_cleaned/train/PaperCardboard/000060_ann51.jpg,,,,,,,,
train_PaperCardboard_000062_ann1263,TACO,cleaned_image_classification,train,PaperCardboard,PaperCardboard,prepared_datasets/combined_6class_confusion_cleaned/train/PaperCardboard/000062_ann1263.jpg,prepared_datasets/combined_6class_confusion_cleaned/train/PaperCardboard/000062_ann1263.jpg,prepared_datasets/combined_6class_confusion_cleaned/train/PaperCardboard/000062_ann1263.jpg,,,,,,,,
train_PaperCardboard_000062_ann1794,TACO,cleaned_image_classification,train,PaperCardboard,PaperCardboard,prepared_datasets/combined_6class_confusion_cleaned/train/PaperCardboard/000062_ann1794.jpg,prepared_datasets/combined_6class_confusion_cleaned/train/PaperCardboard/000062_ann1794.jpg,prepared_datasets/combined_6class_confusion_cleaned/train/PaperCardboard/000062_ann1794.jpg,,,,,,,,
train_PaperCardboard_000065_ann129,TACO,cleaned_image_classification,train,PaperCardboard,PaperCardboard,prepared_datasets/combined_6class_confusion_cleaned/train/PaperCardboard/000065_ann129.jpg,prepared_datasets/combined_6class_confusion_cleaned/train/PaperCardboard/000065_ann129.jpg,prepared_datasets/combined_6class_confusion_cleaned/train/PaperCardboard/000065_ann129.jpg,,,,,,,,
train_PaperCardboard_000066_ann131,TACO,cleaned_image_classification,train,PaperCardboard,PaperCardboard,prepared_datasets/combined_6class_confusion_cleaned/train/PaperCardboard/000066_ann131.jpg,prepared_datasets/combined_6class_confusion_cleaned/train/PaperCardboard/000066_ann131.jpg,prepared_datasets/combined_6class_confusion_cleaned/train/PaperCardboard/000066_ann131.jpg,,,,,,,,
train_PaperCardboard_000068_ann2328,TACO,cleaned_image_classification,train,PaperCardboard,PaperCardboard,prepared_datasets/combined_6class_confusion_cleaned/train/PaperCardboard/000068_ann2328.jpg,prepared_datasets/combined_6class_confusion_cleaned/train/PaperCardboard/000068_ann2328.jpg,prepared_datasets/combined_6class_confusion_cleaned/train/PaperCardboard/000068_ann2328.jpg,,,,,,,,
train_PaperCardboard_000071_ann1649,TACO,cleaned_image_classification,train,PaperCardboard,PaperCardboard,prepared_datasets/combined_6class_confusion_cleaned/train/PaperCardboard/000071_ann1649.jpg,prepared_datasets/combined_6class_confusion_cleaned/train/PaperCardboard/000071_ann1649.jpg,prepared_datasets/combined_6class_confusion_cleaned/train/PaperCardboard/000071_ann1649.jpg,,,,,,,,
train_PaperCardboard_000071_ann1806,TACO,cleaned_image_classification,train,PaperCardboard,PaperCardboard,prepared_datasets/combined_6class_confusion_cleaned/train/PaperCardboard/000071_ann1806.jpg,prepared_datasets/combined_6class_confusion_cleaned/train/PaperCardboard/000071_ann1806.jpg,prepared_datasets/combined_6class_confusion_cleaned/train/PaperCardboard/000071_ann1806.jpg,,,,,,,,
train_PaperCardboard_000078_ann2184,TACO,cleaned_image_classification,train,PaperCardboard,PaperCardboard,prepared_datasets/combined_6class_confusion_cleaned/train/PaperCardboard/000078_ann2184.jpg,prepared_datasets/combined_6class_confusion_cleaned/train/PaperCardboard/000078_ann2184.jpg,prepared_datasets/combined_6class_confusion_cleaned/train/PaperCardboard/000078_ann2184.jpg,,,,,,,,
train_PaperCardboard_000078_ann2186,TACO,cleaned_image_classification,train,PaperCardboard,PaperCardboard,prepared_datasets/combined_6class_confusion_cleaned/train/PaperCardboard/000078_ann2186.jpg,prepared_datasets/combined_6class_confusion_cleaned/train/PaperCardboard/000078_ann2186.jpg,prepared_datasets/combined_6class_confusion_cleaned/train/PaperCardboard/000078_ann2186.jpg,,,,,,,,
train_PaperCardboard_000089_ann884,TACO,cleaned_image_classification,train,PaperCardboard,PaperCardboard,prepared_datasets/combined_6class_confusion_cleaned/train/PaperCardboard/000089_ann884.jpg,prepared_datasets/combined_6class_confusion_cleaned/train/PaperCardboard/000089_ann884.jpg,prepared_datasets/combined_6class_confusion_cleaned/train/PaperCardboard/000089_ann884.jpg,,,,,,,,
train_PaperCardboard_000097_ann2966,TACO,cleaned_image_classification,train,PaperCardboard,PaperCardboard,prepared_datasets/combined_6class_confusion_cleaned/train/PaperCardboard/000097_ann2966.jpg,prepared_datasets/combined_6class_confusion_cleaned/train/PaperCardboard/000097_ann2966.jpg,prepared_datasets/combined_6class_confusion_cleaned/train/PaperCardboard/000097_ann2966.jpg,,,,,,,,
train_PaperCardboard_000102_ann200,TACO,cleaned_image_classification,train,PaperCardboard,PaperCardboard,prepared_datasets/combined_6class_confusion_cleaned/train/PaperCardboard/000102_ann200.jpg,prepared_datasets/combined_6class_confusion_cleaned/train/PaperCardboard/000102_ann200.jpg,prepared_datasets/combined_6class_confusion_cleaned/train/PaperCardboard/000102_ann200.jpg,,,,,,,,
train_PaperCardboard_000102_ann202,TACO,cleaned_image_classification,train,PaperCardboard,PaperCardboard,prepared_datasets/combined_6class_confusion_cleaned/train/PaperCardboard/000102_ann202.jpg,prepared_datasets/combined_6class_confusion_cleaned/train/PaperCardboard/000102_ann202.jpg,prepared_datasets/combined_6class_confusion_cleaned/train/PaperCardboard/000102_ann202.jpg,,,,,,,,
train_PaperCardboard_000127_ann259,TACO,cleaned_image_classification,train,PaperCardboard,PaperCardboard,prepared_datasets/combined_6class_confusion_cleaned/train/PaperCardboard/000127_ann259.jpg,prepared_datasets/combined_6class_confusion_cleaned/train/PaperCardboard/000127_ann259.jpg,prepared_datasets/combined_6class_confusion_cleaned/train/PaperCardboard/000127_ann259.jpg,,,,,,,,
train_PaperCardboard_000128_ann263,TACO,cleaned_image_classification,train,PaperCardboard,PaperCardboard,prepared_datasets/combined_6class_confusion_cleaned/train/PaperCardboard/000128_ann263.jpg,prepared_datasets/combined_6class_confusion_cleaned/train/PaperCardboard/000128_ann263.jpg,prepared_datasets/combined_6class_confusion_cleaned/train/PaperCardboard/000128_ann263.jpg,,,,,,,,
train_PaperCardboard_000128_ann265,TACO,cleaned_image_classification,train,PaperCardboard,PaperCardboard,prepared_datasets/combined_6class_confusion_cleaned/train/PaperCardboard/000128_ann265.jpg,prepared_datasets/combined_6class_confusion_cleaned/train/PaperCardboard/000128_ann265.jpg,prepared_datasets/combined_6class_confusion_cleaned/train/PaperCardboard/000128_ann265.jpg,,,,,,,,
train_PaperCardboard_000129_ann276,TACO,cleaned_image_classification,train,PaperCardboard,PaperCardboard,prepared_datasets/combined_6class_confusion_cleaned/train/PaperCardboard/000129_ann276.jpg,prepared_datasets/combined_6class_confusion_cleaned/train/PaperCardboard/000129_ann276.jpg,prepared_datasets/combined_6class_confusion_cleaned/train/PaperCardboard/000129_ann276.jpg,,,,,,,,
train_PaperCardboard_000129_ann281,TACO,cleaned_image_classification,train,PaperCardboard,PaperCardboard,prepared_datasets/combined_6class_confusion_cleaned/train/PaperCardboard/000129_ann281.jpg,prepared_datasets/combined_6class_confusion_cleaned/train/PaperCardboard/000129_ann281.jpg,prepared_datasets/combined_6class_confusion_cleaned/train/PaperCardboard/000129_ann281.jpg,,,,,,,,
train_PaperCardboard_000129_ann282,TACO,cleaned_image_classification,train,PaperCardboard,PaperCardboard,prepared_datasets/combined_6class_confusion_cleaned/train/PaperCardboard/000129_ann282.jpg,prepared_datasets/combined_6class_confusion_cleaned/train/PaperCardboard/000129_ann282.jpg,prepared_datasets/combined_6class_confusion_cleaned/train/PaperCardboard/000129_ann282.jpg,,,,,,,,
train_PaperCardboard_cardboard1,TrashNet,cleaned_image_classification,train,PaperCardboard,PaperCardboard,prepared_datasets/combined_6class_confusion_cleaned/train/PaperCardboard/cardboard1.jpg,prepared_datasets/combined_6class_confusion_cleaned/train/PaperCardboard/cardboard1.jpg,prepared_datasets/combined_6class_confusion_cleaned/train/PaperCardboard/cardboard1.jpg,,,,,,,,
train_PaperCardboard_cardboard10,TrashNet,cleaned_image_classification,train,PaperCardboard,PaperCardboard,prepared_datasets/combined_6class_confusion_cleaned/train/PaperCardboard/cardboard10.jpg,prepared_datasets/combined_6class_confusion_cleaned/train/PaperCardboard/cardboard10.jpg,prepared_datasets/combined_6class_confusion_cleaned/train/PaperCardboard/cardboard10.jpg,,,,,,,,
train_PaperCardboard_cardboard100,TrashNet,cleaned_image_classification,train,PaperCardboard,PaperCardboard,prepared_datasets/combined_6class_confusion_cleaned/train/PaperCardboard/cardboard100.jpg,prepared_datasets/combined_6class_confusion_cleaned/train/PaperCardboard/cardboard100.jpg,prepared_datasets/combined_6class_confusion_cleaned/train/PaperCardboard/cardboard100.jpg,,,,,,,,
train_PaperCardboard_cardboard101,TrashNet,cleaned_image_classification,train,PaperCardboard,PaperCardboard,prepared_datasets/combined_6class_confusion_cleaned/train/PaperCardboard/cardboard101.jpg,prepared_datasets/combined_6class_confusion_cleaned/train/PaperCardboard/cardboard101.jpg,prepared_datasets/combined_6class_confusion_cleaned/train/PaperCardboard/cardboard101.jpg,,,,,,,,
train_PaperCardboard_cardboard102,TrashNet,cleaned_image_classification,train,PaperCardboard,PaperCardboard,prepared_datasets/combined_6class_confusion_cleaned/train/PaperCardboard/cardboard102.jpg,prepared_datasets/combined_6class_confusion_cleaned/train/PaperCardboard/cardboard102.jpg,prepared_datasets/combined_6class_confusion_cleaned/train/PaperCardboard/cardboard102.jpg,,,,,,,,
train_PaperCardboard_cardboard104,TrashNet,cleaned_image_classification,train,PaperCardboard,PaperCardboard,prepared_datasets/combined_6class_confusion_cleaned/train/PaperCardboard/cardboard104.jpg,prepared_datasets/combined_6class_confusion_cleaned/train/PaperCardboard/cardboard104.jpg,prepared_datasets/combined_6class_confusion_cleaned/train/PaperCardboard/cardboard104.jpg,,,,,,,,
train_PaperCardboard_cardboard106,TrashNet,cleaned_image_classification,train,PaperCardboard,PaperCardboard,prepared_datasets/combined_6class_confusion_cleaned/train/PaperCardboard/cardboard106.jpg,prepared_datasets/combined_6class_confusion_cleaned/train/PaperCardboard/cardboard106.jpg,prepared_datasets/combined_6class_confusion_cleaned/train/PaperCardboard/cardboard106.jpg,,,,,,,,
train_PaperCardboard_cardboard109,TrashNet,cleaned_image_classification,train,PaperCardboard,PaperCardboard,prepared_datasets/combined_6class_confusion_cleaned/train/PaperCardboard/cardboard109.jpg,prepared_datasets/combined_6class_confusion_cleaned/train/PaperCardboard/cardboard109.jpg,prepared_datasets/combined_6class_confusion_cleaned/train/PaperCardboard/cardboard109.jpg,,,,,,,,
train_PaperCardboard_cardboard11,TrashNet,cleaned_image_classification,train,PaperCardboard,PaperCardboard,prepared_datasets/combined_6class_confusion_cleaned/train/PaperCardboard/cardboard11.jpg,prepared_datasets/combined_6class_confusion_cleaned/train/PaperCardboard/cardboard11.jpg,prepared_datasets/combined_6class_confusion_cleaned/train/PaperCardboard/cardboard11.jpg,,,,,,,,
train_PaperCardboard_cardboard110,TrashNet,cleaned_image_classification,train,PaperCardboard,PaperCardboard,prepared_datasets/combined_6class_confusion_cleaned/train/PaperCardboard/cardboard110.jpg,prepared_datasets/combined_6class_confusion_cleaned/train/PaperCardboard/cardboard110.jpg,prepared_datasets/combined_6class_confusion_cleaned/train/PaperCardboard/cardboard110.jpg,,,,,,,,
train_PaperCardboard_cardboard111,TrashNet,cleaned_image_classification,train,PaperCardboard,PaperCardboard,prepared_datasets/combined_6class_confusion_cleaned/train/PaperCardboard/cardboard111.jpg,prepared_datasets/combined_6class_confusion_cleaned/train/PaperCardboard/cardboard111.jpg,prepared_datasets/combined_6class_confusion_cleaned/train/PaperCardboard/cardboard111.jpg,,,,,,,,
train_PaperCardboard_cardboard113,TrashNet,cleaned_image_classification,train,PaperCardboard,PaperCardboard,prepared_datasets/combined_6class_confusion_cleaned/train/PaperCardboard/cardboard113.jpg,prepared_datasets/combined_6class_confusion_cleaned/train/PaperCardboard/cardboard113.jpg,prepared_datasets/combined_6class_confusion_cleaned/train/PaperCardboard/cardboard113.jpg,,,,,,,,
train_PaperCardboard_cardboard114,TrashNet,cleaned_image_classification,train,PaperCardboard,PaperCardboard,prepared_datasets/combined_6class_confusion_cleaned/train/PaperCardboard/cardboard114.jpg,prepared_datasets/combined_6class_confusion_cleaned/train/PaperCardboard/cardboard114.jpg,prepared_datasets/combined_6class_confusion_cleaned/train/PaperCardboard/cardboard114.jpg,,,,,,,,
train_PaperCardboard_cardboard117,TrashNet,cleaned_image_classification,train,PaperCardboard,PaperCardboard,prepared_datasets/combined_6class_confusion_cleaned/train/PaperCardboard/cardboard117.jpg,prepared_datasets/combined_6class_confusion_cleaned/train/PaperCardboard/cardboard117.jpg,prepared_datasets/combined_6class_confusion_cleaned/train/PaperCardboard/cardboard117.jpg,,,,,,,,
train_PaperCardboard_cardboard118,TrashNet,cleaned_image_classification,train,PaperCardboard,PaperCardboard,prepared_datasets/combined_6class_confusion_cleaned/train/PaperCardboard/cardboard118.jpg,prepared_datasets/combined_6class_confusion_cleaned/train/PaperCardboard/cardboard118.jpg,prepared_datasets/combined_6class_confusion_cleaned/train/PaperCardboard/cardboard118.jpg,,,,,,,,
train_PaperCardboard_cardboard119,TrashNet,cleaned_image_classification,train,PaperCardboard,PaperCardboard,prepared_datasets/combined_6class_confusion_cleaned/train/PaperCardboard/cardboard119.jpg,prepared_datasets/combined_6class_confusion_cleaned/train/PaperCardboard/cardboard119.jpg,prepared_datasets/combined_6class_confusion_cleaned/train/PaperCardboard/cardboard119.jpg,,,,,,,,
train_PaperCardboard_cardboard12,TrashNet,cleaned_image_classification,train,PaperCardboard,PaperCardboard,prepared_datasets/combined_6class_confusion_cleaned/train/PaperCardboard/cardboard12.jpg,prepared_datasets/combined_6class_confusion_cleaned/train/PaperCardboard/cardboard12.jpg,prepared_datasets/combined_6class_confusion_cleaned/train/PaperCardboard/cardboard12.jpg,,,,,,,,
train_PaperCardboard_cardboard121,TrashNet,cleaned_image_classification,train,PaperCardboard,PaperCardboard,prepared_datasets/combined_6class_confusion_cleaned/train/PaperCardboard/cardboard121.jpg,prepared_datasets/combined_6class_confusion_cleaned/train/PaperCardboard/cardboard121.jpg,prepared_datasets/combined_6class_confusion_cleaned/train/PaperCardboard/cardboard121.jpg,,,,,,,,
train_PaperCardboard_cardboard122,TrashNet,cleaned_image_classification,train,PaperCardboard,PaperCardboard,prepared_datasets/combined_6class_confusion_cleaned/train/PaperCardboard/cardboard122.jpg,prepared_datasets/combined_6class_confusion_cleaned/train/PaperCardboard/cardboard122.jpg,prepared_datasets/combined_6class_confusion_cleaned/train/PaperCardboard/cardboard122.jpg,,,,,,,,
train_PaperCardboard_cardboard124,TrashNet,cleaned_image_classification,train,PaperCardboard,PaperCardboard,prepared_datasets/combined_6class_confusion_cleaned/train/PaperCardboard/cardboard124.jpg,prepared_datasets/combined_6class_confusion_cleaned/train/PaperCardboard/cardboard124.jpg,prepared_datasets/combined_6class_confusion_cleaned/train/PaperCardboard/cardboard124.jpg,,,,,,,,
train_PaperCardboard_cardboard126,TrashNet,cleaned_image_classification,train,PaperCardboard,PaperCardboard,prepared_datasets/combined_6class_confusion_cleaned/train/PaperCardboard/cardboard126.jpg,prepared_datasets/combined_6class_confusion_cleaned/train/PaperCardboard/cardboard126.jpg,prepared_datasets/combined_6class_confusion_cleaned/train/PaperCardboard/cardboard126.jpg,,,,,,,,
train_PaperCardboard_cardboard127,TrashNet,cleaned_image_classification,train,PaperCardboard,PaperCardboard,prepared_datasets/combined_6class_confusion_cleaned/train/PaperCardboard/cardboard127.jpg,prepared_datasets/combined_6class_confusion_cleaned/train/PaperCardboard/cardboard127.jpg,prepared_datasets/combined_6class_confusion_cleaned/train/PaperCardboard/cardboard127.jpg,,,,,,,,
train_PaperCardboard_cardboard129,TrashNet,cleaned_image_classification,train,PaperCardboard,PaperCardboard,prepared_datasets/combined_6class_confusion_cleaned/train/PaperCardboard/cardboard129.jpg,prepared_datasets/combined_6class_confusion_cleaned/train/PaperCardboard/cardboard129.jpg,prepared_datasets/combined_6class_confusion_cleaned/train/PaperCardboard/cardboard129.jpg,,,,,,,,
train_PaperCardboard_cardboard13,TrashNet,cleaned_image_classification,train,PaperCardboard,PaperCardboard,prepared_datasets/combined_6class_confusion_cleaned/train/PaperCardboard/cardboard13.jpg,prepared_datasets/combined_6class_confusion_cleaned/train/PaperCardboard/cardboard13.jpg,prepared_datasets/combined_6class_confusion_cleaned/train/PaperCardboard/cardboard13.jpg,,,,,,,,
train_PaperCardboard_cardboard130,TrashNet,cleaned_image_classification,train,PaperCardboard,PaperCardboard,prepared_datasets/combined_6class_confusion_cleaned/train/PaperCardboard/cardboard130.jpg,prepared_datasets/combined_6class_confusion_cleaned/train/PaperCardboard/cardboard130.jpg,prepared_datasets/combined_6class_confusion_cleaned/train/PaperCardboard/cardboard130.jpg,,,,,,,,
train_PaperCardboard_cardboard131,TrashNet,cleaned_image_classification,train,PaperCardboard,PaperCardboard,prepared_datasets/combined_6class_confusion_cleaned/train/PaperCardboard/cardboard131.jpg,prepared_datasets/combined_6class_confusion_cleaned/train/PaperCardboard/cardboard131.jpg,prepared_datasets/combined_6class_confusion_cleaned/train/PaperCardboard/cardboard131.jpg,,,,,,,,
train_PaperCardboard_cardboard132,TrashNet,cleaned_image_classification,train,PaperCardboard,PaperCardboard,prepared_datasets/combined_6class_confusion_cleaned/train/PaperCardboard/cardboard132.jpg,prepared_datasets/combined_6class_confusion_cleaned/train/PaperCardboard/cardboard132.jpg,prepared_datasets/combined_6class_confusion_cleaned/train/PaperCardboard/cardboard132.jpg,,,,,,,,
train_PaperCardboard_cardboard134,TrashNet,cleaned_image_classification,train,PaperCardboard,PaperCardboard,prepared_datasets/combined_6class_confusion_cleaned/train/PaperCardboard/cardboard134.jpg,prepared_datasets/combined_6class_confusion_cleaned/train/PaperCardboard/cardboard134.jpg,prepared_datasets/combined_6class_confusion_cleaned/train/PaperCardboard/cardboard134.jpg,,,,,,,,
train_PaperCardboard_cardboard136,TrashNet,cleaned_image_classification,train,PaperCardboard,PaperCardboard,prepared_datasets/combined_6class_confusion_cleaned/train/PaperCardboard/cardboard136.jpg,prepared_datasets/combined_6class_confusion_cleaned/train/PaperCardboard/cardboard136.jpg,prepared_datasets/combined_6class_confusion_cleaned/train/PaperCardboard/cardboard136.jpg,,,,,,,,
train_PaperCardboard_cardboard137,TrashNet,cleaned_image_classification,train,PaperCardboard,PaperCardboard,prepared_datasets/combined_6class_confusion_cleaned/train/PaperCardboard/cardboard137.jpg,prepared_datasets/combined_6class_confusion_cleaned/train/PaperCardboard/cardboard137.jpg,prepared_datasets/combined_6class_confusion_cleaned/train/PaperCardboard/cardboard137.jpg,,,,,,,,
train_PaperCardboard_cardboard14,TrashNet,cleaned_image_classification,train,PaperCardboard,PaperCardboard,prepared_datasets/combined_6class_confusion_cleaned/train/PaperCardboard/cardboard14.jpg,prepared_datasets/combined_6class_confusion_cleaned/train/PaperCardboard/cardboard14.jpg,prepared_datasets/combined_6class_confusion_cleaned/train/PaperCardboard/cardboard14.jpg,,,,,,,,
train_PaperCardboard_cardboard142,TrashNet,cleaned_image_classification,train,PaperCardboard,PaperCardboard,prepared_datasets/combined_6class_confusion_cleaned/train/PaperCardboard/cardboard142.jpg,prepared_datasets/combined_6class_confusion_cleaned/train/PaperCardboard/cardboard142.jpg,prepared_datasets/combined_6class_confusion_cleaned/train/PaperCardboard/cardboard142.jpg,,,,,,,,
train_PaperCardboard_cardboard143,TrashNet,cleaned_image_classification,train,PaperCardboard,PaperCardboard,prepared_datasets/combined_6class_confusion_cleaned/train/PaperCardboard/cardboard143.jpg,prepared_datasets/combined_6class_confusion_cleaned/train/PaperCardboard/cardboard143.jpg,prepared_datasets/combined_6class_confusion_cleaned/train/PaperCardboard/cardboard143.jpg,,,,,,,,
train_PaperCardboard_cardboard144,TrashNet,cleaned_image_classification,train,PaperCardboard,PaperCardboard,prepared_datasets/combined_6class_confusion_cleaned/train/PaperCardboard/cardboard144.jpg,prepared_datasets/combined_6class_confusion_cleaned/train/PaperCardboard/cardboard144.jpg,prepared_datasets/combined_6class_confusion_cleaned/train/PaperCardboard/cardboard144.jpg,,,,,,,,
train_PaperCardboard_cardboard147,TrashNet,cleaned_image_classification,train,PaperCardboard,PaperCardboard,prepared_datasets/combined_6class_confusion_cleaned/train/PaperCardboard/cardboard147.jpg,prepared_datasets/combined_6class_confusion_cleaned/train/PaperCardboard/cardboard147.jpg,prepared_datasets/combined_6class_confusion_cleaned/train/PaperCardboard/cardboard147.jpg,,,,,,,,
train_PaperCardboard_cardboard149,TrashNet,cleaned_image_classification,train,PaperCardboard,PaperCardboard,prepared_datasets/combined_6class_confusion_cleaned/train/PaperCardboard/cardboard149.jpg,prepared_datasets/combined_6class_confusion_cleaned/train/PaperCardboard/cardboard149.jpg,prepared_datasets/combined_6class_confusion_cleaned/train/PaperCardboard/cardboard149.jpg,,,,,,,,
train_PaperCardboard_cardboard150,TrashNet,cleaned_image_classification,train,PaperCardboard,PaperCardboard,prepared_datasets/combined_6class_confusion_cleaned/train/PaperCardboard/cardboard150.jpg,prepared_datasets/combined_6class_confusion_cleaned/train/PaperCardboard/cardboard150.jpg,prepared_datasets/combined_6class_confusion_cleaned/train/PaperCardboard/cardboard150.jpg,,,,,,,,
train_PaperCardboard_cardboard151,TrashNet,cleaned_image_classification,train,PaperCardboard,PaperCardboard,prepared_datasets/combined_6class_confusion_cleaned/train/PaperCardboard/cardboard151.jpg,prepared_datasets/combined_6class_confusion_cleaned/train/PaperCardboard/cardboard151.jpg,prepared_datasets/combined_6class_confusion_cleaned/train/PaperCardboard/cardboard151.jpg,,,,,,,,
train_PaperCardboard_cardboard152,TrashNet,cleaned_image_classification,train,PaperCardboard,PaperCardboard,prepared_datasets/combined_6class_confusion_cleaned/train/PaperCardboard/cardboard152.jpg,prepared_datasets/combined_6class_confusion_cleaned/train/PaperCardboard/cardboard152.jpg,prepared_datasets/combined_6class_confusion_cleaned/train/PaperCardboard/cardboard152.jpg,,,,,,,,
train_PaperCardboard_cardboard153,TrashNet,cleaned_image_classification,train,PaperCardboard,PaperCardboard,prepared_datasets/combined_6class_confusion_cleaned/train/PaperCardboard/cardboard153.jpg,prepared_datasets/combined_6class_confusion_cleaned/train/PaperCardboard/cardboard153.jpg,prepared_datasets/combined_6class_confusion_cleaned/train/PaperCardboard/cardboard153.jpg,,,,,,,,
train_PaperCardboard_cardboard154,TrashNet,cleaned_image_classification,train,PaperCardboard,PaperCardboard,prepared_datasets/combined_6class_confusion_cleaned/train/PaperCardboard/cardboard154.jpg,prepared_datasets/combined_6class_confusion_cleaned/train/PaperCardboard/cardboard154.jpg,prepared_datasets/combined_6class_confusion_cleaned/train/PaperCardboard/cardboard154.jpg,,,,,,,,
train_PaperCardboard_cardboard155,TrashNet,cleaned_image_classification,train,PaperCardboard,PaperCardboard,prepared_datasets/combined_6class_confusion_cleaned/train/PaperCardboard/cardboard155.jpg,prepared_datasets/combined_6class_confusion_cleaned/train/PaperCardboard/cardboard155.jpg,prepared_datasets/combined_6class_confusion_cleaned/train/PaperCardboard/cardboard155.jpg,,,,,,,,
train_PaperCardboard_cardboard156,TrashNet,cleaned_image_classification,train,PaperCardboard,PaperCardboard,prepared_datasets/combined_6class_confusion_cleaned/train/PaperCardboard/cardboard156.jpg,prepared_datasets/combined_6class_confusion_cleaned/train/PaperCardboard/cardboard156.jpg,prepared_datasets/combined_6class_confusion_cleaned/train/PaperCardboard/cardboard156.jpg,,,,,,,,
train_PaperCardboard_cardboard157,TrashNet,cleaned_image_classification,train,PaperCardboard,PaperCardboard,prepared_datasets/combined_6class_confusion_cleaned/train/PaperCardboard/cardboard157.jpg,prepared_datasets/combined_6class_confusion_cleaned/train/PaperCardboard/cardboard157.jpg,prepared_datasets/combined_6class_confusion_cleaned/train/PaperCardboard/cardboard157.jpg,,,,,,,,
train_PaperCardboard_cardboard158,TrashNet,cleaned_image_classification,train,PaperCardboard,PaperCardboard,prepared_datasets/combined_6class_confusion_cleaned/train/PaperCardboard/cardboard158.jpg,prepared_datasets/combined_6class_confusion_cleaned/train/PaperCardboard/cardboard158.jpg,prepared_datasets/combined_6class_confusion_cleaned/train/PaperCardboard/cardboard158.jpg,,,,,,,,
train_PaperCardboard_cardboard159,TrashNet,cleaned_image_classification,train,PaperCardboard,PaperCardboard,prepared_datasets/combined_6class_confusion_cleaned/train/PaperCardboard/cardboard159.jpg,prepared_datasets/combined_6class_confusion_cleaned/train/PaperCardboard/cardboard159.jpg,prepared_datasets/combined_6class_confusion_cleaned/train/PaperCardboard/cardboard159.jpg,,,,,,,,
train_PaperCardboard_cardboard16,TrashNet,cleaned_image_classification,train,PaperCardboard,PaperCardboard,prepared_datasets/combined_6class_confusion_cleaned/train/PaperCardboard/cardboard16.jpg,prepared_datasets/combined_6class_confusion_cleaned/train/PaperCardboard/cardboard16.jpg,prepared_datasets/combined_6class_confusion_cleaned/train/PaperCardboard/cardboard16.jpg,,,,,,,,
train_PaperCardboard_cardboard160,TrashNet,cleaned_image_classification,train,PaperCardboard,PaperCardboard,prepared_datasets/combined_6class_confusion_cleaned/train/PaperCardboard/cardboard160.jpg,prepared_datasets/combined_6class_confusion_cleaned/train/PaperCardboard/cardboard160.jpg,prepared_datasets/combined_6class_confusion_cleaned/train/PaperCardboard/cardboard160.jpg,,,,,,,,
train_PaperCardboard_cardboard162,TrashNet,cleaned_image_classification,train,PaperCardboard,PaperCardboard,prepared_datasets/combined_6class_confusion_cleaned/train/PaperCardboard/cardboard162.jpg,prepared_datasets/combined_6class_confusion_cleaned/train/PaperCardboard/cardboard162.jpg,prepared_datasets/combined_6class_confusion_cleaned/train/PaperCardboard/cardboard162.jpg,,,,,,,,
train_PaperCardboard_cardboard164,TrashNet,cleaned_image_classification,train,PaperCardboard,PaperCardboard,prepared_datasets/combined_6class_confusion_cleaned/train/PaperCardboard/cardboard164.jpg,prepared_datasets/combined_6class_confusion_cleaned/train/PaperCardboard/cardboard164.jpg,prepared_datasets/combined_6class_confusion_cleaned/train/PaperCardboard/cardboard164.jpg,,,,,,,,
train_PaperCardboard_cardboard166,TrashNet,cleaned_image_classification,train,PaperCardboard,PaperCardboard,prepared_datasets/combined_6class_confusion_cleaned/train/PaperCardboard/cardboard166.jpg,prepared_datasets/combined_6class_confusion_cleaned/train/PaperCardboard/cardboard166.jpg,prepared_datasets/combined_6class_confusion_cleaned/train/PaperCardboard/cardboard166.jpg,,,,,,,,
train_PaperCardboard_cardboard167,TrashNet,cleaned_image_classification,train,PaperCardboard,PaperCardboard,prepared_datasets/combined_6class_confusion_cleaned/train/PaperCardboard/cardboard167.jpg,prepared_datasets/combined_6class_confusion_cleaned/train/PaperCardboard/cardboard167.jpg,prepared_datasets/combined_6class_confusion_cleaned/train/PaperCardboard/cardboard167.jpg,,,,,,,,
train_PaperCardboard_cardboard169,TrashNet,cleaned_image_classification,train,PaperCardboard,PaperCardboard,prepared_datasets/combined_6class_confusion_cleaned/train/PaperCardboard/cardboard169.jpg,prepared_datasets/combined_6class_confusion_cleaned/train/PaperCardboard/cardboard169.jpg,prepared_datasets/combined_6class_confusion_cleaned/train/PaperCardboard/cardboard169.jpg,,,,,,,,
train_PaperCardboard_cardboard17,TrashNet,cleaned_image_classification,train,PaperCardboard,PaperCardboard,prepared_datasets/combined_6class_confusion_cleaned/train/PaperCardboard/cardboard17.jpg,prepared_datasets/combined_6class_confusion_cleaned/train/PaperCardboard/cardboard17.jpg,prepared_datasets/combined_6class_confusion_cleaned/train/PaperCardboard/cardboard17.jpg,,,,,,,,
train_PaperCardboard_cardboard171,TrashNet,cleaned_image_classification,train,PaperCardboard,PaperCardboard,prepared_datasets/combined_6class_confusion_cleaned/train/PaperCardboard/cardboard171.jpg,prepared_datasets/combined_6class_confusion_cleaned/train/PaperCardboard/cardboard171.jpg,prepared_datasets/combined_6class_confusion_cleaned/train/PaperCardboard/cardboard171.jpg,,,,,,,,
train_PaperCardboard_cardboard173,TrashNet,cleaned_image_classification,train,PaperCardboard,PaperCardboard,prepared_datasets/combined_6class_confusion_cleaned/train/PaperCardboard/cardboard173.jpg,prepared_datasets/combined_6class_confusion_cleaned/train/PaperCardboard/cardboard173.jpg,prepared_datasets/combined_6class_confusion_cleaned/train/PaperCardboard/cardboard173.jpg,,,,,,,,
train_PaperCardboard_cardboard177,TrashNet,cleaned_image_classification,train,PaperCardboard,PaperCardboard,prepared_datasets/combined_6class_confusion_cleaned/train/PaperCardboard/cardboard177.jpg,prepared_datasets/combined_6class_confusion_cleaned/train/PaperCardboard/cardboard177.jpg,prepared_datasets/combined_6class_confusion_cleaned/train/PaperCardboard/cardboard177.jpg,,,,,,,,
train_PaperCardboard_cardboard178,TrashNet,cleaned_image_classification,train,PaperCardboard,PaperCardboard,prepared_datasets/combined_6class_confusion_cleaned/train/PaperCardboard/cardboard178.jpg,prepared_datasets/combined_6class_confusion_cleaned/train/PaperCardboard/cardboard178.jpg,prepared_datasets/combined_6class_confusion_cleaned/train/PaperCardboard/cardboard178.jpg,,,,,,,,
train_PaperCardboard_cardboard179,TrashNet,cleaned_image_classification,train,PaperCardboard,PaperCardboard,prepared_datasets/combined_6class_confusion_cleaned/train/PaperCardboard/cardboard179.jpg,prepared_datasets/combined_6class_confusion_cleaned/train/PaperCardboard/cardboard179.jpg,prepared_datasets/combined_6class_confusion_cleaned/train/PaperCardboard/cardboard179.jpg,,,,,,,,
train_PaperCardboard_cardboard18,TrashNet,cleaned_image_classification,train,PaperCardboard,PaperCardboard,prepared_datasets/combined_6class_confusion_cleaned/train/PaperCardboard/cardboard18.jpg,prepared_datasets/combined_6class_confusion_cleaned/train/PaperCardboard/cardboard18.jpg,prepared_datasets/combined_6class_confusion_cleaned/train/PaperCardboard/cardboard18.jpg,,,,,,,,
train_PaperCardboard_cardboard180,TrashNet,cleaned_image_classification,train,PaperCardboard,PaperCardboard,prepared_datasets/combined_6class_confusion_cleaned/train/PaperCardboard/cardboard180.jpg,prepared_datasets/combined_6class_confusion_cleaned/train/PaperCardboard/cardboard180.jpg,prepared_datasets/combined_6class_confusion_cleaned/train/PaperCardboard/cardboard180.jpg,,,,,,,,
train_PaperCardboard_cardboard181,TrashNet,cleaned_image_classification,train,PaperCardboard,PaperCardboard,prepared_datasets/combined_6class_confusion_cleaned/train/PaperCardboard/cardboard181.jpg,prepared_datasets/combined_6class_confusion_cleaned/train/PaperCardboard/cardboard181.jpg,prepared_datasets/combined_6class_confusion_cleaned/train/PaperCardboard/cardboard181.jpg,,,,,,,,
train_PaperCardboard_cardboard183,TrashNet,cleaned_image_classification,train,PaperCardboard,PaperCardboard,prepared_datasets/combined_6class_confusion_cleaned/train/PaperCardboard/cardboard183.jpg,prepared_datasets/combined_6class_confusion_cleaned/train/PaperCardboard/cardboard183.jpg,prepared_datasets/combined_6class_confusion_cleaned/train/PaperCardboard/cardboard183.jpg,,,,,,,,
train_PaperCardboard_cardboard185,TrashNet,cleaned_image_classification,train,PaperCardboard,PaperCardboard,prepared_datasets/combined_6class_confusion_cleaned/train/PaperCardboard/cardboard185.jpg,prepared_datasets/combined_6class_confusion_cleaned/train/PaperCardboard/cardboard185.jpg,prepared_datasets/combined_6class_confusion_cleaned/train/PaperCardboard/cardboard185.jpg,,,,,,,,
train_PaperCardboard_cardboard187,TrashNet,cleaned_image_classification,train,PaperCardboard,PaperCardboard,prepared_datasets/combined_6class_confusion_cleaned/train/PaperCardboard/cardboard187.jpg,prepared_datasets/combined_6class_confusion_cleaned/train/PaperCardboard/cardboard187.jpg,prepared_datasets/combined_6class_confusion_cleaned/train/PaperCardboard/cardboard187.jpg,,,,,,,,
train_PaperCardboard_cardboard188,TrashNet,cleaned_image_classification,train,PaperCardboard,PaperCardboard,prepared_datasets/combined_6class_confusion_cleaned/train/PaperCardboard/cardboard188.jpg,prepared_datasets/combined_6class_confusion_cleaned/train/PaperCardboard/cardboard188.jpg,prepared_datasets/combined_6class_confusion_cleaned/train/PaperCardboard/cardboard188.jpg,,,,,,,,
train_PaperCardboard_cardboard189,TrashNet,cleaned_image_classification,train,PaperCardboard,PaperCardboard,prepared_datasets/combined_6class_confusion_cleaned/train/PaperCardboard/cardboard189.jpg,prepared_datasets/combined_6class_confusion_cleaned/train/PaperCardboard/cardboard189.jpg,prepared_datasets/combined_6class_confusion_cleaned/train/PaperCardboard/cardboard189.jpg,,,,,,,,
train_PaperCardboard_cardboard19,TrashNet,cleaned_image_classification,train,PaperCardboard,PaperCardboard,prepared_datasets/combined_6class_confusion_cleaned/train/PaperCardboard/cardboard19.jpg,prepared_datasets/combined_6class_confusion_cleaned/train/PaperCardboard/cardboard19.jpg,prepared_datasets/combined_6class_confusion_cleaned/train/PaperCardboard/cardboard19.jpg,,,,,,,,
train_PaperCardboard_cardboard190,TrashNet,cleaned_image_classification,train,PaperCardboard,PaperCardboard,prepared_datasets/combined_6class_confusion_cleaned/train/PaperCardboard/cardboard190.jpg,prepared_datasets/combined_6class_confusion_cleaned/train/PaperCardboard/cardboard190.jpg,prepared_datasets/combined_6class_confusion_cleaned/train/PaperCardboard/cardboard190.jpg,,,,,,,,
train_PaperCardboard_cardboard191,TrashNet,cleaned_image_classification,train,PaperCardboard,PaperCardboard,prepared_datasets/combined_6class_confusion_cleaned/train/PaperCardboard/cardboard191.jpg,prepared_datasets/combined_6class_confusion_cleaned/train/PaperCardboard/cardboard191.jpg,prepared_datasets/combined_6class_confusion_cleaned/train/PaperCardboard/cardboard191.jpg,,,,,,,,
train_PaperCardboard_cardboard192,TrashNet,cleaned_image_classification,train,PaperCardboard,PaperCardboard,prepared_datasets/combined_6class_confusion_cleaned/train/PaperCardboard/cardboard192.jpg,prepared_datasets/combined_6class_confusion_cleaned/train/PaperCardboard/cardboard192.jpg,prepared_datasets/combined_6class_confusion_cleaned/train/PaperCardboard/cardboard192.jpg,,,,,,,,
train_PaperCardboard_cardboard194,TrashNet,cleaned_image_classification,train,PaperCardboard,PaperCardboard,prepared_datasets/combined_6class_confusion_cleaned/train/PaperCardboard/cardboard194.jpg,prepared_datasets/combined_6class_confusion_cleaned/train/PaperCardboard/cardboard194.jpg,prepared_datasets/combined_6class_confusion_cleaned/train/PaperCardboard/cardboard194.jpg,,,,,,,,
train_PaperCardboard_cardboard196,TrashNet,cleaned_image_classification,train,PaperCardboard,PaperCardboard,prepared_datasets/combined_6class_confusion_cleaned/train/PaperCardboard/cardboard196.jpg,prepared_datasets/combined_6class_confusion_cleaned/train/PaperCardboard/cardboard196.jpg,prepared_datasets/combined_6class_confusion_cleaned/train/PaperCardboard/cardboard196.jpg,,,,,,,,
train_PaperCardboard_cardboard197,TrashNet,cleaned_image_classification,train,PaperCardboard,PaperCardboard,prepared_datasets/combined_6class_confusion_cleaned/train/PaperCardboard/cardboard197.jpg,prepared_datasets/combined_6class_confusion_cleaned/train/PaperCardboard/cardboard197.jpg,prepared_datasets/combined_6class_confusion_cleaned/train/PaperCardboard/cardboard197.jpg,,,,,,,,
train_PaperCardboard_cardboard199,TrashNet,cleaned_image_classification,train,PaperCardboard,PaperCardboard,prepared_datasets/combined_6class_confusion_cleaned/train/PaperCardboard/cardboard199.jpg,prepared_datasets/combined_6class_confusion_cleaned/train/PaperCardboard/cardboard199.jpg,prepared_datasets/combined_6class_confusion_cleaned/train/PaperCardboard/cardboard199.jpg,,,,,,,,
train_PaperCardboard_cardboard20,TrashNet,cleaned_image_classification,train,PaperCardboard,PaperCardboard,prepared_datasets/combined_6class_confusion_cleaned/train/PaperCardboard/cardboard20.jpg,prepared_datasets/combined_6class_confusion_cleaned/train/PaperCardboard/cardboard20.jpg,prepared_datasets/combined_6class_confusion_cleaned/train/PaperCardboard/cardboard20.jpg,,,,,,,,
train_PaperCardboard_cardboard200,TrashNet,cleaned_image_classification,train,PaperCardboard,PaperCardboard,prepared_datasets/combined_6class_confusion_cleaned/train/PaperCardboard/cardboard200.jpg,prepared_datasets/combined_6class_confusion_cleaned/train/PaperCardboard/cardboard200.jpg,prepared_datasets/combined_6class_confusion_cleaned/train/PaperCardboard/cardboard200.jpg,,,,,,,,
train_PaperCardboard_cardboard201,TrashNet,cleaned_image_classification,train,PaperCardboard,PaperCardboard,prepared_datasets/combined_6class_confusion_cleaned/train/PaperCardboard/cardboard201.jpg,prepared_datasets/combined_6class_confusion_cleaned/train/PaperCardboard/cardboard201.jpg,prepared_datasets/combined_6class_confusion_cleaned/train/PaperCardboard/cardboard201.jpg,,,,,,,,
train_PaperCardboard_cardboard204,TrashNet,cleaned_image_classification,train,PaperCardboard,PaperCardboard,prepared_datasets/combined_6class_confusion_cleaned/train/PaperCardboard/cardboard204.jpg,prepared_datasets/combined_6class_confusion_cleaned/train/PaperCardboard/cardboard204.jpg,prepared_datasets/combined_6class_confusion_cleaned/train/PaperCardboard/cardboard204.jpg,,,,,,,,
train_PaperCardboard_cardboard205,TrashNet,cleaned_image_classification,train,PaperCardboard,PaperCardboard,prepared_datasets/combined_6class_confusion_cleaned/train/PaperCardboard/cardboard205.jpg,prepared_datasets/combined_6class_confusion_cleaned/train/PaperCardboard/cardboard205.jpg,prepared_datasets/combined_6class_confusion_cleaned/train/PaperCardboard/cardboard205.jpg,,,,,,,,
train_PaperCardboard_cardboard206,TrashNet,cleaned_image_classification,train,PaperCardboard,PaperCardboard,prepared_datasets/combined_6class_confusion_cleaned/train/PaperCardboard/cardboard206.jpg,prepared_datasets/combined_6class_confusion_cleaned/train/PaperCardboard/cardboard206.jpg,prepared_datasets/combined_6class_confusion_cleaned/train/PaperCardboard/cardboard206.jpg,,,,,,,,
train_PaperCardboard_cardboard21,TrashNet,cleaned_image_classification,train,PaperCardboard,PaperCardboard,prepared_datasets/combined_6class_confusion_cleaned/train/PaperCardboard/cardboard21.jpg,prepared_datasets/combined_6class_confusion_cleaned/train/PaperCardboard/cardboard21.jpg,prepared_datasets/combined_6class_confusion_cleaned/train/PaperCardboard/cardboard21.jpg,,,,,,,,
train_PaperCardboard_cardboard210,TrashNet,cleaned_image_classification,train,PaperCardboard,PaperCardboard,prepared_datasets/combined_6class_confusion_cleaned/train/PaperCardboard/cardboard210.jpg,prepared_datasets/combined_6class_confusion_cleaned/train/PaperCardboard/cardboard210.jpg,prepared_datasets/combined_6class_confusion_cleaned/train/PaperCardboard/cardboard210.jpg,,,,,,,,
train_PaperCardboard_cardboard213,TrashNet,cleaned_image_classification,train,PaperCardboard,PaperCardboard,prepared_datasets/combined_6class_confusion_cleaned/train/PaperCardboard/cardboard213.jpg,prepared_datasets/combined_6class_confusion_cleaned/train/PaperCardboard/cardboard213.jpg,prepared_datasets/combined_6class_confusion_cleaned/train/PaperCardboard/cardboard213.jpg,,,,,,,,
train_PaperCardboard_cardboard217,TrashNet,cleaned_image_classification,train,PaperCardboard,PaperCardboard,prepared_datasets/combined_6class_confusion_cleaned/train/PaperCardboard/cardboard217.jpg,prepared_datasets/combined_6class_confusion_cleaned/train/PaperCardboard/cardboard217.jpg,prepared_datasets/combined_6class_confusion_cleaned/train/PaperCardboard/cardboard217.jpg,,,,,,,,
train_PaperCardboard_cardboard219,TrashNet,cleaned_image_classification,train,PaperCardboard,PaperCardboard,prepared_datasets/combined_6class_confusion_cleaned/train/PaperCardboard/cardboard219.jpg,prepared_datasets/combined_6class_confusion_cleaned/train/PaperCardboard/cardboard219.jpg,prepared_datasets/combined_6class_confusion_cleaned/train/PaperCardboard/cardboard219.jpg,,,,,,,,
train_PaperCardboard_cardboard22,TrashNet,cleaned_image_classification,train,PaperCardboard,PaperCardboard,prepared_datasets/combined_6class_confusion_cleaned/train/PaperCardboard/cardboard22.jpg,prepared_datasets/combined_6class_confusion_cleaned/train/PaperCardboard/cardboard22.jpg,prepared_datasets/combined_6class_confusion_cleaned/train/PaperCardboard/cardboard22.jpg,,,,,,,,
train_PaperCardboard_cardboard220,TrashNet,cleaned_image_classification,train,PaperCardboard,PaperCardboard,prepared_datasets/combined_6class_confusion_cleaned/train/PaperCardboard/cardboard220.jpg,prepared_datasets/combined_6class_confusion_cleaned/train/PaperCardboard/cardboard220.jpg,prepared_datasets/combined_6class_confusion_cleaned/train/PaperCardboard/cardboard220.jpg,,,,,,,,
train_PaperCardboard_cardboard221,TrashNet,cleaned_image_classification,train,PaperCardboard,PaperCardboard,prepared_datasets/combined_6class_confusion_cleaned/train/PaperCardboard/cardboard221.jpg,prepared_datasets/combined_6class_confusion_cleaned/train/PaperCardboard/cardboard221.jpg,prepared_datasets/combined_6class_confusion_cleaned/train/PaperCardboard/cardboard221.jpg,,,,,,,,
train_PaperCardboard_cardboard222,TrashNet,cleaned_image_classification,train,PaperCardboard,PaperCardboard,prepared_datasets/combined_6class_confusion_cleaned/train/PaperCardboard/cardboard222.jpg,prepared_datasets/combined_6class_confusion_cleaned/train/PaperCardboard/cardboard222.jpg,prepared_datasets/combined_6class_confusion_cleaned/train/PaperCardboard/cardboard222.jpg,,,,,,,,
train_PaperCardboard_cardboard223,TrashNet,cleaned_image_classification,train,PaperCardboard,PaperCardboard,prepared_datasets/combined_6class_confusion_cleaned/train/PaperCardboard/cardboard223.jpg,prepared_datasets/combined_6class_confusion_cleaned/train/PaperCardboard/cardboard223.jpg,prepared_datasets/combined_6class_confusion_cleaned/train/PaperCardboard/cardboard223.jpg,,,,,,,,
train_PaperCardboard_cardboard225,TrashNet,cleaned_image_classification,train,PaperCardboard,PaperCardboard,prepared_datasets/combined_6class_confusion_cleaned/train/PaperCardboard/cardboard225.jpg,prepared_datasets/combined_6class_confusion_cleaned/train/PaperCardboard/cardboard225.jpg,prepared_datasets/combined_6class_confusion_cleaned/train/PaperCardboard/cardboard225.jpg,,,,,,,,
train_PaperCardboard_cardboard226,TrashNet,cleaned_image_classification,train,PaperCardboard,PaperCardboard,prepared_datasets/combined_6class_confusion_cleaned/train/PaperCardboard/cardboard226.jpg,prepared_datasets/combined_6class_confusion_cleaned/train/PaperCardboard/cardboard226.jpg,prepared_datasets/combined_6class_confusion_cleaned/train/PaperCardboard/cardboard226.jpg,,,,,,,,
train_PaperCardboard_cardboard227,TrashNet,cleaned_image_classification,train,PaperCardboard,PaperCardboard,prepared_datasets/combined_6class_confusion_cleaned/train/PaperCardboard/cardboard227.jpg,prepared_datasets/combined_6class_confusion_cleaned/train/PaperCardboard/cardboard227.jpg,prepared_datasets/combined_6class_confusion_cleaned/train/PaperCardboard/cardboard227.jpg,,,,,,,,
train_PaperCardboard_cardboard228,TrashNet,cleaned_image_classification,train,PaperCardboard,PaperCardboard,prepared_datasets/combined_6class_confusion_cleaned/train/PaperCardboard/cardboard228.jpg,prepared_datasets/combined_6class_confusion_cleaned/train/PaperCardboard/cardboard228.jpg,prepared_datasets/combined_6class_confusion_cleaned/train/PaperCardboard/cardboard228.jpg,,,,,,,,
train_PaperCardboard_cardboard229,TrashNet,cleaned_image_classification,train,PaperCardboard,PaperCardboard,prepared_datasets/combined_6class_confusion_cleaned/train/PaperCardboard/cardboard229.jpg,prepared_datasets/combined_6class_confusion_cleaned/train/PaperCardboard/cardboard229.jpg,prepared_datasets/combined_6class_confusion_cleaned/train/PaperCardboard/cardboard229.jpg,,,,,,,,
train_PaperCardboard_cardboard230,TrashNet,cleaned_image_classification,train,PaperCardboard,PaperCardboard,prepared_datasets/combined_6class_confusion_cleaned/train/PaperCardboard/cardboard230.jpg,prepared_datasets/combined_6class_confusion_cleaned/train/PaperCardboard/cardboard230.jpg,prepared_datasets/combined_6class_confusion_cleaned/train/PaperCardboard/cardboard230.jpg,,,,,,,,
train_PaperCardboard_cardboard231,TrashNet,cleaned_image_classification,train,PaperCardboard,PaperCardboard,prepared_datasets/combined_6class_confusion_cleaned/train/PaperCardboard/cardboard231.jpg,prepared_datasets/combined_6class_confusion_cleaned/train/PaperCardboard/cardboard231.jpg,prepared_datasets/combined_6class_confusion_cleaned/train/PaperCardboard/cardboard231.jpg,,,,,,,,
train_PaperCardboard_cardboard232,TrashNet,cleaned_image_classification,train,PaperCardboard,PaperCardboard,prepared_datasets/combined_6class_confusion_cleaned/train/PaperCardboard/cardboard232.jpg,prepared_datasets/combined_6class_confusion_cleaned/train/PaperCardboard/cardboard232.jpg,prepared_datasets/combined_6class_confusion_cleaned/train/PaperCardboard/cardboard232.jpg,,,,,,,,
train_PaperCardboard_cardboard234,TrashNet,cleaned_image_classification,train,PaperCardboard,PaperCardboard,prepared_datasets/combined_6class_confusion_cleaned/train/PaperCardboard/cardboard234.jpg,prepared_datasets/combined_6class_confusion_cleaned/train/PaperCardboard/cardboard234.jpg,prepared_datasets/combined_6class_confusion_cleaned/train/PaperCardboard/cardboard234.jpg,,,,,,,,
train_PaperCardboard_cardboard235,TrashNet,cleaned_image_classification,train,PaperCardboard,PaperCardboard,prepared_datasets/combined_6class_confusion_cleaned/train/PaperCardboard/cardboard235.jpg,prepared_datasets/combined_6class_confusion_cleaned/train/PaperCardboard/cardboard235.jpg,prepared_datasets/combined_6class_confusion_cleaned/train/PaperCardboard/cardboard235.jpg,,,,,,,,
train_PaperCardboard_cardboard236,TrashNet,cleaned_image_classification,train,PaperCardboard,PaperCardboard,prepared_datasets/combined_6class_confusion_cleaned/train/PaperCardboard/cardboard236.jpg,prepared_datasets/combined_6class_confusion_cleaned/train/PaperCardboard/cardboard236.jpg,prepared_datasets/combined_6class_confusion_cleaned/train/PaperCardboard/cardboard236.jpg,,,,,,,,
train_PaperCardboard_cardboard237,TrashNet,cleaned_image_classification,train,PaperCardboard,PaperCardboard,prepared_datasets/combined_6class_confusion_cleaned/train/PaperCardboard/cardboard237.jpg,prepared_datasets/combined_6class_confusion_cleaned/train/PaperCardboard/cardboard237.jpg,prepared_datasets/combined_6class_confusion_cleaned/train/PaperCardboard/cardboard237.jpg,,,,,,,,
train_PaperCardboard_cardboard238,TrashNet,cleaned_image_classification,train,PaperCardboard,PaperCardboard,prepared_datasets/combined_6class_confusion_cleaned/train/PaperCardboard/cardboard238.jpg,prepared_datasets/combined_6class_confusion_cleaned/train/PaperCardboard/cardboard238.jpg,prepared_datasets/combined_6class_confusion_cleaned/train/PaperCardboard/cardboard238.jpg,,,,,,,,
train_PaperCardboard_cardboard239,TrashNet,cleaned_image_classification,train,PaperCardboard,PaperCardboard,prepared_datasets/combined_6class_confusion_cleaned/train/PaperCardboard/cardboard239.jpg,prepared_datasets/combined_6class_confusion_cleaned/train/PaperCardboard/cardboard239.jpg,prepared_datasets/combined_6class_confusion_cleaned/train/PaperCardboard/cardboard239.jpg,,,,,,,,
train_PaperCardboard_cardboard24,TrashNet,cleaned_image_classification,train,PaperCardboard,PaperCardboard,prepared_datasets/combined_6class_confusion_cleaned/train/PaperCardboard/cardboard24.jpg,prepared_datasets/combined_6class_confusion_cleaned/train/PaperCardboard/cardboard24.jpg,prepared_datasets/combined_6class_confusion_cleaned/train/PaperCardboard/cardboard24.jpg,,,,,,,,
train_PaperCardboard_cardboard240,TrashNet,cleaned_image_classification,train,PaperCardboard,PaperCardboard,prepared_datasets/combined_6class_confusion_cleaned/train/PaperCardboard/cardboard240.jpg,prepared_datasets/combined_6class_confusion_cleaned/train/PaperCardboard/cardboard240.jpg,prepared_datasets/combined_6class_confusion_cleaned/train/PaperCardboard/cardboard240.jpg,,,,,,,,
train_PaperCardboard_cardboard243,TrashNet,cleaned_image_classification,train,PaperCardboard,PaperCardboard,prepared_datasets/combined_6class_confusion_cleaned/train/PaperCardboard/cardboard243.jpg,prepared_datasets/combined_6class_confusion_cleaned/train/PaperCardboard/cardboard243.jpg,prepared_datasets/combined_6class_confusion_cleaned/train/PaperCardboard/cardboard243.jpg,,,,,,,,
train_PaperCardboard_cardboard244,TrashNet,cleaned_image_classification,train,PaperCardboard,PaperCardboard,prepared_datasets/combined_6class_confusion_cleaned/train/PaperCardboard/cardboard244.jpg,prepared_datasets/combined_6class_confusion_cleaned/train/PaperCardboard/cardboard244.jpg,prepared_datasets/combined_6class_confusion_cleaned/train/PaperCardboard/cardboard244.jpg,,,,,,,,
train_PaperCardboard_cardboard245,TrashNet,cleaned_image_classification,train,PaperCardboard,PaperCardboard,prepared_datasets/combined_6class_confusion_cleaned/train/PaperCardboard/cardboard245.jpg,prepared_datasets/combined_6class_confusion_cleaned/train/PaperCardboard/cardboard245.jpg,prepared_datasets/combined_6class_confusion_cleaned/train/PaperCardboard/cardboard245.jpg,,,,,,,,
train_PaperCardboard_cardboard246,TrashNet,cleaned_image_classification,train,PaperCardboard,PaperCardboard,prepared_datasets/combined_6class_confusion_cleaned/train/PaperCardboard/cardboard246.jpg,prepared_datasets/combined_6class_confusion_cleaned/train/PaperCardboard/cardboard246.jpg,prepared_datasets/combined_6class_confusion_cleaned/train/PaperCardboard/cardboard246.jpg,,,,,,,,
train_PaperCardboard_cardboard248,TrashNet,cleaned_image_classification,train,PaperCardboard,PaperCardboard,prepared_datasets/combined_6class_confusion_cleaned/train/PaperCardboard/cardboard248.jpg,prepared_datasets/combined_6class_confusion_cleaned/train/PaperCardboard/cardboard248.jpg,prepared_datasets/combined_6class_confusion_cleaned/train/PaperCardboard/cardboard248.jpg,,,,,,,,
train_PaperCardboard_cardboard25,TrashNet,cleaned_image_classification,train,PaperCardboard,PaperCardboard,prepared_datasets/combined_6class_confusion_cleaned/train/PaperCardboard/cardboard25.jpg,prepared_datasets/combined_6class_confusion_cleaned/train/PaperCardboard/cardboard25.jpg,prepared_datasets/combined_6class_confusion_cleaned/train/PaperCardboard/cardboard25.jpg,,,,,,,,
train_PaperCardboard_cardboard251,TrashNet,cleaned_image_classification,train,PaperCardboard,PaperCardboard,prepared_datasets/combined_6class_confusion_cleaned/train/PaperCardboard/cardboard251.jpg,prepared_datasets/combined_6class_confusion_cleaned/train/PaperCardboard/cardboard251.jpg,prepared_datasets/combined_6class_confusion_cleaned/train/PaperCardboard/cardboard251.jpg,,,,,,,,
train_PaperCardboard_cardboard253,TrashNet,cleaned_image_classification,train,PaperCardboard,PaperCardboard,prepared_datasets/combined_6class_confusion_cleaned/train/PaperCardboard/cardboard253.jpg,prepared_datasets/combined_6class_confusion_cleaned/train/PaperCardboard/cardboard253.jpg,prepared_datasets/combined_6class_confusion_cleaned/train/PaperCardboard/cardboard253.jpg,,,,,,,,
train_PaperCardboard_cardboard255,TrashNet,cleaned_image_classification,train,PaperCardboard,PaperCardboard,prepared_datasets/combined_6class_confusion_cleaned/train/PaperCardboard/cardboard255.jpg,prepared_datasets/combined_6class_confusion_cleaned/train/PaperCardboard/cardboard255.jpg,prepared_datasets/combined_6class_confusion_cleaned/train/PaperCardboard/cardboard255.jpg,,,,,,,,
train_PaperCardboard_cardboard256,TrashNet,cleaned_image_classification,train,PaperCardboard,PaperCardboard,prepared_datasets/combined_6class_confusion_cleaned/train/PaperCardboard/cardboard256.jpg,prepared_datasets/combined_6class_confusion_cleaned/train/PaperCardboard/cardboard256.jpg,prepared_datasets/combined_6class_confusion_cleaned/train/PaperCardboard/cardboard256.jpg,,,,,,,,
train_PaperCardboard_cardboard257,TrashNet,cleaned_image_classification,train,PaperCardboard,PaperCardboard,prepared_datasets/combined_6class_confusion_cleaned/train/PaperCardboard/cardboard257.jpg,prepared_datasets/combined_6class_confusion_cleaned/train/PaperCardboard/cardboard257.jpg,prepared_datasets/combined_6class_confusion_cleaned/train/PaperCardboard/cardboard257.jpg,,,,,,,,
train_PaperCardboard_cardboard258,TrashNet,cleaned_image_classification,train,PaperCardboard,PaperCardboard,prepared_datasets/combined_6class_confusion_cleaned/train/PaperCardboard/cardboard258.jpg,prepared_datasets/combined_6class_confusion_cleaned/train/PaperCardboard/cardboard258.jpg,prepared_datasets/combined_6class_confusion_cleaned/train/PaperCardboard/cardboard258.jpg,,,,,,,,
train_PaperCardboard_cardboard259,TrashNet,cleaned_image_classification,train,PaperCardboard,PaperCardboard,prepared_datasets/combined_6class_confusion_cleaned/train/PaperCardboard/cardboard259.jpg,prepared_datasets/combined_6class_confusion_cleaned/train/PaperCardboard/cardboard259.jpg,prepared_datasets/combined_6class_confusion_cleaned/train/PaperCardboard/cardboard259.jpg,,,,,,,,
train_PaperCardboard_cardboard26,TrashNet,cleaned_image_classification,train,PaperCardboard,PaperCardboard,prepared_datasets/combined_6class_confusion_cleaned/train/PaperCardboard/cardboard26.jpg,prepared_datasets/combined_6class_confusion_cleaned/train/PaperCardboard/cardboard26.jpg,prepared_datasets/combined_6class_confusion_cleaned/train/PaperCardboard/cardboard26.jpg,,,,,,,,
train_PaperCardboard_cardboard260,TrashNet,cleaned_image_classification,train,PaperCardboard,PaperCardboard,prepared_datasets/combined_6class_confusion_cleaned/train/PaperCardboard/cardboard260.jpg,prepared_datasets/combined_6class_confusion_cleaned/train/PaperCardboard/cardboard260.jpg,prepared_datasets/combined_6class_confusion_cleaned/train/PaperCardboard/cardboard260.jpg,,,,,,,,
train_PaperCardboard_cardboard262,TrashNet,cleaned_image_classification,train,PaperCardboard,PaperCardboard,prepared_datasets/combined_6class_confusion_cleaned/train/PaperCardboard/cardboard262.jpg,prepared_datasets/combined_6class_confusion_cleaned/train/PaperCardboard/cardboard262.jpg,prepared_datasets/combined_6class_confusion_cleaned/train/PaperCardboard/cardboard262.jpg,,,,,,,,
train_PaperCardboard_cardboard263,TrashNet,cleaned_image_classification,train,PaperCardboard,PaperCardboard,prepared_datasets/combined_6class_confusion_cleaned/train/PaperCardboard/cardboard263.jpg,prepared_datasets/combined_6class_confusion_cleaned/train/PaperCardboard/cardboard263.jpg,prepared_datasets/combined_6class_confusion_cleaned/train/PaperCardboard/cardboard263.jpg,,,,,,,,
train_PaperCardboard_cardboard264,TrashNet,cleaned_image_classification,train,PaperCardboard,PaperCardboard,prepared_datasets/combined_6class_confusion_cleaned/train/PaperCardboard/cardboard264.jpg,prepared_datasets/combined_6class_confusion_cleaned/train/PaperCardboard/cardboard264.jpg,prepared_datasets/combined_6class_confusion_cleaned/train/PaperCardboard/cardboard264.jpg,,,,,,,,
train_PaperCardboard_cardboard266,TrashNet,cleaned_image_classification,train,PaperCardboard,PaperCardboard,prepared_datasets/combined_6class_confusion_cleaned/train/PaperCardboard/cardboard266.jpg,prepared_datasets/combined_6class_confusion_cleaned/train/PaperCardboard/cardboard266.jpg,prepared_datasets/combined_6class_confusion_cleaned/train/PaperCardboard/cardboard266.jpg,,,,,,,,
train_PaperCardboard_cardboard267,TrashNet,cleaned_image_classification,train,PaperCardboard,PaperCardboard,prepared_datasets/combined_6class_confusion_cleaned/train/PaperCardboard/cardboard267.jpg,prepared_datasets/combined_6class_confusion_cleaned/train/PaperCardboard/cardboard267.jpg,prepared_datasets/combined_6class_confusion_cleaned/train/PaperCardboard/cardboard267.jpg,,,,,,,,
train_PaperCardboard_cardboard269,TrashNet,cleaned_image_classification,train,PaperCardboard,PaperCardboard,prepared_datasets/combined_6class_confusion_cleaned/train/PaperCardboard/cardboard269.jpg,prepared_datasets/combined_6class_confusion_cleaned/train/PaperCardboard/cardboard269.jpg,prepared_datasets/combined_6class_confusion_cleaned/train/PaperCardboard/cardboard269.jpg,,,,,,,,
train_PaperCardboard_cardboard270,TrashNet,cleaned_image_classification,train,PaperCardboard,PaperCardboard,prepared_datasets/combined_6class_confusion_cleaned/train/PaperCardboard/cardboard270.jpg,prepared_datasets/combined_6class_confusion_cleaned/train/PaperCardboard/cardboard270.jpg,prepared_datasets/combined_6class_confusion_cleaned/train/PaperCardboard/cardboard270.jpg,,,,,,,,
train_PaperCardboard_cardboard271,TrashNet,cleaned_image_classification,train,PaperCardboard,PaperCardboard,prepared_datasets/combined_6class_confusion_cleaned/train/PaperCardboard/cardboard271.jpg,prepared_datasets/combined_6class_confusion_cleaned/train/PaperCardboard/cardboard271.jpg,prepared_datasets/combined_6class_confusion_cleaned/train/PaperCardboard/cardboard271.jpg,,,,,,,,
train_PaperCardboard_cardboard272,TrashNet,cleaned_image_classification,train,PaperCardboard,PaperCardboard,prepared_datasets/combined_6class_confusion_cleaned/train/PaperCardboard/cardboard272.jpg,prepared_datasets/combined_6class_confusion_cleaned/train/PaperCardboard/cardboard272.jpg,prepared_datasets/combined_6class_confusion_cleaned/train/PaperCardboard/cardboard272.jpg,,,,,,,,
train_PaperCardboard_cardboard273,TrashNet,cleaned_image_classification,train,PaperCardboard,PaperCardboard,prepared_datasets/combined_6class_confusion_cleaned/train/PaperCardboard/cardboard273.jpg,prepared_datasets/combined_6class_confusion_cleaned/train/PaperCardboard/cardboard273.jpg,prepared_datasets/combined_6class_confusion_cleaned/train/PaperCardboard/cardboard273.jpg,,,,,,,,
train_PaperCardboard_cardboard274,TrashNet,cleaned_image_classification,train,PaperCardboard,PaperCardboard,prepared_datasets/combined_6class_confusion_cleaned/train/PaperCardboard/cardboard274.jpg,prepared_datasets/combined_6class_confusion_cleaned/train/PaperCardboard/cardboard274.jpg,prepared_datasets/combined_6class_confusion_cleaned/train/PaperCardboard/cardboard274.jpg,,,,,,,,
train_PaperCardboard_cardboard275,TrashNet,cleaned_image_classification,train,PaperCardboard,PaperCardboard,prepared_datasets/combined_6class_confusion_cleaned/train/PaperCardboard/cardboard275.jpg,prepared_datasets/combined_6class_confusion_cleaned/train/PaperCardboard/cardboard275.jpg,prepared_datasets/combined_6class_confusion_cleaned/train/PaperCardboard/cardboard275.jpg,,,,,,,,
train_PaperCardboard_cardboard276,TrashNet,cleaned_image_classification,train,PaperCardboard,PaperCardboard,prepared_datasets/combined_6class_confusion_cleaned/train/PaperCardboard/cardboard276.jpg,prepared_datasets/combined_6class_confusion_cleaned/train/PaperCardboard/cardboard276.jpg,prepared_datasets/combined_6class_confusion_cleaned/train/PaperCardboard/cardboard276.jpg,,,,,,,,
train_PaperCardboard_cardboard278,TrashNet,cleaned_image_classification,train,PaperCardboard,PaperCardboard,prepared_datasets/combined_6class_confusion_cleaned/train/PaperCardboard/cardboard278.jpg,prepared_datasets/combined_6class_confusion_cleaned/train/PaperCardboard/cardboard278.jpg,prepared_datasets/combined_6class_confusion_cleaned/train/PaperCardboard/cardboard278.jpg,,,,,,,,
train_PaperCardboard_cardboard279,TrashNet,cleaned_image_classification,train,PaperCardboard,PaperCardboard,prepared_datasets/combined_6class_confusion_cleaned/train/PaperCardboard/cardboard279.jpg,prepared_datasets/combined_6class_confusion_cleaned/train/PaperCardboard/cardboard279.jpg,prepared_datasets/combined_6class_confusion_cleaned/train/PaperCardboard/cardboard279.jpg,,,,,,,,
train_PaperCardboard_cardboard28,TrashNet,cleaned_image_classification,train,PaperCardboard,PaperCardboard,prepared_datasets/combined_6class_confusion_cleaned/train/PaperCardboard/cardboard28.jpg,prepared_datasets/combined_6class_confusion_cleaned/train/PaperCardboard/cardboard28.jpg,prepared_datasets/combined_6class_confusion_cleaned/train/PaperCardboard/cardboard28.jpg,,,,,,,,
train_PaperCardboard_cardboard280,TrashNet,cleaned_image_classification,train,PaperCardboard,PaperCardboard,prepared_datasets/combined_6class_confusion_cleaned/train/PaperCardboard/cardboard280.jpg,prepared_datasets/combined_6class_confusion_cleaned/train/PaperCardboard/cardboard280.jpg,prepared_datasets/combined_6class_confusion_cleaned/train/PaperCardboard/cardboard280.jpg,,,,,,,,
train_PaperCardboard_cardboard281,TrashNet,cleaned_image_classification,train,PaperCardboard,PaperCardboard,prepared_datasets/combined_6class_confusion_cleaned/train/PaperCardboard/cardboard281.jpg,prepared_datasets/combined_6class_confusion_cleaned/train/PaperCardboard/cardboard281.jpg,prepared_datasets/combined_6class_confusion_cleaned/train/PaperCardboard/cardboard281.jpg,,,,,,,,
train_PaperCardboard_cardboard282,TrashNet,cleaned_image_classification,train,PaperCardboard,PaperCardboard,prepared_datasets/combined_6class_confusion_cleaned/train/PaperCardboard/cardboard282.jpg,prepared_datasets/combined_6class_confusion_cleaned/train/PaperCardboard/cardboard282.jpg,prepared_datasets/combined_6class_confusion_cleaned/train/PaperCardboard/cardboard282.jpg,,,,,,,,
train_PaperCardboard_cardboard283,TrashNet,cleaned_image_classification,train,PaperCardboard,PaperCardboard,prepared_datasets/combined_6class_confusion_cleaned/train/PaperCardboard/cardboard283.jpg,prepared_datasets/combined_6class_confusion_cleaned/train/PaperCardboard/cardboard283.jpg,prepared_datasets/combined_6class_confusion_cleaned/train/PaperCardboard/cardboard283.jpg,,,,,,,,
train_PaperCardboard_cardboard284,TrashNet,cleaned_image_classification,train,PaperCardboard,PaperCardboard,prepared_datasets/combined_6class_confusion_cleaned/train/PaperCardboard/cardboard284.jpg,prepared_datasets/combined_6class_confusion_cleaned/train/PaperCardboard/cardboard284.jpg,prepared_datasets/combined_6class_confusion_cleaned/train/PaperCardboard/cardboard284.jpg,,,,,,,,
train_PaperCardboard_cardboard285,TrashNet,cleaned_image_classification,train,PaperCardboard,PaperCardboard,prepared_datasets/combined_6class_confusion_cleaned/train/PaperCardboard/cardboard285.jpg,prepared_datasets/combined_6class_confusion_cleaned/train/PaperCardboard/cardboard285.jpg,prepared_datasets/combined_6class_confusion_cleaned/train/PaperCardboard/cardboard285.jpg,,,,,,,,
train_PaperCardboard_cardboard286,TrashNet,cleaned_image_classification,train,PaperCardboard,PaperCardboard,prepared_datasets/combined_6class_confusion_cleaned/train/PaperCardboard/cardboard286.jpg,prepared_datasets/combined_6class_confusion_cleaned/train/PaperCardboard/cardboard286.jpg,prepared_datasets/combined_6class_confusion_cleaned/train/PaperCardboard/cardboard286.jpg,,,,,,,,
train_PaperCardboard_cardboard287,TrashNet,cleaned_image_classification,train,PaperCardboard,PaperCardboard,prepared_datasets/combined_6class_confusion_cleaned/train/PaperCardboard/cardboard287.jpg,prepared_datasets/combined_6class_confusion_cleaned/train/PaperCardboard/cardboard287.jpg,prepared_datasets/combined_6class_confusion_cleaned/train/PaperCardboard/cardboard287.jpg,,,,,,,,
train_PaperCardboard_cardboard288,TrashNet,cleaned_image_classification,train,PaperCardboard,PaperCardboard,prepared_datasets/combined_6class_confusion_cleaned/train/PaperCardboard/cardboard288.jpg,prepared_datasets/combined_6class_confusion_cleaned/train/PaperCardboard/cardboard288.jpg,prepared_datasets/combined_6class_confusion_cleaned/train/PaperCardboard/cardboard288.jpg,,,,,,,,
train_PaperCardboard_cardboard289,TrashNet,cleaned_image_classification,train,PaperCardboard,PaperCardboard,prepared_datasets/combined_6class_confusion_cleaned/train/PaperCardboard/cardboard289.jpg,prepared_datasets/combined_6class_confusion_cleaned/train/PaperCardboard/cardboard289.jpg,prepared_datasets/combined_6class_confusion_cleaned/train/PaperCardboard/cardboard289.jpg,,,,,,,,
train_PaperCardboard_cardboard29,TrashNet,cleaned_image_classification,train,PaperCardboard,PaperCardboard,prepared_datasets/combined_6class_confusion_cleaned/train/PaperCardboard/cardboard29.jpg,prepared_datasets/combined_6class_confusion_cleaned/train/PaperCardboard/cardboard29.jpg,prepared_datasets/combined_6class_confusion_cleaned/train/PaperCardboard/cardboard29.jpg,,,,,,,,
train_PaperCardboard_cardboard291,TrashNet,cleaned_image_classification,train,PaperCardboard,PaperCardboard,prepared_datasets/combined_6class_confusion_cleaned/train/PaperCardboard/cardboard291.jpg,prepared_datasets/combined_6class_confusion_cleaned/train/PaperCardboard/cardboard291.jpg,prepared_datasets/combined_6class_confusion_cleaned/train/PaperCardboard/cardboard291.jpg,,,,,,,,
train_PaperCardboard_cardboard293,TrashNet,cleaned_image_classification,train,PaperCardboard,PaperCardboard,prepared_datasets/combined_6class_confusion_cleaned/train/PaperCardboard/cardboard293.jpg,prepared_datasets/combined_6class_confusion_cleaned/train/PaperCardboard/cardboard293.jpg,prepared_datasets/combined_6class_confusion_cleaned/train/PaperCardboard/cardboard293.jpg,,,,,,,,
train_PaperCardboard_cardboard296,TrashNet,cleaned_image_classification,train,PaperCardboard,PaperCardboard,prepared_datasets/combined_6class_confusion_cleaned/train/PaperCardboard/cardboard296.jpg,prepared_datasets/combined_6class_confusion_cleaned/train/PaperCardboard/cardboard296.jpg,prepared_datasets/combined_6class_confusion_cleaned/train/PaperCardboard/cardboard296.jpg,,,,,,,,
train_PaperCardboard_cardboard297,TrashNet,cleaned_image_classification,train,PaperCardboard,PaperCardboard,prepared_datasets/combined_6class_confusion_cleaned/train/PaperCardboard/cardboard297.jpg,prepared_datasets/combined_6class_confusion_cleaned/train/PaperCardboard/cardboard297.jpg,prepared_datasets/combined_6class_confusion_cleaned/train/PaperCardboard/cardboard297.jpg,,,,,,,,
train_PaperCardboard_cardboard298,TrashNet,cleaned_image_classification,train,PaperCardboard,PaperCardboard,prepared_datasets/combined_6class_confusion_cleaned/train/PaperCardboard/cardboard298.jpg,prepared_datasets/combined_6class_confusion_cleaned/train/PaperCardboard/cardboard298.jpg,prepared_datasets/combined_6class_confusion_cleaned/train/PaperCardboard/cardboard298.jpg,,,,,,,,
train_PaperCardboard_cardboard299,TrashNet,cleaned_image_classification,train,PaperCardboard,PaperCardboard,prepared_datasets/combined_6class_confusion_cleaned/train/PaperCardboard/cardboard299.jpg,prepared_datasets/combined_6class_confusion_cleaned/train/PaperCardboard/cardboard299.jpg,prepared_datasets/combined_6class_confusion_cleaned/train/PaperCardboard/cardboard299.jpg,,,,,,,,
train_PaperCardboard_cardboard3,TrashNet,cleaned_image_classification,train,PaperCardboard,PaperCardboard,prepared_datasets/combined_6class_confusion_cleaned/train/PaperCardboard/cardboard3.jpg,prepared_datasets/combined_6class_confusion_cleaned/train/PaperCardboard/cardboard3.jpg,prepared_datasets/combined_6class_confusion_cleaned/train/PaperCardboard/cardboard3.jpg,,,,,,,,
train_PaperCardboard_cardboard301,TrashNet,cleaned_image_classification,train,PaperCardboard,PaperCardboard,prepared_datasets/combined_6class_confusion_cleaned/train/PaperCardboard/cardboard301.jpg,prepared_datasets/combined_6class_confusion_cleaned/train/PaperCardboard/cardboard301.jpg,prepared_datasets/combined_6class_confusion_cleaned/train/PaperCardboard/cardboard301.jpg,,,,,,,,
train_PaperCardboard_cardboard303,TrashNet,cleaned_image_classification,train,PaperCardboard,PaperCardboard,prepared_datasets/combined_6class_confusion_cleaned/train/PaperCardboard/cardboard303.jpg,prepared_datasets/combined_6class_confusion_cleaned/train/PaperCardboard/cardboard303.jpg,prepared_datasets/combined_6class_confusion_cleaned/train/PaperCardboard/cardboard303.jpg,,,,,,,,
train_PaperCardboard_cardboard304,TrashNet,cleaned_image_classification,train,PaperCardboard,PaperCardboard,prepared_datasets/combined_6class_confusion_cleaned/train/PaperCardboard/cardboard304.jpg,prepared_datasets/combined_6class_confusion_cleaned/train/PaperCardboard/cardboard304.jpg,prepared_datasets/combined_6class_confusion_cleaned/train/PaperCardboard/cardboard304.jpg,,,,,,,,
train_PaperCardboard_cardboard306,TrashNet,cleaned_image_classification,train,PaperCardboard,PaperCardboard,prepared_datasets/combined_6class_confusion_cleaned/train/PaperCardboard/cardboard306.jpg,prepared_datasets/combined_6class_confusion_cleaned/train/PaperCardboard/cardboard306.jpg,prepared_datasets/combined_6class_confusion_cleaned/train/PaperCardboard/cardboard306.jpg,,,,,,,,
train_PaperCardboard_cardboard307,TrashNet,cleaned_image_classification,train,PaperCardboard,PaperCardboard,prepared_datasets/combined_6class_confusion_cleaned/train/PaperCardboard/cardboard307.jpg,prepared_datasets/combined_6class_confusion_cleaned/train/PaperCardboard/cardboard307.jpg,prepared_datasets/combined_6class_confusion_cleaned/train/PaperCardboard/cardboard307.jpg,,,,,,,,
train_PaperCardboard_cardboard309,TrashNet,cleaned_image_classification,train,PaperCardboard,PaperCardboard,prepared_datasets/combined_6class_confusion_cleaned/train/PaperCardboard/cardboard309.jpg,prepared_datasets/combined_6class_confusion_cleaned/train/PaperCardboard/cardboard309.jpg,prepared_datasets/combined_6class_confusion_cleaned/train/PaperCardboard/cardboard309.jpg,,,,,,,,
train_PaperCardboard_cardboard31,TrashNet,cleaned_image_classification,train,PaperCardboard,PaperCardboard,prepared_datasets/combined_6class_confusion_cleaned/train/PaperCardboard/cardboard31.jpg,prepared_datasets/combined_6class_confusion_cleaned/train/PaperCardboard/cardboard31.jpg,prepared_datasets/combined_6class_confusion_cleaned/train/PaperCardboard/cardboard31.jpg,,,,,,,,
train_PaperCardboard_cardboard310,TrashNet,cleaned_image_classification,train,PaperCardboard,PaperCardboard,prepared_datasets/combined_6class_confusion_cleaned/train/PaperCardboard/cardboard310.jpg,prepared_datasets/combined_6class_confusion_cleaned/train/PaperCardboard/cardboard310.jpg,prepared_datasets/combined_6class_confusion_cleaned/train/PaperCardboard/cardboard310.jpg,,,,,,,,
train_PaperCardboard_cardboard311,TrashNet,cleaned_image_classification,train,PaperCardboard,PaperCardboard,prepared_datasets/combined_6class_confusion_cleaned/train/PaperCardboard/cardboard311.jpg,prepared_datasets/combined_6class_confusion_cleaned/train/PaperCardboard/cardboard311.jpg,prepared_datasets/combined_6class_confusion_cleaned/train/PaperCardboard/cardboard311.jpg,,,,,,,,
train_PaperCardboard_cardboard312,TrashNet,cleaned_image_classification,train,PaperCardboard,PaperCardboard,prepared_datasets/combined_6class_confusion_cleaned/train/PaperCardboard/cardboard312.jpg,prepared_datasets/combined_6class_confusion_cleaned/train/PaperCardboard/cardboard312.jpg,prepared_datasets/combined_6class_confusion_cleaned/train/PaperCardboard/cardboard312.jpg,,,,,,,,
train_PaperCardboard_cardboard313,TrashNet,cleaned_image_classification,train,PaperCardboard,PaperCardboard,prepared_datasets/combined_6class_confusion_cleaned/train/PaperCardboard/cardboard313.jpg,prepared_datasets/combined_6class_confusion_cleaned/train/PaperCardboard/cardboard313.jpg,prepared_datasets/combined_6class_confusion_cleaned/train/PaperCardboard/cardboard313.jpg,,,,,,,,
train_PaperCardboard_cardboard315,TrashNet,cleaned_image_classification,train,PaperCardboard,PaperCardboard,prepared_datasets/combined_6class_confusion_cleaned/train/PaperCardboard/cardboard315.jpg,prepared_datasets/combined_6class_confusion_cleaned/train/PaperCardboard/cardboard315.jpg,prepared_datasets/combined_6class_confusion_cleaned/train/PaperCardboard/cardboard315.jpg,,,,,,,,
train_PaperCardboard_cardboard316,TrashNet,cleaned_image_classification,train,PaperCardboard,PaperCardboard,prepared_datasets/combined_6class_confusion_cleaned/train/PaperCardboard/cardboard316.jpg,prepared_datasets/combined_6class_confusion_cleaned/train/PaperCardboard/cardboard316.jpg,prepared_datasets/combined_6class_confusion_cleaned/train/PaperCardboard/cardboard316.jpg,,,,,,,,
train_PaperCardboard_cardboard317,TrashNet,cleaned_image_classification,train,PaperCardboard,PaperCardboard,prepared_datasets/combined_6class_confusion_cleaned/train/PaperCardboard/cardboard317.jpg,prepared_datasets/combined_6class_confusion_cleaned/train/PaperCardboard/cardboard317.jpg,prepared_datasets/combined_6class_confusion_cleaned/train/PaperCardboard/cardboard317.jpg,,,,,,,,
train_PaperCardboard_cardboard318,TrashNet,cleaned_image_classification,train,PaperCardboard,PaperCardboard,prepared_datasets/combined_6class_confusion_cleaned/train/PaperCardboard/cardboard318.jpg,prepared_datasets/combined_6class_confusion_cleaned/train/PaperCardboard/cardboard318.jpg,prepared_datasets/combined_6class_confusion_cleaned/train/PaperCardboard/cardboard318.jpg,,,,,,,,
train_PaperCardboard_cardboard319,TrashNet,cleaned_image_classification,train,PaperCardboard,PaperCardboard,prepared_datasets/combined_6class_confusion_cleaned/train/PaperCardboard/cardboard319.jpg,prepared_datasets/combined_6class_confusion_cleaned/train/PaperCardboard/cardboard319.jpg,prepared_datasets/combined_6class_confusion_cleaned/train/PaperCardboard/cardboard319.jpg,,,,,,,,
train_PaperCardboard_cardboard320,TrashNet,cleaned_image_classification,train,PaperCardboard,PaperCardboard,prepared_datasets/combined_6class_confusion_cleaned/train/PaperCardboard/cardboard320.jpg,prepared_datasets/combined_6class_confusion_cleaned/train/PaperCardboard/cardboard320.jpg,prepared_datasets/combined_6class_confusion_cleaned/train/PaperCardboard/cardboard320.jpg,,,,,,,,
train_PaperCardboard_cardboard322,TrashNet,cleaned_image_classification,train,PaperCardboard,PaperCardboard,prepared_datasets/combined_6class_confusion_cleaned/train/PaperCardboard/cardboard322.jpg,prepared_datasets/combined_6class_confusion_cleaned/train/PaperCardboard/cardboard322.jpg,prepared_datasets/combined_6class_confusion_cleaned/train/PaperCardboard/cardboard322.jpg,,,,,,,,
train_PaperCardboard_cardboard323,TrashNet,cleaned_image_classification,train,PaperCardboard,PaperCardboard,prepared_datasets/combined_6class_confusion_cleaned/train/PaperCardboard/cardboard323.jpg,prepared_datasets/combined_6class_confusion_cleaned/train/PaperCardboard/cardboard323.jpg,prepared_datasets/combined_6class_confusion_cleaned/train/PaperCardboard/cardboard323.jpg,,,,,,,,
train_PaperCardboard_cardboard325,TrashNet,cleaned_image_classification,train,PaperCardboard,PaperCardboard,prepared_datasets/combined_6class_confusion_cleaned/train/PaperCardboard/cardboard325.jpg,prepared_datasets/combined_6class_confusion_cleaned/train/PaperCardboard/cardboard325.jpg,prepared_datasets/combined_6class_confusion_cleaned/train/PaperCardboard/cardboard325.jpg,,,,,,,,
train_PaperCardboard_cardboard327,TrashNet,cleaned_image_classification,train,PaperCardboard,PaperCardboard,prepared_datasets/combined_6class_confusion_cleaned/train/PaperCardboard/cardboard327.jpg,prepared_datasets/combined_6class_confusion_cleaned/train/PaperCardboard/cardboard327.jpg,prepared_datasets/combined_6class_confusion_cleaned/train/PaperCardboard/cardboard327.jpg,,,,,,,,
train_PaperCardboard_cardboard328,TrashNet,cleaned_image_classification,train,PaperCardboard,PaperCardboard,prepared_datasets/combined_6class_confusion_cleaned/train/PaperCardboard/cardboard328.jpg,prepared_datasets/combined_6class_confusion_cleaned/train/PaperCardboard/cardboard328.jpg,prepared_datasets/combined_6class_confusion_cleaned/train/PaperCardboard/cardboard328.jpg,,,,,,,,
train_PaperCardboard_cardboard33,TrashNet,cleaned_image_classification,train,PaperCardboard,PaperCardboard,prepared_datasets/combined_6class_confusion_cleaned/train/PaperCardboard/cardboard33.jpg,prepared_datasets/combined_6class_confusion_cleaned/train/PaperCardboard/cardboard33.jpg,prepared_datasets/combined_6class_confusion_cleaned/train/PaperCardboard/cardboard33.jpg,,,,,,,,
train_PaperCardboard_cardboard330,TrashNet,cleaned_image_classification,train,PaperCardboard,PaperCardboard,prepared_datasets/combined_6class_confusion_cleaned/train/PaperCardboard/cardboard330.jpg,prepared_datasets/combined_6class_confusion_cleaned/train/PaperCardboard/cardboard330.jpg,prepared_datasets/combined_6class_confusion_cleaned/train/PaperCardboard/cardboard330.jpg,,,,,,,,
train_PaperCardboard_cardboard331,TrashNet,cleaned_image_classification,train,PaperCardboard,PaperCardboard,prepared_datasets/combined_6class_confusion_cleaned/train/PaperCardboard/cardboard331.jpg,prepared_datasets/combined_6class_confusion_cleaned/train/PaperCardboard/cardboard331.jpg,prepared_datasets/combined_6class_confusion_cleaned/train/PaperCardboard/cardboard331.jpg,,,,,,,,
train_PaperCardboard_cardboard332,TrashNet,cleaned_image_classification,train,PaperCardboard,PaperCardboard,prepared_datasets/combined_6class_confusion_cleaned/train/PaperCardboard/cardboard332.jpg,prepared_datasets/combined_6class_confusion_cleaned/train/PaperCardboard/cardboard332.jpg,prepared_datasets/combined_6class_confusion_cleaned/train/PaperCardboard/cardboard332.jpg,,,,,,,,
train_PaperCardboard_cardboard334,TrashNet,cleaned_image_classification,train,PaperCardboard,PaperCardboard,prepared_datasets/combined_6class_confusion_cleaned/train/PaperCardboard/cardboard334.jpg,prepared_datasets/combined_6class_confusion_cleaned/train/PaperCardboard/cardboard334.jpg,prepared_datasets/combined_6class_confusion_cleaned/train/PaperCardboard/cardboard334.jpg,,,,,,,,
train_PaperCardboard_cardboard337,TrashNet,cleaned_image_classification,train,PaperCardboard,PaperCardboard,prepared_datasets/combined_6class_confusion_cleaned/train/PaperCardboard/cardboard337.jpg,prepared_datasets/combined_6class_confusion_cleaned/train/PaperCardboard/cardboard337.jpg,prepared_datasets/combined_6class_confusion_cleaned/train/PaperCardboard/cardboard337.jpg,,,,,,,,
train_PaperCardboard_cardboard338,TrashNet,cleaned_image_classification,train,PaperCardboard,PaperCardboard,prepared_datasets/combined_6class_confusion_cleaned/train/PaperCardboard/cardboard338.jpg,prepared_datasets/combined_6class_confusion_cleaned/train/PaperCardboard/cardboard338.jpg,prepared_datasets/combined_6class_confusion_cleaned/train/PaperCardboard/cardboard338.jpg,,,,,,,,
train_PaperCardboard_cardboard339,TrashNet,cleaned_image_classification,train,PaperCardboard,PaperCardboard,prepared_datasets/combined_6class_confusion_cleaned/train/PaperCardboard/cardboard339.jpg,prepared_datasets/combined_6class_confusion_cleaned/train/PaperCardboard/cardboard339.jpg,prepared_datasets/combined_6class_confusion_cleaned/train/PaperCardboard/cardboard339.jpg,,,,,,,,
train_PaperCardboard_cardboard34,TrashNet,cleaned_image_classification,train,PaperCardboard,PaperCardboard,prepared_datasets/combined_6class_confusion_cleaned/train/PaperCardboard/cardboard34.jpg,prepared_datasets/combined_6class_confusion_cleaned/train/PaperCardboard/cardboard34.jpg,prepared_datasets/combined_6class_confusion_cleaned/train/PaperCardboard/cardboard34.jpg,,,,,,,,
train_PaperCardboard_cardboard340,TrashNet,cleaned_image_classification,train,PaperCardboard,PaperCardboard,prepared_datasets/combined_6class_confusion_cleaned/train/PaperCardboard/cardboard340.jpg,prepared_datasets/combined_6class_confusion_cleaned/train/PaperCardboard/cardboard340.jpg,prepared_datasets/combined_6class_confusion_cleaned/train/PaperCardboard/cardboard340.jpg,,,,,,,,
train_PaperCardboard_cardboard342,TrashNet,cleaned_image_classification,train,PaperCardboard,PaperCardboard,prepared_datasets/combined_6class_confusion_cleaned/train/PaperCardboard/cardboard342.jpg,prepared_datasets/combined_6class_confusion_cleaned/train/PaperCardboard/cardboard342.jpg,prepared_datasets/combined_6class_confusion_cleaned/train/PaperCardboard/cardboard342.jpg,,,,,,,,
train_PaperCardboard_cardboard343,TrashNet,cleaned_image_classification,train,PaperCardboard,PaperCardboard,prepared_datasets/combined_6class_confusion_cleaned/train/PaperCardboard/cardboard343.jpg,prepared_datasets/combined_6class_confusion_cleaned/train/PaperCardboard/cardboard343.jpg,prepared_datasets/combined_6class_confusion_cleaned/train/PaperCardboard/cardboard343.jpg,,,,,,,,
train_PaperCardboard_cardboard344,TrashNet,cleaned_image_classification,train,PaperCardboard,PaperCardboard,prepared_datasets/combined_6class_confusion_cleaned/train/PaperCardboard/cardboard344.jpg,prepared_datasets/combined_6class_confusion_cleaned/train/PaperCardboard/cardboard344.jpg,prepared_datasets/combined_6class_confusion_cleaned/train/PaperCardboard/cardboard344.jpg,,,,,,,,
train_PaperCardboard_cardboard345,TrashNet,cleaned_image_classification,train,PaperCardboard,PaperCardboard,prepared_datasets/combined_6class_confusion_cleaned/train/PaperCardboard/cardboard345.jpg,prepared_datasets/combined_6class_confusion_cleaned/train/PaperCardboard/cardboard345.jpg,prepared_datasets/combined_6class_confusion_cleaned/train/PaperCardboard/cardboard345.jpg,,,,,,,,
train_PaperCardboard_cardboard346,TrashNet,cleaned_image_classification,train,PaperCardboard,PaperCardboard,prepared_datasets/combined_6class_confusion_cleaned/train/PaperCardboard/cardboard346.jpg,prepared_datasets/combined_6class_confusion_cleaned/train/PaperCardboard/cardboard346.jpg,prepared_datasets/combined_6class_confusion_cleaned/train/PaperCardboard/cardboard346.jpg,,,,,,,,
train_PaperCardboard_cardboard347,TrashNet,cleaned_image_classification,train,PaperCardboard,PaperCardboard,prepared_datasets/combined_6class_confusion_cleaned/train/PaperCardboard/cardboard347.jpg,prepared_datasets/combined_6class_confusion_cleaned/train/PaperCardboard/cardboard347.jpg,prepared_datasets/combined_6class_confusion_cleaned/train/PaperCardboard/cardboard347.jpg,,,,,,,,
train_PaperCardboard_cardboard348,TrashNet,cleaned_image_classification,train,PaperCardboard,PaperCardboard,prepared_datasets/combined_6class_confusion_cleaned/train/PaperCardboard/cardboard348.jpg,prepared_datasets/combined_6class_confusion_cleaned/train/PaperCardboard/cardboard348.jpg,prepared_datasets/combined_6class_confusion_cleaned/train/PaperCardboard/cardboard348.jpg,,,,,,,,
train_PaperCardboard_cardboard349,TrashNet,cleaned_image_classification,train,PaperCardboard,PaperCardboard,prepared_datasets/combined_6class_confusion_cleaned/train/PaperCardboard/cardboard349.jpg,prepared_datasets/combined_6class_confusion_cleaned/train/PaperCardboard/cardboard349.jpg,prepared_datasets/combined_6class_confusion_cleaned/train/PaperCardboard/cardboard349.jpg,,,,,,,,
train_PaperCardboard_cardboard35,TrashNet,cleaned_image_classification,train,PaperCardboard,PaperCardboard,prepared_datasets/combined_6class_confusion_cleaned/train/PaperCardboard/cardboard35.jpg,prepared_datasets/combined_6class_confusion_cleaned/train/PaperCardboard/cardboard35.jpg,prepared_datasets/combined_6class_confusion_cleaned/train/PaperCardboard/cardboard35.jpg,,,,,,,,
train_PaperCardboard_cardboard350,TrashNet,cleaned_image_classification,train,PaperCardboard,PaperCardboard,prepared_datasets/combined_6class_confusion_cleaned/train/PaperCardboard/cardboard350.jpg,prepared_datasets/combined_6class_confusion_cleaned/train/PaperCardboard/cardboard350.jpg,prepared_datasets/combined_6class_confusion_cleaned/train/PaperCardboard/cardboard350.jpg,,,,,,,,
train_PaperCardboard_cardboard351,TrashNet,cleaned_image_classification,train,PaperCardboard,PaperCardboard,prepared_datasets/combined_6class_confusion_cleaned/train/PaperCardboard/cardboard351.jpg,prepared_datasets/combined_6class_confusion_cleaned/train/PaperCardboard/cardboard351.jpg,prepared_datasets/combined_6class_confusion_cleaned/train/PaperCardboard/cardboard351.jpg,,,,,,,,
train_PaperCardboard_cardboard352,TrashNet,cleaned_image_classification,train,PaperCardboard,PaperCardboard,prepared_datasets/combined_6class_confusion_cleaned/train/PaperCardboard/cardboard352.jpg,prepared_datasets/combined_6class_confusion_cleaned/train/PaperCardboard/cardboard352.jpg,prepared_datasets/combined_6class_confusion_cleaned/train/PaperCardboard/cardboard352.jpg,,,,,,,,
train_PaperCardboard_cardboard353,TrashNet,cleaned_image_classification,train,PaperCardboard,PaperCardboard,prepared_datasets/combined_6class_confusion_cleaned/train/PaperCardboard/cardboard353.jpg,prepared_datasets/combined_6class_confusion_cleaned/train/PaperCardboard/cardboard353.jpg,prepared_datasets/combined_6class_confusion_cleaned/train/PaperCardboard/cardboard353.jpg,,,,,,,,
train_PaperCardboard_cardboard354,TrashNet,cleaned_image_classification,train,PaperCardboard,PaperCardboard,prepared_datasets/combined_6class_confusion_cleaned/train/PaperCardboard/cardboard354.jpg,prepared_datasets/combined_6class_confusion_cleaned/train/PaperCardboard/cardboard354.jpg,prepared_datasets/combined_6class_confusion_cleaned/train/PaperCardboard/cardboard354.jpg,,,,,,,,
train_PaperCardboard_cardboard356,TrashNet,cleaned_image_classification,train,PaperCardboard,PaperCardboard,prepared_datasets/combined_6class_confusion_cleaned/train/PaperCardboard/cardboard356.jpg,prepared_datasets/combined_6class_confusion_cleaned/train/PaperCardboard/cardboard356.jpg,prepared_datasets/combined_6class_confusion_cleaned/train/PaperCardboard/cardboard356.jpg,,,,,,,,
train_PaperCardboard_cardboard36,TrashNet,cleaned_image_classification,train,PaperCardboard,PaperCardboard,prepared_datasets/combined_6class_confusion_cleaned/train/PaperCardboard/cardboard36.jpg,prepared_datasets/combined_6class_confusion_cleaned/train/PaperCardboard/cardboard36.jpg,prepared_datasets/combined_6class_confusion_cleaned/train/PaperCardboard/cardboard36.jpg,,,,,,,,
train_PaperCardboard_cardboard360,TrashNet,cleaned_image_classification,train,PaperCardboard,PaperCardboard,prepared_datasets/combined_6class_confusion_cleaned/train/PaperCardboard/cardboard360.jpg,prepared_datasets/combined_6class_confusion_cleaned/train/PaperCardboard/cardboard360.jpg,prepared_datasets/combined_6class_confusion_cleaned/train/PaperCardboard/cardboard360.jpg,,,,,,,,
train_PaperCardboard_cardboard362,TrashNet,cleaned_image_classification,train,PaperCardboard,PaperCardboard,prepared_datasets/combined_6class_confusion_cleaned/train/PaperCardboard/cardboard362.jpg,prepared_datasets/combined_6class_confusion_cleaned/train/PaperCardboard/cardboard362.jpg,prepared_datasets/combined_6class_confusion_cleaned/train/PaperCardboard/cardboard362.jpg,,,,,,,,
train_PaperCardboard_cardboard364,TrashNet,cleaned_image_classification,train,PaperCardboard,PaperCardboard,prepared_datasets/combined_6class_confusion_cleaned/train/PaperCardboard/cardboard364.jpg,prepared_datasets/combined_6class_confusion_cleaned/train/PaperCardboard/cardboard364.jpg,prepared_datasets/combined_6class_confusion_cleaned/train/PaperCardboard/cardboard364.jpg,,,,,,,,
train_PaperCardboard_cardboard365,TrashNet,cleaned_image_classification,train,PaperCardboard,PaperCardboard,prepared_datasets/combined_6class_confusion_cleaned/train/PaperCardboard/cardboard365.jpg,prepared_datasets/combined_6class_confusion_cleaned/train/PaperCardboard/cardboard365.jpg,prepared_datasets/combined_6class_confusion_cleaned/train/PaperCardboard/cardboard365.jpg,,,,,,,,
train_PaperCardboard_cardboard366,TrashNet,cleaned_image_classification,train,PaperCardboard,PaperCardboard,prepared_datasets/combined_6class_confusion_cleaned/train/PaperCardboard/cardboard366.jpg,prepared_datasets/combined_6class_confusion_cleaned/train/PaperCardboard/cardboard366.jpg,prepared_datasets/combined_6class_confusion_cleaned/train/PaperCardboard/cardboard366.jpg,,,,,,,,
train_PaperCardboard_cardboard367,TrashNet,cleaned_image_classification,train,PaperCardboard,PaperCardboard,prepared_datasets/combined_6class_confusion_cleaned/train/PaperCardboard/cardboard367.jpg,prepared_datasets/combined_6class_confusion_cleaned/train/PaperCardboard/cardboard367.jpg,prepared_datasets/combined_6class_confusion_cleaned/train/PaperCardboard/cardboard367.jpg,,,,,,,,
train_PaperCardboard_cardboard371,TrashNet,cleaned_image_classification,train,PaperCardboard,PaperCardboard,prepared_datasets/combined_6class_confusion_cleaned/train/PaperCardboard/cardboard371.jpg,prepared_datasets/combined_6class_confusion_cleaned/train/PaperCardboard/cardboard371.jpg,prepared_datasets/combined_6class_confusion_cleaned/train/PaperCardboard/cardboard371.jpg,,,,,,,,
train_PaperCardboard_cardboard373,TrashNet,cleaned_image_classification,train,PaperCardboard,PaperCardboard,prepared_datasets/combined_6class_confusion_cleaned/train/PaperCardboard/cardboard373.jpg,prepared_datasets/combined_6class_confusion_cleaned/train/PaperCardboard/cardboard373.jpg,prepared_datasets/combined_6class_confusion_cleaned/train/PaperCardboard/cardboard373.jpg,,,,,,,,
train_PaperCardboard_cardboard374,TrashNet,cleaned_image_classification,train,PaperCardboard,PaperCardboard,prepared_datasets/combined_6class_confusion_cleaned/train/PaperCardboard/cardboard374.jpg,prepared_datasets/combined_6class_confusion_cleaned/train/PaperCardboard/cardboard374.jpg,prepared_datasets/combined_6class_confusion_cleaned/train/PaperCardboard/cardboard374.jpg,,,,,,,,
train_PaperCardboard_cardboard375,TrashNet,cleaned_image_classification,train,PaperCardboard,PaperCardboard,prepared_datasets/combined_6class_confusion_cleaned/train/PaperCardboard/cardboard375.jpg,prepared_datasets/combined_6class_confusion_cleaned/train/PaperCardboard/cardboard375.jpg,prepared_datasets/combined_6class_confusion_cleaned/train/PaperCardboard/cardboard375.jpg,,,,,,,,
train_PaperCardboard_cardboard376,TrashNet,cleaned_image_classification,train,PaperCardboard,PaperCardboard,prepared_datasets/combined_6class_confusion_cleaned/train/PaperCardboard/cardboard376.jpg,prepared_datasets/combined_6class_confusion_cleaned/train/PaperCardboard/cardboard376.jpg,prepared_datasets/combined_6class_confusion_cleaned/train/PaperCardboard/cardboard376.jpg,,,,,,,,
train_PaperCardboard_cardboard377,TrashNet,cleaned_image_classification,train,PaperCardboard,PaperCardboard,prepared_datasets/combined_6class_confusion_cleaned/train/PaperCardboard/cardboard377.jpg,prepared_datasets/combined_6class_confusion_cleaned/train/PaperCardboard/cardboard377.jpg,prepared_datasets/combined_6class_confusion_cleaned/train/PaperCardboard/cardboard377.jpg,,,,,,,,
train_PaperCardboard_cardboard378,TrashNet,cleaned_image_classification,train,PaperCardboard,PaperCardboard,prepared_datasets/combined_6class_confusion_cleaned/train/PaperCardboard/cardboard378.jpg,prepared_datasets/combined_6class_confusion_cleaned/train/PaperCardboard/cardboard378.jpg,prepared_datasets/combined_6class_confusion_cleaned/train/PaperCardboard/cardboard378.jpg,,,,,,,,
train_PaperCardboard_cardboard379,TrashNet,cleaned_image_classification,train,PaperCardboard,PaperCardboard,prepared_datasets/combined_6class_confusion_cleaned/train/PaperCardboard/cardboard379.jpg,prepared_datasets/combined_6class_confusion_cleaned/train/PaperCardboard/cardboard379.jpg,prepared_datasets/combined_6class_confusion_cleaned/train/PaperCardboard/cardboard379.jpg,,,,,,,,
train_PaperCardboard_cardboard38,TrashNet,cleaned_image_classification,train,PaperCardboard,PaperCardboard,prepared_datasets/combined_6class_confusion_cleaned/train/PaperCardboard/cardboard38.jpg,prepared_datasets/combined_6class_confusion_cleaned/train/PaperCardboard/cardboard38.jpg,prepared_datasets/combined_6class_confusion_cleaned/train/PaperCardboard/cardboard38.jpg,,,,,,,,
train_PaperCardboard_cardboard380,TrashNet,cleaned_image_classification,train,PaperCardboard,PaperCardboard,prepared_datasets/combined_6class_confusion_cleaned/train/PaperCardboard/cardboard380.jpg,prepared_datasets/combined_6class_confusion_cleaned/train/PaperCardboard/cardboard380.jpg,prepared_datasets/combined_6class_confusion_cleaned/train/PaperCardboard/cardboard380.jpg,,,,,,,,
train_PaperCardboard_cardboard382,TrashNet,cleaned_image_classification,train,PaperCardboard,PaperCardboard,prepared_datasets/combined_6class_confusion_cleaned/train/PaperCardboard/cardboard382.jpg,prepared_datasets/combined_6class_confusion_cleaned/train/PaperCardboard/cardboard382.jpg,prepared_datasets/combined_6class_confusion_cleaned/train/PaperCardboard/cardboard382.jpg,,,,,,,,
train_PaperCardboard_cardboard383,TrashNet,cleaned_image_classification,train,PaperCardboard,PaperCardboard,prepared_datasets/combined_6class_confusion_cleaned/train/PaperCardboard/cardboard383.jpg,prepared_datasets/combined_6class_confusion_cleaned/train/PaperCardboard/cardboard383.jpg,prepared_datasets/combined_6class_confusion_cleaned/train/PaperCardboard/cardboard383.jpg,,,,,,,,
train_PaperCardboard_cardboard385,TrashNet,cleaned_image_classification,train,PaperCardboard,PaperCardboard,prepared_datasets/combined_6class_confusion_cleaned/train/PaperCardboard/cardboard385.jpg,prepared_datasets/combined_6class_confusion_cleaned/train/PaperCardboard/cardboard385.jpg,prepared_datasets/combined_6class_confusion_cleaned/train/PaperCardboard/cardboard385.jpg,,,,,,,,
train_PaperCardboard_cardboard386,TrashNet,cleaned_image_classification,train,PaperCardboard,PaperCardboard,prepared_datasets/combined_6class_confusion_cleaned/train/PaperCardboard/cardboard386.jpg,prepared_datasets/combined_6class_confusion_cleaned/train/PaperCardboard/cardboard386.jpg,prepared_datasets/combined_6class_confusion_cleaned/train/PaperCardboard/cardboard386.jpg,,,,,,,,
train_PaperCardboard_cardboard389,TrashNet,cleaned_image_classification,train,PaperCardboard,PaperCardboard,prepared_datasets/combined_6class_confusion_cleaned/train/PaperCardboard/cardboard389.jpg,prepared_datasets/combined_6class_confusion_cleaned/train/PaperCardboard/cardboard389.jpg,prepared_datasets/combined_6class_confusion_cleaned/train/PaperCardboard/cardboard389.jpg,,,,,,,,
train_PaperCardboard_cardboard393,TrashNet,cleaned_image_classification,train,PaperCardboard,PaperCardboard,prepared_datasets/combined_6class_confusion_cleaned/train/PaperCardboard/cardboard393.jpg,prepared_datasets/combined_6class_confusion_cleaned/train/PaperCardboard/cardboard393.jpg,prepared_datasets/combined_6class_confusion_cleaned/train/PaperCardboard/cardboard393.jpg,,,,,,,,
train_PaperCardboard_cardboard394,TrashNet,cleaned_image_classification,train,PaperCardboard,PaperCardboard,prepared_datasets/combined_6class_confusion_cleaned/train/PaperCardboard/cardboard394.jpg,prepared_datasets/combined_6class_confusion_cleaned/train/PaperCardboard/cardboard394.jpg,prepared_datasets/combined_6class_confusion_cleaned/train/PaperCardboard/cardboard394.jpg,,,,,,,,
train_PaperCardboard_cardboard395,TrashNet,cleaned_image_classification,train,PaperCardboard,PaperCardboard,prepared_datasets/combined_6class_confusion_cleaned/train/PaperCardboard/cardboard395.jpg,prepared_datasets/combined_6class_confusion_cleaned/train/PaperCardboard/cardboard395.jpg,prepared_datasets/combined_6class_confusion_cleaned/train/PaperCardboard/cardboard395.jpg,,,,,,,,
train_PaperCardboard_cardboard397,TrashNet,cleaned_image_classification,train,PaperCardboard,PaperCardboard,prepared_datasets/combined_6class_confusion_cleaned/train/PaperCardboard/cardboard397.jpg,prepared_datasets/combined_6class_confusion_cleaned/train/PaperCardboard/cardboard397.jpg,prepared_datasets/combined_6class_confusion_cleaned/train/PaperCardboard/cardboard397.jpg,,,,,,,,
train_PaperCardboard_cardboard398,TrashNet,cleaned_image_classification,train,PaperCardboard,PaperCardboard,prepared_datasets/combined_6class_confusion_cleaned/train/PaperCardboard/cardboard398.jpg,prepared_datasets/combined_6class_confusion_cleaned/train/PaperCardboard/cardboard398.jpg,prepared_datasets/combined_6class_confusion_cleaned/train/PaperCardboard/cardboard398.jpg,,,,,,,,
train_PaperCardboard_cardboard399,TrashNet,cleaned_image_classification,train,PaperCardboard,PaperCardboard,prepared_datasets/combined_6class_confusion_cleaned/train/PaperCardboard/cardboard399.jpg,prepared_datasets/combined_6class_confusion_cleaned/train/PaperCardboard/cardboard399.jpg,prepared_datasets/combined_6class_confusion_cleaned/train/PaperCardboard/cardboard399.jpg,,,,,,,,
train_PaperCardboard_cardboard40,TrashNet,cleaned_image_classification,train,PaperCardboard,PaperCardboard,prepared_datasets/combined_6class_confusion_cleaned/train/PaperCardboard/cardboard40.jpg,prepared_datasets/combined_6class_confusion_cleaned/train/PaperCardboard/cardboard40.jpg,prepared_datasets/combined_6class_confusion_cleaned/train/PaperCardboard/cardboard40.jpg,,,,,,,,
train_PaperCardboard_cardboard400,TrashNet,cleaned_image_classification,train,PaperCardboard,PaperCardboard,prepared_datasets/combined_6class_confusion_cleaned/train/PaperCardboard/cardboard400.jpg,prepared_datasets/combined_6class_confusion_cleaned/train/PaperCardboard/cardboard400.jpg,prepared_datasets/combined_6class_confusion_cleaned/train/PaperCardboard/cardboard400.jpg,,,,,,,,
train_PaperCardboard_cardboard403,TrashNet,cleaned_image_classification,train,PaperCardboard,PaperCardboard,prepared_datasets/combined_6class_confusion_cleaned/train/PaperCardboard/cardboard403.jpg,prepared_datasets/combined_6class_confusion_cleaned/train/PaperCardboard/cardboard403.jpg,prepared_datasets/combined_6class_confusion_cleaned/train/PaperCardboard/cardboard403.jpg,,,,,,,,
train_PaperCardboard_cardboard42,TrashNet,cleaned_image_classification,train,PaperCardboard,PaperCardboard,prepared_datasets/combined_6class_confusion_cleaned/train/PaperCardboard/cardboard42.jpg,prepared_datasets/combined_6class_confusion_cleaned/train/PaperCardboard/cardboard42.jpg,prepared_datasets/combined_6class_confusion_cleaned/train/PaperCardboard/cardboard42.jpg,,,,,,,,
train_PaperCardboard_cardboard43,TrashNet,cleaned_image_classification,train,PaperCardboard,PaperCardboard,prepared_datasets/combined_6class_confusion_cleaned/train/PaperCardboard/cardboard43.jpg,prepared_datasets/combined_6class_confusion_cleaned/train/PaperCardboard/cardboard43.jpg,prepared_datasets/combined_6class_confusion_cleaned/train/PaperCardboard/cardboard43.jpg,,,,,,,,
train_PaperCardboard_cardboard44,TrashNet,cleaned_image_classification,train,PaperCardboard,PaperCardboard,prepared_datasets/combined_6class_confusion_cleaned/train/PaperCardboard/cardboard44.jpg,prepared_datasets/combined_6class_confusion_cleaned/train/PaperCardboard/cardboard44.jpg,prepared_datasets/combined_6class_confusion_cleaned/train/PaperCardboard/cardboard44.jpg,,,,,,,,
train_PaperCardboard_cardboard45,TrashNet,cleaned_image_classification,train,PaperCardboard,PaperCardboard,prepared_datasets/combined_6class_confusion_cleaned/train/PaperCardboard/cardboard45.jpg,prepared_datasets/combined_6class_confusion_cleaned/train/PaperCardboard/cardboard45.jpg,prepared_datasets/combined_6class_confusion_cleaned/train/PaperCardboard/cardboard45.jpg,,,,,,,,
train_PaperCardboard_cardboard46,TrashNet,cleaned_image_classification,train,PaperCardboard,PaperCardboard,prepared_datasets/combined_6class_confusion_cleaned/train/PaperCardboard/cardboard46.jpg,prepared_datasets/combined_6class_confusion_cleaned/train/PaperCardboard/cardboard46.jpg,prepared_datasets/combined_6class_confusion_cleaned/train/PaperCardboard/cardboard46.jpg,,,,,,,,
train_PaperCardboard_cardboard47,TrashNet,cleaned_image_classification,train,PaperCardboard,PaperCardboard,prepared_datasets/combined_6class_confusion_cleaned/train/PaperCardboard/cardboard47.jpg,prepared_datasets/combined_6class_confusion_cleaned/train/PaperCardboard/cardboard47.jpg,prepared_datasets/combined_6class_confusion_cleaned/train/PaperCardboard/cardboard47.jpg,,,,,,,,
train_PaperCardboard_cardboard48,TrashNet,cleaned_image_classification,train,PaperCardboard,PaperCardboard,prepared_datasets/combined_6class_confusion_cleaned/train/PaperCardboard/cardboard48.jpg,prepared_datasets/combined_6class_confusion_cleaned/train/PaperCardboard/cardboard48.jpg,prepared_datasets/combined_6class_confusion_cleaned/train/PaperCardboard/cardboard48.jpg,,,,,,,,
train_PaperCardboard_cardboard49,TrashNet,cleaned_image_classification,train,PaperCardboard,PaperCardboard,prepared_datasets/combined_6class_confusion_cleaned/train/PaperCardboard/cardboard49.jpg,prepared_datasets/combined_6class_confusion_cleaned/train/PaperCardboard/cardboard49.jpg,prepared_datasets/combined_6class_confusion_cleaned/train/PaperCardboard/cardboard49.jpg,,,,,,,,
train_PaperCardboard_cardboard5,TrashNet,cleaned_image_classification,train,PaperCardboard,PaperCardboard,prepared_datasets/combined_6class_confusion_cleaned/train/PaperCardboard/cardboard5.jpg,prepared_datasets/combined_6class_confusion_cleaned/train/PaperCardboard/cardboard5.jpg,prepared_datasets/combined_6class_confusion_cleaned/train/PaperCardboard/cardboard5.jpg,,,,,,,,
train_PaperCardboard_cardboard52,TrashNet,cleaned_image_classification,train,PaperCardboard,PaperCardboard,prepared_datasets/combined_6class_confusion_cleaned/train/PaperCardboard/cardboard52.jpg,prepared_datasets/combined_6class_confusion_cleaned/train/PaperCardboard/cardboard52.jpg,prepared_datasets/combined_6class_confusion_cleaned/train/PaperCardboard/cardboard52.jpg,,,,,,,,
train_PaperCardboard_cardboard54,TrashNet,cleaned_image_classification,train,PaperCardboard,PaperCardboard,prepared_datasets/combined_6class_confusion_cleaned/train/PaperCardboard/cardboard54.jpg,prepared_datasets/combined_6class_confusion_cleaned/train/PaperCardboard/cardboard54.jpg,prepared_datasets/combined_6class_confusion_cleaned/train/PaperCardboard/cardboard54.jpg,,,,,,,,
train_PaperCardboard_cardboard55,TrashNet,cleaned_image_classification,train,PaperCardboard,PaperCardboard,prepared_datasets/combined_6class_confusion_cleaned/train/PaperCardboard/cardboard55.jpg,prepared_datasets/combined_6class_confusion_cleaned/train/PaperCardboard/cardboard55.jpg,prepared_datasets/combined_6class_confusion_cleaned/train/PaperCardboard/cardboard55.jpg,,,,,,,,
train_PaperCardboard_cardboard56,TrashNet,cleaned_image_classification,train,PaperCardboard,PaperCardboard,prepared_datasets/combined_6class_confusion_cleaned/train/PaperCardboard/cardboard56.jpg,prepared_datasets/combined_6class_confusion_cleaned/train/PaperCardboard/cardboard56.jpg,prepared_datasets/combined_6class_confusion_cleaned/train/PaperCardboard/cardboard56.jpg,,,,,,,,
train_PaperCardboard_cardboard57,TrashNet,cleaned_image_classification,train,PaperCardboard,PaperCardboard,prepared_datasets/combined_6class_confusion_cleaned/train/PaperCardboard/cardboard57.jpg,prepared_datasets/combined_6class_confusion_cleaned/train/PaperCardboard/cardboard57.jpg,prepared_datasets/combined_6class_confusion_cleaned/train/PaperCardboard/cardboard57.jpg,,,,,,,,
train_PaperCardboard_cardboard58,TrashNet,cleaned_image_classification,train,PaperCardboard,PaperCardboard,prepared_datasets/combined_6class_confusion_cleaned/train/PaperCardboard/cardboard58.jpg,prepared_datasets/combined_6class_confusion_cleaned/train/PaperCardboard/cardboard58.jpg,prepared_datasets/combined_6class_confusion_cleaned/train/PaperCardboard/cardboard58.jpg,,,,,,,,
train_PaperCardboard_cardboard59,TrashNet,cleaned_image_classification,train,PaperCardboard,PaperCardboard,prepared_datasets/combined_6class_confusion_cleaned/train/PaperCardboard/cardboard59.jpg,prepared_datasets/combined_6class_confusion_cleaned/train/PaperCardboard/cardboard59.jpg,prepared_datasets/combined_6class_confusion_cleaned/train/PaperCardboard/cardboard59.jpg,,,,,,,,
train_PaperCardboard_cardboard6,TrashNet,cleaned_image_classification,train,PaperCardboard,PaperCardboard,prepared_datasets/combined_6class_confusion_cleaned/train/PaperCardboard/cardboard6.jpg,prepared_datasets/combined_6class_confusion_cleaned/train/PaperCardboard/cardboard6.jpg,prepared_datasets/combined_6class_confusion_cleaned/train/PaperCardboard/cardboard6.jpg,,,,,,,,
train_PaperCardboard_cardboard60,TrashNet,cleaned_image_classification,train,PaperCardboard,PaperCardboard,prepared_datasets/combined_6class_confusion_cleaned/train/PaperCardboard/cardboard60.jpg,prepared_datasets/combined_6class_confusion_cleaned/train/PaperCardboard/cardboard60.jpg,prepared_datasets/combined_6class_confusion_cleaned/train/PaperCardboard/cardboard60.jpg,,,,,,,,
train_PaperCardboard_cardboard61,TrashNet,cleaned_image_classification,train,PaperCardboard,PaperCardboard,prepared_datasets/combined_6class_confusion_cleaned/train/PaperCardboard/cardboard61.jpg,prepared_datasets/combined_6class_confusion_cleaned/train/PaperCardboard/cardboard61.jpg,prepared_datasets/combined_6class_confusion_cleaned/train/PaperCardboard/cardboard61.jpg,,,,,,,,
train_PaperCardboard_cardboard64,TrashNet,cleaned_image_classification,train,PaperCardboard,PaperCardboard,prepared_datasets/combined_6class_confusion_cleaned/train/PaperCardboard/cardboard64.jpg,prepared_datasets/combined_6class_confusion_cleaned/train/PaperCardboard/cardboard64.jpg,prepared_datasets/combined_6class_confusion_cleaned/train/PaperCardboard/cardboard64.jpg,,,,,,,,
train_PaperCardboard_cardboard66,TrashNet,cleaned_image_classification,train,PaperCardboard,PaperCardboard,prepared_datasets/combined_6class_confusion_cleaned/train/PaperCardboard/cardboard66.jpg,prepared_datasets/combined_6class_confusion_cleaned/train/PaperCardboard/cardboard66.jpg,prepared_datasets/combined_6class_confusion_cleaned/train/PaperCardboard/cardboard66.jpg,,,,,,,,
train_PaperCardboard_cardboard67,TrashNet,cleaned_image_classification,train,PaperCardboard,PaperCardboard,prepared_datasets/combined_6class_confusion_cleaned/train/PaperCardboard/cardboard67.jpg,prepared_datasets/combined_6class_confusion_cleaned/train/PaperCardboard/cardboard67.jpg,prepared_datasets/combined_6class_confusion_cleaned/train/PaperCardboard/cardboard67.jpg,,,,,,,,
train_PaperCardboard_cardboard68,TrashNet,cleaned_image_classification,train,PaperCardboard,PaperCardboard,prepared_datasets/combined_6class_confusion_cleaned/train/PaperCardboard/cardboard68.jpg,prepared_datasets/combined_6class_confusion_cleaned/train/PaperCardboard/cardboard68.jpg,prepared_datasets/combined_6class_confusion_cleaned/train/PaperCardboard/cardboard68.jpg,,,,,,,,
train_PaperCardboard_cardboard69,TrashNet,cleaned_image_classification,train,PaperCardboard,PaperCardboard,prepared_datasets/combined_6class_confusion_cleaned/train/PaperCardboard/cardboard69.jpg,prepared_datasets/combined_6class_confusion_cleaned/train/PaperCardboard/cardboard69.jpg,prepared_datasets/combined_6class_confusion_cleaned/train/PaperCardboard/cardboard69.jpg,,,,,,,,
train_PaperCardboard_cardboard7,TrashNet,cleaned_image_classification,train,PaperCardboard,PaperCardboard,prepared_datasets/combined_6class_confusion_cleaned/train/PaperCardboard/cardboard7.jpg,prepared_datasets/combined_6class_confusion_cleaned/train/PaperCardboard/cardboard7.jpg,prepared_datasets/combined_6class_confusion_cleaned/train/PaperCardboard/cardboard7.jpg,,,,,,,,
train_PaperCardboard_cardboard70,TrashNet,cleaned_image_classification,train,PaperCardboard,PaperCardboard,prepared_datasets/combined_6class_confusion_cleaned/train/PaperCardboard/cardboard70.jpg,prepared_datasets/combined_6class_confusion_cleaned/train/PaperCardboard/cardboard70.jpg,prepared_datasets/combined_6class_confusion_cleaned/train/PaperCardboard/cardboard70.jpg,,,,,,,,
train_PaperCardboard_cardboard71,TrashNet,cleaned_image_classification,train,PaperCardboard,PaperCardboard,prepared_datasets/combined_6class_confusion_cleaned/train/PaperCardboard/cardboard71.jpg,prepared_datasets/combined_6class_confusion_cleaned/train/PaperCardboard/cardboard71.jpg,prepared_datasets/combined_6class_confusion_cleaned/train/PaperCardboard/cardboard71.jpg,,,,,,,,
train_PaperCardboard_cardboard72,TrashNet,cleaned_image_classification,train,PaperCardboard,PaperCardboard,prepared_datasets/combined_6class_confusion_cleaned/train/PaperCardboard/cardboard72.jpg,prepared_datasets/combined_6class_confusion_cleaned/train/PaperCardboard/cardboard72.jpg,prepared_datasets/combined_6class_confusion_cleaned/train/PaperCardboard/cardboard72.jpg,,,,,,,,
train_PaperCardboard_cardboard73,TrashNet,cleaned_image_classification,train,PaperCardboard,PaperCardboard,prepared_datasets/combined_6class_confusion_cleaned/train/PaperCardboard/cardboard73.jpg,prepared_datasets/combined_6class_confusion_cleaned/train/PaperCardboard/cardboard73.jpg,prepared_datasets/combined_6class_confusion_cleaned/train/PaperCardboard/cardboard73.jpg,,,,,,,,
train_PaperCardboard_cardboard74,TrashNet,cleaned_image_classification,train,PaperCardboard,PaperCardboard,prepared_datasets/combined_6class_confusion_cleaned/train/PaperCardboard/cardboard74.jpg,prepared_datasets/combined_6class_confusion_cleaned/train/PaperCardboard/cardboard74.jpg,prepared_datasets/combined_6class_confusion_cleaned/train/PaperCardboard/cardboard74.jpg,,,,,,,,
train_PaperCardboard_cardboard75,TrashNet,cleaned_image_classification,train,PaperCardboard,PaperCardboard,prepared_datasets/combined_6class_confusion_cleaned/train/PaperCardboard/cardboard75.jpg,prepared_datasets/combined_6class_confusion_cleaned/train/PaperCardboard/cardboard75.jpg,prepared_datasets/combined_6class_confusion_cleaned/train/PaperCardboard/cardboard75.jpg,,,,,,,,
train_PaperCardboard_cardboard79,TrashNet,cleaned_image_classification,train,PaperCardboard,PaperCardboard,prepared_datasets/combined_6class_confusion_cleaned/train/PaperCardboard/cardboard79.jpg,prepared_datasets/combined_6class_confusion_cleaned/train/PaperCardboard/cardboard79.jpg,prepared_datasets/combined_6class_confusion_cleaned/train/PaperCardboard/cardboard79.jpg,,,,,,,,
train_PaperCardboard_cardboard8,TrashNet,cleaned_image_classification,train,PaperCardboard,PaperCardboard,prepared_datasets/combined_6class_confusion_cleaned/train/PaperCardboard/cardboard8.jpg,prepared_datasets/combined_6class_confusion_cleaned/train/PaperCardboard/cardboard8.jpg,prepared_datasets/combined_6class_confusion_cleaned/train/PaperCardboard/cardboard8.jpg,,,,,,,,
train_PaperCardboard_cardboard80,TrashNet,cleaned_image_classification,train,PaperCardboard,PaperCardboard,prepared_datasets/combined_6class_confusion_cleaned/train/PaperCardboard/cardboard80.jpg,prepared_datasets/combined_6class_confusion_cleaned/train/PaperCardboard/cardboard80.jpg,prepared_datasets/combined_6class_confusion_cleaned/train/PaperCardboard/cardboard80.jpg,,,,,,,,
train_PaperCardboard_cardboard81,TrashNet,cleaned_image_classification,train,PaperCardboard,PaperCardboard,prepared_datasets/combined_6class_confusion_cleaned/train/PaperCardboard/cardboard81.jpg,prepared_datasets/combined_6class_confusion_cleaned/train/PaperCardboard/cardboard81.jpg,prepared_datasets/combined_6class_confusion_cleaned/train/PaperCardboard/cardboard81.jpg,,,,,,,,
train_PaperCardboard_cardboard83,TrashNet,cleaned_image_classification,train,PaperCardboard,PaperCardboard,prepared_datasets/combined_6class_confusion_cleaned/train/PaperCardboard/cardboard83.jpg,prepared_datasets/combined_6class_confusion_cleaned/train/PaperCardboard/cardboard83.jpg,prepared_datasets/combined_6class_confusion_cleaned/train/PaperCardboard/cardboard83.jpg,,,,,,,,
train_PaperCardboard_cardboard84,TrashNet,cleaned_image_classification,train,PaperCardboard,PaperCardboard,prepared_datasets/combined_6class_confusion_cleaned/train/PaperCardboard/cardboard84.jpg,prepared_datasets/combined_6class_confusion_cleaned/train/PaperCardboard/cardboard84.jpg,prepared_datasets/combined_6class_confusion_cleaned/train/PaperCardboard/cardboard84.jpg,,,,,,,,
train_PaperCardboard_cardboard85,TrashNet,cleaned_image_classification,train,PaperCardboard,PaperCardboard,prepared_datasets/combined_6class_confusion_cleaned/train/PaperCardboard/cardboard85.jpg,prepared_datasets/combined_6class_confusion_cleaned/train/PaperCardboard/cardboard85.jpg,prepared_datasets/combined_6class_confusion_cleaned/train/PaperCardboard/cardboard85.jpg,,,,,,,,
train_PaperCardboard_cardboard87,TrashNet,cleaned_image_classification,train,PaperCardboard,PaperCardboard,prepared_datasets/combined_6class_confusion_cleaned/train/PaperCardboard/cardboard87.jpg,prepared_datasets/combined_6class_confusion_cleaned/train/PaperCardboard/cardboard87.jpg,prepared_datasets/combined_6class_confusion_cleaned/train/PaperCardboard/cardboard87.jpg,,,,,,,,
train_PaperCardboard_cardboard88,TrashNet,cleaned_image_classification,train,PaperCardboard,PaperCardboard,prepared_datasets/combined_6class_confusion_cleaned/train/PaperCardboard/cardboard88.jpg,prepared_datasets/combined_6class_confusion_cleaned/train/PaperCardboard/cardboard88.jpg,prepared_datasets/combined_6class_confusion_cleaned/train/PaperCardboard/cardboard88.jpg,,,,,,,,
train_PaperCardboard_cardboard89,TrashNet,cleaned_image_classification,train,PaperCardboard,PaperCardboard,prepared_datasets/combined_6class_confusion_cleaned/train/PaperCardboard/cardboard89.jpg,prepared_datasets/combined_6class_confusion_cleaned/train/PaperCardboard/cardboard89.jpg,prepared_datasets/combined_6class_confusion_cleaned/train/PaperCardboard/cardboard89.jpg,,,,,,,,
train_PaperCardboard_cardboard9,TrashNet,cleaned_image_classification,train,PaperCardboard,PaperCardboard,prepared_datasets/combined_6class_confusion_cleaned/train/PaperCardboard/cardboard9.jpg,prepared_datasets/combined_6class_confusion_cleaned/train/PaperCardboard/cardboard9.jpg,prepared_datasets/combined_6class_confusion_cleaned/train/PaperCardboard/cardboard9.jpg,,,,,,,,
train_PaperCardboard_cardboard91,TrashNet,cleaned_image_classification,train,PaperCardboard,PaperCardboard,prepared_datasets/combined_6class_confusion_cleaned/train/PaperCardboard/cardboard91.jpg,prepared_datasets/combined_6class_confusion_cleaned/train/PaperCardboard/cardboard91.jpg,prepared_datasets/combined_6class_confusion_cleaned/train/PaperCardboard/cardboard91.jpg,,,,,,,,
train_PaperCardboard_cardboard92,TrashNet,cleaned_image_classification,train,PaperCardboard,PaperCardboard,prepared_datasets/combined_6class_confusion_cleaned/train/PaperCardboard/cardboard92.jpg,prepared_datasets/combined_6class_confusion_cleaned/train/PaperCardboard/cardboard92.jpg,prepared_datasets/combined_6class_confusion_cleaned/train/PaperCardboard/cardboard92.jpg,,,,,,,,
train_PaperCardboard_cardboard93,TrashNet,cleaned_image_classification,train,PaperCardboard,PaperCardboard,prepared_datasets/combined_6class_confusion_cleaned/train/PaperCardboard/cardboard93.jpg,prepared_datasets/combined_6class_confusion_cleaned/train/PaperCardboard/cardboard93.jpg,prepared_datasets/combined_6class_confusion_cleaned/train/PaperCardboard/cardboard93.jpg,,,,,,,,
train_PaperCardboard_cardboard94,TrashNet,cleaned_image_classification,train,PaperCardboard,PaperCardboard,prepared_datasets/combined_6class_confusion_cleaned/train/PaperCardboard/cardboard94.jpg,prepared_datasets/combined_6class_confusion_cleaned/train/PaperCardboard/cardboard94.jpg,prepared_datasets/combined_6class_confusion_cleaned/train/PaperCardboard/cardboard94.jpg,,,,,,,,
train_PaperCardboard_cardboard95,TrashNet,cleaned_image_classification,train,PaperCardboard,PaperCardboard,prepared_datasets/combined_6class_confusion_cleaned/train/PaperCardboard/cardboard95.jpg,prepared_datasets/combined_6class_confusion_cleaned/train/PaperCardboard/cardboard95.jpg,prepared_datasets/combined_6class_confusion_cleaned/train/PaperCardboard/cardboard95.jpg,,,,,,,,
train_PaperCardboard_cardboard97,TrashNet,cleaned_image_classification,train,PaperCardboard,PaperCardboard,prepared_datasets/combined_6class_confusion_cleaned/train/PaperCardboard/cardboard97.jpg,prepared_datasets/combined_6class_confusion_cleaned/train/PaperCardboard/cardboard97.jpg,prepared_datasets/combined_6class_confusion_cleaned/train/PaperCardboard/cardboard97.jpg,,,,,,,,
train_PaperCardboard_cardboard99,TrashNet,cleaned_image_classification,train,PaperCardboard,PaperCardboard,prepared_datasets/combined_6class_confusion_cleaned/train/PaperCardboard/cardboard99.jpg,prepared_datasets/combined_6class_confusion_cleaned/train/PaperCardboard/cardboard99.jpg,prepared_datasets/combined_6class_confusion_cleaned/train/PaperCardboard/cardboard99.jpg,,,,,,,,
train_PaperCardboard_IMG_4865_ann2557,TACO,cleaned_image_classification,train,PaperCardboard,PaperCardboard,prepared_datasets/combined_6class_confusion_cleaned/train/PaperCardboard/IMG_4865_ann2557.jpg,prepared_datasets/combined_6class_confusion_cleaned/train/PaperCardboard/IMG_4865_ann2557.jpg,prepared_datasets/combined_6class_confusion_cleaned/train/PaperCardboard/IMG_4865_ann2557.jpg,,,,,,,,
train_PaperCardboard_IMG_4874_ann2563,TACO,cleaned_image_classification,train,PaperCardboard,PaperCardboard,prepared_datasets/combined_6class_confusion_cleaned/train/PaperCardboard/IMG_4874_ann2563.jpg,prepared_datasets/combined_6class_confusion_cleaned/train/PaperCardboard/IMG_4874_ann2563.jpg,prepared_datasets/combined_6class_confusion_cleaned/train/PaperCardboard/IMG_4874_ann2563.jpg,,,,,,,,
train_PaperCardboard_IMG_4875_ann2564,TACO,cleaned_image_classification,train,PaperCardboard,PaperCardboard,prepared_datasets/combined_6class_confusion_cleaned/train/PaperCardboard/IMG_4875_ann2564.jpg,prepared_datasets/combined_6class_confusion_cleaned/train/PaperCardboard/IMG_4875_ann2564.jpg,prepared_datasets/combined_6class_confusion_cleaned/train/PaperCardboard/IMG_4875_ann2564.jpg,,,,,,,,
train_PaperCardboard_IMG_4875_ann2565,TACO,cleaned_image_classification,train,PaperCardboard,PaperCardboard,prepared_datasets/combined_6class_confusion_cleaned/train/PaperCardboard/IMG_4875_ann2565.jpg,prepared_datasets/combined_6class_confusion_cleaned/train/PaperCardboard/IMG_4875_ann2565.jpg,prepared_datasets/combined_6class_confusion_cleaned/train/PaperCardboard/IMG_4875_ann2565.jpg,,,,,,,,
train_PaperCardboard_IMG_4877_ann2568,TACO,cleaned_image_classification,train,PaperCardboard,PaperCardboard,prepared_datasets/combined_6class_confusion_cleaned/train/PaperCardboard/IMG_4877_ann2568.jpg,prepared_datasets/combined_6class_confusion_cleaned/train/PaperCardboard/IMG_4877_ann2568.jpg,prepared_datasets/combined_6class_confusion_cleaned/train/PaperCardboard/IMG_4877_ann2568.jpg,,,,,,,,
train_PaperCardboard_IMG_4934_ann2628,TACO,cleaned_image_classification,train,PaperCardboard,PaperCardboard,prepared_datasets/combined_6class_confusion_cleaned/train/PaperCardboard/IMG_4934_ann2628.jpg,prepared_datasets/combined_6class_confusion_cleaned/train/PaperCardboard/IMG_4934_ann2628.jpg,prepared_datasets/combined_6class_confusion_cleaned/train/PaperCardboard/IMG_4934_ann2628.jpg,,,,,,,,
train_PaperCardboard_IMG_4934_ann2629,TACO,cleaned_image_classification,train,PaperCardboard,PaperCardboard,prepared_datasets/combined_6class_confusion_cleaned/train/PaperCardboard/IMG_4934_ann2629.jpg,prepared_datasets/combined_6class_confusion_cleaned/train/PaperCardboard/IMG_4934_ann2629.jpg,prepared_datasets/combined_6class_confusion_cleaned/train/PaperCardboard/IMG_4934_ann2629.jpg,,,,,,,,
train_PaperCardboard_IMG_4939_ann2634,TACO,cleaned_image_classification,train,PaperCardboard,PaperCardboard,prepared_datasets/combined_6class_confusion_cleaned/train/PaperCardboard/IMG_4939_ann2634.jpg,prepared_datasets/combined_6class_confusion_cleaned/train/PaperCardboard/IMG_4939_ann2634.jpg,prepared_datasets/combined_6class_confusion_cleaned/train/PaperCardboard/IMG_4939_ann2634.jpg,,,,,,,,
train_PaperCardboard_IMG_4941_ann2646,TACO,cleaned_image_classification,train,PaperCardboard,PaperCardboard,prepared_datasets/combined_6class_confusion_cleaned/train/PaperCardboard/IMG_4941_ann2646.jpg,prepared_datasets/combined_6class_confusion_cleaned/train/PaperCardboard/IMG_4941_ann2646.jpg,prepared_datasets/combined_6class_confusion_cleaned/train/PaperCardboard/IMG_4941_ann2646.jpg,,,,,,,,
train_PaperCardboard_IMG_5044_ann2515,TACO,cleaned_image_classification,train,PaperCardboard,PaperCardboard,prepared_datasets/combined_6class_confusion_cleaned/train/PaperCardboard/IMG_5044_ann2515.jpg,prepared_datasets/combined_6class_confusion_cleaned/train/PaperCardboard/IMG_5044_ann2515.jpg,prepared_datasets/combined_6class_confusion_cleaned/train/PaperCardboard/IMG_5044_ann2515.jpg,,,,,,,,
train_PaperCardboard_IMG_5064_ann2709,TACO,cleaned_image_classification,train,PaperCardboard,PaperCardboard,prepared_datasets/combined_6class_confusion_cleaned/train/PaperCardboard/IMG_5064_ann2709.jpg,prepared_datasets/combined_6class_confusion_cleaned/train/PaperCardboard/IMG_5064_ann2709.jpg,prepared_datasets/combined_6class_confusion_cleaned/train/PaperCardboard/IMG_5064_ann2709.jpg,,,,,,,,
train_PaperCardboard_IMG_5067_ann2717,TACO,cleaned_image_classification,train,PaperCardboard,PaperCardboard,prepared_datasets/combined_6class_confusion_cleaned/train/PaperCardboard/IMG_5067_ann2717.jpg,prepared_datasets/combined_6class_confusion_cleaned/train/PaperCardboard/IMG_5067_ann2717.jpg,prepared_datasets/combined_6class_confusion_cleaned/train/PaperCardboard/IMG_5067_ann2717.jpg,,,,,,,,
train_PaperCardboard_IMG_5068_ann2719,TACO,cleaned_image_classification,train,PaperCardboard,PaperCardboard,prepared_datasets/combined_6class_confusion_cleaned/train/PaperCardboard/IMG_5068_ann2719.jpg,prepared_datasets/combined_6class_confusion_cleaned/train/PaperCardboard/IMG_5068_ann2719.jpg,prepared_datasets/combined_6class_confusion_cleaned/train/PaperCardboard/IMG_5068_ann2719.jpg,,,,,,,,
train_PaperCardboard_IMG_5068_ann2720,TACO,cleaned_image_classification,train,PaperCardboard,PaperCardboard,prepared_datasets/combined_6class_confusion_cleaned/train/PaperCardboard/IMG_5068_ann2720.jpg,prepared_datasets/combined_6class_confusion_cleaned/train/PaperCardboard/IMG_5068_ann2720.jpg,prepared_datasets/combined_6class_confusion_cleaned/train/PaperCardboard/IMG_5068_ann2720.jpg,,,,,,,,
train_PaperCardboard_IMG_5068_ann2722,TACO,cleaned_image_classification,train,PaperCardboard,PaperCardboard,prepared_datasets/combined_6class_confusion_cleaned/train/PaperCardboard/IMG_5068_ann2722.jpg,prepared_datasets/combined_6class_confusion_cleaned/train/PaperCardboard/IMG_5068_ann2722.jpg,prepared_datasets/combined_6class_confusion_cleaned/train/PaperCardboard/IMG_5068_ann2722.jpg,,,,,,,,
train_PaperCardboard_IMG_5068_ann2723,TACO,cleaned_image_classification,train,PaperCardboard,PaperCardboard,prepared_datasets/combined_6class_confusion_cleaned/train/PaperCardboard/IMG_5068_ann2723.jpg,prepared_datasets/combined_6class_confusion_cleaned/train/PaperCardboard/IMG_5068_ann2723.jpg,prepared_datasets/combined_6class_confusion_cleaned/train/PaperCardboard/IMG_5068_ann2723.jpg,,,,,,,,
train_PaperCardboard_IMG_5068_ann2724,TACO,cleaned_image_classification,train,PaperCardboard,PaperCardboard,prepared_datasets/combined_6class_confusion_cleaned/train/PaperCardboard/IMG_5068_ann2724.jpg,prepared_datasets/combined_6class_confusion_cleaned/train/PaperCardboard/IMG_5068_ann2724.jpg,prepared_datasets/combined_6class_confusion_cleaned/train/PaperCardboard/IMG_5068_ann2724.jpg,,,,,,,,
train_PaperCardboard_IMG_5068_ann2725,TACO,cleaned_image_classification,train,PaperCardboard,PaperCardboard,prepared_datasets/combined_6class_confusion_cleaned/train/PaperCardboard/IMG_5068_ann2725.jpg,prepared_datasets/combined_6class_confusion_cleaned/train/PaperCardboard/IMG_5068_ann2725.jpg,prepared_datasets/combined_6class_confusion_cleaned/train/PaperCardboard/IMG_5068_ann2725.jpg,,,,,,,,
train_PaperCardboard_paper101,TrashNet,cleaned_image_classification,train,PaperCardboard,PaperCardboard,prepared_datasets/combined_6class_confusion_cleaned/train/PaperCardboard/paper101.jpg,prepared_datasets/combined_6class_confusion_cleaned/train/PaperCardboard/paper101.jpg,prepared_datasets/combined_6class_confusion_cleaned/train/PaperCardboard/paper101.jpg,,,,,,,,
train_PaperCardboard_paper102,TrashNet,cleaned_image_classification,train,PaperCardboard,PaperCardboard,prepared_datasets/combined_6class_confusion_cleaned/train/PaperCardboard/paper102.jpg,prepared_datasets/combined_6class_confusion_cleaned/train/PaperCardboard/paper102.jpg,prepared_datasets/combined_6class_confusion_cleaned/train/PaperCardboard/paper102.jpg,,,,,,,,
train_PaperCardboard_paper103,TrashNet,cleaned_image_classification,train,PaperCardboard,PaperCardboard,prepared_datasets/combined_6class_confusion_cleaned/train/PaperCardboard/paper103.jpg,prepared_datasets/combined_6class_confusion_cleaned/train/PaperCardboard/paper103.jpg,prepared_datasets/combined_6class_confusion_cleaned/train/PaperCardboard/paper103.jpg,,,,,,,,
train_PaperCardboard_paper104,TrashNet,cleaned_image_classification,train,PaperCardboard,PaperCardboard,prepared_datasets/combined_6class_confusion_cleaned/train/PaperCardboard/paper104.jpg,prepared_datasets/combined_6class_confusion_cleaned/train/PaperCardboard/paper104.jpg,prepared_datasets/combined_6class_confusion_cleaned/train/PaperCardboard/paper104.jpg,,,,,,,,
train_PaperCardboard_paper105,TrashNet,cleaned_image_classification,train,PaperCardboard,PaperCardboard,prepared_datasets/combined_6class_confusion_cleaned/train/PaperCardboard/paper105.jpg,prepared_datasets/combined_6class_confusion_cleaned/train/PaperCardboard/paper105.jpg,prepared_datasets/combined_6class_confusion_cleaned/train/PaperCardboard/paper105.jpg,,,,,,,,
train_PaperCardboard_paper106,TrashNet,cleaned_image_classification,train,PaperCardboard,PaperCardboard,prepared_datasets/combined_6class_confusion_cleaned/train/PaperCardboard/paper106.jpg,prepared_datasets/combined_6class_confusion_cleaned/train/PaperCardboard/paper106.jpg,prepared_datasets/combined_6class_confusion_cleaned/train/PaperCardboard/paper106.jpg,,,,,,,,
train_PaperCardboard_paper107,TrashNet,cleaned_image_classification,train,PaperCardboard,PaperCardboard,prepared_datasets/combined_6class_confusion_cleaned/train/PaperCardboard/paper107.jpg,prepared_datasets/combined_6class_confusion_cleaned/train/PaperCardboard/paper107.jpg,prepared_datasets/combined_6class_confusion_cleaned/train/PaperCardboard/paper107.jpg,,,,,,,,
train_PaperCardboard_paper108,TrashNet,cleaned_image_classification,train,PaperCardboard,PaperCardboard,prepared_datasets/combined_6class_confusion_cleaned/train/PaperCardboard/paper108.jpg,prepared_datasets/combined_6class_confusion_cleaned/train/PaperCardboard/paper108.jpg,prepared_datasets/combined_6class_confusion_cleaned/train/PaperCardboard/paper108.jpg,,,,,,,,
train_PaperCardboard_paper109,TrashNet,cleaned_image_classification,train,PaperCardboard,PaperCardboard,prepared_datasets/combined_6class_confusion_cleaned/train/PaperCardboard/paper109.jpg,prepared_datasets/combined_6class_confusion_cleaned/train/PaperCardboard/paper109.jpg,prepared_datasets/combined_6class_confusion_cleaned/train/PaperCardboard/paper109.jpg,,,,,,,,
train_PaperCardboard_paper110,TrashNet,cleaned_image_classification,train,PaperCardboard,PaperCardboard,prepared_datasets/combined_6class_confusion_cleaned/train/PaperCardboard/paper110.jpg,prepared_datasets/combined_6class_confusion_cleaned/train/PaperCardboard/paper110.jpg,prepared_datasets/combined_6class_confusion_cleaned/train/PaperCardboard/paper110.jpg,,,,,,,,
train_PaperCardboard_paper113,TrashNet,cleaned_image_classification,train,PaperCardboard,PaperCardboard,prepared_datasets/combined_6class_confusion_cleaned/train/PaperCardboard/paper113.jpg,prepared_datasets/combined_6class_confusion_cleaned/train/PaperCardboard/paper113.jpg,prepared_datasets/combined_6class_confusion_cleaned/train/PaperCardboard/paper113.jpg,,,,,,,,
train_PaperCardboard_paper114,TrashNet,cleaned_image_classification,train,PaperCardboard,PaperCardboard,prepared_datasets/combined_6class_confusion_cleaned/train/PaperCardboard/paper114.jpg,prepared_datasets/combined_6class_confusion_cleaned/train/PaperCardboard/paper114.jpg,prepared_datasets/combined_6class_confusion_cleaned/train/PaperCardboard/paper114.jpg,,,,,,,,
train_PaperCardboard_paper115,TrashNet,cleaned_image_classification,train,PaperCardboard,PaperCardboard,prepared_datasets/combined_6class_confusion_cleaned/train/PaperCardboard/paper115.jpg,prepared_datasets/combined_6class_confusion_cleaned/train/PaperCardboard/paper115.jpg,prepared_datasets/combined_6class_confusion_cleaned/train/PaperCardboard/paper115.jpg,,,,,,,,
train_PaperCardboard_paper116,TrashNet,cleaned_image_classification,train,PaperCardboard,PaperCardboard,prepared_datasets/combined_6class_confusion_cleaned/train/PaperCardboard/paper116.jpg,prepared_datasets/combined_6class_confusion_cleaned/train/PaperCardboard/paper116.jpg,prepared_datasets/combined_6class_confusion_cleaned/train/PaperCardboard/paper116.jpg,,,,,,,,
train_PaperCardboard_paper117,TrashNet,cleaned_image_classification,train,PaperCardboard,PaperCardboard,prepared_datasets/combined_6class_confusion_cleaned/train/PaperCardboard/paper117.jpg,prepared_datasets/combined_6class_confusion_cleaned/train/PaperCardboard/paper117.jpg,prepared_datasets/combined_6class_confusion_cleaned/train/PaperCardboard/paper117.jpg,,,,,,,,
train_PaperCardboard_paper119,TrashNet,cleaned_image_classification,train,PaperCardboard,PaperCardboard,prepared_datasets/combined_6class_confusion_cleaned/train/PaperCardboard/paper119.jpg,prepared_datasets/combined_6class_confusion_cleaned/train/PaperCardboard/paper119.jpg,prepared_datasets/combined_6class_confusion_cleaned/train/PaperCardboard/paper119.jpg,,,,,,,,
train_PaperCardboard_paper12,TrashNet,cleaned_image_classification,train,PaperCardboard,PaperCardboard,prepared_datasets/combined_6class_confusion_cleaned/train/PaperCardboard/paper12.jpg,prepared_datasets/combined_6class_confusion_cleaned/train/PaperCardboard/paper12.jpg,prepared_datasets/combined_6class_confusion_cleaned/train/PaperCardboard/paper12.jpg,,,,,,,,
train_PaperCardboard_paper121,TrashNet,cleaned_image_classification,train,PaperCardboard,PaperCardboard,prepared_datasets/combined_6class_confusion_cleaned/train/PaperCardboard/paper121.jpg,prepared_datasets/combined_6class_confusion_cleaned/train/PaperCardboard/paper121.jpg,prepared_datasets/combined_6class_confusion_cleaned/train/PaperCardboard/paper121.jpg,,,,,,,,
train_PaperCardboard_paper123,TrashNet,cleaned_image_classification,train,PaperCardboard,PaperCardboard,prepared_datasets/combined_6class_confusion_cleaned/train/PaperCardboard/paper123.jpg,prepared_datasets/combined_6class_confusion_cleaned/train/PaperCardboard/paper123.jpg,prepared_datasets/combined_6class_confusion_cleaned/train/PaperCardboard/paper123.jpg,,,,,,,,
train_PaperCardboard_paper124,TrashNet,cleaned_image_classification,train,PaperCardboard,PaperCardboard,prepared_datasets/combined_6class_confusion_cleaned/train/PaperCardboard/paper124.jpg,prepared_datasets/combined_6class_confusion_cleaned/train/PaperCardboard/paper124.jpg,prepared_datasets/combined_6class_confusion_cleaned/train/PaperCardboard/paper124.jpg,,,,,,,,
train_PaperCardboard_paper126,TrashNet,cleaned_image_classification,train,PaperCardboard,PaperCardboard,prepared_datasets/combined_6class_confusion_cleaned/train/PaperCardboard/paper126.jpg,prepared_datasets/combined_6class_confusion_cleaned/train/PaperCardboard/paper126.jpg,prepared_datasets/combined_6class_confusion_cleaned/train/PaperCardboard/paper126.jpg,,,,,,,,
train_PaperCardboard_paper127,TrashNet,cleaned_image_classification,train,PaperCardboard,PaperCardboard,prepared_datasets/combined_6class_confusion_cleaned/train/PaperCardboard/paper127.jpg,prepared_datasets/combined_6class_confusion_cleaned/train/PaperCardboard/paper127.jpg,prepared_datasets/combined_6class_confusion_cleaned/train/PaperCardboard/paper127.jpg,,,,,,,,
train_PaperCardboard_paper128,TrashNet,cleaned_image_classification,train,PaperCardboard,PaperCardboard,prepared_datasets/combined_6class_confusion_cleaned/train/PaperCardboard/paper128.jpg,prepared_datasets/combined_6class_confusion_cleaned/train/PaperCardboard/paper128.jpg,prepared_datasets/combined_6class_confusion_cleaned/train/PaperCardboard/paper128.jpg,,,,,,,,
train_PaperCardboard_paper129,TrashNet,cleaned_image_classification,train,PaperCardboard,PaperCardboard,prepared_datasets/combined_6class_confusion_cleaned/train/PaperCardboard/paper129.jpg,prepared_datasets/combined_6class_confusion_cleaned/train/PaperCardboard/paper129.jpg,prepared_datasets/combined_6class_confusion_cleaned/train/PaperCardboard/paper129.jpg,,,,,,,,
train_PaperCardboard_paper13,TrashNet,cleaned_image_classification,train,PaperCardboard,PaperCardboard,prepared_datasets/combined_6class_confusion_cleaned/train/PaperCardboard/paper13.jpg,prepared_datasets/combined_6class_confusion_cleaned/train/PaperCardboard/paper13.jpg,prepared_datasets/combined_6class_confusion_cleaned/train/PaperCardboard/paper13.jpg,,,,,,,,
train_PaperCardboard_paper130,TrashNet,cleaned_image_classification,train,PaperCardboard,PaperCardboard,prepared_datasets/combined_6class_confusion_cleaned/train/PaperCardboard/paper130.jpg,prepared_datasets/combined_6class_confusion_cleaned/train/PaperCardboard/paper130.jpg,prepared_datasets/combined_6class_confusion_cleaned/train/PaperCardboard/paper130.jpg,,,,,,,,
train_PaperCardboard_paper133,TrashNet,cleaned_image_classification,train,PaperCardboard,PaperCardboard,prepared_datasets/combined_6class_confusion_cleaned/train/PaperCardboard/paper133.jpg,prepared_datasets/combined_6class_confusion_cleaned/train/PaperCardboard/paper133.jpg,prepared_datasets/combined_6class_confusion_cleaned/train/PaperCardboard/paper133.jpg,,,,,,,,
train_PaperCardboard_paper134,TrashNet,cleaned_image_classification,train,PaperCardboard,PaperCardboard,prepared_datasets/combined_6class_confusion_cleaned/train/PaperCardboard/paper134.jpg,prepared_datasets/combined_6class_confusion_cleaned/train/PaperCardboard/paper134.jpg,prepared_datasets/combined_6class_confusion_cleaned/train/PaperCardboard/paper134.jpg,,,,,,,,
train_PaperCardboard_paper137,TrashNet,cleaned_image_classification,train,PaperCardboard,PaperCardboard,prepared_datasets/combined_6class_confusion_cleaned/train/PaperCardboard/paper137.jpg,prepared_datasets/combined_6class_confusion_cleaned/train/PaperCardboard/paper137.jpg,prepared_datasets/combined_6class_confusion_cleaned/train/PaperCardboard/paper137.jpg,,,,,,,,
train_PaperCardboard_paper138,TrashNet,cleaned_image_classification,train,PaperCardboard,PaperCardboard,prepared_datasets/combined_6class_confusion_cleaned/train/PaperCardboard/paper138.jpg,prepared_datasets/combined_6class_confusion_cleaned/train/PaperCardboard/paper138.jpg,prepared_datasets/combined_6class_confusion_cleaned/train/PaperCardboard/paper138.jpg,,,,,,,,
train_PaperCardboard_paper14,TrashNet,cleaned_image_classification,train,PaperCardboard,PaperCardboard,prepared_datasets/combined_6class_confusion_cleaned/train/PaperCardboard/paper14.jpg,prepared_datasets/combined_6class_confusion_cleaned/train/PaperCardboard/paper14.jpg,prepared_datasets/combined_6class_confusion_cleaned/train/PaperCardboard/paper14.jpg,,,,,,,,
train_PaperCardboard_paper140,TrashNet,cleaned_image_classification,train,PaperCardboard,PaperCardboard,prepared_datasets/combined_6class_confusion_cleaned/train/PaperCardboard/paper140.jpg,prepared_datasets/combined_6class_confusion_cleaned/train/PaperCardboard/paper140.jpg,prepared_datasets/combined_6class_confusion_cleaned/train/PaperCardboard/paper140.jpg,,,,,,,,
train_PaperCardboard_paper142,TrashNet,cleaned_image_classification,train,PaperCardboard,PaperCardboard,prepared_datasets/combined_6class_confusion_cleaned/train/PaperCardboard/paper142.jpg,prepared_datasets/combined_6class_confusion_cleaned/train/PaperCardboard/paper142.jpg,prepared_datasets/combined_6class_confusion_cleaned/train/PaperCardboard/paper142.jpg,,,,,,,,
train_PaperCardboard_paper143,TrashNet,cleaned_image_classification,train,PaperCardboard,PaperCardboard,prepared_datasets/combined_6class_confusion_cleaned/train/PaperCardboard/paper143.jpg,prepared_datasets/combined_6class_confusion_cleaned/train/PaperCardboard/paper143.jpg,prepared_datasets/combined_6class_confusion_cleaned/train/PaperCardboard/paper143.jpg,,,,,,,,
train_PaperCardboard_paper144,TrashNet,cleaned_image_classification,train,PaperCardboard,PaperCardboard,prepared_datasets/combined_6class_confusion_cleaned/train/PaperCardboard/paper144.jpg,prepared_datasets/combined_6class_confusion_cleaned/train/PaperCardboard/paper144.jpg,prepared_datasets/combined_6class_confusion_cleaned/train/PaperCardboard/paper144.jpg,,,,,,,,
train_PaperCardboard_paper145,TrashNet,cleaned_image_classification,train,PaperCardboard,PaperCardboard,prepared_datasets/combined_6class_confusion_cleaned/train/PaperCardboard/paper145.jpg,prepared_datasets/combined_6class_confusion_cleaned/train/PaperCardboard/paper145.jpg,prepared_datasets/combined_6class_confusion_cleaned/train/PaperCardboard/paper145.jpg,,,,,,,,
train_PaperCardboard_paper147,TrashNet,cleaned_image_classification,train,PaperCardboard,PaperCardboard,prepared_datasets/combined_6class_confusion_cleaned/train/PaperCardboard/paper147.jpg,prepared_datasets/combined_6class_confusion_cleaned/train/PaperCardboard/paper147.jpg,prepared_datasets/combined_6class_confusion_cleaned/train/PaperCardboard/paper147.jpg,,,,,,,,
train_PaperCardboard_paper15,TrashNet,cleaned_image_classification,train,PaperCardboard,PaperCardboard,prepared_datasets/combined_6class_confusion_cleaned/train/PaperCardboard/paper15.jpg,prepared_datasets/combined_6class_confusion_cleaned/train/PaperCardboard/paper15.jpg,prepared_datasets/combined_6class_confusion_cleaned/train/PaperCardboard/paper15.jpg,,,,,,,,
train_PaperCardboard_paper152,TrashNet,cleaned_image_classification,train,PaperCardboard,PaperCardboard,prepared_datasets/combined_6class_confusion_cleaned/train/PaperCardboard/paper152.jpg,prepared_datasets/combined_6class_confusion_cleaned/train/PaperCardboard/paper152.jpg,prepared_datasets/combined_6class_confusion_cleaned/train/PaperCardboard/paper152.jpg,,,,,,,,
train_PaperCardboard_paper153,TrashNet,cleaned_image_classification,train,PaperCardboard,PaperCardboard,prepared_datasets/combined_6class_confusion_cleaned/train/PaperCardboard/paper153.jpg,prepared_datasets/combined_6class_confusion_cleaned/train/PaperCardboard/paper153.jpg,prepared_datasets/combined_6class_confusion_cleaned/train/PaperCardboard/paper153.jpg,,,,,,,,
train_PaperCardboard_paper155,TrashNet,cleaned_image_classification,train,PaperCardboard,PaperCardboard,prepared_datasets/combined_6class_confusion_cleaned/train/PaperCardboard/paper155.jpg,prepared_datasets/combined_6class_confusion_cleaned/train/PaperCardboard/paper155.jpg,prepared_datasets/combined_6class_confusion_cleaned/train/PaperCardboard/paper155.jpg,,,,,,,,
train_PaperCardboard_paper156,TrashNet,cleaned_image_classification,train,PaperCardboard,PaperCardboard,prepared_datasets/combined_6class_confusion_cleaned/train/PaperCardboard/paper156.jpg,prepared_datasets/combined_6class_confusion_cleaned/train/PaperCardboard/paper156.jpg,prepared_datasets/combined_6class_confusion_cleaned/train/PaperCardboard/paper156.jpg,,,,,,,,
train_PaperCardboard_paper157,TrashNet,cleaned_image_classification,train,PaperCardboard,PaperCardboard,prepared_datasets/combined_6class_confusion_cleaned/train/PaperCardboard/paper157.jpg,prepared_datasets/combined_6class_confusion_cleaned/train/PaperCardboard/paper157.jpg,prepared_datasets/combined_6class_confusion_cleaned/train/PaperCardboard/paper157.jpg,,,,,,,,
train_PaperCardboard_paper158,TrashNet,cleaned_image_classification,train,PaperCardboard,PaperCardboard,prepared_datasets/combined_6class_confusion_cleaned/train/PaperCardboard/paper158.jpg,prepared_datasets/combined_6class_confusion_cleaned/train/PaperCardboard/paper158.jpg,prepared_datasets/combined_6class_confusion_cleaned/train/PaperCardboard/paper158.jpg,,,,,,,,
train_PaperCardboard_paper159,TrashNet,cleaned_image_classification,train,PaperCardboard,PaperCardboard,prepared_datasets/combined_6class_confusion_cleaned/train/PaperCardboard/paper159.jpg,prepared_datasets/combined_6class_confusion_cleaned/train/PaperCardboard/paper159.jpg,prepared_datasets/combined_6class_confusion_cleaned/train/PaperCardboard/paper159.jpg,,,,,,,,
train_PaperCardboard_paper16,TrashNet,cleaned_image_classification,train,PaperCardboard,PaperCardboard,prepared_datasets/combined_6class_confusion_cleaned/train/PaperCardboard/paper16.jpg,prepared_datasets/combined_6class_confusion_cleaned/train/PaperCardboard/paper16.jpg,prepared_datasets/combined_6class_confusion_cleaned/train/PaperCardboard/paper16.jpg,,,,,,,,
train_PaperCardboard_paper160,TrashNet,cleaned_image_classification,train,PaperCardboard,PaperCardboard,prepared_datasets/combined_6class_confusion_cleaned/train/PaperCardboard/paper160.jpg,prepared_datasets/combined_6class_confusion_cleaned/train/PaperCardboard/paper160.jpg,prepared_datasets/combined_6class_confusion_cleaned/train/PaperCardboard/paper160.jpg,,,,,,,,
train_PaperCardboard_paper161,TrashNet,cleaned_image_classification,train,PaperCardboard,PaperCardboard,prepared_datasets/combined_6class_confusion_cleaned/train/PaperCardboard/paper161.jpg,prepared_datasets/combined_6class_confusion_cleaned/train/PaperCardboard/paper161.jpg,prepared_datasets/combined_6class_confusion_cleaned/train/PaperCardboard/paper161.jpg,,,,,,,,
train_PaperCardboard_paper166,TrashNet,cleaned_image_classification,train,PaperCardboard,PaperCardboard,prepared_datasets/combined_6class_confusion_cleaned/train/PaperCardboard/paper166.jpg,prepared_datasets/combined_6class_confusion_cleaned/train/PaperCardboard/paper166.jpg,prepared_datasets/combined_6class_confusion_cleaned/train/PaperCardboard/paper166.jpg,,,,,,,,
train_PaperCardboard_paper167,TrashNet,cleaned_image_classification,train,PaperCardboard,PaperCardboard,prepared_datasets/combined_6class_confusion_cleaned/train/PaperCardboard/paper167.jpg,prepared_datasets/combined_6class_confusion_cleaned/train/PaperCardboard/paper167.jpg,prepared_datasets/combined_6class_confusion_cleaned/train/PaperCardboard/paper167.jpg,,,,,,,,
train_PaperCardboard_paper17,TrashNet,cleaned_image_classification,train,PaperCardboard,PaperCardboard,prepared_datasets/combined_6class_confusion_cleaned/train/PaperCardboard/paper17.jpg,prepared_datasets/combined_6class_confusion_cleaned/train/PaperCardboard/paper17.jpg,prepared_datasets/combined_6class_confusion_cleaned/train/PaperCardboard/paper17.jpg,,,,,,,,
train_PaperCardboard_paper172,TrashNet,cleaned_image_classification,train,PaperCardboard,PaperCardboard,prepared_datasets/combined_6class_confusion_cleaned/train/PaperCardboard/paper172.jpg,prepared_datasets/combined_6class_confusion_cleaned/train/PaperCardboard/paper172.jpg,prepared_datasets/combined_6class_confusion_cleaned/train/PaperCardboard/paper172.jpg,,,,,,,,
train_PaperCardboard_paper174,TrashNet,cleaned_image_classification,train,PaperCardboard,PaperCardboard,prepared_datasets/combined_6class_confusion_cleaned/train/PaperCardboard/paper174.jpg,prepared_datasets/combined_6class_confusion_cleaned/train/PaperCardboard/paper174.jpg,prepared_datasets/combined_6class_confusion_cleaned/train/PaperCardboard/paper174.jpg,,,,,,,,
train_PaperCardboard_paper175,TrashNet,cleaned_image_classification,train,PaperCardboard,PaperCardboard,prepared_datasets/combined_6class_confusion_cleaned/train/PaperCardboard/paper175.jpg,prepared_datasets/combined_6class_confusion_cleaned/train/PaperCardboard/paper175.jpg,prepared_datasets/combined_6class_confusion_cleaned/train/PaperCardboard/paper175.jpg,,,,,,,,
train_PaperCardboard_paper176,TrashNet,cleaned_image_classification,train,PaperCardboard,PaperCardboard,prepared_datasets/combined_6class_confusion_cleaned/train/PaperCardboard/paper176.jpg,prepared_datasets/combined_6class_confusion_cleaned/train/PaperCardboard/paper176.jpg,prepared_datasets/combined_6class_confusion_cleaned/train/PaperCardboard/paper176.jpg,,,,,,,,
train_PaperCardboard_paper177,TrashNet,cleaned_image_classification,train,PaperCardboard,PaperCardboard,prepared_datasets/combined_6class_confusion_cleaned/train/PaperCardboard/paper177.jpg,prepared_datasets/combined_6class_confusion_cleaned/train/PaperCardboard/paper177.jpg,prepared_datasets/combined_6class_confusion_cleaned/train/PaperCardboard/paper177.jpg,,,,,,,,
train_PaperCardboard_paper178,TrashNet,cleaned_image_classification,train,PaperCardboard,PaperCardboard,prepared_datasets/combined_6class_confusion_cleaned/train/PaperCardboard/paper178.jpg,prepared_datasets/combined_6class_confusion_cleaned/train/PaperCardboard/paper178.jpg,prepared_datasets/combined_6class_confusion_cleaned/train/PaperCardboard/paper178.jpg,,,,,,,,
train_PaperCardboard_paper179,TrashNet,cleaned_image_classification,train,PaperCardboard,PaperCardboard,prepared_datasets/combined_6class_confusion_cleaned/train/PaperCardboard/paper179.jpg,prepared_datasets/combined_6class_confusion_cleaned/train/PaperCardboard/paper179.jpg,prepared_datasets/combined_6class_confusion_cleaned/train/PaperCardboard/paper179.jpg,,,,,,,,
train_PaperCardboard_paper181,TrashNet,cleaned_image_classification,train,PaperCardboard,PaperCardboard,prepared_datasets/combined_6class_confusion_cleaned/train/PaperCardboard/paper181.jpg,prepared_datasets/combined_6class_confusion_cleaned/train/PaperCardboard/paper181.jpg,prepared_datasets/combined_6class_confusion_cleaned/train/PaperCardboard/paper181.jpg,,,,,,,,
train_PaperCardboard_paper184,TrashNet,cleaned_image_classification,train,PaperCardboard,PaperCardboard,prepared_datasets/combined_6class_confusion_cleaned/train/PaperCardboard/paper184.jpg,prepared_datasets/combined_6class_confusion_cleaned/train/PaperCardboard/paper184.jpg,prepared_datasets/combined_6class_confusion_cleaned/train/PaperCardboard/paper184.jpg,,,,,,,,
train_PaperCardboard_paper186,TrashNet,cleaned_image_classification,train,PaperCardboard,PaperCardboard,prepared_datasets/combined_6class_confusion_cleaned/train/PaperCardboard/paper186.jpg,prepared_datasets/combined_6class_confusion_cleaned/train/PaperCardboard/paper186.jpg,prepared_datasets/combined_6class_confusion_cleaned/train/PaperCardboard/paper186.jpg,,,,,,,,
train_PaperCardboard_paper187,TrashNet,cleaned_image_classification,train,PaperCardboard,PaperCardboard,prepared_datasets/combined_6class_confusion_cleaned/train/PaperCardboard/paper187.jpg,prepared_datasets/combined_6class_confusion_cleaned/train/PaperCardboard/paper187.jpg,prepared_datasets/combined_6class_confusion_cleaned/train/PaperCardboard/paper187.jpg,,,,,,,,
train_PaperCardboard_paper188,TrashNet,cleaned_image_classification,train,PaperCardboard,PaperCardboard,prepared_datasets/combined_6class_confusion_cleaned/train/PaperCardboard/paper188.jpg,prepared_datasets/combined_6class_confusion_cleaned/train/PaperCardboard/paper188.jpg,prepared_datasets/combined_6class_confusion_cleaned/train/PaperCardboard/paper188.jpg,,,,,,,,
train_PaperCardboard_paper189,TrashNet,cleaned_image_classification,train,PaperCardboard,PaperCardboard,prepared_datasets/combined_6class_confusion_cleaned/train/PaperCardboard/paper189.jpg,prepared_datasets/combined_6class_confusion_cleaned/train/PaperCardboard/paper189.jpg,prepared_datasets/combined_6class_confusion_cleaned/train/PaperCardboard/paper189.jpg,,,,,,,,
train_PaperCardboard_paper190,TrashNet,cleaned_image_classification,train,PaperCardboard,PaperCardboard,prepared_datasets/combined_6class_confusion_cleaned/train/PaperCardboard/paper190.jpg,prepared_datasets/combined_6class_confusion_cleaned/train/PaperCardboard/paper190.jpg,prepared_datasets/combined_6class_confusion_cleaned/train/PaperCardboard/paper190.jpg,,,,,,,,
train_PaperCardboard_paper192,TrashNet,cleaned_image_classification,train,PaperCardboard,PaperCardboard,prepared_datasets/combined_6class_confusion_cleaned/train/PaperCardboard/paper192.jpg,prepared_datasets/combined_6class_confusion_cleaned/train/PaperCardboard/paper192.jpg,prepared_datasets/combined_6class_confusion_cleaned/train/PaperCardboard/paper192.jpg,,,,,,,,
train_PaperCardboard_paper193,TrashNet,cleaned_image_classification,train,PaperCardboard,PaperCardboard,prepared_datasets/combined_6class_confusion_cleaned/train/PaperCardboard/paper193.jpg,prepared_datasets/combined_6class_confusion_cleaned/train/PaperCardboard/paper193.jpg,prepared_datasets/combined_6class_confusion_cleaned/train/PaperCardboard/paper193.jpg,,,,,,,,
train_PaperCardboard_paper194,TrashNet,cleaned_image_classification,train,PaperCardboard,PaperCardboard,prepared_datasets/combined_6class_confusion_cleaned/train/PaperCardboard/paper194.jpg,prepared_datasets/combined_6class_confusion_cleaned/train/PaperCardboard/paper194.jpg,prepared_datasets/combined_6class_confusion_cleaned/train/PaperCardboard/paper194.jpg,,,,,,,,
train_PaperCardboard_paper195,TrashNet,cleaned_image_classification,train,PaperCardboard,PaperCardboard,prepared_datasets/combined_6class_confusion_cleaned/train/PaperCardboard/paper195.jpg,prepared_datasets/combined_6class_confusion_cleaned/train/PaperCardboard/paper195.jpg,prepared_datasets/combined_6class_confusion_cleaned/train/PaperCardboard/paper195.jpg,,,,,,,,
train_PaperCardboard_paper197,TrashNet,cleaned_image_classification,train,PaperCardboard,PaperCardboard,prepared_datasets/combined_6class_confusion_cleaned/train/PaperCardboard/paper197.jpg,prepared_datasets/combined_6class_confusion_cleaned/train/PaperCardboard/paper197.jpg,prepared_datasets/combined_6class_confusion_cleaned/train/PaperCardboard/paper197.jpg,,,,,,,,
train_PaperCardboard_paper198,TrashNet,cleaned_image_classification,train,PaperCardboard,PaperCardboard,prepared_datasets/combined_6class_confusion_cleaned/train/PaperCardboard/paper198.jpg,prepared_datasets/combined_6class_confusion_cleaned/train/PaperCardboard/paper198.jpg,prepared_datasets/combined_6class_confusion_cleaned/train/PaperCardboard/paper198.jpg,,,,,,,,
train_PaperCardboard_paper199,TrashNet,cleaned_image_classification,train,PaperCardboard,PaperCardboard,prepared_datasets/combined_6class_confusion_cleaned/train/PaperCardboard/paper199.jpg,prepared_datasets/combined_6class_confusion_cleaned/train/PaperCardboard/paper199.jpg,prepared_datasets/combined_6class_confusion_cleaned/train/PaperCardboard/paper199.jpg,,,,,,,,
train_PaperCardboard_paper2,TrashNet,cleaned_image_classification,train,PaperCardboard,PaperCardboard,prepared_datasets/combined_6class_confusion_cleaned/train/PaperCardboard/paper2.jpg,prepared_datasets/combined_6class_confusion_cleaned/train/PaperCardboard/paper2.jpg,prepared_datasets/combined_6class_confusion_cleaned/train/PaperCardboard/paper2.jpg,,,,,,,,
train_PaperCardboard_paper20,TrashNet,cleaned_image_classification,train,PaperCardboard,PaperCardboard,prepared_datasets/combined_6class_confusion_cleaned/train/PaperCardboard/paper20.jpg,prepared_datasets/combined_6class_confusion_cleaned/train/PaperCardboard/paper20.jpg,prepared_datasets/combined_6class_confusion_cleaned/train/PaperCardboard/paper20.jpg,,,,,,,,
train_PaperCardboard_paper206,TrashNet,cleaned_image_classification,train,PaperCardboard,PaperCardboard,prepared_datasets/combined_6class_confusion_cleaned/train/PaperCardboard/paper206.jpg,prepared_datasets/combined_6class_confusion_cleaned/train/PaperCardboard/paper206.jpg,prepared_datasets/combined_6class_confusion_cleaned/train/PaperCardboard/paper206.jpg,,,,,,,,
train_PaperCardboard_paper208,TrashNet,cleaned_image_classification,train,PaperCardboard,PaperCardboard,prepared_datasets/combined_6class_confusion_cleaned/train/PaperCardboard/paper208.jpg,prepared_datasets/combined_6class_confusion_cleaned/train/PaperCardboard/paper208.jpg,prepared_datasets/combined_6class_confusion_cleaned/train/PaperCardboard/paper208.jpg,,,,,,,,
train_PaperCardboard_paper209,TrashNet,cleaned_image_classification,train,PaperCardboard,PaperCardboard,prepared_datasets/combined_6class_confusion_cleaned/train/PaperCardboard/paper209.jpg,prepared_datasets/combined_6class_confusion_cleaned/train/PaperCardboard/paper209.jpg,prepared_datasets/combined_6class_confusion_cleaned/train/PaperCardboard/paper209.jpg,,,,,,,,
train_PaperCardboard_paper21,TrashNet,cleaned_image_classification,train,PaperCardboard,PaperCardboard,prepared_datasets/combined_6class_confusion_cleaned/train/PaperCardboard/paper21.jpg,prepared_datasets/combined_6class_confusion_cleaned/train/PaperCardboard/paper21.jpg,prepared_datasets/combined_6class_confusion_cleaned/train/PaperCardboard/paper21.jpg,,,,,,,,
train_PaperCardboard_paper211,TrashNet,cleaned_image_classification,train,PaperCardboard,PaperCardboard,prepared_datasets/combined_6class_confusion_cleaned/train/PaperCardboard/paper211.jpg,prepared_datasets/combined_6class_confusion_cleaned/train/PaperCardboard/paper211.jpg,prepared_datasets/combined_6class_confusion_cleaned/train/PaperCardboard/paper211.jpg,,,,,,,,
train_PaperCardboard_paper212,TrashNet,cleaned_image_classification,train,PaperCardboard,PaperCardboard,prepared_datasets/combined_6class_confusion_cleaned/train/PaperCardboard/paper212.jpg,prepared_datasets/combined_6class_confusion_cleaned/train/PaperCardboard/paper212.jpg,prepared_datasets/combined_6class_confusion_cleaned/train/PaperCardboard/paper212.jpg,,,,,,,,
train_PaperCardboard_paper214,TrashNet,cleaned_image_classification,train,PaperCardboard,PaperCardboard,prepared_datasets/combined_6class_confusion_cleaned/train/PaperCardboard/paper214.jpg,prepared_datasets/combined_6class_confusion_cleaned/train/PaperCardboard/paper214.jpg,prepared_datasets/combined_6class_confusion_cleaned/train/PaperCardboard/paper214.jpg,,,,,,,,
train_PaperCardboard_paper217,TrashNet,cleaned_image_classification,train,PaperCardboard,PaperCardboard,prepared_datasets/combined_6class_confusion_cleaned/train/PaperCardboard/paper217.jpg,prepared_datasets/combined_6class_confusion_cleaned/train/PaperCardboard/paper217.jpg,prepared_datasets/combined_6class_confusion_cleaned/train/PaperCardboard/paper217.jpg,,,,,,,,
train_PaperCardboard_paper218,TrashNet,cleaned_image_classification,train,PaperCardboard,PaperCardboard,prepared_datasets/combined_6class_confusion_cleaned/train/PaperCardboard/paper218.jpg,prepared_datasets/combined_6class_confusion_cleaned/train/PaperCardboard/paper218.jpg,prepared_datasets/combined_6class_confusion_cleaned/train/PaperCardboard/paper218.jpg,,,,,,,,
train_PaperCardboard_paper219,TrashNet,cleaned_image_classification,train,PaperCardboard,PaperCardboard,prepared_datasets/combined_6class_confusion_cleaned/train/PaperCardboard/paper219.jpg,prepared_datasets/combined_6class_confusion_cleaned/train/PaperCardboard/paper219.jpg,prepared_datasets/combined_6class_confusion_cleaned/train/PaperCardboard/paper219.jpg,,,,,,,,
train_PaperCardboard_paper220,TrashNet,cleaned_image_classification,train,PaperCardboard,PaperCardboard,prepared_datasets/combined_6class_confusion_cleaned/train/PaperCardboard/paper220.jpg,prepared_datasets/combined_6class_confusion_cleaned/train/PaperCardboard/paper220.jpg,prepared_datasets/combined_6class_confusion_cleaned/train/PaperCardboard/paper220.jpg,,,,,,,,
train_PaperCardboard_paper221,TrashNet,cleaned_image_classification,train,PaperCardboard,PaperCardboard,prepared_datasets/combined_6class_confusion_cleaned/train/PaperCardboard/paper221.jpg,prepared_datasets/combined_6class_confusion_cleaned/train/PaperCardboard/paper221.jpg,prepared_datasets/combined_6class_confusion_cleaned/train/PaperCardboard/paper221.jpg,,,,,,,,
train_PaperCardboard_paper222,TrashNet,cleaned_image_classification,train,PaperCardboard,PaperCardboard,prepared_datasets/combined_6class_confusion_cleaned/train/PaperCardboard/paper222.jpg,prepared_datasets/combined_6class_confusion_cleaned/train/PaperCardboard/paper222.jpg,prepared_datasets/combined_6class_confusion_cleaned/train/PaperCardboard/paper222.jpg,,,,,,,,
train_PaperCardboard_paper223,TrashNet,cleaned_image_classification,train,PaperCardboard,PaperCardboard,prepared_datasets/combined_6class_confusion_cleaned/train/PaperCardboard/paper223.jpg,prepared_datasets/combined_6class_confusion_cleaned/train/PaperCardboard/paper223.jpg,prepared_datasets/combined_6class_confusion_cleaned/train/PaperCardboard/paper223.jpg,,,,,,,,
train_PaperCardboard_paper225,TrashNet,cleaned_image_classification,train,PaperCardboard,PaperCardboard,prepared_datasets/combined_6class_confusion_cleaned/train/PaperCardboard/paper225.jpg,prepared_datasets/combined_6class_confusion_cleaned/train/PaperCardboard/paper225.jpg,prepared_datasets/combined_6class_confusion_cleaned/train/PaperCardboard/paper225.jpg,,,,,,,,
train_PaperCardboard_paper227,TrashNet,cleaned_image_classification,train,PaperCardboard,PaperCardboard,prepared_datasets/combined_6class_confusion_cleaned/train/PaperCardboard/paper227.jpg,prepared_datasets/combined_6class_confusion_cleaned/train/PaperCardboard/paper227.jpg,prepared_datasets/combined_6class_confusion_cleaned/train/PaperCardboard/paper227.jpg,,,,,,,,
train_PaperCardboard_paper229,TrashNet,cleaned_image_classification,train,PaperCardboard,PaperCardboard,prepared_datasets/combined_6class_confusion_cleaned/train/PaperCardboard/paper229.jpg,prepared_datasets/combined_6class_confusion_cleaned/train/PaperCardboard/paper229.jpg,prepared_datasets/combined_6class_confusion_cleaned/train/PaperCardboard/paper229.jpg,,,,,,,,
train_PaperCardboard_paper230,TrashNet,cleaned_image_classification,train,PaperCardboard,PaperCardboard,prepared_datasets/combined_6class_confusion_cleaned/train/PaperCardboard/paper230.jpg,prepared_datasets/combined_6class_confusion_cleaned/train/PaperCardboard/paper230.jpg,prepared_datasets/combined_6class_confusion_cleaned/train/PaperCardboard/paper230.jpg,,,,,,,,
train_PaperCardboard_paper237,TrashNet,cleaned_image_classification,train,PaperCardboard,PaperCardboard,prepared_datasets/combined_6class_confusion_cleaned/train/PaperCardboard/paper237.jpg,prepared_datasets/combined_6class_confusion_cleaned/train/PaperCardboard/paper237.jpg,prepared_datasets/combined_6class_confusion_cleaned/train/PaperCardboard/paper237.jpg,,,,,,,,
train_PaperCardboard_paper238,TrashNet,cleaned_image_classification,train,PaperCardboard,PaperCardboard,prepared_datasets/combined_6class_confusion_cleaned/train/PaperCardboard/paper238.jpg,prepared_datasets/combined_6class_confusion_cleaned/train/PaperCardboard/paper238.jpg,prepared_datasets/combined_6class_confusion_cleaned/train/PaperCardboard/paper238.jpg,,,,,,,,
train_PaperCardboard_paper24,TrashNet,cleaned_image_classification,train,PaperCardboard,PaperCardboard,prepared_datasets/combined_6class_confusion_cleaned/train/PaperCardboard/paper24.jpg,prepared_datasets/combined_6class_confusion_cleaned/train/PaperCardboard/paper24.jpg,prepared_datasets/combined_6class_confusion_cleaned/train/PaperCardboard/paper24.jpg,,,,,,,,
train_PaperCardboard_paper243,TrashNet,cleaned_image_classification,train,PaperCardboard,PaperCardboard,prepared_datasets/combined_6class_confusion_cleaned/train/PaperCardboard/paper243.jpg,prepared_datasets/combined_6class_confusion_cleaned/train/PaperCardboard/paper243.jpg,prepared_datasets/combined_6class_confusion_cleaned/train/PaperCardboard/paper243.jpg,,,,,,,,
train_PaperCardboard_paper244,TrashNet,cleaned_image_classification,train,PaperCardboard,PaperCardboard,prepared_datasets/combined_6class_confusion_cleaned/train/PaperCardboard/paper244.jpg,prepared_datasets/combined_6class_confusion_cleaned/train/PaperCardboard/paper244.jpg,prepared_datasets/combined_6class_confusion_cleaned/train/PaperCardboard/paper244.jpg,,,,,,,,
train_PaperCardboard_paper246,TrashNet,cleaned_image_classification,train,PaperCardboard,PaperCardboard,prepared_datasets/combined_6class_confusion_cleaned/train/PaperCardboard/paper246.jpg,prepared_datasets/combined_6class_confusion_cleaned/train/PaperCardboard/paper246.jpg,prepared_datasets/combined_6class_confusion_cleaned/train/PaperCardboard/paper246.jpg,,,,,,,,
train_PaperCardboard_paper248,TrashNet,cleaned_image_classification,train,PaperCardboard,PaperCardboard,prepared_datasets/combined_6class_confusion_cleaned/train/PaperCardboard/paper248.jpg,prepared_datasets/combined_6class_confusion_cleaned/train/PaperCardboard/paper248.jpg,prepared_datasets/combined_6class_confusion_cleaned/train/PaperCardboard/paper248.jpg,,,,,,,,
train_PaperCardboard_paper249,TrashNet,cleaned_image_classification,train,PaperCardboard,PaperCardboard,prepared_datasets/combined_6class_confusion_cleaned/train/PaperCardboard/paper249.jpg,prepared_datasets/combined_6class_confusion_cleaned/train/PaperCardboard/paper249.jpg,prepared_datasets/combined_6class_confusion_cleaned/train/PaperCardboard/paper249.jpg,,,,,,,,
train_PaperCardboard_paper25,TrashNet,cleaned_image_classification,train,PaperCardboard,PaperCardboard,prepared_datasets/combined_6class_confusion_cleaned/train/PaperCardboard/paper25.jpg,prepared_datasets/combined_6class_confusion_cleaned/train/PaperCardboard/paper25.jpg,prepared_datasets/combined_6class_confusion_cleaned/train/PaperCardboard/paper25.jpg,,,,,,,,
train_PaperCardboard_paper250,TrashNet,cleaned_image_classification,train,PaperCardboard,PaperCardboard,prepared_datasets/combined_6class_confusion_cleaned/train/PaperCardboard/paper250.jpg,prepared_datasets/combined_6class_confusion_cleaned/train/PaperCardboard/paper250.jpg,prepared_datasets/combined_6class_confusion_cleaned/train/PaperCardboard/paper250.jpg,,,,,,,,
train_PaperCardboard_paper253,TrashNet,cleaned_image_classification,train,PaperCardboard,PaperCardboard,prepared_datasets/combined_6class_confusion_cleaned/train/PaperCardboard/paper253.jpg,prepared_datasets/combined_6class_confusion_cleaned/train/PaperCardboard/paper253.jpg,prepared_datasets/combined_6class_confusion_cleaned/train/PaperCardboard/paper253.jpg,,,,,,,,
train_PaperCardboard_paper254,TrashNet,cleaned_image_classification,train,PaperCardboard,PaperCardboard,prepared_datasets/combined_6class_confusion_cleaned/train/PaperCardboard/paper254.jpg,prepared_datasets/combined_6class_confusion_cleaned/train/PaperCardboard/paper254.jpg,prepared_datasets/combined_6class_confusion_cleaned/train/PaperCardboard/paper254.jpg,,,,,,,,
train_PaperCardboard_paper255,TrashNet,cleaned_image_classification,train,PaperCardboard,PaperCardboard,prepared_datasets/combined_6class_confusion_cleaned/train/PaperCardboard/paper255.jpg,prepared_datasets/combined_6class_confusion_cleaned/train/PaperCardboard/paper255.jpg,prepared_datasets/combined_6class_confusion_cleaned/train/PaperCardboard/paper255.jpg,,,,,,,,
train_PaperCardboard_paper257,TrashNet,cleaned_image_classification,train,PaperCardboard,PaperCardboard,prepared_datasets/combined_6class_confusion_cleaned/train/PaperCardboard/paper257.jpg,prepared_datasets/combined_6class_confusion_cleaned/train/PaperCardboard/paper257.jpg,prepared_datasets/combined_6class_confusion_cleaned/train/PaperCardboard/paper257.jpg,,,,,,,,
train_PaperCardboard_paper258,TrashNet,cleaned_image_classification,train,PaperCardboard,PaperCardboard,prepared_datasets/combined_6class_confusion_cleaned/train/PaperCardboard/paper258.jpg,prepared_datasets/combined_6class_confusion_cleaned/train/PaperCardboard/paper258.jpg,prepared_datasets/combined_6class_confusion_cleaned/train/PaperCardboard/paper258.jpg,,,,,,,,
train_PaperCardboard_paper259,TrashNet,cleaned_image_classification,train,PaperCardboard,PaperCardboard,prepared_datasets/combined_6class_confusion_cleaned/train/PaperCardboard/paper259.jpg,prepared_datasets/combined_6class_confusion_cleaned/train/PaperCardboard/paper259.jpg,prepared_datasets/combined_6class_confusion_cleaned/train/PaperCardboard/paper259.jpg,,,,,,,,
train_PaperCardboard_paper26,TrashNet,cleaned_image_classification,train,PaperCardboard,PaperCardboard,prepared_datasets/combined_6class_confusion_cleaned/train/PaperCardboard/paper26.jpg,prepared_datasets/combined_6class_confusion_cleaned/train/PaperCardboard/paper26.jpg,prepared_datasets/combined_6class_confusion_cleaned/train/PaperCardboard/paper26.jpg,,,,,,,,
train_PaperCardboard_paper261,TrashNet,cleaned_image_classification,train,PaperCardboard,PaperCardboard,prepared_datasets/combined_6class_confusion_cleaned/train/PaperCardboard/paper261.jpg,prepared_datasets/combined_6class_confusion_cleaned/train/PaperCardboard/paper261.jpg,prepared_datasets/combined_6class_confusion_cleaned/train/PaperCardboard/paper261.jpg,,,,,,,,
train_PaperCardboard_paper262,TrashNet,cleaned_image_classification,train,PaperCardboard,PaperCardboard,prepared_datasets/combined_6class_confusion_cleaned/train/PaperCardboard/paper262.jpg,prepared_datasets/combined_6class_confusion_cleaned/train/PaperCardboard/paper262.jpg,prepared_datasets/combined_6class_confusion_cleaned/train/PaperCardboard/paper262.jpg,,,,,,,,
train_PaperCardboard_paper267,TrashNet,cleaned_image_classification,train,PaperCardboard,PaperCardboard,prepared_datasets/combined_6class_confusion_cleaned/train/PaperCardboard/paper267.jpg,prepared_datasets/combined_6class_confusion_cleaned/train/PaperCardboard/paper267.jpg,prepared_datasets/combined_6class_confusion_cleaned/train/PaperCardboard/paper267.jpg,,,,,,,,
train_PaperCardboard_paper268,TrashNet,cleaned_image_classification,train,PaperCardboard,PaperCardboard,prepared_datasets/combined_6class_confusion_cleaned/train/PaperCardboard/paper268.jpg,prepared_datasets/combined_6class_confusion_cleaned/train/PaperCardboard/paper268.jpg,prepared_datasets/combined_6class_confusion_cleaned/train/PaperCardboard/paper268.jpg,,,,,,,,
train_PaperCardboard_paper269,TrashNet,cleaned_image_classification,train,PaperCardboard,PaperCardboard,prepared_datasets/combined_6class_confusion_cleaned/train/PaperCardboard/paper269.jpg,prepared_datasets/combined_6class_confusion_cleaned/train/PaperCardboard/paper269.jpg,prepared_datasets/combined_6class_confusion_cleaned/train/PaperCardboard/paper269.jpg,,,,,,,,
train_PaperCardboard_paper27,TrashNet,cleaned_image_classification,train,PaperCardboard,PaperCardboard,prepared_datasets/combined_6class_confusion_cleaned/train/PaperCardboard/paper27.jpg,prepared_datasets/combined_6class_confusion_cleaned/train/PaperCardboard/paper27.jpg,prepared_datasets/combined_6class_confusion_cleaned/train/PaperCardboard/paper27.jpg,,,,,,,,
train_PaperCardboard_paper270,TrashNet,cleaned_image_classification,train,PaperCardboard,PaperCardboard,prepared_datasets/combined_6class_confusion_cleaned/train/PaperCardboard/paper270.jpg,prepared_datasets/combined_6class_confusion_cleaned/train/PaperCardboard/paper270.jpg,prepared_datasets/combined_6class_confusion_cleaned/train/PaperCardboard/paper270.jpg,,,,,,,,
train_PaperCardboard_paper271,TrashNet,cleaned_image_classification,train,PaperCardboard,PaperCardboard,prepared_datasets/combined_6class_confusion_cleaned/train/PaperCardboard/paper271.jpg,prepared_datasets/combined_6class_confusion_cleaned/train/PaperCardboard/paper271.jpg,prepared_datasets/combined_6class_confusion_cleaned/train/PaperCardboard/paper271.jpg,,,,,,,,
train_PaperCardboard_paper276,TrashNet,cleaned_image_classification,train,PaperCardboard,PaperCardboard,prepared_datasets/combined_6class_confusion_cleaned/train/PaperCardboard/paper276.jpg,prepared_datasets/combined_6class_confusion_cleaned/train/PaperCardboard/paper276.jpg,prepared_datasets/combined_6class_confusion_cleaned/train/PaperCardboard/paper276.jpg,,,,,,,,
train_PaperCardboard_paper277,TrashNet,cleaned_image_classification,train,PaperCardboard,PaperCardboard,prepared_datasets/combined_6class_confusion_cleaned/train/PaperCardboard/paper277.jpg,prepared_datasets/combined_6class_confusion_cleaned/train/PaperCardboard/paper277.jpg,prepared_datasets/combined_6class_confusion_cleaned/train/PaperCardboard/paper277.jpg,,,,,,,,
train_PaperCardboard_paper279,TrashNet,cleaned_image_classification,train,PaperCardboard,PaperCardboard,prepared_datasets/combined_6class_confusion_cleaned/train/PaperCardboard/paper279.jpg,prepared_datasets/combined_6class_confusion_cleaned/train/PaperCardboard/paper279.jpg,prepared_datasets/combined_6class_confusion_cleaned/train/PaperCardboard/paper279.jpg,,,,,,,,
train_PaperCardboard_paper28,TrashNet,cleaned_image_classification,train,PaperCardboard,PaperCardboard,prepared_datasets/combined_6class_confusion_cleaned/train/PaperCardboard/paper28.jpg,prepared_datasets/combined_6class_confusion_cleaned/train/PaperCardboard/paper28.jpg,prepared_datasets/combined_6class_confusion_cleaned/train/PaperCardboard/paper28.jpg,,,,,,,,
train_PaperCardboard_paper280,TrashNet,cleaned_image_classification,train,PaperCardboard,PaperCardboard,prepared_datasets/combined_6class_confusion_cleaned/train/PaperCardboard/paper280.jpg,prepared_datasets/combined_6class_confusion_cleaned/train/PaperCardboard/paper280.jpg,prepared_datasets/combined_6class_confusion_cleaned/train/PaperCardboard/paper280.jpg,,,,,,,,
train_PaperCardboard_paper282,TrashNet,cleaned_image_classification,train,PaperCardboard,PaperCardboard,prepared_datasets/combined_6class_confusion_cleaned/train/PaperCardboard/paper282.jpg,prepared_datasets/combined_6class_confusion_cleaned/train/PaperCardboard/paper282.jpg,prepared_datasets/combined_6class_confusion_cleaned/train/PaperCardboard/paper282.jpg,,,,,,,,
train_PaperCardboard_paper284,TrashNet,cleaned_image_classification,train,PaperCardboard,PaperCardboard,prepared_datasets/combined_6class_confusion_cleaned/train/PaperCardboard/paper284.jpg,prepared_datasets/combined_6class_confusion_cleaned/train/PaperCardboard/paper284.jpg,prepared_datasets/combined_6class_confusion_cleaned/train/PaperCardboard/paper284.jpg,,,,,,,,
train_PaperCardboard_paper285,TrashNet,cleaned_image_classification,train,PaperCardboard,PaperCardboard,prepared_datasets/combined_6class_confusion_cleaned/train/PaperCardboard/paper285.jpg,prepared_datasets/combined_6class_confusion_cleaned/train/PaperCardboard/paper285.jpg,prepared_datasets/combined_6class_confusion_cleaned/train/PaperCardboard/paper285.jpg,,,,,,,,
train_PaperCardboard_paper286,TrashNet,cleaned_image_classification,train,PaperCardboard,PaperCardboard,prepared_datasets/combined_6class_confusion_cleaned/train/PaperCardboard/paper286.jpg,prepared_datasets/combined_6class_confusion_cleaned/train/PaperCardboard/paper286.jpg,prepared_datasets/combined_6class_confusion_cleaned/train/PaperCardboard/paper286.jpg,,,,,,,,
train_PaperCardboard_paper289,TrashNet,cleaned_image_classification,train,PaperCardboard,PaperCardboard,prepared_datasets/combined_6class_confusion_cleaned/train/PaperCardboard/paper289.jpg,prepared_datasets/combined_6class_confusion_cleaned/train/PaperCardboard/paper289.jpg,prepared_datasets/combined_6class_confusion_cleaned/train/PaperCardboard/paper289.jpg,,,,,,,,
train_PaperCardboard_paper29,TrashNet,cleaned_image_classification,train,PaperCardboard,PaperCardboard,prepared_datasets/combined_6class_confusion_cleaned/train/PaperCardboard/paper29.jpg,prepared_datasets/combined_6class_confusion_cleaned/train/PaperCardboard/paper29.jpg,prepared_datasets/combined_6class_confusion_cleaned/train/PaperCardboard/paper29.jpg,,,,,,,,
train_PaperCardboard_paper290,TrashNet,cleaned_image_classification,train,PaperCardboard,PaperCardboard,prepared_datasets/combined_6class_confusion_cleaned/train/PaperCardboard/paper290.jpg,prepared_datasets/combined_6class_confusion_cleaned/train/PaperCardboard/paper290.jpg,prepared_datasets/combined_6class_confusion_cleaned/train/PaperCardboard/paper290.jpg,,,,,,,,
train_PaperCardboard_paper291,TrashNet,cleaned_image_classification,train,PaperCardboard,PaperCardboard,prepared_datasets/combined_6class_confusion_cleaned/train/PaperCardboard/paper291.jpg,prepared_datasets/combined_6class_confusion_cleaned/train/PaperCardboard/paper291.jpg,prepared_datasets/combined_6class_confusion_cleaned/train/PaperCardboard/paper291.jpg,,,,,,,,
train_PaperCardboard_paper292,TrashNet,cleaned_image_classification,train,PaperCardboard,PaperCardboard,prepared_datasets/combined_6class_confusion_cleaned/train/PaperCardboard/paper292.jpg,prepared_datasets/combined_6class_confusion_cleaned/train/PaperCardboard/paper292.jpg,prepared_datasets/combined_6class_confusion_cleaned/train/PaperCardboard/paper292.jpg,,,,,,,,
train_PaperCardboard_paper293,TrashNet,cleaned_image_classification,train,PaperCardboard,PaperCardboard,prepared_datasets/combined_6class_confusion_cleaned/train/PaperCardboard/paper293.jpg,prepared_datasets/combined_6class_confusion_cleaned/train/PaperCardboard/paper293.jpg,prepared_datasets/combined_6class_confusion_cleaned/train/PaperCardboard/paper293.jpg,,,,,,,,
train_PaperCardboard_paper294,TrashNet,cleaned_image_classification,train,PaperCardboard,PaperCardboard,prepared_datasets/combined_6class_confusion_cleaned/train/PaperCardboard/paper294.jpg,prepared_datasets/combined_6class_confusion_cleaned/train/PaperCardboard/paper294.jpg,prepared_datasets/combined_6class_confusion_cleaned/train/PaperCardboard/paper294.jpg,,,,,,,,
train_PaperCardboard_paper296,TrashNet,cleaned_image_classification,train,PaperCardboard,PaperCardboard,prepared_datasets/combined_6class_confusion_cleaned/train/PaperCardboard/paper296.jpg,prepared_datasets/combined_6class_confusion_cleaned/train/PaperCardboard/paper296.jpg,prepared_datasets/combined_6class_confusion_cleaned/train/PaperCardboard/paper296.jpg,,,,,,,,
train_PaperCardboard_paper297,TrashNet,cleaned_image_classification,train,PaperCardboard,PaperCardboard,prepared_datasets/combined_6class_confusion_cleaned/train/PaperCardboard/paper297.jpg,prepared_datasets/combined_6class_confusion_cleaned/train/PaperCardboard/paper297.jpg,prepared_datasets/combined_6class_confusion_cleaned/train/PaperCardboard/paper297.jpg,,,,,,,,
train_PaperCardboard_paper298,TrashNet,cleaned_image_classification,train,PaperCardboard,PaperCardboard,prepared_datasets/combined_6class_confusion_cleaned/train/PaperCardboard/paper298.jpg,prepared_datasets/combined_6class_confusion_cleaned/train/PaperCardboard/paper298.jpg,prepared_datasets/combined_6class_confusion_cleaned/train/PaperCardboard/paper298.jpg,,,,,,,,
train_PaperCardboard_paper299,TrashNet,cleaned_image_classification,train,PaperCardboard,PaperCardboard,prepared_datasets/combined_6class_confusion_cleaned/train/PaperCardboard/paper299.jpg,prepared_datasets/combined_6class_confusion_cleaned/train/PaperCardboard/paper299.jpg,prepared_datasets/combined_6class_confusion_cleaned/train/PaperCardboard/paper299.jpg,,,,,,,,
train_PaperCardboard_paper3,TrashNet,cleaned_image_classification,train,PaperCardboard,PaperCardboard,prepared_datasets/combined_6class_confusion_cleaned/train/PaperCardboard/paper3.jpg,prepared_datasets/combined_6class_confusion_cleaned/train/PaperCardboard/paper3.jpg,prepared_datasets/combined_6class_confusion_cleaned/train/PaperCardboard/paper3.jpg,,,,,,,,
train_PaperCardboard_paper30,TrashNet,cleaned_image_classification,train,PaperCardboard,PaperCardboard,prepared_datasets/combined_6class_confusion_cleaned/train/PaperCardboard/paper30.jpg,prepared_datasets/combined_6class_confusion_cleaned/train/PaperCardboard/paper30.jpg,prepared_datasets/combined_6class_confusion_cleaned/train/PaperCardboard/paper30.jpg,,,,,,,,
train_PaperCardboard_paper300,TrashNet,cleaned_image_classification,train,PaperCardboard,PaperCardboard,prepared_datasets/combined_6class_confusion_cleaned/train/PaperCardboard/paper300.jpg,prepared_datasets/combined_6class_confusion_cleaned/train/PaperCardboard/paper300.jpg,prepared_datasets/combined_6class_confusion_cleaned/train/PaperCardboard/paper300.jpg,,,,,,,,
train_PaperCardboard_paper301,TrashNet,cleaned_image_classification,train,PaperCardboard,PaperCardboard,prepared_datasets/combined_6class_confusion_cleaned/train/PaperCardboard/paper301.jpg,prepared_datasets/combined_6class_confusion_cleaned/train/PaperCardboard/paper301.jpg,prepared_datasets/combined_6class_confusion_cleaned/train/PaperCardboard/paper301.jpg,,,,,,,,
train_PaperCardboard_paper302,TrashNet,cleaned_image_classification,train,PaperCardboard,PaperCardboard,prepared_datasets/combined_6class_confusion_cleaned/train/PaperCardboard/paper302.jpg,prepared_datasets/combined_6class_confusion_cleaned/train/PaperCardboard/paper302.jpg,prepared_datasets/combined_6class_confusion_cleaned/train/PaperCardboard/paper302.jpg,,,,,,,,
train_PaperCardboard_paper303,TrashNet,cleaned_image_classification,train,PaperCardboard,PaperCardboard,prepared_datasets/combined_6class_confusion_cleaned/train/PaperCardboard/paper303.jpg,prepared_datasets/combined_6class_confusion_cleaned/train/PaperCardboard/paper303.jpg,prepared_datasets/combined_6class_confusion_cleaned/train/PaperCardboard/paper303.jpg,,,,,,,,
train_PaperCardboard_paper304,TrashNet,cleaned_image_classification,train,PaperCardboard,PaperCardboard,prepared_datasets/combined_6class_confusion_cleaned/train/PaperCardboard/paper304.jpg,prepared_datasets/combined_6class_confusion_cleaned/train/PaperCardboard/paper304.jpg,prepared_datasets/combined_6class_confusion_cleaned/train/PaperCardboard/paper304.jpg,,,,,,,,
train_PaperCardboard_paper305,TrashNet,cleaned_image_classification,train,PaperCardboard,PaperCardboard,prepared_datasets/combined_6class_confusion_cleaned/train/PaperCardboard/paper305.jpg,prepared_datasets/combined_6class_confusion_cleaned/train/PaperCardboard/paper305.jpg,prepared_datasets/combined_6class_confusion_cleaned/train/PaperCardboard/paper305.jpg,,,,,,,,
train_PaperCardboard_paper307,TrashNet,cleaned_image_classification,train,PaperCardboard,PaperCardboard,prepared_datasets/combined_6class_confusion_cleaned/train/PaperCardboard/paper307.jpg,prepared_datasets/combined_6class_confusion_cleaned/train/PaperCardboard/paper307.jpg,prepared_datasets/combined_6class_confusion_cleaned/train/PaperCardboard/paper307.jpg,,,,,,,,
train_PaperCardboard_paper309,TrashNet,cleaned_image_classification,train,PaperCardboard,PaperCardboard,prepared_datasets/combined_6class_confusion_cleaned/train/PaperCardboard/paper309.jpg,prepared_datasets/combined_6class_confusion_cleaned/train/PaperCardboard/paper309.jpg,prepared_datasets/combined_6class_confusion_cleaned/train/PaperCardboard/paper309.jpg,,,,,,,,
train_PaperCardboard_paper311,TrashNet,cleaned_image_classification,train,PaperCardboard,PaperCardboard,prepared_datasets/combined_6class_confusion_cleaned/train/PaperCardboard/paper311.jpg,prepared_datasets/combined_6class_confusion_cleaned/train/PaperCardboard/paper311.jpg,prepared_datasets/combined_6class_confusion_cleaned/train/PaperCardboard/paper311.jpg,,,,,,,,
train_PaperCardboard_paper313,TrashNet,cleaned_image_classification,train,PaperCardboard,PaperCardboard,prepared_datasets/combined_6class_confusion_cleaned/train/PaperCardboard/paper313.jpg,prepared_datasets/combined_6class_confusion_cleaned/train/PaperCardboard/paper313.jpg,prepared_datasets/combined_6class_confusion_cleaned/train/PaperCardboard/paper313.jpg,,,,,,,,
train_PaperCardboard_paper316,TrashNet,cleaned_image_classification,train,PaperCardboard,PaperCardboard,prepared_datasets/combined_6class_confusion_cleaned/train/PaperCardboard/paper316.jpg,prepared_datasets/combined_6class_confusion_cleaned/train/PaperCardboard/paper316.jpg,prepared_datasets/combined_6class_confusion_cleaned/train/PaperCardboard/paper316.jpg,,,,,,,,
train_PaperCardboard_paper318,TrashNet,cleaned_image_classification,train,PaperCardboard,PaperCardboard,prepared_datasets/combined_6class_confusion_cleaned/train/PaperCardboard/paper318.jpg,prepared_datasets/combined_6class_confusion_cleaned/train/PaperCardboard/paper318.jpg,prepared_datasets/combined_6class_confusion_cleaned/train/PaperCardboard/paper318.jpg,,,,,,,,
train_PaperCardboard_paper320,TrashNet,cleaned_image_classification,train,PaperCardboard,PaperCardboard,prepared_datasets/combined_6class_confusion_cleaned/train/PaperCardboard/paper320.jpg,prepared_datasets/combined_6class_confusion_cleaned/train/PaperCardboard/paper320.jpg,prepared_datasets/combined_6class_confusion_cleaned/train/PaperCardboard/paper320.jpg,,,,,,,,
train_PaperCardboard_paper321,TrashNet,cleaned_image_classification,train,PaperCardboard,PaperCardboard,prepared_datasets/combined_6class_confusion_cleaned/train/PaperCardboard/paper321.jpg,prepared_datasets/combined_6class_confusion_cleaned/train/PaperCardboard/paper321.jpg,prepared_datasets/combined_6class_confusion_cleaned/train/PaperCardboard/paper321.jpg,,,,,,,,
train_PaperCardboard_paper322,TrashNet,cleaned_image_classification,train,PaperCardboard,PaperCardboard,prepared_datasets/combined_6class_confusion_cleaned/train/PaperCardboard/paper322.jpg,prepared_datasets/combined_6class_confusion_cleaned/train/PaperCardboard/paper322.jpg,prepared_datasets/combined_6class_confusion_cleaned/train/PaperCardboard/paper322.jpg,,,,,,,,
train_PaperCardboard_paper325,TrashNet,cleaned_image_classification,train,PaperCardboard,PaperCardboard,prepared_datasets/combined_6class_confusion_cleaned/train/PaperCardboard/paper325.jpg,prepared_datasets/combined_6class_confusion_cleaned/train/PaperCardboard/paper325.jpg,prepared_datasets/combined_6class_confusion_cleaned/train/PaperCardboard/paper325.jpg,,,,,,,,
train_PaperCardboard_paper326,TrashNet,cleaned_image_classification,train,PaperCardboard,PaperCardboard,prepared_datasets/combined_6class_confusion_cleaned/train/PaperCardboard/paper326.jpg,prepared_datasets/combined_6class_confusion_cleaned/train/PaperCardboard/paper326.jpg,prepared_datasets/combined_6class_confusion_cleaned/train/PaperCardboard/paper326.jpg,,,,,,,,
train_PaperCardboard_paper328,TrashNet,cleaned_image_classification,train,PaperCardboard,PaperCardboard,prepared_datasets/combined_6class_confusion_cleaned/train/PaperCardboard/paper328.jpg,prepared_datasets/combined_6class_confusion_cleaned/train/PaperCardboard/paper328.jpg,prepared_datasets/combined_6class_confusion_cleaned/train/PaperCardboard/paper328.jpg,,,,,,,,
train_PaperCardboard_paper329,TrashNet,cleaned_image_classification,train,PaperCardboard,PaperCardboard,prepared_datasets/combined_6class_confusion_cleaned/train/PaperCardboard/paper329.jpg,prepared_datasets/combined_6class_confusion_cleaned/train/PaperCardboard/paper329.jpg,prepared_datasets/combined_6class_confusion_cleaned/train/PaperCardboard/paper329.jpg,,,,,,,,
train_PaperCardboard_paper330,TrashNet,cleaned_image_classification,train,PaperCardboard,PaperCardboard,prepared_datasets/combined_6class_confusion_cleaned/train/PaperCardboard/paper330.jpg,prepared_datasets/combined_6class_confusion_cleaned/train/PaperCardboard/paper330.jpg,prepared_datasets/combined_6class_confusion_cleaned/train/PaperCardboard/paper330.jpg,,,,,,,,
train_PaperCardboard_paper332,TrashNet,cleaned_image_classification,train,PaperCardboard,PaperCardboard,prepared_datasets/combined_6class_confusion_cleaned/train/PaperCardboard/paper332.jpg,prepared_datasets/combined_6class_confusion_cleaned/train/PaperCardboard/paper332.jpg,prepared_datasets/combined_6class_confusion_cleaned/train/PaperCardboard/paper332.jpg,,,,,,,,
train_PaperCardboard_paper334,TrashNet,cleaned_image_classification,train,PaperCardboard,PaperCardboard,prepared_datasets/combined_6class_confusion_cleaned/train/PaperCardboard/paper334.jpg,prepared_datasets/combined_6class_confusion_cleaned/train/PaperCardboard/paper334.jpg,prepared_datasets/combined_6class_confusion_cleaned/train/PaperCardboard/paper334.jpg,,,,,,,,
train_PaperCardboard_paper335,TrashNet,cleaned_image_classification,train,PaperCardboard,PaperCardboard,prepared_datasets/combined_6class_confusion_cleaned/train/PaperCardboard/paper335.jpg,prepared_datasets/combined_6class_confusion_cleaned/train/PaperCardboard/paper335.jpg,prepared_datasets/combined_6class_confusion_cleaned/train/PaperCardboard/paper335.jpg,,,,,,,,
train_PaperCardboard_paper336,TrashNet,cleaned_image_classification,train,PaperCardboard,PaperCardboard,prepared_datasets/combined_6class_confusion_cleaned/train/PaperCardboard/paper336.jpg,prepared_datasets/combined_6class_confusion_cleaned/train/PaperCardboard/paper336.jpg,prepared_datasets/combined_6class_confusion_cleaned/train/PaperCardboard/paper336.jpg,,,,,,,,
train_PaperCardboard_paper337,TrashNet,cleaned_image_classification,train,PaperCardboard,PaperCardboard,prepared_datasets/combined_6class_confusion_cleaned/train/PaperCardboard/paper337.jpg,prepared_datasets/combined_6class_confusion_cleaned/train/PaperCardboard/paper337.jpg,prepared_datasets/combined_6class_confusion_cleaned/train/PaperCardboard/paper337.jpg,,,,,,,,
train_PaperCardboard_paper338,TrashNet,cleaned_image_classification,train,PaperCardboard,PaperCardboard,prepared_datasets/combined_6class_confusion_cleaned/train/PaperCardboard/paper338.jpg,prepared_datasets/combined_6class_confusion_cleaned/train/PaperCardboard/paper338.jpg,prepared_datasets/combined_6class_confusion_cleaned/train/PaperCardboard/paper338.jpg,,,,,,,,
train_PaperCardboard_paper339,TrashNet,cleaned_image_classification,train,PaperCardboard,PaperCardboard,prepared_datasets/combined_6class_confusion_cleaned/train/PaperCardboard/paper339.jpg,prepared_datasets/combined_6class_confusion_cleaned/train/PaperCardboard/paper339.jpg,prepared_datasets/combined_6class_confusion_cleaned/train/PaperCardboard/paper339.jpg,,,,,,,,
train_PaperCardboard_paper34,TrashNet,cleaned_image_classification,train,PaperCardboard,PaperCardboard,prepared_datasets/combined_6class_confusion_cleaned/train/PaperCardboard/paper34.jpg,prepared_datasets/combined_6class_confusion_cleaned/train/PaperCardboard/paper34.jpg,prepared_datasets/combined_6class_confusion_cleaned/train/PaperCardboard/paper34.jpg,,,,,,,,
train_PaperCardboard_paper340,TrashNet,cleaned_image_classification,train,PaperCardboard,PaperCardboard,prepared_datasets/combined_6class_confusion_cleaned/train/PaperCardboard/paper340.jpg,prepared_datasets/combined_6class_confusion_cleaned/train/PaperCardboard/paper340.jpg,prepared_datasets/combined_6class_confusion_cleaned/train/PaperCardboard/paper340.jpg,,,,,,,,
train_PaperCardboard_paper341,TrashNet,cleaned_image_classification,train,PaperCardboard,PaperCardboard,prepared_datasets/combined_6class_confusion_cleaned/train/PaperCardboard/paper341.jpg,prepared_datasets/combined_6class_confusion_cleaned/train/PaperCardboard/paper341.jpg,prepared_datasets/combined_6class_confusion_cleaned/train/PaperCardboard/paper341.jpg,,,,,,,,
train_PaperCardboard_paper349,TrashNet,cleaned_image_classification,train,PaperCardboard,PaperCardboard,prepared_datasets/combined_6class_confusion_cleaned/train/PaperCardboard/paper349.jpg,prepared_datasets/combined_6class_confusion_cleaned/train/PaperCardboard/paper349.jpg,prepared_datasets/combined_6class_confusion_cleaned/train/PaperCardboard/paper349.jpg,,,,,,,,
train_PaperCardboard_paper351,TrashNet,cleaned_image_classification,train,PaperCardboard,PaperCardboard,prepared_datasets/combined_6class_confusion_cleaned/train/PaperCardboard/paper351.jpg,prepared_datasets/combined_6class_confusion_cleaned/train/PaperCardboard/paper351.jpg,prepared_datasets/combined_6class_confusion_cleaned/train/PaperCardboard/paper351.jpg,,,,,,,,
train_PaperCardboard_paper352,TrashNet,cleaned_image_classification,train,PaperCardboard,PaperCardboard,prepared_datasets/combined_6class_confusion_cleaned/train/PaperCardboard/paper352.jpg,prepared_datasets/combined_6class_confusion_cleaned/train/PaperCardboard/paper352.jpg,prepared_datasets/combined_6class_confusion_cleaned/train/PaperCardboard/paper352.jpg,,,,,,,,
train_PaperCardboard_paper354,TrashNet,cleaned_image_classification,train,PaperCardboard,PaperCardboard,prepared_datasets/combined_6class_confusion_cleaned/train/PaperCardboard/paper354.jpg,prepared_datasets/combined_6class_confusion_cleaned/train/PaperCardboard/paper354.jpg,prepared_datasets/combined_6class_confusion_cleaned/train/PaperCardboard/paper354.jpg,,,,,,,,
train_PaperCardboard_paper356,TrashNet,cleaned_image_classification,train,PaperCardboard,PaperCardboard,prepared_datasets/combined_6class_confusion_cleaned/train/PaperCardboard/paper356.jpg,prepared_datasets/combined_6class_confusion_cleaned/train/PaperCardboard/paper356.jpg,prepared_datasets/combined_6class_confusion_cleaned/train/PaperCardboard/paper356.jpg,,,,,,,,
train_PaperCardboard_paper358,TrashNet,cleaned_image_classification,train,PaperCardboard,PaperCardboard,prepared_datasets/combined_6class_confusion_cleaned/train/PaperCardboard/paper358.jpg,prepared_datasets/combined_6class_confusion_cleaned/train/PaperCardboard/paper358.jpg,prepared_datasets/combined_6class_confusion_cleaned/train/PaperCardboard/paper358.jpg,,,,,,,,
train_PaperCardboard_paper359,TrashNet,cleaned_image_classification,train,PaperCardboard,PaperCardboard,prepared_datasets/combined_6class_confusion_cleaned/train/PaperCardboard/paper359.jpg,prepared_datasets/combined_6class_confusion_cleaned/train/PaperCardboard/paper359.jpg,prepared_datasets/combined_6class_confusion_cleaned/train/PaperCardboard/paper359.jpg,,,,,,,,
train_PaperCardboard_paper360,TrashNet,cleaned_image_classification,train,PaperCardboard,PaperCardboard,prepared_datasets/combined_6class_confusion_cleaned/train/PaperCardboard/paper360.jpg,prepared_datasets/combined_6class_confusion_cleaned/train/PaperCardboard/paper360.jpg,prepared_datasets/combined_6class_confusion_cleaned/train/PaperCardboard/paper360.jpg,,,,,,,,
train_PaperCardboard_paper361,TrashNet,cleaned_image_classification,train,PaperCardboard,PaperCardboard,prepared_datasets/combined_6class_confusion_cleaned/train/PaperCardboard/paper361.jpg,prepared_datasets/combined_6class_confusion_cleaned/train/PaperCardboard/paper361.jpg,prepared_datasets/combined_6class_confusion_cleaned/train/PaperCardboard/paper361.jpg,,,,,,,,
train_PaperCardboard_paper362,TrashNet,cleaned_image_classification,train,PaperCardboard,PaperCardboard,prepared_datasets/combined_6class_confusion_cleaned/train/PaperCardboard/paper362.jpg,prepared_datasets/combined_6class_confusion_cleaned/train/PaperCardboard/paper362.jpg,prepared_datasets/combined_6class_confusion_cleaned/train/PaperCardboard/paper362.jpg,,,,,,,,
train_PaperCardboard_paper366,TrashNet,cleaned_image_classification,train,PaperCardboard,PaperCardboard,prepared_datasets/combined_6class_confusion_cleaned/train/PaperCardboard/paper366.jpg,prepared_datasets/combined_6class_confusion_cleaned/train/PaperCardboard/paper366.jpg,prepared_datasets/combined_6class_confusion_cleaned/train/PaperCardboard/paper366.jpg,,,,,,,,
train_PaperCardboard_paper367,TrashNet,cleaned_image_classification,train,PaperCardboard,PaperCardboard,prepared_datasets/combined_6class_confusion_cleaned/train/PaperCardboard/paper367.jpg,prepared_datasets/combined_6class_confusion_cleaned/train/PaperCardboard/paper367.jpg,prepared_datasets/combined_6class_confusion_cleaned/train/PaperCardboard/paper367.jpg,,,,,,,,
train_PaperCardboard_paper369,TrashNet,cleaned_image_classification,train,PaperCardboard,PaperCardboard,prepared_datasets/combined_6class_confusion_cleaned/train/PaperCardboard/paper369.jpg,prepared_datasets/combined_6class_confusion_cleaned/train/PaperCardboard/paper369.jpg,prepared_datasets/combined_6class_confusion_cleaned/train/PaperCardboard/paper369.jpg,,,,,,,,
train_PaperCardboard_paper370,TrashNet,cleaned_image_classification,train,PaperCardboard,PaperCardboard,prepared_datasets/combined_6class_confusion_cleaned/train/PaperCardboard/paper370.jpg,prepared_datasets/combined_6class_confusion_cleaned/train/PaperCardboard/paper370.jpg,prepared_datasets/combined_6class_confusion_cleaned/train/PaperCardboard/paper370.jpg,,,,,,,,
train_PaperCardboard_paper371,TrashNet,cleaned_image_classification,train,PaperCardboard,PaperCardboard,prepared_datasets/combined_6class_confusion_cleaned/train/PaperCardboard/paper371.jpg,prepared_datasets/combined_6class_confusion_cleaned/train/PaperCardboard/paper371.jpg,prepared_datasets/combined_6class_confusion_cleaned/train/PaperCardboard/paper371.jpg,,,,,,,,
train_PaperCardboard_paper372,TrashNet,cleaned_image_classification,train,PaperCardboard,PaperCardboard,prepared_datasets/combined_6class_confusion_cleaned/train/PaperCardboard/paper372.jpg,prepared_datasets/combined_6class_confusion_cleaned/train/PaperCardboard/paper372.jpg,prepared_datasets/combined_6class_confusion_cleaned/train/PaperCardboard/paper372.jpg,,,,,,,,
train_PaperCardboard_paper373,TrashNet,cleaned_image_classification,train,PaperCardboard,PaperCardboard,prepared_datasets/combined_6class_confusion_cleaned/train/PaperCardboard/paper373.jpg,prepared_datasets/combined_6class_confusion_cleaned/train/PaperCardboard/paper373.jpg,prepared_datasets/combined_6class_confusion_cleaned/train/PaperCardboard/paper373.jpg,,,,,,,,
train_PaperCardboard_paper376,TrashNet,cleaned_image_classification,train,PaperCardboard,PaperCardboard,prepared_datasets/combined_6class_confusion_cleaned/train/PaperCardboard/paper376.jpg,prepared_datasets/combined_6class_confusion_cleaned/train/PaperCardboard/paper376.jpg,prepared_datasets/combined_6class_confusion_cleaned/train/PaperCardboard/paper376.jpg,,,,,,,,
train_PaperCardboard_paper378,TrashNet,cleaned_image_classification,train,PaperCardboard,PaperCardboard,prepared_datasets/combined_6class_confusion_cleaned/train/PaperCardboard/paper378.jpg,prepared_datasets/combined_6class_confusion_cleaned/train/PaperCardboard/paper378.jpg,prepared_datasets/combined_6class_confusion_cleaned/train/PaperCardboard/paper378.jpg,,,,,,,,
train_PaperCardboard_paper379,TrashNet,cleaned_image_classification,train,PaperCardboard,PaperCardboard,prepared_datasets/combined_6class_confusion_cleaned/train/PaperCardboard/paper379.jpg,prepared_datasets/combined_6class_confusion_cleaned/train/PaperCardboard/paper379.jpg,prepared_datasets/combined_6class_confusion_cleaned/train/PaperCardboard/paper379.jpg,,,,,,,,
train_PaperCardboard_paper380,TrashNet,cleaned_image_classification,train,PaperCardboard,PaperCardboard,prepared_datasets/combined_6class_confusion_cleaned/train/PaperCardboard/paper380.jpg,prepared_datasets/combined_6class_confusion_cleaned/train/PaperCardboard/paper380.jpg,prepared_datasets/combined_6class_confusion_cleaned/train/PaperCardboard/paper380.jpg,,,,,,,,
train_PaperCardboard_paper381,TrashNet,cleaned_image_classification,train,PaperCardboard,PaperCardboard,prepared_datasets/combined_6class_confusion_cleaned/train/PaperCardboard/paper381.jpg,prepared_datasets/combined_6class_confusion_cleaned/train/PaperCardboard/paper381.jpg,prepared_datasets/combined_6class_confusion_cleaned/train/PaperCardboard/paper381.jpg,,,,,,,,
train_PaperCardboard_paper383,TrashNet,cleaned_image_classification,train,PaperCardboard,PaperCardboard,prepared_datasets/combined_6class_confusion_cleaned/train/PaperCardboard/paper383.jpg,prepared_datasets/combined_6class_confusion_cleaned/train/PaperCardboard/paper383.jpg,prepared_datasets/combined_6class_confusion_cleaned/train/PaperCardboard/paper383.jpg,,,,,,,,
train_PaperCardboard_paper384,TrashNet,cleaned_image_classification,train,PaperCardboard,PaperCardboard,prepared_datasets/combined_6class_confusion_cleaned/train/PaperCardboard/paper384.jpg,prepared_datasets/combined_6class_confusion_cleaned/train/PaperCardboard/paper384.jpg,prepared_datasets/combined_6class_confusion_cleaned/train/PaperCardboard/paper384.jpg,,,,,,,,
train_PaperCardboard_paper387,TrashNet,cleaned_image_classification,train,PaperCardboard,PaperCardboard,prepared_datasets/combined_6class_confusion_cleaned/train/PaperCardboard/paper387.jpg,prepared_datasets/combined_6class_confusion_cleaned/train/PaperCardboard/paper387.jpg,prepared_datasets/combined_6class_confusion_cleaned/train/PaperCardboard/paper387.jpg,,,,,,,,
train_PaperCardboard_paper388,TrashNet,cleaned_image_classification,train,PaperCardboard,PaperCardboard,prepared_datasets/combined_6class_confusion_cleaned/train/PaperCardboard/paper388.jpg,prepared_datasets/combined_6class_confusion_cleaned/train/PaperCardboard/paper388.jpg,prepared_datasets/combined_6class_confusion_cleaned/train/PaperCardboard/paper388.jpg,,,,,,,,
train_PaperCardboard_paper389,TrashNet,cleaned_image_classification,train,PaperCardboard,PaperCardboard,prepared_datasets/combined_6class_confusion_cleaned/train/PaperCardboard/paper389.jpg,prepared_datasets/combined_6class_confusion_cleaned/train/PaperCardboard/paper389.jpg,prepared_datasets/combined_6class_confusion_cleaned/train/PaperCardboard/paper389.jpg,,,,,,,,
train_PaperCardboard_paper390,TrashNet,cleaned_image_classification,train,PaperCardboard,PaperCardboard,prepared_datasets/combined_6class_confusion_cleaned/train/PaperCardboard/paper390.jpg,prepared_datasets/combined_6class_confusion_cleaned/train/PaperCardboard/paper390.jpg,prepared_datasets/combined_6class_confusion_cleaned/train/PaperCardboard/paper390.jpg,,,,,,,,
train_PaperCardboard_paper393,TrashNet,cleaned_image_classification,train,PaperCardboard,PaperCardboard,prepared_datasets/combined_6class_confusion_cleaned/train/PaperCardboard/paper393.jpg,prepared_datasets/combined_6class_confusion_cleaned/train/PaperCardboard/paper393.jpg,prepared_datasets/combined_6class_confusion_cleaned/train/PaperCardboard/paper393.jpg,,,,,,,,
train_PaperCardboard_paper4,TrashNet,cleaned_image_classification,train,PaperCardboard,PaperCardboard,prepared_datasets/combined_6class_confusion_cleaned/train/PaperCardboard/paper4.jpg,prepared_datasets/combined_6class_confusion_cleaned/train/PaperCardboard/paper4.jpg,prepared_datasets/combined_6class_confusion_cleaned/train/PaperCardboard/paper4.jpg,,,,,,,,
train_PaperCardboard_paper40,TrashNet,cleaned_image_classification,train,PaperCardboard,PaperCardboard,prepared_datasets/combined_6class_confusion_cleaned/train/PaperCardboard/paper40.jpg,prepared_datasets/combined_6class_confusion_cleaned/train/PaperCardboard/paper40.jpg,prepared_datasets/combined_6class_confusion_cleaned/train/PaperCardboard/paper40.jpg,,,,,,,,
train_PaperCardboard_paper400,TrashNet,cleaned_image_classification,train,PaperCardboard,PaperCardboard,prepared_datasets/combined_6class_confusion_cleaned/train/PaperCardboard/paper400.jpg,prepared_datasets/combined_6class_confusion_cleaned/train/PaperCardboard/paper400.jpg,prepared_datasets/combined_6class_confusion_cleaned/train/PaperCardboard/paper400.jpg,,,,,,,,
train_PaperCardboard_paper403,TrashNet,cleaned_image_classification,train,PaperCardboard,PaperCardboard,prepared_datasets/combined_6class_confusion_cleaned/train/PaperCardboard/paper403.jpg,prepared_datasets/combined_6class_confusion_cleaned/train/PaperCardboard/paper403.jpg,prepared_datasets/combined_6class_confusion_cleaned/train/PaperCardboard/paper403.jpg,,,,,,,,
train_PaperCardboard_paper407,TrashNet,cleaned_image_classification,train,PaperCardboard,PaperCardboard,prepared_datasets/combined_6class_confusion_cleaned/train/PaperCardboard/paper407.jpg,prepared_datasets/combined_6class_confusion_cleaned/train/PaperCardboard/paper407.jpg,prepared_datasets/combined_6class_confusion_cleaned/train/PaperCardboard/paper407.jpg,,,,,,,,
train_PaperCardboard_paper408,TrashNet,cleaned_image_classification,train,PaperCardboard,PaperCardboard,prepared_datasets/combined_6class_confusion_cleaned/train/PaperCardboard/paper408.jpg,prepared_datasets/combined_6class_confusion_cleaned/train/PaperCardboard/paper408.jpg,prepared_datasets/combined_6class_confusion_cleaned/train/PaperCardboard/paper408.jpg,,,,,,,,
train_PaperCardboard_paper409,TrashNet,cleaned_image_classification,train,PaperCardboard,PaperCardboard,prepared_datasets/combined_6class_confusion_cleaned/train/PaperCardboard/paper409.jpg,prepared_datasets/combined_6class_confusion_cleaned/train/PaperCardboard/paper409.jpg,prepared_datasets/combined_6class_confusion_cleaned/train/PaperCardboard/paper409.jpg,,,,,,,,
train_PaperCardboard_paper41,TrashNet,cleaned_image_classification,train,PaperCardboard,PaperCardboard,prepared_datasets/combined_6class_confusion_cleaned/train/PaperCardboard/paper41.jpg,prepared_datasets/combined_6class_confusion_cleaned/train/PaperCardboard/paper41.jpg,prepared_datasets/combined_6class_confusion_cleaned/train/PaperCardboard/paper41.jpg,,,,,,,,
train_PaperCardboard_paper411,TrashNet,cleaned_image_classification,train,PaperCardboard,PaperCardboard,prepared_datasets/combined_6class_confusion_cleaned/train/PaperCardboard/paper411.jpg,prepared_datasets/combined_6class_confusion_cleaned/train/PaperCardboard/paper411.jpg,prepared_datasets/combined_6class_confusion_cleaned/train/PaperCardboard/paper411.jpg,,,,,,,,
train_PaperCardboard_paper413,TrashNet,cleaned_image_classification,train,PaperCardboard,PaperCardboard,prepared_datasets/combined_6class_confusion_cleaned/train/PaperCardboard/paper413.jpg,prepared_datasets/combined_6class_confusion_cleaned/train/PaperCardboard/paper413.jpg,prepared_datasets/combined_6class_confusion_cleaned/train/PaperCardboard/paper413.jpg,,,,,,,,
train_PaperCardboard_paper414,TrashNet,cleaned_image_classification,train,PaperCardboard,PaperCardboard,prepared_datasets/combined_6class_confusion_cleaned/train/PaperCardboard/paper414.jpg,prepared_datasets/combined_6class_confusion_cleaned/train/PaperCardboard/paper414.jpg,prepared_datasets/combined_6class_confusion_cleaned/train/PaperCardboard/paper414.jpg,,,,,,,,
train_PaperCardboard_paper415,TrashNet,cleaned_image_classification,train,PaperCardboard,PaperCardboard,prepared_datasets/combined_6class_confusion_cleaned/train/PaperCardboard/paper415.jpg,prepared_datasets/combined_6class_confusion_cleaned/train/PaperCardboard/paper415.jpg,prepared_datasets/combined_6class_confusion_cleaned/train/PaperCardboard/paper415.jpg,,,,,,,,
train_PaperCardboard_paper416,TrashNet,cleaned_image_classification,train,PaperCardboard,PaperCardboard,prepared_datasets/combined_6class_confusion_cleaned/train/PaperCardboard/paper416.jpg,prepared_datasets/combined_6class_confusion_cleaned/train/PaperCardboard/paper416.jpg,prepared_datasets/combined_6class_confusion_cleaned/train/PaperCardboard/paper416.jpg,,,,,,,,
train_PaperCardboard_paper418,TrashNet,cleaned_image_classification,train,PaperCardboard,PaperCardboard,prepared_datasets/combined_6class_confusion_cleaned/train/PaperCardboard/paper418.jpg,prepared_datasets/combined_6class_confusion_cleaned/train/PaperCardboard/paper418.jpg,prepared_datasets/combined_6class_confusion_cleaned/train/PaperCardboard/paper418.jpg,,,,,,,,
train_PaperCardboard_paper419,TrashNet,cleaned_image_classification,train,PaperCardboard,PaperCardboard,prepared_datasets/combined_6class_confusion_cleaned/train/PaperCardboard/paper419.jpg,prepared_datasets/combined_6class_confusion_cleaned/train/PaperCardboard/paper419.jpg,prepared_datasets/combined_6class_confusion_cleaned/train/PaperCardboard/paper419.jpg,,,,,,,,
train_PaperCardboard_paper420,TrashNet,cleaned_image_classification,train,PaperCardboard,PaperCardboard,prepared_datasets/combined_6class_confusion_cleaned/train/PaperCardboard/paper420.jpg,prepared_datasets/combined_6class_confusion_cleaned/train/PaperCardboard/paper420.jpg,prepared_datasets/combined_6class_confusion_cleaned/train/PaperCardboard/paper420.jpg,,,,,,,,
train_PaperCardboard_paper422,TrashNet,cleaned_image_classification,train,PaperCardboard,PaperCardboard,prepared_datasets/combined_6class_confusion_cleaned/train/PaperCardboard/paper422.jpg,prepared_datasets/combined_6class_confusion_cleaned/train/PaperCardboard/paper422.jpg,prepared_datasets/combined_6class_confusion_cleaned/train/PaperCardboard/paper422.jpg,,,,,,,,
train_PaperCardboard_paper423,TrashNet,cleaned_image_classification,train,PaperCardboard,PaperCardboard,prepared_datasets/combined_6class_confusion_cleaned/train/PaperCardboard/paper423.jpg,prepared_datasets/combined_6class_confusion_cleaned/train/PaperCardboard/paper423.jpg,prepared_datasets/combined_6class_confusion_cleaned/train/PaperCardboard/paper423.jpg,,,,,,,,
train_PaperCardboard_paper425,TrashNet,cleaned_image_classification,train,PaperCardboard,PaperCardboard,prepared_datasets/combined_6class_confusion_cleaned/train/PaperCardboard/paper425.jpg,prepared_datasets/combined_6class_confusion_cleaned/train/PaperCardboard/paper425.jpg,prepared_datasets/combined_6class_confusion_cleaned/train/PaperCardboard/paper425.jpg,,,,,,,,
train_PaperCardboard_paper427,TrashNet,cleaned_image_classification,train,PaperCardboard,PaperCardboard,prepared_datasets/combined_6class_confusion_cleaned/train/PaperCardboard/paper427.jpg,prepared_datasets/combined_6class_confusion_cleaned/train/PaperCardboard/paper427.jpg,prepared_datasets/combined_6class_confusion_cleaned/train/PaperCardboard/paper427.jpg,,,,,,,,
train_PaperCardboard_paper428,TrashNet,cleaned_image_classification,train,PaperCardboard,PaperCardboard,prepared_datasets/combined_6class_confusion_cleaned/train/PaperCardboard/paper428.jpg,prepared_datasets/combined_6class_confusion_cleaned/train/PaperCardboard/paper428.jpg,prepared_datasets/combined_6class_confusion_cleaned/train/PaperCardboard/paper428.jpg,,,,,,,,
train_PaperCardboard_paper429,TrashNet,cleaned_image_classification,train,PaperCardboard,PaperCardboard,prepared_datasets/combined_6class_confusion_cleaned/train/PaperCardboard/paper429.jpg,prepared_datasets/combined_6class_confusion_cleaned/train/PaperCardboard/paper429.jpg,prepared_datasets/combined_6class_confusion_cleaned/train/PaperCardboard/paper429.jpg,,,,,,,,
train_PaperCardboard_paper430,TrashNet,cleaned_image_classification,train,PaperCardboard,PaperCardboard,prepared_datasets/combined_6class_confusion_cleaned/train/PaperCardboard/paper430.jpg,prepared_datasets/combined_6class_confusion_cleaned/train/PaperCardboard/paper430.jpg,prepared_datasets/combined_6class_confusion_cleaned/train/PaperCardboard/paper430.jpg,,,,,,,,
train_PaperCardboard_paper431,TrashNet,cleaned_image_classification,train,PaperCardboard,PaperCardboard,prepared_datasets/combined_6class_confusion_cleaned/train/PaperCardboard/paper431.jpg,prepared_datasets/combined_6class_confusion_cleaned/train/PaperCardboard/paper431.jpg,prepared_datasets/combined_6class_confusion_cleaned/train/PaperCardboard/paper431.jpg,,,,,,,,
train_PaperCardboard_paper433,TrashNet,cleaned_image_classification,train,PaperCardboard,PaperCardboard,prepared_datasets/combined_6class_confusion_cleaned/train/PaperCardboard/paper433.jpg,prepared_datasets/combined_6class_confusion_cleaned/train/PaperCardboard/paper433.jpg,prepared_datasets/combined_6class_confusion_cleaned/train/PaperCardboard/paper433.jpg,,,,,,,,
train_PaperCardboard_paper434,TrashNet,cleaned_image_classification,train,PaperCardboard,PaperCardboard,prepared_datasets/combined_6class_confusion_cleaned/train/PaperCardboard/paper434.jpg,prepared_datasets/combined_6class_confusion_cleaned/train/PaperCardboard/paper434.jpg,prepared_datasets/combined_6class_confusion_cleaned/train/PaperCardboard/paper434.jpg,,,,,,,,
train_PaperCardboard_paper435,TrashNet,cleaned_image_classification,train,PaperCardboard,PaperCardboard,prepared_datasets/combined_6class_confusion_cleaned/train/PaperCardboard/paper435.jpg,prepared_datasets/combined_6class_confusion_cleaned/train/PaperCardboard/paper435.jpg,prepared_datasets/combined_6class_confusion_cleaned/train/PaperCardboard/paper435.jpg,,,,,,,,
train_PaperCardboard_paper436,TrashNet,cleaned_image_classification,train,PaperCardboard,PaperCardboard,prepared_datasets/combined_6class_confusion_cleaned/train/PaperCardboard/paper436.jpg,prepared_datasets/combined_6class_confusion_cleaned/train/PaperCardboard/paper436.jpg,prepared_datasets/combined_6class_confusion_cleaned/train/PaperCardboard/paper436.jpg,,,,,,,,
train_PaperCardboard_paper437,TrashNet,cleaned_image_classification,train,PaperCardboard,PaperCardboard,prepared_datasets/combined_6class_confusion_cleaned/train/PaperCardboard/paper437.jpg,prepared_datasets/combined_6class_confusion_cleaned/train/PaperCardboard/paper437.jpg,prepared_datasets/combined_6class_confusion_cleaned/train/PaperCardboard/paper437.jpg,,,,,,,,
train_PaperCardboard_paper439,TrashNet,cleaned_image_classification,train,PaperCardboard,PaperCardboard,prepared_datasets/combined_6class_confusion_cleaned/train/PaperCardboard/paper439.jpg,prepared_datasets/combined_6class_confusion_cleaned/train/PaperCardboard/paper439.jpg,prepared_datasets/combined_6class_confusion_cleaned/train/PaperCardboard/paper439.jpg,,,,,,,,
train_PaperCardboard_paper440,TrashNet,cleaned_image_classification,train,PaperCardboard,PaperCardboard,prepared_datasets/combined_6class_confusion_cleaned/train/PaperCardboard/paper440.jpg,prepared_datasets/combined_6class_confusion_cleaned/train/PaperCardboard/paper440.jpg,prepared_datasets/combined_6class_confusion_cleaned/train/PaperCardboard/paper440.jpg,,,,,,,,
train_PaperCardboard_paper441,TrashNet,cleaned_image_classification,train,PaperCardboard,PaperCardboard,prepared_datasets/combined_6class_confusion_cleaned/train/PaperCardboard/paper441.jpg,prepared_datasets/combined_6class_confusion_cleaned/train/PaperCardboard/paper441.jpg,prepared_datasets/combined_6class_confusion_cleaned/train/PaperCardboard/paper441.jpg,,,,,,,,
train_PaperCardboard_paper442,TrashNet,cleaned_image_classification,train,PaperCardboard,PaperCardboard,prepared_datasets/combined_6class_confusion_cleaned/train/PaperCardboard/paper442.jpg,prepared_datasets/combined_6class_confusion_cleaned/train/PaperCardboard/paper442.jpg,prepared_datasets/combined_6class_confusion_cleaned/train/PaperCardboard/paper442.jpg,,,,,,,,
train_PaperCardboard_paper443,TrashNet,cleaned_image_classification,train,PaperCardboard,PaperCardboard,prepared_datasets/combined_6class_confusion_cleaned/train/PaperCardboard/paper443.jpg,prepared_datasets/combined_6class_confusion_cleaned/train/PaperCardboard/paper443.jpg,prepared_datasets/combined_6class_confusion_cleaned/train/PaperCardboard/paper443.jpg,,,,,,,,
train_PaperCardboard_paper445,TrashNet,cleaned_image_classification,train,PaperCardboard,PaperCardboard,prepared_datasets/combined_6class_confusion_cleaned/train/PaperCardboard/paper445.jpg,prepared_datasets/combined_6class_confusion_cleaned/train/PaperCardboard/paper445.jpg,prepared_datasets/combined_6class_confusion_cleaned/train/PaperCardboard/paper445.jpg,,,,,,,,
train_PaperCardboard_paper446,TrashNet,cleaned_image_classification,train,PaperCardboard,PaperCardboard,prepared_datasets/combined_6class_confusion_cleaned/train/PaperCardboard/paper446.jpg,prepared_datasets/combined_6class_confusion_cleaned/train/PaperCardboard/paper446.jpg,prepared_datasets/combined_6class_confusion_cleaned/train/PaperCardboard/paper446.jpg,,,,,,,,
train_PaperCardboard_paper448,TrashNet,cleaned_image_classification,train,PaperCardboard,PaperCardboard,prepared_datasets/combined_6class_confusion_cleaned/train/PaperCardboard/paper448.jpg,prepared_datasets/combined_6class_confusion_cleaned/train/PaperCardboard/paper448.jpg,prepared_datasets/combined_6class_confusion_cleaned/train/PaperCardboard/paper448.jpg,,,,,,,,
train_PaperCardboard_paper451,TrashNet,cleaned_image_classification,train,PaperCardboard,PaperCardboard,prepared_datasets/combined_6class_confusion_cleaned/train/PaperCardboard/paper451.jpg,prepared_datasets/combined_6class_confusion_cleaned/train/PaperCardboard/paper451.jpg,prepared_datasets/combined_6class_confusion_cleaned/train/PaperCardboard/paper451.jpg,,,,,,,,
train_PaperCardboard_paper453,TrashNet,cleaned_image_classification,train,PaperCardboard,PaperCardboard,prepared_datasets/combined_6class_confusion_cleaned/train/PaperCardboard/paper453.jpg,prepared_datasets/combined_6class_confusion_cleaned/train/PaperCardboard/paper453.jpg,prepared_datasets/combined_6class_confusion_cleaned/train/PaperCardboard/paper453.jpg,,,,,,,,
train_PaperCardboard_paper454,TrashNet,cleaned_image_classification,train,PaperCardboard,PaperCardboard,prepared_datasets/combined_6class_confusion_cleaned/train/PaperCardboard/paper454.jpg,prepared_datasets/combined_6class_confusion_cleaned/train/PaperCardboard/paper454.jpg,prepared_datasets/combined_6class_confusion_cleaned/train/PaperCardboard/paper454.jpg,,,,,,,,
train_PaperCardboard_paper456,TrashNet,cleaned_image_classification,train,PaperCardboard,PaperCardboard,prepared_datasets/combined_6class_confusion_cleaned/train/PaperCardboard/paper456.jpg,prepared_datasets/combined_6class_confusion_cleaned/train/PaperCardboard/paper456.jpg,prepared_datasets/combined_6class_confusion_cleaned/train/PaperCardboard/paper456.jpg,,,,,,,,
train_PaperCardboard_paper457,TrashNet,cleaned_image_classification,train,PaperCardboard,PaperCardboard,prepared_datasets/combined_6class_confusion_cleaned/train/PaperCardboard/paper457.jpg,prepared_datasets/combined_6class_confusion_cleaned/train/PaperCardboard/paper457.jpg,prepared_datasets/combined_6class_confusion_cleaned/train/PaperCardboard/paper457.jpg,,,,,,,,
train_PaperCardboard_paper458,TrashNet,cleaned_image_classification,train,PaperCardboard,PaperCardboard,prepared_datasets/combined_6class_confusion_cleaned/train/PaperCardboard/paper458.jpg,prepared_datasets/combined_6class_confusion_cleaned/train/PaperCardboard/paper458.jpg,prepared_datasets/combined_6class_confusion_cleaned/train/PaperCardboard/paper458.jpg,,,,,,,,
train_PaperCardboard_paper459,TrashNet,cleaned_image_classification,train,PaperCardboard,PaperCardboard,prepared_datasets/combined_6class_confusion_cleaned/train/PaperCardboard/paper459.jpg,prepared_datasets/combined_6class_confusion_cleaned/train/PaperCardboard/paper459.jpg,prepared_datasets/combined_6class_confusion_cleaned/train/PaperCardboard/paper459.jpg,,,,,,,,
train_PaperCardboard_paper46,TrashNet,cleaned_image_classification,train,PaperCardboard,PaperCardboard,prepared_datasets/combined_6class_confusion_cleaned/train/PaperCardboard/paper46.jpg,prepared_datasets/combined_6class_confusion_cleaned/train/PaperCardboard/paper46.jpg,prepared_datasets/combined_6class_confusion_cleaned/train/PaperCardboard/paper46.jpg,,,,,,,,
train_PaperCardboard_paper460,TrashNet,cleaned_image_classification,train,PaperCardboard,PaperCardboard,prepared_datasets/combined_6class_confusion_cleaned/train/PaperCardboard/paper460.jpg,prepared_datasets/combined_6class_confusion_cleaned/train/PaperCardboard/paper460.jpg,prepared_datasets/combined_6class_confusion_cleaned/train/PaperCardboard/paper460.jpg,,,,,,,,
train_PaperCardboard_paper461,TrashNet,cleaned_image_classification,train,PaperCardboard,PaperCardboard,prepared_datasets/combined_6class_confusion_cleaned/train/PaperCardboard/paper461.jpg,prepared_datasets/combined_6class_confusion_cleaned/train/PaperCardboard/paper461.jpg,prepared_datasets/combined_6class_confusion_cleaned/train/PaperCardboard/paper461.jpg,,,,,,,,
train_PaperCardboard_paper462,TrashNet,cleaned_image_classification,train,PaperCardboard,PaperCardboard,prepared_datasets/combined_6class_confusion_cleaned/train/PaperCardboard/paper462.jpg,prepared_datasets/combined_6class_confusion_cleaned/train/PaperCardboard/paper462.jpg,prepared_datasets/combined_6class_confusion_cleaned/train/PaperCardboard/paper462.jpg,,,,,,,,
train_PaperCardboard_paper463,TrashNet,cleaned_image_classification,train,PaperCardboard,PaperCardboard,prepared_datasets/combined_6class_confusion_cleaned/train/PaperCardboard/paper463.jpg,prepared_datasets/combined_6class_confusion_cleaned/train/PaperCardboard/paper463.jpg,prepared_datasets/combined_6class_confusion_cleaned/train/PaperCardboard/paper463.jpg,,,,,,,,
train_PaperCardboard_paper465,TrashNet,cleaned_image_classification,train,PaperCardboard,PaperCardboard,prepared_datasets/combined_6class_confusion_cleaned/train/PaperCardboard/paper465.jpg,prepared_datasets/combined_6class_confusion_cleaned/train/PaperCardboard/paper465.jpg,prepared_datasets/combined_6class_confusion_cleaned/train/PaperCardboard/paper465.jpg,,,,,,,,
train_PaperCardboard_paper467,TrashNet,cleaned_image_classification,train,PaperCardboard,PaperCardboard,prepared_datasets/combined_6class_confusion_cleaned/train/PaperCardboard/paper467.jpg,prepared_datasets/combined_6class_confusion_cleaned/train/PaperCardboard/paper467.jpg,prepared_datasets/combined_6class_confusion_cleaned/train/PaperCardboard/paper467.jpg,,,,,,,,
train_PaperCardboard_paper47,TrashNet,cleaned_image_classification,train,PaperCardboard,PaperCardboard,prepared_datasets/combined_6class_confusion_cleaned/train/PaperCardboard/paper47.jpg,prepared_datasets/combined_6class_confusion_cleaned/train/PaperCardboard/paper47.jpg,prepared_datasets/combined_6class_confusion_cleaned/train/PaperCardboard/paper47.jpg,,,,,,,,
train_PaperCardboard_paper472,TrashNet,cleaned_image_classification,train,PaperCardboard,PaperCardboard,prepared_datasets/combined_6class_confusion_cleaned/train/PaperCardboard/paper472.jpg,prepared_datasets/combined_6class_confusion_cleaned/train/PaperCardboard/paper472.jpg,prepared_datasets/combined_6class_confusion_cleaned/train/PaperCardboard/paper472.jpg,,,,,,,,
train_PaperCardboard_paper473,TrashNet,cleaned_image_classification,train,PaperCardboard,PaperCardboard,prepared_datasets/combined_6class_confusion_cleaned/train/PaperCardboard/paper473.jpg,prepared_datasets/combined_6class_confusion_cleaned/train/PaperCardboard/paper473.jpg,prepared_datasets/combined_6class_confusion_cleaned/train/PaperCardboard/paper473.jpg,,,,,,,,
train_PaperCardboard_paper474,TrashNet,cleaned_image_classification,train,PaperCardboard,PaperCardboard,prepared_datasets/combined_6class_confusion_cleaned/train/PaperCardboard/paper474.jpg,prepared_datasets/combined_6class_confusion_cleaned/train/PaperCardboard/paper474.jpg,prepared_datasets/combined_6class_confusion_cleaned/train/PaperCardboard/paper474.jpg,,,,,,,,
train_PaperCardboard_paper48,TrashNet,cleaned_image_classification,train,PaperCardboard,PaperCardboard,prepared_datasets/combined_6class_confusion_cleaned/train/PaperCardboard/paper48.jpg,prepared_datasets/combined_6class_confusion_cleaned/train/PaperCardboard/paper48.jpg,prepared_datasets/combined_6class_confusion_cleaned/train/PaperCardboard/paper48.jpg,,,,,,,,
train_PaperCardboard_paper483,TrashNet,cleaned_image_classification,train,PaperCardboard,PaperCardboard,prepared_datasets/combined_6class_confusion_cleaned/train/PaperCardboard/paper483.jpg,prepared_datasets/combined_6class_confusion_cleaned/train/PaperCardboard/paper483.jpg,prepared_datasets/combined_6class_confusion_cleaned/train/PaperCardboard/paper483.jpg,,,,,,,,
train_PaperCardboard_paper484,TrashNet,cleaned_image_classification,train,PaperCardboard,PaperCardboard,prepared_datasets/combined_6class_confusion_cleaned/train/PaperCardboard/paper484.jpg,prepared_datasets/combined_6class_confusion_cleaned/train/PaperCardboard/paper484.jpg,prepared_datasets/combined_6class_confusion_cleaned/train/PaperCardboard/paper484.jpg,,,,,,,,
train_PaperCardboard_paper485,TrashNet,cleaned_image_classification,train,PaperCardboard,PaperCardboard,prepared_datasets/combined_6class_confusion_cleaned/train/PaperCardboard/paper485.jpg,prepared_datasets/combined_6class_confusion_cleaned/train/PaperCardboard/paper485.jpg,prepared_datasets/combined_6class_confusion_cleaned/train/PaperCardboard/paper485.jpg,,,,,,,,
train_PaperCardboard_paper486,TrashNet,cleaned_image_classification,train,PaperCardboard,PaperCardboard,prepared_datasets/combined_6class_confusion_cleaned/train/PaperCardboard/paper486.jpg,prepared_datasets/combined_6class_confusion_cleaned/train/PaperCardboard/paper486.jpg,prepared_datasets/combined_6class_confusion_cleaned/train/PaperCardboard/paper486.jpg,,,,,,,,
train_PaperCardboard_paper487,TrashNet,cleaned_image_classification,train,PaperCardboard,PaperCardboard,prepared_datasets/combined_6class_confusion_cleaned/train/PaperCardboard/paper487.jpg,prepared_datasets/combined_6class_confusion_cleaned/train/PaperCardboard/paper487.jpg,prepared_datasets/combined_6class_confusion_cleaned/train/PaperCardboard/paper487.jpg,,,,,,,,
train_PaperCardboard_paper488,TrashNet,cleaned_image_classification,train,PaperCardboard,PaperCardboard,prepared_datasets/combined_6class_confusion_cleaned/train/PaperCardboard/paper488.jpg,prepared_datasets/combined_6class_confusion_cleaned/train/PaperCardboard/paper488.jpg,prepared_datasets/combined_6class_confusion_cleaned/train/PaperCardboard/paper488.jpg,,,,,,,,
train_PaperCardboard_paper489,TrashNet,cleaned_image_classification,train,PaperCardboard,PaperCardboard,prepared_datasets/combined_6class_confusion_cleaned/train/PaperCardboard/paper489.jpg,prepared_datasets/combined_6class_confusion_cleaned/train/PaperCardboard/paper489.jpg,prepared_datasets/combined_6class_confusion_cleaned/train/PaperCardboard/paper489.jpg,,,,,,,,
train_PaperCardboard_paper49,TrashNet,cleaned_image_classification,train,PaperCardboard,PaperCardboard,prepared_datasets/combined_6class_confusion_cleaned/train/PaperCardboard/paper49.jpg,prepared_datasets/combined_6class_confusion_cleaned/train/PaperCardboard/paper49.jpg,prepared_datasets/combined_6class_confusion_cleaned/train/PaperCardboard/paper49.jpg,,,,,,,,
train_PaperCardboard_paper490,TrashNet,cleaned_image_classification,train,PaperCardboard,PaperCardboard,prepared_datasets/combined_6class_confusion_cleaned/train/PaperCardboard/paper490.jpg,prepared_datasets/combined_6class_confusion_cleaned/train/PaperCardboard/paper490.jpg,prepared_datasets/combined_6class_confusion_cleaned/train/PaperCardboard/paper490.jpg,,,,,,,,
train_PaperCardboard_paper492,TrashNet,cleaned_image_classification,train,PaperCardboard,PaperCardboard,prepared_datasets/combined_6class_confusion_cleaned/train/PaperCardboard/paper492.jpg,prepared_datasets/combined_6class_confusion_cleaned/train/PaperCardboard/paper492.jpg,prepared_datasets/combined_6class_confusion_cleaned/train/PaperCardboard/paper492.jpg,,,,,,,,
train_PaperCardboard_paper493,TrashNet,cleaned_image_classification,train,PaperCardboard,PaperCardboard,prepared_datasets/combined_6class_confusion_cleaned/train/PaperCardboard/paper493.jpg,prepared_datasets/combined_6class_confusion_cleaned/train/PaperCardboard/paper493.jpg,prepared_datasets/combined_6class_confusion_cleaned/train/PaperCardboard/paper493.jpg,,,,,,,,
train_PaperCardboard_paper494,TrashNet,cleaned_image_classification,train,PaperCardboard,PaperCardboard,prepared_datasets/combined_6class_confusion_cleaned/train/PaperCardboard/paper494.jpg,prepared_datasets/combined_6class_confusion_cleaned/train/PaperCardboard/paper494.jpg,prepared_datasets/combined_6class_confusion_cleaned/train/PaperCardboard/paper494.jpg,,,,,,,,
train_PaperCardboard_paper495,TrashNet,cleaned_image_classification,train,PaperCardboard,PaperCardboard,prepared_datasets/combined_6class_confusion_cleaned/train/PaperCardboard/paper495.jpg,prepared_datasets/combined_6class_confusion_cleaned/train/PaperCardboard/paper495.jpg,prepared_datasets/combined_6class_confusion_cleaned/train/PaperCardboard/paper495.jpg,,,,,,,,
train_PaperCardboard_paper496,TrashNet,cleaned_image_classification,train,PaperCardboard,PaperCardboard,prepared_datasets/combined_6class_confusion_cleaned/train/PaperCardboard/paper496.jpg,prepared_datasets/combined_6class_confusion_cleaned/train/PaperCardboard/paper496.jpg,prepared_datasets/combined_6class_confusion_cleaned/train/PaperCardboard/paper496.jpg,,,,,,,,
train_PaperCardboard_paper499,TrashNet,cleaned_image_classification,train,PaperCardboard,PaperCardboard,prepared_datasets/combined_6class_confusion_cleaned/train/PaperCardboard/paper499.jpg,prepared_datasets/combined_6class_confusion_cleaned/train/PaperCardboard/paper499.jpg,prepared_datasets/combined_6class_confusion_cleaned/train/PaperCardboard/paper499.jpg,,,,,,,,
train_PaperCardboard_paper50,TrashNet,cleaned_image_classification,train,PaperCardboard,PaperCardboard,prepared_datasets/combined_6class_confusion_cleaned/train/PaperCardboard/paper50.jpg,prepared_datasets/combined_6class_confusion_cleaned/train/PaperCardboard/paper50.jpg,prepared_datasets/combined_6class_confusion_cleaned/train/PaperCardboard/paper50.jpg,,,,,,,,
train_PaperCardboard_paper501,TrashNet,cleaned_image_classification,train,PaperCardboard,PaperCardboard,prepared_datasets/combined_6class_confusion_cleaned/train/PaperCardboard/paper501.jpg,prepared_datasets/combined_6class_confusion_cleaned/train/PaperCardboard/paper501.jpg,prepared_datasets/combined_6class_confusion_cleaned/train/PaperCardboard/paper501.jpg,,,,,,,,
train_PaperCardboard_paper505,TrashNet,cleaned_image_classification,train,PaperCardboard,PaperCardboard,prepared_datasets/combined_6class_confusion_cleaned/train/PaperCardboard/paper505.jpg,prepared_datasets/combined_6class_confusion_cleaned/train/PaperCardboard/paper505.jpg,prepared_datasets/combined_6class_confusion_cleaned/train/PaperCardboard/paper505.jpg,,,,,,,,
train_PaperCardboard_paper509,TrashNet,cleaned_image_classification,train,PaperCardboard,PaperCardboard,prepared_datasets/combined_6class_confusion_cleaned/train/PaperCardboard/paper509.jpg,prepared_datasets/combined_6class_confusion_cleaned/train/PaperCardboard/paper509.jpg,prepared_datasets/combined_6class_confusion_cleaned/train/PaperCardboard/paper509.jpg,,,,,,,,
train_PaperCardboard_paper51,TrashNet,cleaned_image_classification,train,PaperCardboard,PaperCardboard,prepared_datasets/combined_6class_confusion_cleaned/train/PaperCardboard/paper51.jpg,prepared_datasets/combined_6class_confusion_cleaned/train/PaperCardboard/paper51.jpg,prepared_datasets/combined_6class_confusion_cleaned/train/PaperCardboard/paper51.jpg,,,,,,,,
train_PaperCardboard_paper511,TrashNet,cleaned_image_classification,train,PaperCardboard,PaperCardboard,prepared_datasets/combined_6class_confusion_cleaned/train/PaperCardboard/paper511.jpg,prepared_datasets/combined_6class_confusion_cleaned/train/PaperCardboard/paper511.jpg,prepared_datasets/combined_6class_confusion_cleaned/train/PaperCardboard/paper511.jpg,,,,,,,,
train_PaperCardboard_paper512,TrashNet,cleaned_image_classification,train,PaperCardboard,PaperCardboard,prepared_datasets/combined_6class_confusion_cleaned/train/PaperCardboard/paper512.jpg,prepared_datasets/combined_6class_confusion_cleaned/train/PaperCardboard/paper512.jpg,prepared_datasets/combined_6class_confusion_cleaned/train/PaperCardboard/paper512.jpg,,,,,,,,
train_PaperCardboard_paper513,TrashNet,cleaned_image_classification,train,PaperCardboard,PaperCardboard,prepared_datasets/combined_6class_confusion_cleaned/train/PaperCardboard/paper513.jpg,prepared_datasets/combined_6class_confusion_cleaned/train/PaperCardboard/paper513.jpg,prepared_datasets/combined_6class_confusion_cleaned/train/PaperCardboard/paper513.jpg,,,,,,,,
train_PaperCardboard_paper514,TrashNet,cleaned_image_classification,train,PaperCardboard,PaperCardboard,prepared_datasets/combined_6class_confusion_cleaned/train/PaperCardboard/paper514.jpg,prepared_datasets/combined_6class_confusion_cleaned/train/PaperCardboard/paper514.jpg,prepared_datasets/combined_6class_confusion_cleaned/train/PaperCardboard/paper514.jpg,,,,,,,,
train_PaperCardboard_paper515,TrashNet,cleaned_image_classification,train,PaperCardboard,PaperCardboard,prepared_datasets/combined_6class_confusion_cleaned/train/PaperCardboard/paper515.jpg,prepared_datasets/combined_6class_confusion_cleaned/train/PaperCardboard/paper515.jpg,prepared_datasets/combined_6class_confusion_cleaned/train/PaperCardboard/paper515.jpg,,,,,,,,
train_PaperCardboard_paper516,TrashNet,cleaned_image_classification,train,PaperCardboard,PaperCardboard,prepared_datasets/combined_6class_confusion_cleaned/train/PaperCardboard/paper516.jpg,prepared_datasets/combined_6class_confusion_cleaned/train/PaperCardboard/paper516.jpg,prepared_datasets/combined_6class_confusion_cleaned/train/PaperCardboard/paper516.jpg,,,,,,,,
train_PaperCardboard_paper521,TrashNet,cleaned_image_classification,train,PaperCardboard,PaperCardboard,prepared_datasets/combined_6class_confusion_cleaned/train/PaperCardboard/paper521.jpg,prepared_datasets/combined_6class_confusion_cleaned/train/PaperCardboard/paper521.jpg,prepared_datasets/combined_6class_confusion_cleaned/train/PaperCardboard/paper521.jpg,,,,,,,,
train_PaperCardboard_paper522,TrashNet,cleaned_image_classification,train,PaperCardboard,PaperCardboard,prepared_datasets/combined_6class_confusion_cleaned/train/PaperCardboard/paper522.jpg,prepared_datasets/combined_6class_confusion_cleaned/train/PaperCardboard/paper522.jpg,prepared_datasets/combined_6class_confusion_cleaned/train/PaperCardboard/paper522.jpg,,,,,,,,
train_PaperCardboard_paper526,TrashNet,cleaned_image_classification,train,PaperCardboard,PaperCardboard,prepared_datasets/combined_6class_confusion_cleaned/train/PaperCardboard/paper526.jpg,prepared_datasets/combined_6class_confusion_cleaned/train/PaperCardboard/paper526.jpg,prepared_datasets/combined_6class_confusion_cleaned/train/PaperCardboard/paper526.jpg,,,,,,,,
train_PaperCardboard_paper528,TrashNet,cleaned_image_classification,train,PaperCardboard,PaperCardboard,prepared_datasets/combined_6class_confusion_cleaned/train/PaperCardboard/paper528.jpg,prepared_datasets/combined_6class_confusion_cleaned/train/PaperCardboard/paper528.jpg,prepared_datasets/combined_6class_confusion_cleaned/train/PaperCardboard/paper528.jpg,,,,,,,,
train_PaperCardboard_paper529,TrashNet,cleaned_image_classification,train,PaperCardboard,PaperCardboard,prepared_datasets/combined_6class_confusion_cleaned/train/PaperCardboard/paper529.jpg,prepared_datasets/combined_6class_confusion_cleaned/train/PaperCardboard/paper529.jpg,prepared_datasets/combined_6class_confusion_cleaned/train/PaperCardboard/paper529.jpg,,,,,,,,
train_PaperCardboard_paper53,TrashNet,cleaned_image_classification,train,PaperCardboard,PaperCardboard,prepared_datasets/combined_6class_confusion_cleaned/train/PaperCardboard/paper53.jpg,prepared_datasets/combined_6class_confusion_cleaned/train/PaperCardboard/paper53.jpg,prepared_datasets/combined_6class_confusion_cleaned/train/PaperCardboard/paper53.jpg,,,,,,,,
train_PaperCardboard_paper533,TrashNet,cleaned_image_classification,train,PaperCardboard,PaperCardboard,prepared_datasets/combined_6class_confusion_cleaned/train/PaperCardboard/paper533.jpg,prepared_datasets/combined_6class_confusion_cleaned/train/PaperCardboard/paper533.jpg,prepared_datasets/combined_6class_confusion_cleaned/train/PaperCardboard/paper533.jpg,,,,,,,,
train_PaperCardboard_paper537,TrashNet,cleaned_image_classification,train,PaperCardboard,PaperCardboard,prepared_datasets/combined_6class_confusion_cleaned/train/PaperCardboard/paper537.jpg,prepared_datasets/combined_6class_confusion_cleaned/train/PaperCardboard/paper537.jpg,prepared_datasets/combined_6class_confusion_cleaned/train/PaperCardboard/paper537.jpg,,,,,,,,
train_PaperCardboard_paper538,TrashNet,cleaned_image_classification,train,PaperCardboard,PaperCardboard,prepared_datasets/combined_6class_confusion_cleaned/train/PaperCardboard/paper538.jpg,prepared_datasets/combined_6class_confusion_cleaned/train/PaperCardboard/paper538.jpg,prepared_datasets/combined_6class_confusion_cleaned/train/PaperCardboard/paper538.jpg,,,,,,,,
train_PaperCardboard_paper539,TrashNet,cleaned_image_classification,train,PaperCardboard,PaperCardboard,prepared_datasets/combined_6class_confusion_cleaned/train/PaperCardboard/paper539.jpg,prepared_datasets/combined_6class_confusion_cleaned/train/PaperCardboard/paper539.jpg,prepared_datasets/combined_6class_confusion_cleaned/train/PaperCardboard/paper539.jpg,,,,,,,,
train_PaperCardboard_paper54,TrashNet,cleaned_image_classification,train,PaperCardboard,PaperCardboard,prepared_datasets/combined_6class_confusion_cleaned/train/PaperCardboard/paper54.jpg,prepared_datasets/combined_6class_confusion_cleaned/train/PaperCardboard/paper54.jpg,prepared_datasets/combined_6class_confusion_cleaned/train/PaperCardboard/paper54.jpg,,,,,,,,
train_PaperCardboard_paper540,TrashNet,cleaned_image_classification,train,PaperCardboard,PaperCardboard,prepared_datasets/combined_6class_confusion_cleaned/train/PaperCardboard/paper540.jpg,prepared_datasets/combined_6class_confusion_cleaned/train/PaperCardboard/paper540.jpg,prepared_datasets/combined_6class_confusion_cleaned/train/PaperCardboard/paper540.jpg,,,,,,,,
train_PaperCardboard_paper541,TrashNet,cleaned_image_classification,train,PaperCardboard,PaperCardboard,prepared_datasets/combined_6class_confusion_cleaned/train/PaperCardboard/paper541.jpg,prepared_datasets/combined_6class_confusion_cleaned/train/PaperCardboard/paper541.jpg,prepared_datasets/combined_6class_confusion_cleaned/train/PaperCardboard/paper541.jpg,,,,,,,,
train_PaperCardboard_paper542,TrashNet,cleaned_image_classification,train,PaperCardboard,PaperCardboard,prepared_datasets/combined_6class_confusion_cleaned/train/PaperCardboard/paper542.jpg,prepared_datasets/combined_6class_confusion_cleaned/train/PaperCardboard/paper542.jpg,prepared_datasets/combined_6class_confusion_cleaned/train/PaperCardboard/paper542.jpg,,,,,,,,
train_PaperCardboard_paper543,TrashNet,cleaned_image_classification,train,PaperCardboard,PaperCardboard,prepared_datasets/combined_6class_confusion_cleaned/train/PaperCardboard/paper543.jpg,prepared_datasets/combined_6class_confusion_cleaned/train/PaperCardboard/paper543.jpg,prepared_datasets/combined_6class_confusion_cleaned/train/PaperCardboard/paper543.jpg,,,,,,,,
train_PaperCardboard_paper547,TrashNet,cleaned_image_classification,train,PaperCardboard,PaperCardboard,prepared_datasets/combined_6class_confusion_cleaned/train/PaperCardboard/paper547.jpg,prepared_datasets/combined_6class_confusion_cleaned/train/PaperCardboard/paper547.jpg,prepared_datasets/combined_6class_confusion_cleaned/train/PaperCardboard/paper547.jpg,,,,,,,,
train_PaperCardboard_paper55,TrashNet,cleaned_image_classification,train,PaperCardboard,PaperCardboard,prepared_datasets/combined_6class_confusion_cleaned/train/PaperCardboard/paper55.jpg,prepared_datasets/combined_6class_confusion_cleaned/train/PaperCardboard/paper55.jpg,prepared_datasets/combined_6class_confusion_cleaned/train/PaperCardboard/paper55.jpg,,,,,,,,
train_PaperCardboard_paper551,TrashNet,cleaned_image_classification,train,PaperCardboard,PaperCardboard,prepared_datasets/combined_6class_confusion_cleaned/train/PaperCardboard/paper551.jpg,prepared_datasets/combined_6class_confusion_cleaned/train/PaperCardboard/paper551.jpg,prepared_datasets/combined_6class_confusion_cleaned/train/PaperCardboard/paper551.jpg,,,,,,,,
train_PaperCardboard_paper553,TrashNet,cleaned_image_classification,train,PaperCardboard,PaperCardboard,prepared_datasets/combined_6class_confusion_cleaned/train/PaperCardboard/paper553.jpg,prepared_datasets/combined_6class_confusion_cleaned/train/PaperCardboard/paper553.jpg,prepared_datasets/combined_6class_confusion_cleaned/train/PaperCardboard/paper553.jpg,,,,,,,,
train_PaperCardboard_paper555,TrashNet,cleaned_image_classification,train,PaperCardboard,PaperCardboard,prepared_datasets/combined_6class_confusion_cleaned/train/PaperCardboard/paper555.jpg,prepared_datasets/combined_6class_confusion_cleaned/train/PaperCardboard/paper555.jpg,prepared_datasets/combined_6class_confusion_cleaned/train/PaperCardboard/paper555.jpg,,,,,,,,
train_PaperCardboard_paper557,TrashNet,cleaned_image_classification,train,PaperCardboard,PaperCardboard,prepared_datasets/combined_6class_confusion_cleaned/train/PaperCardboard/paper557.jpg,prepared_datasets/combined_6class_confusion_cleaned/train/PaperCardboard/paper557.jpg,prepared_datasets/combined_6class_confusion_cleaned/train/PaperCardboard/paper557.jpg,,,,,,,,
train_PaperCardboard_paper558,TrashNet,cleaned_image_classification,train,PaperCardboard,PaperCardboard,prepared_datasets/combined_6class_confusion_cleaned/train/PaperCardboard/paper558.jpg,prepared_datasets/combined_6class_confusion_cleaned/train/PaperCardboard/paper558.jpg,prepared_datasets/combined_6class_confusion_cleaned/train/PaperCardboard/paper558.jpg,,,,,,,,
train_PaperCardboard_paper56,TrashNet,cleaned_image_classification,train,PaperCardboard,PaperCardboard,prepared_datasets/combined_6class_confusion_cleaned/train/PaperCardboard/paper56.jpg,prepared_datasets/combined_6class_confusion_cleaned/train/PaperCardboard/paper56.jpg,prepared_datasets/combined_6class_confusion_cleaned/train/PaperCardboard/paper56.jpg,,,,,,,,
train_PaperCardboard_paper564,TrashNet,cleaned_image_classification,train,PaperCardboard,PaperCardboard,prepared_datasets/combined_6class_confusion_cleaned/train/PaperCardboard/paper564.jpg,prepared_datasets/combined_6class_confusion_cleaned/train/PaperCardboard/paper564.jpg,prepared_datasets/combined_6class_confusion_cleaned/train/PaperCardboard/paper564.jpg,,,,,,,,
train_PaperCardboard_paper565,TrashNet,cleaned_image_classification,train,PaperCardboard,PaperCardboard,prepared_datasets/combined_6class_confusion_cleaned/train/PaperCardboard/paper565.jpg,prepared_datasets/combined_6class_confusion_cleaned/train/PaperCardboard/paper565.jpg,prepared_datasets/combined_6class_confusion_cleaned/train/PaperCardboard/paper565.jpg,,,,,,,,
train_PaperCardboard_paper566,TrashNet,cleaned_image_classification,train,PaperCardboard,PaperCardboard,prepared_datasets/combined_6class_confusion_cleaned/train/PaperCardboard/paper566.jpg,prepared_datasets/combined_6class_confusion_cleaned/train/PaperCardboard/paper566.jpg,prepared_datasets/combined_6class_confusion_cleaned/train/PaperCardboard/paper566.jpg,,,,,,,,
train_PaperCardboard_paper57,TrashNet,cleaned_image_classification,train,PaperCardboard,PaperCardboard,prepared_datasets/combined_6class_confusion_cleaned/train/PaperCardboard/paper57.jpg,prepared_datasets/combined_6class_confusion_cleaned/train/PaperCardboard/paper57.jpg,prepared_datasets/combined_6class_confusion_cleaned/train/PaperCardboard/paper57.jpg,,,,,,,,
train_PaperCardboard_paper570,TrashNet,cleaned_image_classification,train,PaperCardboard,PaperCardboard,prepared_datasets/combined_6class_confusion_cleaned/train/PaperCardboard/paper570.jpg,prepared_datasets/combined_6class_confusion_cleaned/train/PaperCardboard/paper570.jpg,prepared_datasets/combined_6class_confusion_cleaned/train/PaperCardboard/paper570.jpg,,,,,,,,
train_PaperCardboard_paper572,TrashNet,cleaned_image_classification,train,PaperCardboard,PaperCardboard,prepared_datasets/combined_6class_confusion_cleaned/train/PaperCardboard/paper572.jpg,prepared_datasets/combined_6class_confusion_cleaned/train/PaperCardboard/paper572.jpg,prepared_datasets/combined_6class_confusion_cleaned/train/PaperCardboard/paper572.jpg,,,,,,,,
train_PaperCardboard_paper574,TrashNet,cleaned_image_classification,train,PaperCardboard,PaperCardboard,prepared_datasets/combined_6class_confusion_cleaned/train/PaperCardboard/paper574.jpg,prepared_datasets/combined_6class_confusion_cleaned/train/PaperCardboard/paper574.jpg,prepared_datasets/combined_6class_confusion_cleaned/train/PaperCardboard/paper574.jpg,,,,,,,,
train_PaperCardboard_paper575,TrashNet,cleaned_image_classification,train,PaperCardboard,PaperCardboard,prepared_datasets/combined_6class_confusion_cleaned/train/PaperCardboard/paper575.jpg,prepared_datasets/combined_6class_confusion_cleaned/train/PaperCardboard/paper575.jpg,prepared_datasets/combined_6class_confusion_cleaned/train/PaperCardboard/paper575.jpg,,,,,,,,
train_PaperCardboard_paper576,TrashNet,cleaned_image_classification,train,PaperCardboard,PaperCardboard,prepared_datasets/combined_6class_confusion_cleaned/train/PaperCardboard/paper576.jpg,prepared_datasets/combined_6class_confusion_cleaned/train/PaperCardboard/paper576.jpg,prepared_datasets/combined_6class_confusion_cleaned/train/PaperCardboard/paper576.jpg,,,,,,,,
train_PaperCardboard_paper579,TrashNet,cleaned_image_classification,train,PaperCardboard,PaperCardboard,prepared_datasets/combined_6class_confusion_cleaned/train/PaperCardboard/paper579.jpg,prepared_datasets/combined_6class_confusion_cleaned/train/PaperCardboard/paper579.jpg,prepared_datasets/combined_6class_confusion_cleaned/train/PaperCardboard/paper579.jpg,,,,,,,,
train_PaperCardboard_paper58,TrashNet,cleaned_image_classification,train,PaperCardboard,PaperCardboard,prepared_datasets/combined_6class_confusion_cleaned/train/PaperCardboard/paper58.jpg,prepared_datasets/combined_6class_confusion_cleaned/train/PaperCardboard/paper58.jpg,prepared_datasets/combined_6class_confusion_cleaned/train/PaperCardboard/paper58.jpg,,,,,,,,
train_PaperCardboard_paper581,TrashNet,cleaned_image_classification,train,PaperCardboard,PaperCardboard,prepared_datasets/combined_6class_confusion_cleaned/train/PaperCardboard/paper581.jpg,prepared_datasets/combined_6class_confusion_cleaned/train/PaperCardboard/paper581.jpg,prepared_datasets/combined_6class_confusion_cleaned/train/PaperCardboard/paper581.jpg,,,,,,,,
train_PaperCardboard_paper582,TrashNet,cleaned_image_classification,train,PaperCardboard,PaperCardboard,prepared_datasets/combined_6class_confusion_cleaned/train/PaperCardboard/paper582.jpg,prepared_datasets/combined_6class_confusion_cleaned/train/PaperCardboard/paper582.jpg,prepared_datasets/combined_6class_confusion_cleaned/train/PaperCardboard/paper582.jpg,,,,,,,,
train_PaperCardboard_paper585,TrashNet,cleaned_image_classification,train,PaperCardboard,PaperCardboard,prepared_datasets/combined_6class_confusion_cleaned/train/PaperCardboard/paper585.jpg,prepared_datasets/combined_6class_confusion_cleaned/train/PaperCardboard/paper585.jpg,prepared_datasets/combined_6class_confusion_cleaned/train/PaperCardboard/paper585.jpg,,,,,,,,
train_PaperCardboard_paper586,TrashNet,cleaned_image_classification,train,PaperCardboard,PaperCardboard,prepared_datasets/combined_6class_confusion_cleaned/train/PaperCardboard/paper586.jpg,prepared_datasets/combined_6class_confusion_cleaned/train/PaperCardboard/paper586.jpg,prepared_datasets/combined_6class_confusion_cleaned/train/PaperCardboard/paper586.jpg,,,,,,,,
train_PaperCardboard_paper588,TrashNet,cleaned_image_classification,train,PaperCardboard,PaperCardboard,prepared_datasets/combined_6class_confusion_cleaned/train/PaperCardboard/paper588.jpg,prepared_datasets/combined_6class_confusion_cleaned/train/PaperCardboard/paper588.jpg,prepared_datasets/combined_6class_confusion_cleaned/train/PaperCardboard/paper588.jpg,,,,,,,,
train_PaperCardboard_paper59,TrashNet,cleaned_image_classification,train,PaperCardboard,PaperCardboard,prepared_datasets/combined_6class_confusion_cleaned/train/PaperCardboard/paper59.jpg,prepared_datasets/combined_6class_confusion_cleaned/train/PaperCardboard/paper59.jpg,prepared_datasets/combined_6class_confusion_cleaned/train/PaperCardboard/paper59.jpg,,,,,,,,
train_PaperCardboard_paper6,TrashNet,cleaned_image_classification,train,PaperCardboard,PaperCardboard,prepared_datasets/combined_6class_confusion_cleaned/train/PaperCardboard/paper6.jpg,prepared_datasets/combined_6class_confusion_cleaned/train/PaperCardboard/paper6.jpg,prepared_datasets/combined_6class_confusion_cleaned/train/PaperCardboard/paper6.jpg,,,,,,,,
train_PaperCardboard_paper62,TrashNet,cleaned_image_classification,train,PaperCardboard,PaperCardboard,prepared_datasets/combined_6class_confusion_cleaned/train/PaperCardboard/paper62.jpg,prepared_datasets/combined_6class_confusion_cleaned/train/PaperCardboard/paper62.jpg,prepared_datasets/combined_6class_confusion_cleaned/train/PaperCardboard/paper62.jpg,,,,,,,,
train_PaperCardboard_paper67,TrashNet,cleaned_image_classification,train,PaperCardboard,PaperCardboard,prepared_datasets/combined_6class_confusion_cleaned/train/PaperCardboard/paper67.jpg,prepared_datasets/combined_6class_confusion_cleaned/train/PaperCardboard/paper67.jpg,prepared_datasets/combined_6class_confusion_cleaned/train/PaperCardboard/paper67.jpg,,,,,,,,
train_PaperCardboard_paper68,TrashNet,cleaned_image_classification,train,PaperCardboard,PaperCardboard,prepared_datasets/combined_6class_confusion_cleaned/train/PaperCardboard/paper68.jpg,prepared_datasets/combined_6class_confusion_cleaned/train/PaperCardboard/paper68.jpg,prepared_datasets/combined_6class_confusion_cleaned/train/PaperCardboard/paper68.jpg,,,,,,,,
train_PaperCardboard_paper69,TrashNet,cleaned_image_classification,train,PaperCardboard,PaperCardboard,prepared_datasets/combined_6class_confusion_cleaned/train/PaperCardboard/paper69.jpg,prepared_datasets/combined_6class_confusion_cleaned/train/PaperCardboard/paper69.jpg,prepared_datasets/combined_6class_confusion_cleaned/train/PaperCardboard/paper69.jpg,,,,,,,,
train_PaperCardboard_paper7,TrashNet,cleaned_image_classification,train,PaperCardboard,PaperCardboard,prepared_datasets/combined_6class_confusion_cleaned/train/PaperCardboard/paper7.jpg,prepared_datasets/combined_6class_confusion_cleaned/train/PaperCardboard/paper7.jpg,prepared_datasets/combined_6class_confusion_cleaned/train/PaperCardboard/paper7.jpg,,,,,,,,
train_PaperCardboard_paper74,TrashNet,cleaned_image_classification,train,PaperCardboard,PaperCardboard,prepared_datasets/combined_6class_confusion_cleaned/train/PaperCardboard/paper74.jpg,prepared_datasets/combined_6class_confusion_cleaned/train/PaperCardboard/paper74.jpg,prepared_datasets/combined_6class_confusion_cleaned/train/PaperCardboard/paper74.jpg,,,,,,,,
train_PaperCardboard_paper76,TrashNet,cleaned_image_classification,train,PaperCardboard,PaperCardboard,prepared_datasets/combined_6class_confusion_cleaned/train/PaperCardboard/paper76.jpg,prepared_datasets/combined_6class_confusion_cleaned/train/PaperCardboard/paper76.jpg,prepared_datasets/combined_6class_confusion_cleaned/train/PaperCardboard/paper76.jpg,,,,,,,,
train_PaperCardboard_paper77,TrashNet,cleaned_image_classification,train,PaperCardboard,PaperCardboard,prepared_datasets/combined_6class_confusion_cleaned/train/PaperCardboard/paper77.jpg,prepared_datasets/combined_6class_confusion_cleaned/train/PaperCardboard/paper77.jpg,prepared_datasets/combined_6class_confusion_cleaned/train/PaperCardboard/paper77.jpg,,,,,,,,
train_PaperCardboard_paper78,TrashNet,cleaned_image_classification,train,PaperCardboard,PaperCardboard,prepared_datasets/combined_6class_confusion_cleaned/train/PaperCardboard/paper78.jpg,prepared_datasets/combined_6class_confusion_cleaned/train/PaperCardboard/paper78.jpg,prepared_datasets/combined_6class_confusion_cleaned/train/PaperCardboard/paper78.jpg,,,,,,,,
train_PaperCardboard_paper79,TrashNet,cleaned_image_classification,train,PaperCardboard,PaperCardboard,prepared_datasets/combined_6class_confusion_cleaned/train/PaperCardboard/paper79.jpg,prepared_datasets/combined_6class_confusion_cleaned/train/PaperCardboard/paper79.jpg,prepared_datasets/combined_6class_confusion_cleaned/train/PaperCardboard/paper79.jpg,,,,,,,,
train_PaperCardboard_paper8,TrashNet,cleaned_image_classification,train,PaperCardboard,PaperCardboard,prepared_datasets/combined_6class_confusion_cleaned/train/PaperCardboard/paper8.jpg,prepared_datasets/combined_6class_confusion_cleaned/train/PaperCardboard/paper8.jpg,prepared_datasets/combined_6class_confusion_cleaned/train/PaperCardboard/paper8.jpg,,,,,,,,
train_PaperCardboard_paper81,TrashNet,cleaned_image_classification,train,PaperCardboard,PaperCardboard,prepared_datasets/combined_6class_confusion_cleaned/train/PaperCardboard/paper81.jpg,prepared_datasets/combined_6class_confusion_cleaned/train/PaperCardboard/paper81.jpg,prepared_datasets/combined_6class_confusion_cleaned/train/PaperCardboard/paper81.jpg,,,,,,,,
train_PaperCardboard_paper82,TrashNet,cleaned_image_classification,train,PaperCardboard,PaperCardboard,prepared_datasets/combined_6class_confusion_cleaned/train/PaperCardboard/paper82.jpg,prepared_datasets/combined_6class_confusion_cleaned/train/PaperCardboard/paper82.jpg,prepared_datasets/combined_6class_confusion_cleaned/train/PaperCardboard/paper82.jpg,,,,,,,,
train_PaperCardboard_paper83,TrashNet,cleaned_image_classification,train,PaperCardboard,PaperCardboard,prepared_datasets/combined_6class_confusion_cleaned/train/PaperCardboard/paper83.jpg,prepared_datasets/combined_6class_confusion_cleaned/train/PaperCardboard/paper83.jpg,prepared_datasets/combined_6class_confusion_cleaned/train/PaperCardboard/paper83.jpg,,,,,,,,
train_PaperCardboard_paper84,TrashNet,cleaned_image_classification,train,PaperCardboard,PaperCardboard,prepared_datasets/combined_6class_confusion_cleaned/train/PaperCardboard/paper84.jpg,prepared_datasets/combined_6class_confusion_cleaned/train/PaperCardboard/paper84.jpg,prepared_datasets/combined_6class_confusion_cleaned/train/PaperCardboard/paper84.jpg,,,,,,,,
train_PaperCardboard_paper85,TrashNet,cleaned_image_classification,train,PaperCardboard,PaperCardboard,prepared_datasets/combined_6class_confusion_cleaned/train/PaperCardboard/paper85.jpg,prepared_datasets/combined_6class_confusion_cleaned/train/PaperCardboard/paper85.jpg,prepared_datasets/combined_6class_confusion_cleaned/train/PaperCardboard/paper85.jpg,,,,,,,,
train_PaperCardboard_paper87,TrashNet,cleaned_image_classification,train,PaperCardboard,PaperCardboard,prepared_datasets/combined_6class_confusion_cleaned/train/PaperCardboard/paper87.jpg,prepared_datasets/combined_6class_confusion_cleaned/train/PaperCardboard/paper87.jpg,prepared_datasets/combined_6class_confusion_cleaned/train/PaperCardboard/paper87.jpg,,,,,,,,
train_PaperCardboard_paper88,TrashNet,cleaned_image_classification,train,PaperCardboard,PaperCardboard,prepared_datasets/combined_6class_confusion_cleaned/train/PaperCardboard/paper88.jpg,prepared_datasets/combined_6class_confusion_cleaned/train/PaperCardboard/paper88.jpg,prepared_datasets/combined_6class_confusion_cleaned/train/PaperCardboard/paper88.jpg,,,,,,,,
train_PaperCardboard_paper9,TrashNet,cleaned_image_classification,train,PaperCardboard,PaperCardboard,prepared_datasets/combined_6class_confusion_cleaned/train/PaperCardboard/paper9.jpg,prepared_datasets/combined_6class_confusion_cleaned/train/PaperCardboard/paper9.jpg,prepared_datasets/combined_6class_confusion_cleaned/train/PaperCardboard/paper9.jpg,,,,,,,,
train_PaperCardboard_paper90,TrashNet,cleaned_image_classification,train,PaperCardboard,PaperCardboard,prepared_datasets/combined_6class_confusion_cleaned/train/PaperCardboard/paper90.jpg,prepared_datasets/combined_6class_confusion_cleaned/train/PaperCardboard/paper90.jpg,prepared_datasets/combined_6class_confusion_cleaned/train/PaperCardboard/paper90.jpg,,,,,,,,
train_PaperCardboard_paper92,TrashNet,cleaned_image_classification,train,PaperCardboard,PaperCardboard,prepared_datasets/combined_6class_confusion_cleaned/train/PaperCardboard/paper92.jpg,prepared_datasets/combined_6class_confusion_cleaned/train/PaperCardboard/paper92.jpg,prepared_datasets/combined_6class_confusion_cleaned/train/PaperCardboard/paper92.jpg,,,,,,,,
train_PaperCardboard_paper94,TrashNet,cleaned_image_classification,train,PaperCardboard,PaperCardboard,prepared_datasets/combined_6class_confusion_cleaned/train/PaperCardboard/paper94.jpg,prepared_datasets/combined_6class_confusion_cleaned/train/PaperCardboard/paper94.jpg,prepared_datasets/combined_6class_confusion_cleaned/train/PaperCardboard/paper94.jpg,,,,,,,,
train_PaperCardboard_paper97,TrashNet,cleaned_image_classification,train,PaperCardboard,PaperCardboard,prepared_datasets/combined_6class_confusion_cleaned/train/PaperCardboard/paper97.jpg,prepared_datasets/combined_6class_confusion_cleaned/train/PaperCardboard/paper97.jpg,prepared_datasets/combined_6class_confusion_cleaned/train/PaperCardboard/paper97.jpg,,,,,,,,
train_PaperCardboard_paper98,TrashNet,cleaned_image_classification,train,PaperCardboard,PaperCardboard,prepared_datasets/combined_6class_confusion_cleaned/train/PaperCardboard/paper98.jpg,prepared_datasets/combined_6class_confusion_cleaned/train/PaperCardboard/paper98.jpg,prepared_datasets/combined_6class_confusion_cleaned/train/PaperCardboard/paper98.jpg,,,,,,,,
train_Plastic_000000_ann3029,TACO,cleaned_image_classification,train,Plastic,Plastic,prepared_datasets/combined_6class_confusion_cleaned/train/Plastic/000000_ann3029.jpg,prepared_datasets/combined_6class_confusion_cleaned/train/Plastic/000000_ann3029.jpg,prepared_datasets/combined_6class_confusion_cleaned/train/Plastic/000000_ann3029.jpg,,,,,,,,
train_Plastic_000000_ann97,TACO,cleaned_image_classification,train,Plastic,Plastic,prepared_datasets/combined_6class_confusion_cleaned/train/Plastic/000000_ann97.jpg,prepared_datasets/combined_6class_confusion_cleaned/train/Plastic/000000_ann97.jpg,prepared_datasets/combined_6class_confusion_cleaned/train/Plastic/000000_ann97.jpg,,,,,,,,
train_Plastic_000001_ann1701,TACO,cleaned_image_classification,train,Plastic,Plastic,prepared_datasets/combined_6class_confusion_cleaned/train/Plastic/000001_ann1701.jpg,prepared_datasets/combined_6class_confusion_cleaned/train/Plastic/000001_ann1701.jpg,prepared_datasets/combined_6class_confusion_cleaned/train/Plastic/000001_ann1701.jpg,,,,,,,,
train_Plastic_000001_ann3032,TACO,cleaned_image_classification,train,Plastic,Plastic,prepared_datasets/combined_6class_confusion_cleaned/train/Plastic/000001_ann3032.jpg,prepared_datasets/combined_6class_confusion_cleaned/train/Plastic/000001_ann3032.jpg,prepared_datasets/combined_6class_confusion_cleaned/train/Plastic/000001_ann3032.jpg,,,,,,,,
train_Plastic_000003_ann330,TACO,cleaned_image_classification,train,Plastic,Plastic,prepared_datasets/combined_6class_confusion_cleaned/train/Plastic/000003_ann330.jpg,prepared_datasets/combined_6class_confusion_cleaned/train/Plastic/000003_ann330.jpg,prepared_datasets/combined_6class_confusion_cleaned/train/Plastic/000003_ann330.jpg,,,,,,,,
train_Plastic_000008_ann1444,TACO,cleaned_image_classification,train,Plastic,Plastic,prepared_datasets/combined_6class_confusion_cleaned/train/Plastic/000008_ann1444.jpg,prepared_datasets/combined_6class_confusion_cleaned/train/Plastic/000008_ann1444.jpg,prepared_datasets/combined_6class_confusion_cleaned/train/Plastic/000008_ann1444.jpg,,,,,,,,
train_Plastic_000008_ann3048,TACO,cleaned_image_classification,train,Plastic,Plastic,prepared_datasets/combined_6class_confusion_cleaned/train/Plastic/000008_ann3048.jpg,prepared_datasets/combined_6class_confusion_cleaned/train/Plastic/000008_ann3048.jpg,prepared_datasets/combined_6class_confusion_cleaned/train/Plastic/000008_ann3048.jpg,,,,,,,,
train_Plastic_000009_ann1452,TACO,cleaned_image_classification,train,Plastic,Plastic,prepared_datasets/combined_6class_confusion_cleaned/train/Plastic/000009_ann1452.jpg,prepared_datasets/combined_6class_confusion_cleaned/train/Plastic/000009_ann1452.jpg,prepared_datasets/combined_6class_confusion_cleaned/train/Plastic/000009_ann1452.jpg,,,,,,,,
train_Plastic_000010_ann1454,TACO,cleaned_image_classification,train,Plastic,Plastic,prepared_datasets/combined_6class_confusion_cleaned/train/Plastic/000010_ann1454.jpg,prepared_datasets/combined_6class_confusion_cleaned/train/Plastic/000010_ann1454.jpg,prepared_datasets/combined_6class_confusion_cleaned/train/Plastic/000010_ann1454.jpg,,,,,,,,
train_Plastic_000010_ann4,TACO,cleaned_image_classification,train,Plastic,Plastic,prepared_datasets/combined_6class_confusion_cleaned/train/Plastic/000010_ann4.jpg,prepared_datasets/combined_6class_confusion_cleaned/train/Plastic/000010_ann4.jpg,prepared_datasets/combined_6class_confusion_cleaned/train/Plastic/000010_ann4.jpg,,,,,,,,
train_Plastic_000012_ann947,TACO,cleaned_image_classification,train,Plastic,Plastic,prepared_datasets/combined_6class_confusion_cleaned/train/Plastic/000012_ann947.jpg,prepared_datasets/combined_6class_confusion_cleaned/train/Plastic/000012_ann947.jpg,prepared_datasets/combined_6class_confusion_cleaned/train/Plastic/000012_ann947.jpg,,,,,,,,
train_Plastic_000013_ann1718,TACO,cleaned_image_classification,train,Plastic,Plastic,prepared_datasets/combined_6class_confusion_cleaned/train/Plastic/000013_ann1718.jpg,prepared_datasets/combined_6class_confusion_cleaned/train/Plastic/000013_ann1718.jpg,prepared_datasets/combined_6class_confusion_cleaned/train/Plastic/000013_ann1718.jpg,,,,,,,,
train_Plastic_000013_ann948,TACO,cleaned_image_classification,train,Plastic,Plastic,prepared_datasets/combined_6class_confusion_cleaned/train/Plastic/000013_ann948.jpg,prepared_datasets/combined_6class_confusion_cleaned/train/Plastic/000013_ann948.jpg,prepared_datasets/combined_6class_confusion_cleaned/train/Plastic/000013_ann948.jpg,,,,,,,,
train_Plastic_000014_ann1467,TACO,cleaned_image_classification,train,Plastic,Plastic,prepared_datasets/combined_6class_confusion_cleaned/train/Plastic/000014_ann1467.jpg,prepared_datasets/combined_6class_confusion_cleaned/train/Plastic/000014_ann1467.jpg,prepared_datasets/combined_6class_confusion_cleaned/train/Plastic/000014_ann1467.jpg,,,,,,,,
train_Plastic_000015_ann1476,TACO,cleaned_image_classification,train,Plastic,Plastic,prepared_datasets/combined_6class_confusion_cleaned/train/Plastic/000015_ann1476.jpg,prepared_datasets/combined_6class_confusion_cleaned/train/Plastic/000015_ann1476.jpg,prepared_datasets/combined_6class_confusion_cleaned/train/Plastic/000015_ann1476.jpg,,,,,,,,
train_Plastic_000019_ann1727,TACO,cleaned_image_classification,train,Plastic,Plastic,prepared_datasets/combined_6class_confusion_cleaned/train/Plastic/000019_ann1727.jpg,prepared_datasets/combined_6class_confusion_cleaned/train/Plastic/000019_ann1727.jpg,prepared_datasets/combined_6class_confusion_cleaned/train/Plastic/000019_ann1727.jpg,,,,,,,,
train_Plastic_000019_ann1956,TACO,cleaned_image_classification,train,Plastic,Plastic,prepared_datasets/combined_6class_confusion_cleaned/train/Plastic/000019_ann1956.jpg,prepared_datasets/combined_6class_confusion_cleaned/train/Plastic/000019_ann1956.jpg,prepared_datasets/combined_6class_confusion_cleaned/train/Plastic/000019_ann1956.jpg,,,,,,,,
train_Plastic_000019_ann1961,TACO,cleaned_image_classification,train,Plastic,Plastic,prepared_datasets/combined_6class_confusion_cleaned/train/Plastic/000019_ann1961.jpg,prepared_datasets/combined_6class_confusion_cleaned/train/Plastic/000019_ann1961.jpg,prepared_datasets/combined_6class_confusion_cleaned/train/Plastic/000019_ann1961.jpg,,,,,,,,
train_Plastic_000019_ann741,TACO,cleaned_image_classification,train,Plastic,Plastic,prepared_datasets/combined_6class_confusion_cleaned/train/Plastic/000019_ann741.jpg,prepared_datasets/combined_6class_confusion_cleaned/train/Plastic/000019_ann741.jpg,prepared_datasets/combined_6class_confusion_cleaned/train/Plastic/000019_ann741.jpg,,,,,,,,
train_Plastic_000019_ann964,TACO,cleaned_image_classification,train,Plastic,Plastic,prepared_datasets/combined_6class_confusion_cleaned/train/Plastic/000019_ann964.jpg,prepared_datasets/combined_6class_confusion_cleaned/train/Plastic/000019_ann964.jpg,prepared_datasets/combined_6class_confusion_cleaned/train/Plastic/000019_ann964.jpg,,,,,,,,
train_Plastic_000021_ann1731,TACO,cleaned_image_classification,train,Plastic,Plastic,prepared_datasets/combined_6class_confusion_cleaned/train/Plastic/000021_ann1731.jpg,prepared_datasets/combined_6class_confusion_cleaned/train/Plastic/000021_ann1731.jpg,prepared_datasets/combined_6class_confusion_cleaned/train/Plastic/000021_ann1731.jpg,,,,,,,,
train_Plastic_000021_ann2233,TACO,cleaned_image_classification,train,Plastic,Plastic,prepared_datasets/combined_6class_confusion_cleaned/train/Plastic/000021_ann2233.jpg,prepared_datasets/combined_6class_confusion_cleaned/train/Plastic/000021_ann2233.jpg,prepared_datasets/combined_6class_confusion_cleaned/train/Plastic/000021_ann2233.jpg,,,,,,,,
train_Plastic_000023_ann1739,TACO,cleaned_image_classification,train,Plastic,Plastic,prepared_datasets/combined_6class_confusion_cleaned/train/Plastic/000023_ann1739.jpg,prepared_datasets/combined_6class_confusion_cleaned/train/Plastic/000023_ann1739.jpg,prepared_datasets/combined_6class_confusion_cleaned/train/Plastic/000023_ann1739.jpg,,,,,,,,
train_Plastic_000023_ann73,TACO,cleaned_image_classification,train,Plastic,Plastic,prepared_datasets/combined_6class_confusion_cleaned/train/Plastic/000023_ann73.jpg,prepared_datasets/combined_6class_confusion_cleaned/train/Plastic/000023_ann73.jpg,prepared_datasets/combined_6class_confusion_cleaned/train/Plastic/000023_ann73.jpg,,,,,,,,
train_Plastic_000025_ann1742,TACO,cleaned_image_classification,train,Plastic,Plastic,prepared_datasets/combined_6class_confusion_cleaned/train/Plastic/000025_ann1742.jpg,prepared_datasets/combined_6class_confusion_cleaned/train/Plastic/000025_ann1742.jpg,prepared_datasets/combined_6class_confusion_cleaned/train/Plastic/000025_ann1742.jpg,,,,,,,,
train_Plastic_000026_ann751,TACO,cleaned_image_classification,train,Plastic,Plastic,prepared_datasets/combined_6class_confusion_cleaned/train/Plastic/000026_ann751.jpg,prepared_datasets/combined_6class_confusion_cleaned/train/Plastic/000026_ann751.jpg,prepared_datasets/combined_6class_confusion_cleaned/train/Plastic/000026_ann751.jpg,,,,,,,,
train_Plastic_000029_ann438,TACO,cleaned_image_classification,train,Plastic,Plastic,prepared_datasets/combined_6class_confusion_cleaned/train/Plastic/000029_ann438.jpg,prepared_datasets/combined_6class_confusion_cleaned/train/Plastic/000029_ann438.jpg,prepared_datasets/combined_6class_confusion_cleaned/train/Plastic/000029_ann438.jpg,,,,,,,,
train_Plastic_000036_ann1562,TACO,cleaned_image_classification,train,Plastic,Plastic,prepared_datasets/combined_6class_confusion_cleaned/train/Plastic/000036_ann1562.jpg,prepared_datasets/combined_6class_confusion_cleaned/train/Plastic/000036_ann1562.jpg,prepared_datasets/combined_6class_confusion_cleaned/train/Plastic/000036_ann1562.jpg,,,,,,,,
train_Plastic_000037_ann2274,TACO,cleaned_image_classification,train,Plastic,Plastic,prepared_datasets/combined_6class_confusion_cleaned/train/Plastic/000037_ann2274.jpg,prepared_datasets/combined_6class_confusion_cleaned/train/Plastic/000037_ann2274.jpg,prepared_datasets/combined_6class_confusion_cleaned/train/Plastic/000037_ann2274.jpg,,,,,,,,
train_Plastic_000038_ann2276,TACO,cleaned_image_classification,train,Plastic,Plastic,prepared_datasets/combined_6class_confusion_cleaned/train/Plastic/000038_ann2276.jpg,prepared_datasets/combined_6class_confusion_cleaned/train/Plastic/000038_ann2276.jpg,prepared_datasets/combined_6class_confusion_cleaned/train/Plastic/000038_ann2276.jpg,,,,,,,,
train_Plastic_000039_ann1566,TACO,cleaned_image_classification,train,Plastic,Plastic,prepared_datasets/combined_6class_confusion_cleaned/train/Plastic/000039_ann1566.jpg,prepared_datasets/combined_6class_confusion_cleaned/train/Plastic/000039_ann1566.jpg,prepared_datasets/combined_6class_confusion_cleaned/train/Plastic/000039_ann1566.jpg,,,,,,,,
train_Plastic_000040_ann2085,TACO,cleaned_image_classification,train,Plastic,Plastic,prepared_datasets/combined_6class_confusion_cleaned/train/Plastic/000040_ann2085.jpg,prepared_datasets/combined_6class_confusion_cleaned/train/Plastic/000040_ann2085.jpg,prepared_datasets/combined_6class_confusion_cleaned/train/Plastic/000040_ann2085.jpg,,,,,,,,
train_Plastic_000042_ann1571,TACO,cleaned_image_classification,train,Plastic,Plastic,prepared_datasets/combined_6class_confusion_cleaned/train/Plastic/000042_ann1571.jpg,prepared_datasets/combined_6class_confusion_cleaned/train/Plastic/000042_ann1571.jpg,prepared_datasets/combined_6class_confusion_cleaned/train/Plastic/000042_ann1571.jpg,,,,,,,,
train_Plastic_000042_ann2088,TACO,cleaned_image_classification,train,Plastic,Plastic,prepared_datasets/combined_6class_confusion_cleaned/train/Plastic/000042_ann2088.jpg,prepared_datasets/combined_6class_confusion_cleaned/train/Plastic/000042_ann2088.jpg,prepared_datasets/combined_6class_confusion_cleaned/train/Plastic/000042_ann2088.jpg,,,,,,,,
train_Plastic_000043_ann1572,TACO,cleaned_image_classification,train,Plastic,Plastic,prepared_datasets/combined_6class_confusion_cleaned/train/Plastic/000043_ann1572.jpg,prepared_datasets/combined_6class_confusion_cleaned/train/Plastic/000043_ann1572.jpg,prepared_datasets/combined_6class_confusion_cleaned/train/Plastic/000043_ann1572.jpg,,,,,,,,
train_Plastic_000046_ann1137,TACO,cleaned_image_classification,train,Plastic,Plastic,prepared_datasets/combined_6class_confusion_cleaned/train/Plastic/000046_ann1137.jpg,prepared_datasets/combined_6class_confusion_cleaned/train/Plastic/000046_ann1137.jpg,prepared_datasets/combined_6class_confusion_cleaned/train/Plastic/000046_ann1137.jpg,,,,,,,,
train_Plastic_000046_ann1141,TACO,cleaned_image_classification,train,Plastic,Plastic,prepared_datasets/combined_6class_confusion_cleaned/train/Plastic/000046_ann1141.jpg,prepared_datasets/combined_6class_confusion_cleaned/train/Plastic/000046_ann1141.jpg,prepared_datasets/combined_6class_confusion_cleaned/train/Plastic/000046_ann1141.jpg,,,,,,,,
train_Plastic_000047_ann13,TACO,cleaned_image_classification,train,Plastic,Plastic,prepared_datasets/combined_6class_confusion_cleaned/train/Plastic/000047_ann13.jpg,prepared_datasets/combined_6class_confusion_cleaned/train/Plastic/000047_ann13.jpg,prepared_datasets/combined_6class_confusion_cleaned/train/Plastic/000047_ann13.jpg,,,,,,,,
train_Plastic_000048_ann32,TACO,cleaned_image_classification,train,Plastic,Plastic,prepared_datasets/combined_6class_confusion_cleaned/train/Plastic/000048_ann32.jpg,prepared_datasets/combined_6class_confusion_cleaned/train/Plastic/000048_ann32.jpg,prepared_datasets/combined_6class_confusion_cleaned/train/Plastic/000048_ann32.jpg,,,,,,,,
train_Plastic_000049_ann2099,TACO,cleaned_image_classification,train,Plastic,Plastic,prepared_datasets/combined_6class_confusion_cleaned/train/Plastic/000049_ann2099.jpg,prepared_datasets/combined_6class_confusion_cleaned/train/Plastic/000049_ann2099.jpg,prepared_datasets/combined_6class_confusion_cleaned/train/Plastic/000049_ann2099.jpg,,,,,,,,
train_Plastic_000050_ann2294,TACO,cleaned_image_classification,train,Plastic,Plastic,prepared_datasets/combined_6class_confusion_cleaned/train/Plastic/000050_ann2294.jpg,prepared_datasets/combined_6class_confusion_cleaned/train/Plastic/000050_ann2294.jpg,prepared_datasets/combined_6class_confusion_cleaned/train/Plastic/000050_ann2294.jpg,,,,,,,,
train_Plastic_000053_ann42,TACO,cleaned_image_classification,train,Plastic,Plastic,prepared_datasets/combined_6class_confusion_cleaned/train/Plastic/000053_ann42.jpg,prepared_datasets/combined_6class_confusion_cleaned/train/Plastic/000053_ann42.jpg,prepared_datasets/combined_6class_confusion_cleaned/train/Plastic/000053_ann42.jpg,,,,,,,,
train_Plastic_000054_ann65,TACO,cleaned_image_classification,train,Plastic,Plastic,prepared_datasets/combined_6class_confusion_cleaned/train/Plastic/000054_ann65.jpg,prepared_datasets/combined_6class_confusion_cleaned/train/Plastic/000054_ann65.jpg,prepared_datasets/combined_6class_confusion_cleaned/train/Plastic/000054_ann65.jpg,,,,,,,,
train_Plastic_000054_ann66,TACO,cleaned_image_classification,train,Plastic,Plastic,prepared_datasets/combined_6class_confusion_cleaned/train/Plastic/000054_ann66.jpg,prepared_datasets/combined_6class_confusion_cleaned/train/Plastic/000054_ann66.jpg,prepared_datasets/combined_6class_confusion_cleaned/train/Plastic/000054_ann66.jpg,,,,,,,,
train_Plastic_000056_ann1618,TACO,cleaned_image_classification,train,Plastic,Plastic,prepared_datasets/combined_6class_confusion_cleaned/train/Plastic/000056_ann1618.jpg,prepared_datasets/combined_6class_confusion_cleaned/train/Plastic/000056_ann1618.jpg,prepared_datasets/combined_6class_confusion_cleaned/train/Plastic/000056_ann1618.jpg,,,,,,,,
train_Plastic_000056_ann2119,TACO,cleaned_image_classification,train,Plastic,Plastic,prepared_datasets/combined_6class_confusion_cleaned/train/Plastic/000056_ann2119.jpg,prepared_datasets/combined_6class_confusion_cleaned/train/Plastic/000056_ann2119.jpg,prepared_datasets/combined_6class_confusion_cleaned/train/Plastic/000056_ann2119.jpg,,,,,,,,
train_Plastic_000056_ann46,TACO,cleaned_image_classification,train,Plastic,Plastic,prepared_datasets/combined_6class_confusion_cleaned/train/Plastic/000056_ann46.jpg,prepared_datasets/combined_6class_confusion_cleaned/train/Plastic/000056_ann46.jpg,prepared_datasets/combined_6class_confusion_cleaned/train/Plastic/000056_ann46.jpg,,,,,,,,
train_Plastic_000057_ann2124,TACO,cleaned_image_classification,train,Plastic,Plastic,prepared_datasets/combined_6class_confusion_cleaned/train/Plastic/000057_ann2124.jpg,prepared_datasets/combined_6class_confusion_cleaned/train/Plastic/000057_ann2124.jpg,prepared_datasets/combined_6class_confusion_cleaned/train/Plastic/000057_ann2124.jpg,,,,,,,,
train_Plastic_000058_ann47,TACO,cleaned_image_classification,train,Plastic,Plastic,prepared_datasets/combined_6class_confusion_cleaned/train/Plastic/000058_ann47.jpg,prepared_datasets/combined_6class_confusion_cleaned/train/Plastic/000058_ann47.jpg,prepared_datasets/combined_6class_confusion_cleaned/train/Plastic/000058_ann47.jpg,,,,,,,,
train_Plastic_000058_ann48,TACO,cleaned_image_classification,train,Plastic,Plastic,prepared_datasets/combined_6class_confusion_cleaned/train/Plastic/000058_ann48.jpg,prepared_datasets/combined_6class_confusion_cleaned/train/Plastic/000058_ann48.jpg,prepared_datasets/combined_6class_confusion_cleaned/train/Plastic/000058_ann48.jpg,,,,,,,,
train_Plastic_000059_ann1217,TACO,cleaned_image_classification,train,Plastic,Plastic,prepared_datasets/combined_6class_confusion_cleaned/train/Plastic/000059_ann1217.jpg,prepared_datasets/combined_6class_confusion_cleaned/train/Plastic/000059_ann1217.jpg,prepared_datasets/combined_6class_confusion_cleaned/train/Plastic/000059_ann1217.jpg,,,,,,,,
train_Plastic_000059_ann1632,TACO,cleaned_image_classification,train,Plastic,Plastic,prepared_datasets/combined_6class_confusion_cleaned/train/Plastic/000059_ann1632.jpg,prepared_datasets/combined_6class_confusion_cleaned/train/Plastic/000059_ann1632.jpg,prepared_datasets/combined_6class_confusion_cleaned/train/Plastic/000059_ann1632.jpg,,,,,,,,
train_Plastic_000062_ann178,TACO,cleaned_image_classification,train,Plastic,Plastic,prepared_datasets/combined_6class_confusion_cleaned/train/Plastic/000062_ann178.jpg,prepared_datasets/combined_6class_confusion_cleaned/train/Plastic/000062_ann178.jpg,prepared_datasets/combined_6class_confusion_cleaned/train/Plastic/000062_ann178.jpg,,,,,,,,
train_Plastic_000062_ann2131,TACO,cleaned_image_classification,train,Plastic,Plastic,prepared_datasets/combined_6class_confusion_cleaned/train/Plastic/000062_ann2131.jpg,prepared_datasets/combined_6class_confusion_cleaned/train/Plastic/000062_ann2131.jpg,prepared_datasets/combined_6class_confusion_cleaned/train/Plastic/000062_ann2131.jpg,,,,,,,,
train_Plastic_000066_ann1798,TACO,cleaned_image_classification,train,Plastic,Plastic,prepared_datasets/combined_6class_confusion_cleaned/train/Plastic/000066_ann1798.jpg,prepared_datasets/combined_6class_confusion_cleaned/train/Plastic/000066_ann1798.jpg,prepared_datasets/combined_6class_confusion_cleaned/train/Plastic/000066_ann1798.jpg,,,,,,,,
train_Plastic_000066_ann2975,TACO,cleaned_image_classification,train,Plastic,Plastic,prepared_datasets/combined_6class_confusion_cleaned/train/Plastic/000066_ann2975.jpg,prepared_datasets/combined_6class_confusion_cleaned/train/Plastic/000066_ann2975.jpg,prepared_datasets/combined_6class_confusion_cleaned/train/Plastic/000066_ann2975.jpg,,,,,,,,
train_Plastic_000067_ann2977,TACO,cleaned_image_classification,train,Plastic,Plastic,prepared_datasets/combined_6class_confusion_cleaned/train/Plastic/000067_ann2977.jpg,prepared_datasets/combined_6class_confusion_cleaned/train/Plastic/000067_ann2977.jpg,prepared_datasets/combined_6class_confusion_cleaned/train/Plastic/000067_ann2977.jpg,,,,,,,,
train_Plastic_000070_ann2985,TACO,cleaned_image_classification,train,Plastic,Plastic,prepared_datasets/combined_6class_confusion_cleaned/train/Plastic/000070_ann2985.jpg,prepared_datasets/combined_6class_confusion_cleaned/train/Plastic/000070_ann2985.jpg,prepared_datasets/combined_6class_confusion_cleaned/train/Plastic/000070_ann2985.jpg,,,,,,,,
train_Plastic_000070_ann830,TACO,cleaned_image_classification,train,Plastic,Plastic,prepared_datasets/combined_6class_confusion_cleaned/train/Plastic/000070_ann830.jpg,prepared_datasets/combined_6class_confusion_cleaned/train/Plastic/000070_ann830.jpg,prepared_datasets/combined_6class_confusion_cleaned/train/Plastic/000070_ann830.jpg,,,,,,,,
train_Plastic_000072_ann2929,TACO,cleaned_image_classification,train,Plastic,Plastic,prepared_datasets/combined_6class_confusion_cleaned/train/Plastic/000072_ann2929.jpg,prepared_datasets/combined_6class_confusion_cleaned/train/Plastic/000072_ann2929.jpg,prepared_datasets/combined_6class_confusion_cleaned/train/Plastic/000072_ann2929.jpg,,,,,,,,
train_Plastic_000074_ann1315,TACO,cleaned_image_classification,train,Plastic,Plastic,prepared_datasets/combined_6class_confusion_cleaned/train/Plastic/000074_ann1315.jpg,prepared_datasets/combined_6class_confusion_cleaned/train/Plastic/000074_ann1315.jpg,prepared_datasets/combined_6class_confusion_cleaned/train/Plastic/000074_ann1315.jpg,,,,,,,,
train_Plastic_000076_ann2176,TACO,cleaned_image_classification,train,Plastic,Plastic,prepared_datasets/combined_6class_confusion_cleaned/train/Plastic/000076_ann2176.jpg,prepared_datasets/combined_6class_confusion_cleaned/train/Plastic/000076_ann2176.jpg,prepared_datasets/combined_6class_confusion_cleaned/train/Plastic/000076_ann2176.jpg,,,,,,,,
train_Plastic_000076_ann2342,TACO,cleaned_image_classification,train,Plastic,Plastic,prepared_datasets/combined_6class_confusion_cleaned/train/Plastic/000076_ann2342.jpg,prepared_datasets/combined_6class_confusion_cleaned/train/Plastic/000076_ann2342.jpg,prepared_datasets/combined_6class_confusion_cleaned/train/Plastic/000076_ann2342.jpg,,,,,,,,
train_Plastic_000077_ann1813,TACO,cleaned_image_classification,train,Plastic,Plastic,prepared_datasets/combined_6class_confusion_cleaned/train/Plastic/000077_ann1813.jpg,prepared_datasets/combined_6class_confusion_cleaned/train/Plastic/000077_ann1813.jpg,prepared_datasets/combined_6class_confusion_cleaned/train/Plastic/000077_ann1813.jpg,,,,,,,,
train_Plastic_000078_ann2183,TACO,cleaned_image_classification,train,Plastic,Plastic,prepared_datasets/combined_6class_confusion_cleaned/train/Plastic/000078_ann2183.jpg,prepared_datasets/combined_6class_confusion_cleaned/train/Plastic/000078_ann2183.jpg,prepared_datasets/combined_6class_confusion_cleaned/train/Plastic/000078_ann2183.jpg,,,,,,,,
train_Plastic_000079_ann1330,TACO,cleaned_image_classification,train,Plastic,Plastic,prepared_datasets/combined_6class_confusion_cleaned/train/Plastic/000079_ann1330.jpg,prepared_datasets/combined_6class_confusion_cleaned/train/Plastic/000079_ann1330.jpg,prepared_datasets/combined_6class_confusion_cleaned/train/Plastic/000079_ann1330.jpg,,,,,,,,
train_Plastic_000081_ann144,TACO,cleaned_image_classification,train,Plastic,Plastic,prepared_datasets/combined_6class_confusion_cleaned/train/Plastic/000081_ann144.jpg,prepared_datasets/combined_6class_confusion_cleaned/train/Plastic/000081_ann144.jpg,prepared_datasets/combined_6class_confusion_cleaned/train/Plastic/000081_ann144.jpg,,,,,,,,
train_Plastic_000082_ann2866,TACO,cleaned_image_classification,train,Plastic,Plastic,prepared_datasets/combined_6class_confusion_cleaned/train/Plastic/000082_ann2866.jpg,prepared_datasets/combined_6class_confusion_cleaned/train/Plastic/000082_ann2866.jpg,prepared_datasets/combined_6class_confusion_cleaned/train/Plastic/000082_ann2866.jpg,,,,,,,,
train_Plastic_000083_ann2941,TACO,cleaned_image_classification,train,Plastic,Plastic,prepared_datasets/combined_6class_confusion_cleaned/train/Plastic/000083_ann2941.jpg,prepared_datasets/combined_6class_confusion_cleaned/train/Plastic/000083_ann2941.jpg,prepared_datasets/combined_6class_confusion_cleaned/train/Plastic/000083_ann2941.jpg,,,,,,,,
train_Plastic_000084_ann2944,TACO,cleaned_image_classification,train,Plastic,Plastic,prepared_datasets/combined_6class_confusion_cleaned/train/Plastic/000084_ann2944.jpg,prepared_datasets/combined_6class_confusion_cleaned/train/Plastic/000084_ann2944.jpg,prepared_datasets/combined_6class_confusion_cleaned/train/Plastic/000084_ann2944.jpg,,,,,,,,
train_Plastic_000086_ann1677,TACO,cleaned_image_classification,train,Plastic,Plastic,prepared_datasets/combined_6class_confusion_cleaned/train/Plastic/000086_ann1677.jpg,prepared_datasets/combined_6class_confusion_cleaned/train/Plastic/000086_ann1677.jpg,prepared_datasets/combined_6class_confusion_cleaned/train/Plastic/000086_ann1677.jpg,,,,,,,,
train_Plastic_000089_ann1385,TACO,cleaned_image_classification,train,Plastic,Plastic,prepared_datasets/combined_6class_confusion_cleaned/train/Plastic/000089_ann1385.jpg,prepared_datasets/combined_6class_confusion_cleaned/train/Plastic/000089_ann1385.jpg,prepared_datasets/combined_6class_confusion_cleaned/train/Plastic/000089_ann1385.jpg,,,,,,,,
train_Plastic_000090_ann885,TACO,cleaned_image_classification,train,Plastic,Plastic,prepared_datasets/combined_6class_confusion_cleaned/train/Plastic/000090_ann885.jpg,prepared_datasets/combined_6class_confusion_cleaned/train/Plastic/000090_ann885.jpg,prepared_datasets/combined_6class_confusion_cleaned/train/Plastic/000090_ann885.jpg,,,,,,,,
train_Plastic_000092_ann1405,TACO,cleaned_image_classification,train,Plastic,Plastic,prepared_datasets/combined_6class_confusion_cleaned/train/Plastic/000092_ann1405.jpg,prepared_datasets/combined_6class_confusion_cleaned/train/Plastic/000092_ann1405.jpg,prepared_datasets/combined_6class_confusion_cleaned/train/Plastic/000092_ann1405.jpg,,,,,,,,
train_Plastic_000092_ann167,TACO,cleaned_image_classification,train,Plastic,Plastic,prepared_datasets/combined_6class_confusion_cleaned/train/Plastic/000092_ann167.jpg,prepared_datasets/combined_6class_confusion_cleaned/train/Plastic/000092_ann167.jpg,prepared_datasets/combined_6class_confusion_cleaned/train/Plastic/000092_ann167.jpg,,,,,,,,
train_Plastic_000092_ann1687,TACO,cleaned_image_classification,train,Plastic,Plastic,prepared_datasets/combined_6class_confusion_cleaned/train/Plastic/000092_ann1687.jpg,prepared_datasets/combined_6class_confusion_cleaned/train/Plastic/000092_ann1687.jpg,prepared_datasets/combined_6class_confusion_cleaned/train/Plastic/000092_ann1687.jpg,,,,,,,,
train_Plastic_000093_ann1408,TACO,cleaned_image_classification,train,Plastic,Plastic,prepared_datasets/combined_6class_confusion_cleaned/train/Plastic/000093_ann1408.jpg,prepared_datasets/combined_6class_confusion_cleaned/train/Plastic/000093_ann1408.jpg,prepared_datasets/combined_6class_confusion_cleaned/train/Plastic/000093_ann1408.jpg,,,,,,,,
train_Plastic_000093_ann1689,TACO,cleaned_image_classification,train,Plastic,Plastic,prepared_datasets/combined_6class_confusion_cleaned/train/Plastic/000093_ann1689.jpg,prepared_datasets/combined_6class_confusion_cleaned/train/Plastic/000093_ann1689.jpg,prepared_datasets/combined_6class_confusion_cleaned/train/Plastic/000093_ann1689.jpg,,,,,,,,
train_Plastic_000093_ann169,TACO,cleaned_image_classification,train,Plastic,Plastic,prepared_datasets/combined_6class_confusion_cleaned/train/Plastic/000093_ann169.jpg,prepared_datasets/combined_6class_confusion_cleaned/train/Plastic/000093_ann169.jpg,prepared_datasets/combined_6class_confusion_cleaned/train/Plastic/000093_ann169.jpg,,,,,,,,
train_Plastic_000094_ann891,TACO,cleaned_image_classification,train,Plastic,Plastic,prepared_datasets/combined_6class_confusion_cleaned/train/Plastic/000094_ann891.jpg,prepared_datasets/combined_6class_confusion_cleaned/train/Plastic/000094_ann891.jpg,prepared_datasets/combined_6class_confusion_cleaned/train/Plastic/000094_ann891.jpg,,,,,,,,
train_Plastic_000095_ann1692,TACO,cleaned_image_classification,train,Plastic,Plastic,prepared_datasets/combined_6class_confusion_cleaned/train/Plastic/000095_ann1692.jpg,prepared_datasets/combined_6class_confusion_cleaned/train/Plastic/000095_ann1692.jpg,prepared_datasets/combined_6class_confusion_cleaned/train/Plastic/000095_ann1692.jpg,,,,,,,,
train_Plastic_000096_ann2965,TACO,cleaned_image_classification,train,Plastic,Plastic,prepared_datasets/combined_6class_confusion_cleaned/train/Plastic/000096_ann2965.jpg,prepared_datasets/combined_6class_confusion_cleaned/train/Plastic/000096_ann2965.jpg,prepared_datasets/combined_6class_confusion_cleaned/train/Plastic/000096_ann2965.jpg,,,,,,,,
train_Plastic_000097_ann2888,TACO,cleaned_image_classification,train,Plastic,Plastic,prepared_datasets/combined_6class_confusion_cleaned/train/Plastic/000097_ann2888.jpg,prepared_datasets/combined_6class_confusion_cleaned/train/Plastic/000097_ann2888.jpg,prepared_datasets/combined_6class_confusion_cleaned/train/Plastic/000097_ann2888.jpg,,,,,,,,
train_Plastic_000097_ann680,TACO,cleaned_image_classification,train,Plastic,Plastic,prepared_datasets/combined_6class_confusion_cleaned/train/Plastic/000097_ann680.jpg,prepared_datasets/combined_6class_confusion_cleaned/train/Plastic/000097_ann680.jpg,prepared_datasets/combined_6class_confusion_cleaned/train/Plastic/000097_ann680.jpg,,,,,,,,
train_Plastic_000098_ann189,TACO,cleaned_image_classification,train,Plastic,Plastic,prepared_datasets/combined_6class_confusion_cleaned/train/Plastic/000098_ann189.jpg,prepared_datasets/combined_6class_confusion_cleaned/train/Plastic/000098_ann189.jpg,prepared_datasets/combined_6class_confusion_cleaned/train/Plastic/000098_ann189.jpg,,,,,,,,
train_Plastic_000099_ann919,TACO,cleaned_image_classification,train,Plastic,Plastic,prepared_datasets/combined_6class_confusion_cleaned/train/Plastic/000099_ann919.jpg,prepared_datasets/combined_6class_confusion_cleaned/train/Plastic/000099_ann919.jpg,prepared_datasets/combined_6class_confusion_cleaned/train/Plastic/000099_ann919.jpg,,,,,,,,
train_Plastic_000114_ann3021,TACO,cleaned_image_classification,train,Plastic,Plastic,prepared_datasets/combined_6class_confusion_cleaned/train/Plastic/000114_ann3021.jpg,prepared_datasets/combined_6class_confusion_cleaned/train/Plastic/000114_ann3021.jpg,prepared_datasets/combined_6class_confusion_cleaned/train/Plastic/000114_ann3021.jpg,,,,,,,,
train_Plastic_IMG_4879_ann2572,TACO,cleaned_image_classification,train,Plastic,Plastic,prepared_datasets/combined_6class_confusion_cleaned/train/Plastic/IMG_4879_ann2572.jpg,prepared_datasets/combined_6class_confusion_cleaned/train/Plastic/IMG_4879_ann2572.jpg,prepared_datasets/combined_6class_confusion_cleaned/train/Plastic/IMG_4879_ann2572.jpg,,,,,,,,
train_Plastic_IMG_4922_ann2620,TACO,cleaned_image_classification,train,Plastic,Plastic,prepared_datasets/combined_6class_confusion_cleaned/train/Plastic/IMG_4922_ann2620.jpg,prepared_datasets/combined_6class_confusion_cleaned/train/Plastic/IMG_4922_ann2620.jpg,prepared_datasets/combined_6class_confusion_cleaned/train/Plastic/IMG_4922_ann2620.jpg,,,,,,,,
train_Plastic_IMG_4932_ann2626,TACO,cleaned_image_classification,train,Plastic,Plastic,prepared_datasets/combined_6class_confusion_cleaned/train/Plastic/IMG_4932_ann2626.jpg,prepared_datasets/combined_6class_confusion_cleaned/train/Plastic/IMG_4932_ann2626.jpg,prepared_datasets/combined_6class_confusion_cleaned/train/Plastic/IMG_4932_ann2626.jpg,,,,,,,,
train_Plastic_IMG_4948_ann2688,TACO,cleaned_image_classification,train,Plastic,Plastic,prepared_datasets/combined_6class_confusion_cleaned/train/Plastic/IMG_4948_ann2688.jpg,prepared_datasets/combined_6class_confusion_cleaned/train/Plastic/IMG_4948_ann2688.jpg,prepared_datasets/combined_6class_confusion_cleaned/train/Plastic/IMG_4948_ann2688.jpg,,,,,,,,
train_Plastic_IMG_4992_ann2491,TACO,cleaned_image_classification,train,Plastic,Plastic,prepared_datasets/combined_6class_confusion_cleaned/train/Plastic/IMG_4992_ann2491.jpg,prepared_datasets/combined_6class_confusion_cleaned/train/Plastic/IMG_4992_ann2491.jpg,prepared_datasets/combined_6class_confusion_cleaned/train/Plastic/IMG_4992_ann2491.jpg,,,,,,,,
train_Plastic_IMG_4996_ann2496,TACO,cleaned_image_classification,train,Plastic,Plastic,prepared_datasets/combined_6class_confusion_cleaned/train/Plastic/IMG_4996_ann2496.jpg,prepared_datasets/combined_6class_confusion_cleaned/train/Plastic/IMG_4996_ann2496.jpg,prepared_datasets/combined_6class_confusion_cleaned/train/Plastic/IMG_4996_ann2496.jpg,,,,,,,,
train_Plastic_IMG_5043_ann2514,TACO,cleaned_image_classification,train,Plastic,Plastic,prepared_datasets/combined_6class_confusion_cleaned/train/Plastic/IMG_5043_ann2514.jpg,prepared_datasets/combined_6class_confusion_cleaned/train/Plastic/IMG_5043_ann2514.jpg,prepared_datasets/combined_6class_confusion_cleaned/train/Plastic/IMG_5043_ann2514.jpg,,,,,,,,
train_Plastic_IMG_5053_ann2529,TACO,cleaned_image_classification,train,Plastic,Plastic,prepared_datasets/combined_6class_confusion_cleaned/train/Plastic/IMG_5053_ann2529.jpg,prepared_datasets/combined_6class_confusion_cleaned/train/Plastic/IMG_5053_ann2529.jpg,prepared_datasets/combined_6class_confusion_cleaned/train/Plastic/IMG_5053_ann2529.jpg,,,,,,,,
train_Plastic_IMG_5066_ann2712,TACO,cleaned_image_classification,train,Plastic,Plastic,prepared_datasets/combined_6class_confusion_cleaned/train/Plastic/IMG_5066_ann2712.jpg,prepared_datasets/combined_6class_confusion_cleaned/train/Plastic/IMG_5066_ann2712.jpg,prepared_datasets/combined_6class_confusion_cleaned/train/Plastic/IMG_5066_ann2712.jpg,,,,,,,,
train_Plastic_plastic1,TrashNet,cleaned_image_classification,train,Plastic,Plastic,prepared_datasets/combined_6class_confusion_cleaned/train/Plastic/plastic1.jpg,prepared_datasets/combined_6class_confusion_cleaned/train/Plastic/plastic1.jpg,prepared_datasets/combined_6class_confusion_cleaned/train/Plastic/plastic1.jpg,,,,,,,,
train_Plastic_plastic10,TrashNet,cleaned_image_classification,train,Plastic,Plastic,prepared_datasets/combined_6class_confusion_cleaned/train/Plastic/plastic10.jpg,prepared_datasets/combined_6class_confusion_cleaned/train/Plastic/plastic10.jpg,prepared_datasets/combined_6class_confusion_cleaned/train/Plastic/plastic10.jpg,,,,,,,,
train_Plastic_plastic100,TrashNet,cleaned_image_classification,train,Plastic,Plastic,prepared_datasets/combined_6class_confusion_cleaned/train/Plastic/plastic100.jpg,prepared_datasets/combined_6class_confusion_cleaned/train/Plastic/plastic100.jpg,prepared_datasets/combined_6class_confusion_cleaned/train/Plastic/plastic100.jpg,,,,,,,,
train_Plastic_plastic102,TrashNet,cleaned_image_classification,train,Plastic,Plastic,prepared_datasets/combined_6class_confusion_cleaned/train/Plastic/plastic102.jpg,prepared_datasets/combined_6class_confusion_cleaned/train/Plastic/plastic102.jpg,prepared_datasets/combined_6class_confusion_cleaned/train/Plastic/plastic102.jpg,,,,,,,,
train_Plastic_plastic103,TrashNet,cleaned_image_classification,train,Plastic,Plastic,prepared_datasets/combined_6class_confusion_cleaned/train/Plastic/plastic103.jpg,prepared_datasets/combined_6class_confusion_cleaned/train/Plastic/plastic103.jpg,prepared_datasets/combined_6class_confusion_cleaned/train/Plastic/plastic103.jpg,,,,,,,,
train_Plastic_plastic104,TrashNet,cleaned_image_classification,train,Plastic,Plastic,prepared_datasets/combined_6class_confusion_cleaned/train/Plastic/plastic104.jpg,prepared_datasets/combined_6class_confusion_cleaned/train/Plastic/plastic104.jpg,prepared_datasets/combined_6class_confusion_cleaned/train/Plastic/plastic104.jpg,,,,,,,,
train_Plastic_plastic105,TrashNet,cleaned_image_classification,train,Plastic,Plastic,prepared_datasets/combined_6class_confusion_cleaned/train/Plastic/plastic105.jpg,prepared_datasets/combined_6class_confusion_cleaned/train/Plastic/plastic105.jpg,prepared_datasets/combined_6class_confusion_cleaned/train/Plastic/plastic105.jpg,,,,,,,,
train_Plastic_plastic106,TrashNet,cleaned_image_classification,train,Plastic,Plastic,prepared_datasets/combined_6class_confusion_cleaned/train/Plastic/plastic106.jpg,prepared_datasets/combined_6class_confusion_cleaned/train/Plastic/plastic106.jpg,prepared_datasets/combined_6class_confusion_cleaned/train/Plastic/plastic106.jpg,,,,,,,,
train_Plastic_plastic107,TrashNet,cleaned_image_classification,train,Plastic,Plastic,prepared_datasets/combined_6class_confusion_cleaned/train/Plastic/plastic107.jpg,prepared_datasets/combined_6class_confusion_cleaned/train/Plastic/plastic107.jpg,prepared_datasets/combined_6class_confusion_cleaned/train/Plastic/plastic107.jpg,,,,,,,,
train_Plastic_plastic108,TrashNet,cleaned_image_classification,train,Plastic,Plastic,prepared_datasets/combined_6class_confusion_cleaned/train/Plastic/plastic108.jpg,prepared_datasets/combined_6class_confusion_cleaned/train/Plastic/plastic108.jpg,prepared_datasets/combined_6class_confusion_cleaned/train/Plastic/plastic108.jpg,,,,,,,,
train_Plastic_plastic109,TrashNet,cleaned_image_classification,train,Plastic,Plastic,prepared_datasets/combined_6class_confusion_cleaned/train/Plastic/plastic109.jpg,prepared_datasets/combined_6class_confusion_cleaned/train/Plastic/plastic109.jpg,prepared_datasets/combined_6class_confusion_cleaned/train/Plastic/plastic109.jpg,,,,,,,,
train_Plastic_plastic111,TrashNet,cleaned_image_classification,train,Plastic,Plastic,prepared_datasets/combined_6class_confusion_cleaned/train/Plastic/plastic111.jpg,prepared_datasets/combined_6class_confusion_cleaned/train/Plastic/plastic111.jpg,prepared_datasets/combined_6class_confusion_cleaned/train/Plastic/plastic111.jpg,,,,,,,,
train_Plastic_plastic114,TrashNet,cleaned_image_classification,train,Plastic,Plastic,prepared_datasets/combined_6class_confusion_cleaned/train/Plastic/plastic114.jpg,prepared_datasets/combined_6class_confusion_cleaned/train/Plastic/plastic114.jpg,prepared_datasets/combined_6class_confusion_cleaned/train/Plastic/plastic114.jpg,,,,,,,,
train_Plastic_plastic116,TrashNet,cleaned_image_classification,train,Plastic,Plastic,prepared_datasets/combined_6class_confusion_cleaned/train/Plastic/plastic116.jpg,prepared_datasets/combined_6class_confusion_cleaned/train/Plastic/plastic116.jpg,prepared_datasets/combined_6class_confusion_cleaned/train/Plastic/plastic116.jpg,,,,,,,,
train_Plastic_plastic117,TrashNet,cleaned_image_classification,train,Plastic,Plastic,prepared_datasets/combined_6class_confusion_cleaned/train/Plastic/plastic117.jpg,prepared_datasets/combined_6class_confusion_cleaned/train/Plastic/plastic117.jpg,prepared_datasets/combined_6class_confusion_cleaned/train/Plastic/plastic117.jpg,,,,,,,,
train_Plastic_plastic118,TrashNet,cleaned_image_classification,train,Plastic,Plastic,prepared_datasets/combined_6class_confusion_cleaned/train/Plastic/plastic118.jpg,prepared_datasets/combined_6class_confusion_cleaned/train/Plastic/plastic118.jpg,prepared_datasets/combined_6class_confusion_cleaned/train/Plastic/plastic118.jpg,,,,,,,,
train_Plastic_plastic120,TrashNet,cleaned_image_classification,train,Plastic,Plastic,prepared_datasets/combined_6class_confusion_cleaned/train/Plastic/plastic120.jpg,prepared_datasets/combined_6class_confusion_cleaned/train/Plastic/plastic120.jpg,prepared_datasets/combined_6class_confusion_cleaned/train/Plastic/plastic120.jpg,,,,,,,,
train_Plastic_plastic122,TrashNet,cleaned_image_classification,train,Plastic,Plastic,prepared_datasets/combined_6class_confusion_cleaned/train/Plastic/plastic122.jpg,prepared_datasets/combined_6class_confusion_cleaned/train/Plastic/plastic122.jpg,prepared_datasets/combined_6class_confusion_cleaned/train/Plastic/plastic122.jpg,,,,,,,,
train_Plastic_plastic123,TrashNet,cleaned_image_classification,train,Plastic,Plastic,prepared_datasets/combined_6class_confusion_cleaned/train/Plastic/plastic123.jpg,prepared_datasets/combined_6class_confusion_cleaned/train/Plastic/plastic123.jpg,prepared_datasets/combined_6class_confusion_cleaned/train/Plastic/plastic123.jpg,,,,,,,,
train_Plastic_plastic125,TrashNet,cleaned_image_classification,train,Plastic,Plastic,prepared_datasets/combined_6class_confusion_cleaned/train/Plastic/plastic125.jpg,prepared_datasets/combined_6class_confusion_cleaned/train/Plastic/plastic125.jpg,prepared_datasets/combined_6class_confusion_cleaned/train/Plastic/plastic125.jpg,,,,,,,,
train_Plastic_plastic126,TrashNet,cleaned_image_classification,train,Plastic,Plastic,prepared_datasets/combined_6class_confusion_cleaned/train/Plastic/plastic126.jpg,prepared_datasets/combined_6class_confusion_cleaned/train/Plastic/plastic126.jpg,prepared_datasets/combined_6class_confusion_cleaned/train/Plastic/plastic126.jpg,,,,,,,,
train_Plastic_plastic128,TrashNet,cleaned_image_classification,train,Plastic,Plastic,prepared_datasets/combined_6class_confusion_cleaned/train/Plastic/plastic128.jpg,prepared_datasets/combined_6class_confusion_cleaned/train/Plastic/plastic128.jpg,prepared_datasets/combined_6class_confusion_cleaned/train/Plastic/plastic128.jpg,,,,,,,,
train_Plastic_plastic13,TrashNet,cleaned_image_classification,train,Plastic,Plastic,prepared_datasets/combined_6class_confusion_cleaned/train/Plastic/plastic13.jpg,prepared_datasets/combined_6class_confusion_cleaned/train/Plastic/plastic13.jpg,prepared_datasets/combined_6class_confusion_cleaned/train/Plastic/plastic13.jpg,,,,,,,,
train_Plastic_plastic132,TrashNet,cleaned_image_classification,train,Plastic,Plastic,prepared_datasets/combined_6class_confusion_cleaned/train/Plastic/plastic132.jpg,prepared_datasets/combined_6class_confusion_cleaned/train/Plastic/plastic132.jpg,prepared_datasets/combined_6class_confusion_cleaned/train/Plastic/plastic132.jpg,,,,,,,,
train_Plastic_plastic136,TrashNet,cleaned_image_classification,train,Plastic,Plastic,prepared_datasets/combined_6class_confusion_cleaned/train/Plastic/plastic136.jpg,prepared_datasets/combined_6class_confusion_cleaned/train/Plastic/plastic136.jpg,prepared_datasets/combined_6class_confusion_cleaned/train/Plastic/plastic136.jpg,,,,,,,,
train_Plastic_plastic137,TrashNet,cleaned_image_classification,train,Plastic,Plastic,prepared_datasets/combined_6class_confusion_cleaned/train/Plastic/plastic137.jpg,prepared_datasets/combined_6class_confusion_cleaned/train/Plastic/plastic137.jpg,prepared_datasets/combined_6class_confusion_cleaned/train/Plastic/plastic137.jpg,,,,,,,,
train_Plastic_plastic138,TrashNet,cleaned_image_classification,train,Plastic,Plastic,prepared_datasets/combined_6class_confusion_cleaned/train/Plastic/plastic138.jpg,prepared_datasets/combined_6class_confusion_cleaned/train/Plastic/plastic138.jpg,prepared_datasets/combined_6class_confusion_cleaned/train/Plastic/plastic138.jpg,,,,,,,,
train_Plastic_plastic14,TrashNet,cleaned_image_classification,train,Plastic,Plastic,prepared_datasets/combined_6class_confusion_cleaned/train/Plastic/plastic14.jpg,prepared_datasets/combined_6class_confusion_cleaned/train/Plastic/plastic14.jpg,prepared_datasets/combined_6class_confusion_cleaned/train/Plastic/plastic14.jpg,,,,,,,,
train_Plastic_plastic140,TrashNet,cleaned_image_classification,train,Plastic,Plastic,prepared_datasets/combined_6class_confusion_cleaned/train/Plastic/plastic140.jpg,prepared_datasets/combined_6class_confusion_cleaned/train/Plastic/plastic140.jpg,prepared_datasets/combined_6class_confusion_cleaned/train/Plastic/plastic140.jpg,,,,,,,,
train_Plastic_plastic142,TrashNet,cleaned_image_classification,train,Plastic,Plastic,prepared_datasets/combined_6class_confusion_cleaned/train/Plastic/plastic142.jpg,prepared_datasets/combined_6class_confusion_cleaned/train/Plastic/plastic142.jpg,prepared_datasets/combined_6class_confusion_cleaned/train/Plastic/plastic142.jpg,,,,,,,,
train_Plastic_plastic147,TrashNet,cleaned_image_classification,train,Plastic,Plastic,prepared_datasets/combined_6class_confusion_cleaned/train/Plastic/plastic147.jpg,prepared_datasets/combined_6class_confusion_cleaned/train/Plastic/plastic147.jpg,prepared_datasets/combined_6class_confusion_cleaned/train/Plastic/plastic147.jpg,,,,,,,,
train_Plastic_plastic148,TrashNet,cleaned_image_classification,train,Plastic,Plastic,prepared_datasets/combined_6class_confusion_cleaned/train/Plastic/plastic148.jpg,prepared_datasets/combined_6class_confusion_cleaned/train/Plastic/plastic148.jpg,prepared_datasets/combined_6class_confusion_cleaned/train/Plastic/plastic148.jpg,,,,,,,,
train_Plastic_plastic149,TrashNet,cleaned_image_classification,train,Plastic,Plastic,prepared_datasets/combined_6class_confusion_cleaned/train/Plastic/plastic149.jpg,prepared_datasets/combined_6class_confusion_cleaned/train/Plastic/plastic149.jpg,prepared_datasets/combined_6class_confusion_cleaned/train/Plastic/plastic149.jpg,,,,,,,,
train_Plastic_plastic15,TrashNet,cleaned_image_classification,train,Plastic,Plastic,prepared_datasets/combined_6class_confusion_cleaned/train/Plastic/plastic15.jpg,prepared_datasets/combined_6class_confusion_cleaned/train/Plastic/plastic15.jpg,prepared_datasets/combined_6class_confusion_cleaned/train/Plastic/plastic15.jpg,,,,,,,,
train_Plastic_plastic153,TrashNet,cleaned_image_classification,train,Plastic,Plastic,prepared_datasets/combined_6class_confusion_cleaned/train/Plastic/plastic153.jpg,prepared_datasets/combined_6class_confusion_cleaned/train/Plastic/plastic153.jpg,prepared_datasets/combined_6class_confusion_cleaned/train/Plastic/plastic153.jpg,,,,,,,,
train_Plastic_plastic154,TrashNet,cleaned_image_classification,train,Plastic,Plastic,prepared_datasets/combined_6class_confusion_cleaned/train/Plastic/plastic154.jpg,prepared_datasets/combined_6class_confusion_cleaned/train/Plastic/plastic154.jpg,prepared_datasets/combined_6class_confusion_cleaned/train/Plastic/plastic154.jpg,,,,,,,,
train_Plastic_plastic157,TrashNet,cleaned_image_classification,train,Plastic,Plastic,prepared_datasets/combined_6class_confusion_cleaned/train/Plastic/plastic157.jpg,prepared_datasets/combined_6class_confusion_cleaned/train/Plastic/plastic157.jpg,prepared_datasets/combined_6class_confusion_cleaned/train/Plastic/plastic157.jpg,,,,,,,,
train_Plastic_plastic159,TrashNet,cleaned_image_classification,train,Plastic,Plastic,prepared_datasets/combined_6class_confusion_cleaned/train/Plastic/plastic159.jpg,prepared_datasets/combined_6class_confusion_cleaned/train/Plastic/plastic159.jpg,prepared_datasets/combined_6class_confusion_cleaned/train/Plastic/plastic159.jpg,,,,,,,,
train_Plastic_plastic160,TrashNet,cleaned_image_classification,train,Plastic,Plastic,prepared_datasets/combined_6class_confusion_cleaned/train/Plastic/plastic160.jpg,prepared_datasets/combined_6class_confusion_cleaned/train/Plastic/plastic160.jpg,prepared_datasets/combined_6class_confusion_cleaned/train/Plastic/plastic160.jpg,,,,,,,,
train_Plastic_plastic161,TrashNet,cleaned_image_classification,train,Plastic,Plastic,prepared_datasets/combined_6class_confusion_cleaned/train/Plastic/plastic161.jpg,prepared_datasets/combined_6class_confusion_cleaned/train/Plastic/plastic161.jpg,prepared_datasets/combined_6class_confusion_cleaned/train/Plastic/plastic161.jpg,,,,,,,,
train_Plastic_plastic164,TrashNet,cleaned_image_classification,train,Plastic,Plastic,prepared_datasets/combined_6class_confusion_cleaned/train/Plastic/plastic164.jpg,prepared_datasets/combined_6class_confusion_cleaned/train/Plastic/plastic164.jpg,prepared_datasets/combined_6class_confusion_cleaned/train/Plastic/plastic164.jpg,,,,,,,,
train_Plastic_plastic166,TrashNet,cleaned_image_classification,train,Plastic,Plastic,prepared_datasets/combined_6class_confusion_cleaned/train/Plastic/plastic166.jpg,prepared_datasets/combined_6class_confusion_cleaned/train/Plastic/plastic166.jpg,prepared_datasets/combined_6class_confusion_cleaned/train/Plastic/plastic166.jpg,,,,,,,,
train_Plastic_plastic169,TrashNet,cleaned_image_classification,train,Plastic,Plastic,prepared_datasets/combined_6class_confusion_cleaned/train/Plastic/plastic169.jpg,prepared_datasets/combined_6class_confusion_cleaned/train/Plastic/plastic169.jpg,prepared_datasets/combined_6class_confusion_cleaned/train/Plastic/plastic169.jpg,,,,,,,,
train_Plastic_plastic17,TrashNet,cleaned_image_classification,train,Plastic,Plastic,prepared_datasets/combined_6class_confusion_cleaned/train/Plastic/plastic17.jpg,prepared_datasets/combined_6class_confusion_cleaned/train/Plastic/plastic17.jpg,prepared_datasets/combined_6class_confusion_cleaned/train/Plastic/plastic17.jpg,,,,,,,,
train_Plastic_plastic171,TrashNet,cleaned_image_classification,train,Plastic,Plastic,prepared_datasets/combined_6class_confusion_cleaned/train/Plastic/plastic171.jpg,prepared_datasets/combined_6class_confusion_cleaned/train/Plastic/plastic171.jpg,prepared_datasets/combined_6class_confusion_cleaned/train/Plastic/plastic171.jpg,,,,,,,,
train_Plastic_plastic175,TrashNet,cleaned_image_classification,train,Plastic,Plastic,prepared_datasets/combined_6class_confusion_cleaned/train/Plastic/plastic175.jpg,prepared_datasets/combined_6class_confusion_cleaned/train/Plastic/plastic175.jpg,prepared_datasets/combined_6class_confusion_cleaned/train/Plastic/plastic175.jpg,,,,,,,,
train_Plastic_plastic176,TrashNet,cleaned_image_classification,train,Plastic,Plastic,prepared_datasets/combined_6class_confusion_cleaned/train/Plastic/plastic176.jpg,prepared_datasets/combined_6class_confusion_cleaned/train/Plastic/plastic176.jpg,prepared_datasets/combined_6class_confusion_cleaned/train/Plastic/plastic176.jpg,,,,,,,,
train_Plastic_plastic177,TrashNet,cleaned_image_classification,train,Plastic,Plastic,prepared_datasets/combined_6class_confusion_cleaned/train/Plastic/plastic177.jpg,prepared_datasets/combined_6class_confusion_cleaned/train/Plastic/plastic177.jpg,prepared_datasets/combined_6class_confusion_cleaned/train/Plastic/plastic177.jpg,,,,,,,,
train_Plastic_plastic179,TrashNet,cleaned_image_classification,train,Plastic,Plastic,prepared_datasets/combined_6class_confusion_cleaned/train/Plastic/plastic179.jpg,prepared_datasets/combined_6class_confusion_cleaned/train/Plastic/plastic179.jpg,prepared_datasets/combined_6class_confusion_cleaned/train/Plastic/plastic179.jpg,,,,,,,,
train_Plastic_plastic18,TrashNet,cleaned_image_classification,train,Plastic,Plastic,prepared_datasets/combined_6class_confusion_cleaned/train/Plastic/plastic18.jpg,prepared_datasets/combined_6class_confusion_cleaned/train/Plastic/plastic18.jpg,prepared_datasets/combined_6class_confusion_cleaned/train/Plastic/plastic18.jpg,,,,,,,,
train_Plastic_plastic180,TrashNet,cleaned_image_classification,train,Plastic,Plastic,prepared_datasets/combined_6class_confusion_cleaned/train/Plastic/plastic180.jpg,prepared_datasets/combined_6class_confusion_cleaned/train/Plastic/plastic180.jpg,prepared_datasets/combined_6class_confusion_cleaned/train/Plastic/plastic180.jpg,,,,,,,,
train_Plastic_plastic181,TrashNet,cleaned_image_classification,train,Plastic,Plastic,prepared_datasets/combined_6class_confusion_cleaned/train/Plastic/plastic181.jpg,prepared_datasets/combined_6class_confusion_cleaned/train/Plastic/plastic181.jpg,prepared_datasets/combined_6class_confusion_cleaned/train/Plastic/plastic181.jpg,,,,,,,,
train_Plastic_plastic182,TrashNet,cleaned_image_classification,train,Plastic,Plastic,prepared_datasets/combined_6class_confusion_cleaned/train/Plastic/plastic182.jpg,prepared_datasets/combined_6class_confusion_cleaned/train/Plastic/plastic182.jpg,prepared_datasets/combined_6class_confusion_cleaned/train/Plastic/plastic182.jpg,,,,,,,,
train_Plastic_plastic183,TrashNet,cleaned_image_classification,train,Plastic,Plastic,prepared_datasets/combined_6class_confusion_cleaned/train/Plastic/plastic183.jpg,prepared_datasets/combined_6class_confusion_cleaned/train/Plastic/plastic183.jpg,prepared_datasets/combined_6class_confusion_cleaned/train/Plastic/plastic183.jpg,,,,,,,,
train_Plastic_plastic184,TrashNet,cleaned_image_classification,train,Plastic,Plastic,prepared_datasets/combined_6class_confusion_cleaned/train/Plastic/plastic184.jpg,prepared_datasets/combined_6class_confusion_cleaned/train/Plastic/plastic184.jpg,prepared_datasets/combined_6class_confusion_cleaned/train/Plastic/plastic184.jpg,,,,,,,,
train_Plastic_plastic185,TrashNet,cleaned_image_classification,train,Plastic,Plastic,prepared_datasets/combined_6class_confusion_cleaned/train/Plastic/plastic185.jpg,prepared_datasets/combined_6class_confusion_cleaned/train/Plastic/plastic185.jpg,prepared_datasets/combined_6class_confusion_cleaned/train/Plastic/plastic185.jpg,,,,,,,,
train_Plastic_plastic186,TrashNet,cleaned_image_classification,train,Plastic,Plastic,prepared_datasets/combined_6class_confusion_cleaned/train/Plastic/plastic186.jpg,prepared_datasets/combined_6class_confusion_cleaned/train/Plastic/plastic186.jpg,prepared_datasets/combined_6class_confusion_cleaned/train/Plastic/plastic186.jpg,,,,,,,,
train_Plastic_plastic189,TrashNet,cleaned_image_classification,train,Plastic,Plastic,prepared_datasets/combined_6class_confusion_cleaned/train/Plastic/plastic189.jpg,prepared_datasets/combined_6class_confusion_cleaned/train/Plastic/plastic189.jpg,prepared_datasets/combined_6class_confusion_cleaned/train/Plastic/plastic189.jpg,,,,,,,,
train_Plastic_plastic19,TrashNet,cleaned_image_classification,train,Plastic,Plastic,prepared_datasets/combined_6class_confusion_cleaned/train/Plastic/plastic19.jpg,prepared_datasets/combined_6class_confusion_cleaned/train/Plastic/plastic19.jpg,prepared_datasets/combined_6class_confusion_cleaned/train/Plastic/plastic19.jpg,,,,,,,,
train_Plastic_plastic191,TrashNet,cleaned_image_classification,train,Plastic,Plastic,prepared_datasets/combined_6class_confusion_cleaned/train/Plastic/plastic191.jpg,prepared_datasets/combined_6class_confusion_cleaned/train/Plastic/plastic191.jpg,prepared_datasets/combined_6class_confusion_cleaned/train/Plastic/plastic191.jpg,,,,,,,,
train_Plastic_plastic192,TrashNet,cleaned_image_classification,train,Plastic,Plastic,prepared_datasets/combined_6class_confusion_cleaned/train/Plastic/plastic192.jpg,prepared_datasets/combined_6class_confusion_cleaned/train/Plastic/plastic192.jpg,prepared_datasets/combined_6class_confusion_cleaned/train/Plastic/plastic192.jpg,,,,,,,,
train_Plastic_plastic193,TrashNet,cleaned_image_classification,train,Plastic,Plastic,prepared_datasets/combined_6class_confusion_cleaned/train/Plastic/plastic193.jpg,prepared_datasets/combined_6class_confusion_cleaned/train/Plastic/plastic193.jpg,prepared_datasets/combined_6class_confusion_cleaned/train/Plastic/plastic193.jpg,,,,,,,,
train_Plastic_plastic194,TrashNet,cleaned_image_classification,train,Plastic,Plastic,prepared_datasets/combined_6class_confusion_cleaned/train/Plastic/plastic194.jpg,prepared_datasets/combined_6class_confusion_cleaned/train/Plastic/plastic194.jpg,prepared_datasets/combined_6class_confusion_cleaned/train/Plastic/plastic194.jpg,,,,,,,,
train_Plastic_plastic195,TrashNet,cleaned_image_classification,train,Plastic,Plastic,prepared_datasets/combined_6class_confusion_cleaned/train/Plastic/plastic195.jpg,prepared_datasets/combined_6class_confusion_cleaned/train/Plastic/plastic195.jpg,prepared_datasets/combined_6class_confusion_cleaned/train/Plastic/plastic195.jpg,,,,,,,,
train_Plastic_plastic198,TrashNet,cleaned_image_classification,train,Plastic,Plastic,prepared_datasets/combined_6class_confusion_cleaned/train/Plastic/plastic198.jpg,prepared_datasets/combined_6class_confusion_cleaned/train/Plastic/plastic198.jpg,prepared_datasets/combined_6class_confusion_cleaned/train/Plastic/plastic198.jpg,,,,,,,,
train_Plastic_plastic200,TrashNet,cleaned_image_classification,train,Plastic,Plastic,prepared_datasets/combined_6class_confusion_cleaned/train/Plastic/plastic200.jpg,prepared_datasets/combined_6class_confusion_cleaned/train/Plastic/plastic200.jpg,prepared_datasets/combined_6class_confusion_cleaned/train/Plastic/plastic200.jpg,,,,,,,,
train_Plastic_plastic202,TrashNet,cleaned_image_classification,train,Plastic,Plastic,prepared_datasets/combined_6class_confusion_cleaned/train/Plastic/plastic202.jpg,prepared_datasets/combined_6class_confusion_cleaned/train/Plastic/plastic202.jpg,prepared_datasets/combined_6class_confusion_cleaned/train/Plastic/plastic202.jpg,,,,,,,,
train_Plastic_plastic205,TrashNet,cleaned_image_classification,train,Plastic,Plastic,prepared_datasets/combined_6class_confusion_cleaned/train/Plastic/plastic205.jpg,prepared_datasets/combined_6class_confusion_cleaned/train/Plastic/plastic205.jpg,prepared_datasets/combined_6class_confusion_cleaned/train/Plastic/plastic205.jpg,,,,,,,,
train_Plastic_plastic207,TrashNet,cleaned_image_classification,train,Plastic,Plastic,prepared_datasets/combined_6class_confusion_cleaned/train/Plastic/plastic207.jpg,prepared_datasets/combined_6class_confusion_cleaned/train/Plastic/plastic207.jpg,prepared_datasets/combined_6class_confusion_cleaned/train/Plastic/plastic207.jpg,,,,,,,,
train_Plastic_plastic208,TrashNet,cleaned_image_classification,train,Plastic,Plastic,prepared_datasets/combined_6class_confusion_cleaned/train/Plastic/plastic208.jpg,prepared_datasets/combined_6class_confusion_cleaned/train/Plastic/plastic208.jpg,prepared_datasets/combined_6class_confusion_cleaned/train/Plastic/plastic208.jpg,,,,,,,,
train_Plastic_plastic209,TrashNet,cleaned_image_classification,train,Plastic,Plastic,prepared_datasets/combined_6class_confusion_cleaned/train/Plastic/plastic209.jpg,prepared_datasets/combined_6class_confusion_cleaned/train/Plastic/plastic209.jpg,prepared_datasets/combined_6class_confusion_cleaned/train/Plastic/plastic209.jpg,,,,,,,,
train_Plastic_plastic21,TrashNet,cleaned_image_classification,train,Plastic,Plastic,prepared_datasets/combined_6class_confusion_cleaned/train/Plastic/plastic21.jpg,prepared_datasets/combined_6class_confusion_cleaned/train/Plastic/plastic21.jpg,prepared_datasets/combined_6class_confusion_cleaned/train/Plastic/plastic21.jpg,,,,,,,,
train_Plastic_plastic210,TrashNet,cleaned_image_classification,train,Plastic,Plastic,prepared_datasets/combined_6class_confusion_cleaned/train/Plastic/plastic210.jpg,prepared_datasets/combined_6class_confusion_cleaned/train/Plastic/plastic210.jpg,prepared_datasets/combined_6class_confusion_cleaned/train/Plastic/plastic210.jpg,,,,,,,,
train_Plastic_plastic213,TrashNet,cleaned_image_classification,train,Plastic,Plastic,prepared_datasets/combined_6class_confusion_cleaned/train/Plastic/plastic213.jpg,prepared_datasets/combined_6class_confusion_cleaned/train/Plastic/plastic213.jpg,prepared_datasets/combined_6class_confusion_cleaned/train/Plastic/plastic213.jpg,,,,,,,,
train_Plastic_plastic214,TrashNet,cleaned_image_classification,train,Plastic,Plastic,prepared_datasets/combined_6class_confusion_cleaned/train/Plastic/plastic214.jpg,prepared_datasets/combined_6class_confusion_cleaned/train/Plastic/plastic214.jpg,prepared_datasets/combined_6class_confusion_cleaned/train/Plastic/plastic214.jpg,,,,,,,,
train_Plastic_plastic215,TrashNet,cleaned_image_classification,train,Plastic,Plastic,prepared_datasets/combined_6class_confusion_cleaned/train/Plastic/plastic215.jpg,prepared_datasets/combined_6class_confusion_cleaned/train/Plastic/plastic215.jpg,prepared_datasets/combined_6class_confusion_cleaned/train/Plastic/plastic215.jpg,,,,,,,,
train_Plastic_plastic217,TrashNet,cleaned_image_classification,train,Plastic,Plastic,prepared_datasets/combined_6class_confusion_cleaned/train/Plastic/plastic217.jpg,prepared_datasets/combined_6class_confusion_cleaned/train/Plastic/plastic217.jpg,prepared_datasets/combined_6class_confusion_cleaned/train/Plastic/plastic217.jpg,,,,,,,,
train_Plastic_plastic219,TrashNet,cleaned_image_classification,train,Plastic,Plastic,prepared_datasets/combined_6class_confusion_cleaned/train/Plastic/plastic219.jpg,prepared_datasets/combined_6class_confusion_cleaned/train/Plastic/plastic219.jpg,prepared_datasets/combined_6class_confusion_cleaned/train/Plastic/plastic219.jpg,,,,,,,,
train_Plastic_plastic224,TrashNet,cleaned_image_classification,train,Plastic,Plastic,prepared_datasets/combined_6class_confusion_cleaned/train/Plastic/plastic224.jpg,prepared_datasets/combined_6class_confusion_cleaned/train/Plastic/plastic224.jpg,prepared_datasets/combined_6class_confusion_cleaned/train/Plastic/plastic224.jpg,,,,,,,,
train_Plastic_plastic226,TrashNet,cleaned_image_classification,train,Plastic,Plastic,prepared_datasets/combined_6class_confusion_cleaned/train/Plastic/plastic226.jpg,prepared_datasets/combined_6class_confusion_cleaned/train/Plastic/plastic226.jpg,prepared_datasets/combined_6class_confusion_cleaned/train/Plastic/plastic226.jpg,,,,,,,,
train_Plastic_plastic228,TrashNet,cleaned_image_classification,train,Plastic,Plastic,prepared_datasets/combined_6class_confusion_cleaned/train/Plastic/plastic228.jpg,prepared_datasets/combined_6class_confusion_cleaned/train/Plastic/plastic228.jpg,prepared_datasets/combined_6class_confusion_cleaned/train/Plastic/plastic228.jpg,,,,,,,,
train_Plastic_plastic229,TrashNet,cleaned_image_classification,train,Plastic,Plastic,prepared_datasets/combined_6class_confusion_cleaned/train/Plastic/plastic229.jpg,prepared_datasets/combined_6class_confusion_cleaned/train/Plastic/plastic229.jpg,prepared_datasets/combined_6class_confusion_cleaned/train/Plastic/plastic229.jpg,,,,,,,,
train_Plastic_plastic230,TrashNet,cleaned_image_classification,train,Plastic,Plastic,prepared_datasets/combined_6class_confusion_cleaned/train/Plastic/plastic230.jpg,prepared_datasets/combined_6class_confusion_cleaned/train/Plastic/plastic230.jpg,prepared_datasets/combined_6class_confusion_cleaned/train/Plastic/plastic230.jpg,,,,,,,,
train_Plastic_plastic235,TrashNet,cleaned_image_classification,train,Plastic,Plastic,prepared_datasets/combined_6class_confusion_cleaned/train/Plastic/plastic235.jpg,prepared_datasets/combined_6class_confusion_cleaned/train/Plastic/plastic235.jpg,prepared_datasets/combined_6class_confusion_cleaned/train/Plastic/plastic235.jpg,,,,,,,,
train_Plastic_plastic236,TrashNet,cleaned_image_classification,train,Plastic,Plastic,prepared_datasets/combined_6class_confusion_cleaned/train/Plastic/plastic236.jpg,prepared_datasets/combined_6class_confusion_cleaned/train/Plastic/plastic236.jpg,prepared_datasets/combined_6class_confusion_cleaned/train/Plastic/plastic236.jpg,,,,,,,,
train_Plastic_plastic237,TrashNet,cleaned_image_classification,train,Plastic,Plastic,prepared_datasets/combined_6class_confusion_cleaned/train/Plastic/plastic237.jpg,prepared_datasets/combined_6class_confusion_cleaned/train/Plastic/plastic237.jpg,prepared_datasets/combined_6class_confusion_cleaned/train/Plastic/plastic237.jpg,,,,,,,,
train_Plastic_plastic238,TrashNet,cleaned_image_classification,train,Plastic,Plastic,prepared_datasets/combined_6class_confusion_cleaned/train/Plastic/plastic238.jpg,prepared_datasets/combined_6class_confusion_cleaned/train/Plastic/plastic238.jpg,prepared_datasets/combined_6class_confusion_cleaned/train/Plastic/plastic238.jpg,,,,,,,,
train_Plastic_plastic239,TrashNet,cleaned_image_classification,train,Plastic,Plastic,prepared_datasets/combined_6class_confusion_cleaned/train/Plastic/plastic239.jpg,prepared_datasets/combined_6class_confusion_cleaned/train/Plastic/plastic239.jpg,prepared_datasets/combined_6class_confusion_cleaned/train/Plastic/plastic239.jpg,,,,,,,,
train_Plastic_plastic24,TrashNet,cleaned_image_classification,train,Plastic,Plastic,prepared_datasets/combined_6class_confusion_cleaned/train/Plastic/plastic24.jpg,prepared_datasets/combined_6class_confusion_cleaned/train/Plastic/plastic24.jpg,prepared_datasets/combined_6class_confusion_cleaned/train/Plastic/plastic24.jpg,,,,,,,,
train_Plastic_plastic240,TrashNet,cleaned_image_classification,train,Plastic,Plastic,prepared_datasets/combined_6class_confusion_cleaned/train/Plastic/plastic240.jpg,prepared_datasets/combined_6class_confusion_cleaned/train/Plastic/plastic240.jpg,prepared_datasets/combined_6class_confusion_cleaned/train/Plastic/plastic240.jpg,,,,,,,,
train_Plastic_plastic242,TrashNet,cleaned_image_classification,train,Plastic,Plastic,prepared_datasets/combined_6class_confusion_cleaned/train/Plastic/plastic242.jpg,prepared_datasets/combined_6class_confusion_cleaned/train/Plastic/plastic242.jpg,prepared_datasets/combined_6class_confusion_cleaned/train/Plastic/plastic242.jpg,,,,,,,,
train_Plastic_plastic243,TrashNet,cleaned_image_classification,train,Plastic,Plastic,prepared_datasets/combined_6class_confusion_cleaned/train/Plastic/plastic243.jpg,prepared_datasets/combined_6class_confusion_cleaned/train/Plastic/plastic243.jpg,prepared_datasets/combined_6class_confusion_cleaned/train/Plastic/plastic243.jpg,,,,,,,,
train_Plastic_plastic245,TrashNet,cleaned_image_classification,train,Plastic,Plastic,prepared_datasets/combined_6class_confusion_cleaned/train/Plastic/plastic245.jpg,prepared_datasets/combined_6class_confusion_cleaned/train/Plastic/plastic245.jpg,prepared_datasets/combined_6class_confusion_cleaned/train/Plastic/plastic245.jpg,,,,,,,,
train_Plastic_plastic246,TrashNet,cleaned_image_classification,train,Plastic,Plastic,prepared_datasets/combined_6class_confusion_cleaned/train/Plastic/plastic246.jpg,prepared_datasets/combined_6class_confusion_cleaned/train/Plastic/plastic246.jpg,prepared_datasets/combined_6class_confusion_cleaned/train/Plastic/plastic246.jpg,,,,,,,,
train_Plastic_plastic247,TrashNet,cleaned_image_classification,train,Plastic,Plastic,prepared_datasets/combined_6class_confusion_cleaned/train/Plastic/plastic247.jpg,prepared_datasets/combined_6class_confusion_cleaned/train/Plastic/plastic247.jpg,prepared_datasets/combined_6class_confusion_cleaned/train/Plastic/plastic247.jpg,,,,,,,,
train_Plastic_plastic248,TrashNet,cleaned_image_classification,train,Plastic,Plastic,prepared_datasets/combined_6class_confusion_cleaned/train/Plastic/plastic248.jpg,prepared_datasets/combined_6class_confusion_cleaned/train/Plastic/plastic248.jpg,prepared_datasets/combined_6class_confusion_cleaned/train/Plastic/plastic248.jpg,,,,,,,,
train_Plastic_plastic25,TrashNet,cleaned_image_classification,train,Plastic,Plastic,prepared_datasets/combined_6class_confusion_cleaned/train/Plastic/plastic25.jpg,prepared_datasets/combined_6class_confusion_cleaned/train/Plastic/plastic25.jpg,prepared_datasets/combined_6class_confusion_cleaned/train/Plastic/plastic25.jpg,,,,,,,,
train_Plastic_plastic250,TrashNet,cleaned_image_classification,train,Plastic,Plastic,prepared_datasets/combined_6class_confusion_cleaned/train/Plastic/plastic250.jpg,prepared_datasets/combined_6class_confusion_cleaned/train/Plastic/plastic250.jpg,prepared_datasets/combined_6class_confusion_cleaned/train/Plastic/plastic250.jpg,,,,,,,,
train_Plastic_plastic251,TrashNet,cleaned_image_classification,train,Plastic,Plastic,prepared_datasets/combined_6class_confusion_cleaned/train/Plastic/plastic251.jpg,prepared_datasets/combined_6class_confusion_cleaned/train/Plastic/plastic251.jpg,prepared_datasets/combined_6class_confusion_cleaned/train/Plastic/plastic251.jpg,,,,,,,,
train_Plastic_plastic252,TrashNet,cleaned_image_classification,train,Plastic,Plastic,prepared_datasets/combined_6class_confusion_cleaned/train/Plastic/plastic252.jpg,prepared_datasets/combined_6class_confusion_cleaned/train/Plastic/plastic252.jpg,prepared_datasets/combined_6class_confusion_cleaned/train/Plastic/plastic252.jpg,,,,,,,,
train_Plastic_plastic253,TrashNet,cleaned_image_classification,train,Plastic,Plastic,prepared_datasets/combined_6class_confusion_cleaned/train/Plastic/plastic253.jpg,prepared_datasets/combined_6class_confusion_cleaned/train/Plastic/plastic253.jpg,prepared_datasets/combined_6class_confusion_cleaned/train/Plastic/plastic253.jpg,,,,,,,,
train_Plastic_plastic255,TrashNet,cleaned_image_classification,train,Plastic,Plastic,prepared_datasets/combined_6class_confusion_cleaned/train/Plastic/plastic255.jpg,prepared_datasets/combined_6class_confusion_cleaned/train/Plastic/plastic255.jpg,prepared_datasets/combined_6class_confusion_cleaned/train/Plastic/plastic255.jpg,,,,,,,,
train_Plastic_plastic257,TrashNet,cleaned_image_classification,train,Plastic,Plastic,prepared_datasets/combined_6class_confusion_cleaned/train/Plastic/plastic257.jpg,prepared_datasets/combined_6class_confusion_cleaned/train/Plastic/plastic257.jpg,prepared_datasets/combined_6class_confusion_cleaned/train/Plastic/plastic257.jpg,,,,,,,,
train_Plastic_plastic259,TrashNet,cleaned_image_classification,train,Plastic,Plastic,prepared_datasets/combined_6class_confusion_cleaned/train/Plastic/plastic259.jpg,prepared_datasets/combined_6class_confusion_cleaned/train/Plastic/plastic259.jpg,prepared_datasets/combined_6class_confusion_cleaned/train/Plastic/plastic259.jpg,,,,,,,,
train_Plastic_plastic26,TrashNet,cleaned_image_classification,train,Plastic,Plastic,prepared_datasets/combined_6class_confusion_cleaned/train/Plastic/plastic26.jpg,prepared_datasets/combined_6class_confusion_cleaned/train/Plastic/plastic26.jpg,prepared_datasets/combined_6class_confusion_cleaned/train/Plastic/plastic26.jpg,,,,,,,,
train_Plastic_plastic261,TrashNet,cleaned_image_classification,train,Plastic,Plastic,prepared_datasets/combined_6class_confusion_cleaned/train/Plastic/plastic261.jpg,prepared_datasets/combined_6class_confusion_cleaned/train/Plastic/plastic261.jpg,prepared_datasets/combined_6class_confusion_cleaned/train/Plastic/plastic261.jpg,,,,,,,,
train_Plastic_plastic263,TrashNet,cleaned_image_classification,train,Plastic,Plastic,prepared_datasets/combined_6class_confusion_cleaned/train/Plastic/plastic263.jpg,prepared_datasets/combined_6class_confusion_cleaned/train/Plastic/plastic263.jpg,prepared_datasets/combined_6class_confusion_cleaned/train/Plastic/plastic263.jpg,,,,,,,,
train_Plastic_plastic265,TrashNet,cleaned_image_classification,train,Plastic,Plastic,prepared_datasets/combined_6class_confusion_cleaned/train/Plastic/plastic265.jpg,prepared_datasets/combined_6class_confusion_cleaned/train/Plastic/plastic265.jpg,prepared_datasets/combined_6class_confusion_cleaned/train/Plastic/plastic265.jpg,,,,,,,,
train_Plastic_plastic269,TrashNet,cleaned_image_classification,train,Plastic,Plastic,prepared_datasets/combined_6class_confusion_cleaned/train/Plastic/plastic269.jpg,prepared_datasets/combined_6class_confusion_cleaned/train/Plastic/plastic269.jpg,prepared_datasets/combined_6class_confusion_cleaned/train/Plastic/plastic269.jpg,,,,,,,,
train_Plastic_plastic270,TrashNet,cleaned_image_classification,train,Plastic,Plastic,prepared_datasets/combined_6class_confusion_cleaned/train/Plastic/plastic270.jpg,prepared_datasets/combined_6class_confusion_cleaned/train/Plastic/plastic270.jpg,prepared_datasets/combined_6class_confusion_cleaned/train/Plastic/plastic270.jpg,,,,,,,,
train_Plastic_plastic271,TrashNet,cleaned_image_classification,train,Plastic,Plastic,prepared_datasets/combined_6class_confusion_cleaned/train/Plastic/plastic271.jpg,prepared_datasets/combined_6class_confusion_cleaned/train/Plastic/plastic271.jpg,prepared_datasets/combined_6class_confusion_cleaned/train/Plastic/plastic271.jpg,,,,,,,,
train_Plastic_plastic272,TrashNet,cleaned_image_classification,train,Plastic,Plastic,prepared_datasets/combined_6class_confusion_cleaned/train/Plastic/plastic272.jpg,prepared_datasets/combined_6class_confusion_cleaned/train/Plastic/plastic272.jpg,prepared_datasets/combined_6class_confusion_cleaned/train/Plastic/plastic272.jpg,,,,,,,,
train_Plastic_plastic275,TrashNet,cleaned_image_classification,train,Plastic,Plastic,prepared_datasets/combined_6class_confusion_cleaned/train/Plastic/plastic275.jpg,prepared_datasets/combined_6class_confusion_cleaned/train/Plastic/plastic275.jpg,prepared_datasets/combined_6class_confusion_cleaned/train/Plastic/plastic275.jpg,,,,,,,,
train_Plastic_plastic276,TrashNet,cleaned_image_classification,train,Plastic,Plastic,prepared_datasets/combined_6class_confusion_cleaned/train/Plastic/plastic276.jpg,prepared_datasets/combined_6class_confusion_cleaned/train/Plastic/plastic276.jpg,prepared_datasets/combined_6class_confusion_cleaned/train/Plastic/plastic276.jpg,,,,,,,,
train_Plastic_plastic277,TrashNet,cleaned_image_classification,train,Plastic,Plastic,prepared_datasets/combined_6class_confusion_cleaned/train/Plastic/plastic277.jpg,prepared_datasets/combined_6class_confusion_cleaned/train/Plastic/plastic277.jpg,prepared_datasets/combined_6class_confusion_cleaned/train/Plastic/plastic277.jpg,,,,,,,,
train_Plastic_plastic278,TrashNet,cleaned_image_classification,train,Plastic,Plastic,prepared_datasets/combined_6class_confusion_cleaned/train/Plastic/plastic278.jpg,prepared_datasets/combined_6class_confusion_cleaned/train/Plastic/plastic278.jpg,prepared_datasets/combined_6class_confusion_cleaned/train/Plastic/plastic278.jpg,,,,,,,,
train_Plastic_plastic279,TrashNet,cleaned_image_classification,train,Plastic,Plastic,prepared_datasets/combined_6class_confusion_cleaned/train/Plastic/plastic279.jpg,prepared_datasets/combined_6class_confusion_cleaned/train/Plastic/plastic279.jpg,prepared_datasets/combined_6class_confusion_cleaned/train/Plastic/plastic279.jpg,,,,,,,,
train_Plastic_plastic280,TrashNet,cleaned_image_classification,train,Plastic,Plastic,prepared_datasets/combined_6class_confusion_cleaned/train/Plastic/plastic280.jpg,prepared_datasets/combined_6class_confusion_cleaned/train/Plastic/plastic280.jpg,prepared_datasets/combined_6class_confusion_cleaned/train/Plastic/plastic280.jpg,,,,,,,,
train_Plastic_plastic282,TrashNet,cleaned_image_classification,train,Plastic,Plastic,prepared_datasets/combined_6class_confusion_cleaned/train/Plastic/plastic282.jpg,prepared_datasets/combined_6class_confusion_cleaned/train/Plastic/plastic282.jpg,prepared_datasets/combined_6class_confusion_cleaned/train/Plastic/plastic282.jpg,,,,,,,,
train_Plastic_plastic285,TrashNet,cleaned_image_classification,train,Plastic,Plastic,prepared_datasets/combined_6class_confusion_cleaned/train/Plastic/plastic285.jpg,prepared_datasets/combined_6class_confusion_cleaned/train/Plastic/plastic285.jpg,prepared_datasets/combined_6class_confusion_cleaned/train/Plastic/plastic285.jpg,,,,,,,,
train_Plastic_plastic286,TrashNet,cleaned_image_classification,train,Plastic,Plastic,prepared_datasets/combined_6class_confusion_cleaned/train/Plastic/plastic286.jpg,prepared_datasets/combined_6class_confusion_cleaned/train/Plastic/plastic286.jpg,prepared_datasets/combined_6class_confusion_cleaned/train/Plastic/plastic286.jpg,,,,,,,,
train_Plastic_plastic287,TrashNet,cleaned_image_classification,train,Plastic,Plastic,prepared_datasets/combined_6class_confusion_cleaned/train/Plastic/plastic287.jpg,prepared_datasets/combined_6class_confusion_cleaned/train/Plastic/plastic287.jpg,prepared_datasets/combined_6class_confusion_cleaned/train/Plastic/plastic287.jpg,,,,,,,,
train_Plastic_plastic288,TrashNet,cleaned_image_classification,train,Plastic,Plastic,prepared_datasets/combined_6class_confusion_cleaned/train/Plastic/plastic288.jpg,prepared_datasets/combined_6class_confusion_cleaned/train/Plastic/plastic288.jpg,prepared_datasets/combined_6class_confusion_cleaned/train/Plastic/plastic288.jpg,,,,,,,,
train_Plastic_plastic289,TrashNet,cleaned_image_classification,train,Plastic,Plastic,prepared_datasets/combined_6class_confusion_cleaned/train/Plastic/plastic289.jpg,prepared_datasets/combined_6class_confusion_cleaned/train/Plastic/plastic289.jpg,prepared_datasets/combined_6class_confusion_cleaned/train/Plastic/plastic289.jpg,,,,,,,,
train_Plastic_plastic29,TrashNet,cleaned_image_classification,train,Plastic,Plastic,prepared_datasets/combined_6class_confusion_cleaned/train/Plastic/plastic29.jpg,prepared_datasets/combined_6class_confusion_cleaned/train/Plastic/plastic29.jpg,prepared_datasets/combined_6class_confusion_cleaned/train/Plastic/plastic29.jpg,,,,,,,,
train_Plastic_plastic291,TrashNet,cleaned_image_classification,train,Plastic,Plastic,prepared_datasets/combined_6class_confusion_cleaned/train/Plastic/plastic291.jpg,prepared_datasets/combined_6class_confusion_cleaned/train/Plastic/plastic291.jpg,prepared_datasets/combined_6class_confusion_cleaned/train/Plastic/plastic291.jpg,,,,,,,,
train_Plastic_plastic293,TrashNet,cleaned_image_classification,train,Plastic,Plastic,prepared_datasets/combined_6class_confusion_cleaned/train/Plastic/plastic293.jpg,prepared_datasets/combined_6class_confusion_cleaned/train/Plastic/plastic293.jpg,prepared_datasets/combined_6class_confusion_cleaned/train/Plastic/plastic293.jpg,,,,,,,,
train_Plastic_plastic295,TrashNet,cleaned_image_classification,train,Plastic,Plastic,prepared_datasets/combined_6class_confusion_cleaned/train/Plastic/plastic295.jpg,prepared_datasets/combined_6class_confusion_cleaned/train/Plastic/plastic295.jpg,prepared_datasets/combined_6class_confusion_cleaned/train/Plastic/plastic295.jpg,,,,,,,,
train_Plastic_plastic296,TrashNet,cleaned_image_classification,train,Plastic,Plastic,prepared_datasets/combined_6class_confusion_cleaned/train/Plastic/plastic296.jpg,prepared_datasets/combined_6class_confusion_cleaned/train/Plastic/plastic296.jpg,prepared_datasets/combined_6class_confusion_cleaned/train/Plastic/plastic296.jpg,,,,,,,,
train_Plastic_plastic298,TrashNet,cleaned_image_classification,train,Plastic,Plastic,prepared_datasets/combined_6class_confusion_cleaned/train/Plastic/plastic298.jpg,prepared_datasets/combined_6class_confusion_cleaned/train/Plastic/plastic298.jpg,prepared_datasets/combined_6class_confusion_cleaned/train/Plastic/plastic298.jpg,,,,,,,,
train_Plastic_plastic299,TrashNet,cleaned_image_classification,train,Plastic,Plastic,prepared_datasets/combined_6class_confusion_cleaned/train/Plastic/plastic299.jpg,prepared_datasets/combined_6class_confusion_cleaned/train/Plastic/plastic299.jpg,prepared_datasets/combined_6class_confusion_cleaned/train/Plastic/plastic299.jpg,,,,,,,,
train_Plastic_plastic3,TrashNet,cleaned_image_classification,train,Plastic,Plastic,prepared_datasets/combined_6class_confusion_cleaned/train/Plastic/plastic3.jpg,prepared_datasets/combined_6class_confusion_cleaned/train/Plastic/plastic3.jpg,prepared_datasets/combined_6class_confusion_cleaned/train/Plastic/plastic3.jpg,,,,,,,,
train_Plastic_plastic30,TrashNet,cleaned_image_classification,train,Plastic,Plastic,prepared_datasets/combined_6class_confusion_cleaned/train/Plastic/plastic30.jpg,prepared_datasets/combined_6class_confusion_cleaned/train/Plastic/plastic30.jpg,prepared_datasets/combined_6class_confusion_cleaned/train/Plastic/plastic30.jpg,,,,,,,,
train_Plastic_plastic300,TrashNet,cleaned_image_classification,train,Plastic,Plastic,prepared_datasets/combined_6class_confusion_cleaned/train/Plastic/plastic300.jpg,prepared_datasets/combined_6class_confusion_cleaned/train/Plastic/plastic300.jpg,prepared_datasets/combined_6class_confusion_cleaned/train/Plastic/plastic300.jpg,,,,,,,,
train_Plastic_plastic301,TrashNet,cleaned_image_classification,train,Plastic,Plastic,prepared_datasets/combined_6class_confusion_cleaned/train/Plastic/plastic301.jpg,prepared_datasets/combined_6class_confusion_cleaned/train/Plastic/plastic301.jpg,prepared_datasets/combined_6class_confusion_cleaned/train/Plastic/plastic301.jpg,,,,,,,,
train_Plastic_plastic302,TrashNet,cleaned_image_classification,train,Plastic,Plastic,prepared_datasets/combined_6class_confusion_cleaned/train/Plastic/plastic302.jpg,prepared_datasets/combined_6class_confusion_cleaned/train/Plastic/plastic302.jpg,prepared_datasets/combined_6class_confusion_cleaned/train/Plastic/plastic302.jpg,,,,,,,,
train_Plastic_plastic304,TrashNet,cleaned_image_classification,train,Plastic,Plastic,prepared_datasets/combined_6class_confusion_cleaned/train/Plastic/plastic304.jpg,prepared_datasets/combined_6class_confusion_cleaned/train/Plastic/plastic304.jpg,prepared_datasets/combined_6class_confusion_cleaned/train/Plastic/plastic304.jpg,,,,,,,,
train_Plastic_plastic306,TrashNet,cleaned_image_classification,train,Plastic,Plastic,prepared_datasets/combined_6class_confusion_cleaned/train/Plastic/plastic306.jpg,prepared_datasets/combined_6class_confusion_cleaned/train/Plastic/plastic306.jpg,prepared_datasets/combined_6class_confusion_cleaned/train/Plastic/plastic306.jpg,,,,,,,,
train_Plastic_plastic309,TrashNet,cleaned_image_classification,train,Plastic,Plastic,prepared_datasets/combined_6class_confusion_cleaned/train/Plastic/plastic309.jpg,prepared_datasets/combined_6class_confusion_cleaned/train/Plastic/plastic309.jpg,prepared_datasets/combined_6class_confusion_cleaned/train/Plastic/plastic309.jpg,,,,,,,,
train_Plastic_plastic313,TrashNet,cleaned_image_classification,train,Plastic,Plastic,prepared_datasets/combined_6class_confusion_cleaned/train/Plastic/plastic313.jpg,prepared_datasets/combined_6class_confusion_cleaned/train/Plastic/plastic313.jpg,prepared_datasets/combined_6class_confusion_cleaned/train/Plastic/plastic313.jpg,,,,,,,,
train_Plastic_plastic314,TrashNet,cleaned_image_classification,train,Plastic,Plastic,prepared_datasets/combined_6class_confusion_cleaned/train/Plastic/plastic314.jpg,prepared_datasets/combined_6class_confusion_cleaned/train/Plastic/plastic314.jpg,prepared_datasets/combined_6class_confusion_cleaned/train/Plastic/plastic314.jpg,,,,,,,,
train_Plastic_plastic315,TrashNet,cleaned_image_classification,train,Plastic,Plastic,prepared_datasets/combined_6class_confusion_cleaned/train/Plastic/plastic315.jpg,prepared_datasets/combined_6class_confusion_cleaned/train/Plastic/plastic315.jpg,prepared_datasets/combined_6class_confusion_cleaned/train/Plastic/plastic315.jpg,,,,,,,,
train_Plastic_plastic316,TrashNet,cleaned_image_classification,train,Plastic,Plastic,prepared_datasets/combined_6class_confusion_cleaned/train/Plastic/plastic316.jpg,prepared_datasets/combined_6class_confusion_cleaned/train/Plastic/plastic316.jpg,prepared_datasets/combined_6class_confusion_cleaned/train/Plastic/plastic316.jpg,,,,,,,,
train_Plastic_plastic317,TrashNet,cleaned_image_classification,train,Plastic,Plastic,prepared_datasets/combined_6class_confusion_cleaned/train/Plastic/plastic317.jpg,prepared_datasets/combined_6class_confusion_cleaned/train/Plastic/plastic317.jpg,prepared_datasets/combined_6class_confusion_cleaned/train/Plastic/plastic317.jpg,,,,,,,,
train_Plastic_plastic318,TrashNet,cleaned_image_classification,train,Plastic,Plastic,prepared_datasets/combined_6class_confusion_cleaned/train/Plastic/plastic318.jpg,prepared_datasets/combined_6class_confusion_cleaned/train/Plastic/plastic318.jpg,prepared_datasets/combined_6class_confusion_cleaned/train/Plastic/plastic318.jpg,,,,,,,,
train_Plastic_plastic319,TrashNet,cleaned_image_classification,train,Plastic,Plastic,prepared_datasets/combined_6class_confusion_cleaned/train/Plastic/plastic319.jpg,prepared_datasets/combined_6class_confusion_cleaned/train/Plastic/plastic319.jpg,prepared_datasets/combined_6class_confusion_cleaned/train/Plastic/plastic319.jpg,,,,,,,,
train_Plastic_plastic32,TrashNet,cleaned_image_classification,train,Plastic,Plastic,prepared_datasets/combined_6class_confusion_cleaned/train/Plastic/plastic32.jpg,prepared_datasets/combined_6class_confusion_cleaned/train/Plastic/plastic32.jpg,prepared_datasets/combined_6class_confusion_cleaned/train/Plastic/plastic32.jpg,,,,,,,,
train_Plastic_plastic320,TrashNet,cleaned_image_classification,train,Plastic,Plastic,prepared_datasets/combined_6class_confusion_cleaned/train/Plastic/plastic320.jpg,prepared_datasets/combined_6class_confusion_cleaned/train/Plastic/plastic320.jpg,prepared_datasets/combined_6class_confusion_cleaned/train/Plastic/plastic320.jpg,,,,,,,,
train_Plastic_plastic321,TrashNet,cleaned_image_classification,train,Plastic,Plastic,prepared_datasets/combined_6class_confusion_cleaned/train/Plastic/plastic321.jpg,prepared_datasets/combined_6class_confusion_cleaned/train/Plastic/plastic321.jpg,prepared_datasets/combined_6class_confusion_cleaned/train/Plastic/plastic321.jpg,,,,,,,,
train_Plastic_plastic322,TrashNet,cleaned_image_classification,train,Plastic,Plastic,prepared_datasets/combined_6class_confusion_cleaned/train/Plastic/plastic322.jpg,prepared_datasets/combined_6class_confusion_cleaned/train/Plastic/plastic322.jpg,prepared_datasets/combined_6class_confusion_cleaned/train/Plastic/plastic322.jpg,,,,,,,,
train_Plastic_plastic323,TrashNet,cleaned_image_classification,train,Plastic,Plastic,prepared_datasets/combined_6class_confusion_cleaned/train/Plastic/plastic323.jpg,prepared_datasets/combined_6class_confusion_cleaned/train/Plastic/plastic323.jpg,prepared_datasets/combined_6class_confusion_cleaned/train/Plastic/plastic323.jpg,,,,,,,,
train_Plastic_plastic325,TrashNet,cleaned_image_classification,train,Plastic,Plastic,prepared_datasets/combined_6class_confusion_cleaned/train/Plastic/plastic325.jpg,prepared_datasets/combined_6class_confusion_cleaned/train/Plastic/plastic325.jpg,prepared_datasets/combined_6class_confusion_cleaned/train/Plastic/plastic325.jpg,,,,,,,,
train_Plastic_plastic327,TrashNet,cleaned_image_classification,train,Plastic,Plastic,prepared_datasets/combined_6class_confusion_cleaned/train/Plastic/plastic327.jpg,prepared_datasets/combined_6class_confusion_cleaned/train/Plastic/plastic327.jpg,prepared_datasets/combined_6class_confusion_cleaned/train/Plastic/plastic327.jpg,,,,,,,,
train_Plastic_plastic328,TrashNet,cleaned_image_classification,train,Plastic,Plastic,prepared_datasets/combined_6class_confusion_cleaned/train/Plastic/plastic328.jpg,prepared_datasets/combined_6class_confusion_cleaned/train/Plastic/plastic328.jpg,prepared_datasets/combined_6class_confusion_cleaned/train/Plastic/plastic328.jpg,,,,,,,,
train_Plastic_plastic33,TrashNet,cleaned_image_classification,train,Plastic,Plastic,prepared_datasets/combined_6class_confusion_cleaned/train/Plastic/plastic33.jpg,prepared_datasets/combined_6class_confusion_cleaned/train/Plastic/plastic33.jpg,prepared_datasets/combined_6class_confusion_cleaned/train/Plastic/plastic33.jpg,,,,,,,,
train_Plastic_plastic330,TrashNet,cleaned_image_classification,train,Plastic,Plastic,prepared_datasets/combined_6class_confusion_cleaned/train/Plastic/plastic330.jpg,prepared_datasets/combined_6class_confusion_cleaned/train/Plastic/plastic330.jpg,prepared_datasets/combined_6class_confusion_cleaned/train/Plastic/plastic330.jpg,,,,,,,,
train_Plastic_plastic334,TrashNet,cleaned_image_classification,train,Plastic,Plastic,prepared_datasets/combined_6class_confusion_cleaned/train/Plastic/plastic334.jpg,prepared_datasets/combined_6class_confusion_cleaned/train/Plastic/plastic334.jpg,prepared_datasets/combined_6class_confusion_cleaned/train/Plastic/plastic334.jpg,,,,,,,,
train_Plastic_plastic335,TrashNet,cleaned_image_classification,train,Plastic,Plastic,prepared_datasets/combined_6class_confusion_cleaned/train/Plastic/plastic335.jpg,prepared_datasets/combined_6class_confusion_cleaned/train/Plastic/plastic335.jpg,prepared_datasets/combined_6class_confusion_cleaned/train/Plastic/plastic335.jpg,,,,,,,,
train_Plastic_plastic336,TrashNet,cleaned_image_classification,train,Plastic,Plastic,prepared_datasets/combined_6class_confusion_cleaned/train/Plastic/plastic336.jpg,prepared_datasets/combined_6class_confusion_cleaned/train/Plastic/plastic336.jpg,prepared_datasets/combined_6class_confusion_cleaned/train/Plastic/plastic336.jpg,,,,,,,,
train_Plastic_plastic337,TrashNet,cleaned_image_classification,train,Plastic,Plastic,prepared_datasets/combined_6class_confusion_cleaned/train/Plastic/plastic337.jpg,prepared_datasets/combined_6class_confusion_cleaned/train/Plastic/plastic337.jpg,prepared_datasets/combined_6class_confusion_cleaned/train/Plastic/plastic337.jpg,,,,,,,,
train_Plastic_plastic338,TrashNet,cleaned_image_classification,train,Plastic,Plastic,prepared_datasets/combined_6class_confusion_cleaned/train/Plastic/plastic338.jpg,prepared_datasets/combined_6class_confusion_cleaned/train/Plastic/plastic338.jpg,prepared_datasets/combined_6class_confusion_cleaned/train/Plastic/plastic338.jpg,,,,,,,,
train_Plastic_plastic339,TrashNet,cleaned_image_classification,train,Plastic,Plastic,prepared_datasets/combined_6class_confusion_cleaned/train/Plastic/plastic339.jpg,prepared_datasets/combined_6class_confusion_cleaned/train/Plastic/plastic339.jpg,prepared_datasets/combined_6class_confusion_cleaned/train/Plastic/plastic339.jpg,,,,,,,,
train_Plastic_plastic34,TrashNet,cleaned_image_classification,train,Plastic,Plastic,prepared_datasets/combined_6class_confusion_cleaned/train/Plastic/plastic34.jpg,prepared_datasets/combined_6class_confusion_cleaned/train/Plastic/plastic34.jpg,prepared_datasets/combined_6class_confusion_cleaned/train/Plastic/plastic34.jpg,,,,,,,,
train_Plastic_plastic340,TrashNet,cleaned_image_classification,train,Plastic,Plastic,prepared_datasets/combined_6class_confusion_cleaned/train/Plastic/plastic340.jpg,prepared_datasets/combined_6class_confusion_cleaned/train/Plastic/plastic340.jpg,prepared_datasets/combined_6class_confusion_cleaned/train/Plastic/plastic340.jpg,,,,,,,,
train_Plastic_plastic341,TrashNet,cleaned_image_classification,train,Plastic,Plastic,prepared_datasets/combined_6class_confusion_cleaned/train/Plastic/plastic341.jpg,prepared_datasets/combined_6class_confusion_cleaned/train/Plastic/plastic341.jpg,prepared_datasets/combined_6class_confusion_cleaned/train/Plastic/plastic341.jpg,,,,,,,,
train_Plastic_plastic342,TrashNet,cleaned_image_classification,train,Plastic,Plastic,prepared_datasets/combined_6class_confusion_cleaned/train/Plastic/plastic342.jpg,prepared_datasets/combined_6class_confusion_cleaned/train/Plastic/plastic342.jpg,prepared_datasets/combined_6class_confusion_cleaned/train/Plastic/plastic342.jpg,,,,,,,,
train_Plastic_plastic344,TrashNet,cleaned_image_classification,train,Plastic,Plastic,prepared_datasets/combined_6class_confusion_cleaned/train/Plastic/plastic344.jpg,prepared_datasets/combined_6class_confusion_cleaned/train/Plastic/plastic344.jpg,prepared_datasets/combined_6class_confusion_cleaned/train/Plastic/plastic344.jpg,,,,,,,,
train_Plastic_plastic348,TrashNet,cleaned_image_classification,train,Plastic,Plastic,prepared_datasets/combined_6class_confusion_cleaned/train/Plastic/plastic348.jpg,prepared_datasets/combined_6class_confusion_cleaned/train/Plastic/plastic348.jpg,prepared_datasets/combined_6class_confusion_cleaned/train/Plastic/plastic348.jpg,,,,,,,,
train_Plastic_plastic349,TrashNet,cleaned_image_classification,train,Plastic,Plastic,prepared_datasets/combined_6class_confusion_cleaned/train/Plastic/plastic349.jpg,prepared_datasets/combined_6class_confusion_cleaned/train/Plastic/plastic349.jpg,prepared_datasets/combined_6class_confusion_cleaned/train/Plastic/plastic349.jpg,,,,,,,,
train_Plastic_plastic35,TrashNet,cleaned_image_classification,train,Plastic,Plastic,prepared_datasets/combined_6class_confusion_cleaned/train/Plastic/plastic35.jpg,prepared_datasets/combined_6class_confusion_cleaned/train/Plastic/plastic35.jpg,prepared_datasets/combined_6class_confusion_cleaned/train/Plastic/plastic35.jpg,,,,,,,,
train_Plastic_plastic351,TrashNet,cleaned_image_classification,train,Plastic,Plastic,prepared_datasets/combined_6class_confusion_cleaned/train/Plastic/plastic351.jpg,prepared_datasets/combined_6class_confusion_cleaned/train/Plastic/plastic351.jpg,prepared_datasets/combined_6class_confusion_cleaned/train/Plastic/plastic351.jpg,,,,,,,,
train_Plastic_plastic352,TrashNet,cleaned_image_classification,train,Plastic,Plastic,prepared_datasets/combined_6class_confusion_cleaned/train/Plastic/plastic352.jpg,prepared_datasets/combined_6class_confusion_cleaned/train/Plastic/plastic352.jpg,prepared_datasets/combined_6class_confusion_cleaned/train/Plastic/plastic352.jpg,,,,,,,,
train_Plastic_plastic354,TrashNet,cleaned_image_classification,train,Plastic,Plastic,prepared_datasets/combined_6class_confusion_cleaned/train/Plastic/plastic354.jpg,prepared_datasets/combined_6class_confusion_cleaned/train/Plastic/plastic354.jpg,prepared_datasets/combined_6class_confusion_cleaned/train/Plastic/plastic354.jpg,,,,,,,,
train_Plastic_plastic355,TrashNet,cleaned_image_classification,train,Plastic,Plastic,prepared_datasets/combined_6class_confusion_cleaned/train/Plastic/plastic355.jpg,prepared_datasets/combined_6class_confusion_cleaned/train/Plastic/plastic355.jpg,prepared_datasets/combined_6class_confusion_cleaned/train/Plastic/plastic355.jpg,,,,,,,,
train_Plastic_plastic357,TrashNet,cleaned_image_classification,train,Plastic,Plastic,prepared_datasets/combined_6class_confusion_cleaned/train/Plastic/plastic357.jpg,prepared_datasets/combined_6class_confusion_cleaned/train/Plastic/plastic357.jpg,prepared_datasets/combined_6class_confusion_cleaned/train/Plastic/plastic357.jpg,,,,,,,,
train_Plastic_plastic359,TrashNet,cleaned_image_classification,train,Plastic,Plastic,prepared_datasets/combined_6class_confusion_cleaned/train/Plastic/plastic359.jpg,prepared_datasets/combined_6class_confusion_cleaned/train/Plastic/plastic359.jpg,prepared_datasets/combined_6class_confusion_cleaned/train/Plastic/plastic359.jpg,,,,,,,,
train_Plastic_plastic36,TrashNet,cleaned_image_classification,train,Plastic,Plastic,prepared_datasets/combined_6class_confusion_cleaned/train/Plastic/plastic36.jpg,prepared_datasets/combined_6class_confusion_cleaned/train/Plastic/plastic36.jpg,prepared_datasets/combined_6class_confusion_cleaned/train/Plastic/plastic36.jpg,,,,,,,,
train_Plastic_plastic362,TrashNet,cleaned_image_classification,train,Plastic,Plastic,prepared_datasets/combined_6class_confusion_cleaned/train/Plastic/plastic362.jpg,prepared_datasets/combined_6class_confusion_cleaned/train/Plastic/plastic362.jpg,prepared_datasets/combined_6class_confusion_cleaned/train/Plastic/plastic362.jpg,,,,,,,,
train_Plastic_plastic363,TrashNet,cleaned_image_classification,train,Plastic,Plastic,prepared_datasets/combined_6class_confusion_cleaned/train/Plastic/plastic363.jpg,prepared_datasets/combined_6class_confusion_cleaned/train/Plastic/plastic363.jpg,prepared_datasets/combined_6class_confusion_cleaned/train/Plastic/plastic363.jpg,,,,,,,,
train_Plastic_plastic364,TrashNet,cleaned_image_classification,train,Plastic,Plastic,prepared_datasets/combined_6class_confusion_cleaned/train/Plastic/plastic364.jpg,prepared_datasets/combined_6class_confusion_cleaned/train/Plastic/plastic364.jpg,prepared_datasets/combined_6class_confusion_cleaned/train/Plastic/plastic364.jpg,,,,,,,,
train_Plastic_plastic366,TrashNet,cleaned_image_classification,train,Plastic,Plastic,prepared_datasets/combined_6class_confusion_cleaned/train/Plastic/plastic366.jpg,prepared_datasets/combined_6class_confusion_cleaned/train/Plastic/plastic366.jpg,prepared_datasets/combined_6class_confusion_cleaned/train/Plastic/plastic366.jpg,,,,,,,,
train_Plastic_plastic367,TrashNet,cleaned_image_classification,train,Plastic,Plastic,prepared_datasets/combined_6class_confusion_cleaned/train/Plastic/plastic367.jpg,prepared_datasets/combined_6class_confusion_cleaned/train/Plastic/plastic367.jpg,prepared_datasets/combined_6class_confusion_cleaned/train/Plastic/plastic367.jpg,,,,,,,,
train_Plastic_plastic373,TrashNet,cleaned_image_classification,train,Plastic,Plastic,prepared_datasets/combined_6class_confusion_cleaned/train/Plastic/plastic373.jpg,prepared_datasets/combined_6class_confusion_cleaned/train/Plastic/plastic373.jpg,prepared_datasets/combined_6class_confusion_cleaned/train/Plastic/plastic373.jpg,,,,,,,,
train_Plastic_plastic375,TrashNet,cleaned_image_classification,train,Plastic,Plastic,prepared_datasets/combined_6class_confusion_cleaned/train/Plastic/plastic375.jpg,prepared_datasets/combined_6class_confusion_cleaned/train/Plastic/plastic375.jpg,prepared_datasets/combined_6class_confusion_cleaned/train/Plastic/plastic375.jpg,,,,,,,,
train_Plastic_plastic376,TrashNet,cleaned_image_classification,train,Plastic,Plastic,prepared_datasets/combined_6class_confusion_cleaned/train/Plastic/plastic376.jpg,prepared_datasets/combined_6class_confusion_cleaned/train/Plastic/plastic376.jpg,prepared_datasets/combined_6class_confusion_cleaned/train/Plastic/plastic376.jpg,,,,,,,,
train_Plastic_plastic379,TrashNet,cleaned_image_classification,train,Plastic,Plastic,prepared_datasets/combined_6class_confusion_cleaned/train/Plastic/plastic379.jpg,prepared_datasets/combined_6class_confusion_cleaned/train/Plastic/plastic379.jpg,prepared_datasets/combined_6class_confusion_cleaned/train/Plastic/plastic379.jpg,,,,,,,,
train_Plastic_plastic380,TrashNet,cleaned_image_classification,train,Plastic,Plastic,prepared_datasets/combined_6class_confusion_cleaned/train/Plastic/plastic380.jpg,prepared_datasets/combined_6class_confusion_cleaned/train/Plastic/plastic380.jpg,prepared_datasets/combined_6class_confusion_cleaned/train/Plastic/plastic380.jpg,,,,,,,,
train_Plastic_plastic381,TrashNet,cleaned_image_classification,train,Plastic,Plastic,prepared_datasets/combined_6class_confusion_cleaned/train/Plastic/plastic381.jpg,prepared_datasets/combined_6class_confusion_cleaned/train/Plastic/plastic381.jpg,prepared_datasets/combined_6class_confusion_cleaned/train/Plastic/plastic381.jpg,,,,,,,,
train_Plastic_plastic382,TrashNet,cleaned_image_classification,train,Plastic,Plastic,prepared_datasets/combined_6class_confusion_cleaned/train/Plastic/plastic382.jpg,prepared_datasets/combined_6class_confusion_cleaned/train/Plastic/plastic382.jpg,prepared_datasets/combined_6class_confusion_cleaned/train/Plastic/plastic382.jpg,,,,,,,,
train_Plastic_plastic383,TrashNet,cleaned_image_classification,train,Plastic,Plastic,prepared_datasets/combined_6class_confusion_cleaned/train/Plastic/plastic383.jpg,prepared_datasets/combined_6class_confusion_cleaned/train/Plastic/plastic383.jpg,prepared_datasets/combined_6class_confusion_cleaned/train/Plastic/plastic383.jpg,,,,,,,,
train_Plastic_plastic385,TrashNet,cleaned_image_classification,train,Plastic,Plastic,prepared_datasets/combined_6class_confusion_cleaned/train/Plastic/plastic385.jpg,prepared_datasets/combined_6class_confusion_cleaned/train/Plastic/plastic385.jpg,prepared_datasets/combined_6class_confusion_cleaned/train/Plastic/plastic385.jpg,,,,,,,,
train_Plastic_plastic386,TrashNet,cleaned_image_classification,train,Plastic,Plastic,prepared_datasets/combined_6class_confusion_cleaned/train/Plastic/plastic386.jpg,prepared_datasets/combined_6class_confusion_cleaned/train/Plastic/plastic386.jpg,prepared_datasets/combined_6class_confusion_cleaned/train/Plastic/plastic386.jpg,,,,,,,,
train_Plastic_plastic387,TrashNet,cleaned_image_classification,train,Plastic,Plastic,prepared_datasets/combined_6class_confusion_cleaned/train/Plastic/plastic387.jpg,prepared_datasets/combined_6class_confusion_cleaned/train/Plastic/plastic387.jpg,prepared_datasets/combined_6class_confusion_cleaned/train/Plastic/plastic387.jpg,,,,,,,,
train_Plastic_plastic388,TrashNet,cleaned_image_classification,train,Plastic,Plastic,prepared_datasets/combined_6class_confusion_cleaned/train/Plastic/plastic388.jpg,prepared_datasets/combined_6class_confusion_cleaned/train/Plastic/plastic388.jpg,prepared_datasets/combined_6class_confusion_cleaned/train/Plastic/plastic388.jpg,,,,,,,,
train_Plastic_plastic39,TrashNet,cleaned_image_classification,train,Plastic,Plastic,prepared_datasets/combined_6class_confusion_cleaned/train/Plastic/plastic39.jpg,prepared_datasets/combined_6class_confusion_cleaned/train/Plastic/plastic39.jpg,prepared_datasets/combined_6class_confusion_cleaned/train/Plastic/plastic39.jpg,,,,,,,,
train_Plastic_plastic390,TrashNet,cleaned_image_classification,train,Plastic,Plastic,prepared_datasets/combined_6class_confusion_cleaned/train/Plastic/plastic390.jpg,prepared_datasets/combined_6class_confusion_cleaned/train/Plastic/plastic390.jpg,prepared_datasets/combined_6class_confusion_cleaned/train/Plastic/plastic390.jpg,,,,,,,,
train_Plastic_plastic393,TrashNet,cleaned_image_classification,train,Plastic,Plastic,prepared_datasets/combined_6class_confusion_cleaned/train/Plastic/plastic393.jpg,prepared_datasets/combined_6class_confusion_cleaned/train/Plastic/plastic393.jpg,prepared_datasets/combined_6class_confusion_cleaned/train/Plastic/plastic393.jpg,,,,,,,,
train_Plastic_plastic395,TrashNet,cleaned_image_classification,train,Plastic,Plastic,prepared_datasets/combined_6class_confusion_cleaned/train/Plastic/plastic395.jpg,prepared_datasets/combined_6class_confusion_cleaned/train/Plastic/plastic395.jpg,prepared_datasets/combined_6class_confusion_cleaned/train/Plastic/plastic395.jpg,,,,,,,,
train_Plastic_plastic397,TrashNet,cleaned_image_classification,train,Plastic,Plastic,prepared_datasets/combined_6class_confusion_cleaned/train/Plastic/plastic397.jpg,prepared_datasets/combined_6class_confusion_cleaned/train/Plastic/plastic397.jpg,prepared_datasets/combined_6class_confusion_cleaned/train/Plastic/plastic397.jpg,,,,,,,,
train_Plastic_plastic4,TrashNet,cleaned_image_classification,train,Plastic,Plastic,prepared_datasets/combined_6class_confusion_cleaned/train/Plastic/plastic4.jpg,prepared_datasets/combined_6class_confusion_cleaned/train/Plastic/plastic4.jpg,prepared_datasets/combined_6class_confusion_cleaned/train/Plastic/plastic4.jpg,,,,,,,,
train_Plastic_plastic401,TrashNet,cleaned_image_classification,train,Plastic,Plastic,prepared_datasets/combined_6class_confusion_cleaned/train/Plastic/plastic401.jpg,prepared_datasets/combined_6class_confusion_cleaned/train/Plastic/plastic401.jpg,prepared_datasets/combined_6class_confusion_cleaned/train/Plastic/plastic401.jpg,,,,,,,,
train_Plastic_plastic402,TrashNet,cleaned_image_classification,train,Plastic,Plastic,prepared_datasets/combined_6class_confusion_cleaned/train/Plastic/plastic402.jpg,prepared_datasets/combined_6class_confusion_cleaned/train/Plastic/plastic402.jpg,prepared_datasets/combined_6class_confusion_cleaned/train/Plastic/plastic402.jpg,,,,,,,,
train_Plastic_plastic405,TrashNet,cleaned_image_classification,train,Plastic,Plastic,prepared_datasets/combined_6class_confusion_cleaned/train/Plastic/plastic405.jpg,prepared_datasets/combined_6class_confusion_cleaned/train/Plastic/plastic405.jpg,prepared_datasets/combined_6class_confusion_cleaned/train/Plastic/plastic405.jpg,,,,,,,,
train_Plastic_plastic406,TrashNet,cleaned_image_classification,train,Plastic,Plastic,prepared_datasets/combined_6class_confusion_cleaned/train/Plastic/plastic406.jpg,prepared_datasets/combined_6class_confusion_cleaned/train/Plastic/plastic406.jpg,prepared_datasets/combined_6class_confusion_cleaned/train/Plastic/plastic406.jpg,,,,,,,,
train_Plastic_plastic407,TrashNet,cleaned_image_classification,train,Plastic,Plastic,prepared_datasets/combined_6class_confusion_cleaned/train/Plastic/plastic407.jpg,prepared_datasets/combined_6class_confusion_cleaned/train/Plastic/plastic407.jpg,prepared_datasets/combined_6class_confusion_cleaned/train/Plastic/plastic407.jpg,,,,,,,,
train_Plastic_plastic409,TrashNet,cleaned_image_classification,train,Plastic,Plastic,prepared_datasets/combined_6class_confusion_cleaned/train/Plastic/plastic409.jpg,prepared_datasets/combined_6class_confusion_cleaned/train/Plastic/plastic409.jpg,prepared_datasets/combined_6class_confusion_cleaned/train/Plastic/plastic409.jpg,,,,,,,,
train_Plastic_plastic41,TrashNet,cleaned_image_classification,train,Plastic,Plastic,prepared_datasets/combined_6class_confusion_cleaned/train/Plastic/plastic41.jpg,prepared_datasets/combined_6class_confusion_cleaned/train/Plastic/plastic41.jpg,prepared_datasets/combined_6class_confusion_cleaned/train/Plastic/plastic41.jpg,,,,,,,,
train_Plastic_plastic411,TrashNet,cleaned_image_classification,train,Plastic,Plastic,prepared_datasets/combined_6class_confusion_cleaned/train/Plastic/plastic411.jpg,prepared_datasets/combined_6class_confusion_cleaned/train/Plastic/plastic411.jpg,prepared_datasets/combined_6class_confusion_cleaned/train/Plastic/plastic411.jpg,,,,,,,,
train_Plastic_plastic412,TrashNet,cleaned_image_classification,train,Plastic,Plastic,prepared_datasets/combined_6class_confusion_cleaned/train/Plastic/plastic412.jpg,prepared_datasets/combined_6class_confusion_cleaned/train/Plastic/plastic412.jpg,prepared_datasets/combined_6class_confusion_cleaned/train/Plastic/plastic412.jpg,,,,,,,,
train_Plastic_plastic415,TrashNet,cleaned_image_classification,train,Plastic,Plastic,prepared_datasets/combined_6class_confusion_cleaned/train/Plastic/plastic415.jpg,prepared_datasets/combined_6class_confusion_cleaned/train/Plastic/plastic415.jpg,prepared_datasets/combined_6class_confusion_cleaned/train/Plastic/plastic415.jpg,,,,,,,,
train_Plastic_plastic417,TrashNet,cleaned_image_classification,train,Plastic,Plastic,prepared_datasets/combined_6class_confusion_cleaned/train/Plastic/plastic417.jpg,prepared_datasets/combined_6class_confusion_cleaned/train/Plastic/plastic417.jpg,prepared_datasets/combined_6class_confusion_cleaned/train/Plastic/plastic417.jpg,,,,,,,,
train_Plastic_plastic418,TrashNet,cleaned_image_classification,train,Plastic,Plastic,prepared_datasets/combined_6class_confusion_cleaned/train/Plastic/plastic418.jpg,prepared_datasets/combined_6class_confusion_cleaned/train/Plastic/plastic418.jpg,prepared_datasets/combined_6class_confusion_cleaned/train/Plastic/plastic418.jpg,,,,,,,,
train_Plastic_plastic419,TrashNet,cleaned_image_classification,train,Plastic,Plastic,prepared_datasets/combined_6class_confusion_cleaned/train/Plastic/plastic419.jpg,prepared_datasets/combined_6class_confusion_cleaned/train/Plastic/plastic419.jpg,prepared_datasets/combined_6class_confusion_cleaned/train/Plastic/plastic419.jpg,,,,,,,,
train_Plastic_plastic42,TrashNet,cleaned_image_classification,train,Plastic,Plastic,prepared_datasets/combined_6class_confusion_cleaned/train/Plastic/plastic42.jpg,prepared_datasets/combined_6class_confusion_cleaned/train/Plastic/plastic42.jpg,prepared_datasets/combined_6class_confusion_cleaned/train/Plastic/plastic42.jpg,,,,,,,,
train_Plastic_plastic421,TrashNet,cleaned_image_classification,train,Plastic,Plastic,prepared_datasets/combined_6class_confusion_cleaned/train/Plastic/plastic421.jpg,prepared_datasets/combined_6class_confusion_cleaned/train/Plastic/plastic421.jpg,prepared_datasets/combined_6class_confusion_cleaned/train/Plastic/plastic421.jpg,,,,,,,,
train_Plastic_plastic425,TrashNet,cleaned_image_classification,train,Plastic,Plastic,prepared_datasets/combined_6class_confusion_cleaned/train/Plastic/plastic425.jpg,prepared_datasets/combined_6class_confusion_cleaned/train/Plastic/plastic425.jpg,prepared_datasets/combined_6class_confusion_cleaned/train/Plastic/plastic425.jpg,,,,,,,,
train_Plastic_plastic426,TrashNet,cleaned_image_classification,train,Plastic,Plastic,prepared_datasets/combined_6class_confusion_cleaned/train/Plastic/plastic426.jpg,prepared_datasets/combined_6class_confusion_cleaned/train/Plastic/plastic426.jpg,prepared_datasets/combined_6class_confusion_cleaned/train/Plastic/plastic426.jpg,,,,,,,,
train_Plastic_plastic427,TrashNet,cleaned_image_classification,train,Plastic,Plastic,prepared_datasets/combined_6class_confusion_cleaned/train/Plastic/plastic427.jpg,prepared_datasets/combined_6class_confusion_cleaned/train/Plastic/plastic427.jpg,prepared_datasets/combined_6class_confusion_cleaned/train/Plastic/plastic427.jpg,,,,,,,,
train_Plastic_plastic43,TrashNet,cleaned_image_classification,train,Plastic,Plastic,prepared_datasets/combined_6class_confusion_cleaned/train/Plastic/plastic43.jpg,prepared_datasets/combined_6class_confusion_cleaned/train/Plastic/plastic43.jpg,prepared_datasets/combined_6class_confusion_cleaned/train/Plastic/plastic43.jpg,,,,,,,,
train_Plastic_plastic430,TrashNet,cleaned_image_classification,train,Plastic,Plastic,prepared_datasets/combined_6class_confusion_cleaned/train/Plastic/plastic430.jpg,prepared_datasets/combined_6class_confusion_cleaned/train/Plastic/plastic430.jpg,prepared_datasets/combined_6class_confusion_cleaned/train/Plastic/plastic430.jpg,,,,,,,,
train_Plastic_plastic431,TrashNet,cleaned_image_classification,train,Plastic,Plastic,prepared_datasets/combined_6class_confusion_cleaned/train/Plastic/plastic431.jpg,prepared_datasets/combined_6class_confusion_cleaned/train/Plastic/plastic431.jpg,prepared_datasets/combined_6class_confusion_cleaned/train/Plastic/plastic431.jpg,,,,,,,,
train_Plastic_plastic432,TrashNet,cleaned_image_classification,train,Plastic,Plastic,prepared_datasets/combined_6class_confusion_cleaned/train/Plastic/plastic432.jpg,prepared_datasets/combined_6class_confusion_cleaned/train/Plastic/plastic432.jpg,prepared_datasets/combined_6class_confusion_cleaned/train/Plastic/plastic432.jpg,,,,,,,,
train_Plastic_plastic434,TrashNet,cleaned_image_classification,train,Plastic,Plastic,prepared_datasets/combined_6class_confusion_cleaned/train/Plastic/plastic434.jpg,prepared_datasets/combined_6class_confusion_cleaned/train/Plastic/plastic434.jpg,prepared_datasets/combined_6class_confusion_cleaned/train/Plastic/plastic434.jpg,,,,,,,,
train_Plastic_plastic436,TrashNet,cleaned_image_classification,train,Plastic,Plastic,prepared_datasets/combined_6class_confusion_cleaned/train/Plastic/plastic436.jpg,prepared_datasets/combined_6class_confusion_cleaned/train/Plastic/plastic436.jpg,prepared_datasets/combined_6class_confusion_cleaned/train/Plastic/plastic436.jpg,,,,,,,,
train_Plastic_plastic437,TrashNet,cleaned_image_classification,train,Plastic,Plastic,prepared_datasets/combined_6class_confusion_cleaned/train/Plastic/plastic437.jpg,prepared_datasets/combined_6class_confusion_cleaned/train/Plastic/plastic437.jpg,prepared_datasets/combined_6class_confusion_cleaned/train/Plastic/plastic437.jpg,,,,,,,,
train_Plastic_plastic438,TrashNet,cleaned_image_classification,train,Plastic,Plastic,prepared_datasets/combined_6class_confusion_cleaned/train/Plastic/plastic438.jpg,prepared_datasets/combined_6class_confusion_cleaned/train/Plastic/plastic438.jpg,prepared_datasets/combined_6class_confusion_cleaned/train/Plastic/plastic438.jpg,,,,,,,,
train_Plastic_plastic44,TrashNet,cleaned_image_classification,train,Plastic,Plastic,prepared_datasets/combined_6class_confusion_cleaned/train/Plastic/plastic44.jpg,prepared_datasets/combined_6class_confusion_cleaned/train/Plastic/plastic44.jpg,prepared_datasets/combined_6class_confusion_cleaned/train/Plastic/plastic44.jpg,,,,,,,,
train_Plastic_plastic441,TrashNet,cleaned_image_classification,train,Plastic,Plastic,prepared_datasets/combined_6class_confusion_cleaned/train/Plastic/plastic441.jpg,prepared_datasets/combined_6class_confusion_cleaned/train/Plastic/plastic441.jpg,prepared_datasets/combined_6class_confusion_cleaned/train/Plastic/plastic441.jpg,,,,,,,,
train_Plastic_plastic442,TrashNet,cleaned_image_classification,train,Plastic,Plastic,prepared_datasets/combined_6class_confusion_cleaned/train/Plastic/plastic442.jpg,prepared_datasets/combined_6class_confusion_cleaned/train/Plastic/plastic442.jpg,prepared_datasets/combined_6class_confusion_cleaned/train/Plastic/plastic442.jpg,,,,,,,,
train_Plastic_plastic444,TrashNet,cleaned_image_classification,train,Plastic,Plastic,prepared_datasets/combined_6class_confusion_cleaned/train/Plastic/plastic444.jpg,prepared_datasets/combined_6class_confusion_cleaned/train/Plastic/plastic444.jpg,prepared_datasets/combined_6class_confusion_cleaned/train/Plastic/plastic444.jpg,,,,,,,,
train_Plastic_plastic445,TrashNet,cleaned_image_classification,train,Plastic,Plastic,prepared_datasets/combined_6class_confusion_cleaned/train/Plastic/plastic445.jpg,prepared_datasets/combined_6class_confusion_cleaned/train/Plastic/plastic445.jpg,prepared_datasets/combined_6class_confusion_cleaned/train/Plastic/plastic445.jpg,,,,,,,,
train_Plastic_plastic446,TrashNet,cleaned_image_classification,train,Plastic,Plastic,prepared_datasets/combined_6class_confusion_cleaned/train/Plastic/plastic446.jpg,prepared_datasets/combined_6class_confusion_cleaned/train/Plastic/plastic446.jpg,prepared_datasets/combined_6class_confusion_cleaned/train/Plastic/plastic446.jpg,,,,,,,,
train_Plastic_plastic447,TrashNet,cleaned_image_classification,train,Plastic,Plastic,prepared_datasets/combined_6class_confusion_cleaned/train/Plastic/plastic447.jpg,prepared_datasets/combined_6class_confusion_cleaned/train/Plastic/plastic447.jpg,prepared_datasets/combined_6class_confusion_cleaned/train/Plastic/plastic447.jpg,,,,,,,,
train_Plastic_plastic45,TrashNet,cleaned_image_classification,train,Plastic,Plastic,prepared_datasets/combined_6class_confusion_cleaned/train/Plastic/plastic45.jpg,prepared_datasets/combined_6class_confusion_cleaned/train/Plastic/plastic45.jpg,prepared_datasets/combined_6class_confusion_cleaned/train/Plastic/plastic45.jpg,,,,,,,,
train_Plastic_plastic451,TrashNet,cleaned_image_classification,train,Plastic,Plastic,prepared_datasets/combined_6class_confusion_cleaned/train/Plastic/plastic451.jpg,prepared_datasets/combined_6class_confusion_cleaned/train/Plastic/plastic451.jpg,prepared_datasets/combined_6class_confusion_cleaned/train/Plastic/plastic451.jpg,,,,,,,,
train_Plastic_plastic452,TrashNet,cleaned_image_classification,train,Plastic,Plastic,prepared_datasets/combined_6class_confusion_cleaned/train/Plastic/plastic452.jpg,prepared_datasets/combined_6class_confusion_cleaned/train/Plastic/plastic452.jpg,prepared_datasets/combined_6class_confusion_cleaned/train/Plastic/plastic452.jpg,,,,,,,,
train_Plastic_plastic457,TrashNet,cleaned_image_classification,train,Plastic,Plastic,prepared_datasets/combined_6class_confusion_cleaned/train/Plastic/plastic457.jpg,prepared_datasets/combined_6class_confusion_cleaned/train/Plastic/plastic457.jpg,prepared_datasets/combined_6class_confusion_cleaned/train/Plastic/plastic457.jpg,,,,,,,,
train_Plastic_plastic458,TrashNet,cleaned_image_classification,train,Plastic,Plastic,prepared_datasets/combined_6class_confusion_cleaned/train/Plastic/plastic458.jpg,prepared_datasets/combined_6class_confusion_cleaned/train/Plastic/plastic458.jpg,prepared_datasets/combined_6class_confusion_cleaned/train/Plastic/plastic458.jpg,,,,,,,,
train_Plastic_plastic46,TrashNet,cleaned_image_classification,train,Plastic,Plastic,prepared_datasets/combined_6class_confusion_cleaned/train/Plastic/plastic46.jpg,prepared_datasets/combined_6class_confusion_cleaned/train/Plastic/plastic46.jpg,prepared_datasets/combined_6class_confusion_cleaned/train/Plastic/plastic46.jpg,,,,,,,,
train_Plastic_plastic460,TrashNet,cleaned_image_classification,train,Plastic,Plastic,prepared_datasets/combined_6class_confusion_cleaned/train/Plastic/plastic460.jpg,prepared_datasets/combined_6class_confusion_cleaned/train/Plastic/plastic460.jpg,prepared_datasets/combined_6class_confusion_cleaned/train/Plastic/plastic460.jpg,,,,,,,,
train_Plastic_plastic461,TrashNet,cleaned_image_classification,train,Plastic,Plastic,prepared_datasets/combined_6class_confusion_cleaned/train/Plastic/plastic461.jpg,prepared_datasets/combined_6class_confusion_cleaned/train/Plastic/plastic461.jpg,prepared_datasets/combined_6class_confusion_cleaned/train/Plastic/plastic461.jpg,,,,,,,,
train_Plastic_plastic463,TrashNet,cleaned_image_classification,train,Plastic,Plastic,prepared_datasets/combined_6class_confusion_cleaned/train/Plastic/plastic463.jpg,prepared_datasets/combined_6class_confusion_cleaned/train/Plastic/plastic463.jpg,prepared_datasets/combined_6class_confusion_cleaned/train/Plastic/plastic463.jpg,,,,,,,,
train_Plastic_plastic465,TrashNet,cleaned_image_classification,train,Plastic,Plastic,prepared_datasets/combined_6class_confusion_cleaned/train/Plastic/plastic465.jpg,prepared_datasets/combined_6class_confusion_cleaned/train/Plastic/plastic465.jpg,prepared_datasets/combined_6class_confusion_cleaned/train/Plastic/plastic465.jpg,,,,,,,,
train_Plastic_plastic466,TrashNet,cleaned_image_classification,train,Plastic,Plastic,prepared_datasets/combined_6class_confusion_cleaned/train/Plastic/plastic466.jpg,prepared_datasets/combined_6class_confusion_cleaned/train/Plastic/plastic466.jpg,prepared_datasets/combined_6class_confusion_cleaned/train/Plastic/plastic466.jpg,,,,,,,,
train_Plastic_plastic467,TrashNet,cleaned_image_classification,train,Plastic,Plastic,prepared_datasets/combined_6class_confusion_cleaned/train/Plastic/plastic467.jpg,prepared_datasets/combined_6class_confusion_cleaned/train/Plastic/plastic467.jpg,prepared_datasets/combined_6class_confusion_cleaned/train/Plastic/plastic467.jpg,,,,,,,,
train_Plastic_plastic468,TrashNet,cleaned_image_classification,train,Plastic,Plastic,prepared_datasets/combined_6class_confusion_cleaned/train/Plastic/plastic468.jpg,prepared_datasets/combined_6class_confusion_cleaned/train/Plastic/plastic468.jpg,prepared_datasets/combined_6class_confusion_cleaned/train/Plastic/plastic468.jpg,,,,,,,,
train_Plastic_plastic469,TrashNet,cleaned_image_classification,train,Plastic,Plastic,prepared_datasets/combined_6class_confusion_cleaned/train/Plastic/plastic469.jpg,prepared_datasets/combined_6class_confusion_cleaned/train/Plastic/plastic469.jpg,prepared_datasets/combined_6class_confusion_cleaned/train/Plastic/plastic469.jpg,,,,,,,,
train_Plastic_plastic47,TrashNet,cleaned_image_classification,train,Plastic,Plastic,prepared_datasets/combined_6class_confusion_cleaned/train/Plastic/plastic47.jpg,prepared_datasets/combined_6class_confusion_cleaned/train/Plastic/plastic47.jpg,prepared_datasets/combined_6class_confusion_cleaned/train/Plastic/plastic47.jpg,,,,,,,,
train_Plastic_plastic473,TrashNet,cleaned_image_classification,train,Plastic,Plastic,prepared_datasets/combined_6class_confusion_cleaned/train/Plastic/plastic473.jpg,prepared_datasets/combined_6class_confusion_cleaned/train/Plastic/plastic473.jpg,prepared_datasets/combined_6class_confusion_cleaned/train/Plastic/plastic473.jpg,,,,,,,,
train_Plastic_plastic474,TrashNet,cleaned_image_classification,train,Plastic,Plastic,prepared_datasets/combined_6class_confusion_cleaned/train/Plastic/plastic474.jpg,prepared_datasets/combined_6class_confusion_cleaned/train/Plastic/plastic474.jpg,prepared_datasets/combined_6class_confusion_cleaned/train/Plastic/plastic474.jpg,,,,,,,,
train_Plastic_plastic476,TrashNet,cleaned_image_classification,train,Plastic,Plastic,prepared_datasets/combined_6class_confusion_cleaned/train/Plastic/plastic476.jpg,prepared_datasets/combined_6class_confusion_cleaned/train/Plastic/plastic476.jpg,prepared_datasets/combined_6class_confusion_cleaned/train/Plastic/plastic476.jpg,,,,,,,,
train_Plastic_plastic477,TrashNet,cleaned_image_classification,train,Plastic,Plastic,prepared_datasets/combined_6class_confusion_cleaned/train/Plastic/plastic477.jpg,prepared_datasets/combined_6class_confusion_cleaned/train/Plastic/plastic477.jpg,prepared_datasets/combined_6class_confusion_cleaned/train/Plastic/plastic477.jpg,,,,,,,,
train_Plastic_plastic481,TrashNet,cleaned_image_classification,train,Plastic,Plastic,prepared_datasets/combined_6class_confusion_cleaned/train/Plastic/plastic481.jpg,prepared_datasets/combined_6class_confusion_cleaned/train/Plastic/plastic481.jpg,prepared_datasets/combined_6class_confusion_cleaned/train/Plastic/plastic481.jpg,,,,,,,,
train_Plastic_plastic49,TrashNet,cleaned_image_classification,train,Plastic,Plastic,prepared_datasets/combined_6class_confusion_cleaned/train/Plastic/plastic49.jpg,prepared_datasets/combined_6class_confusion_cleaned/train/Plastic/plastic49.jpg,prepared_datasets/combined_6class_confusion_cleaned/train/Plastic/plastic49.jpg,,,,,,,,
train_Plastic_plastic5,TrashNet,cleaned_image_classification,train,Plastic,Plastic,prepared_datasets/combined_6class_confusion_cleaned/train/Plastic/plastic5.jpg,prepared_datasets/combined_6class_confusion_cleaned/train/Plastic/plastic5.jpg,prepared_datasets/combined_6class_confusion_cleaned/train/Plastic/plastic5.jpg,,,,,,,,
train_Plastic_plastic50,TrashNet,cleaned_image_classification,train,Plastic,Plastic,prepared_datasets/combined_6class_confusion_cleaned/train/Plastic/plastic50.jpg,prepared_datasets/combined_6class_confusion_cleaned/train/Plastic/plastic50.jpg,prepared_datasets/combined_6class_confusion_cleaned/train/Plastic/plastic50.jpg,,,,,,,,
train_Plastic_plastic51,TrashNet,cleaned_image_classification,train,Plastic,Plastic,prepared_datasets/combined_6class_confusion_cleaned/train/Plastic/plastic51.jpg,prepared_datasets/combined_6class_confusion_cleaned/train/Plastic/plastic51.jpg,prepared_datasets/combined_6class_confusion_cleaned/train/Plastic/plastic51.jpg,,,,,,,,
train_Plastic_plastic54,TrashNet,cleaned_image_classification,train,Plastic,Plastic,prepared_datasets/combined_6class_confusion_cleaned/train/Plastic/plastic54.jpg,prepared_datasets/combined_6class_confusion_cleaned/train/Plastic/plastic54.jpg,prepared_datasets/combined_6class_confusion_cleaned/train/Plastic/plastic54.jpg,,,,,,,,
train_Plastic_plastic55,TrashNet,cleaned_image_classification,train,Plastic,Plastic,prepared_datasets/combined_6class_confusion_cleaned/train/Plastic/plastic55.jpg,prepared_datasets/combined_6class_confusion_cleaned/train/Plastic/plastic55.jpg,prepared_datasets/combined_6class_confusion_cleaned/train/Plastic/plastic55.jpg,,,,,,,,
train_Plastic_plastic56,TrashNet,cleaned_image_classification,train,Plastic,Plastic,prepared_datasets/combined_6class_confusion_cleaned/train/Plastic/plastic56.jpg,prepared_datasets/combined_6class_confusion_cleaned/train/Plastic/plastic56.jpg,prepared_datasets/combined_6class_confusion_cleaned/train/Plastic/plastic56.jpg,,,,,,,,
train_Plastic_plastic57,TrashNet,cleaned_image_classification,train,Plastic,Plastic,prepared_datasets/combined_6class_confusion_cleaned/train/Plastic/plastic57.jpg,prepared_datasets/combined_6class_confusion_cleaned/train/Plastic/plastic57.jpg,prepared_datasets/combined_6class_confusion_cleaned/train/Plastic/plastic57.jpg,,,,,,,,
train_Plastic_plastic60,TrashNet,cleaned_image_classification,train,Plastic,Plastic,prepared_datasets/combined_6class_confusion_cleaned/train/Plastic/plastic60.jpg,prepared_datasets/combined_6class_confusion_cleaned/train/Plastic/plastic60.jpg,prepared_datasets/combined_6class_confusion_cleaned/train/Plastic/plastic60.jpg,,,,,,,,
train_Plastic_plastic61,TrashNet,cleaned_image_classification,train,Plastic,Plastic,prepared_datasets/combined_6class_confusion_cleaned/train/Plastic/plastic61.jpg,prepared_datasets/combined_6class_confusion_cleaned/train/Plastic/plastic61.jpg,prepared_datasets/combined_6class_confusion_cleaned/train/Plastic/plastic61.jpg,,,,,,,,
train_Plastic_plastic62,TrashNet,cleaned_image_classification,train,Plastic,Plastic,prepared_datasets/combined_6class_confusion_cleaned/train/Plastic/plastic62.jpg,prepared_datasets/combined_6class_confusion_cleaned/train/Plastic/plastic62.jpg,prepared_datasets/combined_6class_confusion_cleaned/train/Plastic/plastic62.jpg,,,,,,,,
train_Plastic_plastic64,TrashNet,cleaned_image_classification,train,Plastic,Plastic,prepared_datasets/combined_6class_confusion_cleaned/train/Plastic/plastic64.jpg,prepared_datasets/combined_6class_confusion_cleaned/train/Plastic/plastic64.jpg,prepared_datasets/combined_6class_confusion_cleaned/train/Plastic/plastic64.jpg,,,,,,,,
train_Plastic_plastic65,TrashNet,cleaned_image_classification,train,Plastic,Plastic,prepared_datasets/combined_6class_confusion_cleaned/train/Plastic/plastic65.jpg,prepared_datasets/combined_6class_confusion_cleaned/train/Plastic/plastic65.jpg,prepared_datasets/combined_6class_confusion_cleaned/train/Plastic/plastic65.jpg,,,,,,,,
train_Plastic_plastic66,TrashNet,cleaned_image_classification,train,Plastic,Plastic,prepared_datasets/combined_6class_confusion_cleaned/train/Plastic/plastic66.jpg,prepared_datasets/combined_6class_confusion_cleaned/train/Plastic/plastic66.jpg,prepared_datasets/combined_6class_confusion_cleaned/train/Plastic/plastic66.jpg,,,,,,,,
train_Plastic_plastic70,TrashNet,cleaned_image_classification,train,Plastic,Plastic,prepared_datasets/combined_6class_confusion_cleaned/train/Plastic/plastic70.jpg,prepared_datasets/combined_6class_confusion_cleaned/train/Plastic/plastic70.jpg,prepared_datasets/combined_6class_confusion_cleaned/train/Plastic/plastic70.jpg,,,,,,,,
train_Plastic_plastic71,TrashNet,cleaned_image_classification,train,Plastic,Plastic,prepared_datasets/combined_6class_confusion_cleaned/train/Plastic/plastic71.jpg,prepared_datasets/combined_6class_confusion_cleaned/train/Plastic/plastic71.jpg,prepared_datasets/combined_6class_confusion_cleaned/train/Plastic/plastic71.jpg,,,,,,,,
train_Plastic_plastic73,TrashNet,cleaned_image_classification,train,Plastic,Plastic,prepared_datasets/combined_6class_confusion_cleaned/train/Plastic/plastic73.jpg,prepared_datasets/combined_6class_confusion_cleaned/train/Plastic/plastic73.jpg,prepared_datasets/combined_6class_confusion_cleaned/train/Plastic/plastic73.jpg,,,,,,,,
train_Plastic_plastic74,TrashNet,cleaned_image_classification,train,Plastic,Plastic,prepared_datasets/combined_6class_confusion_cleaned/train/Plastic/plastic74.jpg,prepared_datasets/combined_6class_confusion_cleaned/train/Plastic/plastic74.jpg,prepared_datasets/combined_6class_confusion_cleaned/train/Plastic/plastic74.jpg,,,,,,,,
train_Plastic_plastic75,TrashNet,cleaned_image_classification,train,Plastic,Plastic,prepared_datasets/combined_6class_confusion_cleaned/train/Plastic/plastic75.jpg,prepared_datasets/combined_6class_confusion_cleaned/train/Plastic/plastic75.jpg,prepared_datasets/combined_6class_confusion_cleaned/train/Plastic/plastic75.jpg,,,,,,,,
train_Plastic_plastic77,TrashNet,cleaned_image_classification,train,Plastic,Plastic,prepared_datasets/combined_6class_confusion_cleaned/train/Plastic/plastic77.jpg,prepared_datasets/combined_6class_confusion_cleaned/train/Plastic/plastic77.jpg,prepared_datasets/combined_6class_confusion_cleaned/train/Plastic/plastic77.jpg,,,,,,,,
train_Plastic_plastic78,TrashNet,cleaned_image_classification,train,Plastic,Plastic,prepared_datasets/combined_6class_confusion_cleaned/train/Plastic/plastic78.jpg,prepared_datasets/combined_6class_confusion_cleaned/train/Plastic/plastic78.jpg,prepared_datasets/combined_6class_confusion_cleaned/train/Plastic/plastic78.jpg,,,,,,,,
train_Plastic_plastic79,TrashNet,cleaned_image_classification,train,Plastic,Plastic,prepared_datasets/combined_6class_confusion_cleaned/train/Plastic/plastic79.jpg,prepared_datasets/combined_6class_confusion_cleaned/train/Plastic/plastic79.jpg,prepared_datasets/combined_6class_confusion_cleaned/train/Plastic/plastic79.jpg,,,,,,,,
train_Plastic_plastic80,TrashNet,cleaned_image_classification,train,Plastic,Plastic,prepared_datasets/combined_6class_confusion_cleaned/train/Plastic/plastic80.jpg,prepared_datasets/combined_6class_confusion_cleaned/train/Plastic/plastic80.jpg,prepared_datasets/combined_6class_confusion_cleaned/train/Plastic/plastic80.jpg,,,,,,,,
train_Plastic_plastic82,TrashNet,cleaned_image_classification,train,Plastic,Plastic,prepared_datasets/combined_6class_confusion_cleaned/train/Plastic/plastic82.jpg,prepared_datasets/combined_6class_confusion_cleaned/train/Plastic/plastic82.jpg,prepared_datasets/combined_6class_confusion_cleaned/train/Plastic/plastic82.jpg,,,,,,,,
train_Plastic_plastic89,TrashNet,cleaned_image_classification,train,Plastic,Plastic,prepared_datasets/combined_6class_confusion_cleaned/train/Plastic/plastic89.jpg,prepared_datasets/combined_6class_confusion_cleaned/train/Plastic/plastic89.jpg,prepared_datasets/combined_6class_confusion_cleaned/train/Plastic/plastic89.jpg,,,,,,,,
train_Plastic_plastic9,TrashNet,cleaned_image_classification,train,Plastic,Plastic,prepared_datasets/combined_6class_confusion_cleaned/train/Plastic/plastic9.jpg,prepared_datasets/combined_6class_confusion_cleaned/train/Plastic/plastic9.jpg,prepared_datasets/combined_6class_confusion_cleaned/train/Plastic/plastic9.jpg,,,,,,,,
train_Plastic_plastic91,TrashNet,cleaned_image_classification,train,Plastic,Plastic,prepared_datasets/combined_6class_confusion_cleaned/train/Plastic/plastic91.jpg,prepared_datasets/combined_6class_confusion_cleaned/train/Plastic/plastic91.jpg,prepared_datasets/combined_6class_confusion_cleaned/train/Plastic/plastic91.jpg,,,,,,,,
train_Plastic_plastic93,TrashNet,cleaned_image_classification,train,Plastic,Plastic,prepared_datasets/combined_6class_confusion_cleaned/train/Plastic/plastic93.jpg,prepared_datasets/combined_6class_confusion_cleaned/train/Plastic/plastic93.jpg,prepared_datasets/combined_6class_confusion_cleaned/train/Plastic/plastic93.jpg,,,,,,,,
val_Glass_000013_ann98,TACO,cleaned_image_classification,val,Glass,Glass,prepared_datasets/combined_6class_confusion_cleaned/val/Glass/000013_ann98.jpg,prepared_datasets/combined_6class_confusion_cleaned/val/Glass/000013_ann98.jpg,prepared_datasets/combined_6class_confusion_cleaned/val/Glass/000013_ann98.jpg,,,,,,,,
val_Glass_000048_ann34,TACO,cleaned_image_classification,val,Glass,Glass,prepared_datasets/combined_6class_confusion_cleaned/val/Glass/000048_ann34.jpg,prepared_datasets/combined_6class_confusion_cleaned/val/Glass/000048_ann34.jpg,prepared_datasets/combined_6class_confusion_cleaned/val/Glass/000048_ann34.jpg,,,,,,,,
val_Glass_000050_ann2103,TACO,cleaned_image_classification,val,Glass,Glass,prepared_datasets/combined_6class_confusion_cleaned/val/Glass/000050_ann2103.jpg,prepared_datasets/combined_6class_confusion_cleaned/val/Glass/000050_ann2103.jpg,prepared_datasets/combined_6class_confusion_cleaned/val/Glass/000050_ann2103.jpg,,,,,,,,
val_Glass_000082_ann2352,TACO,cleaned_image_classification,val,Glass,Glass,prepared_datasets/combined_6class_confusion_cleaned/val/Glass/000082_ann2352.jpg,prepared_datasets/combined_6class_confusion_cleaned/val/Glass/000082_ann2352.jpg,prepared_datasets/combined_6class_confusion_cleaned/val/Glass/000082_ann2352.jpg,,,,,,,,
val_Glass_000093_ann657,TACO,cleaned_image_classification,val,Glass,Glass,prepared_datasets/combined_6class_confusion_cleaned/val/Glass/000093_ann657.jpg,prepared_datasets/combined_6class_confusion_cleaned/val/Glass/000093_ann657.jpg,prepared_datasets/combined_6class_confusion_cleaned/val/Glass/000093_ann657.jpg,,,,,,,,
val_Glass_glass100,TrashNet,cleaned_image_classification,val,Glass,Glass,prepared_datasets/combined_6class_confusion_cleaned/val/Glass/glass100.jpg,prepared_datasets/combined_6class_confusion_cleaned/val/Glass/glass100.jpg,prepared_datasets/combined_6class_confusion_cleaned/val/Glass/glass100.jpg,,,,,,,,
val_Glass_glass11,TrashNet,cleaned_image_classification,val,Glass,Glass,prepared_datasets/combined_6class_confusion_cleaned/val/Glass/glass11.jpg,prepared_datasets/combined_6class_confusion_cleaned/val/Glass/glass11.jpg,prepared_datasets/combined_6class_confusion_cleaned/val/Glass/glass11.jpg,,,,,,,,
val_Glass_glass12,TrashNet,cleaned_image_classification,val,Glass,Glass,prepared_datasets/combined_6class_confusion_cleaned/val/Glass/glass12.jpg,prepared_datasets/combined_6class_confusion_cleaned/val/Glass/glass12.jpg,prepared_datasets/combined_6class_confusion_cleaned/val/Glass/glass12.jpg,,,,,,,,
val_Glass_glass121,TrashNet,cleaned_image_classification,val,Glass,Glass,prepared_datasets/combined_6class_confusion_cleaned/val/Glass/glass121.jpg,prepared_datasets/combined_6class_confusion_cleaned/val/Glass/glass121.jpg,prepared_datasets/combined_6class_confusion_cleaned/val/Glass/glass121.jpg,,,,,,,,
val_Glass_glass132,TrashNet,cleaned_image_classification,val,Glass,Glass,prepared_datasets/combined_6class_confusion_cleaned/val/Glass/glass132.jpg,prepared_datasets/combined_6class_confusion_cleaned/val/Glass/glass132.jpg,prepared_datasets/combined_6class_confusion_cleaned/val/Glass/glass132.jpg,,,,,,,,
val_Glass_glass138,TrashNet,cleaned_image_classification,val,Glass,Glass,prepared_datasets/combined_6class_confusion_cleaned/val/Glass/glass138.jpg,prepared_datasets/combined_6class_confusion_cleaned/val/Glass/glass138.jpg,prepared_datasets/combined_6class_confusion_cleaned/val/Glass/glass138.jpg,,,,,,,,
val_Glass_glass141,TrashNet,cleaned_image_classification,val,Glass,Glass,prepared_datasets/combined_6class_confusion_cleaned/val/Glass/glass141.jpg,prepared_datasets/combined_6class_confusion_cleaned/val/Glass/glass141.jpg,prepared_datasets/combined_6class_confusion_cleaned/val/Glass/glass141.jpg,,,,,,,,
val_Glass_glass148,TrashNet,cleaned_image_classification,val,Glass,Glass,prepared_datasets/combined_6class_confusion_cleaned/val/Glass/glass148.jpg,prepared_datasets/combined_6class_confusion_cleaned/val/Glass/glass148.jpg,prepared_datasets/combined_6class_confusion_cleaned/val/Glass/glass148.jpg,,,,,,,,
val_Glass_glass155,TrashNet,cleaned_image_classification,val,Glass,Glass,prepared_datasets/combined_6class_confusion_cleaned/val/Glass/glass155.jpg,prepared_datasets/combined_6class_confusion_cleaned/val/Glass/glass155.jpg,prepared_datasets/combined_6class_confusion_cleaned/val/Glass/glass155.jpg,,,,,,,,
val_Glass_glass167,TrashNet,cleaned_image_classification,val,Glass,Glass,prepared_datasets/combined_6class_confusion_cleaned/val/Glass/glass167.jpg,prepared_datasets/combined_6class_confusion_cleaned/val/Glass/glass167.jpg,prepared_datasets/combined_6class_confusion_cleaned/val/Glass/glass167.jpg,,,,,,,,
val_Glass_glass177,TrashNet,cleaned_image_classification,val,Glass,Glass,prepared_datasets/combined_6class_confusion_cleaned/val/Glass/glass177.jpg,prepared_datasets/combined_6class_confusion_cleaned/val/Glass/glass177.jpg,prepared_datasets/combined_6class_confusion_cleaned/val/Glass/glass177.jpg,,,,,,,,
val_Glass_glass18,TrashNet,cleaned_image_classification,val,Glass,Glass,prepared_datasets/combined_6class_confusion_cleaned/val/Glass/glass18.jpg,prepared_datasets/combined_6class_confusion_cleaned/val/Glass/glass18.jpg,prepared_datasets/combined_6class_confusion_cleaned/val/Glass/glass18.jpg,,,,,,,,
val_Glass_glass180,TrashNet,cleaned_image_classification,val,Glass,Glass,prepared_datasets/combined_6class_confusion_cleaned/val/Glass/glass180.jpg,prepared_datasets/combined_6class_confusion_cleaned/val/Glass/glass180.jpg,prepared_datasets/combined_6class_confusion_cleaned/val/Glass/glass180.jpg,,,,,,,,
val_Glass_glass189,TrashNet,cleaned_image_classification,val,Glass,Glass,prepared_datasets/combined_6class_confusion_cleaned/val/Glass/glass189.jpg,prepared_datasets/combined_6class_confusion_cleaned/val/Glass/glass189.jpg,prepared_datasets/combined_6class_confusion_cleaned/val/Glass/glass189.jpg,,,,,,,,
val_Glass_glass190,TrashNet,cleaned_image_classification,val,Glass,Glass,prepared_datasets/combined_6class_confusion_cleaned/val/Glass/glass190.jpg,prepared_datasets/combined_6class_confusion_cleaned/val/Glass/glass190.jpg,prepared_datasets/combined_6class_confusion_cleaned/val/Glass/glass190.jpg,,,,,,,,
val_Glass_glass196,TrashNet,cleaned_image_classification,val,Glass,Glass,prepared_datasets/combined_6class_confusion_cleaned/val/Glass/glass196.jpg,prepared_datasets/combined_6class_confusion_cleaned/val/Glass/glass196.jpg,prepared_datasets/combined_6class_confusion_cleaned/val/Glass/glass196.jpg,,,,,,,,
val_Glass_glass198,TrashNet,cleaned_image_classification,val,Glass,Glass,prepared_datasets/combined_6class_confusion_cleaned/val/Glass/glass198.jpg,prepared_datasets/combined_6class_confusion_cleaned/val/Glass/glass198.jpg,prepared_datasets/combined_6class_confusion_cleaned/val/Glass/glass198.jpg,,,,,,,,
val_Glass_glass20,TrashNet,cleaned_image_classification,val,Glass,Glass,prepared_datasets/combined_6class_confusion_cleaned/val/Glass/glass20.jpg,prepared_datasets/combined_6class_confusion_cleaned/val/Glass/glass20.jpg,prepared_datasets/combined_6class_confusion_cleaned/val/Glass/glass20.jpg,,,,,,,,
val_Glass_glass202,TrashNet,cleaned_image_classification,val,Glass,Glass,prepared_datasets/combined_6class_confusion_cleaned/val/Glass/glass202.jpg,prepared_datasets/combined_6class_confusion_cleaned/val/Glass/glass202.jpg,prepared_datasets/combined_6class_confusion_cleaned/val/Glass/glass202.jpg,,,,,,,,
val_Glass_glass207,TrashNet,cleaned_image_classification,val,Glass,Glass,prepared_datasets/combined_6class_confusion_cleaned/val/Glass/glass207.jpg,prepared_datasets/combined_6class_confusion_cleaned/val/Glass/glass207.jpg,prepared_datasets/combined_6class_confusion_cleaned/val/Glass/glass207.jpg,,,,,,,,
val_Glass_glass210,TrashNet,cleaned_image_classification,val,Glass,Glass,prepared_datasets/combined_6class_confusion_cleaned/val/Glass/glass210.jpg,prepared_datasets/combined_6class_confusion_cleaned/val/Glass/glass210.jpg,prepared_datasets/combined_6class_confusion_cleaned/val/Glass/glass210.jpg,,,,,,,,
val_Glass_glass211,TrashNet,cleaned_image_classification,val,Glass,Glass,prepared_datasets/combined_6class_confusion_cleaned/val/Glass/glass211.jpg,prepared_datasets/combined_6class_confusion_cleaned/val/Glass/glass211.jpg,prepared_datasets/combined_6class_confusion_cleaned/val/Glass/glass211.jpg,,,,,,,,
val_Glass_glass213,TrashNet,cleaned_image_classification,val,Glass,Glass,prepared_datasets/combined_6class_confusion_cleaned/val/Glass/glass213.jpg,prepared_datasets/combined_6class_confusion_cleaned/val/Glass/glass213.jpg,prepared_datasets/combined_6class_confusion_cleaned/val/Glass/glass213.jpg,,,,,,,,
val_Glass_glass23,TrashNet,cleaned_image_classification,val,Glass,Glass,prepared_datasets/combined_6class_confusion_cleaned/val/Glass/glass23.jpg,prepared_datasets/combined_6class_confusion_cleaned/val/Glass/glass23.jpg,prepared_datasets/combined_6class_confusion_cleaned/val/Glass/glass23.jpg,,,,,,,,
val_Glass_glass230,TrashNet,cleaned_image_classification,val,Glass,Glass,prepared_datasets/combined_6class_confusion_cleaned/val/Glass/glass230.jpg,prepared_datasets/combined_6class_confusion_cleaned/val/Glass/glass230.jpg,prepared_datasets/combined_6class_confusion_cleaned/val/Glass/glass230.jpg,,,,,,,,
val_Glass_glass238,TrashNet,cleaned_image_classification,val,Glass,Glass,prepared_datasets/combined_6class_confusion_cleaned/val/Glass/glass238.jpg,prepared_datasets/combined_6class_confusion_cleaned/val/Glass/glass238.jpg,prepared_datasets/combined_6class_confusion_cleaned/val/Glass/glass238.jpg,,,,,,,,
val_Glass_glass239,TrashNet,cleaned_image_classification,val,Glass,Glass,prepared_datasets/combined_6class_confusion_cleaned/val/Glass/glass239.jpg,prepared_datasets/combined_6class_confusion_cleaned/val/Glass/glass239.jpg,prepared_datasets/combined_6class_confusion_cleaned/val/Glass/glass239.jpg,,,,,,,,
val_Glass_glass247,TrashNet,cleaned_image_classification,val,Glass,Glass,prepared_datasets/combined_6class_confusion_cleaned/val/Glass/glass247.jpg,prepared_datasets/combined_6class_confusion_cleaned/val/Glass/glass247.jpg,prepared_datasets/combined_6class_confusion_cleaned/val/Glass/glass247.jpg,,,,,,,,
val_Glass_glass253,TrashNet,cleaned_image_classification,val,Glass,Glass,prepared_datasets/combined_6class_confusion_cleaned/val/Glass/glass253.jpg,prepared_datasets/combined_6class_confusion_cleaned/val/Glass/glass253.jpg,prepared_datasets/combined_6class_confusion_cleaned/val/Glass/glass253.jpg,,,,,,,,
val_Glass_glass276,TrashNet,cleaned_image_classification,val,Glass,Glass,prepared_datasets/combined_6class_confusion_cleaned/val/Glass/glass276.jpg,prepared_datasets/combined_6class_confusion_cleaned/val/Glass/glass276.jpg,prepared_datasets/combined_6class_confusion_cleaned/val/Glass/glass276.jpg,,,,,,,,
val_Glass_glass286,TrashNet,cleaned_image_classification,val,Glass,Glass,prepared_datasets/combined_6class_confusion_cleaned/val/Glass/glass286.jpg,prepared_datasets/combined_6class_confusion_cleaned/val/Glass/glass286.jpg,prepared_datasets/combined_6class_confusion_cleaned/val/Glass/glass286.jpg,,,,,,,,
val_Glass_glass290,TrashNet,cleaned_image_classification,val,Glass,Glass,prepared_datasets/combined_6class_confusion_cleaned/val/Glass/glass290.jpg,prepared_datasets/combined_6class_confusion_cleaned/val/Glass/glass290.jpg,prepared_datasets/combined_6class_confusion_cleaned/val/Glass/glass290.jpg,,,,,,,,
val_Glass_glass295,TrashNet,cleaned_image_classification,val,Glass,Glass,prepared_datasets/combined_6class_confusion_cleaned/val/Glass/glass295.jpg,prepared_datasets/combined_6class_confusion_cleaned/val/Glass/glass295.jpg,prepared_datasets/combined_6class_confusion_cleaned/val/Glass/glass295.jpg,,,,,,,,
val_Glass_glass302,TrashNet,cleaned_image_classification,val,Glass,Glass,prepared_datasets/combined_6class_confusion_cleaned/val/Glass/glass302.jpg,prepared_datasets/combined_6class_confusion_cleaned/val/Glass/glass302.jpg,prepared_datasets/combined_6class_confusion_cleaned/val/Glass/glass302.jpg,,,,,,,,
val_Glass_glass309,TrashNet,cleaned_image_classification,val,Glass,Glass,prepared_datasets/combined_6class_confusion_cleaned/val/Glass/glass309.jpg,prepared_datasets/combined_6class_confusion_cleaned/val/Glass/glass309.jpg,prepared_datasets/combined_6class_confusion_cleaned/val/Glass/glass309.jpg,,,,,,,,
val_Glass_glass312,TrashNet,cleaned_image_classification,val,Glass,Glass,prepared_datasets/combined_6class_confusion_cleaned/val/Glass/glass312.jpg,prepared_datasets/combined_6class_confusion_cleaned/val/Glass/glass312.jpg,prepared_datasets/combined_6class_confusion_cleaned/val/Glass/glass312.jpg,,,,,,,,
val_Glass_glass313,TrashNet,cleaned_image_classification,val,Glass,Glass,prepared_datasets/combined_6class_confusion_cleaned/val/Glass/glass313.jpg,prepared_datasets/combined_6class_confusion_cleaned/val/Glass/glass313.jpg,prepared_datasets/combined_6class_confusion_cleaned/val/Glass/glass313.jpg,,,,,,,,
val_Glass_glass317,TrashNet,cleaned_image_classification,val,Glass,Glass,prepared_datasets/combined_6class_confusion_cleaned/val/Glass/glass317.jpg,prepared_datasets/combined_6class_confusion_cleaned/val/Glass/glass317.jpg,prepared_datasets/combined_6class_confusion_cleaned/val/Glass/glass317.jpg,,,,,,,,
val_Glass_glass318,TrashNet,cleaned_image_classification,val,Glass,Glass,prepared_datasets/combined_6class_confusion_cleaned/val/Glass/glass318.jpg,prepared_datasets/combined_6class_confusion_cleaned/val/Glass/glass318.jpg,prepared_datasets/combined_6class_confusion_cleaned/val/Glass/glass318.jpg,,,,,,,,
val_Glass_glass327,TrashNet,cleaned_image_classification,val,Glass,Glass,prepared_datasets/combined_6class_confusion_cleaned/val/Glass/glass327.jpg,prepared_datasets/combined_6class_confusion_cleaned/val/Glass/glass327.jpg,prepared_datasets/combined_6class_confusion_cleaned/val/Glass/glass327.jpg,,,,,,,,
val_Glass_glass336,TrashNet,cleaned_image_classification,val,Glass,Glass,prepared_datasets/combined_6class_confusion_cleaned/val/Glass/glass336.jpg,prepared_datasets/combined_6class_confusion_cleaned/val/Glass/glass336.jpg,prepared_datasets/combined_6class_confusion_cleaned/val/Glass/glass336.jpg,,,,,,,,
val_Glass_glass338,TrashNet,cleaned_image_classification,val,Glass,Glass,prepared_datasets/combined_6class_confusion_cleaned/val/Glass/glass338.jpg,prepared_datasets/combined_6class_confusion_cleaned/val/Glass/glass338.jpg,prepared_datasets/combined_6class_confusion_cleaned/val/Glass/glass338.jpg,,,,,,,,
val_Glass_glass351,TrashNet,cleaned_image_classification,val,Glass,Glass,prepared_datasets/combined_6class_confusion_cleaned/val/Glass/glass351.jpg,prepared_datasets/combined_6class_confusion_cleaned/val/Glass/glass351.jpg,prepared_datasets/combined_6class_confusion_cleaned/val/Glass/glass351.jpg,,,,,,,,
val_Glass_glass356,TrashNet,cleaned_image_classification,val,Glass,Glass,prepared_datasets/combined_6class_confusion_cleaned/val/Glass/glass356.jpg,prepared_datasets/combined_6class_confusion_cleaned/val/Glass/glass356.jpg,prepared_datasets/combined_6class_confusion_cleaned/val/Glass/glass356.jpg,,,,,,,,
val_Glass_glass361,TrashNet,cleaned_image_classification,val,Glass,Glass,prepared_datasets/combined_6class_confusion_cleaned/val/Glass/glass361.jpg,prepared_datasets/combined_6class_confusion_cleaned/val/Glass/glass361.jpg,prepared_datasets/combined_6class_confusion_cleaned/val/Glass/glass361.jpg,,,,,,,,
val_Glass_glass364,TrashNet,cleaned_image_classification,val,Glass,Glass,prepared_datasets/combined_6class_confusion_cleaned/val/Glass/glass364.jpg,prepared_datasets/combined_6class_confusion_cleaned/val/Glass/glass364.jpg,prepared_datasets/combined_6class_confusion_cleaned/val/Glass/glass364.jpg,,,,,,,,
val_Glass_glass366,TrashNet,cleaned_image_classification,val,Glass,Glass,prepared_datasets/combined_6class_confusion_cleaned/val/Glass/glass366.jpg,prepared_datasets/combined_6class_confusion_cleaned/val/Glass/glass366.jpg,prepared_datasets/combined_6class_confusion_cleaned/val/Glass/glass366.jpg,,,,,,,,
val_Glass_glass380,TrashNet,cleaned_image_classification,val,Glass,Glass,prepared_datasets/combined_6class_confusion_cleaned/val/Glass/glass380.jpg,prepared_datasets/combined_6class_confusion_cleaned/val/Glass/glass380.jpg,prepared_datasets/combined_6class_confusion_cleaned/val/Glass/glass380.jpg,,,,,,,,
val_Glass_glass383,TrashNet,cleaned_image_classification,val,Glass,Glass,prepared_datasets/combined_6class_confusion_cleaned/val/Glass/glass383.jpg,prepared_datasets/combined_6class_confusion_cleaned/val/Glass/glass383.jpg,prepared_datasets/combined_6class_confusion_cleaned/val/Glass/glass383.jpg,,,,,,,,
val_Glass_glass385,TrashNet,cleaned_image_classification,val,Glass,Glass,prepared_datasets/combined_6class_confusion_cleaned/val/Glass/glass385.jpg,prepared_datasets/combined_6class_confusion_cleaned/val/Glass/glass385.jpg,prepared_datasets/combined_6class_confusion_cleaned/val/Glass/glass385.jpg,,,,,,,,
val_Glass_glass39,TrashNet,cleaned_image_classification,val,Glass,Glass,prepared_datasets/combined_6class_confusion_cleaned/val/Glass/glass39.jpg,prepared_datasets/combined_6class_confusion_cleaned/val/Glass/glass39.jpg,prepared_datasets/combined_6class_confusion_cleaned/val/Glass/glass39.jpg,,,,,,,,
val_Glass_glass391,TrashNet,cleaned_image_classification,val,Glass,Glass,prepared_datasets/combined_6class_confusion_cleaned/val/Glass/glass391.jpg,prepared_datasets/combined_6class_confusion_cleaned/val/Glass/glass391.jpg,prepared_datasets/combined_6class_confusion_cleaned/val/Glass/glass391.jpg,,,,,,,,
val_Glass_glass400,TrashNet,cleaned_image_classification,val,Glass,Glass,prepared_datasets/combined_6class_confusion_cleaned/val/Glass/glass400.jpg,prepared_datasets/combined_6class_confusion_cleaned/val/Glass/glass400.jpg,prepared_datasets/combined_6class_confusion_cleaned/val/Glass/glass400.jpg,,,,,,,,
val_Glass_glass409,TrashNet,cleaned_image_classification,val,Glass,Glass,prepared_datasets/combined_6class_confusion_cleaned/val/Glass/glass409.jpg,prepared_datasets/combined_6class_confusion_cleaned/val/Glass/glass409.jpg,prepared_datasets/combined_6class_confusion_cleaned/val/Glass/glass409.jpg,,,,,,,,
val_Glass_glass41,TrashNet,cleaned_image_classification,val,Glass,Glass,prepared_datasets/combined_6class_confusion_cleaned/val/Glass/glass41.jpg,prepared_datasets/combined_6class_confusion_cleaned/val/Glass/glass41.jpg,prepared_datasets/combined_6class_confusion_cleaned/val/Glass/glass41.jpg,,,,,,,,
val_Glass_glass416,TrashNet,cleaned_image_classification,val,Glass,Glass,prepared_datasets/combined_6class_confusion_cleaned/val/Glass/glass416.jpg,prepared_datasets/combined_6class_confusion_cleaned/val/Glass/glass416.jpg,prepared_datasets/combined_6class_confusion_cleaned/val/Glass/glass416.jpg,,,,,,,,
val_Glass_glass43,TrashNet,cleaned_image_classification,val,Glass,Glass,prepared_datasets/combined_6class_confusion_cleaned/val/Glass/glass43.jpg,prepared_datasets/combined_6class_confusion_cleaned/val/Glass/glass43.jpg,prepared_datasets/combined_6class_confusion_cleaned/val/Glass/glass43.jpg,,,,,,,,
val_Glass_glass432,TrashNet,cleaned_image_classification,val,Glass,Glass,prepared_datasets/combined_6class_confusion_cleaned/val/Glass/glass432.jpg,prepared_datasets/combined_6class_confusion_cleaned/val/Glass/glass432.jpg,prepared_datasets/combined_6class_confusion_cleaned/val/Glass/glass432.jpg,,,,,,,,
val_Glass_glass438,TrashNet,cleaned_image_classification,val,Glass,Glass,prepared_datasets/combined_6class_confusion_cleaned/val/Glass/glass438.jpg,prepared_datasets/combined_6class_confusion_cleaned/val/Glass/glass438.jpg,prepared_datasets/combined_6class_confusion_cleaned/val/Glass/glass438.jpg,,,,,,,,
val_Glass_glass444,TrashNet,cleaned_image_classification,val,Glass,Glass,prepared_datasets/combined_6class_confusion_cleaned/val/Glass/glass444.jpg,prepared_datasets/combined_6class_confusion_cleaned/val/Glass/glass444.jpg,prepared_datasets/combined_6class_confusion_cleaned/val/Glass/glass444.jpg,,,,,,,,
val_Glass_glass445,TrashNet,cleaned_image_classification,val,Glass,Glass,prepared_datasets/combined_6class_confusion_cleaned/val/Glass/glass445.jpg,prepared_datasets/combined_6class_confusion_cleaned/val/Glass/glass445.jpg,prepared_datasets/combined_6class_confusion_cleaned/val/Glass/glass445.jpg,,,,,,,,
val_Glass_glass46,TrashNet,cleaned_image_classification,val,Glass,Glass,prepared_datasets/combined_6class_confusion_cleaned/val/Glass/glass46.jpg,prepared_datasets/combined_6class_confusion_cleaned/val/Glass/glass46.jpg,prepared_datasets/combined_6class_confusion_cleaned/val/Glass/glass46.jpg,,,,,,,,
val_Glass_glass465,TrashNet,cleaned_image_classification,val,Glass,Glass,prepared_datasets/combined_6class_confusion_cleaned/val/Glass/glass465.jpg,prepared_datasets/combined_6class_confusion_cleaned/val/Glass/glass465.jpg,prepared_datasets/combined_6class_confusion_cleaned/val/Glass/glass465.jpg,,,,,,,,
val_Glass_glass468,TrashNet,cleaned_image_classification,val,Glass,Glass,prepared_datasets/combined_6class_confusion_cleaned/val/Glass/glass468.jpg,prepared_datasets/combined_6class_confusion_cleaned/val/Glass/glass468.jpg,prepared_datasets/combined_6class_confusion_cleaned/val/Glass/glass468.jpg,,,,,,,,
val_Glass_glass481,TrashNet,cleaned_image_classification,val,Glass,Glass,prepared_datasets/combined_6class_confusion_cleaned/val/Glass/glass481.jpg,prepared_datasets/combined_6class_confusion_cleaned/val/Glass/glass481.jpg,prepared_datasets/combined_6class_confusion_cleaned/val/Glass/glass481.jpg,,,,,,,,
val_Glass_glass49,TrashNet,cleaned_image_classification,val,Glass,Glass,prepared_datasets/combined_6class_confusion_cleaned/val/Glass/glass49.jpg,prepared_datasets/combined_6class_confusion_cleaned/val/Glass/glass49.jpg,prepared_datasets/combined_6class_confusion_cleaned/val/Glass/glass49.jpg,,,,,,,,
val_Glass_glass494,TrashNet,cleaned_image_classification,val,Glass,Glass,prepared_datasets/combined_6class_confusion_cleaned/val/Glass/glass494.jpg,prepared_datasets/combined_6class_confusion_cleaned/val/Glass/glass494.jpg,prepared_datasets/combined_6class_confusion_cleaned/val/Glass/glass494.jpg,,,,,,,,
val_Glass_glass5,TrashNet,cleaned_image_classification,val,Glass,Glass,prepared_datasets/combined_6class_confusion_cleaned/val/Glass/glass5.jpg,prepared_datasets/combined_6class_confusion_cleaned/val/Glass/glass5.jpg,prepared_datasets/combined_6class_confusion_cleaned/val/Glass/glass5.jpg,,,,,,,,
val_Glass_glass53,TrashNet,cleaned_image_classification,val,Glass,Glass,prepared_datasets/combined_6class_confusion_cleaned/val/Glass/glass53.jpg,prepared_datasets/combined_6class_confusion_cleaned/val/Glass/glass53.jpg,prepared_datasets/combined_6class_confusion_cleaned/val/Glass/glass53.jpg,,,,,,,,
val_Glass_glass63,TrashNet,cleaned_image_classification,val,Glass,Glass,prepared_datasets/combined_6class_confusion_cleaned/val/Glass/glass63.jpg,prepared_datasets/combined_6class_confusion_cleaned/val/Glass/glass63.jpg,prepared_datasets/combined_6class_confusion_cleaned/val/Glass/glass63.jpg,,,,,,,,
val_Glass_glass72,TrashNet,cleaned_image_classification,val,Glass,Glass,prepared_datasets/combined_6class_confusion_cleaned/val/Glass/glass72.jpg,prepared_datasets/combined_6class_confusion_cleaned/val/Glass/glass72.jpg,prepared_datasets/combined_6class_confusion_cleaned/val/Glass/glass72.jpg,,,,,,,,
val_Glass_glass73,TrashNet,cleaned_image_classification,val,Glass,Glass,prepared_datasets/combined_6class_confusion_cleaned/val/Glass/glass73.jpg,prepared_datasets/combined_6class_confusion_cleaned/val/Glass/glass73.jpg,prepared_datasets/combined_6class_confusion_cleaned/val/Glass/glass73.jpg,,,,,,,,
val_Glass_glass76,TrashNet,cleaned_image_classification,val,Glass,Glass,prepared_datasets/combined_6class_confusion_cleaned/val/Glass/glass76.jpg,prepared_datasets/combined_6class_confusion_cleaned/val/Glass/glass76.jpg,prepared_datasets/combined_6class_confusion_cleaned/val/Glass/glass76.jpg,,,,,,,,
val_Glass_glass93,TrashNet,cleaned_image_classification,val,Glass,Glass,prepared_datasets/combined_6class_confusion_cleaned/val/Glass/glass93.jpg,prepared_datasets/combined_6class_confusion_cleaned/val/Glass/glass93.jpg,prepared_datasets/combined_6class_confusion_cleaned/val/Glass/glass93.jpg,,,,,,,,
val_Metal_000007_ann21,TACO,cleaned_image_classification,val,Metal,Metal,prepared_datasets/combined_6class_confusion_cleaned/val/Metal/000007_ann21.jpg,prepared_datasets/combined_6class_confusion_cleaned/val/Metal/000007_ann21.jpg,prepared_datasets/combined_6class_confusion_cleaned/val/Metal/000007_ann21.jpg,,,,,,,,
val_Metal_000011_ann3054,TACO,cleaned_image_classification,val,Metal,Metal,prepared_datasets/combined_6class_confusion_cleaned/val/Metal/000011_ann3054.jpg,prepared_datasets/combined_6class_confusion_cleaned/val/Metal/000011_ann3054.jpg,prepared_datasets/combined_6class_confusion_cleaned/val/Metal/000011_ann3054.jpg,,,,,,,,
val_Metal_000012_ann3060,TACO,cleaned_image_classification,val,Metal,Metal,prepared_datasets/combined_6class_confusion_cleaned/val/Metal/000012_ann3060.jpg,prepared_datasets/combined_6class_confusion_cleaned/val/Metal/000012_ann3060.jpg,prepared_datasets/combined_6class_confusion_cleaned/val/Metal/000012_ann3060.jpg,,,,,,,,
val_Metal_000020_ann1965,TACO,cleaned_image_classification,val,Metal,Metal,prepared_datasets/combined_6class_confusion_cleaned/val/Metal/000020_ann1965.jpg,prepared_datasets/combined_6class_confusion_cleaned/val/Metal/000020_ann1965.jpg,prepared_datasets/combined_6class_confusion_cleaned/val/Metal/000020_ann1965.jpg,,,,,,,,
val_Metal_000035_ann2269,TACO,cleaned_image_classification,val,Metal,Metal,prepared_datasets/combined_6class_confusion_cleaned/val/Metal/000035_ann2269.jpg,prepared_datasets/combined_6class_confusion_cleaned/val/Metal/000035_ann2269.jpg,prepared_datasets/combined_6class_confusion_cleaned/val/Metal/000035_ann2269.jpg,,,,,,,,
val_Metal_000045_ann1579,TACO,cleaned_image_classification,val,Metal,Metal,prepared_datasets/combined_6class_confusion_cleaned/val/Metal/000045_ann1579.jpg,prepared_datasets/combined_6class_confusion_cleaned/val/Metal/000045_ann1579.jpg,prepared_datasets/combined_6class_confusion_cleaned/val/Metal/000045_ann1579.jpg,,,,,,,,
val_Metal_000047_ann1775,TACO,cleaned_image_classification,val,Metal,Metal,prepared_datasets/combined_6class_confusion_cleaned/val/Metal/000047_ann1775.jpg,prepared_datasets/combined_6class_confusion_cleaned/val/Metal/000047_ann1775.jpg,prepared_datasets/combined_6class_confusion_cleaned/val/Metal/000047_ann1775.jpg,,,,,,,,
val_Metal_000060_ann50,TACO,cleaned_image_classification,val,Metal,Metal,prepared_datasets/combined_6class_confusion_cleaned/val/Metal/000060_ann50.jpg,prepared_datasets/combined_6class_confusion_cleaned/val/Metal/000060_ann50.jpg,prepared_datasets/combined_6class_confusion_cleaned/val/Metal/000060_ann50.jpg,,,,,,,,
val_Metal_000061_ann68,TACO,cleaned_image_classification,val,Metal,Metal,prepared_datasets/combined_6class_confusion_cleaned/val/Metal/000061_ann68.jpg,prepared_datasets/combined_6class_confusion_cleaned/val/Metal/000061_ann68.jpg,prepared_datasets/combined_6class_confusion_cleaned/val/Metal/000061_ann68.jpg,,,,,,,,
val_Metal_000065_ann2144,TACO,cleaned_image_classification,val,Metal,Metal,prepared_datasets/combined_6class_confusion_cleaned/val/Metal/000065_ann2144.jpg,prepared_datasets/combined_6class_confusion_cleaned/val/Metal/000065_ann2144.jpg,prepared_datasets/combined_6class_confusion_cleaned/val/Metal/000065_ann2144.jpg,,,,,,,,
val_Metal_000079_ann1817,TACO,cleaned_image_classification,val,Metal,Metal,prepared_datasets/combined_6class_confusion_cleaned/val/Metal/000079_ann1817.jpg,prepared_datasets/combined_6class_confusion_cleaned/val/Metal/000079_ann1817.jpg,prepared_datasets/combined_6class_confusion_cleaned/val/Metal/000079_ann1817.jpg,,,,,,,,
val_Metal_000082_ann1662,TACO,cleaned_image_classification,val,Metal,Metal,prepared_datasets/combined_6class_confusion_cleaned/val/Metal/000082_ann1662.jpg,prepared_datasets/combined_6class_confusion_cleaned/val/Metal/000082_ann1662.jpg,prepared_datasets/combined_6class_confusion_cleaned/val/Metal/000082_ann1662.jpg,,,,,,,,
val_Metal_000103_ann2989,TACO,cleaned_image_classification,val,Metal,Metal,prepared_datasets/combined_6class_confusion_cleaned/val/Metal/000103_ann2989.jpg,prepared_datasets/combined_6class_confusion_cleaned/val/Metal/000103_ann2989.jpg,prepared_datasets/combined_6class_confusion_cleaned/val/Metal/000103_ann2989.jpg,,,,,,,,
val_Metal_000111_ann229,TACO,cleaned_image_classification,val,Metal,Metal,prepared_datasets/combined_6class_confusion_cleaned/val/Metal/000111_ann229.jpg,prepared_datasets/combined_6class_confusion_cleaned/val/Metal/000111_ann229.jpg,prepared_datasets/combined_6class_confusion_cleaned/val/Metal/000111_ann229.jpg,,,,,,,,
val_Metal_000127_ann254,TACO,cleaned_image_classification,val,Metal,Metal,prepared_datasets/combined_6class_confusion_cleaned/val/Metal/000127_ann254.jpg,prepared_datasets/combined_6class_confusion_cleaned/val/Metal/000127_ann254.jpg,prepared_datasets/combined_6class_confusion_cleaned/val/Metal/000127_ann254.jpg,,,,,,,,
val_Metal_IMG_4919_ann2613,TACO,cleaned_image_classification,val,Metal,Metal,prepared_datasets/combined_6class_confusion_cleaned/val/Metal/IMG_4919_ann2613.jpg,prepared_datasets/combined_6class_confusion_cleaned/val/Metal/IMG_4919_ann2613.jpg,prepared_datasets/combined_6class_confusion_cleaned/val/Metal/IMG_4919_ann2613.jpg,,,,,,,,
val_Metal_metal118,TrashNet,cleaned_image_classification,val,Metal,Metal,prepared_datasets/combined_6class_confusion_cleaned/val/Metal/metal118.jpg,prepared_datasets/combined_6class_confusion_cleaned/val/Metal/metal118.jpg,prepared_datasets/combined_6class_confusion_cleaned/val/Metal/metal118.jpg,,,,,,,,
val_Metal_metal137,TrashNet,cleaned_image_classification,val,Metal,Metal,prepared_datasets/combined_6class_confusion_cleaned/val/Metal/metal137.jpg,prepared_datasets/combined_6class_confusion_cleaned/val/Metal/metal137.jpg,prepared_datasets/combined_6class_confusion_cleaned/val/Metal/metal137.jpg,,,,,,,,
val_Metal_metal156,TrashNet,cleaned_image_classification,val,Metal,Metal,prepared_datasets/combined_6class_confusion_cleaned/val/Metal/metal156.jpg,prepared_datasets/combined_6class_confusion_cleaned/val/Metal/metal156.jpg,prepared_datasets/combined_6class_confusion_cleaned/val/Metal/metal156.jpg,,,,,,,,
val_Metal_metal160,TrashNet,cleaned_image_classification,val,Metal,Metal,prepared_datasets/combined_6class_confusion_cleaned/val/Metal/metal160.jpg,prepared_datasets/combined_6class_confusion_cleaned/val/Metal/metal160.jpg,prepared_datasets/combined_6class_confusion_cleaned/val/Metal/metal160.jpg,,,,,,,,
val_Metal_metal161,TrashNet,cleaned_image_classification,val,Metal,Metal,prepared_datasets/combined_6class_confusion_cleaned/val/Metal/metal161.jpg,prepared_datasets/combined_6class_confusion_cleaned/val/Metal/metal161.jpg,prepared_datasets/combined_6class_confusion_cleaned/val/Metal/metal161.jpg,,,,,,,,
val_Metal_metal18,TrashNet,cleaned_image_classification,val,Metal,Metal,prepared_datasets/combined_6class_confusion_cleaned/val/Metal/metal18.jpg,prepared_datasets/combined_6class_confusion_cleaned/val/Metal/metal18.jpg,prepared_datasets/combined_6class_confusion_cleaned/val/Metal/metal18.jpg,,,,,,,,
val_Metal_metal187,TrashNet,cleaned_image_classification,val,Metal,Metal,prepared_datasets/combined_6class_confusion_cleaned/val/Metal/metal187.jpg,prepared_datasets/combined_6class_confusion_cleaned/val/Metal/metal187.jpg,prepared_datasets/combined_6class_confusion_cleaned/val/Metal/metal187.jpg,,,,,,,,
val_Metal_metal191,TrashNet,cleaned_image_classification,val,Metal,Metal,prepared_datasets/combined_6class_confusion_cleaned/val/Metal/metal191.jpg,prepared_datasets/combined_6class_confusion_cleaned/val/Metal/metal191.jpg,prepared_datasets/combined_6class_confusion_cleaned/val/Metal/metal191.jpg,,,,,,,,
val_Metal_metal192,TrashNet,cleaned_image_classification,val,Metal,Metal,prepared_datasets/combined_6class_confusion_cleaned/val/Metal/metal192.jpg,prepared_datasets/combined_6class_confusion_cleaned/val/Metal/metal192.jpg,prepared_datasets/combined_6class_confusion_cleaned/val/Metal/metal192.jpg,,,,,,,,
val_Metal_metal215,TrashNet,cleaned_image_classification,val,Metal,Metal,prepared_datasets/combined_6class_confusion_cleaned/val/Metal/metal215.jpg,prepared_datasets/combined_6class_confusion_cleaned/val/Metal/metal215.jpg,prepared_datasets/combined_6class_confusion_cleaned/val/Metal/metal215.jpg,,,,,,,,
val_Metal_metal221,TrashNet,cleaned_image_classification,val,Metal,Metal,prepared_datasets/combined_6class_confusion_cleaned/val/Metal/metal221.jpg,prepared_datasets/combined_6class_confusion_cleaned/val/Metal/metal221.jpg,prepared_datasets/combined_6class_confusion_cleaned/val/Metal/metal221.jpg,,,,,,,,
val_Metal_metal224,TrashNet,cleaned_image_classification,val,Metal,Metal,prepared_datasets/combined_6class_confusion_cleaned/val/Metal/metal224.jpg,prepared_datasets/combined_6class_confusion_cleaned/val/Metal/metal224.jpg,prepared_datasets/combined_6class_confusion_cleaned/val/Metal/metal224.jpg,,,,,,,,
val_Metal_metal241,TrashNet,cleaned_image_classification,val,Metal,Metal,prepared_datasets/combined_6class_confusion_cleaned/val/Metal/metal241.jpg,prepared_datasets/combined_6class_confusion_cleaned/val/Metal/metal241.jpg,prepared_datasets/combined_6class_confusion_cleaned/val/Metal/metal241.jpg,,,,,,,,
val_Metal_metal251,TrashNet,cleaned_image_classification,val,Metal,Metal,prepared_datasets/combined_6class_confusion_cleaned/val/Metal/metal251.jpg,prepared_datasets/combined_6class_confusion_cleaned/val/Metal/metal251.jpg,prepared_datasets/combined_6class_confusion_cleaned/val/Metal/metal251.jpg,,,,,,,,
val_Metal_metal252,TrashNet,cleaned_image_classification,val,Metal,Metal,prepared_datasets/combined_6class_confusion_cleaned/val/Metal/metal252.jpg,prepared_datasets/combined_6class_confusion_cleaned/val/Metal/metal252.jpg,prepared_datasets/combined_6class_confusion_cleaned/val/Metal/metal252.jpg,,,,,,,,
val_Metal_metal255,TrashNet,cleaned_image_classification,val,Metal,Metal,prepared_datasets/combined_6class_confusion_cleaned/val/Metal/metal255.jpg,prepared_datasets/combined_6class_confusion_cleaned/val/Metal/metal255.jpg,prepared_datasets/combined_6class_confusion_cleaned/val/Metal/metal255.jpg,,,,,,,,
val_Metal_metal258,TrashNet,cleaned_image_classification,val,Metal,Metal,prepared_datasets/combined_6class_confusion_cleaned/val/Metal/metal258.jpg,prepared_datasets/combined_6class_confusion_cleaned/val/Metal/metal258.jpg,prepared_datasets/combined_6class_confusion_cleaned/val/Metal/metal258.jpg,,,,,,,,
val_Metal_metal263,TrashNet,cleaned_image_classification,val,Metal,Metal,prepared_datasets/combined_6class_confusion_cleaned/val/Metal/metal263.jpg,prepared_datasets/combined_6class_confusion_cleaned/val/Metal/metal263.jpg,prepared_datasets/combined_6class_confusion_cleaned/val/Metal/metal263.jpg,,,,,,,,
val_Metal_metal269,TrashNet,cleaned_image_classification,val,Metal,Metal,prepared_datasets/combined_6class_confusion_cleaned/val/Metal/metal269.jpg,prepared_datasets/combined_6class_confusion_cleaned/val/Metal/metal269.jpg,prepared_datasets/combined_6class_confusion_cleaned/val/Metal/metal269.jpg,,,,,,,,
val_Metal_metal271,TrashNet,cleaned_image_classification,val,Metal,Metal,prepared_datasets/combined_6class_confusion_cleaned/val/Metal/metal271.jpg,prepared_datasets/combined_6class_confusion_cleaned/val/Metal/metal271.jpg,prepared_datasets/combined_6class_confusion_cleaned/val/Metal/metal271.jpg,,,,,,,,
val_Metal_metal282,TrashNet,cleaned_image_classification,val,Metal,Metal,prepared_datasets/combined_6class_confusion_cleaned/val/Metal/metal282.jpg,prepared_datasets/combined_6class_confusion_cleaned/val/Metal/metal282.jpg,prepared_datasets/combined_6class_confusion_cleaned/val/Metal/metal282.jpg,,,,,,,,
val_Metal_metal283,TrashNet,cleaned_image_classification,val,Metal,Metal,prepared_datasets/combined_6class_confusion_cleaned/val/Metal/metal283.jpg,prepared_datasets/combined_6class_confusion_cleaned/val/Metal/metal283.jpg,prepared_datasets/combined_6class_confusion_cleaned/val/Metal/metal283.jpg,,,,,,,,
val_Metal_metal295,TrashNet,cleaned_image_classification,val,Metal,Metal,prepared_datasets/combined_6class_confusion_cleaned/val/Metal/metal295.jpg,prepared_datasets/combined_6class_confusion_cleaned/val/Metal/metal295.jpg,prepared_datasets/combined_6class_confusion_cleaned/val/Metal/metal295.jpg,,,,,,,,
val_Metal_metal30,TrashNet,cleaned_image_classification,val,Metal,Metal,prepared_datasets/combined_6class_confusion_cleaned/val/Metal/metal30.jpg,prepared_datasets/combined_6class_confusion_cleaned/val/Metal/metal30.jpg,prepared_datasets/combined_6class_confusion_cleaned/val/Metal/metal30.jpg,,,,,,,,
val_Metal_metal301,TrashNet,cleaned_image_classification,val,Metal,Metal,prepared_datasets/combined_6class_confusion_cleaned/val/Metal/metal301.jpg,prepared_datasets/combined_6class_confusion_cleaned/val/Metal/metal301.jpg,prepared_datasets/combined_6class_confusion_cleaned/val/Metal/metal301.jpg,,,,,,,,
val_Metal_metal312,TrashNet,cleaned_image_classification,val,Metal,Metal,prepared_datasets/combined_6class_confusion_cleaned/val/Metal/metal312.jpg,prepared_datasets/combined_6class_confusion_cleaned/val/Metal/metal312.jpg,prepared_datasets/combined_6class_confusion_cleaned/val/Metal/metal312.jpg,,,,,,,,
val_Metal_metal32,TrashNet,cleaned_image_classification,val,Metal,Metal,prepared_datasets/combined_6class_confusion_cleaned/val/Metal/metal32.jpg,prepared_datasets/combined_6class_confusion_cleaned/val/Metal/metal32.jpg,prepared_datasets/combined_6class_confusion_cleaned/val/Metal/metal32.jpg,,,,,,,,
val_Metal_metal328,TrashNet,cleaned_image_classification,val,Metal,Metal,prepared_datasets/combined_6class_confusion_cleaned/val/Metal/metal328.jpg,prepared_datasets/combined_6class_confusion_cleaned/val/Metal/metal328.jpg,prepared_datasets/combined_6class_confusion_cleaned/val/Metal/metal328.jpg,,,,,,,,
val_Metal_metal37,TrashNet,cleaned_image_classification,val,Metal,Metal,prepared_datasets/combined_6class_confusion_cleaned/val/Metal/metal37.jpg,prepared_datasets/combined_6class_confusion_cleaned/val/Metal/metal37.jpg,prepared_datasets/combined_6class_confusion_cleaned/val/Metal/metal37.jpg,,,,,,,,
val_Metal_metal389,TrashNet,cleaned_image_classification,val,Metal,Metal,prepared_datasets/combined_6class_confusion_cleaned/val/Metal/metal389.jpg,prepared_datasets/combined_6class_confusion_cleaned/val/Metal/metal389.jpg,prepared_datasets/combined_6class_confusion_cleaned/val/Metal/metal389.jpg,,,,,,,,
val_Metal_metal396,TrashNet,cleaned_image_classification,val,Metal,Metal,prepared_datasets/combined_6class_confusion_cleaned/val/Metal/metal396.jpg,prepared_datasets/combined_6class_confusion_cleaned/val/Metal/metal396.jpg,prepared_datasets/combined_6class_confusion_cleaned/val/Metal/metal396.jpg,,,,,,,,
val_Metal_metal398,TrashNet,cleaned_image_classification,val,Metal,Metal,prepared_datasets/combined_6class_confusion_cleaned/val/Metal/metal398.jpg,prepared_datasets/combined_6class_confusion_cleaned/val/Metal/metal398.jpg,prepared_datasets/combined_6class_confusion_cleaned/val/Metal/metal398.jpg,,,,,,,,
val_Metal_metal40,TrashNet,cleaned_image_classification,val,Metal,Metal,prepared_datasets/combined_6class_confusion_cleaned/val/Metal/metal40.jpg,prepared_datasets/combined_6class_confusion_cleaned/val/Metal/metal40.jpg,prepared_datasets/combined_6class_confusion_cleaned/val/Metal/metal40.jpg,,,,,,,,
val_Metal_metal409,TrashNet,cleaned_image_classification,val,Metal,Metal,prepared_datasets/combined_6class_confusion_cleaned/val/Metal/metal409.jpg,prepared_datasets/combined_6class_confusion_cleaned/val/Metal/metal409.jpg,prepared_datasets/combined_6class_confusion_cleaned/val/Metal/metal409.jpg,,,,,,,,
val_Metal_metal410,TrashNet,cleaned_image_classification,val,Metal,Metal,prepared_datasets/combined_6class_confusion_cleaned/val/Metal/metal410.jpg,prepared_datasets/combined_6class_confusion_cleaned/val/Metal/metal410.jpg,prepared_datasets/combined_6class_confusion_cleaned/val/Metal/metal410.jpg,,,,,,,,
val_Metal_metal45,TrashNet,cleaned_image_classification,val,Metal,Metal,prepared_datasets/combined_6class_confusion_cleaned/val/Metal/metal45.jpg,prepared_datasets/combined_6class_confusion_cleaned/val/Metal/metal45.jpg,prepared_datasets/combined_6class_confusion_cleaned/val/Metal/metal45.jpg,,,,,,,,
val_Metal_metal53,TrashNet,cleaned_image_classification,val,Metal,Metal,prepared_datasets/combined_6class_confusion_cleaned/val/Metal/metal53.jpg,prepared_datasets/combined_6class_confusion_cleaned/val/Metal/metal53.jpg,prepared_datasets/combined_6class_confusion_cleaned/val/Metal/metal53.jpg,,,,,,,,
val_Metal_metal61,TrashNet,cleaned_image_classification,val,Metal,Metal,prepared_datasets/combined_6class_confusion_cleaned/val/Metal/metal61.jpg,prepared_datasets/combined_6class_confusion_cleaned/val/Metal/metal61.jpg,prepared_datasets/combined_6class_confusion_cleaned/val/Metal/metal61.jpg,,,,,,,,
val_Metal_metal62,TrashNet,cleaned_image_classification,val,Metal,Metal,prepared_datasets/combined_6class_confusion_cleaned/val/Metal/metal62.jpg,prepared_datasets/combined_6class_confusion_cleaned/val/Metal/metal62.jpg,prepared_datasets/combined_6class_confusion_cleaned/val/Metal/metal62.jpg,,,,,,,,
val_Metal_metal77,TrashNet,cleaned_image_classification,val,Metal,Metal,prepared_datasets/combined_6class_confusion_cleaned/val/Metal/metal77.jpg,prepared_datasets/combined_6class_confusion_cleaned/val/Metal/metal77.jpg,prepared_datasets/combined_6class_confusion_cleaned/val/Metal/metal77.jpg,,,,,,,,
val_Metal_metal78,TrashNet,cleaned_image_classification,val,Metal,Metal,prepared_datasets/combined_6class_confusion_cleaned/val/Metal/metal78.jpg,prepared_datasets/combined_6class_confusion_cleaned/val/Metal/metal78.jpg,prepared_datasets/combined_6class_confusion_cleaned/val/Metal/metal78.jpg,,,,,,,,
val_Metal_metal82,TrashNet,cleaned_image_classification,val,Metal,Metal,prepared_datasets/combined_6class_confusion_cleaned/val/Metal/metal82.jpg,prepared_datasets/combined_6class_confusion_cleaned/val/Metal/metal82.jpg,prepared_datasets/combined_6class_confusion_cleaned/val/Metal/metal82.jpg,,,,,,,,
val_Other_000001_ann689,TACO,cleaned_image_classification,val,Other,Other,prepared_datasets/combined_6class_confusion_cleaned/val/Other/000001_ann689.jpg,prepared_datasets/combined_6class_confusion_cleaned/val/Other/000001_ann689.jpg,prepared_datasets/combined_6class_confusion_cleaned/val/Other/000001_ann689.jpg,,,,,,,,
val_Other_000005_ann2205,TACO,cleaned_image_classification,val,Other,Other,prepared_datasets/combined_6class_confusion_cleaned/val/Other/000005_ann2205.jpg,prepared_datasets/combined_6class_confusion_cleaned/val/Other/000005_ann2205.jpg,prepared_datasets/combined_6class_confusion_cleaned/val/Other/000005_ann2205.jpg,,,,,,,,
val_Other_000007_ann935,TACO,cleaned_image_classification,val,Other,Other,prepared_datasets/combined_6class_confusion_cleaned/val/Other/000007_ann935.jpg,prepared_datasets/combined_6class_confusion_cleaned/val/Other/000007_ann935.jpg,prepared_datasets/combined_6class_confusion_cleaned/val/Other/000007_ann935.jpg,,,,,,,,
val_Other_000016_ann2228,TACO,cleaned_image_classification,val,Other,Other,prepared_datasets/combined_6class_confusion_cleaned/val/Other/000016_ann2228.jpg,prepared_datasets/combined_6class_confusion_cleaned/val/Other/000016_ann2228.jpg,prepared_datasets/combined_6class_confusion_cleaned/val/Other/000016_ann2228.jpg,,,,,,,,
val_Other_000020_ann3669,TACO,cleaned_image_classification,val,Other,Other,prepared_datasets/combined_6class_confusion_cleaned/val/Other/000020_ann3669.jpg,prepared_datasets/combined_6class_confusion_cleaned/val/Other/000020_ann3669.jpg,prepared_datasets/combined_6class_confusion_cleaned/val/Other/000020_ann3669.jpg,,,,,,,,
val_Other_000026_ann2254,TACO,cleaned_image_classification,val,Other,Other,prepared_datasets/combined_6class_confusion_cleaned/val/Other/000026_ann2254.jpg,prepared_datasets/combined_6class_confusion_cleaned/val/Other/000026_ann2254.jpg,prepared_datasets/combined_6class_confusion_cleaned/val/Other/000026_ann2254.jpg,,,,,,,,
val_Other_000028_ann757,TACO,cleaned_image_classification,val,Other,Other,prepared_datasets/combined_6class_confusion_cleaned/val/Other/000028_ann757.jpg,prepared_datasets/combined_6class_confusion_cleaned/val/Other/000028_ann757.jpg,prepared_datasets/combined_6class_confusion_cleaned/val/Other/000028_ann757.jpg,,,,,,,,
val_Other_000031_ann1080,TACO,cleaned_image_classification,val,Other,Other,prepared_datasets/combined_6class_confusion_cleaned/val/Other/000031_ann1080.jpg,prepared_datasets/combined_6class_confusion_cleaned/val/Other/000031_ann1080.jpg,prepared_datasets/combined_6class_confusion_cleaned/val/Other/000031_ann1080.jpg,,,,,,,,
val_Other_000052_ann1783,TACO,cleaned_image_classification,val,Other,Other,prepared_datasets/combined_6class_confusion_cleaned/val/Other/000052_ann1783.jpg,prepared_datasets/combined_6class_confusion_cleaned/val/Other/000052_ann1783.jpg,prepared_datasets/combined_6class_confusion_cleaned/val/Other/000052_ann1783.jpg,,,,,,,,
val_Other_000053_ann1593,TACO,cleaned_image_classification,val,Other,Other,prepared_datasets/combined_6class_confusion_cleaned/val/Other/000053_ann1593.jpg,prepared_datasets/combined_6class_confusion_cleaned/val/Other/000053_ann1593.jpg,prepared_datasets/combined_6class_confusion_cleaned/val/Other/000053_ann1593.jpg,,,,,,,,
val_Other_000054_ann4338,TACO,cleaned_image_classification,val,Other,Other,prepared_datasets/combined_6class_confusion_cleaned/val/Other/000054_ann4338.jpg,prepared_datasets/combined_6class_confusion_cleaned/val/Other/000054_ann4338.jpg,prepared_datasets/combined_6class_confusion_cleaned/val/Other/000054_ann4338.jpg,,,,,,,,
val_Other_000055_ann805,TACO,cleaned_image_classification,val,Other,Other,prepared_datasets/combined_6class_confusion_cleaned/val/Other/000055_ann805.jpg,prepared_datasets/combined_6class_confusion_cleaned/val/Other/000055_ann805.jpg,prepared_datasets/combined_6class_confusion_cleaned/val/Other/000055_ann805.jpg,,,,,,,,
val_Other_000058_ann3178,TACO,cleaned_image_classification,val,Other,Other,prepared_datasets/combined_6class_confusion_cleaned/val/Other/000058_ann3178.jpg,prepared_datasets/combined_6class_confusion_cleaned/val/Other/000058_ann3178.jpg,prepared_datasets/combined_6class_confusion_cleaned/val/Other/000058_ann3178.jpg,,,,,,,,
val_Other_000063_ann2971,TACO,cleaned_image_classification,val,Other,Other,prepared_datasets/combined_6class_confusion_cleaned/val/Other/000063_ann2971.jpg,prepared_datasets/combined_6class_confusion_cleaned/val/Other/000063_ann2971.jpg,prepared_datasets/combined_6class_confusion_cleaned/val/Other/000063_ann2971.jpg,,,,,,,,
val_Other_000068_ann827,TACO,cleaned_image_classification,val,Other,Other,prepared_datasets/combined_6class_confusion_cleaned/val/Other/000068_ann827.jpg,prepared_datasets/combined_6class_confusion_cleaned/val/Other/000068_ann827.jpg,prepared_datasets/combined_6class_confusion_cleaned/val/Other/000068_ann827.jpg,,,,,,,,
val_Other_000078_ann3837,TACO,cleaned_image_classification,val,Other,Other,prepared_datasets/combined_6class_confusion_cleaned/val/Other/000078_ann3837.jpg,prepared_datasets/combined_6class_confusion_cleaned/val/Other/000078_ann3837.jpg,prepared_datasets/combined_6class_confusion_cleaned/val/Other/000078_ann3837.jpg,,,,,,,,
val_Other_000078_ann860,TACO,cleaned_image_classification,val,Other,Other,prepared_datasets/combined_6class_confusion_cleaned/val/Other/000078_ann860.jpg,prepared_datasets/combined_6class_confusion_cleaned/val/Other/000078_ann860.jpg,prepared_datasets/combined_6class_confusion_cleaned/val/Other/000078_ann860.jpg,,,,,,,,
val_Other_000081_ann872,TACO,cleaned_image_classification,val,Other,Other,prepared_datasets/combined_6class_confusion_cleaned/val/Other/000081_ann872.jpg,prepared_datasets/combined_6class_confusion_cleaned/val/Other/000081_ann872.jpg,prepared_datasets/combined_6class_confusion_cleaned/val/Other/000081_ann872.jpg,,,,,,,,
val_Other_trash102,TrashNet,cleaned_image_classification,val,Other,Other,prepared_datasets/combined_6class_confusion_cleaned/val/Other/trash102.jpg,prepared_datasets/combined_6class_confusion_cleaned/val/Other/trash102.jpg,prepared_datasets/combined_6class_confusion_cleaned/val/Other/trash102.jpg,,,,,,,,
val_Other_trash103,TrashNet,cleaned_image_classification,val,Other,Other,prepared_datasets/combined_6class_confusion_cleaned/val/Other/trash103.jpg,prepared_datasets/combined_6class_confusion_cleaned/val/Other/trash103.jpg,prepared_datasets/combined_6class_confusion_cleaned/val/Other/trash103.jpg,,,,,,,,
val_Other_trash114,TrashNet,cleaned_image_classification,val,Other,Other,prepared_datasets/combined_6class_confusion_cleaned/val/Other/trash114.jpg,prepared_datasets/combined_6class_confusion_cleaned/val/Other/trash114.jpg,prepared_datasets/combined_6class_confusion_cleaned/val/Other/trash114.jpg,,,,,,,,
val_Other_trash116,TrashNet,cleaned_image_classification,val,Other,Other,prepared_datasets/combined_6class_confusion_cleaned/val/Other/trash116.jpg,prepared_datasets/combined_6class_confusion_cleaned/val/Other/trash116.jpg,prepared_datasets/combined_6class_confusion_cleaned/val/Other/trash116.jpg,,,,,,,,
val_Other_trash117,TrashNet,cleaned_image_classification,val,Other,Other,prepared_datasets/combined_6class_confusion_cleaned/val/Other/trash117.jpg,prepared_datasets/combined_6class_confusion_cleaned/val/Other/trash117.jpg,prepared_datasets/combined_6class_confusion_cleaned/val/Other/trash117.jpg,,,,,,,,
val_Other_trash135,TrashNet,cleaned_image_classification,val,Other,Other,prepared_datasets/combined_6class_confusion_cleaned/val/Other/trash135.jpg,prepared_datasets/combined_6class_confusion_cleaned/val/Other/trash135.jpg,prepared_datasets/combined_6class_confusion_cleaned/val/Other/trash135.jpg,,,,,,,,
val_Other_trash136,TrashNet,cleaned_image_classification,val,Other,Other,prepared_datasets/combined_6class_confusion_cleaned/val/Other/trash136.jpg,prepared_datasets/combined_6class_confusion_cleaned/val/Other/trash136.jpg,prepared_datasets/combined_6class_confusion_cleaned/val/Other/trash136.jpg,,,,,,,,
val_Other_trash137,TrashNet,cleaned_image_classification,val,Other,Other,prepared_datasets/combined_6class_confusion_cleaned/val/Other/trash137.jpg,prepared_datasets/combined_6class_confusion_cleaned/val/Other/trash137.jpg,prepared_datasets/combined_6class_confusion_cleaned/val/Other/trash137.jpg,,,,,,,,
val_Other_trash20,TrashNet,cleaned_image_classification,val,Other,Other,prepared_datasets/combined_6class_confusion_cleaned/val/Other/trash20.jpg,prepared_datasets/combined_6class_confusion_cleaned/val/Other/trash20.jpg,prepared_datasets/combined_6class_confusion_cleaned/val/Other/trash20.jpg,,,,,,,,
val_Other_trash28,TrashNet,cleaned_image_classification,val,Other,Other,prepared_datasets/combined_6class_confusion_cleaned/val/Other/trash28.jpg,prepared_datasets/combined_6class_confusion_cleaned/val/Other/trash28.jpg,prepared_datasets/combined_6class_confusion_cleaned/val/Other/trash28.jpg,,,,,,,,
val_Other_trash3,TrashNet,cleaned_image_classification,val,Other,Other,prepared_datasets/combined_6class_confusion_cleaned/val/Other/trash3.jpg,prepared_datasets/combined_6class_confusion_cleaned/val/Other/trash3.jpg,prepared_datasets/combined_6class_confusion_cleaned/val/Other/trash3.jpg,,,,,,,,
val_Other_trash35,TrashNet,cleaned_image_classification,val,Other,Other,prepared_datasets/combined_6class_confusion_cleaned/val/Other/trash35.jpg,prepared_datasets/combined_6class_confusion_cleaned/val/Other/trash35.jpg,prepared_datasets/combined_6class_confusion_cleaned/val/Other/trash35.jpg,,,,,,,,
val_Other_trash46,TrashNet,cleaned_image_classification,val,Other,Other,prepared_datasets/combined_6class_confusion_cleaned/val/Other/trash46.jpg,prepared_datasets/combined_6class_confusion_cleaned/val/Other/trash46.jpg,prepared_datasets/combined_6class_confusion_cleaned/val/Other/trash46.jpg,,,,,,,,
val_Other_trash58,TrashNet,cleaned_image_classification,val,Other,Other,prepared_datasets/combined_6class_confusion_cleaned/val/Other/trash58.jpg,prepared_datasets/combined_6class_confusion_cleaned/val/Other/trash58.jpg,prepared_datasets/combined_6class_confusion_cleaned/val/Other/trash58.jpg,,,,,,,,
val_Other_trash65,TrashNet,cleaned_image_classification,val,Other,Other,prepared_datasets/combined_6class_confusion_cleaned/val/Other/trash65.jpg,prepared_datasets/combined_6class_confusion_cleaned/val/Other/trash65.jpg,prepared_datasets/combined_6class_confusion_cleaned/val/Other/trash65.jpg,,,,,,,,
val_Other_trash68,TrashNet,cleaned_image_classification,val,Other,Other,prepared_datasets/combined_6class_confusion_cleaned/val/Other/trash68.jpg,prepared_datasets/combined_6class_confusion_cleaned/val/Other/trash68.jpg,prepared_datasets/combined_6class_confusion_cleaned/val/Other/trash68.jpg,,,,,,,,
val_Other_trash76,TrashNet,cleaned_image_classification,val,Other,Other,prepared_datasets/combined_6class_confusion_cleaned/val/Other/trash76.jpg,prepared_datasets/combined_6class_confusion_cleaned/val/Other/trash76.jpg,prepared_datasets/combined_6class_confusion_cleaned/val/Other/trash76.jpg,,,,,,,,
val_Other_trash79,TrashNet,cleaned_image_classification,val,Other,Other,prepared_datasets/combined_6class_confusion_cleaned/val/Other/trash79.jpg,prepared_datasets/combined_6class_confusion_cleaned/val/Other/trash79.jpg,prepared_datasets/combined_6class_confusion_cleaned/val/Other/trash79.jpg,,,,,,,,
val_Other_trash81,TrashNet,cleaned_image_classification,val,Other,Other,prepared_datasets/combined_6class_confusion_cleaned/val/Other/trash81.jpg,prepared_datasets/combined_6class_confusion_cleaned/val/Other/trash81.jpg,prepared_datasets/combined_6class_confusion_cleaned/val/Other/trash81.jpg,,,,,,,,
val_Other_trash82,TrashNet,cleaned_image_classification,val,Other,Other,prepared_datasets/combined_6class_confusion_cleaned/val/Other/trash82.jpg,prepared_datasets/combined_6class_confusion_cleaned/val/Other/trash82.jpg,prepared_datasets/combined_6class_confusion_cleaned/val/Other/trash82.jpg,,,,,,,,
val_PaperCardboard_000007_ann1899,TACO,cleaned_image_classification,val,PaperCardboard,PaperCardboard,prepared_datasets/combined_6class_confusion_cleaned/val/PaperCardboard/000007_ann1899.jpg,prepared_datasets/combined_6class_confusion_cleaned/val/PaperCardboard/000007_ann1899.jpg,prepared_datasets/combined_6class_confusion_cleaned/val/PaperCardboard/000007_ann1899.jpg,,,,,,,,
val_PaperCardboard_000010_ann715,TACO,cleaned_image_classification,val,PaperCardboard,PaperCardboard,prepared_datasets/combined_6class_confusion_cleaned/val/PaperCardboard/000010_ann715.jpg,prepared_datasets/combined_6class_confusion_cleaned/val/PaperCardboard/000010_ann715.jpg,prepared_datasets/combined_6class_confusion_cleaned/val/PaperCardboard/000010_ann715.jpg,,,,,,,,
val_PaperCardboard_000011_ann719,TACO,cleaned_image_classification,val,PaperCardboard,PaperCardboard,prepared_datasets/combined_6class_confusion_cleaned/val/PaperCardboard/000011_ann719.jpg,prepared_datasets/combined_6class_confusion_cleaned/val/PaperCardboard/000011_ann719.jpg,prepared_datasets/combined_6class_confusion_cleaned/val/PaperCardboard/000011_ann719.jpg,,,,,,,,
val_PaperCardboard_000020_ann1729,TACO,cleaned_image_classification,val,PaperCardboard,PaperCardboard,prepared_datasets/combined_6class_confusion_cleaned/val/PaperCardboard/000020_ann1729.jpg,prepared_datasets/combined_6class_confusion_cleaned/val/PaperCardboard/000020_ann1729.jpg,prepared_datasets/combined_6class_confusion_cleaned/val/PaperCardboard/000020_ann1729.jpg,,,,,,,,
val_PaperCardboard_000030_ann2366,TACO,cleaned_image_classification,val,PaperCardboard,PaperCardboard,prepared_datasets/combined_6class_confusion_cleaned/val/PaperCardboard/000030_ann2366.jpg,prepared_datasets/combined_6class_confusion_cleaned/val/PaperCardboard/000030_ann2366.jpg,prepared_datasets/combined_6class_confusion_cleaned/val/PaperCardboard/000030_ann2366.jpg,,,,,,,,
val_PaperCardboard_000040_ann783,TACO,cleaned_image_classification,val,PaperCardboard,PaperCardboard,prepared_datasets/combined_6class_confusion_cleaned/val/PaperCardboard/000040_ann783.jpg,prepared_datasets/combined_6class_confusion_cleaned/val/PaperCardboard/000040_ann783.jpg,prepared_datasets/combined_6class_confusion_cleaned/val/PaperCardboard/000040_ann783.jpg,,,,,,,,
val_PaperCardboard_000063_ann2972,TACO,cleaned_image_classification,val,PaperCardboard,PaperCardboard,prepared_datasets/combined_6class_confusion_cleaned/val/PaperCardboard/000063_ann2972.jpg,prepared_datasets/combined_6class_confusion_cleaned/val/PaperCardboard/000063_ann2972.jpg,prepared_datasets/combined_6class_confusion_cleaned/val/PaperCardboard/000063_ann2972.jpg,,,,,,,,
val_PaperCardboard_000067_ann132,TACO,cleaned_image_classification,val,PaperCardboard,PaperCardboard,prepared_datasets/combined_6class_confusion_cleaned/val/PaperCardboard/000067_ann132.jpg,prepared_datasets/combined_6class_confusion_cleaned/val/PaperCardboard/000067_ann132.jpg,prepared_datasets/combined_6class_confusion_cleaned/val/PaperCardboard/000067_ann132.jpg,,,,,,,,
val_PaperCardboard_000083_ann2359,TACO,cleaned_image_classification,val,PaperCardboard,PaperCardboard,prepared_datasets/combined_6class_confusion_cleaned/val/PaperCardboard/000083_ann2359.jpg,prepared_datasets/combined_6class_confusion_cleaned/val/PaperCardboard/000083_ann2359.jpg,prepared_datasets/combined_6class_confusion_cleaned/val/PaperCardboard/000083_ann2359.jpg,,,,,,,,
val_PaperCardboard_000102_ann201,TACO,cleaned_image_classification,val,PaperCardboard,PaperCardboard,prepared_datasets/combined_6class_confusion_cleaned/val/PaperCardboard/000102_ann201.jpg,prepared_datasets/combined_6class_confusion_cleaned/val/PaperCardboard/000102_ann201.jpg,prepared_datasets/combined_6class_confusion_cleaned/val/PaperCardboard/000102_ann201.jpg,,,,,,,,
val_PaperCardboard_cardboard116,TrashNet,cleaned_image_classification,val,PaperCardboard,PaperCardboard,prepared_datasets/combined_6class_confusion_cleaned/val/PaperCardboard/cardboard116.jpg,prepared_datasets/combined_6class_confusion_cleaned/val/PaperCardboard/cardboard116.jpg,prepared_datasets/combined_6class_confusion_cleaned/val/PaperCardboard/cardboard116.jpg,,,,,,,,
val_PaperCardboard_cardboard133,TrashNet,cleaned_image_classification,val,PaperCardboard,PaperCardboard,prepared_datasets/combined_6class_confusion_cleaned/val/PaperCardboard/cardboard133.jpg,prepared_datasets/combined_6class_confusion_cleaned/val/PaperCardboard/cardboard133.jpg,prepared_datasets/combined_6class_confusion_cleaned/val/PaperCardboard/cardboard133.jpg,,,,,,,,
val_PaperCardboard_cardboard139,TrashNet,cleaned_image_classification,val,PaperCardboard,PaperCardboard,prepared_datasets/combined_6class_confusion_cleaned/val/PaperCardboard/cardboard139.jpg,prepared_datasets/combined_6class_confusion_cleaned/val/PaperCardboard/cardboard139.jpg,prepared_datasets/combined_6class_confusion_cleaned/val/PaperCardboard/cardboard139.jpg,,,,,,,,
val_PaperCardboard_cardboard141,TrashNet,cleaned_image_classification,val,PaperCardboard,PaperCardboard,prepared_datasets/combined_6class_confusion_cleaned/val/PaperCardboard/cardboard141.jpg,prepared_datasets/combined_6class_confusion_cleaned/val/PaperCardboard/cardboard141.jpg,prepared_datasets/combined_6class_confusion_cleaned/val/PaperCardboard/cardboard141.jpg,,,,,,,,
val_PaperCardboard_cardboard146,TrashNet,cleaned_image_classification,val,PaperCardboard,PaperCardboard,prepared_datasets/combined_6class_confusion_cleaned/val/PaperCardboard/cardboard146.jpg,prepared_datasets/combined_6class_confusion_cleaned/val/PaperCardboard/cardboard146.jpg,prepared_datasets/combined_6class_confusion_cleaned/val/PaperCardboard/cardboard146.jpg,,,,,,,,
val_PaperCardboard_cardboard148,TrashNet,cleaned_image_classification,val,PaperCardboard,PaperCardboard,prepared_datasets/combined_6class_confusion_cleaned/val/PaperCardboard/cardboard148.jpg,prepared_datasets/combined_6class_confusion_cleaned/val/PaperCardboard/cardboard148.jpg,prepared_datasets/combined_6class_confusion_cleaned/val/PaperCardboard/cardboard148.jpg,,,,,,,,
val_PaperCardboard_cardboard163,TrashNet,cleaned_image_classification,val,PaperCardboard,PaperCardboard,prepared_datasets/combined_6class_confusion_cleaned/val/PaperCardboard/cardboard163.jpg,prepared_datasets/combined_6class_confusion_cleaned/val/PaperCardboard/cardboard163.jpg,prepared_datasets/combined_6class_confusion_cleaned/val/PaperCardboard/cardboard163.jpg,,,,,,,,
val_PaperCardboard_cardboard168,TrashNet,cleaned_image_classification,val,PaperCardboard,PaperCardboard,prepared_datasets/combined_6class_confusion_cleaned/val/PaperCardboard/cardboard168.jpg,prepared_datasets/combined_6class_confusion_cleaned/val/PaperCardboard/cardboard168.jpg,prepared_datasets/combined_6class_confusion_cleaned/val/PaperCardboard/cardboard168.jpg,,,,,,,,
val_PaperCardboard_cardboard172,TrashNet,cleaned_image_classification,val,PaperCardboard,PaperCardboard,prepared_datasets/combined_6class_confusion_cleaned/val/PaperCardboard/cardboard172.jpg,prepared_datasets/combined_6class_confusion_cleaned/val/PaperCardboard/cardboard172.jpg,prepared_datasets/combined_6class_confusion_cleaned/val/PaperCardboard/cardboard172.jpg,,,,,,,,
val_PaperCardboard_cardboard176,TrashNet,cleaned_image_classification,val,PaperCardboard,PaperCardboard,prepared_datasets/combined_6class_confusion_cleaned/val/PaperCardboard/cardboard176.jpg,prepared_datasets/combined_6class_confusion_cleaned/val/PaperCardboard/cardboard176.jpg,prepared_datasets/combined_6class_confusion_cleaned/val/PaperCardboard/cardboard176.jpg,,,,,,,,
val_PaperCardboard_cardboard193,TrashNet,cleaned_image_classification,val,PaperCardboard,PaperCardboard,prepared_datasets/combined_6class_confusion_cleaned/val/PaperCardboard/cardboard193.jpg,prepared_datasets/combined_6class_confusion_cleaned/val/PaperCardboard/cardboard193.jpg,prepared_datasets/combined_6class_confusion_cleaned/val/PaperCardboard/cardboard193.jpg,,,,,,,,
val_PaperCardboard_cardboard195,TrashNet,cleaned_image_classification,val,PaperCardboard,PaperCardboard,prepared_datasets/combined_6class_confusion_cleaned/val/PaperCardboard/cardboard195.jpg,prepared_datasets/combined_6class_confusion_cleaned/val/PaperCardboard/cardboard195.jpg,prepared_datasets/combined_6class_confusion_cleaned/val/PaperCardboard/cardboard195.jpg,,,,,,,,
val_PaperCardboard_cardboard202,TrashNet,cleaned_image_classification,val,PaperCardboard,PaperCardboard,prepared_datasets/combined_6class_confusion_cleaned/val/PaperCardboard/cardboard202.jpg,prepared_datasets/combined_6class_confusion_cleaned/val/PaperCardboard/cardboard202.jpg,prepared_datasets/combined_6class_confusion_cleaned/val/PaperCardboard/cardboard202.jpg,,,,,,,,
val_PaperCardboard_cardboard207,TrashNet,cleaned_image_classification,val,PaperCardboard,PaperCardboard,prepared_datasets/combined_6class_confusion_cleaned/val/PaperCardboard/cardboard207.jpg,prepared_datasets/combined_6class_confusion_cleaned/val/PaperCardboard/cardboard207.jpg,prepared_datasets/combined_6class_confusion_cleaned/val/PaperCardboard/cardboard207.jpg,,,,,,,,
val_PaperCardboard_cardboard212,TrashNet,cleaned_image_classification,val,PaperCardboard,PaperCardboard,prepared_datasets/combined_6class_confusion_cleaned/val/PaperCardboard/cardboard212.jpg,prepared_datasets/combined_6class_confusion_cleaned/val/PaperCardboard/cardboard212.jpg,prepared_datasets/combined_6class_confusion_cleaned/val/PaperCardboard/cardboard212.jpg,,,,,,,,
val_PaperCardboard_cardboard214,TrashNet,cleaned_image_classification,val,PaperCardboard,PaperCardboard,prepared_datasets/combined_6class_confusion_cleaned/val/PaperCardboard/cardboard214.jpg,prepared_datasets/combined_6class_confusion_cleaned/val/PaperCardboard/cardboard214.jpg,prepared_datasets/combined_6class_confusion_cleaned/val/PaperCardboard/cardboard214.jpg,,,,,,,,
val_PaperCardboard_cardboard218,TrashNet,cleaned_image_classification,val,PaperCardboard,PaperCardboard,prepared_datasets/combined_6class_confusion_cleaned/val/PaperCardboard/cardboard218.jpg,prepared_datasets/combined_6class_confusion_cleaned/val/PaperCardboard/cardboard218.jpg,prepared_datasets/combined_6class_confusion_cleaned/val/PaperCardboard/cardboard218.jpg,,,,,,,,
val_PaperCardboard_cardboard224,TrashNet,cleaned_image_classification,val,PaperCardboard,PaperCardboard,prepared_datasets/combined_6class_confusion_cleaned/val/PaperCardboard/cardboard224.jpg,prepared_datasets/combined_6class_confusion_cleaned/val/PaperCardboard/cardboard224.jpg,prepared_datasets/combined_6class_confusion_cleaned/val/PaperCardboard/cardboard224.jpg,,,,,,,,
val_PaperCardboard_cardboard23,TrashNet,cleaned_image_classification,val,PaperCardboard,PaperCardboard,prepared_datasets/combined_6class_confusion_cleaned/val/PaperCardboard/cardboard23.jpg,prepared_datasets/combined_6class_confusion_cleaned/val/PaperCardboard/cardboard23.jpg,prepared_datasets/combined_6class_confusion_cleaned/val/PaperCardboard/cardboard23.jpg,,,,,,,,
val_PaperCardboard_cardboard247,TrashNet,cleaned_image_classification,val,PaperCardboard,PaperCardboard,prepared_datasets/combined_6class_confusion_cleaned/val/PaperCardboard/cardboard247.jpg,prepared_datasets/combined_6class_confusion_cleaned/val/PaperCardboard/cardboard247.jpg,prepared_datasets/combined_6class_confusion_cleaned/val/PaperCardboard/cardboard247.jpg,,,,,,,,
val_PaperCardboard_cardboard249,TrashNet,cleaned_image_classification,val,PaperCardboard,PaperCardboard,prepared_datasets/combined_6class_confusion_cleaned/val/PaperCardboard/cardboard249.jpg,prepared_datasets/combined_6class_confusion_cleaned/val/PaperCardboard/cardboard249.jpg,prepared_datasets/combined_6class_confusion_cleaned/val/PaperCardboard/cardboard249.jpg,,,,,,,,
val_PaperCardboard_cardboard250,TrashNet,cleaned_image_classification,val,PaperCardboard,PaperCardboard,prepared_datasets/combined_6class_confusion_cleaned/val/PaperCardboard/cardboard250.jpg,prepared_datasets/combined_6class_confusion_cleaned/val/PaperCardboard/cardboard250.jpg,prepared_datasets/combined_6class_confusion_cleaned/val/PaperCardboard/cardboard250.jpg,,,,,,,,
val_PaperCardboard_cardboard252,TrashNet,cleaned_image_classification,val,PaperCardboard,PaperCardboard,prepared_datasets/combined_6class_confusion_cleaned/val/PaperCardboard/cardboard252.jpg,prepared_datasets/combined_6class_confusion_cleaned/val/PaperCardboard/cardboard252.jpg,prepared_datasets/combined_6class_confusion_cleaned/val/PaperCardboard/cardboard252.jpg,,,,,,,,
val_PaperCardboard_cardboard292,TrashNet,cleaned_image_classification,val,PaperCardboard,PaperCardboard,prepared_datasets/combined_6class_confusion_cleaned/val/PaperCardboard/cardboard292.jpg,prepared_datasets/combined_6class_confusion_cleaned/val/PaperCardboard/cardboard292.jpg,prepared_datasets/combined_6class_confusion_cleaned/val/PaperCardboard/cardboard292.jpg,,,,,,,,
val_PaperCardboard_cardboard30,TrashNet,cleaned_image_classification,val,PaperCardboard,PaperCardboard,prepared_datasets/combined_6class_confusion_cleaned/val/PaperCardboard/cardboard30.jpg,prepared_datasets/combined_6class_confusion_cleaned/val/PaperCardboard/cardboard30.jpg,prepared_datasets/combined_6class_confusion_cleaned/val/PaperCardboard/cardboard30.jpg,,,,,,,,
val_PaperCardboard_cardboard308,TrashNet,cleaned_image_classification,val,PaperCardboard,PaperCardboard,prepared_datasets/combined_6class_confusion_cleaned/val/PaperCardboard/cardboard308.jpg,prepared_datasets/combined_6class_confusion_cleaned/val/PaperCardboard/cardboard308.jpg,prepared_datasets/combined_6class_confusion_cleaned/val/PaperCardboard/cardboard308.jpg,,,,,,,,
val_PaperCardboard_cardboard32,TrashNet,cleaned_image_classification,val,PaperCardboard,PaperCardboard,prepared_datasets/combined_6class_confusion_cleaned/val/PaperCardboard/cardboard32.jpg,prepared_datasets/combined_6class_confusion_cleaned/val/PaperCardboard/cardboard32.jpg,prepared_datasets/combined_6class_confusion_cleaned/val/PaperCardboard/cardboard32.jpg,,,,,,,,
val_PaperCardboard_cardboard329,TrashNet,cleaned_image_classification,val,PaperCardboard,PaperCardboard,prepared_datasets/combined_6class_confusion_cleaned/val/PaperCardboard/cardboard329.jpg,prepared_datasets/combined_6class_confusion_cleaned/val/PaperCardboard/cardboard329.jpg,prepared_datasets/combined_6class_confusion_cleaned/val/PaperCardboard/cardboard329.jpg,,,,,,,,
val_PaperCardboard_cardboard333,TrashNet,cleaned_image_classification,val,PaperCardboard,PaperCardboard,prepared_datasets/combined_6class_confusion_cleaned/val/PaperCardboard/cardboard333.jpg,prepared_datasets/combined_6class_confusion_cleaned/val/PaperCardboard/cardboard333.jpg,prepared_datasets/combined_6class_confusion_cleaned/val/PaperCardboard/cardboard333.jpg,,,,,,,,
val_PaperCardboard_cardboard336,TrashNet,cleaned_image_classification,val,PaperCardboard,PaperCardboard,prepared_datasets/combined_6class_confusion_cleaned/val/PaperCardboard/cardboard336.jpg,prepared_datasets/combined_6class_confusion_cleaned/val/PaperCardboard/cardboard336.jpg,prepared_datasets/combined_6class_confusion_cleaned/val/PaperCardboard/cardboard336.jpg,,,,,,,,
val_PaperCardboard_cardboard341,TrashNet,cleaned_image_classification,val,PaperCardboard,PaperCardboard,prepared_datasets/combined_6class_confusion_cleaned/val/PaperCardboard/cardboard341.jpg,prepared_datasets/combined_6class_confusion_cleaned/val/PaperCardboard/cardboard341.jpg,prepared_datasets/combined_6class_confusion_cleaned/val/PaperCardboard/cardboard341.jpg,,,,,,,,
val_PaperCardboard_cardboard368,TrashNet,cleaned_image_classification,val,PaperCardboard,PaperCardboard,prepared_datasets/combined_6class_confusion_cleaned/val/PaperCardboard/cardboard368.jpg,prepared_datasets/combined_6class_confusion_cleaned/val/PaperCardboard/cardboard368.jpg,prepared_datasets/combined_6class_confusion_cleaned/val/PaperCardboard/cardboard368.jpg,,,,,,,,
val_PaperCardboard_cardboard369,TrashNet,cleaned_image_classification,val,PaperCardboard,PaperCardboard,prepared_datasets/combined_6class_confusion_cleaned/val/PaperCardboard/cardboard369.jpg,prepared_datasets/combined_6class_confusion_cleaned/val/PaperCardboard/cardboard369.jpg,prepared_datasets/combined_6class_confusion_cleaned/val/PaperCardboard/cardboard369.jpg,,,,,,,,
val_PaperCardboard_cardboard37,TrashNet,cleaned_image_classification,val,PaperCardboard,PaperCardboard,prepared_datasets/combined_6class_confusion_cleaned/val/PaperCardboard/cardboard37.jpg,prepared_datasets/combined_6class_confusion_cleaned/val/PaperCardboard/cardboard37.jpg,prepared_datasets/combined_6class_confusion_cleaned/val/PaperCardboard/cardboard37.jpg,,,,,,,,
val_PaperCardboard_cardboard372,TrashNet,cleaned_image_classification,val,PaperCardboard,PaperCardboard,prepared_datasets/combined_6class_confusion_cleaned/val/PaperCardboard/cardboard372.jpg,prepared_datasets/combined_6class_confusion_cleaned/val/PaperCardboard/cardboard372.jpg,prepared_datasets/combined_6class_confusion_cleaned/val/PaperCardboard/cardboard372.jpg,,,,,,,,
val_PaperCardboard_cardboard388,TrashNet,cleaned_image_classification,val,PaperCardboard,PaperCardboard,prepared_datasets/combined_6class_confusion_cleaned/val/PaperCardboard/cardboard388.jpg,prepared_datasets/combined_6class_confusion_cleaned/val/PaperCardboard/cardboard388.jpg,prepared_datasets/combined_6class_confusion_cleaned/val/PaperCardboard/cardboard388.jpg,,,,,,,,
val_PaperCardboard_cardboard390,TrashNet,cleaned_image_classification,val,PaperCardboard,PaperCardboard,prepared_datasets/combined_6class_confusion_cleaned/val/PaperCardboard/cardboard390.jpg,prepared_datasets/combined_6class_confusion_cleaned/val/PaperCardboard/cardboard390.jpg,prepared_datasets/combined_6class_confusion_cleaned/val/PaperCardboard/cardboard390.jpg,,,,,,,,
val_PaperCardboard_cardboard392,TrashNet,cleaned_image_classification,val,PaperCardboard,PaperCardboard,prepared_datasets/combined_6class_confusion_cleaned/val/PaperCardboard/cardboard392.jpg,prepared_datasets/combined_6class_confusion_cleaned/val/PaperCardboard/cardboard392.jpg,prepared_datasets/combined_6class_confusion_cleaned/val/PaperCardboard/cardboard392.jpg,,,,,,,,
val_PaperCardboard_cardboard396,TrashNet,cleaned_image_classification,val,PaperCardboard,PaperCardboard,prepared_datasets/combined_6class_confusion_cleaned/val/PaperCardboard/cardboard396.jpg,prepared_datasets/combined_6class_confusion_cleaned/val/PaperCardboard/cardboard396.jpg,prepared_datasets/combined_6class_confusion_cleaned/val/PaperCardboard/cardboard396.jpg,,,,,,,,
val_PaperCardboard_cardboard402,TrashNet,cleaned_image_classification,val,PaperCardboard,PaperCardboard,prepared_datasets/combined_6class_confusion_cleaned/val/PaperCardboard/cardboard402.jpg,prepared_datasets/combined_6class_confusion_cleaned/val/PaperCardboard/cardboard402.jpg,prepared_datasets/combined_6class_confusion_cleaned/val/PaperCardboard/cardboard402.jpg,,,,,,,,
val_PaperCardboard_cardboard63,TrashNet,cleaned_image_classification,val,PaperCardboard,PaperCardboard,prepared_datasets/combined_6class_confusion_cleaned/val/PaperCardboard/cardboard63.jpg,prepared_datasets/combined_6class_confusion_cleaned/val/PaperCardboard/cardboard63.jpg,prepared_datasets/combined_6class_confusion_cleaned/val/PaperCardboard/cardboard63.jpg,,,,,,,,
val_PaperCardboard_cardboard76,TrashNet,cleaned_image_classification,val,PaperCardboard,PaperCardboard,prepared_datasets/combined_6class_confusion_cleaned/val/PaperCardboard/cardboard76.jpg,prepared_datasets/combined_6class_confusion_cleaned/val/PaperCardboard/cardboard76.jpg,prepared_datasets/combined_6class_confusion_cleaned/val/PaperCardboard/cardboard76.jpg,,,,,,,,
val_PaperCardboard_cardboard77,TrashNet,cleaned_image_classification,val,PaperCardboard,PaperCardboard,prepared_datasets/combined_6class_confusion_cleaned/val/PaperCardboard/cardboard77.jpg,prepared_datasets/combined_6class_confusion_cleaned/val/PaperCardboard/cardboard77.jpg,prepared_datasets/combined_6class_confusion_cleaned/val/PaperCardboard/cardboard77.jpg,,,,,,,,
val_PaperCardboard_cardboard78,TrashNet,cleaned_image_classification,val,PaperCardboard,PaperCardboard,prepared_datasets/combined_6class_confusion_cleaned/val/PaperCardboard/cardboard78.jpg,prepared_datasets/combined_6class_confusion_cleaned/val/PaperCardboard/cardboard78.jpg,prepared_datasets/combined_6class_confusion_cleaned/val/PaperCardboard/cardboard78.jpg,,,,,,,,
val_PaperCardboard_cardboard90,TrashNet,cleaned_image_classification,val,PaperCardboard,PaperCardboard,prepared_datasets/combined_6class_confusion_cleaned/val/PaperCardboard/cardboard90.jpg,prepared_datasets/combined_6class_confusion_cleaned/val/PaperCardboard/cardboard90.jpg,prepared_datasets/combined_6class_confusion_cleaned/val/PaperCardboard/cardboard90.jpg,,,,,,,,
val_PaperCardboard_cardboard96,TrashNet,cleaned_image_classification,val,PaperCardboard,PaperCardboard,prepared_datasets/combined_6class_confusion_cleaned/val/PaperCardboard/cardboard96.jpg,prepared_datasets/combined_6class_confusion_cleaned/val/PaperCardboard/cardboard96.jpg,prepared_datasets/combined_6class_confusion_cleaned/val/PaperCardboard/cardboard96.jpg,,,,,,,,
val_PaperCardboard_IMG_4934_ann2627,TACO,cleaned_image_classification,val,PaperCardboard,PaperCardboard,prepared_datasets/combined_6class_confusion_cleaned/val/PaperCardboard/IMG_4934_ann2627.jpg,prepared_datasets/combined_6class_confusion_cleaned/val/PaperCardboard/IMG_4934_ann2627.jpg,prepared_datasets/combined_6class_confusion_cleaned/val/PaperCardboard/IMG_4934_ann2627.jpg,,,,,,,,
val_PaperCardboard_IMG_5063_ann2708,TACO,cleaned_image_classification,val,PaperCardboard,PaperCardboard,prepared_datasets/combined_6class_confusion_cleaned/val/PaperCardboard/IMG_5063_ann2708.jpg,prepared_datasets/combined_6class_confusion_cleaned/val/PaperCardboard/IMG_5063_ann2708.jpg,prepared_datasets/combined_6class_confusion_cleaned/val/PaperCardboard/IMG_5063_ann2708.jpg,,,,,,,,
val_PaperCardboard_IMG_5067_ann2715,TACO,cleaned_image_classification,val,PaperCardboard,PaperCardboard,prepared_datasets/combined_6class_confusion_cleaned/val/PaperCardboard/IMG_5067_ann2715.jpg,prepared_datasets/combined_6class_confusion_cleaned/val/PaperCardboard/IMG_5067_ann2715.jpg,prepared_datasets/combined_6class_confusion_cleaned/val/PaperCardboard/IMG_5067_ann2715.jpg,,,,,,,,
val_PaperCardboard_paper100,TrashNet,cleaned_image_classification,val,PaperCardboard,PaperCardboard,prepared_datasets/combined_6class_confusion_cleaned/val/PaperCardboard/paper100.jpg,prepared_datasets/combined_6class_confusion_cleaned/val/PaperCardboard/paper100.jpg,prepared_datasets/combined_6class_confusion_cleaned/val/PaperCardboard/paper100.jpg,,,,,,,,
val_PaperCardboard_paper111,TrashNet,cleaned_image_classification,val,PaperCardboard,PaperCardboard,prepared_datasets/combined_6class_confusion_cleaned/val/PaperCardboard/paper111.jpg,prepared_datasets/combined_6class_confusion_cleaned/val/PaperCardboard/paper111.jpg,prepared_datasets/combined_6class_confusion_cleaned/val/PaperCardboard/paper111.jpg,,,,,,,,
val_PaperCardboard_paper112,TrashNet,cleaned_image_classification,val,PaperCardboard,PaperCardboard,prepared_datasets/combined_6class_confusion_cleaned/val/PaperCardboard/paper112.jpg,prepared_datasets/combined_6class_confusion_cleaned/val/PaperCardboard/paper112.jpg,prepared_datasets/combined_6class_confusion_cleaned/val/PaperCardboard/paper112.jpg,,,,,,,,
val_PaperCardboard_paper131,TrashNet,cleaned_image_classification,val,PaperCardboard,PaperCardboard,prepared_datasets/combined_6class_confusion_cleaned/val/PaperCardboard/paper131.jpg,prepared_datasets/combined_6class_confusion_cleaned/val/PaperCardboard/paper131.jpg,prepared_datasets/combined_6class_confusion_cleaned/val/PaperCardboard/paper131.jpg,,,,,,,,
val_PaperCardboard_paper139,TrashNet,cleaned_image_classification,val,PaperCardboard,PaperCardboard,prepared_datasets/combined_6class_confusion_cleaned/val/PaperCardboard/paper139.jpg,prepared_datasets/combined_6class_confusion_cleaned/val/PaperCardboard/paper139.jpg,prepared_datasets/combined_6class_confusion_cleaned/val/PaperCardboard/paper139.jpg,,,,,,,,
val_PaperCardboard_paper141,TrashNet,cleaned_image_classification,val,PaperCardboard,PaperCardboard,prepared_datasets/combined_6class_confusion_cleaned/val/PaperCardboard/paper141.jpg,prepared_datasets/combined_6class_confusion_cleaned/val/PaperCardboard/paper141.jpg,prepared_datasets/combined_6class_confusion_cleaned/val/PaperCardboard/paper141.jpg,,,,,,,,
val_PaperCardboard_paper150,TrashNet,cleaned_image_classification,val,PaperCardboard,PaperCardboard,prepared_datasets/combined_6class_confusion_cleaned/val/PaperCardboard/paper150.jpg,prepared_datasets/combined_6class_confusion_cleaned/val/PaperCardboard/paper150.jpg,prepared_datasets/combined_6class_confusion_cleaned/val/PaperCardboard/paper150.jpg,,,,,,,,
val_PaperCardboard_paper163,TrashNet,cleaned_image_classification,val,PaperCardboard,PaperCardboard,prepared_datasets/combined_6class_confusion_cleaned/val/PaperCardboard/paper163.jpg,prepared_datasets/combined_6class_confusion_cleaned/val/PaperCardboard/paper163.jpg,prepared_datasets/combined_6class_confusion_cleaned/val/PaperCardboard/paper163.jpg,,,,,,,,
val_PaperCardboard_paper171,TrashNet,cleaned_image_classification,val,PaperCardboard,PaperCardboard,prepared_datasets/combined_6class_confusion_cleaned/val/PaperCardboard/paper171.jpg,prepared_datasets/combined_6class_confusion_cleaned/val/PaperCardboard/paper171.jpg,prepared_datasets/combined_6class_confusion_cleaned/val/PaperCardboard/paper171.jpg,,,,,,,,
val_PaperCardboard_paper182,TrashNet,cleaned_image_classification,val,PaperCardboard,PaperCardboard,prepared_datasets/combined_6class_confusion_cleaned/val/PaperCardboard/paper182.jpg,prepared_datasets/combined_6class_confusion_cleaned/val/PaperCardboard/paper182.jpg,prepared_datasets/combined_6class_confusion_cleaned/val/PaperCardboard/paper182.jpg,,,,,,,,
val_PaperCardboard_paper185,TrashNet,cleaned_image_classification,val,PaperCardboard,PaperCardboard,prepared_datasets/combined_6class_confusion_cleaned/val/PaperCardboard/paper185.jpg,prepared_datasets/combined_6class_confusion_cleaned/val/PaperCardboard/paper185.jpg,prepared_datasets/combined_6class_confusion_cleaned/val/PaperCardboard/paper185.jpg,,,,,,,,
val_PaperCardboard_paper19,TrashNet,cleaned_image_classification,val,PaperCardboard,PaperCardboard,prepared_datasets/combined_6class_confusion_cleaned/val/PaperCardboard/paper19.jpg,prepared_datasets/combined_6class_confusion_cleaned/val/PaperCardboard/paper19.jpg,prepared_datasets/combined_6class_confusion_cleaned/val/PaperCardboard/paper19.jpg,,,,,,,,
val_PaperCardboard_paper191,TrashNet,cleaned_image_classification,val,PaperCardboard,PaperCardboard,prepared_datasets/combined_6class_confusion_cleaned/val/PaperCardboard/paper191.jpg,prepared_datasets/combined_6class_confusion_cleaned/val/PaperCardboard/paper191.jpg,prepared_datasets/combined_6class_confusion_cleaned/val/PaperCardboard/paper191.jpg,,,,,,,,
val_PaperCardboard_paper203,TrashNet,cleaned_image_classification,val,PaperCardboard,PaperCardboard,prepared_datasets/combined_6class_confusion_cleaned/val/PaperCardboard/paper203.jpg,prepared_datasets/combined_6class_confusion_cleaned/val/PaperCardboard/paper203.jpg,prepared_datasets/combined_6class_confusion_cleaned/val/PaperCardboard/paper203.jpg,,,,,,,,
val_PaperCardboard_paper207,TrashNet,cleaned_image_classification,val,PaperCardboard,PaperCardboard,prepared_datasets/combined_6class_confusion_cleaned/val/PaperCardboard/paper207.jpg,prepared_datasets/combined_6class_confusion_cleaned/val/PaperCardboard/paper207.jpg,prepared_datasets/combined_6class_confusion_cleaned/val/PaperCardboard/paper207.jpg,,,,,,,,
val_PaperCardboard_paper215,TrashNet,cleaned_image_classification,val,PaperCardboard,PaperCardboard,prepared_datasets/combined_6class_confusion_cleaned/val/PaperCardboard/paper215.jpg,prepared_datasets/combined_6class_confusion_cleaned/val/PaperCardboard/paper215.jpg,prepared_datasets/combined_6class_confusion_cleaned/val/PaperCardboard/paper215.jpg,,,,,,,,
val_PaperCardboard_paper224,TrashNet,cleaned_image_classification,val,PaperCardboard,PaperCardboard,prepared_datasets/combined_6class_confusion_cleaned/val/PaperCardboard/paper224.jpg,prepared_datasets/combined_6class_confusion_cleaned/val/PaperCardboard/paper224.jpg,prepared_datasets/combined_6class_confusion_cleaned/val/PaperCardboard/paper224.jpg,,,,,,,,
val_PaperCardboard_paper231,TrashNet,cleaned_image_classification,val,PaperCardboard,PaperCardboard,prepared_datasets/combined_6class_confusion_cleaned/val/PaperCardboard/paper231.jpg,prepared_datasets/combined_6class_confusion_cleaned/val/PaperCardboard/paper231.jpg,prepared_datasets/combined_6class_confusion_cleaned/val/PaperCardboard/paper231.jpg,,,,,,,,
val_PaperCardboard_paper232,TrashNet,cleaned_image_classification,val,PaperCardboard,PaperCardboard,prepared_datasets/combined_6class_confusion_cleaned/val/PaperCardboard/paper232.jpg,prepared_datasets/combined_6class_confusion_cleaned/val/PaperCardboard/paper232.jpg,prepared_datasets/combined_6class_confusion_cleaned/val/PaperCardboard/paper232.jpg,,,,,,,,
val_PaperCardboard_paper233,TrashNet,cleaned_image_classification,val,PaperCardboard,PaperCardboard,prepared_datasets/combined_6class_confusion_cleaned/val/PaperCardboard/paper233.jpg,prepared_datasets/combined_6class_confusion_cleaned/val/PaperCardboard/paper233.jpg,prepared_datasets/combined_6class_confusion_cleaned/val/PaperCardboard/paper233.jpg,,,,,,,,
val_PaperCardboard_paper239,TrashNet,cleaned_image_classification,val,PaperCardboard,PaperCardboard,prepared_datasets/combined_6class_confusion_cleaned/val/PaperCardboard/paper239.jpg,prepared_datasets/combined_6class_confusion_cleaned/val/PaperCardboard/paper239.jpg,prepared_datasets/combined_6class_confusion_cleaned/val/PaperCardboard/paper239.jpg,,,,,,,,
val_PaperCardboard_paper240,TrashNet,cleaned_image_classification,val,PaperCardboard,PaperCardboard,prepared_datasets/combined_6class_confusion_cleaned/val/PaperCardboard/paper240.jpg,prepared_datasets/combined_6class_confusion_cleaned/val/PaperCardboard/paper240.jpg,prepared_datasets/combined_6class_confusion_cleaned/val/PaperCardboard/paper240.jpg,,,,,,,,
val_PaperCardboard_paper241,TrashNet,cleaned_image_classification,val,PaperCardboard,PaperCardboard,prepared_datasets/combined_6class_confusion_cleaned/val/PaperCardboard/paper241.jpg,prepared_datasets/combined_6class_confusion_cleaned/val/PaperCardboard/paper241.jpg,prepared_datasets/combined_6class_confusion_cleaned/val/PaperCardboard/paper241.jpg,,,,,,,,
val_PaperCardboard_paper245,TrashNet,cleaned_image_classification,val,PaperCardboard,PaperCardboard,prepared_datasets/combined_6class_confusion_cleaned/val/PaperCardboard/paper245.jpg,prepared_datasets/combined_6class_confusion_cleaned/val/PaperCardboard/paper245.jpg,prepared_datasets/combined_6class_confusion_cleaned/val/PaperCardboard/paper245.jpg,,,,,,,,
val_PaperCardboard_paper252,TrashNet,cleaned_image_classification,val,PaperCardboard,PaperCardboard,prepared_datasets/combined_6class_confusion_cleaned/val/PaperCardboard/paper252.jpg,prepared_datasets/combined_6class_confusion_cleaned/val/PaperCardboard/paper252.jpg,prepared_datasets/combined_6class_confusion_cleaned/val/PaperCardboard/paper252.jpg,,,,,,,,
val_PaperCardboard_paper265,TrashNet,cleaned_image_classification,val,PaperCardboard,PaperCardboard,prepared_datasets/combined_6class_confusion_cleaned/val/PaperCardboard/paper265.jpg,prepared_datasets/combined_6class_confusion_cleaned/val/PaperCardboard/paper265.jpg,prepared_datasets/combined_6class_confusion_cleaned/val/PaperCardboard/paper265.jpg,,,,,,,,
val_PaperCardboard_paper273,TrashNet,cleaned_image_classification,val,PaperCardboard,PaperCardboard,prepared_datasets/combined_6class_confusion_cleaned/val/PaperCardboard/paper273.jpg,prepared_datasets/combined_6class_confusion_cleaned/val/PaperCardboard/paper273.jpg,prepared_datasets/combined_6class_confusion_cleaned/val/PaperCardboard/paper273.jpg,,,,,,,,
val_PaperCardboard_paper275,TrashNet,cleaned_image_classification,val,PaperCardboard,PaperCardboard,prepared_datasets/combined_6class_confusion_cleaned/val/PaperCardboard/paper275.jpg,prepared_datasets/combined_6class_confusion_cleaned/val/PaperCardboard/paper275.jpg,prepared_datasets/combined_6class_confusion_cleaned/val/PaperCardboard/paper275.jpg,,,,,,,,
val_PaperCardboard_paper308,TrashNet,cleaned_image_classification,val,PaperCardboard,PaperCardboard,prepared_datasets/combined_6class_confusion_cleaned/val/PaperCardboard/paper308.jpg,prepared_datasets/combined_6class_confusion_cleaned/val/PaperCardboard/paper308.jpg,prepared_datasets/combined_6class_confusion_cleaned/val/PaperCardboard/paper308.jpg,,,,,,,,
val_PaperCardboard_paper319,TrashNet,cleaned_image_classification,val,PaperCardboard,PaperCardboard,prepared_datasets/combined_6class_confusion_cleaned/val/PaperCardboard/paper319.jpg,prepared_datasets/combined_6class_confusion_cleaned/val/PaperCardboard/paper319.jpg,prepared_datasets/combined_6class_confusion_cleaned/val/PaperCardboard/paper319.jpg,,,,,,,,
val_PaperCardboard_paper32,TrashNet,cleaned_image_classification,val,PaperCardboard,PaperCardboard,prepared_datasets/combined_6class_confusion_cleaned/val/PaperCardboard/paper32.jpg,prepared_datasets/combined_6class_confusion_cleaned/val/PaperCardboard/paper32.jpg,prepared_datasets/combined_6class_confusion_cleaned/val/PaperCardboard/paper32.jpg,,,,,,,,
val_PaperCardboard_paper323,TrashNet,cleaned_image_classification,val,PaperCardboard,PaperCardboard,prepared_datasets/combined_6class_confusion_cleaned/val/PaperCardboard/paper323.jpg,prepared_datasets/combined_6class_confusion_cleaned/val/PaperCardboard/paper323.jpg,prepared_datasets/combined_6class_confusion_cleaned/val/PaperCardboard/paper323.jpg,,,,,,,,
val_PaperCardboard_paper324,TrashNet,cleaned_image_classification,val,PaperCardboard,PaperCardboard,prepared_datasets/combined_6class_confusion_cleaned/val/PaperCardboard/paper324.jpg,prepared_datasets/combined_6class_confusion_cleaned/val/PaperCardboard/paper324.jpg,prepared_datasets/combined_6class_confusion_cleaned/val/PaperCardboard/paper324.jpg,,,,,,,,
val_PaperCardboard_paper343,TrashNet,cleaned_image_classification,val,PaperCardboard,PaperCardboard,prepared_datasets/combined_6class_confusion_cleaned/val/PaperCardboard/paper343.jpg,prepared_datasets/combined_6class_confusion_cleaned/val/PaperCardboard/paper343.jpg,prepared_datasets/combined_6class_confusion_cleaned/val/PaperCardboard/paper343.jpg,,,,,,,,
val_PaperCardboard_paper350,TrashNet,cleaned_image_classification,val,PaperCardboard,PaperCardboard,prepared_datasets/combined_6class_confusion_cleaned/val/PaperCardboard/paper350.jpg,prepared_datasets/combined_6class_confusion_cleaned/val/PaperCardboard/paper350.jpg,prepared_datasets/combined_6class_confusion_cleaned/val/PaperCardboard/paper350.jpg,,,,,,,,
val_PaperCardboard_paper353,TrashNet,cleaned_image_classification,val,PaperCardboard,PaperCardboard,prepared_datasets/combined_6class_confusion_cleaned/val/PaperCardboard/paper353.jpg,prepared_datasets/combined_6class_confusion_cleaned/val/PaperCardboard/paper353.jpg,prepared_datasets/combined_6class_confusion_cleaned/val/PaperCardboard/paper353.jpg,,,,,,,,
val_PaperCardboard_paper37,TrashNet,cleaned_image_classification,val,PaperCardboard,PaperCardboard,prepared_datasets/combined_6class_confusion_cleaned/val/PaperCardboard/paper37.jpg,prepared_datasets/combined_6class_confusion_cleaned/val/PaperCardboard/paper37.jpg,prepared_datasets/combined_6class_confusion_cleaned/val/PaperCardboard/paper37.jpg,,,,,,,,
val_PaperCardboard_paper375,TrashNet,cleaned_image_classification,val,PaperCardboard,PaperCardboard,prepared_datasets/combined_6class_confusion_cleaned/val/PaperCardboard/paper375.jpg,prepared_datasets/combined_6class_confusion_cleaned/val/PaperCardboard/paper375.jpg,prepared_datasets/combined_6class_confusion_cleaned/val/PaperCardboard/paper375.jpg,,,,,,,,
val_PaperCardboard_paper386,TrashNet,cleaned_image_classification,val,PaperCardboard,PaperCardboard,prepared_datasets/combined_6class_confusion_cleaned/val/PaperCardboard/paper386.jpg,prepared_datasets/combined_6class_confusion_cleaned/val/PaperCardboard/paper386.jpg,prepared_datasets/combined_6class_confusion_cleaned/val/PaperCardboard/paper386.jpg,,,,,,,,
val_PaperCardboard_paper391,TrashNet,cleaned_image_classification,val,PaperCardboard,PaperCardboard,prepared_datasets/combined_6class_confusion_cleaned/val/PaperCardboard/paper391.jpg,prepared_datasets/combined_6class_confusion_cleaned/val/PaperCardboard/paper391.jpg,prepared_datasets/combined_6class_confusion_cleaned/val/PaperCardboard/paper391.jpg,,,,,,,,
val_PaperCardboard_paper392,TrashNet,cleaned_image_classification,val,PaperCardboard,PaperCardboard,prepared_datasets/combined_6class_confusion_cleaned/val/PaperCardboard/paper392.jpg,prepared_datasets/combined_6class_confusion_cleaned/val/PaperCardboard/paper392.jpg,prepared_datasets/combined_6class_confusion_cleaned/val/PaperCardboard/paper392.jpg,,,,,,,,
val_PaperCardboard_paper396,TrashNet,cleaned_image_classification,val,PaperCardboard,PaperCardboard,prepared_datasets/combined_6class_confusion_cleaned/val/PaperCardboard/paper396.jpg,prepared_datasets/combined_6class_confusion_cleaned/val/PaperCardboard/paper396.jpg,prepared_datasets/combined_6class_confusion_cleaned/val/PaperCardboard/paper396.jpg,,,,,,,,
val_PaperCardboard_paper399,TrashNet,cleaned_image_classification,val,PaperCardboard,PaperCardboard,prepared_datasets/combined_6class_confusion_cleaned/val/PaperCardboard/paper399.jpg,prepared_datasets/combined_6class_confusion_cleaned/val/PaperCardboard/paper399.jpg,prepared_datasets/combined_6class_confusion_cleaned/val/PaperCardboard/paper399.jpg,,,,,,,,
val_PaperCardboard_paper405,TrashNet,cleaned_image_classification,val,PaperCardboard,PaperCardboard,prepared_datasets/combined_6class_confusion_cleaned/val/PaperCardboard/paper405.jpg,prepared_datasets/combined_6class_confusion_cleaned/val/PaperCardboard/paper405.jpg,prepared_datasets/combined_6class_confusion_cleaned/val/PaperCardboard/paper405.jpg,,,,,,,,
val_PaperCardboard_paper412,TrashNet,cleaned_image_classification,val,PaperCardboard,PaperCardboard,prepared_datasets/combined_6class_confusion_cleaned/val/PaperCardboard/paper412.jpg,prepared_datasets/combined_6class_confusion_cleaned/val/PaperCardboard/paper412.jpg,prepared_datasets/combined_6class_confusion_cleaned/val/PaperCardboard/paper412.jpg,,,,,,,,
val_PaperCardboard_paper43,TrashNet,cleaned_image_classification,val,PaperCardboard,PaperCardboard,prepared_datasets/combined_6class_confusion_cleaned/val/PaperCardboard/paper43.jpg,prepared_datasets/combined_6class_confusion_cleaned/val/PaperCardboard/paper43.jpg,prepared_datasets/combined_6class_confusion_cleaned/val/PaperCardboard/paper43.jpg,,,,,,,,
val_PaperCardboard_paper444,TrashNet,cleaned_image_classification,val,PaperCardboard,PaperCardboard,prepared_datasets/combined_6class_confusion_cleaned/val/PaperCardboard/paper444.jpg,prepared_datasets/combined_6class_confusion_cleaned/val/PaperCardboard/paper444.jpg,prepared_datasets/combined_6class_confusion_cleaned/val/PaperCardboard/paper444.jpg,,,,,,,,
val_PaperCardboard_paper45,TrashNet,cleaned_image_classification,val,PaperCardboard,PaperCardboard,prepared_datasets/combined_6class_confusion_cleaned/val/PaperCardboard/paper45.jpg,prepared_datasets/combined_6class_confusion_cleaned/val/PaperCardboard/paper45.jpg,prepared_datasets/combined_6class_confusion_cleaned/val/PaperCardboard/paper45.jpg,,,,,,,,
val_PaperCardboard_paper450,TrashNet,cleaned_image_classification,val,PaperCardboard,PaperCardboard,prepared_datasets/combined_6class_confusion_cleaned/val/PaperCardboard/paper450.jpg,prepared_datasets/combined_6class_confusion_cleaned/val/PaperCardboard/paper450.jpg,prepared_datasets/combined_6class_confusion_cleaned/val/PaperCardboard/paper450.jpg,,,,,,,,
val_PaperCardboard_paper452,TrashNet,cleaned_image_classification,val,PaperCardboard,PaperCardboard,prepared_datasets/combined_6class_confusion_cleaned/val/PaperCardboard/paper452.jpg,prepared_datasets/combined_6class_confusion_cleaned/val/PaperCardboard/paper452.jpg,prepared_datasets/combined_6class_confusion_cleaned/val/PaperCardboard/paper452.jpg,,,,,,,,
val_PaperCardboard_paper455,TrashNet,cleaned_image_classification,val,PaperCardboard,PaperCardboard,prepared_datasets/combined_6class_confusion_cleaned/val/PaperCardboard/paper455.jpg,prepared_datasets/combined_6class_confusion_cleaned/val/PaperCardboard/paper455.jpg,prepared_datasets/combined_6class_confusion_cleaned/val/PaperCardboard/paper455.jpg,,,,,,,,
val_PaperCardboard_paper466,TrashNet,cleaned_image_classification,val,PaperCardboard,PaperCardboard,prepared_datasets/combined_6class_confusion_cleaned/val/PaperCardboard/paper466.jpg,prepared_datasets/combined_6class_confusion_cleaned/val/PaperCardboard/paper466.jpg,prepared_datasets/combined_6class_confusion_cleaned/val/PaperCardboard/paper466.jpg,,,,,,,,
val_PaperCardboard_paper477,TrashNet,cleaned_image_classification,val,PaperCardboard,PaperCardboard,prepared_datasets/combined_6class_confusion_cleaned/val/PaperCardboard/paper477.jpg,prepared_datasets/combined_6class_confusion_cleaned/val/PaperCardboard/paper477.jpg,prepared_datasets/combined_6class_confusion_cleaned/val/PaperCardboard/paper477.jpg,,,,,,,,
val_PaperCardboard_paper478,TrashNet,cleaned_image_classification,val,PaperCardboard,PaperCardboard,prepared_datasets/combined_6class_confusion_cleaned/val/PaperCardboard/paper478.jpg,prepared_datasets/combined_6class_confusion_cleaned/val/PaperCardboard/paper478.jpg,prepared_datasets/combined_6class_confusion_cleaned/val/PaperCardboard/paper478.jpg,,,,,,,,
val_PaperCardboard_paper481,TrashNet,cleaned_image_classification,val,PaperCardboard,PaperCardboard,prepared_datasets/combined_6class_confusion_cleaned/val/PaperCardboard/paper481.jpg,prepared_datasets/combined_6class_confusion_cleaned/val/PaperCardboard/paper481.jpg,prepared_datasets/combined_6class_confusion_cleaned/val/PaperCardboard/paper481.jpg,,,,,,,,
val_PaperCardboard_paper482,TrashNet,cleaned_image_classification,val,PaperCardboard,PaperCardboard,prepared_datasets/combined_6class_confusion_cleaned/val/PaperCardboard/paper482.jpg,prepared_datasets/combined_6class_confusion_cleaned/val/PaperCardboard/paper482.jpg,prepared_datasets/combined_6class_confusion_cleaned/val/PaperCardboard/paper482.jpg,,,,,,,,
val_PaperCardboard_paper497,TrashNet,cleaned_image_classification,val,PaperCardboard,PaperCardboard,prepared_datasets/combined_6class_confusion_cleaned/val/PaperCardboard/paper497.jpg,prepared_datasets/combined_6class_confusion_cleaned/val/PaperCardboard/paper497.jpg,prepared_datasets/combined_6class_confusion_cleaned/val/PaperCardboard/paper497.jpg,,,,,,,,
val_PaperCardboard_paper5,TrashNet,cleaned_image_classification,val,PaperCardboard,PaperCardboard,prepared_datasets/combined_6class_confusion_cleaned/val/PaperCardboard/paper5.jpg,prepared_datasets/combined_6class_confusion_cleaned/val/PaperCardboard/paper5.jpg,prepared_datasets/combined_6class_confusion_cleaned/val/PaperCardboard/paper5.jpg,,,,,,,,
val_PaperCardboard_paper504,TrashNet,cleaned_image_classification,val,PaperCardboard,PaperCardboard,prepared_datasets/combined_6class_confusion_cleaned/val/PaperCardboard/paper504.jpg,prepared_datasets/combined_6class_confusion_cleaned/val/PaperCardboard/paper504.jpg,prepared_datasets/combined_6class_confusion_cleaned/val/PaperCardboard/paper504.jpg,,,,,,,,
val_PaperCardboard_paper508,TrashNet,cleaned_image_classification,val,PaperCardboard,PaperCardboard,prepared_datasets/combined_6class_confusion_cleaned/val/PaperCardboard/paper508.jpg,prepared_datasets/combined_6class_confusion_cleaned/val/PaperCardboard/paper508.jpg,prepared_datasets/combined_6class_confusion_cleaned/val/PaperCardboard/paper508.jpg,,,,,,,,
val_PaperCardboard_paper510,TrashNet,cleaned_image_classification,val,PaperCardboard,PaperCardboard,prepared_datasets/combined_6class_confusion_cleaned/val/PaperCardboard/paper510.jpg,prepared_datasets/combined_6class_confusion_cleaned/val/PaperCardboard/paper510.jpg,prepared_datasets/combined_6class_confusion_cleaned/val/PaperCardboard/paper510.jpg,,,,,,,,
val_PaperCardboard_paper519,TrashNet,cleaned_image_classification,val,PaperCardboard,PaperCardboard,prepared_datasets/combined_6class_confusion_cleaned/val/PaperCardboard/paper519.jpg,prepared_datasets/combined_6class_confusion_cleaned/val/PaperCardboard/paper519.jpg,prepared_datasets/combined_6class_confusion_cleaned/val/PaperCardboard/paper519.jpg,,,,,,,,
val_PaperCardboard_paper52,TrashNet,cleaned_image_classification,val,PaperCardboard,PaperCardboard,prepared_datasets/combined_6class_confusion_cleaned/val/PaperCardboard/paper52.jpg,prepared_datasets/combined_6class_confusion_cleaned/val/PaperCardboard/paper52.jpg,prepared_datasets/combined_6class_confusion_cleaned/val/PaperCardboard/paper52.jpg,,,,,,,,
val_PaperCardboard_paper524,TrashNet,cleaned_image_classification,val,PaperCardboard,PaperCardboard,prepared_datasets/combined_6class_confusion_cleaned/val/PaperCardboard/paper524.jpg,prepared_datasets/combined_6class_confusion_cleaned/val/PaperCardboard/paper524.jpg,prepared_datasets/combined_6class_confusion_cleaned/val/PaperCardboard/paper524.jpg,,,,,,,,
val_PaperCardboard_paper531,TrashNet,cleaned_image_classification,val,PaperCardboard,PaperCardboard,prepared_datasets/combined_6class_confusion_cleaned/val/PaperCardboard/paper531.jpg,prepared_datasets/combined_6class_confusion_cleaned/val/PaperCardboard/paper531.jpg,prepared_datasets/combined_6class_confusion_cleaned/val/PaperCardboard/paper531.jpg,,,,,,,,
val_PaperCardboard_paper534,TrashNet,cleaned_image_classification,val,PaperCardboard,PaperCardboard,prepared_datasets/combined_6class_confusion_cleaned/val/PaperCardboard/paper534.jpg,prepared_datasets/combined_6class_confusion_cleaned/val/PaperCardboard/paper534.jpg,prepared_datasets/combined_6class_confusion_cleaned/val/PaperCardboard/paper534.jpg,,,,,,,,
val_PaperCardboard_paper544,TrashNet,cleaned_image_classification,val,PaperCardboard,PaperCardboard,prepared_datasets/combined_6class_confusion_cleaned/val/PaperCardboard/paper544.jpg,prepared_datasets/combined_6class_confusion_cleaned/val/PaperCardboard/paper544.jpg,prepared_datasets/combined_6class_confusion_cleaned/val/PaperCardboard/paper544.jpg,,,,,,,,
val_PaperCardboard_paper549,TrashNet,cleaned_image_classification,val,PaperCardboard,PaperCardboard,prepared_datasets/combined_6class_confusion_cleaned/val/PaperCardboard/paper549.jpg,prepared_datasets/combined_6class_confusion_cleaned/val/PaperCardboard/paper549.jpg,prepared_datasets/combined_6class_confusion_cleaned/val/PaperCardboard/paper549.jpg,,,,,,,,
val_PaperCardboard_paper567,TrashNet,cleaned_image_classification,val,PaperCardboard,PaperCardboard,prepared_datasets/combined_6class_confusion_cleaned/val/PaperCardboard/paper567.jpg,prepared_datasets/combined_6class_confusion_cleaned/val/PaperCardboard/paper567.jpg,prepared_datasets/combined_6class_confusion_cleaned/val/PaperCardboard/paper567.jpg,,,,,,,,
val_PaperCardboard_paper568,TrashNet,cleaned_image_classification,val,PaperCardboard,PaperCardboard,prepared_datasets/combined_6class_confusion_cleaned/val/PaperCardboard/paper568.jpg,prepared_datasets/combined_6class_confusion_cleaned/val/PaperCardboard/paper568.jpg,prepared_datasets/combined_6class_confusion_cleaned/val/PaperCardboard/paper568.jpg,,,,,,,,
val_PaperCardboard_paper569,TrashNet,cleaned_image_classification,val,PaperCardboard,PaperCardboard,prepared_datasets/combined_6class_confusion_cleaned/val/PaperCardboard/paper569.jpg,prepared_datasets/combined_6class_confusion_cleaned/val/PaperCardboard/paper569.jpg,prepared_datasets/combined_6class_confusion_cleaned/val/PaperCardboard/paper569.jpg,,,,,,,,
val_PaperCardboard_paper589,TrashNet,cleaned_image_classification,val,PaperCardboard,PaperCardboard,prepared_datasets/combined_6class_confusion_cleaned/val/PaperCardboard/paper589.jpg,prepared_datasets/combined_6class_confusion_cleaned/val/PaperCardboard/paper589.jpg,prepared_datasets/combined_6class_confusion_cleaned/val/PaperCardboard/paper589.jpg,,,,,,,,
val_PaperCardboard_paper60,TrashNet,cleaned_image_classification,val,PaperCardboard,PaperCardboard,prepared_datasets/combined_6class_confusion_cleaned/val/PaperCardboard/paper60.jpg,prepared_datasets/combined_6class_confusion_cleaned/val/PaperCardboard/paper60.jpg,prepared_datasets/combined_6class_confusion_cleaned/val/PaperCardboard/paper60.jpg,,,,,,,,
val_PaperCardboard_paper63,TrashNet,cleaned_image_classification,val,PaperCardboard,PaperCardboard,prepared_datasets/combined_6class_confusion_cleaned/val/PaperCardboard/paper63.jpg,prepared_datasets/combined_6class_confusion_cleaned/val/PaperCardboard/paper63.jpg,prepared_datasets/combined_6class_confusion_cleaned/val/PaperCardboard/paper63.jpg,,,,,,,,
val_PaperCardboard_paper65,TrashNet,cleaned_image_classification,val,PaperCardboard,PaperCardboard,prepared_datasets/combined_6class_confusion_cleaned/val/PaperCardboard/paper65.jpg,prepared_datasets/combined_6class_confusion_cleaned/val/PaperCardboard/paper65.jpg,prepared_datasets/combined_6class_confusion_cleaned/val/PaperCardboard/paper65.jpg,,,,,,,,
val_PaperCardboard_paper72,TrashNet,cleaned_image_classification,val,PaperCardboard,PaperCardboard,prepared_datasets/combined_6class_confusion_cleaned/val/PaperCardboard/paper72.jpg,prepared_datasets/combined_6class_confusion_cleaned/val/PaperCardboard/paper72.jpg,prepared_datasets/combined_6class_confusion_cleaned/val/PaperCardboard/paper72.jpg,,,,,,,,
val_PaperCardboard_paper73,TrashNet,cleaned_image_classification,val,PaperCardboard,PaperCardboard,prepared_datasets/combined_6class_confusion_cleaned/val/PaperCardboard/paper73.jpg,prepared_datasets/combined_6class_confusion_cleaned/val/PaperCardboard/paper73.jpg,prepared_datasets/combined_6class_confusion_cleaned/val/PaperCardboard/paper73.jpg,,,,,,,,
val_PaperCardboard_paper86,TrashNet,cleaned_image_classification,val,PaperCardboard,PaperCardboard,prepared_datasets/combined_6class_confusion_cleaned/val/PaperCardboard/paper86.jpg,prepared_datasets/combined_6class_confusion_cleaned/val/PaperCardboard/paper86.jpg,prepared_datasets/combined_6class_confusion_cleaned/val/PaperCardboard/paper86.jpg,,,,,,,,
val_PaperCardboard_paper91,TrashNet,cleaned_image_classification,val,PaperCardboard,PaperCardboard,prepared_datasets/combined_6class_confusion_cleaned/val/PaperCardboard/paper91.jpg,prepared_datasets/combined_6class_confusion_cleaned/val/PaperCardboard/paper91.jpg,prepared_datasets/combined_6class_confusion_cleaned/val/PaperCardboard/paper91.jpg,,,,,,,,
val_PaperCardboard_paper99,TrashNet,cleaned_image_classification,val,PaperCardboard,PaperCardboard,prepared_datasets/combined_6class_confusion_cleaned/val/PaperCardboard/paper99.jpg,prepared_datasets/combined_6class_confusion_cleaned/val/PaperCardboard/paper99.jpg,prepared_datasets/combined_6class_confusion_cleaned/val/PaperCardboard/paper99.jpg,,,,,,,,
val_Plastic_000001_ann18,TACO,cleaned_image_classification,val,Plastic,Plastic,prepared_datasets/combined_6class_confusion_cleaned/val/Plastic/000001_ann18.jpg,prepared_datasets/combined_6class_confusion_cleaned/val/Plastic/000001_ann18.jpg,prepared_datasets/combined_6class_confusion_cleaned/val/Plastic/000001_ann18.jpg,,,,,,,,
val_Plastic_000003_ann331,TACO,cleaned_image_classification,val,Plastic,Plastic,prepared_datasets/combined_6class_confusion_cleaned/val/Plastic/000003_ann331.jpg,prepared_datasets/combined_6class_confusion_cleaned/val/Plastic/000003_ann331.jpg,prepared_datasets/combined_6class_confusion_cleaned/val/Plastic/000003_ann331.jpg,,,,,,,,
val_Plastic_000007_ann1710,TACO,cleaned_image_classification,val,Plastic,Plastic,prepared_datasets/combined_6class_confusion_cleaned/val/Plastic/000007_ann1710.jpg,prepared_datasets/combined_6class_confusion_cleaned/val/Plastic/000007_ann1710.jpg,prepared_datasets/combined_6class_confusion_cleaned/val/Plastic/000007_ann1710.jpg,,,,,,,,
val_Plastic_000026_ann1545,TACO,cleaned_image_classification,val,Plastic,Plastic,prepared_datasets/combined_6class_confusion_cleaned/val/Plastic/000026_ann1545.jpg,prepared_datasets/combined_6class_confusion_cleaned/val/Plastic/000026_ann1545.jpg,prepared_datasets/combined_6class_confusion_cleaned/val/Plastic/000026_ann1545.jpg,,,,,,,,
val_Plastic_000026_ann2804,TACO,cleaned_image_classification,val,Plastic,Plastic,prepared_datasets/combined_6class_confusion_cleaned/val/Plastic/000026_ann2804.jpg,prepared_datasets/combined_6class_confusion_cleaned/val/Plastic/000026_ann2804.jpg,prepared_datasets/combined_6class_confusion_cleaned/val/Plastic/000026_ann2804.jpg,,,,,,,,
val_Plastic_000035_ann108,TACO,cleaned_image_classification,val,Plastic,Plastic,prepared_datasets/combined_6class_confusion_cleaned/val/Plastic/000035_ann108.jpg,prepared_datasets/combined_6class_confusion_cleaned/val/Plastic/000035_ann108.jpg,prepared_datasets/combined_6class_confusion_cleaned/val/Plastic/000035_ann108.jpg,,,,,,,,
val_Plastic_000048_ann1777,TACO,cleaned_image_classification,val,Plastic,Plastic,prepared_datasets/combined_6class_confusion_cleaned/val/Plastic/000048_ann1777.jpg,prepared_datasets/combined_6class_confusion_cleaned/val/Plastic/000048_ann1777.jpg,prepared_datasets/combined_6class_confusion_cleaned/val/Plastic/000048_ann1777.jpg,,,,,,,,
val_Plastic_000049_ann1159,TACO,cleaned_image_classification,val,Plastic,Plastic,prepared_datasets/combined_6class_confusion_cleaned/val/Plastic/000049_ann1159.jpg,prepared_datasets/combined_6class_confusion_cleaned/val/Plastic/000049_ann1159.jpg,prepared_datasets/combined_6class_confusion_cleaned/val/Plastic/000049_ann1159.jpg,,,,,,,,
val_Plastic_000072_ann1313,TACO,cleaned_image_classification,val,Plastic,Plastic,prepared_datasets/combined_6class_confusion_cleaned/val/Plastic/000072_ann1313.jpg,prepared_datasets/combined_6class_confusion_cleaned/val/Plastic/000072_ann1313.jpg,prepared_datasets/combined_6class_confusion_cleaned/val/Plastic/000072_ann1313.jpg,,,,,,,,
val_Plastic_000075_ann852,TACO,cleaned_image_classification,val,Plastic,Plastic,prepared_datasets/combined_6class_confusion_cleaned/val/Plastic/000075_ann852.jpg,prepared_datasets/combined_6class_confusion_cleaned/val/Plastic/000075_ann852.jpg,prepared_datasets/combined_6class_confusion_cleaned/val/Plastic/000075_ann852.jpg,,,,,,,,
val_Plastic_000081_ann600,TACO,cleaned_image_classification,val,Plastic,Plastic,prepared_datasets/combined_6class_confusion_cleaned/val/Plastic/000081_ann600.jpg,prepared_datasets/combined_6class_confusion_cleaned/val/Plastic/000081_ann600.jpg,prepared_datasets/combined_6class_confusion_cleaned/val/Plastic/000081_ann600.jpg,,,,,,,,
val_Plastic_000087_ann1362,TACO,cleaned_image_classification,val,Plastic,Plastic,prepared_datasets/combined_6class_confusion_cleaned/val/Plastic/000087_ann1362.jpg,prepared_datasets/combined_6class_confusion_cleaned/val/Plastic/000087_ann1362.jpg,prepared_datasets/combined_6class_confusion_cleaned/val/Plastic/000087_ann1362.jpg,,,,,,,,
val_Plastic_000095_ann2964,TACO,cleaned_image_classification,val,Plastic,Plastic,prepared_datasets/combined_6class_confusion_cleaned/val/Plastic/000095_ann2964.jpg,prepared_datasets/combined_6class_confusion_cleaned/val/Plastic/000095_ann2964.jpg,prepared_datasets/combined_6class_confusion_cleaned/val/Plastic/000095_ann2964.jpg,,,,,,,,
val_Plastic_000104_ann212,TACO,cleaned_image_classification,val,Plastic,Plastic,prepared_datasets/combined_6class_confusion_cleaned/val/Plastic/000104_ann212.jpg,prepared_datasets/combined_6class_confusion_cleaned/val/Plastic/000104_ann212.jpg,prepared_datasets/combined_6class_confusion_cleaned/val/Plastic/000104_ann212.jpg,,,,,,,,
val_Plastic_IMG_4915_ann2609,TACO,cleaned_image_classification,val,Plastic,Plastic,prepared_datasets/combined_6class_confusion_cleaned/val/Plastic/IMG_4915_ann2609.jpg,prepared_datasets/combined_6class_confusion_cleaned/val/Plastic/IMG_4915_ann2609.jpg,prepared_datasets/combined_6class_confusion_cleaned/val/Plastic/IMG_4915_ann2609.jpg,,,,,,,,
val_Plastic_IMG_4994_ann2493,TACO,cleaned_image_classification,val,Plastic,Plastic,prepared_datasets/combined_6class_confusion_cleaned/val/Plastic/IMG_4994_ann2493.jpg,prepared_datasets/combined_6class_confusion_cleaned/val/Plastic/IMG_4994_ann2493.jpg,prepared_datasets/combined_6class_confusion_cleaned/val/Plastic/IMG_4994_ann2493.jpg,,,,,,,,
val_Plastic_IMG_5053_ann2528,TACO,cleaned_image_classification,val,Plastic,Plastic,prepared_datasets/combined_6class_confusion_cleaned/val/Plastic/IMG_5053_ann2528.jpg,prepared_datasets/combined_6class_confusion_cleaned/val/Plastic/IMG_5053_ann2528.jpg,prepared_datasets/combined_6class_confusion_cleaned/val/Plastic/IMG_5053_ann2528.jpg,,,,,,,,
val_Plastic_IMG_5066_ann2713,TACO,cleaned_image_classification,val,Plastic,Plastic,prepared_datasets/combined_6class_confusion_cleaned/val/Plastic/IMG_5066_ann2713.jpg,prepared_datasets/combined_6class_confusion_cleaned/val/Plastic/IMG_5066_ann2713.jpg,prepared_datasets/combined_6class_confusion_cleaned/val/Plastic/IMG_5066_ann2713.jpg,,,,,,,,
val_Plastic_plastic124,TrashNet,cleaned_image_classification,val,Plastic,Plastic,prepared_datasets/combined_6class_confusion_cleaned/val/Plastic/plastic124.jpg,prepared_datasets/combined_6class_confusion_cleaned/val/Plastic/plastic124.jpg,prepared_datasets/combined_6class_confusion_cleaned/val/Plastic/plastic124.jpg,,,,,,,,
val_Plastic_plastic129,TrashNet,cleaned_image_classification,val,Plastic,Plastic,prepared_datasets/combined_6class_confusion_cleaned/val/Plastic/plastic129.jpg,prepared_datasets/combined_6class_confusion_cleaned/val/Plastic/plastic129.jpg,prepared_datasets/combined_6class_confusion_cleaned/val/Plastic/plastic129.jpg,,,,,,,,
val_Plastic_plastic130,TrashNet,cleaned_image_classification,val,Plastic,Plastic,prepared_datasets/combined_6class_confusion_cleaned/val/Plastic/plastic130.jpg,prepared_datasets/combined_6class_confusion_cleaned/val/Plastic/plastic130.jpg,prepared_datasets/combined_6class_confusion_cleaned/val/Plastic/plastic130.jpg,,,,,,,,
val_Plastic_plastic131,TrashNet,cleaned_image_classification,val,Plastic,Plastic,prepared_datasets/combined_6class_confusion_cleaned/val/Plastic/plastic131.jpg,prepared_datasets/combined_6class_confusion_cleaned/val/Plastic/plastic131.jpg,prepared_datasets/combined_6class_confusion_cleaned/val/Plastic/plastic131.jpg,,,,,,,,
val_Plastic_plastic145,TrashNet,cleaned_image_classification,val,Plastic,Plastic,prepared_datasets/combined_6class_confusion_cleaned/val/Plastic/plastic145.jpg,prepared_datasets/combined_6class_confusion_cleaned/val/Plastic/plastic145.jpg,prepared_datasets/combined_6class_confusion_cleaned/val/Plastic/plastic145.jpg,,,,,,,,
val_Plastic_plastic165,TrashNet,cleaned_image_classification,val,Plastic,Plastic,prepared_datasets/combined_6class_confusion_cleaned/val/Plastic/plastic165.jpg,prepared_datasets/combined_6class_confusion_cleaned/val/Plastic/plastic165.jpg,prepared_datasets/combined_6class_confusion_cleaned/val/Plastic/plastic165.jpg,,,,,,,,
val_Plastic_plastic178,TrashNet,cleaned_image_classification,val,Plastic,Plastic,prepared_datasets/combined_6class_confusion_cleaned/val/Plastic/plastic178.jpg,prepared_datasets/combined_6class_confusion_cleaned/val/Plastic/plastic178.jpg,prepared_datasets/combined_6class_confusion_cleaned/val/Plastic/plastic178.jpg,,,,,,,,
val_Plastic_plastic196,TrashNet,cleaned_image_classification,val,Plastic,Plastic,prepared_datasets/combined_6class_confusion_cleaned/val/Plastic/plastic196.jpg,prepared_datasets/combined_6class_confusion_cleaned/val/Plastic/plastic196.jpg,prepared_datasets/combined_6class_confusion_cleaned/val/Plastic/plastic196.jpg,,,,,,,,
val_Plastic_plastic197,TrashNet,cleaned_image_classification,val,Plastic,Plastic,prepared_datasets/combined_6class_confusion_cleaned/val/Plastic/plastic197.jpg,prepared_datasets/combined_6class_confusion_cleaned/val/Plastic/plastic197.jpg,prepared_datasets/combined_6class_confusion_cleaned/val/Plastic/plastic197.jpg,,,,,,,,
val_Plastic_plastic212,TrashNet,cleaned_image_classification,val,Plastic,Plastic,prepared_datasets/combined_6class_confusion_cleaned/val/Plastic/plastic212.jpg,prepared_datasets/combined_6class_confusion_cleaned/val/Plastic/plastic212.jpg,prepared_datasets/combined_6class_confusion_cleaned/val/Plastic/plastic212.jpg,,,,,,,,
val_Plastic_plastic22,TrashNet,cleaned_image_classification,val,Plastic,Plastic,prepared_datasets/combined_6class_confusion_cleaned/val/Plastic/plastic22.jpg,prepared_datasets/combined_6class_confusion_cleaned/val/Plastic/plastic22.jpg,prepared_datasets/combined_6class_confusion_cleaned/val/Plastic/plastic22.jpg,,,,,,,,
val_Plastic_plastic222,TrashNet,cleaned_image_classification,val,Plastic,Plastic,prepared_datasets/combined_6class_confusion_cleaned/val/Plastic/plastic222.jpg,prepared_datasets/combined_6class_confusion_cleaned/val/Plastic/plastic222.jpg,prepared_datasets/combined_6class_confusion_cleaned/val/Plastic/plastic222.jpg,,,,,,,,
val_Plastic_plastic232,TrashNet,cleaned_image_classification,val,Plastic,Plastic,prepared_datasets/combined_6class_confusion_cleaned/val/Plastic/plastic232.jpg,prepared_datasets/combined_6class_confusion_cleaned/val/Plastic/plastic232.jpg,prepared_datasets/combined_6class_confusion_cleaned/val/Plastic/plastic232.jpg,,,,,,,,
val_Plastic_plastic244,TrashNet,cleaned_image_classification,val,Plastic,Plastic,prepared_datasets/combined_6class_confusion_cleaned/val/Plastic/plastic244.jpg,prepared_datasets/combined_6class_confusion_cleaned/val/Plastic/plastic244.jpg,prepared_datasets/combined_6class_confusion_cleaned/val/Plastic/plastic244.jpg,,,,,,,,
val_Plastic_plastic249,TrashNet,cleaned_image_classification,val,Plastic,Plastic,prepared_datasets/combined_6class_confusion_cleaned/val/Plastic/plastic249.jpg,prepared_datasets/combined_6class_confusion_cleaned/val/Plastic/plastic249.jpg,prepared_datasets/combined_6class_confusion_cleaned/val/Plastic/plastic249.jpg,,,,,,,,
val_Plastic_plastic262,TrashNet,cleaned_image_classification,val,Plastic,Plastic,prepared_datasets/combined_6class_confusion_cleaned/val/Plastic/plastic262.jpg,prepared_datasets/combined_6class_confusion_cleaned/val/Plastic/plastic262.jpg,prepared_datasets/combined_6class_confusion_cleaned/val/Plastic/plastic262.jpg,,,,,,,,
val_Plastic_plastic267,TrashNet,cleaned_image_classification,val,Plastic,Plastic,prepared_datasets/combined_6class_confusion_cleaned/val/Plastic/plastic267.jpg,prepared_datasets/combined_6class_confusion_cleaned/val/Plastic/plastic267.jpg,prepared_datasets/combined_6class_confusion_cleaned/val/Plastic/plastic267.jpg,,,,,,,,
val_Plastic_plastic283,TrashNet,cleaned_image_classification,val,Plastic,Plastic,prepared_datasets/combined_6class_confusion_cleaned/val/Plastic/plastic283.jpg,prepared_datasets/combined_6class_confusion_cleaned/val/Plastic/plastic283.jpg,prepared_datasets/combined_6class_confusion_cleaned/val/Plastic/plastic283.jpg,,,,,,,,
val_Plastic_plastic284,TrashNet,cleaned_image_classification,val,Plastic,Plastic,prepared_datasets/combined_6class_confusion_cleaned/val/Plastic/plastic284.jpg,prepared_datasets/combined_6class_confusion_cleaned/val/Plastic/plastic284.jpg,prepared_datasets/combined_6class_confusion_cleaned/val/Plastic/plastic284.jpg,,,,,,,,
val_Plastic_plastic308,TrashNet,cleaned_image_classification,val,Plastic,Plastic,prepared_datasets/combined_6class_confusion_cleaned/val/Plastic/plastic308.jpg,prepared_datasets/combined_6class_confusion_cleaned/val/Plastic/plastic308.jpg,prepared_datasets/combined_6class_confusion_cleaned/val/Plastic/plastic308.jpg,,,,,,,,
val_Plastic_plastic31,TrashNet,cleaned_image_classification,val,Plastic,Plastic,prepared_datasets/combined_6class_confusion_cleaned/val/Plastic/plastic31.jpg,prepared_datasets/combined_6class_confusion_cleaned/val/Plastic/plastic31.jpg,prepared_datasets/combined_6class_confusion_cleaned/val/Plastic/plastic31.jpg,,,,,,,,
val_Plastic_plastic311,TrashNet,cleaned_image_classification,val,Plastic,Plastic,prepared_datasets/combined_6class_confusion_cleaned/val/Plastic/plastic311.jpg,prepared_datasets/combined_6class_confusion_cleaned/val/Plastic/plastic311.jpg,prepared_datasets/combined_6class_confusion_cleaned/val/Plastic/plastic311.jpg,,,,,,,,
val_Plastic_plastic326,TrashNet,cleaned_image_classification,val,Plastic,Plastic,prepared_datasets/combined_6class_confusion_cleaned/val/Plastic/plastic326.jpg,prepared_datasets/combined_6class_confusion_cleaned/val/Plastic/plastic326.jpg,prepared_datasets/combined_6class_confusion_cleaned/val/Plastic/plastic326.jpg,,,,,,,,
val_Plastic_plastic329,TrashNet,cleaned_image_classification,val,Plastic,Plastic,prepared_datasets/combined_6class_confusion_cleaned/val/Plastic/plastic329.jpg,prepared_datasets/combined_6class_confusion_cleaned/val/Plastic/plastic329.jpg,prepared_datasets/combined_6class_confusion_cleaned/val/Plastic/plastic329.jpg,,,,,,,,
val_Plastic_plastic333,TrashNet,cleaned_image_classification,val,Plastic,Plastic,prepared_datasets/combined_6class_confusion_cleaned/val/Plastic/plastic333.jpg,prepared_datasets/combined_6class_confusion_cleaned/val/Plastic/plastic333.jpg,prepared_datasets/combined_6class_confusion_cleaned/val/Plastic/plastic333.jpg,,,,,,,,
val_Plastic_plastic345,TrashNet,cleaned_image_classification,val,Plastic,Plastic,prepared_datasets/combined_6class_confusion_cleaned/val/Plastic/plastic345.jpg,prepared_datasets/combined_6class_confusion_cleaned/val/Plastic/plastic345.jpg,prepared_datasets/combined_6class_confusion_cleaned/val/Plastic/plastic345.jpg,,,,,,,,
val_Plastic_plastic347,TrashNet,cleaned_image_classification,val,Plastic,Plastic,prepared_datasets/combined_6class_confusion_cleaned/val/Plastic/plastic347.jpg,prepared_datasets/combined_6class_confusion_cleaned/val/Plastic/plastic347.jpg,prepared_datasets/combined_6class_confusion_cleaned/val/Plastic/plastic347.jpg,,,,,,,,
val_Plastic_plastic360,TrashNet,cleaned_image_classification,val,Plastic,Plastic,prepared_datasets/combined_6class_confusion_cleaned/val/Plastic/plastic360.jpg,prepared_datasets/combined_6class_confusion_cleaned/val/Plastic/plastic360.jpg,prepared_datasets/combined_6class_confusion_cleaned/val/Plastic/plastic360.jpg,,,,,,,,
val_Plastic_plastic369,TrashNet,cleaned_image_classification,val,Plastic,Plastic,prepared_datasets/combined_6class_confusion_cleaned/val/Plastic/plastic369.jpg,prepared_datasets/combined_6class_confusion_cleaned/val/Plastic/plastic369.jpg,prepared_datasets/combined_6class_confusion_cleaned/val/Plastic/plastic369.jpg,,,,,,,,
val_Plastic_plastic38,TrashNet,cleaned_image_classification,val,Plastic,Plastic,prepared_datasets/combined_6class_confusion_cleaned/val/Plastic/plastic38.jpg,prepared_datasets/combined_6class_confusion_cleaned/val/Plastic/plastic38.jpg,prepared_datasets/combined_6class_confusion_cleaned/val/Plastic/plastic38.jpg,,,,,,,,
val_Plastic_plastic392,TrashNet,cleaned_image_classification,val,Plastic,Plastic,prepared_datasets/combined_6class_confusion_cleaned/val/Plastic/plastic392.jpg,prepared_datasets/combined_6class_confusion_cleaned/val/Plastic/plastic392.jpg,prepared_datasets/combined_6class_confusion_cleaned/val/Plastic/plastic392.jpg,,,,,,,,
val_Plastic_plastic396,TrashNet,cleaned_image_classification,val,Plastic,Plastic,prepared_datasets/combined_6class_confusion_cleaned/val/Plastic/plastic396.jpg,prepared_datasets/combined_6class_confusion_cleaned/val/Plastic/plastic396.jpg,prepared_datasets/combined_6class_confusion_cleaned/val/Plastic/plastic396.jpg,,,,,,,,
val_Plastic_plastic398,TrashNet,cleaned_image_classification,val,Plastic,Plastic,prepared_datasets/combined_6class_confusion_cleaned/val/Plastic/plastic398.jpg,prepared_datasets/combined_6class_confusion_cleaned/val/Plastic/plastic398.jpg,prepared_datasets/combined_6class_confusion_cleaned/val/Plastic/plastic398.jpg,,,,,,,,
val_Plastic_plastic400,TrashNet,cleaned_image_classification,val,Plastic,Plastic,prepared_datasets/combined_6class_confusion_cleaned/val/Plastic/plastic400.jpg,prepared_datasets/combined_6class_confusion_cleaned/val/Plastic/plastic400.jpg,prepared_datasets/combined_6class_confusion_cleaned/val/Plastic/plastic400.jpg,,,,,,,,
val_Plastic_plastic403,TrashNet,cleaned_image_classification,val,Plastic,Plastic,prepared_datasets/combined_6class_confusion_cleaned/val/Plastic/plastic403.jpg,prepared_datasets/combined_6class_confusion_cleaned/val/Plastic/plastic403.jpg,prepared_datasets/combined_6class_confusion_cleaned/val/Plastic/plastic403.jpg,,,,,,,,
val_Plastic_plastic414,TrashNet,cleaned_image_classification,val,Plastic,Plastic,prepared_datasets/combined_6class_confusion_cleaned/val/Plastic/plastic414.jpg,prepared_datasets/combined_6class_confusion_cleaned/val/Plastic/plastic414.jpg,prepared_datasets/combined_6class_confusion_cleaned/val/Plastic/plastic414.jpg,,,,,,,,
val_Plastic_plastic416,TrashNet,cleaned_image_classification,val,Plastic,Plastic,prepared_datasets/combined_6class_confusion_cleaned/val/Plastic/plastic416.jpg,prepared_datasets/combined_6class_confusion_cleaned/val/Plastic/plastic416.jpg,prepared_datasets/combined_6class_confusion_cleaned/val/Plastic/plastic416.jpg,,,,,,,,
val_Plastic_plastic424,TrashNet,cleaned_image_classification,val,Plastic,Plastic,prepared_datasets/combined_6class_confusion_cleaned/val/Plastic/plastic424.jpg,prepared_datasets/combined_6class_confusion_cleaned/val/Plastic/plastic424.jpg,prepared_datasets/combined_6class_confusion_cleaned/val/Plastic/plastic424.jpg,,,,,,,,
val_Plastic_plastic428,TrashNet,cleaned_image_classification,val,Plastic,Plastic,prepared_datasets/combined_6class_confusion_cleaned/val/Plastic/plastic428.jpg,prepared_datasets/combined_6class_confusion_cleaned/val/Plastic/plastic428.jpg,prepared_datasets/combined_6class_confusion_cleaned/val/Plastic/plastic428.jpg,,,,,,,,
val_Plastic_plastic433,TrashNet,cleaned_image_classification,val,Plastic,Plastic,prepared_datasets/combined_6class_confusion_cleaned/val/Plastic/plastic433.jpg,prepared_datasets/combined_6class_confusion_cleaned/val/Plastic/plastic433.jpg,prepared_datasets/combined_6class_confusion_cleaned/val/Plastic/plastic433.jpg,,,,,,,,
val_Plastic_plastic454,TrashNet,cleaned_image_classification,val,Plastic,Plastic,prepared_datasets/combined_6class_confusion_cleaned/val/Plastic/plastic454.jpg,prepared_datasets/combined_6class_confusion_cleaned/val/Plastic/plastic454.jpg,prepared_datasets/combined_6class_confusion_cleaned/val/Plastic/plastic454.jpg,,,,,,,,
val_Plastic_plastic455,TrashNet,cleaned_image_classification,val,Plastic,Plastic,prepared_datasets/combined_6class_confusion_cleaned/val/Plastic/plastic455.jpg,prepared_datasets/combined_6class_confusion_cleaned/val/Plastic/plastic455.jpg,prepared_datasets/combined_6class_confusion_cleaned/val/Plastic/plastic455.jpg,,,,,,,,
val_Plastic_plastic475,TrashNet,cleaned_image_classification,val,Plastic,Plastic,prepared_datasets/combined_6class_confusion_cleaned/val/Plastic/plastic475.jpg,prepared_datasets/combined_6class_confusion_cleaned/val/Plastic/plastic475.jpg,prepared_datasets/combined_6class_confusion_cleaned/val/Plastic/plastic475.jpg,,,,,,,,
val_Plastic_plastic482,TrashNet,cleaned_image_classification,val,Plastic,Plastic,prepared_datasets/combined_6class_confusion_cleaned/val/Plastic/plastic482.jpg,prepared_datasets/combined_6class_confusion_cleaned/val/Plastic/plastic482.jpg,prepared_datasets/combined_6class_confusion_cleaned/val/Plastic/plastic482.jpg,,,,,,,,
val_Plastic_plastic52,TrashNet,cleaned_image_classification,val,Plastic,Plastic,prepared_datasets/combined_6class_confusion_cleaned/val/Plastic/plastic52.jpg,prepared_datasets/combined_6class_confusion_cleaned/val/Plastic/plastic52.jpg,prepared_datasets/combined_6class_confusion_cleaned/val/Plastic/plastic52.jpg,,,,,,,,
val_Plastic_plastic59,TrashNet,cleaned_image_classification,val,Plastic,Plastic,prepared_datasets/combined_6class_confusion_cleaned/val/Plastic/plastic59.jpg,prepared_datasets/combined_6class_confusion_cleaned/val/Plastic/plastic59.jpg,prepared_datasets/combined_6class_confusion_cleaned/val/Plastic/plastic59.jpg,,,,,,,,
val_Plastic_plastic63,TrashNet,cleaned_image_classification,val,Plastic,Plastic,prepared_datasets/combined_6class_confusion_cleaned/val/Plastic/plastic63.jpg,prepared_datasets/combined_6class_confusion_cleaned/val/Plastic/plastic63.jpg,prepared_datasets/combined_6class_confusion_cleaned/val/Plastic/plastic63.jpg,,,,,,,,
val_Plastic_plastic72,TrashNet,cleaned_image_classification,val,Plastic,Plastic,prepared_datasets/combined_6class_confusion_cleaned/val/Plastic/plastic72.jpg,prepared_datasets/combined_6class_confusion_cleaned/val/Plastic/plastic72.jpg,prepared_datasets/combined_6class_confusion_cleaned/val/Plastic/plastic72.jpg,,,,,,,,
val_Plastic_plastic8,TrashNet,cleaned_image_classification,val,Plastic,Plastic,prepared_datasets/combined_6class_confusion_cleaned/val/Plastic/plastic8.jpg,prepared_datasets/combined_6class_confusion_cleaned/val/Plastic/plastic8.jpg,prepared_datasets/combined_6class_confusion_cleaned/val/Plastic/plastic8.jpg,,,,,,,,
val_Plastic_plastic88,TrashNet,cleaned_image_classification,val,Plastic,Plastic,prepared_datasets/combined_6class_confusion_cleaned/val/Plastic/plastic88.jpg,prepared_datasets/combined_6class_confusion_cleaned/val/Plastic/plastic88.jpg,prepared_datasets/combined_6class_confusion_cleaned/val/Plastic/plastic88.jpg,,,,,,,,
val_Plastic_plastic92,TrashNet,cleaned_image_classification,val,Plastic,Plastic,prepared_datasets/combined_6class_confusion_cleaned/val/Plastic/plastic92.jpg,prepared_datasets/combined_6class_confusion_cleaned/val/Plastic/plastic92.jpg,prepared_datasets/combined_6class_confusion_cleaned/val/Plastic/plastic92.jpg,,,,,,,,
val_Plastic_plastic99,TrashNet,cleaned_image_classification,val,Plastic,Plastic,prepared_datasets/combined_6class_confusion_cleaned/val/Plastic/plastic99.jpg,prepared_datasets/combined_6class_confusion_cleaned/val/Plastic/plastic99.jpg,prepared_datasets/combined_6class_confusion_cleaned/val/Plastic/plastic99.jpg,,,,,,,,
