sample_id,source_dataset,annotation_type,split,final_class,source_label,image_path,crop_path,source_image_path,image_width,image_height,bbox_x,bbox_y,bbox_width,bbox_height,image_id,annotation_id
taco_1,TACO,cropped_object_classification,train,Glass,Glass bottle,TACO-master/TACO-master/data/filtered_classification/crops/train/Glass/000006_ann1.jpg,TACO-master/TACO-master/data/filtered_classification/crops/train/Glass/000006_ann1.jpg,TACO-master/TACO-master/data/batch_1/000006.jpg,1537,2049,517.0,127.0,447.0,1322.0,0,1
taco_3,TACO,cropped_object_classification,train,PaperCardboard,Other carton,TACO-master/TACO-master/data/filtered_classification/crops/train/PaperCardboard/000008_ann3.jpg,TACO-master/TACO-master/data/filtered_classification/crops/train/PaperCardboard/000008_ann3.jpg,TACO-master/TACO-master/data/batch_1/000008.jpg,1537,2049,531.0,292.0,1006.0,672.0,1,3
taco_4,TACO,cropped_object_classification,train,Plastic,Clear plastic bottle,TACO-master/TACO-master/data/filtered_classification/crops/train/Plastic/000010_ann4.jpg,TACO-master/TACO-master/data/filtered_classification/crops/train/Plastic/000010_ann4.jpg,TACO-master/TACO-master/data/batch_1/000010.jpg,1537,2049,632.0,987.0,500.0,374.0,2,4
taco_6,TACO,cropped_object_classification,test,Plastic,Clear plastic bottle,TACO-master/TACO-master/data/filtered_classification/crops/test/Plastic/000019_ann6.jpg,TACO-master/TACO-master/data/filtered_classification/crops/test/Plastic/000019_ann6.jpg,TACO-master/TACO-master/data/batch_1/000019.jpg,2049,1537,209.0,920.0,454.0,562.0,3,6
taco_7,TACO,cropped_object_classification,val,Plastic,Clear plastic bottle,TACO-master/TACO-master/data/filtered_classification/crops/val/Plastic/000019_ann7.jpg,TACO-master/TACO-master/data/filtered_classification/crops/val/Plastic/000019_ann7.jpg,TACO-master/TACO-master/data/batch_1/000019.jpg,2049,1537,1212.0,822.0,179.0,446.0,3,7
taco_9,TACO,cropped_object_classification,train,Metal,Drink can,TACO-master/TACO-master/data/filtered_classification/crops/train/Metal/000019_ann9.jpg,TACO-master/TACO-master/data/filtered_classification/crops/train/Metal/000019_ann9.jpg,TACO-master/TACO-master/data/batch_1/000019.jpg,2049,1537,589.0,548.0,341.0,405.0,3,9
taco_10,TACO,cropped_object_classification,val,Metal,Drink can,TACO-master/TACO-master/data/filtered_classification/crops/val/Metal/000026_ann10.jpg,TACO-master/TACO-master/data/filtered_classification/crops/val/Metal/000026_ann10.jpg,TACO-master/TACO-master/data/batch_1/000026.jpg,1537,2049,556.0,944.0,490.0,336.0,4,10
taco_11,TACO,cropped_object_classification,train,Metal,Food Can,TACO-master/TACO-master/data/filtered_classification/crops/train/Metal/000047_ann11.jpg,TACO-master/TACO-master/data/filtered_classification/crops/train/Metal/000047_ann11.jpg,TACO-master/TACO-master/data/batch_1/000047.jpg,2049,1537,1205.0,47.0,623.0,721.0,5,11
taco_12,TACO,cropped_object_classification,train,Metal,Food Can,TACO-master/TACO-master/data/filtered_classification/crops/train/Metal/000047_ann12.jpg,TACO-master/TACO-master/data/filtered_classification/crops/train/Metal/000047_ann12.jpg,TACO-master/TACO-master/data/batch_1/000047.jpg,2049,1537,309.0,11.0,581.0,820.0,5,12
taco_13,TACO,cropped_object_classification,train,Plastic,Other plastic bottle,TACO-master/TACO-master/data/filtered_classification/crops/train/Plastic/000047_ann13.jpg,TACO-master/TACO-master/data/filtered_classification/crops/train/Plastic/000047_ann13.jpg,TACO-master/TACO-master/data/batch_1/000047.jpg,2049,1537,189.0,751.0,1617.0,589.0,5,13
taco_17,TACO,cropped_object_classification,train,Metal,Aerosol,TACO-master/TACO-master/data/filtered_classification/crops/train/Metal/000055_ann17.jpg,TACO-master/TACO-master/data/filtered_classification/crops/train/Metal/000055_ann17.jpg,TACO-master/TACO-master/data/batch_1/000055.jpg,1537,2049,515.0,439.0,357.0,1125.0,6,17
taco_18,TACO,cropped_object_classification,val,Plastic,Clear plastic bottle,TACO-master/TACO-master/data/filtered_classification/crops/val/Plastic/000001_ann18.jpg,TACO-master/TACO-master/data/filtered_classification/crops/val/Plastic/000001_ann18.jpg,TACO-master/TACO-master/data/batch_1/000001.jpg,2049,1537,826.0,744.0,464.0,205.0,7,18
taco_20,TACO,cropped_object_classification,train,Plastic,Clear plastic bottle,TACO-master/TACO-master/data/filtered_classification/crops/train/Plastic/000005_ann20.jpg,TACO-master/TACO-master/data/filtered_classification/crops/train/Plastic/000005_ann20.jpg,TACO-master/TACO-master/data/batch_1/000005.jpg,1537,2049,824.0,557.0,89.0,236.0,8,20
taco_21,TACO,cropped_object_classification,val,Metal,Food Can,TACO-master/TACO-master/data/filtered_classification/crops/val/Metal/000007_ann21.jpg,TACO-master/TACO-master/data/filtered_classification/crops/val/Metal/000007_ann21.jpg,TACO-master/TACO-master/data/batch_1/000007.jpg,1537,2049,730.0,126.0,275.0,609.0,9,21
taco_24,TACO,cropped_object_classification,test,Glass,Glass bottle,TACO-master/TACO-master/data/filtered_classification/crops/test/Glass/000012_ann24.jpg,TACO-master/TACO-master/data/filtered_classification/crops/test/Glass/000012_ann24.jpg,TACO-master/TACO-master/data/batch_1/000012.jpg,1537,2049,379.0,1127.0,425.0,318.0,10,24
taco_27,TACO,cropped_object_classification,train,Other,Styrofoam piece,TACO-master/TACO-master/data/filtered_classification/crops/train/Other/000014_ann27.jpg,TACO-master/TACO-master/data/filtered_classification/crops/train/Other/000014_ann27.jpg,TACO-master/TACO-master/data/batch_1/000014.jpg,1537,2049,914.0,1308.0,243.0,187.0,11,27
taco_28,TACO,cropped_object_classification,train,Metal,Drink can,TACO-master/TACO-master/data/filtered_classification/crops/train/Metal/000014_ann28.jpg,TACO-master/TACO-master/data/filtered_classification/crops/train/Metal/000014_ann28.jpg,TACO-master/TACO-master/data/batch_1/000014.jpg,1537,2049,672.0,1069.0,219.0,161.0,11,28
taco_30,TACO,cropped_object_classification,train,PaperCardboard,Other carton,TACO-master/TACO-master/data/filtered_classification/crops/train/PaperCardboard/000014_ann30.jpg,TACO-master/TACO-master/data/filtered_classification/crops/train/PaperCardboard/000014_ann30.jpg,TACO-master/TACO-master/data/batch_1/000014.jpg,1537,2049,836.0,1010.0,339.0,207.0,11,30
taco_32,TACO,cropped_object_classification,train,Plastic,Other plastic bottle,TACO-master/TACO-master/data/filtered_classification/crops/train/Plastic/000048_ann32.jpg,TACO-master/TACO-master/data/filtered_classification/crops/train/Plastic/000048_ann32.jpg,TACO-master/TACO-master/data/batch_1/000048.jpg,2049,1537,1527.0,460.0,415.0,1033.0,12,32
taco_33,TACO,cropped_object_classification,test,Plastic,Clear plastic bottle,TACO-master/TACO-master/data/filtered_classification/crops/test/Plastic/000048_ann33.jpg,TACO-master/TACO-master/data/filtered_classification/crops/test/Plastic/000048_ann33.jpg,TACO-master/TACO-master/data/batch_1/000048.jpg,2049,1537,579.0,521.0,322.0,921.0,12,33
taco_34,TACO,cropped_object_classification,val,Glass,Glass bottle,TACO-master/TACO-master/data/filtered_classification/crops/val/Glass/000048_ann34.jpg,TACO-master/TACO-master/data/filtered_classification/crops/val/Glass/000048_ann34.jpg,TACO-master/TACO-master/data/batch_1/000048.jpg,2049,1537,211.0,1.0,417.0,1417.0,12,34
taco_42,TACO,cropped_object_classification,train,Plastic,Clear plastic bottle,TACO-master/TACO-master/data/filtered_classification/crops/train/Plastic/000053_ann42.jpg,TACO-master/TACO-master/data/filtered_classification/crops/train/Plastic/000053_ann42.jpg,TACO-master/TACO-master/data/batch_1/000053.jpg,1537,2049,398.0,410.0,1134.0,998.0,13,42
taco_46,TACO,cropped_object_classification,train,Plastic,Other plastic bottle,TACO-master/TACO-master/data/filtered_classification/crops/train/Plastic/000056_ann46.jpg,TACO-master/TACO-master/data/filtered_classification/crops/train/Plastic/000056_ann46.jpg,TACO-master/TACO-master/data/batch_1/000056.jpg,1537,2049,419.0,8.0,713.0,1854.0,14,46
taco_47,TACO,cropped_object_classification,train,Plastic,Other plastic bottle,TACO-master/TACO-master/data/filtered_classification/crops/train/Plastic/000058_ann47.jpg,TACO-master/TACO-master/data/filtered_classification/crops/train/Plastic/000058_ann47.jpg,TACO-master/TACO-master/data/batch_1/000058.jpg,1537,2049,150.0,328.0,568.0,1304.0,15,47
taco_48,TACO,cropped_object_classification,train,Plastic,Other plastic bottle,TACO-master/TACO-master/data/filtered_classification/crops/train/Plastic/000058_ann48.jpg,TACO-master/TACO-master/data/filtered_classification/crops/train/Plastic/000058_ann48.jpg,TACO-master/TACO-master/data/batch_1/000058.jpg,1537,2049,802.0,405.0,547.0,1404.0,15,48
taco_50,TACO,cropped_object_classification,val,Metal,Aerosol,TACO-master/TACO-master/data/filtered_classification/crops/val/Metal/000060_ann50.jpg,TACO-master/TACO-master/data/filtered_classification/crops/val/Metal/000060_ann50.jpg,TACO-master/TACO-master/data/batch_1/000060.jpg,1537,2049,750.0,244.0,402.0,1467.0,16,50
taco_51,TACO,cropped_object_classification,train,PaperCardboard,Normal paper,TACO-master/TACO-master/data/filtered_classification/crops/train/PaperCardboard/000060_ann51.jpg,TACO-master/TACO-master/data/filtered_classification/crops/train/PaperCardboard/000060_ann51.jpg,TACO-master/TACO-master/data/batch_1/000060.jpg,1537,2049,1205.0,989.0,332.0,602.0,16,51
taco_53,TACO,cropped_object_classification,train,Metal,Drink can,TACO-master/TACO-master/data/filtered_classification/crops/train/Metal/000011_ann53.jpg,TACO-master/TACO-master/data/filtered_classification/crops/train/Metal/000011_ann53.jpg,TACO-master/TACO-master/data/batch_1/000011.jpg,1537,2049,522.0,1168.0,240.0,122.0,18,53
taco_54,TACO,cropped_object_classification,train,Metal,Drink can,TACO-master/TACO-master/data/filtered_classification/crops/train/Metal/000032_ann54.jpg,TACO-master/TACO-master/data/filtered_classification/crops/train/Metal/000032_ann54.jpg,TACO-master/TACO-master/data/batch_1/000032.jpg,1537,2049,503.0,808.0,445.0,357.0,19,54
taco_56,TACO,cropped_object_classification,train,Metal,Food Can,TACO-master/TACO-master/data/filtered_classification/crops/train/Metal/000040_ann56.jpg,TACO-master/TACO-master/data/filtered_classification/crops/train/Metal/000040_ann56.jpg,TACO-master/TACO-master/data/batch_1/000040.jpg,2049,1537,285.0,402.0,472.0,624.0,20,56
taco_57,TACO,cropped_object_classification,train,Metal,Food Can,TACO-master/TACO-master/data/filtered_classification/crops/train/Metal/000040_ann57.jpg,TACO-master/TACO-master/data/filtered_classification/crops/train/Metal/000040_ann57.jpg,TACO-master/TACO-master/data/batch_1/000040.jpg,2049,1537,1450.0,379.0,514.0,612.0,20,57
taco_60,TACO,cropped_object_classification,train,Metal,Food Can,TACO-master/TACO-master/data/filtered_classification/crops/train/Metal/000043_ann60.jpg,TACO-master/TACO-master/data/filtered_classification/crops/train/Metal/000043_ann60.jpg,TACO-master/TACO-master/data/batch_1/000043.jpg,2049,1537,602.0,290.0,865.0,1059.0,21,60
taco_62,TACO,cropped_object_classification,train,Metal,Drink can,TACO-master/TACO-master/data/filtered_classification/crops/train/Metal/000049_ann62.jpg,TACO-master/TACO-master/data/filtered_classification/crops/train/Metal/000049_ann62.jpg,TACO-master/TACO-master/data/batch_1/000049.jpg,1537,2049,399.0,502.0,483.0,741.0,22,62
taco_64,TACO,cropped_object_classification,train,Metal,Aerosol,TACO-master/TACO-master/data/filtered_classification/crops/train/Metal/000054_ann64.jpg,TACO-master/TACO-master/data/filtered_classification/crops/train/Metal/000054_ann64.jpg,TACO-master/TACO-master/data/batch_1/000054.jpg,1537,2049,184.0,898.0,494.0,854.0,23,64
taco_65,TACO,cropped_object_classification,train,Plastic,Other plastic bottle,TACO-master/TACO-master/data/filtered_classification/crops/train/Plastic/000054_ann65.jpg,TACO-master/TACO-master/data/filtered_classification/crops/train/Plastic/000054_ann65.jpg,TACO-master/TACO-master/data/batch_1/000054.jpg,1537,2049,605.0,259.0,379.0,1196.0,23,65
taco_66,TACO,cropped_object_classification,train,Plastic,Other plastic bottle,TACO-master/TACO-master/data/filtered_classification/crops/train/Plastic/000054_ann66.jpg,TACO-master/TACO-master/data/filtered_classification/crops/train/Plastic/000054_ann66.jpg,TACO-master/TACO-master/data/batch_1/000054.jpg,1537,2049,1051.0,202.0,486.0,1078.0,23,66
taco_68,TACO,cropped_object_classification,val,Metal,Aerosol,TACO-master/TACO-master/data/filtered_classification/crops/val/Metal/000061_ann68.jpg,TACO-master/TACO-master/data/filtered_classification/crops/val/Metal/000061_ann68.jpg,TACO-master/TACO-master/data/batch_1/000061.jpg,1537,2049,274.0,723.0,663.0,846.0,24,68
taco_69,TACO,cropped_object_classification,train,Glass,Glass bottle,TACO-master/TACO-master/data/filtered_classification/crops/train/Glass/000021_ann69.jpg,TACO-master/TACO-master/data/filtered_classification/crops/train/Glass/000021_ann69.jpg,TACO-master/TACO-master/data/batch_1/000021.jpg,2049,1537,852.0,638.0,687.0,291.0,25,69
taco_71,TACO,cropped_object_classification,train,Glass,Glass bottle,TACO-master/TACO-master/data/filtered_classification/crops/train/Glass/000022_ann71.jpg,TACO-master/TACO-master/data/filtered_classification/crops/train/Glass/000022_ann71.jpg,TACO-master/TACO-master/data/batch_1/000022.jpg,2049,1537,647.0,1033.0,820.0,376.0,26,71
taco_73,TACO,cropped_object_classification,train,Plastic,Clear plastic bottle,TACO-master/TACO-master/data/filtered_classification/crops/train/Plastic/000023_ann73.jpg,TACO-master/TACO-master/data/filtered_classification/crops/train/Plastic/000023_ann73.jpg,TACO-master/TACO-master/data/batch_1/000023.jpg,1537,2049,372.0,1441.0,293.0,221.0,27,73
taco_74,TACO,cropped_object_classification,test,Metal,Drink can,TACO-master/TACO-master/data/filtered_classification/crops/test/Metal/000023_ann74.jpg,TACO-master/TACO-master/data/filtered_classification/crops/test/Metal/000023_ann74.jpg,TACO-master/TACO-master/data/batch_1/000023.jpg,1537,2049,1015.0,979.0,190.0,214.0,27,74
taco_75,TACO,cropped_object_classification,train,Metal,Drink can,TACO-master/TACO-master/data/filtered_classification/crops/train/Metal/000023_ann75.jpg,TACO-master/TACO-master/data/filtered_classification/crops/train/Metal/000023_ann75.jpg,TACO-master/TACO-master/data/batch_1/000023.jpg,1537,2049,904.0,1493.0,168.0,166.0,27,75
taco_76,TACO,cropped_object_classification,train,Metal,Drink can,TACO-master/TACO-master/data/filtered_classification/crops/train/Metal/000023_ann76.jpg,TACO-master/TACO-master/data/filtered_classification/crops/train/Metal/000023_ann76.jpg,TACO-master/TACO-master/data/batch_1/000023.jpg,1537,2049,683.0,1550.0,221.0,103.0,27,76
taco_80,TACO,cropped_object_classification,test,Metal,Drink can,TACO-master/TACO-master/data/filtered_classification/crops/test/Metal/000024_ann80.jpg,TACO-master/TACO-master/data/filtered_classification/crops/test/Metal/000024_ann80.jpg,TACO-master/TACO-master/data/batch_1/000024.jpg,1537,2049,218.0,1457.0,273.0,273.0,28,80
taco_81,TACO,cropped_object_classification,test,Metal,Drink can,TACO-master/TACO-master/data/filtered_classification/crops/test/Metal/000024_ann81.jpg,TACO-master/TACO-master/data/filtered_classification/crops/test/Metal/000024_ann81.jpg,TACO-master/TACO-master/data/batch_1/000024.jpg,1537,2049,634.0,860.0,227.0,232.0,28,81
taco_83,TACO,cropped_object_classification,train,Metal,Drink can,TACO-master/TACO-master/data/filtered_classification/crops/train/Metal/000027_ann83.jpg,TACO-master/TACO-master/data/filtered_classification/crops/train/Metal/000027_ann83.jpg,TACO-master/TACO-master/data/batch_1/000027.jpg,1537,2049,668.0,717.0,455.0,655.0,29,83
taco_85,TACO,cropped_object_classification,train,Metal,Drink can,TACO-master/TACO-master/data/filtered_classification/crops/train/Metal/000030_ann85.jpg,TACO-master/TACO-master/data/filtered_classification/crops/train/Metal/000030_ann85.jpg,TACO-master/TACO-master/data/batch_1/000030.jpg,1537,2049,604.0,1052.0,187.0,320.0,31,85
taco_86,TACO,cropped_object_classification,train,Metal,Drink can,TACO-master/TACO-master/data/filtered_classification/crops/train/Metal/000031_ann86.jpg,TACO-master/TACO-master/data/filtered_classification/crops/train/Metal/000031_ann86.jpg,TACO-master/TACO-master/data/batch_1/000031.jpg,1537,2049,470.0,1040.0,413.0,321.0,32,86
taco_87,TACO,cropped_object_classification,train,Metal,Food Can,TACO-master/TACO-master/data/filtered_classification/crops/train/Metal/000042_ann87.jpg,TACO-master/TACO-master/data/filtered_classification/crops/train/Metal/000042_ann87.jpg,TACO-master/TACO-master/data/batch_1/000042.jpg,2049,1537,664.0,619.0,239.0,270.0,33,87
taco_88,TACO,cropped_object_classification,train,Metal,Food Can,TACO-master/TACO-master/data/filtered_classification/crops/train/Metal/000042_ann88.jpg,TACO-master/TACO-master/data/filtered_classification/crops/train/Metal/000042_ann88.jpg,TACO-master/TACO-master/data/batch_1/000042.jpg,2049,1537,1179.0,662.0,286.0,265.0,33,88
taco_91,TACO,cropped_object_classification,train,Metal,Drink can,TACO-master/TACO-master/data/filtered_classification/crops/train/Metal/000050_ann91.jpg,TACO-master/TACO-master/data/filtered_classification/crops/train/Metal/000050_ann91.jpg,TACO-master/TACO-master/data/batch_1/000050.jpg,1537,2049,642.0,854.0,833.0,804.0,34,91
taco_93,TACO,cropped_object_classification,train,Metal,Aerosol,TACO-master/TACO-master/data/filtered_classification/crops/train/Metal/000059_ann93.jpg,TACO-master/TACO-master/data/filtered_classification/crops/train/Metal/000059_ann93.jpg,TACO-master/TACO-master/data/batch_1/000059.jpg,1537,2049,656.0,705.0,319.0,841.0,35,93
taco_94,TACO,cropped_object_classification,train,PaperCardboard,Normal paper,TACO-master/TACO-master/data/filtered_classification/crops/train/PaperCardboard/000059_ann94.jpg,TACO-master/TACO-master/data/filtered_classification/crops/train/PaperCardboard/000059_ann94.jpg,TACO-master/TACO-master/data/batch_1/000059.jpg,1537,2049,744.0,551.0,792.0,777.0,35,94
taco_97,TACO,cropped_object_classification,train,Plastic,Clear plastic bottle,TACO-master/TACO-master/data/filtered_classification/crops/train/Plastic/000000_ann97.jpg,TACO-master/TACO-master/data/filtered_classification/crops/train/Plastic/000000_ann97.jpg,TACO-master/TACO-master/data/batch_1/000000.jpg,1537,2049,710.0,1225.0,153.0,198.0,36,97
taco_98,TACO,cropped_object_classification,val,Glass,Glass bottle,TACO-master/TACO-master/data/filtered_classification/crops/val/Glass/000013_ann98.jpg,TACO-master/TACO-master/data/filtered_classification/crops/val/Glass/000013_ann98.jpg,TACO-master/TACO-master/data/batch_1/000013.jpg,1537,2049,811.0,1123.0,199.0,350.0,37,98
taco_100,TACO,cropped_object_classification,train,Other,Crisp packet,TACO-master/TACO-master/data/filtered_classification/crops/train/Other/000015_ann100.jpg,TACO-master/TACO-master/data/filtered_classification/crops/train/Other/000015_ann100.jpg,TACO-master/TACO-master/data/batch_1/000015.jpg,1537,2049,828.0,1058.0,193.0,187.0,38,100
taco_101,TACO,cropped_object_classification,test,Glass,Glass bottle,TACO-master/TACO-master/data/filtered_classification/crops/test/Glass/000016_ann101.jpg,TACO-master/TACO-master/data/filtered_classification/crops/test/Glass/000016_ann101.jpg,TACO-master/TACO-master/data/batch_1/000016.jpg,1537,2049,593.0,934.0,432.0,238.0,39,101
taco_102,TACO,cropped_object_classification,train,Glass,Glass bottle,TACO-master/TACO-master/data/filtered_classification/crops/train/Glass/000017_ann102.jpg,TACO-master/TACO-master/data/filtered_classification/crops/train/Glass/000017_ann102.jpg,TACO-master/TACO-master/data/batch_1/000017.jpg,1537,2049,713.0,530.0,191.0,373.0,40,102
taco_103,TACO,cropped_object_classification,train,Metal,Drink can,TACO-master/TACO-master/data/filtered_classification/crops/train/Metal/000025_ann103.jpg,TACO-master/TACO-master/data/filtered_classification/crops/train/Metal/000025_ann103.jpg,TACO-master/TACO-master/data/batch_1/000025.jpg,1537,2049,323.0,1055.0,487.0,352.0,41,103
taco_105,TACO,cropped_object_classification,train,PaperCardboard,Normal paper,TACO-master/TACO-master/data/filtered_classification/crops/train/PaperCardboard/000025_ann105.jpg,TACO-master/TACO-master/data/filtered_classification/crops/train/PaperCardboard/000025_ann105.jpg,TACO-master/TACO-master/data/batch_1/000025.jpg,1537,2049,1426.0,1294.0,110.0,273.0,41,105
taco_106,TACO,cropped_object_classification,train,Metal,Drink can,TACO-master/TACO-master/data/filtered_classification/crops/train/Metal/000029_ann106.jpg,TACO-master/TACO-master/data/filtered_classification/crops/train/Metal/000029_ann106.jpg,TACO-master/TACO-master/data/batch_1/000029.jpg,1537,2049,652.0,874.0,425.0,689.0,42,106
taco_107,TACO,cropped_object_classification,train,Plastic,Other plastic bottle,TACO-master/TACO-master/data/filtered_classification/crops/train/Plastic/000035_ann107.jpg,TACO-master/TACO-master/data/filtered_classification/crops/train/Plastic/000035_ann107.jpg,TACO-master/TACO-master/data/batch_1/000035.jpg,1537,2049,33.0,230.0,602.0,1316.0,43,107
taco_108,TACO,cropped_object_classification,val,Plastic,Other plastic bottle,TACO-master/TACO-master/data/filtered_classification/crops/val/Plastic/000035_ann108.jpg,TACO-master/TACO-master/data/filtered_classification/crops/val/Plastic/000035_ann108.jpg,TACO-master/TACO-master/data/batch_1/000035.jpg,1537,2049,807.0,103.0,710.0,1613.0,43,108
taco_110,TACO,cropped_object_classification,train,Metal,Food Can,TACO-master/TACO-master/data/filtered_classification/crops/train/Metal/000037_ann110.jpg,TACO-master/TACO-master/data/filtered_classification/crops/train/Metal/000037_ann110.jpg,TACO-master/TACO-master/data/batch_1/000037.jpg,2049,1537,929.0,557.0,379.0,500.0,44,110
taco_111,TACO,cropped_object_classification,train,Metal,Food Can,TACO-master/TACO-master/data/filtered_classification/crops/train/Metal/000037_ann111.jpg,TACO-master/TACO-master/data/filtered_classification/crops/train/Metal/000037_ann111.jpg,TACO-master/TACO-master/data/batch_1/000037.jpg,2049,1537,494.0,531.0,372.0,533.0,44,111
taco_112,TACO,cropped_object_classification,train,Metal,Food Can,TACO-master/TACO-master/data/filtered_classification/crops/train/Metal/000037_ann112.jpg,TACO-master/TACO-master/data/filtered_classification/crops/train/Metal/000037_ann112.jpg,TACO-master/TACO-master/data/batch_1/000037.jpg,2049,1537,709.0,271.0,296.0,482.0,44,112
taco_115,TACO,cropped_object_classification,train,Metal,Food Can,TACO-master/TACO-master/data/filtered_classification/crops/train/Metal/000045_ann115.jpg,TACO-master/TACO-master/data/filtered_classification/crops/train/Metal/000045_ann115.jpg,TACO-master/TACO-master/data/batch_1/000045.jpg,2049,1537,564.0,1303.0,522.0,233.0,45,115
taco_116,TACO,cropped_object_classification,train,Metal,Food Can,TACO-master/TACO-master/data/filtered_classification/crops/train/Metal/000045_ann116.jpg,TACO-master/TACO-master/data/filtered_classification/crops/train/Metal/000045_ann116.jpg,TACO-master/TACO-master/data/batch_1/000045.jpg,2049,1537,0.0,452.0,437.0,504.0,45,116
taco_117,TACO,cropped_object_classification,test,Metal,Food Can,TACO-master/TACO-master/data/filtered_classification/crops/test/Metal/000045_ann117.jpg,TACO-master/TACO-master/data/filtered_classification/crops/test/Metal/000045_ann117.jpg,TACO-master/TACO-master/data/batch_1/000045.jpg,2049,1537,395.0,475.0,424.0,486.0,45,117
taco_118,TACO,cropped_object_classification,train,Metal,Food Can,TACO-master/TACO-master/data/filtered_classification/crops/train/Metal/000045_ann118.jpg,TACO-master/TACO-master/data/filtered_classification/crops/train/Metal/000045_ann118.jpg,TACO-master/TACO-master/data/batch_1/000045.jpg,2049,1537,804.0,465.0,339.0,501.0,45,118
taco_119,TACO,cropped_object_classification,train,Metal,Food Can,TACO-master/TACO-master/data/filtered_classification/crops/train/Metal/000045_ann119.jpg,TACO-master/TACO-master/data/filtered_classification/crops/train/Metal/000045_ann119.jpg,TACO-master/TACO-master/data/batch_1/000045.jpg,2049,1537,1128.0,327.0,496.0,648.0,45,119
taco_120,TACO,cropped_object_classification,test,Metal,Food Can,TACO-master/TACO-master/data/filtered_classification/crops/test/Metal/000045_ann120.jpg,TACO-master/TACO-master/data/filtered_classification/crops/test/Metal/000045_ann120.jpg,TACO-master/TACO-master/data/batch_1/000045.jpg,2049,1537,1583.0,315.0,466.0,669.0,45,120
taco_121,TACO,cropped_object_classification,test,Metal,Food Can,TACO-master/TACO-master/data/filtered_classification/crops/test/Metal/000038_ann121.jpg,TACO-master/TACO-master/data/filtered_classification/crops/test/Metal/000038_ann121.jpg,TACO-master/TACO-master/data/batch_1/000038.jpg,2049,1537,238.0,686.0,401.0,475.0,46,121
taco_122,TACO,cropped_object_classification,test,Metal,Food Can,TACO-master/TACO-master/data/filtered_classification/crops/test/Metal/000038_ann122.jpg,TACO-master/TACO-master/data/filtered_classification/crops/test/Metal/000038_ann122.jpg,TACO-master/TACO-master/data/batch_1/000038.jpg,2049,1537,802.0,410.0,413.0,344.0,46,122
taco_123,TACO,cropped_object_classification,train,Metal,Food Can,TACO-master/TACO-master/data/filtered_classification/crops/train/Metal/000038_ann123.jpg,TACO-master/TACO-master/data/filtered_classification/crops/train/Metal/000038_ann123.jpg,TACO-master/TACO-master/data/batch_1/000038.jpg,2049,1537,1498.0,636.0,405.0,477.0,46,123
taco_129,TACO,cropped_object_classification,train,PaperCardboard,Egg carton,TACO-master/TACO-master/data/filtered_classification/crops/train/PaperCardboard/000065_ann129.jpg,TACO-master/TACO-master/data/filtered_classification/crops/train/PaperCardboard/000065_ann129.jpg,TACO-master/TACO-master/data/batch_1/000065.JPG,3264,2448,1824.0,475.0,1028.0,735.0,47,129
taco_130,TACO,cropped_object_classification,train,PaperCardboard,Egg carton,TACO-master/TACO-master/data/filtered_classification/crops/train/PaperCardboard/000065_ann130.jpg,TACO-master/TACO-master/data/filtered_classification/crops/train/PaperCardboard/000065_ann130.jpg,TACO-master/TACO-master/data/batch_1/000065.JPG,3264,2448,1183.0,55.0,1006.0,1054.0,47,130
taco_131,TACO,cropped_object_classification,train,PaperCardboard,Egg carton,TACO-master/TACO-master/data/filtered_classification/crops/train/PaperCardboard/000066_ann131.jpg,TACO-master/TACO-master/data/filtered_classification/crops/train/PaperCardboard/000066_ann131.jpg,TACO-master/TACO-master/data/batch_1/000066.JPG,3264,2448,413.0,1120.0,1143.0,922.0,48,131
taco_132,TACO,cropped_object_classification,val,PaperCardboard,Egg carton,TACO-master/TACO-master/data/filtered_classification/crops/val/PaperCardboard/000067_ann132.jpg,TACO-master/TACO-master/data/filtered_classification/crops/val/PaperCardboard/000067_ann132.jpg,TACO-master/TACO-master/data/batch_1/000067.JPG,2448,3264,31.0,194.0,1700.0,2107.0,49,132
taco_134,TACO,cropped_object_classification,train,Metal,Drink can,TACO-master/TACO-master/data/filtered_classification/crops/train/Metal/000069_ann134.jpg,TACO-master/TACO-master/data/filtered_classification/crops/train/Metal/000069_ann134.jpg,TACO-master/TACO-master/data/batch_1/000069.JPG,2448,3264,1050.0,1654.0,410.0,353.0,51,134
taco_135,TACO,cropped_object_classification,train,Metal,Drink can,TACO-master/TACO-master/data/filtered_classification/crops/train/Metal/000070_ann135.jpg,TACO-master/TACO-master/data/filtered_classification/crops/train/Metal/000070_ann135.jpg,TACO-master/TACO-master/data/batch_1/000070.JPG,2448,3264,1038.0,1111.0,255.0,637.0,52,135
taco_136,TACO,cropped_object_classification,train,PaperCardboard,Other carton,TACO-master/TACO-master/data/filtered_classification/crops/train/PaperCardboard/000071_ann136.jpg,TACO-master/TACO-master/data/filtered_classification/crops/train/PaperCardboard/000071_ann136.jpg,TACO-master/TACO-master/data/batch_1/000071.JPG,2448,3264,1024.0,1397.0,556.0,592.0,53,136
taco_137,TACO,cropped_object_classification,test,Other,Crisp packet,TACO-master/TACO-master/data/filtered_classification/crops/test/Other/000072_ann137.jpg,TACO-master/TACO-master/data/filtered_classification/crops/test/Other/000072_ann137.jpg,TACO-master/TACO-master/data/batch_1/000072.JPG,2448,3264,704.0,1301.0,683.0,591.0,54,137
taco_138,TACO,cropped_object_classification,train,PaperCardboard,Normal paper,TACO-master/TACO-master/data/filtered_classification/crops/train/PaperCardboard/000072_ann138.jpg,TACO-master/TACO-master/data/filtered_classification/crops/train/PaperCardboard/000072_ann138.jpg,TACO-master/TACO-master/data/batch_1/000072.JPG,2448,3264,1.0,1413.0,814.0,1030.0,54,138
taco_139,TACO,cropped_object_classification,train,Metal,Drink can,TACO-master/TACO-master/data/filtered_classification/crops/train/Metal/000073_ann139.jpg,TACO-master/TACO-master/data/filtered_classification/crops/train/Metal/000073_ann139.jpg,TACO-master/TACO-master/data/batch_1/000073.JPG,2448,3264,940.0,837.0,492.0,711.0,55,139
taco_142,TACO,cropped_object_classification,train,PaperCardboard,Paper bag,TACO-master/TACO-master/data/filtered_classification/crops/train/PaperCardboard/000078_ann142.jpg,TACO-master/TACO-master/data/filtered_classification/crops/train/PaperCardboard/000078_ann142.jpg,TACO-master/TACO-master/data/batch_1/000078.JPG,2448,3264,421.0,1009.0,1362.0,1946.0,58,142
taco_143,TACO,cropped_object_classification,train,PaperCardboard,Paper bag,TACO-master/TACO-master/data/filtered_classification/crops/train/PaperCardboard/000079_ann143.jpg,TACO-master/TACO-master/data/filtered_classification/crops/train/PaperCardboard/000079_ann143.jpg,TACO-master/TACO-master/data/batch_1/000079.JPG,2448,3264,257.0,1089.0,1712.0,1781.0,59,143
taco_144,TACO,cropped_object_classification,train,Plastic,Clear plastic bottle,TACO-master/TACO-master/data/filtered_classification/crops/train/Plastic/000081_ann144.jpg,TACO-master/TACO-master/data/filtered_classification/crops/train/Plastic/000081_ann144.jpg,TACO-master/TACO-master/data/batch_1/000081.JPG,2448,3264,749.0,1972.0,444.0,284.0,60,144
taco_146,TACO,cropped_object_classification,train,Other,Crisp packet,TACO-master/TACO-master/data/filtered_classification/crops/train/Other/000082_ann146.jpg,TACO-master/TACO-master/data/filtered_classification/crops/train/Other/000082_ann146.jpg,TACO-master/TACO-master/data/batch_1/000082.JPG,2448,3264,966.0,1399.0,525.0,485.0,61,146
taco_149,TACO,cropped_object_classification,train,Plastic,Disposable plastic cup,TACO-master/TACO-master/data/filtered_classification/crops/train/Plastic/000084_ann149.jpg,TACO-master/TACO-master/data/filtered_classification/crops/train/Plastic/000084_ann149.jpg,TACO-master/TACO-master/data/batch_1/000084.JPG,2448,3264,701.0,2191.0,605.0,559.0,63,149
taco_157,TACO,cropped_object_classification,train,PaperCardboard,Paper bag,TACO-master/TACO-master/data/filtered_classification/crops/train/PaperCardboard/000087_ann157.jpg,TACO-master/TACO-master/data/filtered_classification/crops/train/PaperCardboard/000087_ann157.jpg,TACO-master/TACO-master/data/batch_1/000087.JPG,2448,3264,1018.0,1125.0,358.0,397.0,66,157
taco_158,TACO,cropped_object_classification,train,Metal,Food Can,TACO-master/TACO-master/data/filtered_classification/crops/train/Metal/000088_ann158.jpg,TACO-master/TACO-master/data/filtered_classification/crops/train/Metal/000088_ann158.jpg,TACO-master/TACO-master/data/batch_1/000088.JPG,2448,3264,311.0,1648.0,865.0,853.0,67,158
taco_162,TACO,cropped_object_classification,train,Metal,Food Can,TACO-master/TACO-master/data/filtered_classification/crops/train/Metal/000090_ann162.jpg,TACO-master/TACO-master/data/filtered_classification/crops/train/Metal/000090_ann162.jpg,TACO-master/TACO-master/data/batch_1/000090.JPG,2448,3264,608.0,439.0,931.0,1192.0,68,162
taco_163,TACO,cropped_object_classification,test,Organic,Food waste,TACO-master/TACO-master/data/filtered_classification/crops/test/Organic/000090_ann163.jpg,TACO-master/TACO-master/data/filtered_classification/crops/test/Organic/000090_ann163.jpg,TACO-master/TACO-master/data/batch_1/000090.JPG,2448,3264,1118.0,1008.0,386.0,380.0,68,163
taco_164,TACO,cropped_object_classification,test,Plastic,Squeezable tube,TACO-master/TACO-master/data/filtered_classification/crops/test/Plastic/000091_ann164.jpg,TACO-master/TACO-master/data/filtered_classification/crops/test/Plastic/000091_ann164.jpg,TACO-master/TACO-master/data/batch_1/000091.JPG,3264,2448,0.0,414.0,2190.0,1601.0,69,164
taco_166,TACO,cropped_object_classification,val,PaperCardboard,Other carton,TACO-master/TACO-master/data/filtered_classification/crops/val/PaperCardboard/000092_ann166.jpg,TACO-master/TACO-master/data/filtered_classification/crops/val/PaperCardboard/000092_ann166.jpg,TACO-master/TACO-master/data/batch_1/000092.JPG,2448,3264,277.0,686.0,1133.0,1198.0,70,166
taco_167,TACO,cropped_object_classification,train,Plastic,Spread tub,TACO-master/TACO-master/data/filtered_classification/crops/train/Plastic/000092_ann167.jpg,TACO-master/TACO-master/data/filtered_classification/crops/train/Plastic/000092_ann167.jpg,TACO-master/TACO-master/data/batch_1/000092.JPG,2448,3264,1533.0,926.0,618.0,656.0,70,167
taco_169,TACO,cropped_object_classification,train,Plastic,Spread tub,TACO-master/TACO-master/data/filtered_classification/crops/train/Plastic/000093_ann169.jpg,TACO-master/TACO-master/data/filtered_classification/crops/train/Plastic/000093_ann169.jpg,TACO-master/TACO-master/data/batch_1/000093.JPG,2448,3264,1278.0,1841.0,602.0,654.0,71,169
taco_171,TACO,cropped_object_classification,test,Organic,Food waste,TACO-master/TACO-master/data/filtered_classification/crops/test/Organic/000094_ann171.jpg,TACO-master/TACO-master/data/filtered_classification/crops/test/Organic/000094_ann171.jpg,TACO-master/TACO-master/data/batch_1/000094.JPG,2448,3264,665.0,936.0,1057.0,1023.0,72,171
taco_175,TACO,cropped_object_classification,train,Other,Garbage bag,TACO-master/TACO-master/data/filtered_classification/crops/train/Other/000096_ann175.jpg,TACO-master/TACO-master/data/filtered_classification/crops/train/Other/000096_ann175.jpg,TACO-master/TACO-master/data/batch_1/000096.JPG,2448,3264,597.0,1008.0,1218.0,1126.0,74,175
taco_176,TACO,cropped_object_classification,train,Metal,Drink can,TACO-master/TACO-master/data/filtered_classification/crops/train/Metal/000062_ann176.jpg,TACO-master/TACO-master/data/filtered_classification/crops/train/Metal/000062_ann176.jpg,TACO-master/TACO-master/data/batch_1/000062.JPG,2448,3264,870.0,673.0,620.0,386.0,75,176
taco_177,TACO,cropped_object_classification,train,Metal,Drink can,TACO-master/TACO-master/data/filtered_classification/crops/train/Metal/000062_ann177.jpg,TACO-master/TACO-master/data/filtered_classification/crops/train/Metal/000062_ann177.jpg,TACO-master/TACO-master/data/batch_1/000062.JPG,2448,3264,1447.0,829.0,603.0,661.0,75,177
taco_178,TACO,cropped_object_classification,train,Plastic,Clear plastic bottle,TACO-master/TACO-master/data/filtered_classification/crops/train/Plastic/000062_ann178.jpg,TACO-master/TACO-master/data/filtered_classification/crops/train/Plastic/000062_ann178.jpg,TACO-master/TACO-master/data/batch_1/000062.JPG,2448,3264,657.0,1036.0,835.0,361.0,75,178
taco_189,TACO,cropped_object_classification,train,Plastic,Clear plastic bottle,TACO-master/TACO-master/data/filtered_classification/crops/train/Plastic/000098_ann189.jpg,TACO-master/TACO-master/data/filtered_classification/crops/train/Plastic/000098_ann189.jpg,TACO-master/TACO-master/data/batch_1/000098.JPG,2448,3264,571.0,985.0,447.0,814.0,76,189
taco_200,TACO,cropped_object_classification,train,PaperCardboard,Corrugated carton,TACO-master/TACO-master/data/filtered_classification/crops/train/PaperCardboard/000102_ann200.jpg,TACO-master/TACO-master/data/filtered_classification/crops/train/PaperCardboard/000102_ann200.jpg,TACO-master/TACO-master/data/batch_1/000102.JPG,2448,3264,812.0,1171.0,1204.0,825.0,81,200
taco_201,TACO,cropped_object_classification,val,PaperCardboard,Corrugated carton,TACO-master/TACO-master/data/filtered_classification/crops/val/PaperCardboard/000102_ann201.jpg,TACO-master/TACO-master/data/filtered_classification/crops/val/PaperCardboard/000102_ann201.jpg,TACO-master/TACO-master/data/batch_1/000102.JPG,2448,3264,955.0,340.0,1040.0,878.0,81,201
taco_202,TACO,cropped_object_classification,train,PaperCardboard,Corrugated carton,TACO-master/TACO-master/data/filtered_classification/crops/train/PaperCardboard/000102_ann202.jpg,TACO-master/TACO-master/data/filtered_classification/crops/train/PaperCardboard/000102_ann202.jpg,TACO-master/TACO-master/data/batch_1/000102.JPG,2448,3264,1824.0,720.0,610.0,818.0,81,202
taco_208,TACO,cropped_object_classification,train,Metal,Aerosol,TACO-master/TACO-master/data/filtered_classification/crops/train/Metal/000104_ann208.jpg,TACO-master/TACO-master/data/filtered_classification/crops/train/Metal/000104_ann208.jpg,TACO-master/TACO-master/data/batch_1/000104.JPG,3264,2448,734.0,1236.0,1192.0,1153.0,82,208
taco_211,TACO,cropped_object_classification,test,Plastic,Squeezable tube,TACO-master/TACO-master/data/filtered_classification/crops/test/Plastic/000104_ann211.jpg,TACO-master/TACO-master/data/filtered_classification/crops/test/Plastic/000104_ann211.jpg,TACO-master/TACO-master/data/batch_1/000104.JPG,3264,2448,2493.0,1044.0,689.0,1229.0,82,211
taco_212,TACO,cropped_object_classification,val,Plastic,Squeezable tube,TACO-master/TACO-master/data/filtered_classification/crops/val/Plastic/000104_ann212.jpg,TACO-master/TACO-master/data/filtered_classification/crops/val/Plastic/000104_ann212.jpg,TACO-master/TACO-master/data/batch_1/000104.JPG,3264,2448,1545.0,1010.0,375.0,455.0,82,212
taco_217,TACO,cropped_object_classification,train,Plastic,Other plastic bottle,TACO-master/TACO-master/data/filtered_classification/crops/train/Plastic/000106_ann217.jpg,TACO-master/TACO-master/data/filtered_classification/crops/train/Plastic/000106_ann217.jpg,TACO-master/TACO-master/data/batch_1/000106.JPG,2448,3264,1680.0,2500.0,278.0,682.0,84,217
taco_218,TACO,cropped_object_classification,train,Plastic,Other plastic bottle,TACO-master/TACO-master/data/filtered_classification/crops/train/Plastic/000106_ann218.jpg,TACO-master/TACO-master/data/filtered_classification/crops/train/Plastic/000106_ann218.jpg,TACO-master/TACO-master/data/batch_1/000106.JPG,2448,3264,2030.0,2438.0,417.0,635.0,84,218
taco_220,TACO,cropped_object_classification,train,Metal,Drink can,TACO-master/TACO-master/data/filtered_classification/crops/train/Metal/000107_ann220.jpg,TACO-master/TACO-master/data/filtered_classification/crops/train/Metal/000107_ann220.jpg,TACO-master/TACO-master/data/batch_1/000107.JPG,2448,3264,2039.0,1606.0,360.0,536.0,85,220
taco_221,TACO,cropped_object_classification,train,Other,Garbage bag,TACO-master/TACO-master/data/filtered_classification/crops/train/Other/000107_ann221.jpg,TACO-master/TACO-master/data/filtered_classification/crops/train/Other/000107_ann221.jpg,TACO-master/TACO-master/data/batch_1/000107.JPG,2448,3264,1909.0,544.0,200.0,268.0,85,221
taco_222,TACO,cropped_object_classification,train,Other,Garbage bag,TACO-master/TACO-master/data/filtered_classification/crops/train/Other/000107_ann222.jpg,TACO-master/TACO-master/data/filtered_classification/crops/train/Other/000107_ann222.jpg,TACO-master/TACO-master/data/batch_1/000107.JPG,2448,3264,2061.0,501.0,189.0,286.0,85,222
taco_223,TACO,cropped_object_classification,train,Other,Garbage bag,TACO-master/TACO-master/data/filtered_classification/crops/train/Other/000107_ann223.jpg,TACO-master/TACO-master/data/filtered_classification/crops/train/Other/000107_ann223.jpg,TACO-master/TACO-master/data/batch_1/000107.JPG,2448,3264,2153.0,413.0,192.0,277.0,85,223
taco_228,TACO,cropped_object_classification,train,Metal,Drink can,TACO-master/TACO-master/data/filtered_classification/crops/train/Metal/000111_ann228.jpg,TACO-master/TACO-master/data/filtered_classification/crops/train/Metal/000111_ann228.jpg,TACO-master/TACO-master/data/batch_1/000111.JPG,2448,3264,844.0,2332.0,257.0,296.0,88,228
taco_229,TACO,cropped_object_classification,val,Metal,Drink can,TACO-master/TACO-master/data/filtered_classification/crops/val/Metal/000111_ann229.jpg,TACO-master/TACO-master/data/filtered_classification/crops/val/Metal/000111_ann229.jpg,TACO-master/TACO-master/data/batch_1/000111.JPG,2448,3264,434.0,1871.0,187.0,281.0,88,229
taco_232,TACO,cropped_object_classification,test,Plastic,Clear plastic bottle,TACO-master/TACO-master/data/filtered_classification/crops/test/Plastic/000115_ann232.jpg,TACO-master/TACO-master/data/filtered_classification/crops/test/Plastic/000115_ann232.jpg,TACO-master/TACO-master/data/batch_1/000115.JPG,3264,2448,361.0,520.0,698.0,331.0,89,232
taco_234,TACO,cropped_object_classification,train,Metal,Drink can,TACO-master/TACO-master/data/filtered_classification/crops/train/Metal/000115_ann234.jpg,TACO-master/TACO-master/data/filtered_classification/crops/train/Metal/000115_ann234.jpg,TACO-master/TACO-master/data/batch_1/000115.JPG,3264,2448,2278.0,759.0,457.0,213.0,89,234
taco_236,TACO,cropped_object_classification,test,PaperCardboard,Normal paper,TACO-master/TACO-master/data/filtered_classification/crops/test/PaperCardboard/000115_ann236.jpg,TACO-master/TACO-master/data/filtered_classification/crops/test/PaperCardboard/000115_ann236.jpg,TACO-master/TACO-master/data/batch_1/000115.JPG,3264,2448,2427.0,845.0,413.0,262.0,89,236
taco_243,TACO,cropped_object_classification,train,Other,Crisp packet,TACO-master/TACO-master/data/filtered_classification/crops/train/Other/000118_ann243.jpg,TACO-master/TACO-master/data/filtered_classification/crops/train/Other/000118_ann243.jpg,TACO-master/TACO-master/data/batch_1/000118.JPG,2448,3264,831.0,1289.0,348.0,251.0,91,243
taco_244,TACO,cropped_object_classification,train,Organic,Food waste,TACO-master/TACO-master/data/filtered_classification/crops/train/Organic/000119_ann244.jpg,TACO-master/TACO-master/data/filtered_classification/crops/train/Organic/000119_ann244.jpg,TACO-master/TACO-master/data/batch_1/000119.JPG,2448,3264,922.0,1748.0,492.0,775.0,92,244
taco_249,TACO,cropped_object_classification,test,Metal,Drink can,TACO-master/TACO-master/data/filtered_classification/crops/test/Metal/000004_ann249.jpg,TACO-master/TACO-master/data/filtered_classification/crops/test/Metal/000004_ann249.jpg,TACO-master/TACO-master/data/batch_1/000004.jpg,1241,751,649.0,55.0,93.0,88.0,96,249
taco_250,TACO,cropped_object_classification,train,Other,Styrofoam piece,TACO-master/TACO-master/data/filtered_classification/crops/train/Other/000124_ann250.jpg,TACO-master/TACO-master/data/filtered_classification/crops/train/Other/000124_ann250.jpg,TACO-master/TACO-master/data/batch_1/000124.JPG,2448,3264,489.0,124.0,1761.0,3125.0,97,250
taco_253,TACO,cropped_object_classification,train,Metal,Food Can,TACO-master/TACO-master/data/filtered_classification/crops/train/Metal/000127_ann253.jpg,TACO-master/TACO-master/data/filtered_classification/crops/train/Metal/000127_ann253.jpg,TACO-master/TACO-master/data/batch_1/000127.JPG,2448,3264,1.0,1727.0,849.0,1217.0,98,253
taco_254,TACO,cropped_object_classification,val,Metal,Food Can,TACO-master/TACO-master/data/filtered_classification/crops/val/Metal/000127_ann254.jpg,TACO-master/TACO-master/data/filtered_classification/crops/val/Metal/000127_ann254.jpg,TACO-master/TACO-master/data/batch_1/000127.JPG,2448,3264,768.0,1254.0,962.0,675.0,98,254
taco_257,TACO,cropped_object_classification,train,Other,Garbage bag,TACO-master/TACO-master/data/filtered_classification/crops/train/Other/000127_ann257.jpg,TACO-master/TACO-master/data/filtered_classification/crops/train/Other/000127_ann257.jpg,TACO-master/TACO-master/data/batch_1/000127.JPG,2448,3264,1.0,0.0,2447.0,1097.0,98,257
taco_258,TACO,cropped_object_classification,train,PaperCardboard,Other carton,TACO-master/TACO-master/data/filtered_classification/crops/train/PaperCardboard/000127_ann258.jpg,TACO-master/TACO-master/data/filtered_classification/crops/train/PaperCardboard/000127_ann258.jpg,TACO-master/TACO-master/data/batch_1/000127.JPG,2448,3264,661.0,97.0,1787.0,1212.0,98,258
taco_259,TACO,cropped_object_classification,train,PaperCardboard,Other carton,TACO-master/TACO-master/data/filtered_classification/crops/train/PaperCardboard/000127_ann259.jpg,TACO-master/TACO-master/data/filtered_classification/crops/train/PaperCardboard/000127_ann259.jpg,TACO-master/TACO-master/data/batch_1/000127.JPG,2448,3264,1711.0,1285.0,736.0,958.0,98,259
taco_261,TACO,cropped_object_classification,test,Plastic,Spread tub,TACO-master/TACO-master/data/filtered_classification/crops/test/Plastic/000127_ann261.jpg,TACO-master/TACO-master/data/filtered_classification/crops/test/Plastic/000127_ann261.jpg,TACO-master/TACO-master/data/batch_1/000127.JPG,2448,3264,634.0,71.0,513.0,163.0,98,261
taco_263,TACO,cropped_object_classification,train,PaperCardboard,Other carton,TACO-master/TACO-master/data/filtered_classification/crops/train/PaperCardboard/000128_ann263.jpg,TACO-master/TACO-master/data/filtered_classification/crops/train/PaperCardboard/000128_ann263.jpg,TACO-master/TACO-master/data/batch_1/000128.JPG,2448,3264,0.0,0.0,1528.0,1687.0,99,263
taco_265,TACO,cropped_object_classification,train,PaperCardboard,Other carton,TACO-master/TACO-master/data/filtered_classification/crops/train/PaperCardboard/000128_ann265.jpg,TACO-master/TACO-master/data/filtered_classification/crops/train/PaperCardboard/000128_ann265.jpg,TACO-master/TACO-master/data/batch_1/000128.JPG,2448,3264,0.0,1093.0,1936.0,1756.0,99,265
taco_266,TACO,cropped_object_classification,train,Metal,Drink can,TACO-master/TACO-master/data/filtered_classification/crops/train/Metal/000128_ann266.jpg,TACO-master/TACO-master/data/filtered_classification/crops/train/Metal/000128_ann266.jpg,TACO-master/TACO-master/data/batch_1/000128.JPG,2448,3264,1102.0,861.0,611.0,339.0,99,266
taco_267,TACO,cropped_object_classification,train,Metal,Food Can,TACO-master/TACO-master/data/filtered_classification/crops/train/Metal/000128_ann267.jpg,TACO-master/TACO-master/data/filtered_classification/crops/train/Metal/000128_ann267.jpg,TACO-master/TACO-master/data/batch_1/000128.JPG,2448,3264,1505.0,401.0,543.0,567.0,99,267
taco_268,TACO,cropped_object_classification,test,Metal,Food Can,TACO-master/TACO-master/data/filtered_classification/crops/test/Metal/000128_ann268.jpg,TACO-master/TACO-master/data/filtered_classification/crops/test/Metal/000128_ann268.jpg,TACO-master/TACO-master/data/batch_1/000128.JPG,2448,3264,1850.0,1007.0,598.0,531.0,99,268
taco_271,TACO,cropped_object_classification,test,Plastic,Other plastic bottle,TACO-master/TACO-master/data/filtered_classification/crops/test/Plastic/000128_ann271.jpg,TACO-master/TACO-master/data/filtered_classification/crops/test/Plastic/000128_ann271.jpg,TACO-master/TACO-master/data/batch_1/000128.JPG,2448,3264,954.0,1582.0,1492.0,1290.0,99,271
taco_276,TACO,cropped_object_classification,train,PaperCardboard,Corrugated carton,TACO-master/TACO-master/data/filtered_classification/crops/train/PaperCardboard/000129_ann276.jpg,TACO-master/TACO-master/data/filtered_classification/crops/train/PaperCardboard/000129_ann276.jpg,TACO-master/TACO-master/data/batch_1/000129.JPG,2448,3264,0.0,1139.0,2394.0,1963.0,100,276
taco_277,TACO,cropped_object_classification,test,Metal,Food Can,TACO-master/TACO-master/data/filtered_classification/crops/test/Metal/000129_ann277.jpg,TACO-master/TACO-master/data/filtered_classification/crops/test/Metal/000129_ann277.jpg,TACO-master/TACO-master/data/batch_1/000129.JPG,2448,3264,618.0,1224.0,249.0,242.0,100,277
taco_279,TACO,cropped_object_classification,train,PaperCardboard,Other carton,TACO-master/TACO-master/data/filtered_classification/crops/train/PaperCardboard/000129_ann279.jpg,TACO-master/TACO-master/data/filtered_classification/crops/train/PaperCardboard/000129_ann279.jpg,TACO-master/TACO-master/data/batch_1/000129.JPG,2448,3264,1014.0,805.0,447.0,362.0,100,279
taco_280,TACO,cropped_object_classification,test,PaperCardboard,Egg carton,TACO-master/TACO-master/data/filtered_classification/crops/test/PaperCardboard/000129_ann280.jpg,TACO-master/TACO-master/data/filtered_classification/crops/test/PaperCardboard/000129_ann280.jpg,TACO-master/TACO-master/data/batch_1/000129.JPG,2448,3264,1196.0,549.0,262.0,276.0,100,280
taco_281,TACO,cropped_object_classification,train,PaperCardboard,Other carton,TACO-master/TACO-master/data/filtered_classification/crops/train/PaperCardboard/000129_ann281.jpg,TACO-master/TACO-master/data/filtered_classification/crops/train/PaperCardboard/000129_ann281.jpg,TACO-master/TACO-master/data/batch_1/000129.JPG,2448,3264,1479.0,772.0,596.0,328.0,100,281
taco_282,TACO,cropped_object_classification,train,PaperCardboard,Other carton,TACO-master/TACO-master/data/filtered_classification/crops/train/PaperCardboard/000129_ann282.jpg,TACO-master/TACO-master/data/filtered_classification/crops/train/PaperCardboard/000129_ann282.jpg,TACO-master/TACO-master/data/batch_1/000129.JPG,2448,3264,335.0,641.0,620.0,511.0,100,282
taco_309,TACO,cropped_object_classification,train,Plastic,Clear plastic bottle,TACO-master/TACO-master/data/filtered_classification/crops/train/Plastic/000000_ann309.jpg,TACO-master/TACO-master/data/filtered_classification/crops/train/Plastic/000000_ann309.jpg,TACO-master/TACO-master/data/batch_10/000000.jpg,1824,4000,1370.0,1291.0,380.0,150.0,101,309
taco_310,TACO,cropped_object_classification,val,Plastic,Other plastic bottle,TACO-master/TACO-master/data/filtered_classification/crops/val/Plastic/000001_ann310.jpg,TACO-master/TACO-master/data/filtered_classification/crops/val/Plastic/000001_ann310.jpg,TACO-master/TACO-master/data/batch_10/000001.jpg,4000,1824,247.0,101.04761,458.0,397.99998999999997,102,310
taco_315,TACO,cropped_object_classification,test,Plastic,Squeezable tube,TACO-master/TACO-master/data/filtered_classification/crops/test/Plastic/000001_ann315.jpg,TACO-master/TACO-master/data/filtered_classification/crops/test/Plastic/000001_ann315.jpg,TACO-master/TACO-master/data/batch_10/000001.jpg,4000,1824,2231.0,836.0476,263.0,206.0000000000001,102,315
taco_325,TACO,cropped_object_classification,test,Plastic,Clear plastic bottle,TACO-master/TACO-master/data/filtered_classification/crops/test/Plastic/000002_ann325.jpg,TACO-master/TACO-master/data/filtered_classification/crops/test/Plastic/000002_ann325.jpg,TACO-master/TACO-master/data/batch_10/000002.jpg,4000,1824,1224.0,994.0,406.0,200.0,103,325
taco_330,TACO,cropped_object_classification,train,Plastic,Clear plastic bottle,TACO-master/TACO-master/data/filtered_classification/crops/train/Plastic/000003_ann330.jpg,TACO-master/TACO-master/data/filtered_classification/crops/train/Plastic/000003_ann330.jpg,TACO-master/TACO-master/data/batch_10/000003.jpg,4000,1824,516.0,377.0,248.0,178.0,104,330
taco_331,TACO,cropped_object_classification,val,Plastic,Clear plastic bottle,TACO-master/TACO-master/data/filtered_classification/crops/val/Plastic/000003_ann331.jpg,TACO-master/TACO-master/data/filtered_classification/crops/val/Plastic/000003_ann331.jpg,TACO-master/TACO-master/data/batch_10/000003.jpg,4000,1824,665.0,313.0,245.0,191.00000000000006,104,331
taco_357,TACO,cropped_object_classification,train,Plastic,Clear plastic bottle,TACO-master/TACO-master/data/filtered_classification/crops/train/Plastic/000005_ann357.jpg,TACO-master/TACO-master/data/filtered_classification/crops/train/Plastic/000005_ann357.jpg,TACO-master/TACO-master/data/batch_10/000005.jpg,1824,4000,1139.0,3035.0,569.0,222.0,106,357
taco_376,TACO,cropped_object_classification,test,Glass,Glass bottle,TACO-master/TACO-master/data/filtered_classification/crops/test/Glass/000011_ann376.jpg,TACO-master/TACO-master/data/filtered_classification/crops/test/Glass/000011_ann376.jpg,TACO-master/TACO-master/data/batch_10/000011.jpg,4000,1824,827.0,90.0,157.0,426.0,112,376
taco_382,TACO,cropped_object_classification,train,Glass,Glass bottle,TACO-master/TACO-master/data/filtered_classification/crops/train/Glass/000011_ann382.jpg,TACO-master/TACO-master/data/filtered_classification/crops/train/Glass/000011_ann382.jpg,TACO-master/TACO-master/data/batch_10/000011.jpg,4000,1824,2331.0,487.0,217.0,534.0,112,382
taco_384,TACO,cropped_object_classification,train,Glass,Glass bottle,TACO-master/TACO-master/data/filtered_classification/crops/train/Glass/000011_ann384.jpg,TACO-master/TACO-master/data/filtered_classification/crops/train/Glass/000011_ann384.jpg,TACO-master/TACO-master/data/batch_10/000011.jpg,4000,1824,2585.0,154.0,212.0,722.0,112,384
taco_385,TACO,cropped_object_classification,train,Glass,Glass bottle,TACO-master/TACO-master/data/filtered_classification/crops/train/Glass/000011_ann385.jpg,TACO-master/TACO-master/data/filtered_classification/crops/train/Glass/000011_ann385.jpg,TACO-master/TACO-master/data/batch_10/000011.jpg,4000,1824,2691.0,567.0,261.0,620.0,112,385
taco_404,TACO,cropped_object_classification,train,PaperCardboard,Normal paper,TACO-master/TACO-master/data/filtered_classification/crops/train/PaperCardboard/000019_ann404.jpg,TACO-master/TACO-master/data/filtered_classification/crops/train/PaperCardboard/000019_ann404.jpg,TACO-master/TACO-master/data/batch_10/000019.jpg,1824,4000,663.0,2432.0,188.0,306.0,120,404
taco_429,TACO,cropped_object_classification,test,Metal,Drink can,TACO-master/TACO-master/data/filtered_classification/crops/test/Metal/000025_ann429.jpg,TACO-master/TACO-master/data/filtered_classification/crops/test/Metal/000025_ann429.jpg,TACO-master/TACO-master/data/batch_10/000025.jpg,1824,4000,1151.0,2356.0,257.0,191.0,126,429
taco_430,TACO,cropped_object_classification,train,PaperCardboard,Egg carton,TACO-master/TACO-master/data/filtered_classification/crops/train/PaperCardboard/000026_ann430.jpg,TACO-master/TACO-master/data/filtered_classification/crops/train/PaperCardboard/000026_ann430.jpg,TACO-master/TACO-master/data/batch_10/000026.jpg,4000,1824,1250.0,1299.0,435.0,450.0,127,430
taco_431,TACO,cropped_object_classification,train,PaperCardboard,Egg carton,TACO-master/TACO-master/data/filtered_classification/crops/train/PaperCardboard/000026_ann431.jpg,TACO-master/TACO-master/data/filtered_classification/crops/train/PaperCardboard/000026_ann431.jpg,TACO-master/TACO-master/data/batch_10/000026.jpg,4000,1824,1689.0,777.0,449.0,439.0,127,431
taco_438,TACO,cropped_object_classification,train,Plastic,Clear plastic bottle,TACO-master/TACO-master/data/filtered_classification/crops/train/Plastic/000029_ann438.jpg,TACO-master/TACO-master/data/filtered_classification/crops/train/Plastic/000029_ann438.jpg,TACO-master/TACO-master/data/batch_10/000029.jpg,1824,4000,539.5,1928.0,603.0,561.0,130,438
taco_442,TACO,cropped_object_classification,train,PaperCardboard,Corrugated carton,TACO-master/TACO-master/data/filtered_classification/crops/train/PaperCardboard/000030_ann442.jpg,TACO-master/TACO-master/data/filtered_classification/crops/train/PaperCardboard/000030_ann442.jpg,TACO-master/TACO-master/data/batch_10/000030.jpg,1824,4000,869.0,1605.0,346.0,191.0,131,442
taco_443,TACO,cropped_object_classification,train,PaperCardboard,Corrugated carton,TACO-master/TACO-master/data/filtered_classification/crops/train/PaperCardboard/000031_ann443.jpg,TACO-master/TACO-master/data/filtered_classification/crops/train/PaperCardboard/000031_ann443.jpg,TACO-master/TACO-master/data/batch_10/000031.jpg,1824,4000,631.0,1508.0,1192.0,647.0,132,443
taco_507,TACO,cropped_object_classification,train,PaperCardboard,Normal paper,TACO-master/TACO-master/data/filtered_classification/crops/train/PaperCardboard/000038_ann507.jpg,TACO-master/TACO-master/data/filtered_classification/crops/train/PaperCardboard/000038_ann507.jpg,TACO-master/TACO-master/data/batch_10/000038.jpg,1824,4000,1.0,2093.0,187.0,253.0,139,507
taco_508,TACO,cropped_object_classification,train,PaperCardboard,Magazine paper,TACO-master/TACO-master/data/filtered_classification/crops/train/PaperCardboard/000038_ann508.jpg,TACO-master/TACO-master/data/filtered_classification/crops/train/PaperCardboard/000038_ann508.jpg,TACO-master/TACO-master/data/batch_10/000038.jpg,1824,4000,1.0,1522.0,452.0,616.0,139,508
taco_554,TACO,cropped_object_classification,test,Other,Styrofoam piece,TACO-master/TACO-master/data/filtered_classification/crops/test/Other/000051_ann554.jpg,TACO-master/TACO-master/data/filtered_classification/crops/test/Other/000051_ann554.jpg,TACO-master/TACO-master/data/batch_10/000051.jpg,4000,1824,1456.0,1023.0,306.0,192.0,152,554
taco_600,TACO,cropped_object_classification,val,Plastic,Clear plastic bottle,TACO-master/TACO-master/data/filtered_classification/crops/val/Plastic/000081_ann600.jpg,TACO-master/TACO-master/data/filtered_classification/crops/val/Plastic/000081_ann600.jpg,TACO-master/TACO-master/data/batch_10/000081.jpg,4000,1824,1807.0,673.0,341.0,163.0,182,600
taco_610,TACO,cropped_object_classification,train,Other,Garbage bag,TACO-master/TACO-master/data/filtered_classification/crops/train/Other/000084_ann610.jpg,TACO-master/TACO-master/data/filtered_classification/crops/train/Other/000084_ann610.jpg,TACO-master/TACO-master/data/batch_10/000084.jpg,1824,4000,501.0,1263.0,1278.0,616.0,185,610
taco_623,TACO,cropped_object_classification,val,PaperCardboard,Corrugated carton,TACO-master/TACO-master/data/filtered_classification/crops/val/PaperCardboard/000085_ann623.jpg,TACO-master/TACO-master/data/filtered_classification/crops/val/PaperCardboard/000085_ann623.jpg,TACO-master/TACO-master/data/batch_10/000085.jpg,1824,4000,1038.0,1407.0,754.0,436.0,186,623
taco_631,TACO,cropped_object_classification,test,Plastic,Clear plastic bottle,TACO-master/TACO-master/data/filtered_classification/crops/test/Plastic/000087_ann631.jpg,TACO-master/TACO-master/data/filtered_classification/crops/test/Plastic/000087_ann631.jpg,TACO-master/TACO-master/data/batch_10/000087.jpg,1824,4000,342.0,836.0,338.0,159.0,188,631
taco_635,TACO,cropped_object_classification,val,PaperCardboard,Other carton,TACO-master/TACO-master/data/filtered_classification/crops/val/PaperCardboard/000088_ann635.jpg,TACO-master/TACO-master/data/filtered_classification/crops/val/PaperCardboard/000088_ann635.jpg,TACO-master/TACO-master/data/batch_10/000088.jpg,1824,4000,989.0,1556.0,433.0,387.0,189,635
taco_646,TACO,cropped_object_classification,train,Glass,Glass bottle,TACO-master/TACO-master/data/filtered_classification/crops/train/Glass/000091_ann646.jpg,TACO-master/TACO-master/data/filtered_classification/crops/train/Glass/000091_ann646.jpg,TACO-master/TACO-master/data/batch_10/000091.jpg,4000,1824,2214.0,1255.0,429.0,244.0,192,646
taco_657,TACO,cropped_object_classification,val,Glass,Glass bottle,TACO-master/TACO-master/data/filtered_classification/crops/val/Glass/000093_ann657.jpg,TACO-master/TACO-master/data/filtered_classification/crops/val/Glass/000093_ann657.jpg,TACO-master/TACO-master/data/batch_10/000093.jpg,4000,1824,2588.0,1543.0,143.0,279.0,194,657
taco_680,TACO,cropped_object_classification,train,Plastic,Clear plastic bottle,TACO-master/TACO-master/data/filtered_classification/crops/train/Plastic/000097_ann680.jpg,TACO-master/TACO-master/data/filtered_classification/crops/train/Plastic/000097_ann680.jpg,TACO-master/TACO-master/data/batch_10/000097.jpg,1824,4000,800.0,2520.0,396.0,151.0,198,680
taco_682,TACO,cropped_object_classification,train,Other,Styrofoam piece,TACO-master/TACO-master/data/filtered_classification/crops/train/Other/000098_ann682.jpg,TACO-master/TACO-master/data/filtered_classification/crops/train/Other/000098_ann682.jpg,TACO-master/TACO-master/data/batch_10/000098.jpg,1824,4000,564.0952,1500.238,1013.0,1335.9999999999998,199,682
taco_683,TACO,cropped_object_classification,train,PaperCardboard,Corrugated carton,TACO-master/TACO-master/data/filtered_classification/crops/train/PaperCardboard/000098_ann683.jpg,TACO-master/TACO-master/data/filtered_classification/crops/train/PaperCardboard/000098_ann683.jpg,TACO-master/TACO-master/data/batch_10/000098.jpg,1824,4000,527.0,1478.619,959.0,1332.0001,199,683
taco_686,TACO,cropped_object_classification,train,Other,Styrofoam piece,TACO-master/TACO-master/data/filtered_classification/crops/train/Other/000000_ann686.jpg,TACO-master/TACO-master/data/filtered_classification/crops/train/Other/000000_ann686.jpg,TACO-master/TACO-master/data/batch_11/000000.jpg,4000,1824,1323.0,725.0,1751.0,882.0,201,686
taco_687,TACO,cropped_object_classification,train,PaperCardboard,Corrugated carton,TACO-master/TACO-master/data/filtered_classification/crops/train/PaperCardboard/000000_ann687.jpg,TACO-master/TACO-master/data/filtered_classification/crops/train/PaperCardboard/000000_ann687.jpg,TACO-master/TACO-master/data/batch_11/000000.jpg,4000,1824,1329.0,633.0,1737.0,300.0,201,687
taco_689,TACO,cropped_object_classification,val,Other,Styrofoam piece,TACO-master/TACO-master/data/filtered_classification/crops/val/Other/000001_ann689.jpg,TACO-master/TACO-master/data/filtered_classification/crops/val/Other/000001_ann689.jpg,TACO-master/TACO-master/data/batch_11/000001.jpg,1824,4000,784.0,1785.0000000000002,419.0,395.9999999999998,202,689
taco_690,TACO,cropped_object_classification,train,Other,Styrofoam piece,TACO-master/TACO-master/data/filtered_classification/crops/train/Other/000001_ann690.jpg,TACO-master/TACO-master/data/filtered_classification/crops/train/Other/000001_ann690.jpg,TACO-master/TACO-master/data/batch_11/000001.jpg,1824,4000,0.0,0.0,1820.0,1242.0,202,690
taco_691,TACO,cropped_object_classification,train,PaperCardboard,Corrugated carton,TACO-master/TACO-master/data/filtered_classification/crops/train/PaperCardboard/000001_ann691.jpg,TACO-master/TACO-master/data/filtered_classification/crops/train/PaperCardboard/000001_ann691.jpg,TACO-master/TACO-master/data/batch_11/000001.jpg,1824,4000,1382.0,1035.0,189.0,204.0,202,691
taco_692,TACO,cropped_object_classification,train,Other,Styrofoam piece,TACO-master/TACO-master/data/filtered_classification/crops/train/Other/000002_ann692.jpg,TACO-master/TACO-master/data/filtered_classification/crops/train/Other/000002_ann692.jpg,TACO-master/TACO-master/data/batch_11/000002.jpg,1824,4000,572.0,1625.0,882.0,1145.0,203,692
taco_693,TACO,cropped_object_classification,train,PaperCardboard,Corrugated carton,TACO-master/TACO-master/data/filtered_classification/crops/train/PaperCardboard/000003_ann693.jpg,TACO-master/TACO-master/data/filtered_classification/crops/train/PaperCardboard/000003_ann693.jpg,TACO-master/TACO-master/data/batch_11/000003.jpg,1824,4000,131.0,1160.0,720.0,799.0,204,693
taco_694,TACO,cropped_object_classification,test,PaperCardboard,Corrugated carton,TACO-master/TACO-master/data/filtered_classification/crops/test/PaperCardboard/000003_ann694.jpg,TACO-master/TACO-master/data/filtered_classification/crops/test/PaperCardboard/000003_ann694.jpg,TACO-master/TACO-master/data/batch_11/000003.jpg,1824,4000,194.0,1674.0,1532.0,1541.0,204,694
taco_695,TACO,cropped_object_classification,train,PaperCardboard,Corrugated carton,TACO-master/TACO-master/data/filtered_classification/crops/train/PaperCardboard/000003_ann695.jpg,TACO-master/TACO-master/data/filtered_classification/crops/train/PaperCardboard/000003_ann695.jpg,TACO-master/TACO-master/data/batch_11/000003.jpg,1824,4000,687.0,226.0,1135.0,1619.0,204,695
taco_698,TACO,cropped_object_classification,train,Other,Styrofoam piece,TACO-master/TACO-master/data/filtered_classification/crops/train/Other/000004_ann698.jpg,TACO-master/TACO-master/data/filtered_classification/crops/train/Other/000004_ann698.jpg,TACO-master/TACO-master/data/batch_11/000004.jpg,1824,4000,1.0,213.0,1142.0,3582.0,205,698
taco_699,TACO,cropped_object_classification,test,PaperCardboard,Corrugated carton,TACO-master/TACO-master/data/filtered_classification/crops/test/PaperCardboard/000004_ann699.jpg,TACO-master/TACO-master/data/filtered_classification/crops/test/PaperCardboard/000004_ann699.jpg,TACO-master/TACO-master/data/batch_11/000004.jpg,1824,4000,1126.0,1363.0,696.0,1177.0,205,699
taco_700,TACO,cropped_object_classification,train,PaperCardboard,Corrugated carton,TACO-master/TACO-master/data/filtered_classification/crops/train/PaperCardboard/000005_ann700.jpg,TACO-master/TACO-master/data/filtered_classification/crops/train/PaperCardboard/000005_ann700.jpg,TACO-master/TACO-master/data/batch_11/000005.jpg,1824,4000,2.0,1207.0,1641.0,1653.0,206,700
taco_701,TACO,cropped_object_classification,train,Other,Styrofoam piece,TACO-master/TACO-master/data/filtered_classification/crops/train/Other/000005_ann701.jpg,TACO-master/TACO-master/data/filtered_classification/crops/train/Other/000005_ann701.jpg,TACO-master/TACO-master/data/batch_11/000005.jpg,1824,4000,2.0,1896.0,1177.0,837.0,206,701
taco_702,TACO,cropped_object_classification,train,PaperCardboard,Corrugated carton,TACO-master/TACO-master/data/filtered_classification/crops/train/PaperCardboard/000006_ann702.jpg,TACO-master/TACO-master/data/filtered_classification/crops/train/PaperCardboard/000006_ann702.jpg,TACO-master/TACO-master/data/batch_11/000006.jpg,1824,4000,119.0,1692.0,664.0,699.0,207,702
taco_703,TACO,cropped_object_classification,train,PaperCardboard,Corrugated carton,TACO-master/TACO-master/data/filtered_classification/crops/train/PaperCardboard/000006_ann703.jpg,TACO-master/TACO-master/data/filtered_classification/crops/train/PaperCardboard/000006_ann703.jpg,TACO-master/TACO-master/data/batch_11/000006.jpg,1824,4000,643.0,1801.0,639.0,885.0,207,703
taco_704,TACO,cropped_object_classification,train,PaperCardboard,Corrugated carton,TACO-master/TACO-master/data/filtered_classification/crops/train/PaperCardboard/000006_ann704.jpg,TACO-master/TACO-master/data/filtered_classification/crops/train/PaperCardboard/000006_ann704.jpg,TACO-master/TACO-master/data/batch_11/000006.jpg,1824,4000,1148.0,2082.0,605.0,663.0,207,704
taco_705,TACO,cropped_object_classification,train,PaperCardboard,Corrugated carton,TACO-master/TACO-master/data/filtered_classification/crops/train/PaperCardboard/000006_ann705.jpg,TACO-master/TACO-master/data/filtered_classification/crops/train/PaperCardboard/000006_ann705.jpg,TACO-master/TACO-master/data/batch_11/000006.jpg,1824,4000,1195.0,1337.0,260.0,228.0,207,705
taco_706,TACO,cropped_object_classification,train,Other,Styrofoam piece,TACO-master/TACO-master/data/filtered_classification/crops/train/Other/000007_ann706.jpg,TACO-master/TACO-master/data/filtered_classification/crops/train/Other/000007_ann706.jpg,TACO-master/TACO-master/data/batch_11/000007.jpg,1824,4000,1180.0,2191.0,504.9999999999998,806.0,208,706
taco_707,TACO,cropped_object_classification,train,Other,Styrofoam piece,TACO-master/TACO-master/data/filtered_classification/crops/train/Other/000008_ann707.jpg,TACO-master/TACO-master/data/filtered_classification/crops/train/Other/000008_ann707.jpg,TACO-master/TACO-master/data/batch_11/000008.jpg,1824,4000,0.0,-1.0,1352.0,2364.0,209,707
taco_708,TACO,cropped_object_classification,train,PaperCardboard,Corrugated carton,TACO-master/TACO-master/data/filtered_classification/crops/train/PaperCardboard/000008_ann708.jpg,TACO-master/TACO-master/data/filtered_classification/crops/train/PaperCardboard/000008_ann708.jpg,TACO-master/TACO-master/data/batch_11/000008.jpg,1824,4000,2.0,3336.9999999999995,1419.0,662.0000000000005,209,708
taco_709,TACO,cropped_object_classification,train,PaperCardboard,Corrugated carton,TACO-master/TACO-master/data/filtered_classification/crops/train/PaperCardboard/000008_ann709.jpg,TACO-master/TACO-master/data/filtered_classification/crops/train/PaperCardboard/000008_ann709.jpg,TACO-master/TACO-master/data/batch_11/000008.jpg,1824,4000,0.0,0.0,1811.5068493150686,3793.75,209,709
taco_710,TACO,cropped_object_classification,train,Other,Garbage bag,TACO-master/TACO-master/data/filtered_classification/crops/train/Other/000009_ann710.jpg,TACO-master/TACO-master/data/filtered_classification/crops/train/Other/000009_ann710.jpg,TACO-master/TACO-master/data/batch_11/000009.jpg,1824,4000,779.0,651.0,792.0,695.0,210,710
taco_711,TACO,cropped_object_classification,train,PaperCardboard,Corrugated carton,TACO-master/TACO-master/data/filtered_classification/crops/train/PaperCardboard/000009_ann711.jpg,TACO-master/TACO-master/data/filtered_classification/crops/train/PaperCardboard/000009_ann711.jpg,TACO-master/TACO-master/data/batch_11/000009.jpg,1824,4000,745.0,2445.0,876.0,813.0,210,711
taco_712,TACO,cropped_object_classification,train,PaperCardboard,Corrugated carton,TACO-master/TACO-master/data/filtered_classification/crops/train/PaperCardboard/000010_ann712.jpg,TACO-master/TACO-master/data/filtered_classification/crops/train/PaperCardboard/000010_ann712.jpg,TACO-master/TACO-master/data/batch_11/000010.jpg,1824,4000,256.0,921.0,625.0,836.0,211,712
taco_714,TACO,cropped_object_classification,test,PaperCardboard,Corrugated carton,TACO-master/TACO-master/data/filtered_classification/crops/test/PaperCardboard/000010_ann714.jpg,TACO-master/TACO-master/data/filtered_classification/crops/test/PaperCardboard/000010_ann714.jpg,TACO-master/TACO-master/data/batch_11/000010.jpg,1824,4000,876.0,1039.0,929.0,584.0,211,714
taco_715,TACO,cropped_object_classification,val,PaperCardboard,Corrugated carton,TACO-master/TACO-master/data/filtered_classification/crops/val/PaperCardboard/000010_ann715.jpg,TACO-master/TACO-master/data/filtered_classification/crops/val/PaperCardboard/000010_ann715.jpg,TACO-master/TACO-master/data/batch_11/000010.jpg,1824,4000,1015.0,1043.0,721.0,221.0,211,715
taco_716,TACO,cropped_object_classification,train,PaperCardboard,Corrugated carton,TACO-master/TACO-master/data/filtered_classification/crops/train/PaperCardboard/000010_ann716.jpg,TACO-master/TACO-master/data/filtered_classification/crops/train/PaperCardboard/000010_ann716.jpg,TACO-master/TACO-master/data/batch_11/000010.jpg,1824,4000,199.0,1477.0,846.0,727.0,211,716
taco_717,TACO,cropped_object_classification,test,PaperCardboard,Pizza box,TACO-master/TACO-master/data/filtered_classification/crops/test/PaperCardboard/000011_ann717.jpg,TACO-master/TACO-master/data/filtered_classification/crops/test/PaperCardboard/000011_ann717.jpg,TACO-master/TACO-master/data/batch_11/000011.jpg,1824,4000,318.0,1308.0476,1175.0,1127.9999999999998,212,717
taco_718,TACO,cropped_object_classification,train,PaperCardboard,Corrugated carton,TACO-master/TACO-master/data/filtered_classification/crops/train/PaperCardboard/000011_ann718.jpg,TACO-master/TACO-master/data/filtered_classification/crops/train/PaperCardboard/000011_ann718.jpg,TACO-master/TACO-master/data/batch_11/000011.jpg,1824,4000,193.95238,3250.6191,1624.14282,748.4285,212,718
taco_719,TACO,cropped_object_classification,val,PaperCardboard,Corrugated carton,TACO-master/TACO-master/data/filtered_classification/crops/val/PaperCardboard/000011_ann719.jpg,TACO-master/TACO-master/data/filtered_classification/crops/val/PaperCardboard/000011_ann719.jpg,TACO-master/TACO-master/data/batch_11/000011.jpg,1824,4000,695.0,3687.762,1082.0952,311.2855999999997,212,719
taco_720,TACO,cropped_object_classification,test,PaperCardboard,Corrugated carton,TACO-master/TACO-master/data/filtered_classification/crops/test/PaperCardboard/000012_ann720.jpg,TACO-master/TACO-master/data/filtered_classification/crops/test/PaperCardboard/000012_ann720.jpg,TACO-master/TACO-master/data/batch_11/000012.jpg,1824,4000,0.0,1339.0,1754.0,1895.0,213,720
taco_721,TACO,cropped_object_classification,train,PaperCardboard,Corrugated carton,TACO-master/TACO-master/data/filtered_classification/crops/train/PaperCardboard/000012_ann721.jpg,TACO-master/TACO-master/data/filtered_classification/crops/train/PaperCardboard/000012_ann721.jpg,TACO-master/TACO-master/data/batch_11/000012.jpg,1824,4000,1229.0,3178.0,594.0,821.0,213,721
taco_722,TACO,cropped_object_classification,train,PaperCardboard,Corrugated carton,TACO-master/TACO-master/data/filtered_classification/crops/train/PaperCardboard/000013_ann722.jpg,TACO-master/TACO-master/data/filtered_classification/crops/train/PaperCardboard/000013_ann722.jpg,TACO-master/TACO-master/data/batch_11/000013.jpg,1824,4000,1.0,3149.0,302.0,850.0,214,722
taco_723,TACO,cropped_object_classification,test,PaperCardboard,Corrugated carton,TACO-master/TACO-master/data/filtered_classification/crops/test/PaperCardboard/000013_ann723.jpg,TACO-master/TACO-master/data/filtered_classification/crops/test/PaperCardboard/000013_ann723.jpg,TACO-master/TACO-master/data/batch_11/000013.jpg,1824,4000,345.0,1.0,1474.0,3245.0,214,723
taco_724,TACO,cropped_object_classification,val,PaperCardboard,Corrugated carton,TACO-master/TACO-master/data/filtered_classification/crops/val/PaperCardboard/000014_ann724.jpg,TACO-master/TACO-master/data/filtered_classification/crops/val/PaperCardboard/000014_ann724.jpg,TACO-master/TACO-master/data/batch_11/000014.jpg,1824,4000,265.3333,1755.619,1374.0001,1121.8097,215,724
taco_725,TACO,cropped_object_classification,train,Other,Styrofoam piece,TACO-master/TACO-master/data/filtered_classification/crops/train/Other/000014_ann725.jpg,TACO-master/TACO-master/data/filtered_classification/crops/train/Other/000014_ann725.jpg,TACO-master/TACO-master/data/batch_11/000014.jpg,1824,4000,257.3333,2350.238,597.0,568.0,215,725
taco_726,TACO,cropped_object_classification,train,Other,Styrofoam piece,TACO-master/TACO-master/data/filtered_classification/crops/train/Other/000015_ann726.jpg,TACO-master/TACO-master/data/filtered_classification/crops/train/Other/000015_ann726.jpg,TACO-master/TACO-master/data/batch_11/000015.jpg,1824,4000,843.0,1867.0,382.0,578.0,216,726
taco_727,TACO,cropped_object_classification,train,Other,Styrofoam piece,TACO-master/TACO-master/data/filtered_classification/crops/train/Other/000015_ann727.jpg,TACO-master/TACO-master/data/filtered_classification/crops/train/Other/000015_ann727.jpg,TACO-master/TACO-master/data/batch_11/000015.jpg,1824,4000,491.0,1293.0,1132.0,1170.0,216,727
taco_731,TACO,cropped_object_classification,train,PaperCardboard,Corrugated carton,TACO-master/TACO-master/data/filtered_classification/crops/train/PaperCardboard/000016_ann731.jpg,TACO-master/TACO-master/data/filtered_classification/crops/train/PaperCardboard/000016_ann731.jpg,TACO-master/TACO-master/data/batch_11/000016.jpg,4000,1824,578.0,221.0,1131.0,787.0,217,731
taco_732,TACO,cropped_object_classification,train,Other,Styrofoam piece,TACO-master/TACO-master/data/filtered_classification/crops/train/Other/000016_ann732.jpg,TACO-master/TACO-master/data/filtered_classification/crops/train/Other/000016_ann732.jpg,TACO-master/TACO-master/data/batch_11/000016.jpg,4000,1824,2257.0,386.0,813.0,1437.0,217,732
taco_733,TACO,cropped_object_classification,train,Other,Styrofoam piece,TACO-master/TACO-master/data/filtered_classification/crops/train/Other/000017_ann733.jpg,TACO-master/TACO-master/data/filtered_classification/crops/train/Other/000017_ann733.jpg,TACO-master/TACO-master/data/batch_11/000017.jpg,1824,4000,502.0,489.0,989.0,2326.0,218,733
taco_741,TACO,cropped_object_classification,train,Plastic,Other plastic bottle,TACO-master/TACO-master/data/filtered_classification/crops/train/Plastic/000019_ann741.jpg,TACO-master/TACO-master/data/filtered_classification/crops/train/Plastic/000019_ann741.jpg,TACO-master/TACO-master/data/batch_11/000019.jpg,6000,4000,2689.0,1780.58,462.0,280.0487000000003,220,741
taco_746,TACO,cropped_object_classification,train,Plastic,Other plastic bottle,TACO-master/TACO-master/data/filtered_classification/crops/train/Plastic/000021_ann746.jpg,TACO-master/TACO-master/data/filtered_classification/crops/train/Plastic/000021_ann746.jpg,TACO-master/TACO-master/data/batch_11/000021.jpg,6000,4000,1859.0,1248.8448,2577.0,1217.6991999999998,222,746
taco_747,TACO,cropped_object_classification,train,Plastic,Spread tub,TACO-master/TACO-master/data/filtered_classification/crops/train/Plastic/000022_ann747.jpg,TACO-master/TACO-master/data/filtered_classification/crops/train/Plastic/000022_ann747.jpg,TACO-master/TACO-master/data/batch_11/000022.jpg,6000,4000,1914.0,9.014085,3086.0,3148.920215,223,747
taco_751,TACO,cropped_object_classification,train,Plastic,Clear plastic bottle,TACO-master/TACO-master/data/filtered_classification/crops/train/Plastic/000026_ann751.jpg,TACO-master/TACO-master/data/filtered_classification/crops/train/Plastic/000026_ann751.jpg,TACO-master/TACO-master/data/batch_11/000026.jpg,6000,4000,2459.0,1427.9662,997.0,1056.5882,227,751
taco_755,TACO,cropped_object_classification,test,Other,Styrofoam piece,TACO-master/TACO-master/data/filtered_classification/crops/test/Other/000028_ann755.jpg,TACO-master/TACO-master/data/filtered_classification/crops/test/Other/000028_ann755.jpg,TACO-master/TACO-master/data/batch_11/000028.jpg,2322,4128,687.0,2055.0,972.0,572.0,229,755
taco_757,TACO,cropped_object_classification,val,Other,Styrofoam piece,TACO-master/TACO-master/data/filtered_classification/crops/val/Other/000028_ann757.jpg,TACO-master/TACO-master/data/filtered_classification/crops/val/Other/000028_ann757.jpg,TACO-master/TACO-master/data/batch_11/000028.jpg,2322,4128,820.0,2515.0,824.0,623.0,229,757
taco_765,TACO,cropped_object_classification,test,Plastic,Other plastic bottle,TACO-master/TACO-master/data/filtered_classification/crops/test/Plastic/000028_ann765.jpg,TACO-master/TACO-master/data/filtered_classification/crops/test/Plastic/000028_ann765.jpg,TACO-master/TACO-master/data/batch_11/000028.jpg,2322,4128,1642.0,2530.0,538.0,641.0,229,765
taco_769,TACO,cropped_object_classification,train,PaperCardboard,Other carton,TACO-master/TACO-master/data/filtered_classification/crops/train/PaperCardboard/000031_ann769.jpg,TACO-master/TACO-master/data/filtered_classification/crops/train/PaperCardboard/000031_ann769.jpg,TACO-master/TACO-master/data/batch_11/000031.jpg,2322,4128,843.0,2084.0,690.0,543.0,232,769
taco_772,TACO,cropped_object_classification,train,Plastic,Other plastic bottle,TACO-master/TACO-master/data/filtered_classification/crops/train/Plastic/000034_ann772.jpg,TACO-master/TACO-master/data/filtered_classification/crops/train/Plastic/000034_ann772.jpg,TACO-master/TACO-master/data/batch_11/000034.jpg,2448,3264,58.0,371.0,2304.0,2511.0,235,772
taco_773,TACO,cropped_object_classification,test,Other,Styrofoam piece,TACO-master/TACO-master/data/filtered_classification/crops/test/Other/000035_ann773.jpg,TACO-master/TACO-master/data/filtered_classification/crops/test/Other/000035_ann773.jpg,TACO-master/TACO-master/data/batch_11/000035.jpg,3264,2448,847.0,636.0,1674.0,1386.0,236,773
taco_774,TACO,cropped_object_classification,train,Plastic,Other plastic bottle,TACO-master/TACO-master/data/filtered_classification/crops/train/Plastic/000036_ann774.jpg,TACO-master/TACO-master/data/filtered_classification/crops/train/Plastic/000036_ann774.jpg,TACO-master/TACO-master/data/batch_11/000036.jpg,2448,3264,61.0,503.0,2214.0,2390.0,237,774
taco_775,TACO,cropped_object_classification,train,PaperCardboard,Magazine paper,TACO-master/TACO-master/data/filtered_classification/crops/train/PaperCardboard/000037_ann775.jpg,TACO-master/TACO-master/data/filtered_classification/crops/train/PaperCardboard/000037_ann775.jpg,TACO-master/TACO-master/data/batch_11/000037.jpg,4618,3463,2311.0,1872.0,539.0,272.0,238,775
taco_783,TACO,cropped_object_classification,val,PaperCardboard,Normal paper,TACO-master/TACO-master/data/filtered_classification/crops/val/PaperCardboard/000040_ann783.jpg,TACO-master/TACO-master/data/filtered_classification/crops/val/PaperCardboard/000040_ann783.jpg,TACO-master/TACO-master/data/batch_11/000040.jpg,3463,4618,2185.5227,2563.0,366.7111,456.0,241,783
taco_784,TACO,cropped_object_classification,train,Metal,Drink can,TACO-master/TACO-master/data/filtered_classification/crops/train/Metal/000041_ann784.jpg,TACO-master/TACO-master/data/filtered_classification/crops/train/Metal/000041_ann784.jpg,TACO-master/TACO-master/data/batch_11/000041.jpg,3463,4618,1374.9506999999999,2107.0,330.6412,409.0,242,784
taco_787,TACO,cropped_object_classification,test,Other,Garbage bag,TACO-master/TACO-master/data/filtered_classification/crops/test/Other/000044_ann787.jpg,TACO-master/TACO-master/data/filtered_classification/crops/test/Other/000044_ann787.jpg,TACO-master/TACO-master/data/batch_11/000044.jpg,3120,4160,738.0,1566.0,1379.0,615.0,245,787
taco_794,TACO,cropped_object_classification,test,Metal,Drink can,TACO-master/TACO-master/data/filtered_classification/crops/test/Metal/000048_ann794.jpg,TACO-master/TACO-master/data/filtered_classification/crops/test/Metal/000048_ann794.jpg,TACO-master/TACO-master/data/batch_11/000048.jpg,3024,4032,715.0,1961.0,1096.0,665.0,249,794
taco_801,TACO,cropped_object_classification,test,PaperCardboard,Other carton,TACO-master/TACO-master/data/filtered_classification/crops/test/PaperCardboard/000053_ann801.jpg,TACO-master/TACO-master/data/filtered_classification/crops/test/PaperCardboard/000053_ann801.jpg,TACO-master/TACO-master/data/batch_11/000053.jpg,4032,3024,891.0,698.0,1445.0,1315.0,254,801
taco_803,TACO,cropped_object_classification,test,PaperCardboard,Corrugated carton,TACO-master/TACO-master/data/filtered_classification/crops/test/PaperCardboard/000054_ann803.jpg,TACO-master/TACO-master/data/filtered_classification/crops/test/PaperCardboard/000054_ann803.jpg,TACO-master/TACO-master/data/batch_11/000054.jpg,3024,4032,1638.0,267.0,684.0,355.0,255,803
taco_805,TACO,cropped_object_classification,val,Other,Styrofoam piece,TACO-master/TACO-master/data/filtered_classification/crops/val/Other/000055_ann805.jpg,TACO-master/TACO-master/data/filtered_classification/crops/val/Other/000055_ann805.jpg,TACO-master/TACO-master/data/batch_11/000055.jpg,3024,4032,926.0,2200.0,986.0,627.0,256,805
taco_816,TACO,cropped_object_classification,train,Other,Styrofoam piece,TACO-master/TACO-master/data/filtered_classification/crops/train/Other/000062_ann816.jpg,TACO-master/TACO-master/data/filtered_classification/crops/train/Other/000062_ann816.jpg,TACO-master/TACO-master/data/batch_11/000062.jpg,3024,4032,969.0,1910.0,696.0,649.0,263,816
taco_827,TACO,cropped_object_classification,val,Other,Styrofoam piece,TACO-master/TACO-master/data/filtered_classification/crops/val/Other/000068_ann827.jpg,TACO-master/TACO-master/data/filtered_classification/crops/val/Other/000068_ann827.jpg,TACO-master/TACO-master/data/batch_11/000068.jpg,3024,4032,571.9524,1215.9524,1687.2855999999997,1538.0000000000002,269,827
taco_829,TACO,cropped_object_classification,train,Other,Styrofoam piece,TACO-master/TACO-master/data/filtered_classification/crops/train/Other/000069_ann829.jpg,TACO-master/TACO-master/data/filtered_classification/crops/train/Other/000069_ann829.jpg,TACO-master/TACO-master/data/batch_11/000069.jpg,3024,4032,1419.0,2199.0,853.0,646.0,270,829
taco_830,TACO,cropped_object_classification,train,Plastic,Clear plastic bottle,TACO-master/TACO-master/data/filtered_classification/crops/train/Plastic/000070_ann830.jpg,TACO-master/TACO-master/data/filtered_classification/crops/train/Plastic/000070_ann830.jpg,TACO-master/TACO-master/data/batch_11/000070.jpg,3024,4032,967.0,1882.0,1149.0,353.0,271,830
taco_834,TACO,cropped_object_classification,train,Other,Styrofoam piece,TACO-master/TACO-master/data/filtered_classification/crops/train/Other/000071_ann834.jpg,TACO-master/TACO-master/data/filtered_classification/crops/train/Other/000071_ann834.jpg,TACO-master/TACO-master/data/batch_11/000071.jpg,3024,4032,2667.0,272.0,299.0,196.0,272,834
taco_842,TACO,cropped_object_classification,test,Other,Styrofoam piece,TACO-master/TACO-master/data/filtered_classification/crops/test/Other/000074_ann842.jpg,TACO-master/TACO-master/data/filtered_classification/crops/test/Other/000074_ann842.jpg,TACO-master/TACO-master/data/batch_11/000074.jpg,4032,3024,917.0,1344.0,498.0,456.0,275,842
taco_845,TACO,cropped_object_classification,train,Other,Styrofoam piece,TACO-master/TACO-master/data/filtered_classification/crops/train/Other/000074_ann845.jpg,TACO-master/TACO-master/data/filtered_classification/crops/train/Other/000074_ann845.jpg,TACO-master/TACO-master/data/batch_11/000074.jpg,4032,3024,2034.0,1252.0,1009.0,374.0,275,845
taco_851,TACO,cropped_object_classification,test,Other,Styrofoam piece,TACO-master/TACO-master/data/filtered_classification/crops/test/Other/000075_ann851.jpg,TACO-master/TACO-master/data/filtered_classification/crops/test/Other/000075_ann851.jpg,TACO-master/TACO-master/data/batch_11/000075.jpg,3024,4032,727.0,1418.0,808.0,494.0,276,851
taco_852,TACO,cropped_object_classification,val,Plastic,Clear plastic bottle,TACO-master/TACO-master/data/filtered_classification/crops/val/Plastic/000075_ann852.jpg,TACO-master/TACO-master/data/filtered_classification/crops/val/Plastic/000075_ann852.jpg,TACO-master/TACO-master/data/batch_11/000075.jpg,3024,4032,1401.0,1686.0,582.0,503.0,276,852
taco_856,TACO,cropped_object_classification,train,Other,Styrofoam piece,TACO-master/TACO-master/data/filtered_classification/crops/train/Other/000076_ann856.jpg,TACO-master/TACO-master/data/filtered_classification/crops/train/Other/000076_ann856.jpg,TACO-master/TACO-master/data/batch_11/000076.jpg,3024,4032,472.0,1688.0,1872.0,1085.0,277,856
taco_858,TACO,cropped_object_classification,train,Other,Styrofoam piece,TACO-master/TACO-master/data/filtered_classification/crops/train/Other/000077_ann858.jpg,TACO-master/TACO-master/data/filtered_classification/crops/train/Other/000077_ann858.jpg,TACO-master/TACO-master/data/batch_11/000077.jpg,3024,4032,1023.0,1173.0,764.0,1601.0,278,858
taco_860,TACO,cropped_object_classification,val,Other,Styrofoam piece,TACO-master/TACO-master/data/filtered_classification/crops/val/Other/000078_ann860.jpg,TACO-master/TACO-master/data/filtered_classification/crops/val/Other/000078_ann860.jpg,TACO-master/TACO-master/data/batch_11/000078.jpg,3024,4032,742.0,1555.0,1358.0,1204.0,279,860
taco_871,TACO,cropped_object_classification,train,Other,Garbage bag,TACO-master/TACO-master/data/filtered_classification/crops/train/Other/000080_ann871.jpg,TACO-master/TACO-master/data/filtered_classification/crops/train/Other/000080_ann871.jpg,TACO-master/TACO-master/data/batch_11/000080.jpg,3024,4032,964.0,1719.0,1364.0,1229.0,281,871
taco_872,TACO,cropped_object_classification,val,Other,Styrofoam piece,TACO-master/TACO-master/data/filtered_classification/crops/val/Other/000081_ann872.jpg,TACO-master/TACO-master/data/filtered_classification/crops/val/Other/000081_ann872.jpg,TACO-master/TACO-master/data/batch_11/000081.jpg,3024,4032,507.0,1954.0,1461.0,645.0,282,872
taco_884,TACO,cropped_object_classification,train,PaperCardboard,Other carton,TACO-master/TACO-master/data/filtered_classification/crops/train/PaperCardboard/000089_ann884.jpg,TACO-master/TACO-master/data/filtered_classification/crops/train/PaperCardboard/000089_ann884.jpg,TACO-master/TACO-master/data/batch_11/000089.jpg,2448,3264,757.0,1399.0,916.0,637.0,290,884
taco_885,TACO,cropped_object_classification,train,Plastic,Clear plastic bottle,TACO-master/TACO-master/data/filtered_classification/crops/train/Plastic/000090_ann885.jpg,TACO-master/TACO-master/data/filtered_classification/crops/train/Plastic/000090_ann885.jpg,TACO-master/TACO-master/data/batch_11/000090.jpg,3264,2448,1249.5,923.1,1443.3000000000002,657.9,291,885
taco_891,TACO,cropped_object_classification,train,Plastic,Clear plastic bottle,TACO-master/TACO-master/data/filtered_classification/crops/train/Plastic/000094_ann891.jpg,TACO-master/TACO-master/data/filtered_classification/crops/train/Plastic/000094_ann891.jpg,TACO-master/TACO-master/data/batch_11/000094.jpg,2988,5312,801.0,947.0,1234.0,2689.0,295,891
taco_893,TACO,cropped_object_classification,train,Plastic,Clear plastic bottle,TACO-master/TACO-master/data/filtered_classification/crops/train/Plastic/000095_ann893.jpg,TACO-master/TACO-master/data/filtered_classification/crops/train/Plastic/000095_ann893.jpg,TACO-master/TACO-master/data/batch_11/000095.jpg,2988,5312,1660.0,2342.0,368.0,971.0,296,893
taco_917,TACO,cropped_object_classification,test,Glass,Glass bottle,TACO-master/TACO-master/data/filtered_classification/crops/test/Glass/000098_ann917.jpg,TACO-master/TACO-master/data/filtered_classification/crops/test/Glass/000098_ann917.jpg,TACO-master/TACO-master/data/batch_11/000098.jpg,2988,5312,1204.0,1899.0,977.0,565.0,299,917
taco_919,TACO,cropped_object_classification,train,Plastic,Clear plastic bottle,TACO-master/TACO-master/data/filtered_classification/crops/train/Plastic/000099_ann919.jpg,TACO-master/TACO-master/data/filtered_classification/crops/train/Plastic/000099_ann919.jpg,TACO-master/TACO-master/data/batch_11/000099.jpg,2988,5312,1483.0,2475.0,384.0,434.0,300,919
taco_931,TACO,cropped_object_classification,test,PaperCardboard,Other carton,TACO-master/TACO-master/data/filtered_classification/crops/test/PaperCardboard/000004_ann931.jpg,TACO-master/TACO-master/data/filtered_classification/crops/test/PaperCardboard/000004_ann931.jpg,TACO-master/TACO-master/data/batch_12/000004.jpg,4160,2340,1218.75,572.0,2138.5,1417.0,305,931
taco_935,TACO,cropped_object_classification,val,Other,Crisp packet,TACO-master/TACO-master/data/filtered_classification/crops/val/Other/000007_ann935.jpg,TACO-master/TACO-master/data/filtered_classification/crops/val/Other/000007_ann935.jpg,TACO-master/TACO-master/data/batch_12/000007.jpg,2988,5312,1345.0,1919.0,1477.0,1656.0,308,935
taco_937,TACO,cropped_object_classification,train,Metal,Drink can,TACO-master/TACO-master/data/filtered_classification/crops/train/Metal/000008_ann937.jpg,TACO-master/TACO-master/data/filtered_classification/crops/train/Metal/000008_ann937.jpg,TACO-master/TACO-master/data/batch_12/000008.jpg,2988,5312,1007.0,1210.0,1383.0,2289.0,309,937
taco_947,TACO,cropped_object_classification,train,Plastic,Clear plastic bottle,TACO-master/TACO-master/data/filtered_classification/crops/train/Plastic/000012_ann947.jpg,TACO-master/TACO-master/data/filtered_classification/crops/train/Plastic/000012_ann947.jpg,TACO-master/TACO-master/data/batch_12/000012.jpg,2988,5312,682.0,1178.0,1278.0,2083.0,313,947
taco_948,TACO,cropped_object_classification,train,Plastic,Clear plastic bottle,TACO-master/TACO-master/data/filtered_classification/crops/train/Plastic/000013_ann948.jpg,TACO-master/TACO-master/data/filtered_classification/crops/train/Plastic/000013_ann948.jpg,TACO-master/TACO-master/data/batch_12/000013.jpg,5312,2988,334.0,739.0,1741.0,1576.0,314,948
taco_956,TACO,cropped_object_classification,train,Other,Crisp packet,TACO-master/TACO-master/data/filtered_classification/crops/train/Other/000017_ann956.jpg,TACO-master/TACO-master/data/filtered_classification/crops/train/Other/000017_ann956.jpg,TACO-master/TACO-master/data/batch_12/000017.jpg,2988,5312,876.0,2061.0,651.0,814.0,318,956
taco_957,TACO,cropped_object_classification,train,Plastic,Disposable plastic cup,TACO-master/TACO-master/data/filtered_classification/crops/train/Plastic/000017_ann957.jpg,TACO-master/TACO-master/data/filtered_classification/crops/train/Plastic/000017_ann957.jpg,TACO-master/TACO-master/data/batch_12/000017.jpg,2988,5312,1785.0,3287.0,320.0,395.0,318,957
taco_958,TACO,cropped_object_classification,train,Metal,Drink can,TACO-master/TACO-master/data/filtered_classification/crops/train/Metal/000018_ann958.jpg,TACO-master/TACO-master/data/filtered_classification/crops/train/Metal/000018_ann958.jpg,TACO-master/TACO-master/data/batch_12/000018.jpg,2988,5312,1146.0,2174.0,725.0,519.0,319,958
taco_964,TACO,cropped_object_classification,train,Plastic,Clear plastic bottle,TACO-master/TACO-master/data/filtered_classification/crops/train/Plastic/000019_ann964.jpg,TACO-master/TACO-master/data/filtered_classification/crops/train/Plastic/000019_ann964.jpg,TACO-master/TACO-master/data/batch_12/000019.jpg,2988,5312,1020.0,2237.0,592.0,542.0,320,964
taco_970,TACO,cropped_object_classification,train,Plastic,Clear plastic bottle,TACO-master/TACO-master/data/filtered_classification/crops/train/Plastic/000021_ann970.jpg,TACO-master/TACO-master/data/filtered_classification/crops/train/Plastic/000021_ann970.jpg,TACO-master/TACO-master/data/batch_12/000021.jpg,2988,5312,1408.0,2531.0,503.0,602.0,322,970
taco_972,TACO,cropped_object_classification,test,Plastic,Disposable plastic cup,TACO-master/TACO-master/data/filtered_classification/crops/test/Plastic/000022_ann972.jpg,TACO-master/TACO-master/data/filtered_classification/crops/test/Plastic/000022_ann972.jpg,TACO-master/TACO-master/data/batch_12/000022.jpg,2988,5312,1045.1904,1893.381,783.0,849.9999,323,972
taco_973,TACO,cropped_object_classification,test,Metal,Drink can,TACO-master/TACO-master/data/filtered_classification/crops/test/Metal/000023_ann973.jpg,TACO-master/TACO-master/data/filtered_classification/crops/test/Metal/000023_ann973.jpg,TACO-master/TACO-master/data/batch_12/000023.jpg,2988,5312,1182.0,2193.0,594.0,940.0,324,973
taco_976,TACO,cropped_object_classification,val,Plastic,Clear plastic bottle,TACO-master/TACO-master/data/filtered_classification/crops/val/Plastic/000024_ann976.jpg,TACO-master/TACO-master/data/filtered_classification/crops/val/Plastic/000024_ann976.jpg,TACO-master/TACO-master/data/batch_12/000024.jpg,2988,5312,1208.0,3150.0,519.0,228.0,325,976
taco_1066,TACO,cropped_object_classification,train,Plastic,Clear plastic bottle,TACO-master/TACO-master/data/filtered_classification/crops/train/Plastic/000029_ann1066.jpg,TACO-master/TACO-master/data/filtered_classification/crops/train/Plastic/000029_ann1066.jpg,TACO-master/TACO-master/data/batch_12/000029.jpg,2988,5312,521.0,2818.0,729.0,304.0,330,1066
taco_1069,TACO,cropped_object_classification,train,PaperCardboard,Normal paper,TACO-master/TACO-master/data/filtered_classification/crops/train/PaperCardboard/000029_ann1069.jpg,TACO-master/TACO-master/data/filtered_classification/crops/train/PaperCardboard/000029_ann1069.jpg,TACO-master/TACO-master/data/batch_12/000029.jpg,2988,5312,1910.0,1933.0,481.0,243.0,330,1069
taco_1080,TACO,cropped_object_classification,val,Other,Garbage bag,TACO-master/TACO-master/data/filtered_classification/crops/val/Other/000031_ann1080.jpg,TACO-master/TACO-master/data/filtered_classification/crops/val/Other/000031_ann1080.jpg,TACO-master/TACO-master/data/batch_12/000031.jpg,2988,5312,1241.0,3141.0,1050.0,1084.0,332,1080
taco_1082,TACO,cropped_object_classification,train,PaperCardboard,Paper bag,TACO-master/TACO-master/data/filtered_classification/crops/train/PaperCardboard/000031_ann1082.jpg,TACO-master/TACO-master/data/filtered_classification/crops/train/PaperCardboard/000031_ann1082.jpg,TACO-master/TACO-master/data/batch_12/000031.jpg,2988,5312,1736.0,3212.0,546.0,618.0,332,1082
taco_1100,TACO,cropped_object_classification,train,Plastic,Clear plastic bottle,TACO-master/TACO-master/data/filtered_classification/crops/train/Plastic/000034_ann1100.jpg,TACO-master/TACO-master/data/filtered_classification/crops/train/Plastic/000034_ann1100.jpg,TACO-master/TACO-master/data/batch_12/000034.jpg,2988,5312,909.0,732.0,567.0,519.0,335,1100
taco_1104,TACO,cropped_object_classification,train,PaperCardboard,Other carton,TACO-master/TACO-master/data/filtered_classification/crops/train/PaperCardboard/000035_ann1104.jpg,TACO-master/TACO-master/data/filtered_classification/crops/train/PaperCardboard/000035_ann1104.jpg,TACO-master/TACO-master/data/batch_12/000035.jpg,2988,5312,1944.0,3468.0,443.0,372.0,336,1104
taco_1120,TACO,cropped_object_classification,train,PaperCardboard,Normal paper,TACO-master/TACO-master/data/filtered_classification/crops/train/PaperCardboard/000039_ann1120.jpg,TACO-master/TACO-master/data/filtered_classification/crops/train/PaperCardboard/000039_ann1120.jpg,TACO-master/TACO-master/data/batch_12/000039.jpg,2988,5312,669.0,18.0,619.0,457.0,340,1120
taco_1135,TACO,cropped_object_classification,train,Metal,Drink can,TACO-master/TACO-master/data/filtered_classification/crops/train/Metal/000044_ann1135.jpg,TACO-master/TACO-master/data/filtered_classification/crops/train/Metal/000044_ann1135.jpg,TACO-master/TACO-master/data/batch_12/000044.jpg,3024,4032,1275.0,2425.0,260.0,337.0,345,1135
taco_1137,TACO,cropped_object_classification,train,Plastic,Disposable plastic cup,TACO-master/TACO-master/data/filtered_classification/crops/train/Plastic/000046_ann1137.jpg,TACO-master/TACO-master/data/filtered_classification/crops/train/Plastic/000046_ann1137.jpg,TACO-master/TACO-master/data/batch_12/000046.jpg,2976,3968,1742.0,1929.0,232.0,316.0,347,1137
taco_1141,TACO,cropped_object_classification,train,Plastic,Disposable plastic cup,TACO-master/TACO-master/data/filtered_classification/crops/train/Plastic/000046_ann1141.jpg,TACO-master/TACO-master/data/filtered_classification/crops/train/Plastic/000046_ann1141.jpg,TACO-master/TACO-master/data/batch_12/000046.jpg,2976,3968,2225.0,2488.0,261.0,282.0,347,1141
taco_1147,TACO,cropped_object_classification,train,PaperCardboard,Corrugated carton,TACO-master/TACO-master/data/filtered_classification/crops/train/PaperCardboard/000047_ann1147.jpg,TACO-master/TACO-master/data/filtered_classification/crops/train/PaperCardboard/000047_ann1147.jpg,TACO-master/TACO-master/data/batch_12/000047.jpg,2976,3968,943.0,923.0,180.0,959.0,348,1147
taco_1159,TACO,cropped_object_classification,val,Plastic,Disposable plastic cup,TACO-master/TACO-master/data/filtered_classification/crops/val/Plastic/000049_ann1159.jpg,TACO-master/TACO-master/data/filtered_classification/crops/val/Plastic/000049_ann1159.jpg,TACO-master/TACO-master/data/batch_12/000049.jpg,2976,3968,1272.0,1706.0,396.0,517.0,350,1159
taco_1194,TACO,cropped_object_classification,train,Plastic,Disposable plastic cup,TACO-master/TACO-master/data/filtered_classification/crops/train/Plastic/000052_ann1194.jpg,TACO-master/TACO-master/data/filtered_classification/crops/train/Plastic/000052_ann1194.jpg,TACO-master/TACO-master/data/batch_12/000052.jpg,2988,5312,1011.0,1589.0,824.0,782.0,353,1194
taco_1195,TACO,cropped_object_classification,train,Metal,Drink can,TACO-master/TACO-master/data/filtered_classification/crops/train/Metal/000053_ann1195.jpg,TACO-master/TACO-master/data/filtered_classification/crops/train/Metal/000053_ann1195.jpg,TACO-master/TACO-master/data/batch_12/000053.jpg,2988,5312,204.0,2055.0,2083.0,1707.0,354,1195
taco_1196,TACO,cropped_object_classification,train,Plastic,Disposable plastic cup,TACO-master/TACO-master/data/filtered_classification/crops/train/Plastic/000054_ann1196.jpg,TACO-master/TACO-master/data/filtered_classification/crops/train/Plastic/000054_ann1196.jpg,TACO-master/TACO-master/data/batch_12/000054.jpg,2988,5312,978.0,1615.0,982.0,793.0,355,1196
taco_1198,TACO,cropped_object_classification,train,Other,Crisp packet,TACO-master/TACO-master/data/filtered_classification/crops/train/Other/000055_ann1198.jpg,TACO-master/TACO-master/data/filtered_classification/crops/train/Other/000055_ann1198.jpg,TACO-master/TACO-master/data/batch_12/000055.jpg,3120,4160,1038.0,1997.0,1305.0,1271.0,356,1198
taco_1201,TACO,cropped_object_classification,train,Other,Crisp packet,TACO-master/TACO-master/data/filtered_classification/crops/train/Other/000057_ann1201.jpg,TACO-master/TACO-master/data/filtered_classification/crops/train/Other/000057_ann1201.jpg,TACO-master/TACO-master/data/batch_12/000057.jpg,3120,4160,1468.0,2181.0,508.0,437.0,358,1201
taco_1205,TACO,cropped_object_classification,test,Glass,Glass bottle,TACO-master/TACO-master/data/filtered_classification/crops/test/Glass/000057_ann1205.jpg,TACO-master/TACO-master/data/filtered_classification/crops/test/Glass/000057_ann1205.jpg,TACO-master/TACO-master/data/batch_12/000057.jpg,3120,4160,1277.0,311.0,473.0,185.0,358,1205
taco_1217,TACO,cropped_object_classification,train,Plastic,Clear plastic bottle,TACO-master/TACO-master/data/filtered_classification/crops/train/Plastic/000059_ann1217.jpg,TACO-master/TACO-master/data/filtered_classification/crops/train/Plastic/000059_ann1217.jpg,TACO-master/TACO-master/data/batch_12/000059.jpg,3024,4032,237.0,2277.0,710.0,290.0,360,1217
taco_1244,TACO,cropped_object_classification,train,Other,Crisp packet,TACO-master/TACO-master/data/filtered_classification/crops/train/Other/000061_ann1244.jpg,TACO-master/TACO-master/data/filtered_classification/crops/train/Other/000061_ann1244.jpg,TACO-master/TACO-master/data/batch_12/000061.jpg,3000,4000,1022.0,2550.0,356.0,368.0,362,1244
taco_1263,TACO,cropped_object_classification,train,PaperCardboard,Normal paper,TACO-master/TACO-master/data/filtered_classification/crops/train/PaperCardboard/000062_ann1263.jpg,TACO-master/TACO-master/data/filtered_classification/crops/train/PaperCardboard/000062_ann1263.jpg,TACO-master/TACO-master/data/batch_12/000062.jpg,4000,3000,455.0,1479.0,375.0,334.0,363,1263
taco_1308,TACO,cropped_object_classification,train,Plastic,Disposable plastic cup,TACO-master/TACO-master/data/filtered_classification/crops/train/Plastic/000067_ann1308.jpg,TACO-master/TACO-master/data/filtered_classification/crops/train/Plastic/000067_ann1308.jpg,TACO-master/TACO-master/data/batch_12/000067.jpg,2368,4208,724.6119,3071.0,1017.8593999999999,771.0,368,1308
taco_1309,TACO,cropped_object_classification,train,Glass,Glass bottle,TACO-master/TACO-master/data/filtered_classification/crops/train/Glass/000068_ann1309.jpg,TACO-master/TACO-master/data/filtered_classification/crops/train/Glass/000068_ann1309.jpg,TACO-master/TACO-master/data/batch_12/000068.jpg,2368,4208,167.21175,1527.0,1934.44965,870.0,369,1309
taco_1313,TACO,cropped_object_classification,val,Plastic,Disposable plastic cup,TACO-master/TACO-master/data/filtered_classification/crops/val/Plastic/000072_ann1313.jpg,TACO-master/TACO-master/data/filtered_classification/crops/val/Plastic/000072_ann1313.jpg,TACO-master/TACO-master/data/batch_12/000072.jpg,3120,4160,1039.0,1287.0,1081.0,1500.0,373,1313
taco_1315,TACO,cropped_object_classification,train,Plastic,Disposable plastic cup,TACO-master/TACO-master/data/filtered_classification/crops/train/Plastic/000074_ann1315.jpg,TACO-master/TACO-master/data/filtered_classification/crops/train/Plastic/000074_ann1315.jpg,TACO-master/TACO-master/data/batch_12/000074.jpg,3120,4160,1054.0,1364.0,351.0,209.0,375,1315
taco_1320,TACO,cropped_object_classification,train,Plastic,Disposable plastic cup,TACO-master/TACO-master/data/filtered_classification/crops/train/Plastic/000074_ann1320.jpg,TACO-master/TACO-master/data/filtered_classification/crops/train/Plastic/000074_ann1320.jpg,TACO-master/TACO-master/data/batch_12/000074.jpg,3120,4160,2309.0,1566.0,364.0,326.0,375,1320
taco_1326,TACO,cropped_object_classification,test,Metal,Drink can,TACO-master/TACO-master/data/filtered_classification/crops/test/Metal/000076_ann1326.jpg,TACO-master/TACO-master/data/filtered_classification/crops/test/Metal/000076_ann1326.jpg,TACO-master/TACO-master/data/batch_12/000076.jpg,4160,3120,1737.0,1019.0,1411.0,781.0,377,1326
taco_1327,TACO,cropped_object_classification,test,Metal,Drink can,TACO-master/TACO-master/data/filtered_classification/crops/test/Metal/000077_ann1327.jpg,TACO-master/TACO-master/data/filtered_classification/crops/test/Metal/000077_ann1327.jpg,TACO-master/TACO-master/data/batch_12/000077.jpg,3120,4160,726.0,3214.0,1309.0,861.0,378,1327
taco_1328,TACO,cropped_object_classification,train,Metal,Drink can,TACO-master/TACO-master/data/filtered_classification/crops/train/Metal/000077_ann1328.jpg,TACO-master/TACO-master/data/filtered_classification/crops/train/Metal/000077_ann1328.jpg,TACO-master/TACO-master/data/batch_12/000077.jpg,3120,4160,687.0,353.0,1315.0,836.0,378,1328
taco_1330,TACO,cropped_object_classification,train,Plastic,Clear plastic bottle,TACO-master/TACO-master/data/filtered_classification/crops/train/Plastic/000079_ann1330.jpg,TACO-master/TACO-master/data/filtered_classification/crops/train/Plastic/000079_ann1330.jpg,TACO-master/TACO-master/data/batch_12/000079.jpg,3120,4160,748.0,865.0,934.0,2841.0,380,1330
taco_1332,TACO,cropped_object_classification,train,PaperCardboard,Normal paper,TACO-master/TACO-master/data/filtered_classification/crops/train/PaperCardboard/000080_ann1332.jpg,TACO-master/TACO-master/data/filtered_classification/crops/train/PaperCardboard/000080_ann1332.jpg,TACO-master/TACO-master/data/batch_12/000080.jpg,4160,3120,1582.75,1241.5,1982.5,1085.5,381,1332
taco_1337,TACO,cropped_object_classification,train,PaperCardboard,Paper bag,TACO-master/TACO-master/data/filtered_classification/crops/train/PaperCardboard/000084_ann1337.jpg,TACO-master/TACO-master/data/filtered_classification/crops/train/PaperCardboard/000084_ann1337.jpg,TACO-master/TACO-master/data/batch_12/000084.jpg,4160,3120,661.0,1437.0,369.0,381.0,385,1337
taco_1339,TACO,cropped_object_classification,val,Plastic,Clear plastic bottle,TACO-master/TACO-master/data/filtered_classification/crops/val/Plastic/000084_ann1339.jpg,TACO-master/TACO-master/data/filtered_classification/crops/val/Plastic/000084_ann1339.jpg,TACO-master/TACO-master/data/batch_12/000084.jpg,4160,3120,2424.0,2284.0,249.0,418.0,385,1339
taco_1362,TACO,cropped_object_classification,val,Plastic,Disposable plastic cup,TACO-master/TACO-master/data/filtered_classification/crops/val/Plastic/000087_ann1362.jpg,TACO-master/TACO-master/data/filtered_classification/crops/val/Plastic/000087_ann1362.jpg,TACO-master/TACO-master/data/batch_12/000087.jpg,3120,4160,661.0,438.0,644.0,703.0,388,1362
taco_1385,TACO,cropped_object_classification,train,Plastic,Disposable plastic cup,TACO-master/TACO-master/data/filtered_classification/crops/train/Plastic/000089_ann1385.jpg,TACO-master/TACO-master/data/filtered_classification/crops/train/Plastic/000089_ann1385.jpg,TACO-master/TACO-master/data/batch_12/000089.jpg,3120,4160,556.0,2068.0,1563.0,892.0,390,1385
taco_1391,TACO,cropped_object_classification,test,Plastic,Clear plastic bottle,TACO-master/TACO-master/data/filtered_classification/crops/test/Plastic/000090_ann1391.jpg,TACO-master/TACO-master/data/filtered_classification/crops/test/Plastic/000090_ann1391.jpg,TACO-master/TACO-master/data/batch_12/000090.jpg,4160,3120,3205.0,1321.0,464.0,731.0,391,1391
taco_1396,TACO,cropped_object_classification,test,Plastic,Disposable plastic cup,TACO-master/TACO-master/data/filtered_classification/crops/test/Plastic/000091_ann1396.jpg,TACO-master/TACO-master/data/filtered_classification/crops/test/Plastic/000091_ann1396.jpg,TACO-master/TACO-master/data/batch_12/000091.jpg,4160,3120,41.0,665.0,1473.0,1525.0,392,1396
taco_1398,TACO,cropped_object_classification,train,Plastic,Disposable plastic cup,TACO-master/TACO-master/data/filtered_classification/crops/train/Plastic/000091_ann1398.jpg,TACO-master/TACO-master/data/filtered_classification/crops/train/Plastic/000091_ann1398.jpg,TACO-master/TACO-master/data/batch_12/000091.jpg,4160,3120,2778.0,655.0,1378.0,1370.0,392,1398
taco_1405,TACO,cropped_object_classification,train,Plastic,Disposable plastic cup,TACO-master/TACO-master/data/filtered_classification/crops/train/Plastic/000092_ann1405.jpg,TACO-master/TACO-master/data/filtered_classification/crops/train/Plastic/000092_ann1405.jpg,TACO-master/TACO-master/data/batch_12/000092.jpg,3120,4160,1010.0,2975.0,792.0,737.0,393,1405
taco_1408,TACO,cropped_object_classification,train,Plastic,Clear plastic bottle,TACO-master/TACO-master/data/filtered_classification/crops/train/Plastic/000093_ann1408.jpg,TACO-master/TACO-master/data/filtered_classification/crops/train/Plastic/000093_ann1408.jpg,TACO-master/TACO-master/data/batch_12/000093.jpg,4160,3120,1082.0,2255.0,2036.0,738.0,394,1408
taco_1414,TACO,cropped_object_classification,test,Plastic,Clear plastic bottle,TACO-master/TACO-master/data/filtered_classification/crops/test/Plastic/000094_ann1414.jpg,TACO-master/TACO-master/data/filtered_classification/crops/test/Plastic/000094_ann1414.jpg,TACO-master/TACO-master/data/batch_12/000094.jpg,3120,4160,1300.0,1398.0,752.0,2530.0,395,1414
taco_1424,TACO,cropped_object_classification,val,PaperCardboard,Normal paper,TACO-master/TACO-master/data/filtered_classification/crops/val/PaperCardboard/000098_ann1424.jpg,TACO-master/TACO-master/data/filtered_classification/crops/val/PaperCardboard/000098_ann1424.jpg,TACO-master/TACO-master/data/batch_12/000098.jpg,4160,3120,1131.0,1170.0,2554.5,1410.5,399,1424
taco_1433,TACO,cropped_object_classification,test,Plastic,Disposable plastic cup,TACO-master/TACO-master/data/filtered_classification/crops/test/Plastic/000004_ann1433.jpg,TACO-master/TACO-master/data/filtered_classification/crops/test/Plastic/000004_ann1433.jpg,TACO-master/TACO-master/data/batch_13/000004.jpg,3120,4160,725.381,1849.619,1070.0,894.0001,405,1433
taco_1438,TACO,cropped_object_classification,train,PaperCardboard,Other carton,TACO-master/TACO-master/data/filtered_classification/crops/train/PaperCardboard/000005_ann1438.jpg,TACO-master/TACO-master/data/filtered_classification/crops/train/PaperCardboard/000005_ann1438.jpg,TACO-master/TACO-master/data/batch_13/000005.jpg,3120,4160,1724.0,2157.0,337.0,510.0,406,1438
taco_1444,TACO,cropped_object_classification,train,Plastic,Disposable plastic cup,TACO-master/TACO-master/data/filtered_classification/crops/train/Plastic/000008_ann1444.jpg,TACO-master/TACO-master/data/filtered_classification/crops/train/Plastic/000008_ann1444.jpg,TACO-master/TACO-master/data/batch_13/000008.jpg,4160,3120,800.0,576.0,1928.0,1908.0,409,1444
taco_1451,TACO,cropped_object_classification,train,PaperCardboard,Other carton,TACO-master/TACO-master/data/filtered_classification/crops/train/PaperCardboard/000009_ann1451.jpg,TACO-master/TACO-master/data/filtered_classification/crops/train/PaperCardboard/000009_ann1451.jpg,TACO-master/TACO-master/data/batch_13/000009.jpg,4160,3120,3219.0908,1776.2783,660.0,520.0,410,1451
taco_1452,TACO,cropped_object_classification,train,Plastic,Clear plastic bottle,TACO-master/TACO-master/data/filtered_classification/crops/train/Plastic/000009_ann1452.jpg,TACO-master/TACO-master/data/filtered_classification/crops/train/Plastic/000009_ann1452.jpg,TACO-master/TACO-master/data/batch_13/000009.jpg,4160,3120,117.5483,1580.2783,386.0,1102.6363000000001,410,1452
taco_1454,TACO,cropped_object_classification,train,Plastic,Disposable plastic cup,TACO-master/TACO-master/data/filtered_classification/crops/train/Plastic/000010_ann1454.jpg,TACO-master/TACO-master/data/filtered_classification/crops/train/Plastic/000010_ann1454.jpg,TACO-master/TACO-master/data/batch_13/000010.jpg,4160,3120,168.0,7.0,2297.0,1749.0,411,1454
taco_1461,TACO,cropped_object_classification,val,Plastic,Other plastic bottle,TACO-master/TACO-master/data/filtered_classification/crops/val/Plastic/000013_ann1461.jpg,TACO-master/TACO-master/data/filtered_classification/crops/val/Plastic/000013_ann1461.jpg,TACO-master/TACO-master/data/batch_13/000013.jpg,4208,2368,1182.75,1034.3098,513.0,668.8471,414,1461
taco_1467,TACO,cropped_object_classification,train,Plastic,Disposable plastic cup,TACO-master/TACO-master/data/filtered_classification/crops/train/Plastic/000014_ann1467.jpg,TACO-master/TACO-master/data/filtered_classification/crops/train/Plastic/000014_ann1467.jpg,TACO-master/TACO-master/data/batch_13/000014.jpg,2368,4208,1175.4886,2111.0,584.7405000000001,603.0,415,1467
taco_1476,TACO,cropped_object_classification,train,Plastic,Disposable plastic cup,TACO-master/TACO-master/data/filtered_classification/crops/train/Plastic/000015_ann1476.jpg,TACO-master/TACO-master/data/filtered_classification/crops/train/Plastic/000015_ann1476.jpg,TACO-master/TACO-master/data/batch_13/000015.jpg,3120,4160,494.0,1962.0,1267.0,1574.0,416,1476
taco_1478,TACO,cropped_object_classification,test,PaperCardboard,Other carton,TACO-master/TACO-master/data/filtered_classification/crops/test/PaperCardboard/000015_ann1478.jpg,TACO-master/TACO-master/data/filtered_classification/crops/test/PaperCardboard/000015_ann1478.jpg,TACO-master/TACO-master/data/batch_13/000015.jpg,3120,4160,139.0,2187.0,370.0,304.0,416,1478
taco_1482,TACO,cropped_object_classification,train,Plastic,Disposable plastic cup,TACO-master/TACO-master/data/filtered_classification/crops/train/Plastic/000017_ann1482.jpg,TACO-master/TACO-master/data/filtered_classification/crops/train/Plastic/000017_ann1482.jpg,TACO-master/TACO-master/data/batch_13/000017.jpg,3120,4160,1111.5,1532.0,1147.5,1679.0,418,1482
taco_1499,TACO,cropped_object_classification,train,Plastic,Disposable plastic cup,TACO-master/TACO-master/data/filtered_classification/crops/train/Plastic/000022_ann1499.jpg,TACO-master/TACO-master/data/filtered_classification/crops/train/Plastic/000022_ann1499.jpg,TACO-master/TACO-master/data/batch_13/000022.jpg,4160,3120,516.0,781.0,657.0,962.0,423,1499
taco_1543,TACO,cropped_object_classification,train,Metal,Drink can,TACO-master/TACO-master/data/filtered_classification/crops/train/Metal/000026_ann1543.jpg,TACO-master/TACO-master/data/filtered_classification/crops/train/Metal/000026_ann1543.jpg,TACO-master/TACO-master/data/batch_13/000026.jpg,3120,4160,975.2857,3442.9524,372.0001000000001,602.0,427,1543
taco_1545,TACO,cropped_object_classification,val,Plastic,Other plastic bottle,TACO-master/TACO-master/data/filtered_classification/crops/val/Plastic/000026_ann1545.jpg,TACO-master/TACO-master/data/filtered_classification/crops/val/Plastic/000026_ann1545.jpg,TACO-master/TACO-master/data/batch_13/000026.jpg,3120,4160,1196.0476,3.0476074,603.0,571.9999926,427,1545
taco_1546,TACO,cropped_object_classification,test,Metal,Drink can,TACO-master/TACO-master/data/filtered_classification/crops/test/Metal/000027_ann1546.jpg,TACO-master/TACO-master/data/filtered_classification/crops/test/Metal/000027_ann1546.jpg,TACO-master/TACO-master/data/batch_13/000027.jpg,3120,4160,398.0,1433.0,2082.0,1407.0,428,1546
taco_1549,TACO,cropped_object_classification,test,Plastic,Clear plastic bottle,TACO-master/TACO-master/data/filtered_classification/crops/test/Plastic/000028_ann1549.jpg,TACO-master/TACO-master/data/filtered_classification/crops/test/Plastic/000028_ann1549.jpg,TACO-master/TACO-master/data/batch_13/000028.jpg,3120,4160,1400.0,829.0,893.0,2774.0,429,1549
taco_1550,TACO,cropped_object_classification,test,Other,Styrofoam piece,TACO-master/TACO-master/data/filtered_classification/crops/test/Other/000029_ann1550.jpg,TACO-master/TACO-master/data/filtered_classification/crops/test/Other/000029_ann1550.jpg,TACO-master/TACO-master/data/batch_13/000029.jpg,3120,4160,302.0,2140.0,2789.0,1155.0,430,1550
taco_1557,TACO,cropped_object_classification,train,Plastic,Other plastic bottle,TACO-master/TACO-master/data/filtered_classification/crops/train/Plastic/000034_ann1557.jpg,TACO-master/TACO-master/data/filtered_classification/crops/train/Plastic/000034_ann1557.jpg,TACO-master/TACO-master/data/batch_13/000034.jpg,3120,4160,864.0,1320.0,1099.0,998.0,435,1557
taco_1558,TACO,cropped_object_classification,test,Plastic,Other plastic bottle,TACO-master/TACO-master/data/filtered_classification/crops/test/Plastic/000034_ann1558.jpg,TACO-master/TACO-master/data/filtered_classification/crops/test/Plastic/000034_ann1558.jpg,TACO-master/TACO-master/data/batch_13/000034.jpg,3120,4160,1084.0,3356.0,857.0,803.0,435,1558
taco_1562,TACO,cropped_object_classification,train,Plastic,Clear plastic bottle,TACO-master/TACO-master/data/filtered_classification/crops/train/Plastic/000036_ann1562.jpg,TACO-master/TACO-master/data/filtered_classification/crops/train/Plastic/000036_ann1562.jpg,TACO-master/TACO-master/data/batch_13/000036.jpg,4160,3120,2781.0,1425.0,260.0,559.0,437,1562
taco_1564,TACO,cropped_object_classification,train,Metal,Drink can,TACO-master/TACO-master/data/filtered_classification/crops/train/Metal/000037_ann1564.jpg,TACO-master/TACO-master/data/filtered_classification/crops/train/Metal/000037_ann1564.jpg,TACO-master/TACO-master/data/batch_13/000037.jpg,3120,4160,1226.0156,1623.1406,570.0,1518.0000000000002,438,1564
taco_1566,TACO,cropped_object_classification,train,Plastic,Clear plastic bottle,TACO-master/TACO-master/data/filtered_classification/crops/train/Plastic/000039_ann1566.jpg,TACO-master/TACO-master/data/filtered_classification/crops/train/Plastic/000039_ann1566.jpg,TACO-master/TACO-master/data/batch_13/000039.jpg,3120,4160,974.0,1801.0,553.0,1534.0,440,1566
taco_1571,TACO,cropped_object_classification,train,Plastic,Clear plastic bottle,TACO-master/TACO-master/data/filtered_classification/crops/train/Plastic/000042_ann1571.jpg,TACO-master/TACO-master/data/filtered_classification/crops/train/Plastic/000042_ann1571.jpg,TACO-master/TACO-master/data/batch_13/000042.jpg,3120,4160,972.1905,1138.2856,892.9998999999999,2246.2384,443,1571
taco_1572,TACO,cropped_object_classification,train,Plastic,Clear plastic bottle,TACO-master/TACO-master/data/filtered_classification/crops/train/Plastic/000043_ann1572.jpg,TACO-master/TACO-master/data/filtered_classification/crops/train/Plastic/000043_ann1572.jpg,TACO-master/TACO-master/data/batch_13/000043.jpg,3120,4160,1199.0,657.0,820.0,1775.0,444,1572
taco_1577,TACO,cropped_object_classification,train,Metal,Drink can,TACO-master/TACO-master/data/filtered_classification/crops/train/Metal/000045_ann1577.jpg,TACO-master/TACO-master/data/filtered_classification/crops/train/Metal/000045_ann1577.jpg,TACO-master/TACO-master/data/batch_13/000045.jpg,3120,4160,745.0,943.0,516.0,936.0,446,1577
taco_1579,TACO,cropped_object_classification,val,Metal,Drink can,TACO-master/TACO-master/data/filtered_classification/crops/val/Metal/000045_ann1579.jpg,TACO-master/TACO-master/data/filtered_classification/crops/val/Metal/000045_ann1579.jpg,TACO-master/TACO-master/data/batch_13/000045.jpg,3120,4160,1310.0,2753.0,654.0,853.0,446,1579
taco_1585,TACO,cropped_object_classification,train,Other,Styrofoam piece,TACO-master/TACO-master/data/filtered_classification/crops/train/Other/000049_ann1585.jpg,TACO-master/TACO-master/data/filtered_classification/crops/train/Other/000049_ann1585.jpg,TACO-master/TACO-master/data/batch_13/000049.jpg,3120,4160,539.0952,1703.8572,899.7144000000001,598.3807999999999,450,1585
taco_1586,TACO,cropped_object_classification,train,Other,Styrofoam piece,TACO-master/TACO-master/data/filtered_classification/crops/train/Other/000049_ann1586.jpg,TACO-master/TACO-master/data/filtered_classification/crops/train/Other/000049_ann1586.jpg,TACO-master/TACO-master/data/batch_13/000049.jpg,3120,4160,1343.238,1321.619,806.0476000000001,798.0001,450,1586
taco_1591,TACO,cropped_object_classification,train,PaperCardboard,Other carton,TACO-master/TACO-master/data/filtered_classification/crops/train/PaperCardboard/000052_ann1591.jpg,TACO-master/TACO-master/data/filtered_classification/crops/train/PaperCardboard/000052_ann1591.jpg,TACO-master/TACO-master/data/batch_13/000052.jpg,4160,3120,2215.0,1197.0,1490.0,973.0,453,1591
taco_1593,TACO,cropped_object_classification,val,Other,Styrofoam piece,TACO-master/TACO-master/data/filtered_classification/crops/val/Other/000053_ann1593.jpg,TACO-master/TACO-master/data/filtered_classification/crops/val/Other/000053_ann1593.jpg,TACO-master/TACO-master/data/batch_13/000053.jpg,4160,3120,374.0,1542.0,269.0,340.0,454,1593
taco_1595,TACO,cropped_object_classification,train,Other,Styrofoam piece,TACO-master/TACO-master/data/filtered_classification/crops/train/Other/000053_ann1595.jpg,TACO-master/TACO-master/data/filtered_classification/crops/train/Other/000053_ann1595.jpg,TACO-master/TACO-master/data/batch_13/000053.jpg,4160,3120,2941.0,1158.0,803.0,635.0,454,1595
taco_1596,TACO,cropped_object_classification,train,PaperCardboard,Corrugated carton,TACO-master/TACO-master/data/filtered_classification/crops/train/PaperCardboard/000054_ann1596.jpg,TACO-master/TACO-master/data/filtered_classification/crops/train/PaperCardboard/000054_ann1596.jpg,TACO-master/TACO-master/data/batch_13/000054.jpg,4160,3120,836.0,632.0,1562.0,1484.0,455,1596
taco_1598,TACO,cropped_object_classification,train,Metal,Drink can,TACO-master/TACO-master/data/filtered_classification/crops/train/Metal/000054_ann1598.jpg,TACO-master/TACO-master/data/filtered_classification/crops/train/Metal/000054_ann1598.jpg,TACO-master/TACO-master/data/batch_13/000054.jpg,4160,3120,926.0,1827.0,196.0,329.0,455,1598
taco_1601,TACO,cropped_object_classification,train,Metal,Drink can,TACO-master/TACO-master/data/filtered_classification/crops/train/Metal/000054_ann1601.jpg,TACO-master/TACO-master/data/filtered_classification/crops/train/Metal/000054_ann1601.jpg,TACO-master/TACO-master/data/batch_13/000054.jpg,4160,3120,815.0,2150.0,351.0,198.0,455,1601
taco_1602,TACO,cropped_object_classification,train,Metal,Drink can,TACO-master/TACO-master/data/filtered_classification/crops/train/Metal/000054_ann1602.jpg,TACO-master/TACO-master/data/filtered_classification/crops/train/Metal/000054_ann1602.jpg,TACO-master/TACO-master/data/batch_13/000054.jpg,4160,3120,782.0,2338.0,227.0,296.0,455,1602
taco_1603,TACO,cropped_object_classification,train,Metal,Drink can,TACO-master/TACO-master/data/filtered_classification/crops/train/Metal/000054_ann1603.jpg,TACO-master/TACO-master/data/filtered_classification/crops/train/Metal/000054_ann1603.jpg,TACO-master/TACO-master/data/batch_13/000054.jpg,4160,3120,1016.0,2353.0,268.0,359.0,455,1603
taco_1604,TACO,cropped_object_classification,test,Metal,Drink can,TACO-master/TACO-master/data/filtered_classification/crops/test/Metal/000054_ann1604.jpg,TACO-master/TACO-master/data/filtered_classification/crops/test/Metal/000054_ann1604.jpg,TACO-master/TACO-master/data/batch_13/000054.jpg,4160,3120,1308.0,2413.0,326.0,341.0,455,1604
taco_1605,TACO,cropped_object_classification,train,Metal,Drink can,TACO-master/TACO-master/data/filtered_classification/crops/train/Metal/000054_ann1605.jpg,TACO-master/TACO-master/data/filtered_classification/crops/train/Metal/000054_ann1605.jpg,TACO-master/TACO-master/data/batch_13/000054.jpg,4160,3120,1168.0,2142.0,338.0,283.0,455,1605
taco_1606,TACO,cropped_object_classification,train,Metal,Drink can,TACO-master/TACO-master/data/filtered_classification/crops/train/Metal/000054_ann1606.jpg,TACO-master/TACO-master/data/filtered_classification/crops/train/Metal/000054_ann1606.jpg,TACO-master/TACO-master/data/batch_13/000054.jpg,4160,3120,1356.0,2046.0,352.0,274.0,455,1606
taco_1607,TACO,cropped_object_classification,val,Metal,Drink can,TACO-master/TACO-master/data/filtered_classification/crops/val/Metal/000054_ann1607.jpg,TACO-master/TACO-master/data/filtered_classification/crops/val/Metal/000054_ann1607.jpg,TACO-master/TACO-master/data/batch_13/000054.jpg,4160,3120,1842.0,1695.0,339.0,361.0,455,1607
taco_1608,TACO,cropped_object_classification,test,Metal,Drink can,TACO-master/TACO-master/data/filtered_classification/crops/test/Metal/000054_ann1608.jpg,TACO-master/TACO-master/data/filtered_classification/crops/test/Metal/000054_ann1608.jpg,TACO-master/TACO-master/data/batch_13/000054.jpg,4160,3120,2013.0,2236.0,253.0,382.0,455,1608
taco_1609,TACO,cropped_object_classification,train,Metal,Drink can,TACO-master/TACO-master/data/filtered_classification/crops/train/Metal/000054_ann1609.jpg,TACO-master/TACO-master/data/filtered_classification/crops/train/Metal/000054_ann1609.jpg,TACO-master/TACO-master/data/batch_13/000054.jpg,4160,3120,2360.0,1061.0,286.0,392.0,455,1609
taco_1610,TACO,cropped_object_classification,train,Metal,Drink can,TACO-master/TACO-master/data/filtered_classification/crops/train/Metal/000054_ann1610.jpg,TACO-master/TACO-master/data/filtered_classification/crops/train/Metal/000054_ann1610.jpg,TACO-master/TACO-master/data/batch_13/000054.jpg,4160,3120,2548.0,905.0,407.0,346.0,455,1610
taco_1611,TACO,cropped_object_classification,train,Metal,Drink can,TACO-master/TACO-master/data/filtered_classification/crops/train/Metal/000054_ann1611.jpg,TACO-master/TACO-master/data/filtered_classification/crops/train/Metal/000054_ann1611.jpg,TACO-master/TACO-master/data/batch_13/000054.jpg,4160,3120,3500.0,1269.0,288.0,435.0,455,1611
taco_1618,TACO,cropped_object_classification,train,Plastic,Disposable plastic cup,TACO-master/TACO-master/data/filtered_classification/crops/train/Plastic/000056_ann1618.jpg,TACO-master/TACO-master/data/filtered_classification/crops/train/Plastic/000056_ann1618.jpg,TACO-master/TACO-master/data/batch_13/000056.jpg,3120,4160,1522.0,883.0,538.0,943.0,457,1618
taco_1621,TACO,cropped_object_classification,train,PaperCardboard,Normal paper,TACO-master/TACO-master/data/filtered_classification/crops/train/PaperCardboard/000056_ann1621.jpg,TACO-master/TACO-master/data/filtered_classification/crops/train/PaperCardboard/000056_ann1621.jpg,TACO-master/TACO-master/data/batch_13/000056.jpg,3120,4160,799.0,-1.0,492.0,484.0,457,1621
taco_1623,TACO,cropped_object_classification,train,PaperCardboard,Other carton,TACO-master/TACO-master/data/filtered_classification/crops/train/PaperCardboard/000056_ann1623.jpg,TACO-master/TACO-master/data/filtered_classification/crops/train/PaperCardboard/000056_ann1623.jpg,TACO-master/TACO-master/data/batch_13/000056.jpg,3120,4160,106.0,3.0,504.0,935.0,457,1623
taco_1624,TACO,cropped_object_classification,train,PaperCardboard,Paper bag,TACO-master/TACO-master/data/filtered_classification/crops/train/PaperCardboard/000056_ann1624.jpg,TACO-master/TACO-master/data/filtered_classification/crops/train/PaperCardboard/000056_ann1624.jpg,TACO-master/TACO-master/data/batch_13/000056.jpg,3120,4160,504.0,1194.0,842.0,581.0,457,1624
taco_1629,TACO,cropped_object_classification,test,Glass,Glass bottle,TACO-master/TACO-master/data/filtered_classification/crops/test/Glass/000059_ann1629.jpg,TACO-master/TACO-master/data/filtered_classification/crops/test/Glass/000059_ann1629.jpg,TACO-master/TACO-master/data/batch_13/000059.jpg,3024,4032,644.0,438.0,1534.0,1036.0,460,1629
taco_1632,TACO,cropped_object_classification,train,Plastic,Disposable plastic cup,TACO-master/TACO-master/data/filtered_classification/crops/train/Plastic/000059_ann1632.jpg,TACO-master/TACO-master/data/filtered_classification/crops/train/Plastic/000059_ann1632.jpg,TACO-master/TACO-master/data/batch_13/000059.jpg,3024,4032,1942.0,664.0,1082.0,1054.0,460,1632
taco_1634,TACO,cropped_object_classification,train,Metal,Drink can,TACO-master/TACO-master/data/filtered_classification/crops/train/Metal/000059_ann1634.jpg,TACO-master/TACO-master/data/filtered_classification/crops/train/Metal/000059_ann1634.jpg,TACO-master/TACO-master/data/batch_13/000059.jpg,3024,4032,845.0,2616.0,1172.0,1063.0,460,1634
taco_1641,TACO,cropped_object_classification,train,Other,Styrofoam piece,TACO-master/TACO-master/data/filtered_classification/crops/train/Other/000063_ann1641.jpg,TACO-master/TACO-master/data/filtered_classification/crops/train/Other/000063_ann1641.jpg,TACO-master/TACO-master/data/batch_13/000063.jpg,3120,4160,320.0,1490.0,2339.0,1969.0,464,1641
taco_1642,TACO,cropped_object_classification,val,Plastic,Tupperware,TACO-master/TACO-master/data/filtered_classification/crops/val/Plastic/000064_ann1642.jpg,TACO-master/TACO-master/data/filtered_classification/crops/val/Plastic/000064_ann1642.jpg,TACO-master/TACO-master/data/batch_13/000064.jpg,4160,3120,581.0,933.0,2938.0,2186.0,465,1642
taco_1645,TACO,cropped_object_classification,train,Glass,Glass bottle,TACO-master/TACO-master/data/filtered_classification/crops/train/Glass/000067_ann1645.jpg,TACO-master/TACO-master/data/filtered_classification/crops/train/Glass/000067_ann1645.jpg,TACO-master/TACO-master/data/batch_13/000067.jpg,4160,3120,395.0,1032.0,3758.0,1042.0,468,1645
taco_1649,TACO,cropped_object_classification,train,PaperCardboard,Other carton,TACO-master/TACO-master/data/filtered_classification/crops/train/PaperCardboard/000071_ann1649.jpg,TACO-master/TACO-master/data/filtered_classification/crops/train/PaperCardboard/000071_ann1649.jpg,TACO-master/TACO-master/data/batch_13/000071.jpg,3120,4160,1160.0,1501.0,1312.0,1694.0,472,1649
taco_1656,TACO,cropped_object_classification,test,PaperCardboard,Other carton,TACO-master/TACO-master/data/filtered_classification/crops/test/PaperCardboard/000078_ann1656.jpg,TACO-master/TACO-master/data/filtered_classification/crops/test/PaperCardboard/000078_ann1656.jpg,TACO-master/TACO-master/data/batch_13/000078.jpg,3120,4160,312.0,790.0,2326.0,2304.0,479,1656
taco_1662,TACO,cropped_object_classification,val,Metal,Drink can,TACO-master/TACO-master/data/filtered_classification/crops/val/Metal/000082_ann1662.jpg,TACO-master/TACO-master/data/filtered_classification/crops/val/Metal/000082_ann1662.jpg,TACO-master/TACO-master/data/batch_13/000082.jpg,3120,4160,893.0,831.0,1190.0,2525.0,483,1662
taco_1677,TACO,cropped_object_classification,train,Plastic,Clear plastic bottle,TACO-master/TACO-master/data/filtered_classification/crops/train/Plastic/000086_ann1677.jpg,TACO-master/TACO-master/data/filtered_classification/crops/train/Plastic/000086_ann1677.jpg,TACO-master/TACO-master/data/batch_13/000086.jpg,3120,4160,990.0,628.0,1360.0,2420.0,487,1677
taco_1681,TACO,cropped_object_classification,train,Metal,Drink can,TACO-master/TACO-master/data/filtered_classification/crops/train/Metal/000088_ann1681.jpg,TACO-master/TACO-master/data/filtered_classification/crops/train/Metal/000088_ann1681.jpg,TACO-master/TACO-master/data/batch_13/000088.jpg,4160,3120,807.0,512.0,2247.0,1260.0,489,1681
taco_1687,TACO,cropped_object_classification,train,Plastic,Clear plastic bottle,TACO-master/TACO-master/data/filtered_classification/crops/train/Plastic/000092_ann1687.jpg,TACO-master/TACO-master/data/filtered_classification/crops/train/Plastic/000092_ann1687.jpg,TACO-master/TACO-master/data/batch_13/000092.jpg,3120,4160,975.5,367.0,1063.0,3586.0,493,1687
taco_1689,TACO,cropped_object_classification,train,Plastic,Clear plastic bottle,TACO-master/TACO-master/data/filtered_classification/crops/train/Plastic/000093_ann1689.jpg,TACO-master/TACO-master/data/filtered_classification/crops/train/Plastic/000093_ann1689.jpg,TACO-master/TACO-master/data/batch_13/000093.jpg,4160,3120,40.0,450.0,3688.0,1498.0,494,1689
taco_1690,TACO,cropped_object_classification,train,Metal,Drink can,TACO-master/TACO-master/data/filtered_classification/crops/train/Metal/000094_ann1690.jpg,TACO-master/TACO-master/data/filtered_classification/crops/train/Metal/000094_ann1690.jpg,TACO-master/TACO-master/data/batch_13/000094.jpg,4160,3120,727.0,821.0,3082.0,1437.0,495,1690
taco_1692,TACO,cropped_object_classification,train,Plastic,Clear plastic bottle,TACO-master/TACO-master/data/filtered_classification/crops/train/Plastic/000095_ann1692.jpg,TACO-master/TACO-master/data/filtered_classification/crops/train/Plastic/000095_ann1692.jpg,TACO-master/TACO-master/data/batch_13/000095.jpg,3120,4160,550.0,771.0,996.0,3015.0,496,1692
taco_1693,TACO,cropped_object_classification,test,Plastic,Clear plastic bottle,TACO-master/TACO-master/data/filtered_classification/crops/test/Plastic/000095_ann1693.jpg,TACO-master/TACO-master/data/filtered_classification/crops/test/Plastic/000095_ann1693.jpg,TACO-master/TACO-master/data/batch_13/000095.jpg,3120,4160,1602.0,412.0,969.0,3116.0,496,1693
taco_1701,TACO,cropped_object_classification,train,Plastic,Disposable plastic cup,TACO-master/TACO-master/data/filtered_classification/crops/train/Plastic/000001_ann1701.jpg,TACO-master/TACO-master/data/filtered_classification/crops/train/Plastic/000001_ann1701.jpg,TACO-master/TACO-master/data/batch_14/000001.jpg,4160,3120,1270.0,791.0,1807.0,1790.0,502,1701
taco_1708,TACO,cropped_object_classification,test,Plastic,Other plastic bottle,TACO-master/TACO-master/data/filtered_classification/crops/test/Plastic/000006_ann1708.jpg,TACO-master/TACO-master/data/filtered_classification/crops/test/Plastic/000006_ann1708.jpg,TACO-master/TACO-master/data/batch_14/000006.jpg,3120,4160,375.0,607.0,2405.0,3380.0,507,1708
taco_1710,TACO,cropped_object_classification,val,Plastic,Other plastic bottle,TACO-master/TACO-master/data/filtered_classification/crops/val/Plastic/000007_ann1710.jpg,TACO-master/TACO-master/data/filtered_classification/crops/val/Plastic/000007_ann1710.jpg,TACO-master/TACO-master/data/batch_14/000007.jpg,4160,3120,285.0,998.0,3368.0,1131.0,508,1710
taco_1718,TACO,cropped_object_classification,train,Plastic,Clear plastic bottle,TACO-master/TACO-master/data/filtered_classification/crops/train/Plastic/000013_ann1718.jpg,TACO-master/TACO-master/data/filtered_classification/crops/train/Plastic/000013_ann1718.jpg,TACO-master/TACO-master/data/batch_14/000013.jpg,4160,3120,465.0,1150.0,3573.0,1192.0,514,1718
taco_1722,TACO,cropped_object_classification,train,Plastic,Clear plastic bottle,TACO-master/TACO-master/data/filtered_classification/crops/train/Plastic/000015_ann1722.jpg,TACO-master/TACO-master/data/filtered_classification/crops/train/Plastic/000015_ann1722.jpg,TACO-master/TACO-master/data/batch_14/000015.jpg,4160,3120,2587.0,2052.0,1283.0,1049.0,516,1722
taco_1725,TACO,cropped_object_classification,train,PaperCardboard,Other carton,TACO-master/TACO-master/data/filtered_classification/crops/train/PaperCardboard/000017_ann1725.jpg,TACO-master/TACO-master/data/filtered_classification/crops/train/PaperCardboard/000017_ann1725.jpg,TACO-master/TACO-master/data/batch_14/000017.jpg,4160,3120,601.0,619.0,2709.0,1932.0,518,1725
taco_1727,TACO,cropped_object_classification,train,Plastic,Clear plastic bottle,TACO-master/TACO-master/data/filtered_classification/crops/train/Plastic/000019_ann1727.jpg,TACO-master/TACO-master/data/filtered_classification/crops/train/Plastic/000019_ann1727.jpg,TACO-master/TACO-master/data/batch_14/000019.jpg,3120,4160,327.0,81.0,2309.0,3995.0,520,1727
taco_1729,TACO,cropped_object_classification,val,PaperCardboard,Other carton,TACO-master/TACO-master/data/filtered_classification/crops/val/PaperCardboard/000020_ann1729.jpg,TACO-master/TACO-master/data/filtered_classification/crops/val/PaperCardboard/000020_ann1729.jpg,TACO-master/TACO-master/data/batch_14/000020.jpg,4160,3120,579.0,517.0,2956.0,2400.0,521,1729
taco_1730,TACO,cropped_object_classification,train,Metal,Drink can,TACO-master/TACO-master/data/filtered_classification/crops/train/Metal/000021_ann1730.jpg,TACO-master/TACO-master/data/filtered_classification/crops/train/Metal/000021_ann1730.jpg,TACO-master/TACO-master/data/batch_14/000021.jpg,3024,4032,1175.0,1930.0,350.0,242.0,522,1730
taco_1731,TACO,cropped_object_classification,train,Plastic,Other plastic bottle,TACO-master/TACO-master/data/filtered_classification/crops/train/Plastic/000021_ann1731.jpg,TACO-master/TACO-master/data/filtered_classification/crops/train/Plastic/000021_ann1731.jpg,TACO-master/TACO-master/data/batch_14/000021.jpg,3024,4032,1433.0,2971.0,564.0,248.0,522,1731
taco_1732,TACO,cropped_object_classification,test,PaperCardboard,Other carton,TACO-master/TACO-master/data/filtered_classification/crops/test/PaperCardboard/000021_ann1732.jpg,TACO-master/TACO-master/data/filtered_classification/crops/test/PaperCardboard/000021_ann1732.jpg,TACO-master/TACO-master/data/batch_14/000021.jpg,3024,4032,1591.0,1419.0,294.0,456.0,522,1732
taco_1734,TACO,cropped_object_classification,test,PaperCardboard,Paper bag,TACO-master/TACO-master/data/filtered_classification/crops/test/PaperCardboard/000022_ann1734.jpg,TACO-master/TACO-master/data/filtered_classification/crops/test/PaperCardboard/000022_ann1734.jpg,TACO-master/TACO-master/data/batch_14/000022.jpg,3456,3456,1227.0,706.0,1431.0,1235.0,523,1734
taco_1739,TACO,cropped_object_classification,train,Plastic,Clear plastic bottle,TACO-master/TACO-master/data/filtered_classification/crops/train/Plastic/000023_ann1739.jpg,TACO-master/TACO-master/data/filtered_classification/crops/train/Plastic/000023_ann1739.jpg,TACO-master/TACO-master/data/batch_14/000023.jpg,3120,4160,483.0,1509.0,1858.0,1818.0,524,1739
taco_1741,TACO,cropped_object_classification,train,Metal,Drink can,TACO-master/TACO-master/data/filtered_classification/crops/train/Metal/000024_ann1741.jpg,TACO-master/TACO-master/data/filtered_classification/crops/train/Metal/000024_ann1741.jpg,TACO-master/TACO-master/data/batch_14/000024.jpg,3120,4160,1221.0,2156.0,806.0,1030.0,525,1741
taco_1742,TACO,cropped_object_classification,train,Plastic,Clear plastic bottle,TACO-master/TACO-master/data/filtered_classification/crops/train/Plastic/000025_ann1742.jpg,TACO-master/TACO-master/data/filtered_classification/crops/train/Plastic/000025_ann1742.jpg,TACO-master/TACO-master/data/batch_14/000025.jpg,3120,4160,670.0,1870.0,1580.0,507.0,526,1742
taco_1749,TACO,cropped_object_classification,train,Plastic,Disposable plastic cup,TACO-master/TACO-master/data/filtered_classification/crops/train/Plastic/000031_ann1749.jpg,TACO-master/TACO-master/data/filtered_classification/crops/train/Plastic/000031_ann1749.jpg,TACO-master/TACO-master/data/batch_14/000031.jpg,3024,4032,1137.0,2010.0,1883.0,1484.0,532,1749
taco_1751,TACO,cropped_object_classification,train,PaperCardboard,Paper bag,TACO-master/TACO-master/data/filtered_classification/crops/train/PaperCardboard/000032_ann1751.jpg,TACO-master/TACO-master/data/filtered_classification/crops/train/PaperCardboard/000032_ann1751.jpg,TACO-master/TACO-master/data/batch_14/000032.jpg,4032,3024,2031.0,2239.0,369.0,513.0,533,1751
taco_1755,TACO,cropped_object_classification,train,Metal,Drink can,TACO-master/TACO-master/data/filtered_classification/crops/train/Metal/000036_ann1755.jpg,TACO-master/TACO-master/data/filtered_classification/crops/train/Metal/000036_ann1755.jpg,TACO-master/TACO-master/data/batch_14/000036.jpg,3024,4032,815.0,1508.0,848.0,675.0,537,1755
taco_1757,TACO,cropped_object_classification,test,Plastic,Clear plastic bottle,TACO-master/TACO-master/data/filtered_classification/crops/test/Plastic/000037_ann1757.jpg,TACO-master/TACO-master/data/filtered_classification/crops/test/Plastic/000037_ann1757.jpg,TACO-master/TACO-master/data/batch_14/000037.jpg,3024,4032,988.0,1551.0,1027.0,1242.0,538,1757
taco_1760,TACO,cropped_object_classification,train,Glass,Glass bottle,TACO-master/TACO-master/data/filtered_classification/crops/train/Glass/000038_ann1760.jpg,TACO-master/TACO-master/data/filtered_classification/crops/train/Glass/000038_ann1760.jpg,TACO-master/TACO-master/data/batch_14/000038.jpg,3024,4032,876.1905,1597.524,1109.9998999999998,809.9998,539,1760
taco_1761,TACO,cropped_object_classification,train,Glass,Glass bottle,TACO-master/TACO-master/data/filtered_classification/crops/train/Glass/000039_ann1761.jpg,TACO-master/TACO-master/data/filtered_classification/crops/train/Glass/000039_ann1761.jpg,TACO-master/TACO-master/data/batch_14/000039.jpg,3024,4032,852.0,1713.0,1206.0,1123.0,540,1761
taco_1764,TACO,cropped_object_classification,test,Plastic,Other plastic bottle,TACO-master/TACO-master/data/filtered_classification/crops/test/Plastic/000042_ann1764.jpg,TACO-master/TACO-master/data/filtered_classification/crops/test/Plastic/000042_ann1764.jpg,TACO-master/TACO-master/data/batch_14/000042.jpg,3024,4032,795.0,1791.0,718.0,849.0,543,1764
taco_1773,TACO,cropped_object_classification,train,Metal,Drink can,TACO-master/TACO-master/data/filtered_classification/crops/train/Metal/000047_ann1773.jpg,TACO-master/TACO-master/data/filtered_classification/crops/train/Metal/000047_ann1773.jpg,TACO-master/TACO-master/data/batch_14/000047.jpg,3024,4032,1596.7557000000002,1917.7272,496.00004,805.9997999999998,548,1773
taco_1775,TACO,cropped_object_classification,val,Metal,Drink can,TACO-master/TACO-master/data/filtered_classification/crops/val/Metal/000047_ann1775.jpg,TACO-master/TACO-master/data/filtered_classification/crops/val/Metal/000047_ann1775.jpg,TACO-master/TACO-master/data/batch_14/000047.jpg,3024,4032,1232.2671,2069.733,495.3635999999999,546.0,548,1775
taco_1777,TACO,cropped_object_classification,val,Plastic,Clear plastic bottle,TACO-master/TACO-master/data/filtered_classification/crops/val/Plastic/000048_ann1777.jpg,TACO-master/TACO-master/data/filtered_classification/crops/val/Plastic/000048_ann1777.jpg,TACO-master/TACO-master/data/batch_14/000048.jpg,842,474,171.03125,-1.3166667,518.35625,413.4333367,549,1777
taco_1782,TACO,cropped_object_classification,test,Other,Styrofoam piece,TACO-master/TACO-master/data/filtered_classification/crops/test/Other/000052_ann1782.jpg,TACO-master/TACO-master/data/filtered_classification/crops/test/Other/000052_ann1782.jpg,TACO-master/TACO-master/data/batch_14/000052.jpg,3024,4032,913.0,2031.0,730.0,866.0,553,1782
taco_1783,TACO,cropped_object_classification,val,Other,Styrofoam piece,TACO-master/TACO-master/data/filtered_classification/crops/val/Other/000052_ann1783.jpg,TACO-master/TACO-master/data/filtered_classification/crops/val/Other/000052_ann1783.jpg,TACO-master/TACO-master/data/batch_14/000052.jpg,3024,4032,1768.0,1886.0,661.0,793.0,553,1783
taco_1789,TACO,cropped_object_classification,train,Other,Styrofoam piece,TACO-master/TACO-master/data/filtered_classification/crops/train/Other/000058_ann1789.jpg,TACO-master/TACO-master/data/filtered_classification/crops/train/Other/000058_ann1789.jpg,TACO-master/TACO-master/data/batch_14/000058.jpg,4032,3024,1037.1904,945.4286999999999,1453.6668,1170.3809,559,1789
taco_1790,TACO,cropped_object_classification,train,PaperCardboard,Other carton,TACO-master/TACO-master/data/filtered_classification/crops/train/PaperCardboard/000059_ann1790.jpg,TACO-master/TACO-master/data/filtered_classification/crops/train/PaperCardboard/000059_ann1790.jpg,TACO-master/TACO-master/data/batch_14/000059.jpg,3024,4032,1168.0,1620.0,440.0,547.0,560,1790
taco_1792,TACO,cropped_object_classification,test,PaperCardboard,Normal paper,TACO-master/TACO-master/data/filtered_classification/crops/test/PaperCardboard/000061_ann1792.jpg,TACO-master/TACO-master/data/filtered_classification/crops/test/PaperCardboard/000061_ann1792.jpg,TACO-master/TACO-master/data/batch_14/000061.jpg,3024,4032,638.0,1790.0,1467.0,1216.0,562,1792
taco_1794,TACO,cropped_object_classification,train,PaperCardboard,Other carton,TACO-master/TACO-master/data/filtered_classification/crops/train/PaperCardboard/000062_ann1794.jpg,TACO-master/TACO-master/data/filtered_classification/crops/train/PaperCardboard/000062_ann1794.jpg,TACO-master/TACO-master/data/batch_14/000062.jpg,3024,4032,836.0,1572.0,762.0,364.0,563,1794
taco_1798,TACO,cropped_object_classification,train,Plastic,Disposable plastic cup,TACO-master/TACO-master/data/filtered_classification/crops/train/Plastic/000066_ann1798.jpg,TACO-master/TACO-master/data/filtered_classification/crops/train/Plastic/000066_ann1798.jpg,TACO-master/TACO-master/data/batch_14/000066.jpg,3024,4032,386.0,1415.0,1562.0,1231.0,567,1798
taco_1803,TACO,cropped_object_classification,test,Metal,Drink can,TACO-master/TACO-master/data/filtered_classification/crops/test/Metal/000069_ann1803.jpg,TACO-master/TACO-master/data/filtered_classification/crops/test/Metal/000069_ann1803.jpg,TACO-master/TACO-master/data/batch_14/000069.jpg,3024,4032,25.0,1561.0,2315.0,1374.0,570,1803
taco_1806,TACO,cropped_object_classification,train,PaperCardboard,Other carton,TACO-master/TACO-master/data/filtered_classification/crops/train/PaperCardboard/000071_ann1806.jpg,TACO-master/TACO-master/data/filtered_classification/crops/train/PaperCardboard/000071_ann1806.jpg,TACO-master/TACO-master/data/batch_14/000071.jpg,3024,4032,1506.0,1912.0,266.0,259.0,572,1806
taco_1808,TACO,cropped_object_classification,train,PaperCardboard,Normal paper,TACO-master/TACO-master/data/filtered_classification/crops/train/PaperCardboard/000072_ann1808.jpg,TACO-master/TACO-master/data/filtered_classification/crops/train/PaperCardboard/000072_ann1808.jpg,TACO-master/TACO-master/data/batch_14/000072.jpg,3024,4032,221.0,2237.0,799.0,1175.0,573,1808
taco_1810,TACO,cropped_object_classification,test,Other,Styrofoam piece,TACO-master/TACO-master/data/filtered_classification/crops/test/Other/000074_ann1810.jpg,TACO-master/TACO-master/data/filtered_classification/crops/test/Other/000074_ann1810.jpg,TACO-master/TACO-master/data/batch_14/000074.jpg,3024,4032,690.0,2452.0,813.0,944.0,575,1810
taco_1813,TACO,cropped_object_classification,train,Plastic,Other plastic bottle,TACO-master/TACO-master/data/filtered_classification/crops/train/Plastic/000077_ann1813.jpg,TACO-master/TACO-master/data/filtered_classification/crops/train/Plastic/000077_ann1813.jpg,TACO-master/TACO-master/data/batch_14/000077.jpg,3024,4032,1131.0,2248.0,1273.0,806.0,578,1813
taco_1816,TACO,cropped_object_classification,train,Plastic,Clear plastic bottle,TACO-master/TACO-master/data/filtered_classification/crops/train/Plastic/000079_ann1816.jpg,TACO-master/TACO-master/data/filtered_classification/crops/train/Plastic/000079_ann1816.jpg,TACO-master/TACO-master/data/batch_14/000079.jpg,3024,4032,1324.0,2005.0,1017.0,860.0,580,1816
taco_1817,TACO,cropped_object_classification,val,Metal,Drink can,TACO-master/TACO-master/data/filtered_classification/crops/val/Metal/000079_ann1817.jpg,TACO-master/TACO-master/data/filtered_classification/crops/val/Metal/000079_ann1817.jpg,TACO-master/TACO-master/data/batch_14/000079.jpg,3024,4032,1848.0,2531.0,486.0,582.0,580,1817
taco_1818,TACO,cropped_object_classification,train,Metal,Drink can,TACO-master/TACO-master/data/filtered_classification/crops/train/Metal/000079_ann1818.jpg,TACO-master/TACO-master/data/filtered_classification/crops/train/Metal/000079_ann1818.jpg,TACO-master/TACO-master/data/batch_14/000079.jpg,3024,4032,1074.0,1449.0,569.0,708.0,580,1818
taco_1821,TACO,cropped_object_classification,train,Glass,Glass bottle,TACO-master/TACO-master/data/filtered_classification/crops/train/Glass/000081_ann1821.jpg,TACO-master/TACO-master/data/filtered_classification/crops/train/Glass/000081_ann1821.jpg,TACO-master/TACO-master/data/batch_14/000081.jpg,3024,4032,1031.0,1798.0,1774.0,503.0,582,1821
taco_1822,TACO,cropped_object_classification,train,Glass,Glass bottle,TACO-master/TACO-master/data/filtered_classification/crops/train/Glass/000081_ann1822.jpg,TACO-master/TACO-master/data/filtered_classification/crops/train/Glass/000081_ann1822.jpg,TACO-master/TACO-master/data/batch_14/000081.jpg,3024,4032,2002.0,1950.0,1020.0,1064.0,582,1822
taco_1823,TACO,cropped_object_classification,train,Glass,Glass bottle,TACO-master/TACO-master/data/filtered_classification/crops/train/Glass/000081_ann1823.jpg,TACO-master/TACO-master/data/filtered_classification/crops/train/Glass/000081_ann1823.jpg,TACO-master/TACO-master/data/batch_14/000081.jpg,3024,4032,2527.0,2803.0,496.0,487.0,582,1823
taco_1824,TACO,cropped_object_classification,train,Metal,Drink can,TACO-master/TACO-master/data/filtered_classification/crops/train/Metal/000081_ann1824.jpg,TACO-master/TACO-master/data/filtered_classification/crops/train/Metal/000081_ann1824.jpg,TACO-master/TACO-master/data/batch_14/000081.jpg,3024,4032,313.0,1993.0,402.0,475.0,582,1824
taco_1845,TACO,cropped_object_classification,test,Plastic,Other plastic bottle,TACO-master/TACO-master/data/filtered_classification/crops/test/Plastic/000094_ann1845.jpg,TACO-master/TACO-master/data/filtered_classification/crops/test/Plastic/000094_ann1845.jpg,TACO-master/TACO-master/data/batch_14/000094.jpg,3024,4032,1631.0,1972.0,364.0,436.0,595,1845
taco_1849,TACO,cropped_object_classification,val,PaperCardboard,Normal paper,TACO-master/TACO-master/data/filtered_classification/crops/val/PaperCardboard/000095_ann1849.jpg,TACO-master/TACO-master/data/filtered_classification/crops/val/PaperCardboard/000095_ann1849.jpg,TACO-master/TACO-master/data/batch_14/000095.jpg,3024,4032,1328.0,2677.0,325.0,268.0,596,1849
taco_1850,TACO,cropped_object_classification,train,Glass,Glass bottle,TACO-master/TACO-master/data/filtered_classification/crops/train/Glass/000096_ann1850.jpg,TACO-master/TACO-master/data/filtered_classification/crops/train/Glass/000096_ann1850.jpg,TACO-master/TACO-master/data/batch_14/000096.jpg,3024,4032,934.0,3067.0,906.0,587.0,597,1850
taco_1882,TACO,cropped_object_classification,train,Metal,Drink can,TACO-master/TACO-master/data/filtered_classification/crops/train/Metal/000000_ann1882.jpg,TACO-master/TACO-master/data/filtered_classification/crops/train/Metal/000000_ann1882.jpg,TACO-master/TACO-master/data/batch_15/000000.jpg,3024,4032,569.0,2678.0,366.0,196.0,601,1882
taco_1892,TACO,cropped_object_classification,train,Plastic,Other plastic bottle,TACO-master/TACO-master/data/filtered_classification/crops/train/Plastic/000003_ann1892.jpg,TACO-master/TACO-master/data/filtered_classification/crops/train/Plastic/000003_ann1892.jpg,TACO-master/TACO-master/data/batch_15/000003.jpg,3024,4032,1208.0,2220.0,305.0,518.0,604,1892
taco_1893,TACO,cropped_object_classification,train,Glass,Glass bottle,TACO-master/TACO-master/data/filtered_classification/crops/train/Glass/000004_ann1893.jpg,TACO-master/TACO-master/data/filtered_classification/crops/train/Glass/000004_ann1893.jpg,TACO-master/TACO-master/data/batch_15/000004.jpg,3024,4032,1435.0,1924.0,550.0,322.0,605,1893
taco_1899,TACO,cropped_object_classification,val,PaperCardboard,Normal paper,TACO-master/TACO-master/data/filtered_classification/crops/val/PaperCardboard/000007_ann1899.jpg,TACO-master/TACO-master/data/filtered_classification/crops/val/PaperCardboard/000007_ann1899.jpg,TACO-master/TACO-master/data/batch_15/000007.jpg,3024,4032,818.0,1255.0,538.0,214.0,608,1899
taco_1906,TACO,cropped_object_classification,train,PaperCardboard,Other carton,TACO-master/TACO-master/data/filtered_classification/crops/train/PaperCardboard/000009_ann1906.jpg,TACO-master/TACO-master/data/filtered_classification/crops/train/PaperCardboard/000009_ann1906.jpg,TACO-master/TACO-master/data/batch_15/000009.jpg,3024,4032,1108.0,2319.0,334.0,395.0,610,1906
taco_1917,TACO,cropped_object_classification,train,PaperCardboard,Paper bag,TACO-master/TACO-master/data/filtered_classification/crops/train/PaperCardboard/000010_ann1917.jpg,TACO-master/TACO-master/data/filtered_classification/crops/train/PaperCardboard/000010_ann1917.jpg,TACO-master/TACO-master/data/batch_15/000010.jpg,3024,4032,598.0,1024.0,856.0,784.0,611,1917
taco_1924,TACO,cropped_object_classification,train,Metal,Drink can,TACO-master/TACO-master/data/filtered_classification/crops/train/Metal/000013_ann1924.jpg,TACO-master/TACO-master/data/filtered_classification/crops/train/Metal/000013_ann1924.jpg,TACO-master/TACO-master/data/batch_15/000013.jpg,3024,4032,790.0,2243.0,517.0,541.0,614,1924
taco_1948,TACO,cropped_object_classification,train,Plastic,Clear plastic bottle,TACO-master/TACO-master/data/filtered_classification/crops/train/Plastic/000017_ann1948.jpg,TACO-master/TACO-master/data/filtered_classification/crops/train/Plastic/000017_ann1948.jpg,TACO-master/TACO-master/data/batch_15/000017.jpg,2448,3264,1206.0,1590.0,233.0,684.0,618,1948
taco_1952,TACO,cropped_object_classification,train,Glass,Glass bottle,TACO-master/TACO-master/data/filtered_classification/crops/train/Glass/000018_ann1952.jpg,TACO-master/TACO-master/data/filtered_classification/crops/train/Glass/000018_ann1952.jpg,TACO-master/TACO-master/data/batch_15/000018.jpg,1536,2048,576.0,997.0,455.0,157.0,619,1952
taco_1956,TACO,cropped_object_classification,train,Plastic,Clear plastic bottle,TACO-master/TACO-master/data/filtered_classification/crops/train/Plastic/000019_ann1956.jpg,TACO-master/TACO-master/data/filtered_classification/crops/train/Plastic/000019_ann1956.jpg,TACO-master/TACO-master/data/batch_15/000019.jpg,2048,1536,588.0,770.0,194.0,82.0,620,1956
taco_1961,TACO,cropped_object_classification,train,Plastic,Clear plastic bottle,TACO-master/TACO-master/data/filtered_classification/crops/train/Plastic/000019_ann1961.jpg,TACO-master/TACO-master/data/filtered_classification/crops/train/Plastic/000019_ann1961.jpg,TACO-master/TACO-master/data/batch_15/000019.jpg,2048,1536,1845.0,892.0,202.0,117.0,620,1961
taco_1965,TACO,cropped_object_classification,val,Metal,Drink can,TACO-master/TACO-master/data/filtered_classification/crops/val/Metal/000020_ann1965.jpg,TACO-master/TACO-master/data/filtered_classification/crops/val/Metal/000020_ann1965.jpg,TACO-master/TACO-master/data/batch_15/000020.jpg,2048,1536,980.0,734.0,262.0,333.0,621,1965
taco_1973,TACO,cropped_object_classification,train,Other,Styrofoam piece,TACO-master/TACO-master/data/filtered_classification/crops/train/Other/000022_ann1973.jpg,TACO-master/TACO-master/data/filtered_classification/crops/train/Other/000022_ann1973.jpg,TACO-master/TACO-master/data/batch_15/000022.jpg,1536,2048,932.0,1026.0,100.0,240.0,623,1973
taco_1980,TACO,cropped_object_classification,test,Other,Styrofoam piece,TACO-master/TACO-master/data/filtered_classification/crops/test/Other/000022_ann1980.jpg,TACO-master/TACO-master/data/filtered_classification/crops/test/Other/000022_ann1980.jpg,TACO-master/TACO-master/data/batch_15/000022.jpg,1536,2048,289.0,1923.0,265.0,120.0,623,1980
taco_2050,TACO,cropped_object_classification,train,Metal,Drink can,TACO-master/TACO-master/data/filtered_classification/crops/train/Metal/000030_ann2050.jpg,TACO-master/TACO-master/data/filtered_classification/crops/train/Metal/000030_ann2050.jpg,TACO-master/TACO-master/data/batch_15/000030.jpg,1536,2048,689.0,807.0,234.0,277.0,631,2050
taco_2061,TACO,cropped_object_classification,val,Metal,Drink can,TACO-master/TACO-master/data/filtered_classification/crops/val/Metal/000035_ann2061.jpg,TACO-master/TACO-master/data/filtered_classification/crops/val/Metal/000035_ann2061.jpg,TACO-master/TACO-master/data/batch_15/000035.jpg,3024,4032,1329.0,2055.0,593.0,636.0,636,2061
taco_2085,TACO,cropped_object_classification,train,Plastic,Disposable plastic cup,TACO-master/TACO-master/data/filtered_classification/crops/train/Plastic/000040_ann2085.jpg,TACO-master/TACO-master/data/filtered_classification/crops/train/Plastic/000040_ann2085.jpg,TACO-master/TACO-master/data/batch_15/000040.jpg,3024,4032,1231.0,2246.0,356.0,360.0,641,2085
taco_2088,TACO,cropped_object_classification,train,Plastic,Disposable plastic cup,TACO-master/TACO-master/data/filtered_classification/crops/train/Plastic/000042_ann2088.jpg,TACO-master/TACO-master/data/filtered_classification/crops/train/Plastic/000042_ann2088.jpg,TACO-master/TACO-master/data/batch_15/000042.jpg,3024,4032,1533.0,2213.0,312.0,333.0,643,2088
taco_2091,TACO,cropped_object_classification,train,Other,Styrofoam piece,TACO-master/TACO-master/data/filtered_classification/crops/train/Other/000045_ann2091.jpg,TACO-master/TACO-master/data/filtered_classification/crops/train/Other/000045_ann2091.jpg,TACO-master/TACO-master/data/batch_15/000045.jpg,1536,2048,610.0,1030.0,223.0,190.0,646,2091
taco_2097,TACO,cropped_object_classification,val,Plastic,Disposable plastic cup,TACO-master/TACO-master/data/filtered_classification/crops/val/Plastic/000048_ann2097.jpg,TACO-master/TACO-master/data/filtered_classification/crops/val/Plastic/000048_ann2097.jpg,TACO-master/TACO-master/data/batch_15/000048.jpg,3024,4032,1245.0,1410.0,1028.0,1745.0,649,2097
taco_2099,TACO,cropped_object_classification,train,Plastic,Clear plastic bottle,TACO-master/TACO-master/data/filtered_classification/crops/train/Plastic/000049_ann2099.jpg,TACO-master/TACO-master/data/filtered_classification/crops/train/Plastic/000049_ann2099.jpg,TACO-master/TACO-master/data/batch_15/000049.jpg,3024,4032,1531.0,999.0,825.0,2017.0,650,2099
taco_2103,TACO,cropped_object_classification,val,Glass,Glass bottle,TACO-master/TACO-master/data/filtered_classification/crops/val/Glass/000050_ann2103.jpg,TACO-master/TACO-master/data/filtered_classification/crops/val/Glass/000050_ann2103.jpg,TACO-master/TACO-master/data/batch_15/000050.jpg,3024,4032,1129.0,1254.0,644.0,2207.0,651,2103
taco_2115,TACO,cropped_object_classification,test,Plastic,Clear plastic bottle,TACO-master/TACO-master/data/filtered_classification/crops/test/Plastic/000053_ann2115.jpg,TACO-master/TACO-master/data/filtered_classification/crops/test/Plastic/000053_ann2115.jpg,TACO-master/TACO-master/data/batch_15/000053.jpg,3024,4032,1328.0,1281.0,795.0,1483.0,654,2115
taco_2117,TACO,cropped_object_classification,train,Other,Crisp packet,TACO-master/TACO-master/data/filtered_classification/crops/train/Other/000055_ann2117.jpg,TACO-master/TACO-master/data/filtered_classification/crops/train/Other/000055_ann2117.jpg,TACO-master/TACO-master/data/batch_15/000055.jpg,3024,4032,981.0,1718.0,1452.0,1177.0,656,2117
taco_2119,TACO,cropped_object_classification,train,Plastic,Clear plastic bottle,TACO-master/TACO-master/data/filtered_classification/crops/train/Plastic/000056_ann2119.jpg,TACO-master/TACO-master/data/filtered_classification/crops/train/Plastic/000056_ann2119.jpg,TACO-master/TACO-master/data/batch_15/000056.jpg,3024,4032,706.0,478.0,1270.0,887.0,657,2119
taco_2120,TACO,cropped_object_classification,train,PaperCardboard,Normal paper,TACO-master/TACO-master/data/filtered_classification/crops/train/PaperCardboard/000056_ann2120.jpg,TACO-master/TACO-master/data/filtered_classification/crops/train/PaperCardboard/000056_ann2120.jpg,TACO-master/TACO-master/data/batch_15/000056.jpg,3024,4032,1176.0,1375.0,266.0,354.0,657,2120
taco_2124,TACO,cropped_object_classification,train,Plastic,Clear plastic bottle,TACO-master/TACO-master/data/filtered_classification/crops/train/Plastic/000057_ann2124.jpg,TACO-master/TACO-master/data/filtered_classification/crops/train/Plastic/000057_ann2124.jpg,TACO-master/TACO-master/data/batch_15/000057.jpg,3024,4032,938.0,1725.0,1485.0,982.0,658,2124
taco_2126,TACO,cropped_object_classification,train,PaperCardboard,Other carton,TACO-master/TACO-master/data/filtered_classification/crops/train/PaperCardboard/000058_ann2126.jpg,TACO-master/TACO-master/data/filtered_classification/crops/train/PaperCardboard/000058_ann2126.jpg,TACO-master/TACO-master/data/batch_15/000058.jpg,3024,4032,1459.493,1836.7639,494.0,851.5556999999999,659,2126
taco_2131,TACO,cropped_object_classification,train,Plastic,Clear plastic bottle,TACO-master/TACO-master/data/filtered_classification/crops/train/Plastic/000062_ann2131.jpg,TACO-master/TACO-master/data/filtered_classification/crops/train/Plastic/000062_ann2131.jpg,TACO-master/TACO-master/data/batch_15/000062.jpg,2048,1536,624.0,121.0,324.0,93.0,663,2131
taco_2144,TACO,cropped_object_classification,val,Metal,Drink can,TACO-master/TACO-master/data/filtered_classification/crops/val/Metal/000065_ann2144.jpg,TACO-master/TACO-master/data/filtered_classification/crops/val/Metal/000065_ann2144.jpg,TACO-master/TACO-master/data/batch_15/000065.jpg,4032,3024,1861.0,1405.0,554.0,709.0,666,2144
taco_2160,TACO,cropped_object_classification,val,Plastic,Clear plastic bottle,TACO-master/TACO-master/data/filtered_classification/crops/val/Plastic/000071_ann2160.jpg,TACO-master/TACO-master/data/filtered_classification/crops/val/Plastic/000071_ann2160.jpg,TACO-master/TACO-master/data/batch_15/000071.jpg,2448,3264,987.7916,853.38885,257.0,399.9999499999999,672,2160
taco_2164,TACO,cropped_object_classification,train,Plastic,Clear plastic bottle,TACO-master/TACO-master/data/filtered_classification/crops/train/Plastic/000072_ann2164.jpg,TACO-master/TACO-master/data/filtered_classification/crops/train/Plastic/000072_ann2164.jpg,TACO-master/TACO-master/data/batch_15/000072.jpg,1536,2048,559.0,954.0,489.0,256.0,673,2164
taco_2165,TACO,cropped_object_classification,val,Plastic,Clear plastic bottle,TACO-master/TACO-master/data/filtered_classification/crops/val/Plastic/000072_ann2165.jpg,TACO-master/TACO-master/data/filtered_classification/crops/val/Plastic/000072_ann2165.jpg,TACO-master/TACO-master/data/batch_15/000072.jpg,1536,2048,149.0,1136.0,333.0,387.0,673,2165
taco_2167,TACO,cropped_object_classification,train,Other,Garbage bag,TACO-master/TACO-master/data/filtered_classification/crops/train/Other/000073_ann2167.jpg,TACO-master/TACO-master/data/filtered_classification/crops/train/Other/000073_ann2167.jpg,TACO-master/TACO-master/data/batch_15/000073.jpg,1536,2048,0.0,1.0,533.0,604.0,674,2167
taco_2168,TACO,cropped_object_classification,train,Other,Garbage bag,TACO-master/TACO-master/data/filtered_classification/crops/train/Other/000073_ann2168.jpg,TACO-master/TACO-master/data/filtered_classification/crops/train/Other/000073_ann2168.jpg,TACO-master/TACO-master/data/batch_15/000073.jpg,1536,2048,0.0,1154.0,301.0,352.0,674,2168
taco_2173,TACO,cropped_object_classification,train,Metal,Drink can,TACO-master/TACO-master/data/filtered_classification/crops/train/Metal/000076_ann2173.jpg,TACO-master/TACO-master/data/filtered_classification/crops/train/Metal/000076_ann2173.jpg,TACO-master/TACO-master/data/batch_15/000076.jpg,2048,1536,1274.3958,792.31946,334.0,249.00004,677,2173
taco_2174,TACO,cropped_object_classification,train,PaperCardboard,Paper bag,TACO-master/TACO-master/data/filtered_classification/crops/train/PaperCardboard/000076_ann2174.jpg,TACO-master/TACO-master/data/filtered_classification/crops/train/PaperCardboard/000076_ann2174.jpg,TACO-master/TACO-master/data/batch_15/000076.jpg,2048,1536,1222.4574,1022.7329,411.0,418.0,677,2174
taco_2176,TACO,cropped_object_classification,train,Plastic,Disposable plastic cup,TACO-master/TACO-master/data/filtered_classification/crops/train/Plastic/000076_ann2176.jpg,TACO-master/TACO-master/data/filtered_classification/crops/train/Plastic/000076_ann2176.jpg,TACO-master/TACO-master/data/batch_15/000076.jpg,2048,1536,114.53978,524.4602,245.00002,245.0,677,2176
taco_2177,TACO,cropped_object_classification,train,PaperCardboard,Normal paper,TACO-master/TACO-master/data/filtered_classification/crops/train/PaperCardboard/000076_ann2177.jpg,TACO-master/TACO-master/data/filtered_classification/crops/train/PaperCardboard/000076_ann2177.jpg,TACO-master/TACO-master/data/batch_15/000076.jpg,2048,1536,0.5426178,631.0057,601.9999822,260.0,677,2177
taco_2178,TACO,cropped_object_classification,val,PaperCardboard,Normal paper,TACO-master/TACO-master/data/filtered_classification/crops/val/PaperCardboard/000076_ann2178.jpg,TACO-master/TACO-master/data/filtered_classification/crops/val/PaperCardboard/000076_ann2178.jpg,TACO-master/TACO-master/data/batch_15/000076.jpg,2048,1536,53.545456,826.09656,344.000014,289.2727400000001,677,2178
taco_2181,TACO,cropped_object_classification,train,Metal,Drink can,TACO-master/TACO-master/data/filtered_classification/crops/train/Metal/000078_ann2181.jpg,TACO-master/TACO-master/data/filtered_classification/crops/train/Metal/000078_ann2181.jpg,TACO-master/TACO-master/data/batch_15/000078.jpg,2448,3264,665.0,1203.0,580.0,795.0,679,2181
taco_2183,TACO,cropped_object_classification,train,Plastic,Other plastic bottle,TACO-master/TACO-master/data/filtered_classification/crops/train/Plastic/000078_ann2183.jpg,TACO-master/TACO-master/data/filtered_classification/crops/train/Plastic/000078_ann2183.jpg,TACO-master/TACO-master/data/batch_15/000078.jpg,2448,3264,1104.0,1200.0,374.0,490.0,679,2183
taco_2184,TACO,cropped_object_classification,train,PaperCardboard,Paper bag,TACO-master/TACO-master/data/filtered_classification/crops/train/PaperCardboard/000078_ann2184.jpg,TACO-master/TACO-master/data/filtered_classification/crops/train/PaperCardboard/000078_ann2184.jpg,TACO-master/TACO-master/data/batch_15/000078.jpg,2448,3264,313.0,1693.5,855.0,728.0,679,2184
taco_2185,TACO,cropped_object_classification,train,PaperCardboard,Paper bag,TACO-master/TACO-master/data/filtered_classification/crops/train/PaperCardboard/000078_ann2185.jpg,TACO-master/TACO-master/data/filtered_classification/crops/train/PaperCardboard/000078_ann2185.jpg,TACO-master/TACO-master/data/batch_15/000078.jpg,2448,3264,387.0,2187.0,579.0,566.0,679,2185
taco_2186,TACO,cropped_object_classification,train,PaperCardboard,Paper bag,TACO-master/TACO-master/data/filtered_classification/crops/train/PaperCardboard/000078_ann2186.jpg,TACO-master/TACO-master/data/filtered_classification/crops/train/PaperCardboard/000078_ann2186.jpg,TACO-master/TACO-master/data/batch_15/000078.jpg,2448,3264,1311.0,-0.5,286.0,589.0,679,2186
taco_2192,TACO,cropped_object_classification,train,PaperCardboard,Normal paper,TACO-master/TACO-master/data/filtered_classification/crops/train/PaperCardboard/000082_ann2192.jpg,TACO-master/TACO-master/data/filtered_classification/crops/train/PaperCardboard/000082_ann2192.jpg,TACO-master/TACO-master/data/batch_15/000082.jpg,1536,2048,598.0,971.0,149.0,184.0,683,2192
taco_2194,TACO,cropped_object_classification,train,Glass,Glass bottle,TACO-master/TACO-master/data/filtered_classification/crops/train/Glass/000084_ann2194.jpg,TACO-master/TACO-master/data/filtered_classification/crops/train/Glass/000084_ann2194.jpg,TACO-master/TACO-master/data/batch_15/000084.jpg,3264,2448,1059.0,699.0,344.0,1194.0,685,2194
taco_2195,TACO,cropped_object_classification,train,Glass,Glass bottle,TACO-master/TACO-master/data/filtered_classification/crops/train/Glass/000084_ann2195.jpg,TACO-master/TACO-master/data/filtered_classification/crops/train/Glass/000084_ann2195.jpg,TACO-master/TACO-master/data/batch_15/000084.jpg,3264,2448,1632.0,301.0,427.0,1272.0,685,2195
taco_2198,TACO,cropped_object_classification,train,Plastic,Other plastic bottle,TACO-master/TACO-master/data/filtered_classification/crops/train/Plastic/000000_ann2198.jpg,TACO-master/TACO-master/data/filtered_classification/crops/train/Plastic/000000_ann2198.jpg,TACO-master/TACO-master/data/batch_2/000000.JPG,2448,3264,962.0,1152.0,478.0,871.0,686,2198
taco_2200,TACO,cropped_object_classification,train,Glass,Glass bottle,TACO-master/TACO-master/data/filtered_classification/crops/train/Glass/000001_ann2200.jpg,TACO-master/TACO-master/data/filtered_classification/crops/train/Glass/000001_ann2200.jpg,TACO-master/TACO-master/data/batch_2/000001.JPG,2448,3264,815.0,369.0,428.0,214.0,687,2200
taco_2201,TACO,cropped_object_classification,train,Glass,Glass bottle,TACO-master/TACO-master/data/filtered_classification/crops/train/Glass/000001_ann2201.jpg,TACO-master/TACO-master/data/filtered_classification/crops/train/Glass/000001_ann2201.jpg,TACO-master/TACO-master/data/batch_2/000001.JPG,2448,3264,1189.0,2344.0,172.0,387.0,687,2201
taco_2205,TACO,cropped_object_classification,val,Other,Crisp packet,TACO-master/TACO-master/data/filtered_classification/crops/val/Other/000005_ann2205.jpg,TACO-master/TACO-master/data/filtered_classification/crops/val/Other/000005_ann2205.jpg,TACO-master/TACO-master/data/batch_2/000005.JPG,2448,3264,330.0,769.0,1160.0,1110.0,689,2205
taco_2207,TACO,cropped_object_classification,train,Other,Garbage bag,TACO-master/TACO-master/data/filtered_classification/crops/train/Other/000005_ann2207.jpg,TACO-master/TACO-master/data/filtered_classification/crops/train/Other/000005_ann2207.jpg,TACO-master/TACO-master/data/batch_2/000005.JPG,2448,3264,848.0,1983.0,1276.0,1155.0,689,2207
taco_2208,TACO,cropped_object_classification,train,PaperCardboard,Normal paper,TACO-master/TACO-master/data/filtered_classification/crops/train/PaperCardboard/000005_ann2208.jpg,TACO-master/TACO-master/data/filtered_classification/crops/train/PaperCardboard/000005_ann2208.jpg,TACO-master/TACO-master/data/batch_2/000005.JPG,2448,3264,941.0,2269.0,749.0,618.0,689,2208
taco_2209,TACO,cropped_object_classification,train,PaperCardboard,Other carton,TACO-master/TACO-master/data/filtered_classification/crops/train/PaperCardboard/000005_ann2209.jpg,TACO-master/TACO-master/data/filtered_classification/crops/train/PaperCardboard/000005_ann2209.jpg,TACO-master/TACO-master/data/batch_2/000005.JPG,2448,3264,806.0,1591.0,826.0,492.0,689,2209
taco_2212,TACO,cropped_object_classification,train,Other,Crisp packet,TACO-master/TACO-master/data/filtered_classification/crops/train/Other/000006_ann2212.jpg,TACO-master/TACO-master/data/filtered_classification/crops/train/Other/000006_ann2212.jpg,TACO-master/TACO-master/data/batch_2/000006.JPG,2448,3264,1265.0,1387.0,524.0,608.0,690,2212
taco_2213,TACO,cropped_object_classification,train,Metal,Drink can,TACO-master/TACO-master/data/filtered_classification/crops/train/Metal/000007_ann2213.jpg,TACO-master/TACO-master/data/filtered_classification/crops/train/Metal/000007_ann2213.jpg,TACO-master/TACO-master/data/batch_2/000007.JPG,2448,3264,1197.0,1672.0,193.0,275.0,691,2213
taco_2214,TACO,cropped_object_classification,test,PaperCardboard,Other carton,TACO-master/TACO-master/data/filtered_classification/crops/test/PaperCardboard/000008_ann2214.jpg,TACO-master/TACO-master/data/filtered_classification/crops/test/PaperCardboard/000008_ann2214.jpg,TACO-master/TACO-master/data/batch_2/000008.JPG,2448,3264,431.0,882.0,1162.0,1116.0,692,2214
taco_2215,TACO,cropped_object_classification,val,PaperCardboard,Other carton,TACO-master/TACO-master/data/filtered_classification/crops/val/PaperCardboard/000008_ann2215.jpg,TACO-master/TACO-master/data/filtered_classification/crops/val/PaperCardboard/000008_ann2215.jpg,TACO-master/TACO-master/data/batch_2/000008.JPG,2448,3264,1173.0,1398.0,753.0,719.0,692,2215
taco_2227,TACO,cropped_object_classification,test,PaperCardboard,Other carton,TACO-master/TACO-master/data/filtered_classification/crops/test/PaperCardboard/000015_ann2227.jpg,TACO-master/TACO-master/data/filtered_classification/crops/test/PaperCardboard/000015_ann2227.jpg,TACO-master/TACO-master/data/batch_2/000015.JPG,2448,3264,1239.0,1706.0,479.0,338.0,697,2227
taco_2228,TACO,cropped_object_classification,val,Other,Crisp packet,TACO-master/TACO-master/data/filtered_classification/crops/val/Other/000016_ann2228.jpg,TACO-master/TACO-master/data/filtered_classification/crops/val/Other/000016_ann2228.jpg,TACO-master/TACO-master/data/batch_2/000016.JPG,2448,3264,1087.0,1476.0,471.0,478.0,698,2228
taco_2233,TACO,cropped_object_classification,train,Plastic,Disposable plastic cup,TACO-master/TACO-master/data/filtered_classification/crops/train/Plastic/000021_ann2233.jpg,TACO-master/TACO-master/data/filtered_classification/crops/train/Plastic/000021_ann2233.jpg,TACO-master/TACO-master/data/batch_2/000021.JPG,2448,3264,747.0,815.0,851.0,1065.0,703,2233
taco_2240,TACO,cropped_object_classification,test,Other,Crisp packet,TACO-master/TACO-master/data/filtered_classification/crops/test/Other/000023_ann2240.jpg,TACO-master/TACO-master/data/filtered_classification/crops/test/Other/000023_ann2240.jpg,TACO-master/TACO-master/data/batch_2/000023.JPG,3264,2448,1549.0,1081.0,428.0,236.0,705,2240
taco_2241,TACO,cropped_object_classification,train,Other,Crisp packet,TACO-master/TACO-master/data/filtered_classification/crops/train/Other/000023_ann2241.jpg,TACO-master/TACO-master/data/filtered_classification/crops/train/Other/000023_ann2241.jpg,TACO-master/TACO-master/data/batch_2/000023.JPG,3264,2448,1901.0,1060.0,349.0,234.0,705,2241
taco_2242,TACO,cropped_object_classification,train,Other,Garbage bag,TACO-master/TACO-master/data/filtered_classification/crops/train/Other/000023_ann2242.jpg,TACO-master/TACO-master/data/filtered_classification/crops/train/Other/000023_ann2242.jpg,TACO-master/TACO-master/data/batch_2/000023.JPG,3264,2448,1143.0,751.0,1344.0,699.0,705,2242
taco_2245,TACO,cropped_object_classification,train,Glass,Glass bottle,TACO-master/TACO-master/data/filtered_classification/crops/train/Glass/000024_ann2245.jpg,TACO-master/TACO-master/data/filtered_classification/crops/train/Glass/000024_ann2245.jpg,TACO-master/TACO-master/data/batch_2/000024.JPG,2448,3264,1340.0,166.0,602.0,2208.0,706,2245
taco_2246,TACO,cropped_object_classification,train,Glass,Glass bottle,TACO-master/TACO-master/data/filtered_classification/crops/train/Glass/000024_ann2246.jpg,TACO-master/TACO-master/data/filtered_classification/crops/train/Glass/000024_ann2246.jpg,TACO-master/TACO-master/data/batch_2/000024.JPG,2448,3264,1055.0,1.0,403.0,1615.0,706,2246
taco_2247,TACO,cropped_object_classification,val,Glass,Glass bottle,TACO-master/TACO-master/data/filtered_classification/crops/val/Glass/000025_ann2247.jpg,TACO-master/TACO-master/data/filtered_classification/crops/val/Glass/000025_ann2247.jpg,TACO-master/TACO-master/data/batch_2/000025.JPG,2448,3264,1135.0,1366.0,177.0,441.0,707,2247
taco_2254,TACO,cropped_object_classification,val,Other,Crisp packet,TACO-master/TACO-master/data/filtered_classification/crops/val/Other/000026_ann2254.jpg,TACO-master/TACO-master/data/filtered_classification/crops/val/Other/000026_ann2254.jpg,TACO-master/TACO-master/data/batch_2/000026.JPG,3264,2448,2617.0,907.0,278.0,180.0,708,2254
taco_2255,TACO,cropped_object_classification,val,Metal,Drink can,TACO-master/TACO-master/data/filtered_classification/crops/val/Metal/000027_ann2255.jpg,TACO-master/TACO-master/data/filtered_classification/crops/val/Metal/000027_ann2255.jpg,TACO-master/TACO-master/data/batch_2/000027.JPG,3264,2448,43.0,1291.0,283.0,260.0,709,2255
taco_2256,TACO,cropped_object_classification,test,Metal,Drink can,TACO-master/TACO-master/data/filtered_classification/crops/test/Metal/000027_ann2256.jpg,TACO-master/TACO-master/data/filtered_classification/crops/test/Metal/000027_ann2256.jpg,TACO-master/TACO-master/data/batch_2/000027.JPG,3264,2448,744.0,1380.0,223.0,380.0,709,2256
taco_2257,TACO,cropped_object_classification,train,Metal,Drink can,TACO-master/TACO-master/data/filtered_classification/crops/train/Metal/000027_ann2257.jpg,TACO-master/TACO-master/data/filtered_classification/crops/train/Metal/000027_ann2257.jpg,TACO-master/TACO-master/data/batch_2/000027.JPG,3264,2448,1406.0,2071.0,377.0,376.0,709,2257
taco_2258,TACO,cropped_object_classification,train,Metal,Drink can,TACO-master/TACO-master/data/filtered_classification/crops/train/Metal/000027_ann2258.jpg,TACO-master/TACO-master/data/filtered_classification/crops/train/Metal/000027_ann2258.jpg,TACO-master/TACO-master/data/batch_2/000027.JPG,3264,2448,2299.0,1578.0,339.0,316.0,709,2258
taco_2259,TACO,cropped_object_classification,test,Metal,Drink can,TACO-master/TACO-master/data/filtered_classification/crops/test/Metal/000027_ann2259.jpg,TACO-master/TACO-master/data/filtered_classification/crops/test/Metal/000027_ann2259.jpg,TACO-master/TACO-master/data/batch_2/000027.JPG,3264,2448,2791.0,1391.0,377.0,282.0,709,2259
taco_2260,TACO,cropped_object_classification,train,Metal,Drink can,TACO-master/TACO-master/data/filtered_classification/crops/train/Metal/000029_ann2260.jpg,TACO-master/TACO-master/data/filtered_classification/crops/train/Metal/000029_ann2260.jpg,TACO-master/TACO-master/data/batch_2/000029.JPG,2448,3264,1084.0,1784.0,247.0,368.0,710,2260
taco_2261,TACO,cropped_object_classification,train,Metal,Drink can,TACO-master/TACO-master/data/filtered_classification/crops/train/Metal/000029_ann2261.jpg,TACO-master/TACO-master/data/filtered_classification/crops/train/Metal/000029_ann2261.jpg,TACO-master/TACO-master/data/batch_2/000029.JPG,2448,3264,1139.0,924.0,317.0,220.0,710,2261
taco_2267,TACO,cropped_object_classification,train,Glass,Glass bottle,TACO-master/TACO-master/data/filtered_classification/crops/train/Glass/000034_ann2267.jpg,TACO-master/TACO-master/data/filtered_classification/crops/train/Glass/000034_ann2267.jpg,TACO-master/TACO-master/data/batch_2/000034.JPG,2448,3264,669.0,536.0,151.0,475.0,714,2267
taco_2268,TACO,cropped_object_classification,train,Metal,Drink can,TACO-master/TACO-master/data/filtered_classification/crops/train/Metal/000035_ann2268.jpg,TACO-master/TACO-master/data/filtered_classification/crops/train/Metal/000035_ann2268.jpg,TACO-master/TACO-master/data/batch_2/000035.JPG,2448,3264,1395.0,1281.0,753.0,606.0,715,2268
taco_2269,TACO,cropped_object_classification,val,Metal,Drink can,TACO-master/TACO-master/data/filtered_classification/crops/val/Metal/000035_ann2269.jpg,TACO-master/TACO-master/data/filtered_classification/crops/val/Metal/000035_ann2269.jpg,TACO-master/TACO-master/data/batch_2/000035.JPG,2448,3264,345.0,1868.0,905.0,654.0,715,2269
taco_2272,TACO,cropped_object_classification,train,PaperCardboard,Other carton,TACO-master/TACO-master/data/filtered_classification/crops/train/PaperCardboard/000035_ann2272.jpg,TACO-master/TACO-master/data/filtered_classification/crops/train/PaperCardboard/000035_ann2272.jpg,TACO-master/TACO-master/data/batch_2/000035.JPG,2448,3264,1.0,1951.0,336.0,442.0,715,2272
taco_2273,TACO,cropped_object_classification,test,Plastic,Clear plastic bottle,TACO-master/TACO-master/data/filtered_classification/crops/test/Plastic/000036_ann2273.jpg,TACO-master/TACO-master/data/filtered_classification/crops/test/Plastic/000036_ann2273.jpg,TACO-master/TACO-master/data/batch_2/000036.JPG,2448,3264,1756.0,2166.0,191.0,357.0,716,2273
taco_2274,TACO,cropped_object_classification,train,Plastic,Clear plastic bottle,TACO-master/TACO-master/data/filtered_classification/crops/train/Plastic/000037_ann2274.jpg,TACO-master/TACO-master/data/filtered_classification/crops/train/Plastic/000037_ann2274.jpg,TACO-master/TACO-master/data/batch_2/000037.JPG,2448,3264,1161.0,1532.0,152.0,320.0,717,2274
taco_2276,TACO,cropped_object_classification,train,Plastic,Disposable plastic cup,TACO-master/TACO-master/data/filtered_classification/crops/train/Plastic/000038_ann2276.jpg,TACO-master/TACO-master/data/filtered_classification/crops/train/Plastic/000038_ann2276.jpg,TACO-master/TACO-master/data/batch_2/000038.JPG,2448,3264,1626.0,1571.0,224.0,188.0,718,2276
taco_2278,TACO,cropped_object_classification,train,Metal,Drink can,TACO-master/TACO-master/data/filtered_classification/crops/train/Metal/000039_ann2278.jpg,TACO-master/TACO-master/data/filtered_classification/crops/train/Metal/000039_ann2278.jpg,TACO-master/TACO-master/data/batch_2/000039.JPG,2448,3264,1069.0,1403.0,202.0,220.0,719,2278
taco_2283,TACO,cropped_object_classification,test,Metal,Drink can,TACO-master/TACO-master/data/filtered_classification/crops/test/Metal/000042_ann2283.jpg,TACO-master/TACO-master/data/filtered_classification/crops/test/Metal/000042_ann2283.jpg,TACO-master/TACO-master/data/batch_2/000042.JPG,2448,3264,954.0,1910.0,288.0,384.0,722,2283
taco_2291,TACO,cropped_object_classification,val,Metal,Drink can,TACO-master/TACO-master/data/filtered_classification/crops/val/Metal/000048_ann2291.jpg,TACO-master/TACO-master/data/filtered_classification/crops/val/Metal/000048_ann2291.jpg,TACO-master/TACO-master/data/batch_2/000048.JPG,2448,3264,1233.0,1519.0,219.0,279.0,727,2291
taco_2294,TACO,cropped_object_classification,train,Plastic,Disposable plastic cup,TACO-master/TACO-master/data/filtered_classification/crops/train/Plastic/000050_ann2294.jpg,TACO-master/TACO-master/data/filtered_classification/crops/train/Plastic/000050_ann2294.jpg,TACO-master/TACO-master/data/batch_2/000050.JPG,2448,3264,1040.0,1190.0,221.0,308.0,728,2294
taco_2314,TACO,cropped_object_classification,train,Other,Crisp packet,TACO-master/TACO-master/data/filtered_classification/crops/train/Other/000056_ann2314.jpg,TACO-master/TACO-master/data/filtered_classification/crops/train/Other/000056_ann2314.jpg,TACO-master/TACO-master/data/batch_2/000056.JPG,2448,3264,791.0,1492.0,323.0,379.0,734,2314
taco_2325,TACO,cropped_object_classification,train,PaperCardboard,Normal paper,TACO-master/TACO-master/data/filtered_classification/crops/train/PaperCardboard/000064_ann2325.jpg,TACO-master/TACO-master/data/filtered_classification/crops/train/PaperCardboard/000064_ann2325.jpg,TACO-master/TACO-master/data/batch_2/000064.JPG,3264,2448,0.0,1503.0,394.0,380.0,742,2325
taco_2328,TACO,cropped_object_classification,train,PaperCardboard,Corrugated carton,TACO-master/TACO-master/data/filtered_classification/crops/train/PaperCardboard/000068_ann2328.jpg,TACO-master/TACO-master/data/filtered_classification/crops/train/PaperCardboard/000068_ann2328.jpg,TACO-master/TACO-master/data/batch_2/000068.JPG,2448,3264,575.0,1655.0,327.0,359.0,745,2328
taco_2329,TACO,cropped_object_classification,train,PaperCardboard,Corrugated carton,TACO-master/TACO-master/data/filtered_classification/crops/train/PaperCardboard/000068_ann2329.jpg,TACO-master/TACO-master/data/filtered_classification/crops/train/PaperCardboard/000068_ann2329.jpg,TACO-master/TACO-master/data/batch_2/000068.JPG,2448,3264,776.0,1225.0,291.0,255.0,745,2329
taco_2331,TACO,cropped_object_classification,train,PaperCardboard,Other carton,TACO-master/TACO-master/data/filtered_classification/crops/train/PaperCardboard/000069_ann2331.jpg,TACO-master/TACO-master/data/filtered_classification/crops/train/PaperCardboard/000069_ann2331.jpg,TACO-master/TACO-master/data/batch_2/000069.JPG,3264,2448,1077.0,1105.0,699.0,610.0,746,2331
taco_2332,TACO,cropped_object_classification,train,Other,Crisp packet,TACO-master/TACO-master/data/filtered_classification/crops/train/Other/000070_ann2332.jpg,TACO-master/TACO-master/data/filtered_classification/crops/train/Other/000070_ann2332.jpg,TACO-master/TACO-master/data/batch_2/000070.JPG,3264,2448,965.0,1529.0,314.0,365.0,747,2332
taco_2338,TACO,cropped_object_classification,train,Glass,Glass bottle,TACO-master/TACO-master/data/filtered_classification/crops/train/Glass/000074_ann2338.jpg,TACO-master/TACO-master/data/filtered_classification/crops/train/Glass/000074_ann2338.jpg,TACO-master/TACO-master/data/batch_2/000074.JPG,3264,2448,1089.0,727.0,137.0,386.0,751,2338
taco_2341,TACO,cropped_object_classification,train,Metal,Drink can,TACO-master/TACO-master/data/filtered_classification/crops/train/Metal/000075_ann2341.jpg,TACO-master/TACO-master/data/filtered_classification/crops/train/Metal/000075_ann2341.jpg,TACO-master/TACO-master/data/batch_2/000075.JPG,3264,2448,1104.0,881.0,231.0,287.0,752,2341
taco_2342,TACO,cropped_object_classification,train,Plastic,Clear plastic bottle,TACO-master/TACO-master/data/filtered_classification/crops/train/Plastic/000076_ann2342.jpg,TACO-master/TACO-master/data/filtered_classification/crops/train/Plastic/000076_ann2342.jpg,TACO-master/TACO-master/data/batch_2/000076.JPG,3264,2448,1600.0,924.0,469.0,583.0,753,2342
taco_2344,TACO,cropped_object_classification,train,PaperCardboard,Paper bag,TACO-master/TACO-master/data/filtered_classification/crops/train/PaperCardboard/000077_ann2344.jpg,TACO-master/TACO-master/data/filtered_classification/crops/train/PaperCardboard/000077_ann2344.jpg,TACO-master/TACO-master/data/batch_2/000077.JPG,2448,3264,298.0,534.0,1325.0,1869.0,754,2344
taco_2346,TACO,cropped_object_classification,train,PaperCardboard,Other carton,TACO-master/TACO-master/data/filtered_classification/crops/train/PaperCardboard/000079_ann2346.jpg,TACO-master/TACO-master/data/filtered_classification/crops/train/PaperCardboard/000079_ann2346.jpg,TACO-master/TACO-master/data/batch_2/000079.JPG,2448,3264,772.0,2276.0,244.0,296.0,755,2346
taco_2349,TACO,cropped_object_classification,test,Metal,Drink can,TACO-master/TACO-master/data/filtered_classification/crops/test/Metal/000080_ann2349.jpg,TACO-master/TACO-master/data/filtered_classification/crops/test/Metal/000080_ann2349.jpg,TACO-master/TACO-master/data/batch_2/000080.JPG,2448,3264,1404.0,2097.0,262.0,188.0,756,2349
taco_2351,TACO,cropped_object_classification,train,Other,Crisp packet,TACO-master/TACO-master/data/filtered_classification/crops/train/Other/000081_ann2351.jpg,TACO-master/TACO-master/data/filtered_classification/crops/train/Other/000081_ann2351.jpg,TACO-master/TACO-master/data/batch_2/000081.JPG,2448,3264,1022.0,1632.0,476.0,446.0,757,2351
taco_2352,TACO,cropped_object_classification,val,Glass,Glass bottle,TACO-master/TACO-master/data/filtered_classification/crops/val/Glass/000082_ann2352.jpg,TACO-master/TACO-master/data/filtered_classification/crops/val/Glass/000082_ann2352.jpg,TACO-master/TACO-master/data/batch_2/000082.JPG,2448,3264,1270.0,1295.0,210.0,379.0,758,2352
taco_2359,TACO,cropped_object_classification,val,PaperCardboard,Other carton,TACO-master/TACO-master/data/filtered_classification/crops/val/PaperCardboard/000083_ann2359.jpg,TACO-master/TACO-master/data/filtered_classification/crops/val/PaperCardboard/000083_ann2359.jpg,TACO-master/TACO-master/data/batch_2/000083.JPG,2448,3264,1115.0,1480.0,312.0,257.0,759,2359
taco_2361,TACO,cropped_object_classification,train,Metal,Drink can,TACO-master/TACO-master/data/filtered_classification/crops/train/Metal/000086_ann2361.jpg,TACO-master/TACO-master/data/filtered_classification/crops/train/Metal/000086_ann2361.jpg,TACO-master/TACO-master/data/batch_2/000086.JPG,2448,3264,1329.0,720.0,350.0,167.0,761,2361
taco_2366,TACO,cropped_object_classification,val,PaperCardboard,Normal paper,TACO-master/TACO-master/data/filtered_classification/crops/val/PaperCardboard/000030_ann2366.jpg,TACO-master/TACO-master/data/filtered_classification/crops/val/PaperCardboard/000030_ann2366.jpg,TACO-master/TACO-master/data/batch_2/000030.JPG,2214,3264,2003.0,2244.0,203.0,346.0,763,2366
taco_2376,TACO,cropped_object_classification,test,Plastic,Clear plastic bottle,TACO-master/TACO-master/data/filtered_classification/crops/test/Plastic/000088_ann2376.jpg,TACO-master/TACO-master/data/filtered_classification/crops/test/Plastic/000088_ann2376.jpg,TACO-master/TACO-master/data/batch_2/000088.JPG,2448,3264,1488.0,1407.0,444.0,466.0,765,2376
taco_2383,TACO,cropped_object_classification,train,Other,Crisp packet,TACO-master/TACO-master/data/filtered_classification/crops/train/Other/000094_ann2383.jpg,TACO-master/TACO-master/data/filtered_classification/crops/train/Other/000094_ann2383.jpg,TACO-master/TACO-master/data/batch_2/000094.JPG,3264,2448,1592.0,1000.0,559.0,450.0,771,2383
taco_2384,TACO,cropped_object_classification,train,Other,Crisp packet,TACO-master/TACO-master/data/filtered_classification/crops/train/Other/000095_ann2384.jpg,TACO-master/TACO-master/data/filtered_classification/crops/train/Other/000095_ann2384.jpg,TACO-master/TACO-master/data/batch_2/000095.JPG,3264,2448,1482.0,711.0,581.0,536.0,772,2384
taco_2487,TACO,cropped_object_classification,train,Metal,Drink can,TACO-master/TACO-master/data/filtered_classification/crops/train/Metal/IMG_4977_ann2487.jpg,TACO-master/TACO-master/data/filtered_classification/crops/train/Metal/IMG_4977_ann2487.jpg,TACO-master/TACO-master/data/batch_3/IMG_4977.JPG,2448,3264,1155.0,1733.0,261.0,265.0,779,2487
taco_2488,TACO,cropped_object_classification,train,Metal,Drink can,TACO-master/TACO-master/data/filtered_classification/crops/train/Metal/IMG_4978_ann2488.jpg,TACO-master/TACO-master/data/filtered_classification/crops/train/Metal/IMG_4978_ann2488.jpg,TACO-master/TACO-master/data/batch_3/IMG_4978.JPG,2448,3264,1088.0,1045.0,320.0,593.0,780,2488
taco_2491,TACO,cropped_object_classification,train,Plastic,Clear plastic bottle,TACO-master/TACO-master/data/filtered_classification/crops/train/Plastic/IMG_4992_ann2491.jpg,TACO-master/TACO-master/data/filtered_classification/crops/train/Plastic/IMG_4992_ann2491.jpg,TACO-master/TACO-master/data/batch_3/IMG_4992.JPG,2448,3264,997.0,897.0,453.0,491.0,782,2491
taco_2493,TACO,cropped_object_classification,val,Plastic,Disposable plastic cup,TACO-master/TACO-master/data/filtered_classification/crops/val/Plastic/IMG_4994_ann2493.jpg,TACO-master/TACO-master/data/filtered_classification/crops/val/Plastic/IMG_4994_ann2493.jpg,TACO-master/TACO-master/data/batch_3/IMG_4994.JPG,2448,3264,574.0,1397.0,350.0,432.0,783,2493
taco_2496,TACO,cropped_object_classification,train,Plastic,Clear plastic bottle,TACO-master/TACO-master/data/filtered_classification/crops/train/Plastic/IMG_4996_ann2496.jpg,TACO-master/TACO-master/data/filtered_classification/crops/train/Plastic/IMG_4996_ann2496.jpg,TACO-master/TACO-master/data/batch_3/IMG_4996.JPG,2448,3264,1099.0,1438.0,297.0,812.0,784,2496
taco_2498,TACO,cropped_object_classification,train,Metal,Drink can,TACO-master/TACO-master/data/filtered_classification/crops/train/Metal/IMG_4996_ann2498.jpg,TACO-master/TACO-master/data/filtered_classification/crops/train/Metal/IMG_4996_ann2498.jpg,TACO-master/TACO-master/data/batch_3/IMG_4996.JPG,2448,3264,800.0,145.0,631.0,371.0,784,2498
taco_2502,TACO,cropped_object_classification,train,Metal,Drink can,TACO-master/TACO-master/data/filtered_classification/crops/train/Metal/IMG_4998_ann2502.jpg,TACO-master/TACO-master/data/filtered_classification/crops/train/Metal/IMG_4998_ann2502.jpg,TACO-master/TACO-master/data/batch_3/IMG_4998.JPG,2448,3264,1129.0,1456.0,328.0,154.0,786,2502
taco_2511,TACO,cropped_object_classification,train,Other,Crisp packet,TACO-master/TACO-master/data/filtered_classification/crops/train/Other/IMG_5040_ann2511.jpg,TACO-master/TACO-master/data/filtered_classification/crops/train/Other/IMG_5040_ann2511.jpg,TACO-master/TACO-master/data/batch_3/IMG_5040.JPG,2448,3264,570.0,1226.0,1464.0,1282.0,791,2511
taco_2512,TACO,cropped_object_classification,train,Other,Crisp packet,TACO-master/TACO-master/data/filtered_classification/crops/train/Other/IMG_5041_ann2512.jpg,TACO-master/TACO-master/data/filtered_classification/crops/train/Other/IMG_5041_ann2512.jpg,TACO-master/TACO-master/data/batch_3/IMG_5041.JPG,2448,3264,1340.0,989.0,964.0,1447.0,792,2512
taco_2513,TACO,cropped_object_classification,train,Glass,Glass bottle,TACO-master/TACO-master/data/filtered_classification/crops/train/Glass/IMG_5042_ann2513.jpg,TACO-master/TACO-master/data/filtered_classification/crops/train/Glass/IMG_5042_ann2513.jpg,TACO-master/TACO-master/data/batch_3/IMG_5042.JPG,2448,3264,1445.0,1048.0,457.0,1110.0,793,2513
taco_2514,TACO,cropped_object_classification,train,Plastic,Clear plastic bottle,TACO-master/TACO-master/data/filtered_classification/crops/train/Plastic/IMG_5043_ann2514.jpg,TACO-master/TACO-master/data/filtered_classification/crops/train/Plastic/IMG_5043_ann2514.jpg,TACO-master/TACO-master/data/batch_3/IMG_5043.JPG,2448,3264,383.0,1252.0,1417.0,699.0,794,2514
taco_2515,TACO,cropped_object_classification,train,PaperCardboard,Other carton,TACO-master/TACO-master/data/filtered_classification/crops/train/PaperCardboard/IMG_5044_ann2515.jpg,TACO-master/TACO-master/data/filtered_classification/crops/train/PaperCardboard/IMG_5044_ann2515.jpg,TACO-master/TACO-master/data/batch_3/IMG_5044.JPG,2448,3264,1131.0,2119.0,607.0,937.0,795,2515
taco_2516,TACO,cropped_object_classification,train,PaperCardboard,Other carton,TACO-master/TACO-master/data/filtered_classification/crops/train/PaperCardboard/IMG_5045_ann2516.jpg,TACO-master/TACO-master/data/filtered_classification/crops/train/PaperCardboard/IMG_5045_ann2516.jpg,TACO-master/TACO-master/data/batch_3/IMG_5045.JPG,2448,3264,1167.0,1396.0,1155.0,1137.0,796,2516
taco_2518,TACO,cropped_object_classification,train,Metal,Food Can,TACO-master/TACO-master/data/filtered_classification/crops/train/Metal/IMG_5046_ann2518.jpg,TACO-master/TACO-master/data/filtered_classification/crops/train/Metal/IMG_5046_ann2518.jpg,TACO-master/TACO-master/data/batch_3/IMG_5046.JPG,2448,3264,987.0,1969.0,404.0,439.0,797,2518
taco_2524,TACO,cropped_object_classification,train,Metal,Aerosol,TACO-master/TACO-master/data/filtered_classification/crops/train/Metal/IMG_5050_ann2524.jpg,TACO-master/TACO-master/data/filtered_classification/crops/train/Metal/IMG_5050_ann2524.jpg,TACO-master/TACO-master/data/batch_3/IMG_5050.JPG,2448,3264,890.0,676.0,454.0,1765.0,800,2524
taco_2528,TACO,cropped_object_classification,val,Plastic,Other plastic bottle,TACO-master/TACO-master/data/filtered_classification/crops/val/Plastic/IMG_5053_ann2528.jpg,TACO-master/TACO-master/data/filtered_classification/crops/val/Plastic/IMG_5053_ann2528.jpg,TACO-master/TACO-master/data/batch_3/IMG_5053.JPG,2448,3264,1594.0,950.0,248.0,603.0,803,2528
taco_2529,TACO,cropped_object_classification,train,Plastic,Clear plastic bottle,TACO-master/TACO-master/data/filtered_classification/crops/train/Plastic/IMG_5053_ann2529.jpg,TACO-master/TACO-master/data/filtered_classification/crops/train/Plastic/IMG_5053_ann2529.jpg,TACO-master/TACO-master/data/batch_3/IMG_5053.JPG,2448,3264,2357.0,407.0,91.0,565.0,803,2529
taco_2537,TACO,cropped_object_classification,train,Metal,Drink can,TACO-master/TACO-master/data/filtered_classification/crops/train/Metal/IMG_5055_ann2537.jpg,TACO-master/TACO-master/data/filtered_classification/crops/train/Metal/IMG_5055_ann2537.jpg,TACO-master/TACO-master/data/batch_3/IMG_5055.JPG,2448,3264,1134.0,1780.0,332.0,308.0,805,2537
taco_2538,TACO,cropped_object_classification,test,Metal,Drink can,TACO-master/TACO-master/data/filtered_classification/crops/test/Metal/IMG_5055_ann2538.jpg,TACO-master/TACO-master/data/filtered_classification/crops/test/Metal/IMG_5055_ann2538.jpg,TACO-master/TACO-master/data/batch_3/IMG_5055.JPG,2448,3264,1213.0,1146.0,310.0,420.0,805,2538
taco_2540,TACO,cropped_object_classification,train,Plastic,Disposable plastic cup,TACO-master/TACO-master/data/filtered_classification/crops/train/Plastic/IMG_5056_ann2540.jpg,TACO-master/TACO-master/data/filtered_classification/crops/train/Plastic/IMG_5056_ann2540.jpg,TACO-master/TACO-master/data/batch_3/IMG_5056.JPG,2448,3264,919.0,1548.0,387.0,392.0,806,2540
taco_2542,TACO,cropped_object_classification,train,Metal,Drink can,TACO-master/TACO-master/data/filtered_classification/crops/train/Metal/IMG_5058_ann2542.jpg,TACO-master/TACO-master/data/filtered_classification/crops/train/Metal/IMG_5058_ann2542.jpg,TACO-master/TACO-master/data/batch_3/IMG_5058.JPG,2448,3264,787.0,1398.0,314.0,245.0,808,2542
taco_2546,TACO,cropped_object_classification,val,PaperCardboard,Other carton,TACO-master/TACO-master/data/filtered_classification/crops/val/PaperCardboard/IMG_4855_ann2546.jpg,TACO-master/TACO-master/data/filtered_classification/crops/val/PaperCardboard/IMG_4855_ann2546.jpg,TACO-master/TACO-master/data/batch_3/IMG_4855.JPG,3264,2448,1245.0,956.0,349.0,406.0,812,2546
taco_2551,TACO,cropped_object_classification,test,Other,Crisp packet,TACO-master/TACO-master/data/filtered_classification/crops/test/Other/IMG_4860_ann2551.jpg,TACO-master/TACO-master/data/filtered_classification/crops/test/Other/IMG_4860_ann2551.jpg,TACO-master/TACO-master/data/batch_3/IMG_4860.JPG,2448,3264,519.0,1226.0,1055.0,729.0,815,2551
taco_2557,TACO,cropped_object_classification,train,PaperCardboard,Other carton,TACO-master/TACO-master/data/filtered_classification/crops/train/PaperCardboard/IMG_4865_ann2557.jpg,TACO-master/TACO-master/data/filtered_classification/crops/train/PaperCardboard/IMG_4865_ann2557.jpg,TACO-master/TACO-master/data/batch_3/IMG_4865.JPG,2448,3264,1125.0,1679.0,899.0,837.0,817,2557
taco_2559,TACO,cropped_object_classification,train,Metal,Drink can,TACO-master/TACO-master/data/filtered_classification/crops/train/Metal/IMG_4868_ann2559.jpg,TACO-master/TACO-master/data/filtered_classification/crops/train/Metal/IMG_4868_ann2559.jpg,TACO-master/TACO-master/data/batch_3/IMG_4868.JPG,2448,3264,712.0,363.0,692.0,1147.0,818,2559
taco_2563,TACO,cropped_object_classification,train,PaperCardboard,Corrugated carton,TACO-master/TACO-master/data/filtered_classification/crops/train/PaperCardboard/IMG_4874_ann2563.jpg,TACO-master/TACO-master/data/filtered_classification/crops/train/PaperCardboard/IMG_4874_ann2563.jpg,TACO-master/TACO-master/data/batch_3/IMG_4874.JPG,2448,3264,248.0,1410.0,2186.0,1625.0,820,2563
taco_2564,TACO,cropped_object_classification,train,PaperCardboard,Corrugated carton,TACO-master/TACO-master/data/filtered_classification/crops/train/PaperCardboard/IMG_4875_ann2564.jpg,TACO-master/TACO-master/data/filtered_classification/crops/train/PaperCardboard/IMG_4875_ann2564.jpg,TACO-master/TACO-master/data/batch_3/IMG_4875.JPG,3264,2448,227.0,398.0,2181.0,2046.0,821,2564
taco_2565,TACO,cropped_object_classification,train,PaperCardboard,Other carton,TACO-master/TACO-master/data/filtered_classification/crops/train/PaperCardboard/IMG_4875_ann2565.jpg,TACO-master/TACO-master/data/filtered_classification/crops/train/PaperCardboard/IMG_4875_ann2565.jpg,TACO-master/TACO-master/data/batch_3/IMG_4875.JPG,3264,2448,2116.0,2.0,792.0,806.0,821,2565
taco_2568,TACO,cropped_object_classification,train,PaperCardboard,Other carton,TACO-master/TACO-master/data/filtered_classification/crops/train/PaperCardboard/IMG_4877_ann2568.jpg,TACO-master/TACO-master/data/filtered_classification/crops/train/PaperCardboard/IMG_4877_ann2568.jpg,TACO-master/TACO-master/data/batch_3/IMG_4877.JPG,2448,3264,323.0,704.0,1852.0,1261.0,823,2568
taco_2570,TACO,cropped_object_classification,test,PaperCardboard,Other carton,TACO-master/TACO-master/data/filtered_classification/crops/test/PaperCardboard/IMG_4878_ann2570.jpg,TACO-master/TACO-master/data/filtered_classification/crops/test/PaperCardboard/IMG_4878_ann2570.jpg,TACO-master/TACO-master/data/batch_3/IMG_4878.JPG,3264,2448,576.0,30.0,1507.0,840.0,824,2570
taco_2572,TACO,cropped_object_classification,train,Plastic,Spread tub,TACO-master/TACO-master/data/filtered_classification/crops/train/Plastic/IMG_4879_ann2572.jpg,TACO-master/TACO-master/data/filtered_classification/crops/train/Plastic/IMG_4879_ann2572.jpg,TACO-master/TACO-master/data/batch_3/IMG_4879.JPG,2448,3264,723.0,688.0,1325.0,1844.0,825,2572
taco_2577,TACO,cropped_object_classification,train,Metal,Drink can,TACO-master/TACO-master/data/filtered_classification/crops/train/Metal/IMG_4889_ann2577.jpg,TACO-master/TACO-master/data/filtered_classification/crops/train/Metal/IMG_4889_ann2577.jpg,TACO-master/TACO-master/data/batch_3/IMG_4889.JPG,2448,3264,982.0,1196.0,262.0,124.0,828,2577
taco_2581,TACO,cropped_object_classification,test,Plastic,Clear plastic bottle,TACO-master/TACO-master/data/filtered_classification/crops/test/Plastic/IMG_4893_ann2581.jpg,TACO-master/TACO-master/data/filtered_classification/crops/test/Plastic/IMG_4893_ann2581.jpg,TACO-master/TACO-master/data/batch_3/IMG_4893.JPG,2448,3264,1083.0,1815.0,250.0,551.0,830,2581
taco_2609,TACO,cropped_object_classification,val,Plastic,Other plastic bottle,TACO-master/TACO-master/data/filtered_classification/crops/val/Plastic/IMG_4915_ann2609.jpg,TACO-master/TACO-master/data/filtered_classification/crops/val/Plastic/IMG_4915_ann2609.jpg,TACO-master/TACO-master/data/batch_3/IMG_4915.JPG,2448,3264,774.0,33.0,938.0,2969.0,840,2609
taco_2613,TACO,cropped_object_classification,val,Metal,Drink can,TACO-master/TACO-master/data/filtered_classification/crops/val/Metal/IMG_4919_ann2613.jpg,TACO-master/TACO-master/data/filtered_classification/crops/val/Metal/IMG_4919_ann2613.jpg,TACO-master/TACO-master/data/batch_3/IMG_4919.JPG,2448,3264,1117.0,2163.0,302.0,133.0,843,2613
taco_2620,TACO,cropped_object_classification,train,Plastic,Disposable plastic cup,TACO-master/TACO-master/data/filtered_classification/crops/train/Plastic/IMG_4922_ann2620.jpg,TACO-master/TACO-master/data/filtered_classification/crops/train/Plastic/IMG_4922_ann2620.jpg,TACO-master/TACO-master/data/batch_3/IMG_4922.JPG,2448,3264,1189.0,1323.0,337.0,442.0,845,2620
taco_2626,TACO,cropped_object_classification,train,Plastic,Clear plastic bottle,TACO-master/TACO-master/data/filtered_classification/crops/train/Plastic/IMG_4932_ann2626.jpg,TACO-master/TACO-master/data/filtered_classification/crops/train/Plastic/IMG_4932_ann2626.jpg,TACO-master/TACO-master/data/batch_3/IMG_4932.JPG,2448,3264,943.0,1186.0,132.0,252.0,849,2626
taco_2627,TACO,cropped_object_classification,val,PaperCardboard,Normal paper,TACO-master/TACO-master/data/filtered_classification/crops/val/PaperCardboard/IMG_4934_ann2627.jpg,TACO-master/TACO-master/data/filtered_classification/crops/val/PaperCardboard/IMG_4934_ann2627.jpg,TACO-master/TACO-master/data/batch_3/IMG_4934.JPG,2448,3264,115.0,1658.0,1697.0,1194.0,850,2627
taco_2628,TACO,cropped_object_classification,train,PaperCardboard,Normal paper,TACO-master/TACO-master/data/filtered_classification/crops/train/PaperCardboard/IMG_4934_ann2628.jpg,TACO-master/TACO-master/data/filtered_classification/crops/train/PaperCardboard/IMG_4934_ann2628.jpg,TACO-master/TACO-master/data/batch_3/IMG_4934.JPG,2448,3264,104.0,547.0,2078.0,1822.0,850,2628
taco_2629,TACO,cropped_object_classification,train,PaperCardboard,Normal paper,TACO-master/TACO-master/data/filtered_classification/crops/train/PaperCardboard/IMG_4934_ann2629.jpg,TACO-master/TACO-master/data/filtered_classification/crops/train/PaperCardboard/IMG_4934_ann2629.jpg,TACO-master/TACO-master/data/batch_3/IMG_4934.JPG,2448,3264,319.0,619.0,1872.0,1433.0,850,2629
taco_2634,TACO,cropped_object_classification,train,PaperCardboard,Paper bag,TACO-master/TACO-master/data/filtered_classification/crops/train/PaperCardboard/IMG_4939_ann2634.jpg,TACO-master/TACO-master/data/filtered_classification/crops/train/PaperCardboard/IMG_4939_ann2634.jpg,TACO-master/TACO-master/data/batch_3/IMG_4939.JPG,2448,3264,0.0,923.0,2097.0,2336.0,852,2634
taco_2646,TACO,cropped_object_classification,train,PaperCardboard,Normal paper,TACO-master/TACO-master/data/filtered_classification/crops/train/PaperCardboard/IMG_4941_ann2646.jpg,TACO-master/TACO-master/data/filtered_classification/crops/train/PaperCardboard/IMG_4941_ann2646.jpg,TACO-master/TACO-master/data/batch_3/IMG_4941.JPG,3264,2448,542.0,1894.0,304.0,160.0,853,2646
taco_2657,TACO,cropped_object_classification,train,Plastic,Clear plastic bottle,TACO-master/TACO-master/data/filtered_classification/crops/train/Plastic/IMG_4963_ann2657.jpg,TACO-master/TACO-master/data/filtered_classification/crops/train/Plastic/IMG_4963_ann2657.jpg,TACO-master/TACO-master/data/batch_3/IMG_4963.JPG,3264,2448,1327.0,1254.0,293.0,239.0,855,2657
taco_2688,TACO,cropped_object_classification,train,Plastic,Clear plastic bottle,TACO-master/TACO-master/data/filtered_classification/crops/train/Plastic/IMG_4948_ann2688.jpg,TACO-master/TACO-master/data/filtered_classification/crops/train/Plastic/IMG_4948_ann2688.jpg,TACO-master/TACO-master/data/batch_3/IMG_4948.JPG,2448,2470,240.0,1431.0,152.0,252.0,866,2688
taco_2697,TACO,cropped_object_classification,test,PaperCardboard,Normal paper,TACO-master/TACO-master/data/filtered_classification/crops/test/PaperCardboard/IMG_4948_ann2697.jpg,TACO-master/TACO-master/data/filtered_classification/crops/test/PaperCardboard/IMG_4948_ann2697.jpg,TACO-master/TACO-master/data/batch_3/IMG_4948.JPG,2448,2470,1903.0,1191.0,545.0,279.0,866,2697
taco_2706,TACO,cropped_object_classification,train,Other,Garbage bag,TACO-master/TACO-master/data/filtered_classification/crops/train/Other/IMG_5061_ann2706.jpg,TACO-master/TACO-master/data/filtered_classification/crops/train/Other/IMG_5061_ann2706.jpg,TACO-master/TACO-master/data/batch_3/IMG_5061.JPG,3264,2448,2959.0,1776.0,304.0,453.0,868,2706
taco_2708,TACO,cropped_object_classification,val,PaperCardboard,Other carton,TACO-master/TACO-master/data/filtered_classification/crops/val/PaperCardboard/IMG_5063_ann2708.jpg,TACO-master/TACO-master/data/filtered_classification/crops/val/PaperCardboard/IMG_5063_ann2708.jpg,TACO-master/TACO-master/data/batch_3/IMG_5063.JPG,3264,2448,579.0,846.0,1598.0,1397.0,869,2708
taco_2709,TACO,cropped_object_classification,train,PaperCardboard,Other carton,TACO-master/TACO-master/data/filtered_classification/crops/train/PaperCardboard/IMG_5064_ann2709.jpg,TACO-master/TACO-master/data/filtered_classification/crops/train/PaperCardboard/IMG_5064_ann2709.jpg,TACO-master/TACO-master/data/batch_3/IMG_5064.JPG,3264,2448,1409.0,1086.0,1385.0,866.0,870,2709
taco_2712,TACO,cropped_object_classification,train,Plastic,Other plastic container,TACO-master/TACO-master/data/filtered_classification/crops/train/Plastic/IMG_5066_ann2712.jpg,TACO-master/TACO-master/data/filtered_classification/crops/train/Plastic/IMG_5066_ann2712.jpg,TACO-master/TACO-master/data/batch_3/IMG_5066.JPG,2448,3264,1320.0,1791.0,616.0,455.0,872,2712
taco_2713,TACO,cropped_object_classification,val,Plastic,Tupperware,TACO-master/TACO-master/data/filtered_classification/crops/val/Plastic/IMG_5066_ann2713.jpg,TACO-master/TACO-master/data/filtered_classification/crops/val/Plastic/IMG_5066_ann2713.jpg,TACO-master/TACO-master/data/batch_3/IMG_5066.JPG,2448,3264,1.0,664.0,1220.0,1334.0,872,2713
taco_2715,TACO,cropped_object_classification,val,PaperCardboard,Other carton,TACO-master/TACO-master/data/filtered_classification/crops/val/PaperCardboard/IMG_5067_ann2715.jpg,TACO-master/TACO-master/data/filtered_classification/crops/val/PaperCardboard/IMG_5067_ann2715.jpg,TACO-master/TACO-master/data/batch_3/IMG_5067.JPG,2448,3264,1530.0,448.0,902.0,629.0,873,2715
taco_2717,TACO,cropped_object_classification,train,PaperCardboard,Normal paper,TACO-master/TACO-master/data/filtered_classification/crops/train/PaperCardboard/IMG_5067_ann2717.jpg,TACO-master/TACO-master/data/filtered_classification/crops/train/PaperCardboard/IMG_5067_ann2717.jpg,TACO-master/TACO-master/data/batch_3/IMG_5067.JPG,2448,3264,1131.0,1450.0,511.0,648.0,873,2717
taco_2719,TACO,cropped_object_classification,train,PaperCardboard,Magazine paper,TACO-master/TACO-master/data/filtered_classification/crops/train/PaperCardboard/IMG_5068_ann2719.jpg,TACO-master/TACO-master/data/filtered_classification/crops/train/PaperCardboard/IMG_5068_ann2719.jpg,TACO-master/TACO-master/data/batch_3/IMG_5068.JPG,3264,2448,259.0,1791.0,731.0,581.0,874,2719
taco_2720,TACO,cropped_object_classification,train,PaperCardboard,Magazine paper,TACO-master/TACO-master/data/filtered_classification/crops/train/PaperCardboard/IMG_5068_ann2720.jpg,TACO-master/TACO-master/data/filtered_classification/crops/train/PaperCardboard/IMG_5068_ann2720.jpg,TACO-master/TACO-master/data/batch_3/IMG_5068.JPG,3264,2448,486.0,1423.0,455.0,313.0,874,2720
taco_2721,TACO,cropped_object_classification,val,PaperCardboard,Magazine paper,TACO-master/TACO-master/data/filtered_classification/crops/val/PaperCardboard/IMG_5068_ann2721.jpg,TACO-master/TACO-master/data/filtered_classification/crops/val/PaperCardboard/IMG_5068_ann2721.jpg,TACO-master/TACO-master/data/batch_3/IMG_5068.JPG,3264,2448,434.0,1217.0,400.0,344.0,874,2721
taco_2722,TACO,cropped_object_classification,train,PaperCardboard,Magazine paper,TACO-master/TACO-master/data/filtered_classification/crops/train/PaperCardboard/IMG_5068_ann2722.jpg,TACO-master/TACO-master/data/filtered_classification/crops/train/PaperCardboard/IMG_5068_ann2722.jpg,TACO-master/TACO-master/data/batch_3/IMG_5068.JPG,3264,2448,516.0,681.0,518.0,567.0,874,2722
taco_2723,TACO,cropped_object_classification,train,PaperCardboard,Magazine paper,TACO-master/TACO-master/data/filtered_classification/crops/train/PaperCardboard/IMG_5068_ann2723.jpg,TACO-master/TACO-master/data/filtered_classification/crops/train/PaperCardboard/IMG_5068_ann2723.jpg,TACO-master/TACO-master/data/batch_3/IMG_5068.JPG,3264,2448,838.0,865.0,512.0,583.0,874,2723
taco_2724,TACO,cropped_object_classification,train,PaperCardboard,Magazine paper,TACO-master/TACO-master/data/filtered_classification/crops/train/PaperCardboard/IMG_5068_ann2724.jpg,TACO-master/TACO-master/data/filtered_classification/crops/train/PaperCardboard/IMG_5068_ann2724.jpg,TACO-master/TACO-master/data/batch_3/IMG_5068.JPG,3264,2448,1026.0,967.0,644.0,435.0,874,2724
taco_2725,TACO,cropped_object_classification,train,PaperCardboard,Magazine paper,TACO-master/TACO-master/data/filtered_classification/crops/train/PaperCardboard/IMG_5068_ann2725.jpg,TACO-master/TACO-master/data/filtered_classification/crops/train/PaperCardboard/IMG_5068_ann2725.jpg,TACO-master/TACO-master/data/batch_3/IMG_5068.JPG,3264,2448,867.0,1201.0,968.0,1116.0,874,2725
taco_2763,TACO,cropped_object_classification,train,Plastic,Clear plastic bottle,TACO-master/TACO-master/data/filtered_classification/crops/train/Plastic/000032_ann2763.jpg,TACO-master/TACO-master/data/filtered_classification/crops/train/Plastic/000032_ann2763.jpg,TACO-master/TACO-master/data/batch_4/000032.JPG,2448,3264,805.0,1839.0,309.0,569.0,875,2763
taco_2778,TACO,cropped_object_classification,train,PaperCardboard,Normal paper,TACO-master/TACO-master/data/filtered_classification/crops/train/PaperCardboard/000004_ann2778.jpg,TACO-master/TACO-master/data/filtered_classification/crops/train/PaperCardboard/000004_ann2778.jpg,TACO-master/TACO-master/data/batch_4/000004.JPG,3264,2448,1573.0,1029.0,409.0,117.0,881,2778
taco_2780,TACO,cropped_object_classification,val,Plastic,Disposable plastic cup,TACO-master/TACO-master/data/filtered_classification/crops/val/Plastic/000005_ann2780.jpg,TACO-master/TACO-master/data/filtered_classification/crops/val/Plastic/000005_ann2780.jpg,TACO-master/TACO-master/data/batch_4/000005.JPG,3264,2448,1549.0,855.0,281.0,198.0,882,2780
taco_2804,TACO,cropped_object_classification,val,Plastic,Other plastic cup,TACO-master/TACO-master/data/filtered_classification/crops/val/Plastic/000026_ann2804.jpg,TACO-master/TACO-master/data/filtered_classification/crops/val/Plastic/000026_ann2804.jpg,TACO-master/TACO-master/data/batch_4/000026.JPG,2448,3264,1868.0,1814.0,469.0,240.0,901,2804
taco_2818,TACO,cropped_object_classification,train,Plastic,Disposable plastic cup,TACO-master/TACO-master/data/filtered_classification/crops/train/Plastic/000039_ann2818.jpg,TACO-master/TACO-master/data/filtered_classification/crops/train/Plastic/000039_ann2818.jpg,TACO-master/TACO-master/data/batch_4/000039.JPG,3264,2448,624.0,1087.0,796.0,338.0,910,2818
taco_2819,TACO,cropped_object_classification,train,Plastic,Disposable plastic cup,TACO-master/TACO-master/data/filtered_classification/crops/train/Plastic/000040_ann2819.jpg,TACO-master/TACO-master/data/filtered_classification/crops/train/Plastic/000040_ann2819.jpg,TACO-master/TACO-master/data/batch_4/000040.JPG,2448,3264,1163.0,2064.0,373.0,488.0,911,2819
taco_2821,TACO,cropped_object_classification,test,PaperCardboard,Normal paper,TACO-master/TACO-master/data/filtered_classification/crops/test/PaperCardboard/000042_ann2821.jpg,TACO-master/TACO-master/data/filtered_classification/crops/test/PaperCardboard/000042_ann2821.jpg,TACO-master/TACO-master/data/batch_4/000042.JPG,2448,3264,167.0,1399.0,449.0,340.0,913,2821
taco_2835,TACO,cropped_object_classification,train,Organic,Food waste,TACO-master/TACO-master/data/filtered_classification/crops/train/Organic/000054_ann2835.jpg,TACO-master/TACO-master/data/filtered_classification/crops/train/Organic/000054_ann2835.jpg,TACO-master/TACO-master/data/batch_4/000054.JPG,3264,2448,1611.0,364.0,477.0,406.0,924,2835
taco_2856,TACO,cropped_object_classification,test,Other,Styrofoam piece,TACO-master/TACO-master/data/filtered_classification/crops/test/Other/000072_ann2856.jpg,TACO-master/TACO-master/data/filtered_classification/crops/test/Other/000072_ann2856.jpg,TACO-master/TACO-master/data/batch_4/000072.JPG,3264,2448,991.0,1540.0,850.0,648.0,940,2856
taco_2857,TACO,cropped_object_classification,train,Other,Styrofoam piece,TACO-master/TACO-master/data/filtered_classification/crops/train/Other/000073_ann2857.jpg,TACO-master/TACO-master/data/filtered_classification/crops/train/Other/000073_ann2857.jpg,TACO-master/TACO-master/data/batch_4/000073.JPG,3264,2448,1579.0,1327.0,427.0,440.0,941,2857
taco_2866,TACO,cropped_object_classification,train,Plastic,Disposable plastic cup,TACO-master/TACO-master/data/filtered_classification/crops/train/Plastic/000082_ann2866.jpg,TACO-master/TACO-master/data/filtered_classification/crops/train/Plastic/000082_ann2866.jpg,TACO-master/TACO-master/data/batch_4/000082.JPG,3264,2448,708.0,1109.0,234.0,222.0,948,2866
taco_2888,TACO,cropped_object_classification,train,Plastic,Other plastic bottle,TACO-master/TACO-master/data/filtered_classification/crops/train/Plastic/000097_ann2888.jpg,TACO-master/TACO-master/data/filtered_classification/crops/train/Plastic/000097_ann2888.jpg,TACO-master/TACO-master/data/batch_4/000097.JPG,2448,3264,1567.0,1375.0,262.0,122.0,962,2888
taco_2889,TACO,cropped_object_classification,train,Plastic,Squeezable tube,TACO-master/TACO-master/data/filtered_classification/crops/train/Plastic/000097_ann2889.jpg,TACO-master/TACO-master/data/filtered_classification/crops/train/Plastic/000097_ann2889.jpg,TACO-master/TACO-master/data/batch_4/000097.JPG,2448,3264,841.0,1834.0,426.0,315.0,962,2889
taco_2926,TACO,cropped_object_classification,train,Plastic,Clear plastic bottle,TACO-master/TACO-master/data/filtered_classification/crops/train/Plastic/000071_ann2926.jpg,TACO-master/TACO-master/data/filtered_classification/crops/train/Plastic/000071_ann2926.jpg,TACO-master/TACO-master/data/batch_5/000071.JPG,2448,3264,1282.0,1981.0,511.0,394.0,964,2926
taco_2929,TACO,cropped_object_classification,train,Plastic,Clear plastic bottle,TACO-master/TACO-master/data/filtered_classification/crops/train/Plastic/000072_ann2929.jpg,TACO-master/TACO-master/data/filtered_classification/crops/train/Plastic/000072_ann2929.jpg,TACO-master/TACO-master/data/batch_5/000072.JPG,3264,2448,1463.0,682.0,524.0,466.0,965,2929
taco_2930,TACO,cropped_object_classification,test,Metal,Drink can,TACO-master/TACO-master/data/filtered_classification/crops/test/Metal/000073_ann2930.jpg,TACO-master/TACO-master/data/filtered_classification/crops/test/Metal/000073_ann2930.jpg,TACO-master/TACO-master/data/batch_5/000073.JPG,2448,3264,1085.0,1901.0,512.0,471.0,966,2930
taco_2941,TACO,cropped_object_classification,train,Plastic,Clear plastic bottle,TACO-master/TACO-master/data/filtered_classification/crops/train/Plastic/000083_ann2941.jpg,TACO-master/TACO-master/data/filtered_classification/crops/train/Plastic/000083_ann2941.jpg,TACO-master/TACO-master/data/batch_5/000083.JPG,3264,2448,1638.0,972.0,398.0,105.0,974,2941
taco_2944,TACO,cropped_object_classification,train,Plastic,Clear plastic bottle,TACO-master/TACO-master/data/filtered_classification/crops/train/Plastic/000084_ann2944.jpg,TACO-master/TACO-master/data/filtered_classification/crops/train/Plastic/000084_ann2944.jpg,TACO-master/TACO-master/data/batch_5/000084.JPG,3264,2448,1344.0,1393.0,564.0,306.0,975,2944
taco_2952,TACO,cropped_object_classification,train,Other,Styrofoam piece,TACO-master/TACO-master/data/filtered_classification/crops/train/Other/000089_ann2952.jpg,TACO-master/TACO-master/data/filtered_classification/crops/train/Other/000089_ann2952.jpg,TACO-master/TACO-master/data/batch_5/000089.JPG,3264,2448,875.0,1204.0,303.0,270.0,980,2952
taco_2957,TACO,cropped_object_classification,train,PaperCardboard,Paper bag,TACO-master/TACO-master/data/filtered_classification/crops/train/PaperCardboard/000092_ann2957.jpg,TACO-master/TACO-master/data/filtered_classification/crops/train/PaperCardboard/000092_ann2957.jpg,TACO-master/TACO-master/data/batch_5/000092.JPG,2448,3264,617.0,1443.0,555.0,566.0,983,2957
taco_2960,TACO,cropped_object_classification,train,Other,Styrofoam piece,TACO-master/TACO-master/data/filtered_classification/crops/train/Other/000093_ann2960.jpg,TACO-master/TACO-master/data/filtered_classification/crops/train/Other/000093_ann2960.jpg,TACO-master/TACO-master/data/batch_5/000093.JPG,3264,2448,1544.0,676.0,218.0,173.0,984,2960
taco_2963,TACO,cropped_object_classification,test,Other,Styrofoam piece,TACO-master/TACO-master/data/filtered_classification/crops/test/Other/000094_ann2963.jpg,TACO-master/TACO-master/data/filtered_classification/crops/test/Other/000094_ann2963.jpg,TACO-master/TACO-master/data/batch_5/000094.JPG,3264,2448,1084.0,1854.0,222.0,205.0,985,2963
taco_2964,TACO,cropped_object_classification,val,Plastic,Disposable plastic cup,TACO-master/TACO-master/data/filtered_classification/crops/val/Plastic/000095_ann2964.jpg,TACO-master/TACO-master/data/filtered_classification/crops/val/Plastic/000095_ann2964.jpg,TACO-master/TACO-master/data/batch_5/000095.JPG,3264,2448,1965.0,1129.0,586.0,338.0,986,2964
taco_2965,TACO,cropped_object_classification,train,Plastic,Disposable plastic cup,TACO-master/TACO-master/data/filtered_classification/crops/train/Plastic/000096_ann2965.jpg,TACO-master/TACO-master/data/filtered_classification/crops/train/Plastic/000096_ann2965.jpg,TACO-master/TACO-master/data/batch_5/000096.JPG,3264,2448,1668.0,1068.0,439.0,352.0,987,2965
taco_2966,TACO,cropped_object_classification,train,PaperCardboard,Other carton,TACO-master/TACO-master/data/filtered_classification/crops/train/PaperCardboard/000097_ann2966.jpg,TACO-master/TACO-master/data/filtered_classification/crops/train/PaperCardboard/000097_ann2966.jpg,TACO-master/TACO-master/data/batch_5/000097.JPG,3264,2448,1850.0,571.0,314.0,563.0,988,2966
taco_2971,TACO,cropped_object_classification,val,Other,Garbage bag,TACO-master/TACO-master/data/filtered_classification/crops/val/Other/000063_ann2971.jpg,TACO-master/TACO-master/data/filtered_classification/crops/val/Other/000063_ann2971.jpg,TACO-master/TACO-master/data/batch_5/000063.JPG,2448,3264,831.0,1072.0,1000.0,924.0,993,2971
taco_2972,TACO,cropped_object_classification,val,PaperCardboard,Normal paper,TACO-master/TACO-master/data/filtered_classification/crops/val/PaperCardboard/000063_ann2972.jpg,TACO-master/TACO-master/data/filtered_classification/crops/val/PaperCardboard/000063_ann2972.jpg,TACO-master/TACO-master/data/batch_5/000063.JPG,2448,3264,992.0,1266.0,237.0,205.0,993,2972
taco_2975,TACO,cropped_object_classification,train,Plastic,Other plastic bottle,TACO-master/TACO-master/data/filtered_classification/crops/train/Plastic/000066_ann2975.jpg,TACO-master/TACO-master/data/filtered_classification/crops/train/Plastic/000066_ann2975.jpg,TACO-master/TACO-master/data/batch_5/000066.JPG,2448,3264,1754.0,1351.0,262.0,534.0,995,2975
taco_2977,TACO,cropped_object_classification,train,Plastic,Clear plastic bottle,TACO-master/TACO-master/data/filtered_classification/crops/train/Plastic/000067_ann2977.jpg,TACO-master/TACO-master/data/filtered_classification/crops/train/Plastic/000067_ann2977.jpg,TACO-master/TACO-master/data/batch_5/000067.JPG,2448,3264,883.0,1274.0,460.0,415.0,996,2977
taco_2982,TACO,cropped_object_classification,train,PaperCardboard,Corrugated carton,TACO-master/TACO-master/data/filtered_classification/crops/train/PaperCardboard/000068_ann2982.jpg,TACO-master/TACO-master/data/filtered_classification/crops/train/PaperCardboard/000068_ann2982.jpg,TACO-master/TACO-master/data/batch_5/000068.JPG,2448,3264,879.0,1475.0,811.0,465.0,997,2982
taco_2984,TACO,cropped_object_classification,train,PaperCardboard,Normal paper,TACO-master/TACO-master/data/filtered_classification/crops/train/PaperCardboard/000069_ann2984.jpg,TACO-master/TACO-master/data/filtered_classification/crops/train/PaperCardboard/000069_ann2984.jpg,TACO-master/TACO-master/data/batch_5/000069.JPG,2448,3264,19.0,197.0,238.0,200.0,998,2984
taco_2985,TACO,cropped_object_classification,train,Plastic,Clear plastic bottle,TACO-master/TACO-master/data/filtered_classification/crops/train/Plastic/000070_ann2985.jpg,TACO-master/TACO-master/data/filtered_classification/crops/train/Plastic/000070_ann2985.jpg,TACO-master/TACO-master/data/batch_5/000070.JPG,2448,3264,1230.0,1046.0,181.0,424.0,999,2985
taco_2986,TACO,cropped_object_classification,train,Glass,Glass bottle,TACO-master/TACO-master/data/filtered_classification/crops/train/Glass/000101_ann2986.jpg,TACO-master/TACO-master/data/filtered_classification/crops/train/Glass/000101_ann2986.jpg,TACO-master/TACO-master/data/batch_5/000101.JPG,2448,3264,1460.0,659.0,314.0,624.0,1000,2986
taco_2989,TACO,cropped_object_classification,val,Metal,Drink can,TACO-master/TACO-master/data/filtered_classification/crops/val/Metal/000103_ann2989.jpg,TACO-master/TACO-master/data/filtered_classification/crops/val/Metal/000103_ann2989.jpg,TACO-master/TACO-master/data/batch_5/000103.JPG,3264,2448,2107.0,1414.0,237.0,183.0,1002,2989
taco_2991,TACO,cropped_object_classification,train,PaperCardboard,Corrugated carton,TACO-master/TACO-master/data/filtered_classification/crops/train/PaperCardboard/000104_ann2991.jpg,TACO-master/TACO-master/data/filtered_classification/crops/train/PaperCardboard/000104_ann2991.jpg,TACO-master/TACO-master/data/batch_5/000104.JPG,3264,2448,716.0,1329.0,1153.0,733.0,1003,2991
taco_3002,TACO,cropped_object_classification,train,Other,Styrofoam piece,TACO-master/TACO-master/data/filtered_classification/crops/train/Other/000107_ann3002.jpg,TACO-master/TACO-master/data/filtered_classification/crops/train/Other/000107_ann3002.jpg,TACO-master/TACO-master/data/batch_5/000107.JPG,3264,2448,1720.0,1104.0,308.0,418.0,1006,3002
taco_3006,TACO,cropped_object_classification,train,Glass,Glass bottle,TACO-master/TACO-master/data/filtered_classification/crops/train/Glass/000120_ann3006.jpg,TACO-master/TACO-master/data/filtered_classification/crops/train/Glass/000120_ann3006.jpg,TACO-master/TACO-master/data/batch_5/000120.JPG,2448,3264,1305.0,2250.0,312.0,682.0,1008,3006
taco_3008,TACO,cropped_object_classification,train,Plastic,Disposable plastic cup,TACO-master/TACO-master/data/filtered_classification/crops/train/Plastic/000120_ann3008.jpg,TACO-master/TACO-master/data/filtered_classification/crops/train/Plastic/000120_ann3008.jpg,TACO-master/TACO-master/data/batch_5/000120.JPG,2448,3264,1246.0,1225.0,291.0,387.0,1008,3008
taco_3021,TACO,cropped_object_classification,train,Plastic,Clear plastic bottle,TACO-master/TACO-master/data/filtered_classification/crops/train/Plastic/000114_ann3021.jpg,TACO-master/TACO-master/data/filtered_classification/crops/train/Plastic/000114_ann3021.jpg,TACO-master/TACO-master/data/batch_5/000114.JPG,2448,3264,1062.0,556.0,534.0,323.0,1013,3021
taco_3027,TACO,cropped_object_classification,test,PaperCardboard,Normal paper,TACO-master/TACO-master/data/filtered_classification/crops/test/PaperCardboard/000117_ann3027.jpg,TACO-master/TACO-master/data/filtered_classification/crops/test/PaperCardboard/000117_ann3027.jpg,TACO-master/TACO-master/data/batch_5/000117.JPG,3264,2448,829.0,1665.0,686.0,453.0,1016,3027
taco_3029,TACO,cropped_object_classification,train,Plastic,Disposable plastic cup,TACO-master/TACO-master/data/filtered_classification/crops/train/Plastic/000000_ann3029.jpg,TACO-master/TACO-master/data/filtered_classification/crops/train/Plastic/000000_ann3029.jpg,TACO-master/TACO-master/data/batch_5/000000.JPG,2448,3264,1001.0,1872.0,189.0,242.0,1018,3029
taco_3032,TACO,cropped_object_classification,train,Plastic,Clear plastic bottle,TACO-master/TACO-master/data/filtered_classification/crops/train/Plastic/000001_ann3032.jpg,TACO-master/TACO-master/data/filtered_classification/crops/train/Plastic/000001_ann3032.jpg,TACO-master/TACO-master/data/batch_5/000001.JPG,2448,3264,1310.0,1445.0,293.0,212.0,1019,3032
taco_3034,TACO,cropped_object_classification,train,Metal,Drink can,TACO-master/TACO-master/data/filtered_classification/crops/train/Metal/000002_ann3034.jpg,TACO-master/TACO-master/data/filtered_classification/crops/train/Metal/000002_ann3034.jpg,TACO-master/TACO-master/data/batch_5/000002.JPG,2448,3264,1410.0,1275.0,236.0,241.0,1020,3034
taco_3037,TACO,cropped_object_classification,train,Metal,Drink can,TACO-master/TACO-master/data/filtered_classification/crops/train/Metal/000004_ann3037.jpg,TACO-master/TACO-master/data/filtered_classification/crops/train/Metal/000004_ann3037.jpg,TACO-master/TACO-master/data/batch_5/000004.JPG,3264,2448,2127.0,691.0,628.0,518.0,1021,3037
taco_3042,TACO,cropped_object_classification,train,Metal,Drink can,TACO-master/TACO-master/data/filtered_classification/crops/train/Metal/000005_ann3042.jpg,TACO-master/TACO-master/data/filtered_classification/crops/train/Metal/000005_ann3042.jpg,TACO-master/TACO-master/data/batch_5/000005.JPG,3264,2448,613.0,435.0,197.0,430.0,1022,3042
taco_3044,TACO,cropped_object_classification,train,Plastic,Clear plastic bottle,TACO-master/TACO-master/data/filtered_classification/crops/train/Plastic/000005_ann3044.jpg,TACO-master/TACO-master/data/filtered_classification/crops/train/Plastic/000005_ann3044.jpg,TACO-master/TACO-master/data/batch_5/000005.JPG,3264,2448,436.0,1828.0,419.0,502.0,1022,3044
taco_3047,TACO,cropped_object_classification,train,Metal,Drink can,TACO-master/TACO-master/data/filtered_classification/crops/train/Metal/000007_ann3047.jpg,TACO-master/TACO-master/data/filtered_classification/crops/train/Metal/000007_ann3047.jpg,TACO-master/TACO-master/data/batch_5/000007.JPG,3264,2448,1461.0,956.0,332.0,219.0,1024,3047
taco_3048,TACO,cropped_object_classification,train,Plastic,Clear plastic bottle,TACO-master/TACO-master/data/filtered_classification/crops/train/Plastic/000008_ann3048.jpg,TACO-master/TACO-master/data/filtered_classification/crops/train/Plastic/000008_ann3048.jpg,TACO-master/TACO-master/data/batch_5/000008.JPG,2448,3264,1032.0,1443.0,509.0,278.0,1025,3048
taco_3054,TACO,cropped_object_classification,val,Metal,Drink can,TACO-master/TACO-master/data/filtered_classification/crops/val/Metal/000011_ann3054.jpg,TACO-master/TACO-master/data/filtered_classification/crops/val/Metal/000011_ann3054.jpg,TACO-master/TACO-master/data/batch_5/000011.JPG,2448,3264,836.0,1228.0,594.0,315.0,1028,3054
taco_3056,TACO,cropped_object_classification,test,PaperCardboard,Other carton,TACO-master/TACO-master/data/filtered_classification/crops/test/PaperCardboard/000012_ann3056.jpg,TACO-master/TACO-master/data/filtered_classification/crops/test/PaperCardboard/000012_ann3056.jpg,TACO-master/TACO-master/data/batch_5/000012.JPG,2448,3264,1384.0,985.0,1064.0,855.0,1029,3056
taco_3060,TACO,cropped_object_classification,val,Metal,Drink can,TACO-master/TACO-master/data/filtered_classification/crops/val/Metal/000012_ann3060.jpg,TACO-master/TACO-master/data/filtered_classification/crops/val/Metal/000012_ann3060.jpg,TACO-master/TACO-master/data/batch_5/000012.JPG,2448,3264,825.0,1405.0,303.0,434.0,1029,3060
taco_3061,TACO,cropped_object_classification,train,Metal,Drink can,TACO-master/TACO-master/data/filtered_classification/crops/train/Metal/000012_ann3061.jpg,TACO-master/TACO-master/data/filtered_classification/crops/train/Metal/000012_ann3061.jpg,TACO-master/TACO-master/data/batch_5/000012.JPG,2448,3264,1149.0,1297.0,261.0,457.0,1029,3061
taco_3062,TACO,cropped_object_classification,val,Metal,Drink can,TACO-master/TACO-master/data/filtered_classification/crops/val/Metal/000012_ann3062.jpg,TACO-master/TACO-master/data/filtered_classification/crops/val/Metal/000012_ann3062.jpg,TACO-master/TACO-master/data/batch_5/000012.JPG,2448,3264,1277.0,1590.0,502.0,341.0,1029,3062
taco_3065,TACO,cropped_object_classification,test,Other,Styrofoam piece,TACO-master/TACO-master/data/filtered_classification/crops/test/Other/000014_ann3065.jpg,TACO-master/TACO-master/data/filtered_classification/crops/test/Other/000014_ann3065.jpg,TACO-master/TACO-master/data/batch_5/000014.JPG,2448,3264,1519.0,1436.0,295.0,241.0,1031,3065
taco_3080,TACO,cropped_object_classification,train,Metal,Drink can,TACO-master/TACO-master/data/filtered_classification/crops/train/Metal/000016_ann3080.jpg,TACO-master/TACO-master/data/filtered_classification/crops/train/Metal/000016_ann3080.jpg,TACO-master/TACO-master/data/batch_5/000016.JPG,2448,3264,1232.0,1628.0,234.0,332.0,1033,3080
taco_3083,TACO,cropped_object_classification,val,Metal,Drink can,TACO-master/TACO-master/data/filtered_classification/crops/val/Metal/000017_ann3083.jpg,TACO-master/TACO-master/data/filtered_classification/crops/val/Metal/000017_ann3083.jpg,TACO-master/TACO-master/data/batch_5/000017.JPG,2448,3264,907.0,1125.0,459.0,321.0,1034,3083
taco_3091,TACO,cropped_object_classification,train,Other,Crisp packet,TACO-master/TACO-master/data/filtered_classification/crops/train/Other/000020_ann3091.jpg,TACO-master/TACO-master/data/filtered_classification/crops/train/Other/000020_ann3091.jpg,TACO-master/TACO-master/data/batch_5/000020.JPG,2448,3264,1241.0,2449.0,526.0,434.0,1037,3091
taco_3097,TACO,cropped_object_classification,val,PaperCardboard,Paper bag,TACO-master/TACO-master/data/filtered_classification/crops/val/PaperCardboard/000022_ann3097.jpg,TACO-master/TACO-master/data/filtered_classification/crops/val/PaperCardboard/000022_ann3097.jpg,TACO-master/TACO-master/data/batch_5/000022.JPG,2448,3264,1399.0,1017.0,605.0,362.0,1039,3097
taco_3100,TACO,cropped_object_classification,test,PaperCardboard,Paper bag,TACO-master/TACO-master/data/filtered_classification/crops/test/PaperCardboard/000024_ann3100.jpg,TACO-master/TACO-master/data/filtered_classification/crops/test/PaperCardboard/000024_ann3100.jpg,TACO-master/TACO-master/data/batch_5/000024.JPG,2448,3264,420.0,1722.0,876.0,913.0,1041,3100
taco_3103,TACO,cropped_object_classification,train,Glass,Glass bottle,TACO-master/TACO-master/data/filtered_classification/crops/train/Glass/000027_ann3103.jpg,TACO-master/TACO-master/data/filtered_classification/crops/train/Glass/000027_ann3103.jpg,TACO-master/TACO-master/data/batch_5/000027.JPG,2448,3264,1256.0,234.0,175.0,686.0,1044,3103
taco_3106,TACO,cropped_object_classification,train,Plastic,Clear plastic bottle,TACO-master/TACO-master/data/filtered_classification/crops/train/Plastic/000028_ann3106.jpg,TACO-master/TACO-master/data/filtered_classification/crops/train/Plastic/000028_ann3106.jpg,TACO-master/TACO-master/data/batch_5/000028.JPG,2448,3264,1055.0,1724.0,341.0,661.0,1045,3106
taco_3129,TACO,cropped_object_classification,train,PaperCardboard,Normal paper,TACO-master/TACO-master/data/filtered_classification/crops/train/PaperCardboard/000037_ann3129.jpg,TACO-master/TACO-master/data/filtered_classification/crops/train/PaperCardboard/000037_ann3129.jpg,TACO-master/TACO-master/data/batch_5/000037.JPG,2448,3264,315.0,588.0,557.0,492.0,1053,3129
taco_3130,TACO,cropped_object_classification,train,Other,Styrofoam piece,TACO-master/TACO-master/data/filtered_classification/crops/train/Other/000038_ann3130.jpg,TACO-master/TACO-master/data/filtered_classification/crops/train/Other/000038_ann3130.jpg,TACO-master/TACO-master/data/batch_5/000038.JPG,2448,3264,1459.0,1186.0,463.0,362.0,1054,3130
taco_3133,TACO,cropped_object_classification,train,Metal,Drink can,TACO-master/TACO-master/data/filtered_classification/crops/train/Metal/000040_ann3133.jpg,TACO-master/TACO-master/data/filtered_classification/crops/train/Metal/000040_ann3133.jpg,TACO-master/TACO-master/data/batch_5/000040.JPG,3264,2448,2054.0,988.0,470.0,372.0,1056,3133
taco_3140,TACO,cropped_object_classification,train,Other,Crisp packet,TACO-master/TACO-master/data/filtered_classification/crops/train/Other/000043_ann3140.jpg,TACO-master/TACO-master/data/filtered_classification/crops/train/Other/000043_ann3140.jpg,TACO-master/TACO-master/data/batch_5/000043.JPG,2448,3264,981.0,1431.0,572.0,384.0,1059,3140
taco_3146,TACO,cropped_object_classification,train,Metal,Food Can,TACO-master/TACO-master/data/filtered_classification/crops/train/Metal/000046_ann3146.jpg,TACO-master/TACO-master/data/filtered_classification/crops/train/Metal/000046_ann3146.jpg,TACO-master/TACO-master/data/batch_5/000046.JPG,2448,3264,1067.0,1422.0,324.0,372.0,1061,3146
taco_3152,TACO,cropped_object_classification,train,Plastic,Disposable plastic cup,TACO-master/TACO-master/data/filtered_classification/crops/train/Plastic/000049_ann3152.jpg,TACO-master/TACO-master/data/filtered_classification/crops/train/Plastic/000049_ann3152.jpg,TACO-master/TACO-master/data/batch_5/000049.JPG,2448,3264,1538.0,2113.0,266.0,310.0,1064,3152
taco_3159,TACO,cropped_object_classification,val,PaperCardboard,Corrugated carton,TACO-master/TACO-master/data/filtered_classification/crops/val/PaperCardboard/000049_ann3159.jpg,TACO-master/TACO-master/data/filtered_classification/crops/val/PaperCardboard/000049_ann3159.jpg,TACO-master/TACO-master/data/batch_5/000049.JPG,2448,3264,790.0,1129.0,753.0,673.0,1064,3159
taco_3160,TACO,cropped_object_classification,train,PaperCardboard,Corrugated carton,TACO-master/TACO-master/data/filtered_classification/crops/train/PaperCardboard/000049_ann3160.jpg,TACO-master/TACO-master/data/filtered_classification/crops/train/PaperCardboard/000049_ann3160.jpg,TACO-master/TACO-master/data/batch_5/000049.JPG,2448,3264,1935.0,608.0,512.0,715.0,1064,3160
taco_3161,TACO,cropped_object_classification,train,PaperCardboard,Paper bag,TACO-master/TACO-master/data/filtered_classification/crops/train/PaperCardboard/000049_ann3161.jpg,TACO-master/TACO-master/data/filtered_classification/crops/train/PaperCardboard/000049_ann3161.jpg,TACO-master/TACO-master/data/batch_5/000049.JPG,2448,3264,1451.0,552.0,452.0,267.0,1064,3161
taco_3167,TACO,cropped_object_classification,train,Metal,Drink can,TACO-master/TACO-master/data/filtered_classification/crops/train/Metal/000051_ann3167.jpg,TACO-master/TACO-master/data/filtered_classification/crops/train/Metal/000051_ann3167.jpg,TACO-master/TACO-master/data/batch_5/000051.JPG,2448,3264,865.0,1143.0,353.0,254.0,1066,3167
taco_3178,TACO,cropped_object_classification,val,Other,Crisp packet,TACO-master/TACO-master/data/filtered_classification/crops/val/Other/000058_ann3178.jpg,TACO-master/TACO-master/data/filtered_classification/crops/val/Other/000058_ann3178.jpg,TACO-master/TACO-master/data/batch_5/000058.JPG,2448,3264,1092.0,1262.0,161.0,241.0,1072,3178
taco_3179,TACO,cropped_object_classification,train,Other,Crisp packet,TACO-master/TACO-master/data/filtered_classification/crops/train/Other/000059_ann3179.jpg,TACO-master/TACO-master/data/filtered_classification/crops/train/Other/000059_ann3179.jpg,TACO-master/TACO-master/data/batch_5/000059.JPG,2448,3264,1077.0,1612.0,367.0,285.0,1073,3179
taco_3180,TACO,cropped_object_classification,train,Plastic,Disposable plastic cup,TACO-master/TACO-master/data/filtered_classification/crops/train/Plastic/000060_ann3180.jpg,TACO-master/TACO-master/data/filtered_classification/crops/train/Plastic/000060_ann3180.jpg,TACO-master/TACO-master/data/batch_5/000060.JPG,2448,3264,1302.0,843.0,147.0,241.0,1074,3180
taco_3181,TACO,cropped_object_classification,test,Plastic,Disposable plastic cup,TACO-master/TACO-master/data/filtered_classification/crops/test/Plastic/000060_ann3181.jpg,TACO-master/TACO-master/data/filtered_classification/crops/test/Plastic/000060_ann3181.jpg,TACO-master/TACO-master/data/batch_5/000060.JPG,2448,3264,1360.0,1304.0,272.0,177.0,1074,3181
taco_3229,TACO,cropped_object_classification,train,Plastic,Disposable plastic cup,TACO-master/TACO-master/data/filtered_classification/crops/train/Plastic/000052_ann3229.jpg,TACO-master/TACO-master/data/filtered_classification/crops/train/Plastic/000052_ann3229.jpg,TACO-master/TACO-master/data/batch_6/000052.JPG,2448,3264,956.0,1473.0,154.0,202.0,1076,3229
taco_3230,TACO,cropped_object_classification,train,Plastic,Clear plastic bottle,TACO-master/TACO-master/data/filtered_classification/crops/train/Plastic/000104_ann3230.jpg,TACO-master/TACO-master/data/filtered_classification/crops/train/Plastic/000104_ann3230.jpg,TACO-master/TACO-master/data/batch_6/000104.JPG,2448,3264,501.0,908.0,630.0,581.0,1077,3230
taco_3244,TACO,cropped_object_classification,train,Plastic,Clear plastic bottle,TACO-master/TACO-master/data/filtered_classification/crops/train/Plastic/000100_ann3244.jpg,TACO-master/TACO-master/data/filtered_classification/crops/train/Plastic/000100_ann3244.jpg,TACO-master/TACO-master/data/batch_6/000100.JPG,3264,2448,994.0,579.0,608.0,315.0,1081,3244
taco_3245,TACO,cropped_object_classification,train,Plastic,Clear plastic bottle,TACO-master/TACO-master/data/filtered_classification/crops/train/Plastic/000100_ann3245.jpg,TACO-master/TACO-master/data/filtered_classification/crops/train/Plastic/000100_ann3245.jpg,TACO-master/TACO-master/data/batch_6/000100.JPG,3264,2448,2478.0,1995.0,267.0,345.0,1081,3245
taco_3246,TACO,cropped_object_classification,test,Plastic,Clear plastic bottle,TACO-master/TACO-master/data/filtered_classification/crops/test/Plastic/000099_ann3246.jpg,TACO-master/TACO-master/data/filtered_classification/crops/test/Plastic/000099_ann3246.jpg,TACO-master/TACO-master/data/batch_6/000099.JPG,2624,1968,1137.0,1665.0,393.0,247.0,1082,3246
taco_3247,TACO,cropped_object_classification,train,Plastic,Clear plastic bottle,TACO-master/TACO-master/data/filtered_classification/crops/train/Plastic/000099_ann3247.jpg,TACO-master/TACO-master/data/filtered_classification/crops/train/Plastic/000099_ann3247.jpg,TACO-master/TACO-master/data/batch_6/000099.JPG,2624,1968,1239.0,1495.0,161.0,155.0,1082,3247
taco_3252,TACO,cropped_object_classification,train,Plastic,Clear plastic bottle,TACO-master/TACO-master/data/filtered_classification/crops/train/Plastic/000097_ann3252.jpg,TACO-master/TACO-master/data/filtered_classification/crops/train/Plastic/000097_ann3252.jpg,TACO-master/TACO-master/data/batch_6/000097.JPG,3680,2760,1450.0,1257.0,468.0,212.0,1084,3252
taco_3253,TACO,cropped_object_classification,val,Plastic,Clear plastic bottle,TACO-master/TACO-master/data/filtered_classification/crops/val/Plastic/000097_ann3253.jpg,TACO-master/TACO-master/data/filtered_classification/crops/val/Plastic/000097_ann3253.jpg,TACO-master/TACO-master/data/batch_6/000097.JPG,3680,2760,1570.0,1455.0,512.0,227.0,1084,3253
taco_3259,TACO,cropped_object_classification,val,PaperCardboard,Other carton,TACO-master/TACO-master/data/filtered_classification/crops/val/PaperCardboard/000096_ann3259.jpg,TACO-master/TACO-master/data/filtered_classification/crops/val/PaperCardboard/000096_ann3259.jpg,TACO-master/TACO-master/data/batch_6/000096.JPG,2448,3264,312.0,1719.0,300.0,247.0,1085,3259
taco_3262,TACO,cropped_object_classification,train,Plastic,Clear plastic bottle,TACO-master/TACO-master/data/filtered_classification/crops/train/Plastic/000093_ann3262.jpg,TACO-master/TACO-master/data/filtered_classification/crops/train/Plastic/000093_ann3262.jpg,TACO-master/TACO-master/data/batch_6/000093.JPG,3264,2448,1619.0,1508.0,320.0,528.0,1088,3262
taco_3268,TACO,cropped_object_classification,train,Plastic,Clear plastic bottle,TACO-master/TACO-master/data/filtered_classification/crops/train/Plastic/000090_ann3268.jpg,TACO-master/TACO-master/data/filtered_classification/crops/train/Plastic/000090_ann3268.jpg,TACO-master/TACO-master/data/batch_6/000090.JPG,3264,2448,710.0,1624.0,208.0,190.0,1091,3268
taco_3275,TACO,cropped_object_classification,test,Plastic,Clear plastic bottle,TACO-master/TACO-master/data/filtered_classification/crops/test/Plastic/000085_ann3275.jpg,TACO-master/TACO-master/data/filtered_classification/crops/test/Plastic/000085_ann3275.jpg,TACO-master/TACO-master/data/batch_6/000085.JPG,2448,3264,639.0,1417.0,547.0,530.0,1096,3275
taco_3280,TACO,cropped_object_classification,test,Plastic,Clear plastic bottle,TACO-master/TACO-master/data/filtered_classification/crops/test/Plastic/000080_ann3280.jpg,TACO-master/TACO-master/data/filtered_classification/crops/test/Plastic/000080_ann3280.jpg,TACO-master/TACO-master/data/batch_6/000080.JPG,3264,2448,737.0,1948.0,477.0,162.0,1099,3280
taco_3283,TACO,cropped_object_classification,train,Metal,Aerosol,TACO-master/TACO-master/data/filtered_classification/crops/train/Metal/000078_ann3283.jpg,TACO-master/TACO-master/data/filtered_classification/crops/train/Metal/000078_ann3283.jpg,TACO-master/TACO-master/data/batch_6/000078.JPG,2624,1968,652.0,710.0,309.0,212.0,1101,3283
taco_3290,TACO,cropped_object_classification,train,Plastic,Clear plastic bottle,TACO-master/TACO-master/data/filtered_classification/crops/train/Plastic/000076_ann3290.jpg,TACO-master/TACO-master/data/filtered_classification/crops/train/Plastic/000076_ann3290.jpg,TACO-master/TACO-master/data/batch_6/000076.JPG,2275,3235,1150.0,1286.0,262.0,557.0,1103,3290
taco_3291,TACO,cropped_object_classification,train,Glass,Glass bottle,TACO-master/TACO-master/data/filtered_classification/crops/train/Glass/000076_ann3291.jpg,TACO-master/TACO-master/data/filtered_classification/crops/train/Glass/000076_ann3291.jpg,TACO-master/TACO-master/data/batch_6/000076.JPG,2275,3235,886.0,890.0,224.0,651.0,1103,3291
taco_3293,TACO,cropped_object_classification,test,PaperCardboard,Corrugated carton,TACO-master/TACO-master/data/filtered_classification/crops/test/PaperCardboard/000075_ann3293.jpg,TACO-master/TACO-master/data/filtered_classification/crops/test/PaperCardboard/000075_ann3293.jpg,TACO-master/TACO-master/data/batch_6/000075.JPG,2448,3264,496.0,1600.0,717.0,1037.0,1104,3293
taco_3294,TACO,cropped_object_classification,test,Plastic,Other plastic bottle,TACO-master/TACO-master/data/filtered_classification/crops/test/Plastic/000074_ann3294.jpg,TACO-master/TACO-master/data/filtered_classification/crops/test/Plastic/000074_ann3294.jpg,TACO-master/TACO-master/data/batch_6/000074.JPG,3264,2448,1548.0,1298.0,711.0,375.0,1105,3294
taco_3295,TACO,cropped_object_classification,train,PaperCardboard,Corrugated carton,TACO-master/TACO-master/data/filtered_classification/crops/train/PaperCardboard/000074_ann3295.jpg,TACO-master/TACO-master/data/filtered_classification/crops/train/PaperCardboard/000074_ann3295.jpg,TACO-master/TACO-master/data/batch_6/000074.JPG,3264,2448,456.0,678.0,905.0,539.0,1105,3295
taco_3296,TACO,cropped_object_classification,val,Plastic,Clear plastic bottle,TACO-master/TACO-master/data/filtered_classification/crops/val/Plastic/000073_ann3296.jpg,TACO-master/TACO-master/data/filtered_classification/crops/val/Plastic/000073_ann3296.jpg,TACO-master/TACO-master/data/batch_6/000073.JPG,3264,2448,2058.0,878.0,261.0,782.0,1106,3296
taco_3390,TACO,cropped_object_classification,train,Plastic,Tupperware,TACO-master/TACO-master/data/filtered_classification/crops/train/Plastic/000070_ann3390.jpg,TACO-master/TACO-master/data/filtered_classification/crops/train/Plastic/000070_ann3390.jpg,TACO-master/TACO-master/data/batch_6/000070.JPG,2624,1968,1101.0,1473.0,264.0,246.0,1109,3390
taco_3391,TACO,cropped_object_classification,train,Plastic,Clear plastic bottle,TACO-master/TACO-master/data/filtered_classification/crops/train/Plastic/000069_ann3391.jpg,TACO-master/TACO-master/data/filtered_classification/crops/train/Plastic/000069_ann3391.jpg,TACO-master/TACO-master/data/batch_6/000069.JPG,3264,2448,999.0,586.0,608.0,314.0,1110,3391
taco_3392,TACO,cropped_object_classification,train,Plastic,Clear plastic bottle,TACO-master/TACO-master/data/filtered_classification/crops/train/Plastic/000069_ann3392.jpg,TACO-master/TACO-master/data/filtered_classification/crops/train/Plastic/000069_ann3392.jpg,TACO-master/TACO-master/data/batch_6/000069.JPG,3264,2448,2476.0,2007.0,272.0,328.0,1110,3392
taco_3395,TACO,cropped_object_classification,train,PaperCardboard,Paper bag,TACO-master/TACO-master/data/filtered_classification/crops/train/PaperCardboard/000068_ann3395.jpg,TACO-master/TACO-master/data/filtered_classification/crops/train/PaperCardboard/000068_ann3395.jpg,TACO-master/TACO-master/data/batch_6/000068.JPG,3264,2448,611.0,1119.0,190.0,242.0,1111,3395
taco_3403,TACO,cropped_object_classification,val,Plastic,Clear plastic bottle,TACO-master/TACO-master/data/filtered_classification/crops/val/Plastic/000065_ann3403.jpg,TACO-master/TACO-master/data/filtered_classification/crops/val/Plastic/000065_ann3403.jpg,TACO-master/TACO-master/data/batch_6/000065.JPG,2448,3264,1074.0,1401.0,203.0,301.0,1113,3403
taco_3404,TACO,cropped_object_classification,test,Plastic,Clear plastic bottle,TACO-master/TACO-master/data/filtered_classification/crops/test/Plastic/000065_ann3404.jpg,TACO-master/TACO-master/data/filtered_classification/crops/test/Plastic/000065_ann3404.jpg,TACO-master/TACO-master/data/batch_6/000065.JPG,2448,3264,940.0,1488.0,149.0,306.0,1113,3404
taco_3414,TACO,cropped_object_classification,test,PaperCardboard,Pizza box,TACO-master/TACO-master/data/filtered_classification/crops/test/PaperCardboard/000061_ann3414.jpg,TACO-master/TACO-master/data/filtered_classification/crops/test/PaperCardboard/000061_ann3414.jpg,TACO-master/TACO-master/data/batch_6/000061.JPG,2448,3264,814.0,728.0,1418.0,722.0,1117,3414
taco_3416,TACO,cropped_object_classification,train,Plastic,Clear plastic bottle,TACO-master/TACO-master/data/filtered_classification/crops/train/Plastic/000060_ann3416.jpg,TACO-master/TACO-master/data/filtered_classification/crops/train/Plastic/000060_ann3416.jpg,TACO-master/TACO-master/data/batch_6/000060.JPG,2448,3264,867.0,1265.0,300.0,606.0,1118,3416
taco_3417,TACO,cropped_object_classification,test,PaperCardboard,Corrugated carton,TACO-master/TACO-master/data/filtered_classification/crops/test/PaperCardboard/000059_ann3417.jpg,TACO-master/TACO-master/data/filtered_classification/crops/test/PaperCardboard/000059_ann3417.jpg,TACO-master/TACO-master/data/batch_6/000059.JPG,3264,2448,1979.0,837.0,332.0,308.0,1119,3417
taco_3418,TACO,cropped_object_classification,test,PaperCardboard,Corrugated carton,TACO-master/TACO-master/data/filtered_classification/crops/test/PaperCardboard/000059_ann3418.jpg,TACO-master/TACO-master/data/filtered_classification/crops/test/PaperCardboard/000059_ann3418.jpg,TACO-master/TACO-master/data/batch_6/000059.JPG,3264,2448,1168.0,755.0,585.0,1104.0,1119,3418
taco_3419,TACO,cropped_object_classification,val,PaperCardboard,Corrugated carton,TACO-master/TACO-master/data/filtered_classification/crops/val/PaperCardboard/000059_ann3419.jpg,TACO-master/TACO-master/data/filtered_classification/crops/val/PaperCardboard/000059_ann3419.jpg,TACO-master/TACO-master/data/batch_6/000059.JPG,3264,2448,564.0,618.0,690.0,589.0,1119,3419
taco_3420,TACO,cropped_object_classification,test,Plastic,Clear plastic bottle,TACO-master/TACO-master/data/filtered_classification/crops/test/Plastic/000058_ann3420.jpg,TACO-master/TACO-master/data/filtered_classification/crops/test/Plastic/000058_ann3420.jpg,TACO-master/TACO-master/data/batch_6/000058.JPG,2448,3264,427.0,296.0,872.0,335.0,1120,3420
taco_3421,TACO,cropped_object_classification,train,Plastic,Clear plastic bottle,TACO-master/TACO-master/data/filtered_classification/crops/train/Plastic/000058_ann3421.jpg,TACO-master/TACO-master/data/filtered_classification/crops/train/Plastic/000058_ann3421.jpg,TACO-master/TACO-master/data/batch_6/000058.JPG,2448,3264,865.0,649.0,696.0,711.0,1120,3421
taco_3425,TACO,cropped_object_classification,val,PaperCardboard,Other carton,TACO-master/TACO-master/data/filtered_classification/crops/val/PaperCardboard/000056_ann3425.jpg,TACO-master/TACO-master/data/filtered_classification/crops/val/PaperCardboard/000056_ann3425.jpg,TACO-master/TACO-master/data/batch_6/000056.JPG,3264,2448,1151.0,1206.0,690.0,759.0,1121,3425
taco_3426,TACO,cropped_object_classification,train,Plastic,Clear plastic bottle,TACO-master/TACO-master/data/filtered_classification/crops/train/Plastic/000056_ann3426.jpg,TACO-master/TACO-master/data/filtered_classification/crops/train/Plastic/000056_ann3426.jpg,TACO-master/TACO-master/data/batch_6/000056.JPG,3264,2448,2054.0,775.0,526.0,769.0,1121,3426
taco_3427,TACO,cropped_object_classification,train,Plastic,Clear plastic bottle,TACO-master/TACO-master/data/filtered_classification/crops/train/Plastic/000056_ann3427.jpg,TACO-master/TACO-master/data/filtered_classification/crops/train/Plastic/000056_ann3427.jpg,TACO-master/TACO-master/data/batch_6/000056.JPG,3264,2448,1254.0,412.0,339.0,391.0,1121,3427
taco_3430,TACO,cropped_object_classification,train,Plastic,Clear plastic bottle,TACO-master/TACO-master/data/filtered_classification/crops/train/Plastic/000055_ann3430.jpg,TACO-master/TACO-master/data/filtered_classification/crops/train/Plastic/000055_ann3430.jpg,TACO-master/TACO-master/data/batch_6/000055.JPG,3264,2448,970.0,1538.0,342.0,154.0,1122,3430
taco_3431,TACO,cropped_object_classification,test,Glass,Glass bottle,TACO-master/TACO-master/data/filtered_classification/crops/test/Glass/000055_ann3431.jpg,TACO-master/TACO-master/data/filtered_classification/crops/test/Glass/000055_ann3431.jpg,TACO-master/TACO-master/data/batch_6/000055.JPG,3264,2448,2028.0,1200.0,375.0,342.0,1122,3431
taco_3435,TACO,cropped_object_classification,train,Metal,Drink can,TACO-master/TACO-master/data/filtered_classification/crops/train/Metal/000057_ann3435.jpg,TACO-master/TACO-master/data/filtered_classification/crops/train/Metal/000057_ann3435.jpg,TACO-master/TACO-master/data/batch_6/000057.JPG,3264,2448,768.0,1277.0,307.0,514.0,1123,3435
taco_3436,TACO,cropped_object_classification,train,Metal,Drink can,TACO-master/TACO-master/data/filtered_classification/crops/train/Metal/000057_ann3436.jpg,TACO-master/TACO-master/data/filtered_classification/crops/train/Metal/000057_ann3436.jpg,TACO-master/TACO-master/data/batch_6/000057.JPG,3264,2448,725.0,847.0,308.0,524.0,1123,3436
taco_3437,TACO,cropped_object_classification,train,Metal,Drink can,TACO-master/TACO-master/data/filtered_classification/crops/train/Metal/000057_ann3437.jpg,TACO-master/TACO-master/data/filtered_classification/crops/train/Metal/000057_ann3437.jpg,TACO-master/TACO-master/data/batch_6/000057.JPG,3264,2448,671.0,703.0,271.0,668.0,1123,3437
taco_3438,TACO,cropped_object_classification,train,Metal,Drink can,TACO-master/TACO-master/data/filtered_classification/crops/train/Metal/000057_ann3438.jpg,TACO-master/TACO-master/data/filtered_classification/crops/train/Metal/000057_ann3438.jpg,TACO-master/TACO-master/data/batch_6/000057.JPG,3264,2448,1041.0,639.0,251.0,371.0,1123,3438
taco_3439,TACO,cropped_object_classification,val,Metal,Drink can,TACO-master/TACO-master/data/filtered_classification/crops/val/Metal/000057_ann3439.jpg,TACO-master/TACO-master/data/filtered_classification/crops/val/Metal/000057_ann3439.jpg,TACO-master/TACO-master/data/batch_6/000057.JPG,3264,2448,1594.0,677.0,208.0,362.0,1123,3439
taco_3440,TACO,cropped_object_classification,val,Metal,Drink can,TACO-master/TACO-master/data/filtered_classification/crops/val/Metal/000057_ann3440.jpg,TACO-master/TACO-master/data/filtered_classification/crops/val/Metal/000057_ann3440.jpg,TACO-master/TACO-master/data/batch_6/000057.JPG,3264,2448,1880.0,634.0,216.0,345.0,1123,3440
taco_3441,TACO,cropped_object_classification,test,Metal,Drink can,TACO-master/TACO-master/data/filtered_classification/crops/test/Metal/000057_ann3441.jpg,TACO-master/TACO-master/data/filtered_classification/crops/test/Metal/000057_ann3441.jpg,TACO-master/TACO-master/data/batch_6/000057.JPG,3264,2448,2032.0,559.0,174.0,325.0,1123,3441
taco_3442,TACO,cropped_object_classification,train,Metal,Drink can,TACO-master/TACO-master/data/filtered_classification/crops/train/Metal/000057_ann3442.jpg,TACO-master/TACO-master/data/filtered_classification/crops/train/Metal/000057_ann3442.jpg,TACO-master/TACO-master/data/batch_6/000057.JPG,3264,2448,2229.0,718.0,246.0,354.0,1123,3442
taco_3444,TACO,cropped_object_classification,train,Metal,Drink can,TACO-master/TACO-master/data/filtered_classification/crops/train/Metal/000057_ann3444.jpg,TACO-master/TACO-master/data/filtered_classification/crops/train/Metal/000057_ann3444.jpg,TACO-master/TACO-master/data/batch_6/000057.JPG,3264,2448,2198.0,612.0,228.0,320.0,1123,3444
taco_3446,TACO,cropped_object_classification,train,Plastic,Clear plastic bottle,TACO-master/TACO-master/data/filtered_classification/crops/train/Plastic/000057_ann3446.jpg,TACO-master/TACO-master/data/filtered_classification/crops/train/Plastic/000057_ann3446.jpg,TACO-master/TACO-master/data/batch_6/000057.JPG,3264,2448,441.0,1185.0,253.0,866.0,1123,3446
taco_3455,TACO,cropped_object_classification,train,Plastic,Disposable plastic cup,TACO-master/TACO-master/data/filtered_classification/crops/train/Plastic/000054_ann3455.jpg,TACO-master/TACO-master/data/filtered_classification/crops/train/Plastic/000054_ann3455.jpg,TACO-master/TACO-master/data/batch_6/000054.JPG,3264,2448,1442.0,1028.0,195.0,229.0,1124,3455
taco_3459,TACO,cropped_object_classification,train,Plastic,Clear plastic bottle,TACO-master/TACO-master/data/filtered_classification/crops/train/Plastic/000051_ann3459.jpg,TACO-master/TACO-master/data/filtered_classification/crops/train/Plastic/000051_ann3459.jpg,TACO-master/TACO-master/data/batch_6/000051.JPG,2448,3264,1123.0,836.0,149.0,445.0,1127,3459
taco_3464,TACO,cropped_object_classification,val,Plastic,Clear plastic bottle,TACO-master/TACO-master/data/filtered_classification/crops/val/Plastic/000047_ann3464.jpg,TACO-master/TACO-master/data/filtered_classification/crops/val/Plastic/000047_ann3464.jpg,TACO-master/TACO-master/data/batch_6/000047.JPG,3264,2448,941.0,799.0,911.0,610.0,1131,3464
taco_3466,TACO,cropped_object_classification,val,Plastic,Clear plastic bottle,TACO-master/TACO-master/data/filtered_classification/crops/val/Plastic/000046_ann3466.jpg,TACO-master/TACO-master/data/filtered_classification/crops/val/Plastic/000046_ann3466.jpg,TACO-master/TACO-master/data/batch_6/000046.JPG,2448,3264,531.0,552.0,334.0,367.0,1132,3466
taco_3467,TACO,cropped_object_classification,train,Plastic,Clear plastic bottle,TACO-master/TACO-master/data/filtered_classification/crops/train/Plastic/000045_ann3467.jpg,TACO-master/TACO-master/data/filtered_classification/crops/train/Plastic/000045_ann3467.jpg,TACO-master/TACO-master/data/batch_6/000045.JPG,3264,2448,624.0,1322.0,225.0,598.0,1133,3467
taco_3472,TACO,cropped_object_classification,train,Plastic,Disposable plastic cup,TACO-master/TACO-master/data/filtered_classification/crops/train/Plastic/000042_ann3472.jpg,TACO-master/TACO-master/data/filtered_classification/crops/train/Plastic/000042_ann3472.jpg,TACO-master/TACO-master/data/batch_6/000042.JPG,2448,3264,792.0,1333.0,200.0,231.0,1135,3472
taco_3475,TACO,cropped_object_classification,test,PaperCardboard,Paper bag,TACO-master/TACO-master/data/filtered_classification/crops/test/PaperCardboard/000041_ann3475.jpg,TACO-master/TACO-master/data/filtered_classification/crops/test/PaperCardboard/000041_ann3475.jpg,TACO-master/TACO-master/data/batch_6/000041.JPG,3264,2448,1303.0,410.0,1328.0,769.0,1136,3475
taco_3484,TACO,cropped_object_classification,train,Plastic,Clear plastic bottle,TACO-master/TACO-master/data/filtered_classification/crops/train/Plastic/000037_ann3484.jpg,TACO-master/TACO-master/data/filtered_classification/crops/train/Plastic/000037_ann3484.jpg,TACO-master/TACO-master/data/batch_6/000037.JPG,2624,1968,1616.0,705.0,261.0,248.0,1140,3484
taco_3498,TACO,cropped_object_classification,train,Plastic,Clear plastic bottle,TACO-master/TACO-master/data/filtered_classification/crops/train/Plastic/000036_ann3498.jpg,TACO-master/TACO-master/data/filtered_classification/crops/train/Plastic/000036_ann3498.jpg,TACO-master/TACO-master/data/batch_6/000036.JPG,2624,1968,1176.0,1170.0,205.0,119.0,1141,3498
taco_3505,TACO,cropped_object_classification,train,Plastic,Clear plastic bottle,TACO-master/TACO-master/data/filtered_classification/crops/train/Plastic/000034_ann3505.jpg,TACO-master/TACO-master/data/filtered_classification/crops/train/Plastic/000034_ann3505.jpg,TACO-master/TACO-master/data/batch_6/000034.JPG,2448,3264,1625.0,503.0,368.0,395.0,1143,3505
taco_3506,TACO,cropped_object_classification,train,Plastic,Clear plastic bottle,TACO-master/TACO-master/data/filtered_classification/crops/train/Plastic/000034_ann3506.jpg,TACO-master/TACO-master/data/filtered_classification/crops/train/Plastic/000034_ann3506.jpg,TACO-master/TACO-master/data/batch_6/000034.JPG,2448,3264,1289.0,2018.0,211.0,524.0,1143,3506
taco_3520,TACO,cropped_object_classification,test,Plastic,Clear plastic bottle,TACO-master/TACO-master/data/filtered_classification/crops/test/Plastic/000029_ann3520.jpg,TACO-master/TACO-master/data/filtered_classification/crops/test/Plastic/000029_ann3520.jpg,TACO-master/TACO-master/data/batch_6/000029.JPG,3680,2760,1512.0,1267.0,454.0,218.0,1147,3520
taco_3521,TACO,cropped_object_classification,train,Plastic,Clear plastic bottle,TACO-master/TACO-master/data/filtered_classification/crops/train/Plastic/000029_ann3521.jpg,TACO-master/TACO-master/data/filtered_classification/crops/train/Plastic/000029_ann3521.jpg,TACO-master/TACO-master/data/batch_6/000029.JPG,3680,2760,1616.0,1474.0,505.0,209.0,1147,3521
taco_3526,TACO,cropped_object_classification,test,Metal,Drink can,TACO-master/TACO-master/data/filtered_classification/crops/test/Metal/000028_ann3526.jpg,TACO-master/TACO-master/data/filtered_classification/crops/test/Metal/000028_ann3526.jpg,TACO-master/TACO-master/data/batch_6/000028.JPG,2448,3264,1159.0,1753.0,533.0,389.0,1148,3526
taco_3527,TACO,cropped_object_classification,val,Plastic,Disposable plastic cup,TACO-master/TACO-master/data/filtered_classification/crops/val/Plastic/000027_ann3527.jpg,TACO-master/TACO-master/data/filtered_classification/crops/val/Plastic/000027_ann3527.jpg,TACO-master/TACO-master/data/batch_6/000027.JPG,3264,2448,950.0,1803.0,534.0,328.0,1149,3527
taco_3529,TACO,cropped_object_classification,train,PaperCardboard,Corrugated carton,TACO-master/TACO-master/data/filtered_classification/crops/train/PaperCardboard/000025_ann3529.jpg,TACO-master/TACO-master/data/filtered_classification/crops/train/PaperCardboard/000025_ann3529.jpg,TACO-master/TACO-master/data/batch_6/000025.JPG,3264,2448,1405.0,894.0,1275.0,1182.0,1151,3529
taco_3530,TACO,cropped_object_classification,train,Metal,Food Can,TACO-master/TACO-master/data/filtered_classification/crops/train/Metal/000024_ann3530.jpg,TACO-master/TACO-master/data/filtered_classification/crops/train/Metal/000024_ann3530.jpg,TACO-master/TACO-master/data/batch_6/000024.JPG,2624,1968,1509.0,1195.0,219.0,195.0,1152,3530
taco_3535,TACO,cropped_object_classification,train,Plastic,Clear plastic bottle,TACO-master/TACO-master/data/filtered_classification/crops/train/Plastic/000023_ann3535.jpg,TACO-master/TACO-master/data/filtered_classification/crops/train/Plastic/000023_ann3535.jpg,TACO-master/TACO-master/data/batch_6/000023.JPG,3264,2448,726.0,1203.0,351.0,453.0,1153,3535
taco_3538,TACO,cropped_object_classification,train,PaperCardboard,Paper bag,TACO-master/TACO-master/data/filtered_classification/crops/train/PaperCardboard/000022_ann3538.jpg,TACO-master/TACO-master/data/filtered_classification/crops/train/PaperCardboard/000022_ann3538.jpg,TACO-master/TACO-master/data/batch_6/000022.JPG,2448,3264,798.0,2099.0,1015.0,728.0,1154,3538
taco_3545,TACO,cropped_object_classification,train,Plastic,Clear plastic bottle,TACO-master/TACO-master/data/filtered_classification/crops/train/Plastic/000021_ann3545.jpg,TACO-master/TACO-master/data/filtered_classification/crops/train/Plastic/000021_ann3545.jpg,TACO-master/TACO-master/data/batch_6/000021.JPG,2448,3264,685.0,422.0,807.0,1190.0,1155,3545
taco_3547,TACO,cropped_object_classification,train,Plastic,Clear plastic bottle,TACO-master/TACO-master/data/filtered_classification/crops/train/Plastic/000019_ann3547.jpg,TACO-master/TACO-master/data/filtered_classification/crops/train/Plastic/000019_ann3547.jpg,TACO-master/TACO-master/data/batch_6/000019.JPG,3264,2448,950.0,804.0,904.0,604.0,1157,3547
taco_3552,TACO,cropped_object_classification,val,Plastic,Clear plastic bottle,TACO-master/TACO-master/data/filtered_classification/crops/val/Plastic/000017_ann3552.jpg,TACO-master/TACO-master/data/filtered_classification/crops/val/Plastic/000017_ann3552.jpg,TACO-master/TACO-master/data/batch_6/000017.JPG,2448,3264,389.0,580.0,698.0,256.0,1159,3552
taco_3553,TACO,cropped_object_classification,train,Plastic,Clear plastic bottle,TACO-master/TACO-master/data/filtered_classification/crops/train/Plastic/000017_ann3553.jpg,TACO-master/TACO-master/data/filtered_classification/crops/train/Plastic/000017_ann3553.jpg,TACO-master/TACO-master/data/batch_6/000017.JPG,2448,3264,1042.0,368.0,282.0,727.0,1159,3553
taco_3557,TACO,cropped_object_classification,train,Plastic,Clear plastic bottle,TACO-master/TACO-master/data/filtered_classification/crops/train/Plastic/000015_ann3557.jpg,TACO-master/TACO-master/data/filtered_classification/crops/train/Plastic/000015_ann3557.jpg,TACO-master/TACO-master/data/batch_6/000015.JPG,2815,2195,1283.0,1556.0,491.0,218.0,1160,3557
taco_3558,TACO,cropped_object_classification,train,Glass,Glass bottle,TACO-master/TACO-master/data/filtered_classification/crops/train/Glass/000015_ann3558.jpg,TACO-master/TACO-master/data/filtered_classification/crops/train/Glass/000015_ann3558.jpg,TACO-master/TACO-master/data/batch_6/000015.JPG,2815,2195,1665.0,1362.0,489.0,444.0,1160,3558
taco_3559,TACO,cropped_object_classification,train,Plastic,Clear plastic bottle,TACO-master/TACO-master/data/filtered_classification/crops/train/Plastic/000014_ann3559.jpg,TACO-master/TACO-master/data/filtered_classification/crops/train/Plastic/000014_ann3559.jpg,TACO-master/TACO-master/data/batch_6/000014.JPG,2448,3264,718.0,1321.0,253.0,281.0,1161,3559
taco_3560,TACO,cropped_object_classification,train,Metal,Drink can,TACO-master/TACO-master/data/filtered_classification/crops/train/Metal/000013_ann3560.jpg,TACO-master/TACO-master/data/filtered_classification/crops/train/Metal/000013_ann3560.jpg,TACO-master/TACO-master/data/batch_6/000013.JPG,2448,3264,971.0,703.0,242.0,262.0,1162,3560
taco_3561,TACO,cropped_object_classification,test,Other,Crisp packet,TACO-master/TACO-master/data/filtered_classification/crops/test/Other/000013_ann3561.jpg,TACO-master/TACO-master/data/filtered_classification/crops/test/Other/000013_ann3561.jpg,TACO-master/TACO-master/data/batch_6/000013.JPG,2448,3264,1036.0,1105.0,396.0,309.0,1162,3561
taco_3562,TACO,cropped_object_classification,train,Other,Crisp packet,TACO-master/TACO-master/data/filtered_classification/crops/train/Other/000013_ann3562.jpg,TACO-master/TACO-master/data/filtered_classification/crops/train/Other/000013_ann3562.jpg,TACO-master/TACO-master/data/batch_6/000013.JPG,2448,3264,1306.0,1481.0,535.0,465.0,1162,3562
taco_3564,TACO,cropped_object_classification,train,Plastic,Clear plastic bottle,TACO-master/TACO-master/data/filtered_classification/crops/train/Plastic/000010_ann3564.jpg,TACO-master/TACO-master/data/filtered_classification/crops/train/Plastic/000010_ann3564.jpg,TACO-master/TACO-master/data/batch_6/000010.JPG,2448,3264,534.0,1591.0,610.0,725.0,1164,3564
taco_3565,TACO,cropped_object_classification,train,PaperCardboard,Corrugated carton,TACO-master/TACO-master/data/filtered_classification/crops/train/PaperCardboard/000009_ann3565.jpg,TACO-master/TACO-master/data/filtered_classification/crops/train/PaperCardboard/000009_ann3565.jpg,TACO-master/TACO-master/data/batch_6/000009.JPG,3264,2448,766.0,571.0,1451.0,1096.0,1165,3565
taco_3574,TACO,cropped_object_classification,train,PaperCardboard,Corrugated carton,TACO-master/TACO-master/data/filtered_classification/crops/train/PaperCardboard/000002_ann3574.jpg,TACO-master/TACO-master/data/filtered_classification/crops/train/PaperCardboard/000002_ann3574.jpg,TACO-master/TACO-master/data/batch_6/000002.JPG,3264,2448,1385.0,1052.0,1128.0,531.0,1171,3574
taco_3575,TACO,cropped_object_classification,val,PaperCardboard,Corrugated carton,TACO-master/TACO-master/data/filtered_classification/crops/val/PaperCardboard/000002_ann3575.jpg,TACO-master/TACO-master/data/filtered_classification/crops/val/PaperCardboard/000002_ann3575.jpg,TACO-master/TACO-master/data/batch_6/000002.JPG,3264,2448,715.0,578.0,478.0,398.0,1171,3575
taco_3579,TACO,cropped_object_classification,train,PaperCardboard,Normal paper,TACO-master/TACO-master/data/filtered_classification/crops/train/PaperCardboard/000001_ann3579.jpg,TACO-master/TACO-master/data/filtered_classification/crops/train/PaperCardboard/000001_ann3579.jpg,TACO-master/TACO-master/data/batch_6/000001.JPG,2448,3264,1146.0,1450.0,527.0,727.0,1172,3579
taco_3649,TACO,cropped_object_classification,test,PaperCardboard,Corrugated carton,TACO-master/TACO-master/data/filtered_classification/crops/test/PaperCardboard/000006_ann3649.jpg,TACO-master/TACO-master/data/filtered_classification/crops/test/PaperCardboard/000006_ann3649.jpg,TACO-master/TACO-master/data/batch_7/000006.JPG,6000,4000,1617.0,2224.0,1048.0,1774.0,1179,3649
taco_3657,TACO,cropped_object_classification,val,PaperCardboard,Magazine paper,TACO-master/TACO-master/data/filtered_classification/crops/val/PaperCardboard/000013_ann3657.jpg,TACO-master/TACO-master/data/filtered_classification/crops/val/PaperCardboard/000013_ann3657.jpg,TACO-master/TACO-master/data/batch_7/000013.JPG,3264,2448,1663.0,915.0,736.0,485.0,1184,3657
taco_3661,TACO,cropped_object_classification,train,Plastic,Clear plastic bottle,TACO-master/TACO-master/data/filtered_classification/crops/train/Plastic/000016_ann3661.jpg,TACO-master/TACO-master/data/filtered_classification/crops/train/Plastic/000016_ann3661.jpg,TACO-master/TACO-master/data/batch_7/000016.JPG,2448,3264,358.0,844.0,345.0,120.0,1187,3661
taco_3662,TACO,cropped_object_classification,test,Plastic,Clear plastic bottle,TACO-master/TACO-master/data/filtered_classification/crops/test/Plastic/000017_ann3662.jpg,TACO-master/TACO-master/data/filtered_classification/crops/test/Plastic/000017_ann3662.jpg,TACO-master/TACO-master/data/batch_7/000017.JPG,3264,2448,1436.0,1742.0,355.0,458.0,1188,3662
taco_3663,TACO,cropped_object_classification,train,Other,Styrofoam piece,TACO-master/TACO-master/data/filtered_classification/crops/train/Other/000018_ann3663.jpg,TACO-master/TACO-master/data/filtered_classification/crops/train/Other/000018_ann3663.jpg,TACO-master/TACO-master/data/batch_7/000018.JPG,3264,2448,1081.0,1048.0,280.0,271.0,1189,3663
taco_3669,TACO,cropped_object_classification,val,Other,Styrofoam piece,TACO-master/TACO-master/data/filtered_classification/crops/val/Other/000020_ann3669.jpg,TACO-master/TACO-master/data/filtered_classification/crops/val/Other/000020_ann3669.jpg,TACO-master/TACO-master/data/batch_7/000020.JPG,3264,2448,2045.0,1521.0,335.0,177.0,1191,3669
taco_3670,TACO,cropped_object_classification,test,Other,Styrofoam piece,TACO-master/TACO-master/data/filtered_classification/crops/test/Other/000021_ann3670.jpg,TACO-master/TACO-master/data/filtered_classification/crops/test/Other/000021_ann3670.jpg,TACO-master/TACO-master/data/batch_7/000021.JPG,3264,2448,1199.0,815.0,393.0,220.0,1192,3670
taco_3672,TACO,cropped_object_classification,train,PaperCardboard,Normal paper,TACO-master/TACO-master/data/filtered_classification/crops/train/PaperCardboard/000021_ann3672.jpg,TACO-master/TACO-master/data/filtered_classification/crops/train/PaperCardboard/000021_ann3672.jpg,TACO-master/TACO-master/data/batch_7/000021.JPG,3264,2448,0.0,1738.0,515.0,663.0,1192,3672
taco_3683,TACO,cropped_object_classification,train,Plastic,Clear plastic bottle,TACO-master/TACO-master/data/filtered_classification/crops/train/Plastic/000022_ann3683.jpg,TACO-master/TACO-master/data/filtered_classification/crops/train/Plastic/000022_ann3683.jpg,TACO-master/TACO-master/data/batch_7/000022.JPG,3264,2448,902.0,1100.0,626.0,801.0,1193,3683
taco_3684,TACO,cropped_object_classification,test,Plastic,Clear plastic bottle,TACO-master/TACO-master/data/filtered_classification/crops/test/Plastic/000022_ann3684.jpg,TACO-master/TACO-master/data/filtered_classification/crops/test/Plastic/000022_ann3684.jpg,TACO-master/TACO-master/data/batch_7/000022.JPG,3264,2448,458.0,1449.0,779.0,473.0,1193,3684
taco_3691,TACO,cropped_object_classification,train,Metal,Drink can,TACO-master/TACO-master/data/filtered_classification/crops/train/Metal/000025_ann3691.jpg,TACO-master/TACO-master/data/filtered_classification/crops/train/Metal/000025_ann3691.jpg,TACO-master/TACO-master/data/batch_7/000025.JPG,3264,2448,616.0,1380.0,317.0,183.0,1196,3691
taco_3696,TACO,cropped_object_classification,train,Plastic,Disposable plastic cup,TACO-master/TACO-master/data/filtered_classification/crops/train/Plastic/000030_ann3696.jpg,TACO-master/TACO-master/data/filtered_classification/crops/train/Plastic/000030_ann3696.jpg,TACO-master/TACO-master/data/batch_7/000030.JPG,960,1280,125.0,565.0,455.0,575.0,1198,3696
taco_3701,TACO,cropped_object_classification,test,Plastic,Disposable plastic cup,TACO-master/TACO-master/data/filtered_classification/crops/test/Plastic/000033_ann3701.jpg,TACO-master/TACO-master/data/filtered_classification/crops/test/Plastic/000033_ann3701.jpg,TACO-master/TACO-master/data/batch_7/000033.JPG,2448,3264,733.0,889.0,427.0,261.0,1200,3701
taco_3704,TACO,cropped_object_classification,train,Other,Garbage bag,TACO-master/TACO-master/data/filtered_classification/crops/train/Other/000035_ann3704.jpg,TACO-master/TACO-master/data/filtered_classification/crops/train/Other/000035_ann3704.jpg,TACO-master/TACO-master/data/batch_7/000035.JPG,3264,2448,1473.0,1217.0,597.0,679.0,1202,3704
taco_3713,TACO,cropped_object_classification,val,Metal,Food Can,TACO-master/TACO-master/data/filtered_classification/crops/val/Metal/000036_ann3713.jpg,TACO-master/TACO-master/data/filtered_classification/crops/val/Metal/000036_ann3713.jpg,TACO-master/TACO-master/data/batch_7/000036.JPG,3264,2448,1881.0,1158.0,318.0,395.0,1203,3713
taco_3730,TACO,cropped_object_classification,test,Plastic,Clear plastic bottle,TACO-master/TACO-master/data/filtered_classification/crops/test/Plastic/000044_ann3730.jpg,TACO-master/TACO-master/data/filtered_classification/crops/test/Plastic/000044_ann3730.jpg,TACO-master/TACO-master/data/batch_7/000044.JPG,2448,3264,837.0,1183.0,459.0,219.0,1209,3730
taco_3742,TACO,cropped_object_classification,train,PaperCardboard,Normal paper,TACO-master/TACO-master/data/filtered_classification/crops/train/PaperCardboard/000048_ann3742.jpg,TACO-master/TACO-master/data/filtered_classification/crops/train/PaperCardboard/000048_ann3742.jpg,TACO-master/TACO-master/data/batch_7/000048.JPG,2448,3264,1497.0,1822.0,177.0,553.0,1212,3742
taco_3751,TACO,cropped_object_classification,train,Plastic,Clear plastic bottle,TACO-master/TACO-master/data/filtered_classification/crops/train/Plastic/000049_ann3751.jpg,TACO-master/TACO-master/data/filtered_classification/crops/train/Plastic/000049_ann3751.jpg,TACO-master/TACO-master/data/batch_7/000049.JPG,2448,3264,614.0,1589.0,200.0,494.0,1213,3751
taco_3778,TACO,cropped_object_classification,train,PaperCardboard,Pizza box,TACO-master/TACO-master/data/filtered_classification/crops/train/PaperCardboard/000051_ann3778.jpg,TACO-master/TACO-master/data/filtered_classification/crops/train/PaperCardboard/000051_ann3778.jpg,TACO-master/TACO-master/data/batch_7/000051.JPG,2448,3264,488.0,1679.0,1331.0,805.0,1215,3778
taco_3781,TACO,cropped_object_classification,train,PaperCardboard,Egg carton,TACO-master/TACO-master/data/filtered_classification/crops/train/PaperCardboard/000052_ann3781.jpg,TACO-master/TACO-master/data/filtered_classification/crops/train/PaperCardboard/000052_ann3781.jpg,TACO-master/TACO-master/data/batch_7/000052.JPG,3264,2448,1317.0,1432.0,554.0,438.0,1216,3781
taco_3788,TACO,cropped_object_classification,val,Plastic,Spread tub,TACO-master/TACO-master/data/filtered_classification/crops/val/Plastic/000056_ann3788.jpg,TACO-master/TACO-master/data/filtered_classification/crops/val/Plastic/000056_ann3788.jpg,TACO-master/TACO-master/data/batch_7/000056.JPG,2448,3264,850.0,1603.0,164.0,283.0,1220,3788
taco_3790,TACO,cropped_object_classification,train,Plastic,Clear plastic bottle,TACO-master/TACO-master/data/filtered_classification/crops/train/Plastic/000058_ann3790.jpg,TACO-master/TACO-master/data/filtered_classification/crops/train/Plastic/000058_ann3790.jpg,TACO-master/TACO-master/data/batch_7/000058.JPG,2448,3264,1371.0,1814.0,187.0,281.0,1222,3790
taco_3791,TACO,cropped_object_classification,train,PaperCardboard,Normal paper,TACO-master/TACO-master/data/filtered_classification/crops/train/PaperCardboard/000058_ann3791.jpg,TACO-master/TACO-master/data/filtered_classification/crops/train/PaperCardboard/000058_ann3791.jpg,TACO-master/TACO-master/data/batch_7/000058.JPG,2448,3264,2109.0,2677.0,264.0,237.0,1222,3791
taco_3825,TACO,cropped_object_classification,train,Plastic,Clear plastic bottle,TACO-master/TACO-master/data/filtered_classification/crops/train/Plastic/000072_ann3825.jpg,TACO-master/TACO-master/data/filtered_classification/crops/train/Plastic/000072_ann3825.jpg,TACO-master/TACO-master/data/batch_7/000072.JPG,2448,3264,1070.0,1284.0,443.0,317.0,1234,3825
taco_3826,TACO,cropped_object_classification,train,Plastic,Other plastic bottle,TACO-master/TACO-master/data/filtered_classification/crops/train/Plastic/000072_ann3826.jpg,TACO-master/TACO-master/data/filtered_classification/crops/train/Plastic/000072_ann3826.jpg,TACO-master/TACO-master/data/batch_7/000072.JPG,2448,3264,2033.0,2806.0,337.0,282.0,1234,3826
taco_3834,TACO,cropped_object_classification,val,Plastic,Clear plastic bottle,TACO-master/TACO-master/data/filtered_classification/crops/val/Plastic/000077_ann3834.jpg,TACO-master/TACO-master/data/filtered_classification/crops/val/Plastic/000077_ann3834.jpg,TACO-master/TACO-master/data/batch_7/000077.JPG,2448,3264,618.0,1456.0,164.0,282.0,1238,3834
taco_3835,TACO,cropped_object_classification,train,Other,Garbage bag,TACO-master/TACO-master/data/filtered_classification/crops/train/Other/000078_ann3835.jpg,TACO-master/TACO-master/data/filtered_classification/crops/train/Other/000078_ann3835.jpg,TACO-master/TACO-master/data/batch_7/000078.JPG,2448,3264,172.0,2.0,1120.0,592.0,1239,3835
taco_3836,TACO,cropped_object_classification,train,Other,Garbage bag,TACO-master/TACO-master/data/filtered_classification/crops/train/Other/000078_ann3836.jpg,TACO-master/TACO-master/data/filtered_classification/crops/train/Other/000078_ann3836.jpg,TACO-master/TACO-master/data/batch_7/000078.JPG,2448,3264,222.0,208.0,739.0,598.0,1239,3836
taco_3837,TACO,cropped_object_classification,val,Other,Garbage bag,TACO-master/TACO-master/data/filtered_classification/crops/val/Other/000078_ann3837.jpg,TACO-master/TACO-master/data/filtered_classification/crops/val/Other/000078_ann3837.jpg,TACO-master/TACO-master/data/batch_7/000078.JPG,2448,3264,177.0,538.0,1694.0,1455.0,1239,3837
taco_3838,TACO,cropped_object_classification,train,Other,Garbage bag,TACO-master/TACO-master/data/filtered_classification/crops/train/Other/000078_ann3838.jpg,TACO-master/TACO-master/data/filtered_classification/crops/train/Other/000078_ann3838.jpg,TACO-master/TACO-master/data/batch_7/000078.JPG,2448,3264,0.0,527.0,579.0,623.0,1239,3838
taco_3841,TACO,cropped_object_classification,train,Other,Crisp packet,TACO-master/TACO-master/data/filtered_classification/crops/train/Other/000078_ann3841.jpg,TACO-master/TACO-master/data/filtered_classification/crops/train/Other/000078_ann3841.jpg,TACO-master/TACO-master/data/batch_7/000078.JPG,2448,3264,1633.0,1734.0,228.0,218.0,1239,3841
taco_3843,TACO,cropped_object_classification,train,PaperCardboard,Other carton,TACO-master/TACO-master/data/filtered_classification/crops/train/PaperCardboard/000078_ann3843.jpg,TACO-master/TACO-master/data/filtered_classification/crops/train/PaperCardboard/000078_ann3843.jpg,TACO-master/TACO-master/data/batch_7/000078.JPG,2448,3264,5.0,1445.0,1014.0,1044.0,1239,3843
taco_3844,TACO,cropped_object_classification,train,PaperCardboard,Other carton,TACO-master/TACO-master/data/filtered_classification/crops/train/PaperCardboard/000078_ann3844.jpg,TACO-master/TACO-master/data/filtered_classification/crops/train/PaperCardboard/000078_ann3844.jpg,TACO-master/TACO-master/data/batch_7/000078.JPG,2448,3264,2179.0,1805.0,227.0,269.0,1239,3844
taco_3848,TACO,cropped_object_classification,train,PaperCardboard,Other carton,TACO-master/TACO-master/data/filtered_classification/crops/train/PaperCardboard/000078_ann3848.jpg,TACO-master/TACO-master/data/filtered_classification/crops/train/PaperCardboard/000078_ann3848.jpg,TACO-master/TACO-master/data/batch_7/000078.JPG,2448,3264,932.0,2042.0,327.0,186.0,1239,3848
taco_3853,TACO,cropped_object_classification,train,Plastic,Clear plastic bottle,TACO-master/TACO-master/data/filtered_classification/crops/train/Plastic/000078_ann3853.jpg,TACO-master/TACO-master/data/filtered_classification/crops/train/Plastic/000078_ann3853.jpg,TACO-master/TACO-master/data/batch_7/000078.JPG,2448,3264,1236.0,1809.0,145.0,442.0,1239,3853
taco_3855,TACO,cropped_object_classification,test,Plastic,Clear plastic bottle,TACO-master/TACO-master/data/filtered_classification/crops/test/Plastic/000079_ann3855.jpg,TACO-master/TACO-master/data/filtered_classification/crops/test/Plastic/000079_ann3855.jpg,TACO-master/TACO-master/data/batch_7/000079.JPG,2448,3264,1003.0,1762.0,364.0,143.0,1240,3855
taco_3856,TACO,cropped_object_classification,train,Plastic,Clear plastic bottle,TACO-master/TACO-master/data/filtered_classification/crops/train/Plastic/000079_ann3856.jpg,TACO-master/TACO-master/data/filtered_classification/crops/train/Plastic/000079_ann3856.jpg,TACO-master/TACO-master/data/batch_7/000079.JPG,2448,3264,564.0,1821.0,382.0,145.0,1240,3856
taco_3865,TACO,cropped_object_classification,train,PaperCardboard,Paper bag,TACO-master/TACO-master/data/filtered_classification/crops/train/PaperCardboard/000081_ann3865.jpg,TACO-master/TACO-master/data/filtered_classification/crops/train/PaperCardboard/000081_ann3865.jpg,TACO-master/TACO-master/data/batch_7/000081.JPG,2448,3264,1090.0,1764.0,255.0,270.0,1242,3865
taco_3869,TACO,cropped_object_classification,train,Plastic,Clear plastic bottle,TACO-master/TACO-master/data/filtered_classification/crops/train/Plastic/000082_ann3869.jpg,TACO-master/TACO-master/data/filtered_classification/crops/train/Plastic/000082_ann3869.jpg,TACO-master/TACO-master/data/batch_7/000082.JPG,3264,2448,886.0,1343.0,265.0,220.0,1243,3869
taco_3874,TACO,cropped_object_classification,test,Plastic,Clear plastic bottle,TACO-master/TACO-master/data/filtered_classification/crops/test/Plastic/000085_ann3874.jpg,TACO-master/TACO-master/data/filtered_classification/crops/test/Plastic/000085_ann3874.jpg,TACO-master/TACO-master/data/batch_7/000085.JPG,2448,3264,694.0,2484.0,428.0,334.0,1246,3874
taco_3875,TACO,cropped_object_classification,val,Plastic,Clear plastic bottle,TACO-master/TACO-master/data/filtered_classification/crops/val/Plastic/000085_ann3875.jpg,TACO-master/TACO-master/data/filtered_classification/crops/val/Plastic/000085_ann3875.jpg,TACO-master/TACO-master/data/batch_7/000085.JPG,2448,3264,927.0,1786.0,361.0,231.0,1246,3875
taco_3876,TACO,cropped_object_classification,train,Plastic,Clear plastic bottle,TACO-master/TACO-master/data/filtered_classification/crops/train/Plastic/000085_ann3876.jpg,TACO-master/TACO-master/data/filtered_classification/crops/train/Plastic/000085_ann3876.jpg,TACO-master/TACO-master/data/batch_7/000085.JPG,2448,3264,461.0,1196.0,367.0,109.0,1246,3876
taco_3899,TACO,cropped_object_classification,val,Plastic,Disposable plastic cup,TACO-master/TACO-master/data/filtered_classification/crops/val/Plastic/000087_ann3899.jpg,TACO-master/TACO-master/data/filtered_classification/crops/val/Plastic/000087_ann3899.jpg,TACO-master/TACO-master/data/batch_7/000087.JPG,3264,2448,777.0,1474.0,198.0,243.0,1248,3899
taco_3900,TACO,cropped_object_classification,train,Plastic,Disposable plastic cup,TACO-master/TACO-master/data/filtered_classification/crops/train/Plastic/000087_ann3900.jpg,TACO-master/TACO-master/data/filtered_classification/crops/train/Plastic/000087_ann3900.jpg,TACO-master/TACO-master/data/batch_7/000087.JPG,3264,2448,996.0,1550.0,184.0,208.0,1248,3900
taco_3901,TACO,cropped_object_classification,val,Plastic,Clear plastic bottle,TACO-master/TACO-master/data/filtered_classification/crops/val/Plastic/000087_ann3901.jpg,TACO-master/TACO-master/data/filtered_classification/crops/val/Plastic/000087_ann3901.jpg,TACO-master/TACO-master/data/batch_7/000087.JPG,3264,2448,1772.0,1345.0,321.0,163.0,1248,3901
taco_3907,TACO,cropped_object_classification,train,Plastic,Clear plastic bottle,TACO-master/TACO-master/data/filtered_classification/crops/train/Plastic/000090_ann3907.jpg,TACO-master/TACO-master/data/filtered_classification/crops/train/Plastic/000090_ann3907.jpg,TACO-master/TACO-master/data/batch_7/000090.JPG,2448,3264,1510.0,2313.0,322.0,644.0,1251,3907
taco_3909,TACO,cropped_object_classification,val,Plastic,Clear plastic bottle,TACO-master/TACO-master/data/filtered_classification/crops/val/Plastic/000091_ann3909.jpg,TACO-master/TACO-master/data/filtered_classification/crops/val/Plastic/000091_ann3909.jpg,TACO-master/TACO-master/data/batch_7/000091.JPG,3264,2448,1741.0,1200.0,222.0,660.0,1252,3909
taco_3912,TACO,cropped_object_classification,train,Metal,Drink can,TACO-master/TACO-master/data/filtered_classification/crops/train/Metal/000092_ann3912.jpg,TACO-master/TACO-master/data/filtered_classification/crops/train/Metal/000092_ann3912.jpg,TACO-master/TACO-master/data/batch_7/000092.JPG,3264,2448,1254.0,493.0,426.0,729.0,1253,3912
taco_3913,TACO,cropped_object_classification,train,Metal,Food Can,TACO-master/TACO-master/data/filtered_classification/crops/train/Metal/000092_ann3913.jpg,TACO-master/TACO-master/data/filtered_classification/crops/train/Metal/000092_ann3913.jpg,TACO-master/TACO-master/data/batch_7/000092.JPG,3264,2448,1063.0,1043.0,551.0,607.0,1253,3913
taco_3916,TACO,cropped_object_classification,train,Plastic,Disposable plastic cup,TACO-master/TACO-master/data/filtered_classification/crops/train/Plastic/000093_ann3916.jpg,TACO-master/TACO-master/data/filtered_classification/crops/train/Plastic/000093_ann3916.jpg,TACO-master/TACO-master/data/batch_7/000093.JPG,2448,3264,987.0,1147.0,375.0,306.0,1254,3916
taco_3918,TACO,cropped_object_classification,train,Metal,Drink can,TACO-master/TACO-master/data/filtered_classification/crops/train/Metal/000095_ann3918.jpg,TACO-master/TACO-master/data/filtered_classification/crops/train/Metal/000095_ann3918.jpg,TACO-master/TACO-master/data/batch_7/000095.JPG,2448,3264,919.0,1627.0,305.0,178.0,1256,3918
taco_3919,TACO,cropped_object_classification,train,Glass,Glass bottle,TACO-master/TACO-master/data/filtered_classification/crops/train/Glass/000096_ann3919.jpg,TACO-master/TACO-master/data/filtered_classification/crops/train/Glass/000096_ann3919.jpg,TACO-master/TACO-master/data/batch_7/000096.JPG,2448,2448,1016.0,1352.0,442.0,185.0,1257,3919
taco_3932,TACO,cropped_object_classification,train,Plastic,Clear plastic bottle,TACO-master/TACO-master/data/filtered_classification/crops/train/Plastic/000109_ann3932.jpg,TACO-master/TACO-master/data/filtered_classification/crops/train/Plastic/000109_ann3932.jpg,TACO-master/TACO-master/data/batch_7/000109.JPG,3264,2448,1884.0,942.0,162.0,339.0,1268,3932
taco_3935,TACO,cropped_object_classification,train,Plastic,Other plastic bottle,TACO-master/TACO-master/data/filtered_classification/crops/train/Plastic/000110_ann3935.jpg,TACO-master/TACO-master/data/filtered_classification/crops/train/Plastic/000110_ann3935.jpg,TACO-master/TACO-master/data/batch_7/000110.JPG,2448,3264,663.0,1655.0,670.0,452.0,1269,3935
taco_3937,TACO,cropped_object_classification,test,Plastic,Disposable plastic cup,TACO-master/TACO-master/data/filtered_classification/crops/test/Plastic/000111_ann3937.jpg,TACO-master/TACO-master/data/filtered_classification/crops/test/Plastic/000111_ann3937.jpg,TACO-master/TACO-master/data/batch_7/000111.JPG,3264,2448,1529.0,1554.0,283.0,288.0,1270,3937
taco_3942,TACO,cropped_object_classification,train,Metal,Drink can,TACO-master/TACO-master/data/filtered_classification/crops/train/Metal/000114_ann3942.jpg,TACO-master/TACO-master/data/filtered_classification/crops/train/Metal/000114_ann3942.jpg,TACO-master/TACO-master/data/batch_7/000114.JPG,3264,2448,1767.0,1397.0,248.0,191.0,1273,3942
taco_3946,TACO,cropped_object_classification,train,Other,Styrofoam piece,TACO-master/TACO-master/data/filtered_classification/crops/train/Other/000115_ann3946.jpg,TACO-master/TACO-master/data/filtered_classification/crops/train/Other/000115_ann3946.jpg,TACO-master/TACO-master/data/batch_7/000115.JPG,3264,2448,1654.0,827.0,227.0,190.0,1274,3946
taco_3947,TACO,cropped_object_classification,train,Other,Styrofoam piece,TACO-master/TACO-master/data/filtered_classification/crops/train/Other/000117_ann3947.jpg,TACO-master/TACO-master/data/filtered_classification/crops/train/Other/000117_ann3947.jpg,TACO-master/TACO-master/data/batch_7/000117.JPG,3264,2448,2285.0,873.0,346.0,304.0,1275,3947
taco_3948,TACO,cropped_object_classification,train,Metal,Drink can,TACO-master/TACO-master/data/filtered_classification/crops/train/Metal/000118_ann3948.jpg,TACO-master/TACO-master/data/filtered_classification/crops/train/Metal/000118_ann3948.jpg,TACO-master/TACO-master/data/batch_7/000118.JPG,3264,2448,1674.0,1217.0,223.0,267.0,1276,3948
taco_3949,TACO,cropped_object_classification,train,Glass,Glass bottle,TACO-master/TACO-master/data/filtered_classification/crops/train/Glass/000119_ann3949.jpg,TACO-master/TACO-master/data/filtered_classification/crops/train/Glass/000119_ann3949.jpg,TACO-master/TACO-master/data/batch_7/000119.JPG,3264,2448,1826.0,1285.0,575.0,221.0,1277,3949
taco_3953,TACO,cropped_object_classification,train,Other,Styrofoam piece,TACO-master/TACO-master/data/filtered_classification/crops/train/Other/000120_ann3953.jpg,TACO-master/TACO-master/data/filtered_classification/crops/train/Other/000120_ann3953.jpg,TACO-master/TACO-master/data/batch_7/000120.JPG,3264,2448,2479.0,966.0,553.0,365.0,1278,3953
taco_3962,TACO,cropped_object_classification,train,Other,Styrofoam piece,TACO-master/TACO-master/data/filtered_classification/crops/train/Other/000123_ann3962.jpg,TACO-master/TACO-master/data/filtered_classification/crops/train/Other/000123_ann3962.jpg,TACO-master/TACO-master/data/batch_7/000123.JPG,3264,2448,900.0,1339.0,297.0,250.0,1281,3962
taco_3964,TACO,cropped_object_classification,val,Plastic,Clear plastic bottle,TACO-master/TACO-master/data/filtered_classification/crops/val/Plastic/000125_ann3964.jpg,TACO-master/TACO-master/data/filtered_classification/crops/val/Plastic/000125_ann3964.jpg,TACO-master/TACO-master/data/batch_7/000125.JPG,3264,2448,1774.0,884.0,258.0,490.0,1283,3964
taco_3965,TACO,cropped_object_classification,train,Other,Styrofoam piece,TACO-master/TACO-master/data/filtered_classification/crops/train/Other/000125_ann3965.jpg,TACO-master/TACO-master/data/filtered_classification/crops/train/Other/000125_ann3965.jpg,TACO-master/TACO-master/data/batch_7/000125.JPG,3264,2448,1778.0,1338.0,327.0,293.0,1283,3965
taco_3987,TACO,cropped_object_classification,val,Plastic,Clear plastic bottle,TACO-master/TACO-master/data/filtered_classification/crops/val/Plastic/000135_ann3987.jpg,TACO-master/TACO-master/data/filtered_classification/crops/val/Plastic/000135_ann3987.jpg,TACO-master/TACO-master/data/batch_7/000135.JPG,3264,2448,1343.0,1577.0,160.0,401.0,1292,3987
taco_4043,TACO,cropped_object_classification,train,Plastic,Squeezable tube,TACO-master/TACO-master/data/filtered_classification/crops/train/Plastic/000001_ann4043.jpg,TACO-master/TACO-master/data/filtered_classification/crops/train/Plastic/000001_ann4043.jpg,TACO-master/TACO-master/data/batch_8/000001.jpg,2448,3264,1053.0,970.0,164.0,365.0,1301,4043
taco_4047,TACO,cropped_object_classification,train,Plastic,Clear plastic bottle,TACO-master/TACO-master/data/filtered_classification/crops/train/Plastic/000004_ann4047.jpg,TACO-master/TACO-master/data/filtered_classification/crops/train/Plastic/000004_ann4047.jpg,TACO-master/TACO-master/data/batch_8/000004.jpg,3264,2448,1851.9999999999998,721.9999999999999,291.0000000000002,233.0,1304,4047
taco_4052,TACO,cropped_object_classification,test,Plastic,Clear plastic bottle,TACO-master/TACO-master/data/filtered_classification/crops/test/Plastic/000007_ann4052.jpg,TACO-master/TACO-master/data/filtered_classification/crops/test/Plastic/000007_ann4052.jpg,TACO-master/TACO-master/data/batch_8/000007.jpg,2448,3264,232.0,1278.0,670.0,269.0,1307,4052
taco_4053,TACO,cropped_object_classification,test,Plastic,Clear plastic bottle,TACO-master/TACO-master/data/filtered_classification/crops/test/Plastic/000007_ann4053.jpg,TACO-master/TACO-master/data/filtered_classification/crops/test/Plastic/000007_ann4053.jpg,TACO-master/TACO-master/data/batch_8/000007.jpg,2448,3264,883.0,871.0,1227.0,1023.0,1307,4053
taco_4054,TACO,cropped_object_classification,train,Plastic,Clear plastic bottle,TACO-master/TACO-master/data/filtered_classification/crops/train/Plastic/000007_ann4054.jpg,TACO-master/TACO-master/data/filtered_classification/crops/train/Plastic/000007_ann4054.jpg,TACO-master/TACO-master/data/batch_8/000007.jpg,2448,3264,28.0,1860.0,1505.0,637.0,1307,4054
taco_4055,TACO,cropped_object_classification,val,Plastic,Clear plastic bottle,TACO-master/TACO-master/data/filtered_classification/crops/val/Plastic/000007_ann4055.jpg,TACO-master/TACO-master/data/filtered_classification/crops/val/Plastic/000007_ann4055.jpg,TACO-master/TACO-master/data/batch_8/000007.jpg,2448,3264,858.0,2057.0,893.0,422.0,1307,4055
taco_4056,TACO,cropped_object_classification,train,Plastic,Clear plastic bottle,TACO-master/TACO-master/data/filtered_classification/crops/train/Plastic/000007_ann4056.jpg,TACO-master/TACO-master/data/filtered_classification/crops/train/Plastic/000007_ann4056.jpg,TACO-master/TACO-master/data/batch_8/000007.jpg,2448,3264,1546.0,1816.0,593.0,431.0,1307,4056
taco_4058,TACO,cropped_object_classification,val,Plastic,Clear plastic bottle,TACO-master/TACO-master/data/filtered_classification/crops/val/Plastic/000007_ann4058.jpg,TACO-master/TACO-master/data/filtered_classification/crops/val/Plastic/000007_ann4058.jpg,TACO-master/TACO-master/data/batch_8/000007.jpg,2448,3264,1.0,2929.0,254.0,331.0,1307,4058
taco_4060,TACO,cropped_object_classification,train,Metal,Drink can,TACO-master/TACO-master/data/filtered_classification/crops/train/Metal/000008_ann4060.jpg,TACO-master/TACO-master/data/filtered_classification/crops/train/Metal/000008_ann4060.jpg,TACO-master/TACO-master/data/batch_8/000008.jpg,2448,3264,1357.9999999999998,1141.9999999999998,382.0000000000002,596.0,1308,4060
taco_4066,TACO,cropped_object_classification,train,Metal,Drink can,TACO-master/TACO-master/data/filtered_classification/crops/train/Metal/000009_ann4066.jpg,TACO-master/TACO-master/data/filtered_classification/crops/train/Metal/000009_ann4066.jpg,TACO-master/TACO-master/data/batch_8/000009.jpg,2448,3264,1076.0,1559.0,272.0,279.0,1309,4066
taco_4068,TACO,cropped_object_classification,test,Glass,Glass bottle,TACO-master/TACO-master/data/filtered_classification/crops/test/Glass/000010_ann4068.jpg,TACO-master/TACO-master/data/filtered_classification/crops/test/Glass/000010_ann4068.jpg,TACO-master/TACO-master/data/batch_8/000010.jpg,2448,3264,1509.0,1011.0,258.0,327.0,1310,4068
taco_4070,TACO,cropped_object_classification,train,Plastic,Clear plastic bottle,TACO-master/TACO-master/data/filtered_classification/crops/train/Plastic/000011_ann4070.jpg,TACO-master/TACO-master/data/filtered_classification/crops/train/Plastic/000011_ann4070.jpg,TACO-master/TACO-master/data/batch_8/000011.jpg,2448,3264,1039.0,1681.0,158.0,512.0,1311,4070
taco_4073,TACO,cropped_object_classification,train,Plastic,Clear plastic bottle,TACO-master/TACO-master/data/filtered_classification/crops/train/Plastic/000012_ann4073.jpg,TACO-master/TACO-master/data/filtered_classification/crops/train/Plastic/000012_ann4073.jpg,TACO-master/TACO-master/data/batch_8/000012.jpg,2448,3264,964.3333,1254.4286,400.0,323.0,1312,4073
taco_4077,TACO,cropped_object_classification,test,Plastic,Clear plastic bottle,TACO-master/TACO-master/data/filtered_classification/crops/test/Plastic/000013_ann4077.jpg,TACO-master/TACO-master/data/filtered_classification/crops/test/Plastic/000013_ann4077.jpg,TACO-master/TACO-master/data/batch_8/000013.jpg,2448,3264,1064.8572,442.14285,335.0,205.99994999999996,1313,4077
taco_4079,TACO,cropped_object_classification,train,Metal,Drink can,TACO-master/TACO-master/data/filtered_classification/crops/train/Metal/000014_ann4079.jpg,TACO-master/TACO-master/data/filtered_classification/crops/train/Metal/000014_ann4079.jpg,TACO-master/TACO-master/data/batch_8/000014.jpg,3264,2448,794.9999999999998,1101.9999999999998,152.0,303.0000000000002,1314,4079
taco_4080,TACO,cropped_object_classification,val,Metal,Drink can,TACO-master/TACO-master/data/filtered_classification/crops/val/Metal/000014_ann4080.jpg,TACO-master/TACO-master/data/filtered_classification/crops/val/Metal/000014_ann4080.jpg,TACO-master/TACO-master/data/batch_8/000014.jpg,3264,2448,932.9999999999998,1057.9999999999998,154.0,333.9999999999998,1314,4080
taco_4081,TACO,cropped_object_classification,train,Metal,Drink can,TACO-master/TACO-master/data/filtered_classification/crops/train/Metal/000014_ann4081.jpg,TACO-master/TACO-master/data/filtered_classification/crops/train/Metal/000014_ann4081.jpg,TACO-master/TACO-master/data/batch_8/000014.jpg,3264,2448,1066.0,1068.9999999999998,158.99999999999977,353.9999999999998,1314,4081
taco_4082,TACO,cropped_object_classification,train,Metal,Drink can,TACO-master/TACO-master/data/filtered_classification/crops/train/Metal/000014_ann4082.jpg,TACO-master/TACO-master/data/filtered_classification/crops/train/Metal/000014_ann4082.jpg,TACO-master/TACO-master/data/batch_8/000014.jpg,3264,2448,1217.0,1155.9999999999998,160.0,304.0,1314,4082
taco_4083,TACO,cropped_object_classification,val,Metal,Drink can,TACO-master/TACO-master/data/filtered_classification/crops/val/Metal/000014_ann4083.jpg,TACO-master/TACO-master/data/filtered_classification/crops/val/Metal/000014_ann4083.jpg,TACO-master/TACO-master/data/batch_8/000014.jpg,3264,2448,1355.0,1104.9999999999998,160.0,341.0,1314,4083
taco_4084,TACO,cropped_object_classification,train,Metal,Drink can,TACO-master/TACO-master/data/filtered_classification/crops/train/Metal/000014_ann4084.jpg,TACO-master/TACO-master/data/filtered_classification/crops/train/Metal/000014_ann4084.jpg,TACO-master/TACO-master/data/batch_8/000014.jpg,3264,2448,1495.9999999999995,1071.0,141.00000000000045,320.0,1314,4084
taco_4085,TACO,cropped_object_classification,train,Metal,Drink can,TACO-master/TACO-master/data/filtered_classification/crops/train/Metal/000014_ann4085.jpg,TACO-master/TACO-master/data/filtered_classification/crops/train/Metal/000014_ann4085.jpg,TACO-master/TACO-master/data/batch_8/000014.jpg,3264,2448,1631.0,1053.0,140.99999999999955,355.9999999999998,1314,4085
taco_4086,TACO,cropped_object_classification,test,Metal,Drink can,TACO-master/TACO-master/data/filtered_classification/crops/test/Metal/000014_ann4086.jpg,TACO-master/TACO-master/data/filtered_classification/crops/test/Metal/000014_ann4086.jpg,TACO-master/TACO-master/data/batch_8/000014.jpg,3264,2448,1762.9999999999995,1115.0,153.0,357.99999999999955,1314,4086
taco_4087,TACO,cropped_object_classification,train,Plastic,Clear plastic bottle,TACO-master/TACO-master/data/filtered_classification/crops/train/Plastic/000014_ann4087.jpg,TACO-master/TACO-master/data/filtered_classification/crops/train/Plastic/000014_ann4087.jpg,TACO-master/TACO-master/data/batch_8/000014.jpg,3264,2448,1901.9999999999995,1057.9999999999998,141.00000000000023,475.0,1314,4087
taco_4088,TACO,cropped_object_classification,train,Metal,Drink can,TACO-master/TACO-master/data/filtered_classification/crops/train/Metal/000014_ann4088.jpg,TACO-master/TACO-master/data/filtered_classification/crops/train/Metal/000014_ann4088.jpg,TACO-master/TACO-master/data/batch_8/000014.jpg,3264,2448,2091.0,1198.0,202.0,329.0,1314,4088
taco_4089,TACO,cropped_object_classification,train,Metal,Drink can,TACO-master/TACO-master/data/filtered_classification/crops/train/Metal/000014_ann4089.jpg,TACO-master/TACO-master/data/filtered_classification/crops/train/Metal/000014_ann4089.jpg,TACO-master/TACO-master/data/batch_8/000014.jpg,3264,2448,1511.9999999999998,1447.0,372.0,148.99999999999955,1314,4089
taco_4090,TACO,cropped_object_classification,train,Metal,Drink can,TACO-master/TACO-master/data/filtered_classification/crops/train/Metal/000014_ann4090.jpg,TACO-master/TACO-master/data/filtered_classification/crops/train/Metal/000014_ann4090.jpg,TACO-master/TACO-master/data/batch_8/000014.jpg,3264,2448,1184.9999999999998,1451.9999999999995,327.0,133.00000000000023,1314,4090
taco_4091,TACO,cropped_object_classification,train,Metal,Drink can,TACO-master/TACO-master/data/filtered_classification/crops/train/Metal/000014_ann4091.jpg,TACO-master/TACO-master/data/filtered_classification/crops/train/Metal/000014_ann4091.jpg,TACO-master/TACO-master/data/batch_8/000014.jpg,3264,2448,804.0,1435.0,372.0,147.99999999999955,1314,4091
taco_4120,TACO,cropped_object_classification,train,Glass,Glass bottle,TACO-master/TACO-master/data/filtered_classification/crops/train/Glass/000021_ann4120.jpg,TACO-master/TACO-master/data/filtered_classification/crops/train/Glass/000021_ann4120.jpg,TACO-master/TACO-master/data/batch_8/000021.jpg,3264,2448,1986.0,1011.0,225.0,285.0,1321,4120
taco_4193,TACO,cropped_object_classification,train,PaperCardboard,Other carton,TACO-master/TACO-master/data/filtered_classification/crops/train/PaperCardboard/000025_ann4193.jpg,TACO-master/TACO-master/data/filtered_classification/crops/train/PaperCardboard/000025_ann4193.jpg,TACO-master/TACO-master/data/batch_8/000025.jpg,2448,3264,407.0,2351.0,455.0,518.0,1325,4193
taco_4195,TACO,cropped_object_classification,train,Plastic,Disposable plastic cup,TACO-master/TACO-master/data/filtered_classification/crops/train/Plastic/000025_ann4195.jpg,TACO-master/TACO-master/data/filtered_classification/crops/train/Plastic/000025_ann4195.jpg,TACO-master/TACO-master/data/batch_8/000025.jpg,2448,3264,1778.0,550.0,373.0,454.0,1325,4195
taco_4198,TACO,cropped_object_classification,train,Plastic,Disposable plastic cup,TACO-master/TACO-master/data/filtered_classification/crops/train/Plastic/000026_ann4198.jpg,TACO-master/TACO-master/data/filtered_classification/crops/train/Plastic/000026_ann4198.jpg,TACO-master/TACO-master/data/batch_8/000026.jpg,2448,3264,1316.0,775.0,241.0,278.0,1326,4198
taco_4200,TACO,cropped_object_classification,train,Plastic,Clear plastic bottle,TACO-master/TACO-master/data/filtered_classification/crops/train/Plastic/000027_ann4200.jpg,TACO-master/TACO-master/data/filtered_classification/crops/train/Plastic/000027_ann4200.jpg,TACO-master/TACO-master/data/batch_8/000027.jpg,2448,3264,1044.0,1469.0,210.0,306.0,1327,4200
taco_4205,TACO,cropped_object_classification,train,Plastic,Clear plastic bottle,TACO-master/TACO-master/data/filtered_classification/crops/train/Plastic/000028_ann4205.jpg,TACO-master/TACO-master/data/filtered_classification/crops/train/Plastic/000028_ann4205.jpg,TACO-master/TACO-master/data/batch_8/000028.jpg,2448,3264,1050.0,2077.0,505.0,407.0,1328,4205
taco_4210,TACO,cropped_object_classification,train,Metal,Drink can,TACO-master/TACO-master/data/filtered_classification/crops/train/Metal/000028_ann4210.jpg,TACO-master/TACO-master/data/filtered_classification/crops/train/Metal/000028_ann4210.jpg,TACO-master/TACO-master/data/batch_8/000028.jpg,2448,3264,1152.0,463.0,273.0,228.0,1328,4210
taco_4220,TACO,cropped_object_classification,val,Metal,Drink can,TACO-master/TACO-master/data/filtered_classification/crops/val/Metal/000029_ann4220.jpg,TACO-master/TACO-master/data/filtered_classification/crops/val/Metal/000029_ann4220.jpg,TACO-master/TACO-master/data/batch_8/000029.jpg,2448,3264,1297.0,420.0,148.99999999999977,278.0,1329,4220
taco_4225,TACO,cropped_object_classification,train,PaperCardboard,Other carton,TACO-master/TACO-master/data/filtered_classification/crops/train/PaperCardboard/000029_ann4225.jpg,TACO-master/TACO-master/data/filtered_classification/crops/train/PaperCardboard/000029_ann4225.jpg,TACO-master/TACO-master/data/batch_8/000029.jpg,2448,3264,766.9999999999999,2325.0,303.0000000000001,328.99999999999955,1329,4225
taco_4226,TACO,cropped_object_classification,train,Plastic,Clear plastic bottle,TACO-master/TACO-master/data/filtered_classification/crops/train/Plastic/000030_ann4226.jpg,TACO-master/TACO-master/data/filtered_classification/crops/train/Plastic/000030_ann4226.jpg,TACO-master/TACO-master/data/batch_8/000030.jpg,2448,3264,1210.0,911.0,164.0,350.0,1330,4226
taco_4228,TACO,cropped_object_classification,train,Plastic,Other plastic bottle,TACO-master/TACO-master/data/filtered_classification/crops/train/Plastic/000031_ann4228.jpg,TACO-master/TACO-master/data/filtered_classification/crops/train/Plastic/000031_ann4228.jpg,TACO-master/TACO-master/data/batch_8/000031.jpg,2448,3264,1326.0,1056.0,325.0,331.0,1331,4228
taco_4238,TACO,cropped_object_classification,train,PaperCardboard,Egg carton,TACO-master/TACO-master/data/filtered_classification/crops/train/PaperCardboard/000032_ann4238.jpg,TACO-master/TACO-master/data/filtered_classification/crops/train/PaperCardboard/000032_ann4238.jpg,TACO-master/TACO-master/data/batch_8/000032.jpg,3264,2448,1611.0,490.0,853.0,869.0,1332,4238
taco_4239,TACO,cropped_object_classification,test,Plastic,Clear plastic bottle,TACO-master/TACO-master/data/filtered_classification/crops/test/Plastic/000033_ann4239.jpg,TACO-master/TACO-master/data/filtered_classification/crops/test/Plastic/000033_ann4239.jpg,TACO-master/TACO-master/data/batch_8/000033.jpg,2448,3264,888.0,710.0,258.0,212.0,1333,4239
taco_4259,TACO,cropped_object_classification,train,Glass,Glass bottle,TACO-master/TACO-master/data/filtered_classification/crops/train/Glass/000035_ann4259.jpg,TACO-master/TACO-master/data/filtered_classification/crops/train/Glass/000035_ann4259.jpg,TACO-master/TACO-master/data/batch_8/000035.jpg,2448,3264,896.0,1983.9999999999998,669.0,341.9999999999998,1335,4259
taco_4264,TACO,cropped_object_classification,train,Glass,Glass bottle,TACO-master/TACO-master/data/filtered_classification/crops/train/Glass/000036_ann4264.jpg,TACO-master/TACO-master/data/filtered_classification/crops/train/Glass/000036_ann4264.jpg,TACO-master/TACO-master/data/batch_8/000036.jpg,2448,3264,646.0,444.9999999999999,603.0,465.9999999999998,1336,4264
taco_4266,TACO,cropped_object_classification,val,Glass,Glass bottle,TACO-master/TACO-master/data/filtered_classification/crops/val/Glass/000036_ann4266.jpg,TACO-master/TACO-master/data/filtered_classification/crops/val/Glass/000036_ann4266.jpg,TACO-master/TACO-master/data/batch_8/000036.jpg,2448,3264,1270.0,601.9999999999999,668.9999999999993,264.9999999999998,1336,4266
taco_4269,TACO,cropped_object_classification,train,Glass,Glass bottle,TACO-master/TACO-master/data/filtered_classification/crops/train/Glass/000037_ann4269.jpg,TACO-master/TACO-master/data/filtered_classification/crops/train/Glass/000037_ann4269.jpg,TACO-master/TACO-master/data/batch_8/000037.jpg,2448,3264,1039.5238,1186.8572,529.0,971.0,1337,4269
taco_4271,TACO,cropped_object_classification,train,Glass,Glass bottle,TACO-master/TACO-master/data/filtered_classification/crops/train/Glass/000038_ann4271.jpg,TACO-master/TACO-master/data/filtered_classification/crops/train/Glass/000038_ann4271.jpg,TACO-master/TACO-master/data/batch_8/000038.jpg,2448,3264,875.9999999999999,775.0,267.0000000000001,665.0,1338,4271
taco_4272,TACO,cropped_object_classification,train,Glass,Glass bottle,TACO-master/TACO-master/data/filtered_classification/crops/train/Glass/000038_ann4272.jpg,TACO-master/TACO-master/data/filtered_classification/crops/train/Glass/000038_ann4272.jpg,TACO-master/TACO-master/data/batch_8/000038.jpg,2448,3264,1362.9999999999998,2133.0,292.0,570.0,1338,4272
taco_4274,TACO,cropped_object_classification,train,Glass,Glass bottle,TACO-master/TACO-master/data/filtered_classification/crops/train/Glass/000039_ann4274.jpg,TACO-master/TACO-master/data/filtered_classification/crops/train/Glass/000039_ann4274.jpg,TACO-master/TACO-master/data/batch_8/000039.jpg,2448,3264,946.0,2079.0,498.0,207.0,1339,4274
taco_4275,TACO,cropped_object_classification,val,Plastic,Clear plastic bottle,TACO-master/TACO-master/data/filtered_classification/crops/val/Plastic/000040_ann4275.jpg,TACO-master/TACO-master/data/filtered_classification/crops/val/Plastic/000040_ann4275.jpg,TACO-master/TACO-master/data/batch_8/000040.jpg,2448,3264,1296.5,1905.0,336.0,270.0,1340,4275
taco_4277,TACO,cropped_object_classification,test,Glass,Glass bottle,TACO-master/TACO-master/data/filtered_classification/crops/test/Glass/000040_ann4277.jpg,TACO-master/TACO-master/data/filtered_classification/crops/test/Glass/000040_ann4277.jpg,TACO-master/TACO-master/data/batch_8/000040.jpg,2448,3264,2268.0,2691.0,148.0,419.0,1340,4277
taco_4279,TACO,cropped_object_classification,train,Plastic,Clear plastic bottle,TACO-master/TACO-master/data/filtered_classification/crops/train/Plastic/000041_ann4279.jpg,TACO-master/TACO-master/data/filtered_classification/crops/train/Plastic/000041_ann4279.jpg,TACO-master/TACO-master/data/batch_8/000041.jpg,3264,2448,1129.0,735.0,357.0,298.0,1341,4279
taco_4284,TACO,cropped_object_classification,train,Plastic,Clear plastic bottle,TACO-master/TACO-master/data/filtered_classification/crops/train/Plastic/000043_ann4284.jpg,TACO-master/TACO-master/data/filtered_classification/crops/train/Plastic/000043_ann4284.jpg,TACO-master/TACO-master/data/batch_8/000043.jpg,3264,2448,1646.0,1083.0,416.0,128.0,1343,4284
taco_4295,TACO,cropped_object_classification,test,Plastic,Other plastic bottle,TACO-master/TACO-master/data/filtered_classification/crops/test/Plastic/000047_ann4295.jpg,TACO-master/TACO-master/data/filtered_classification/crops/test/Plastic/000047_ann4295.jpg,TACO-master/TACO-master/data/batch_8/000047.jpg,3264,2448,695.9999999999999,1224.0,426.0000000000001,160.99999999999977,1347,4295
taco_4296,TACO,cropped_object_classification,val,PaperCardboard,Egg carton,TACO-master/TACO-master/data/filtered_classification/crops/val/PaperCardboard/000047_ann4296.jpg,TACO-master/TACO-master/data/filtered_classification/crops/val/PaperCardboard/000047_ann4296.jpg,TACO-master/TACO-master/data/batch_8/000047.jpg,3264,2448,2287.0,1185.9999999999998,295.99999999999955,188.00000000000023,1347,4296
taco_4298,TACO,cropped_object_classification,train,Plastic,Clear plastic bottle,TACO-master/TACO-master/data/filtered_classification/crops/train/Plastic/000048_ann4298.jpg,TACO-master/TACO-master/data/filtered_classification/crops/train/Plastic/000048_ann4298.jpg,TACO-master/TACO-master/data/batch_8/000048.jpg,3264,2448,1750.7143999999998,1768.0475999999999,606.0,181.0,1348,4298
taco_4303,TACO,cropped_object_classification,train,Plastic,Clear plastic bottle,TACO-master/TACO-master/data/filtered_classification/crops/train/Plastic/000051_ann4303.jpg,TACO-master/TACO-master/data/filtered_classification/crops/train/Plastic/000051_ann4303.jpg,TACO-master/TACO-master/data/batch_8/000051.jpg,2448,3264,1729.0,1598.0,540.0,228.0,1351,4303
taco_4312,TACO,cropped_object_classification,train,Other,Styrofoam piece,TACO-master/TACO-master/data/filtered_classification/crops/train/Other/000052_ann4312.jpg,TACO-master/TACO-master/data/filtered_classification/crops/train/Other/000052_ann4312.jpg,TACO-master/TACO-master/data/batch_8/000052.jpg,3264,2448,1915.0,1111.0,867.0,230.99999999999977,1352,4312
taco_4313,TACO,cropped_object_classification,train,Other,Garbage bag,TACO-master/TACO-master/data/filtered_classification/crops/train/Other/000053_ann4313.jpg,TACO-master/TACO-master/data/filtered_classification/crops/train/Other/000053_ann4313.jpg,TACO-master/TACO-master/data/batch_8/000053.jpg,3264,2448,0.0,0.0,468.99999999999994,92.99999999999999,1353,4313
taco_4335,TACO,cropped_object_classification,train,Other,Garbage bag,TACO-master/TACO-master/data/filtered_classification/crops/train/Other/000054_ann4335.jpg,TACO-master/TACO-master/data/filtered_classification/crops/train/Other/000054_ann4335.jpg,TACO-master/TACO-master/data/batch_8/000054.jpg,1280,960,184.0,524.0,412.0,341.0,1354,4335
taco_4336,TACO,cropped_object_classification,train,Other,Garbage bag,TACO-master/TACO-master/data/filtered_classification/crops/train/Other/000054_ann4336.jpg,TACO-master/TACO-master/data/filtered_classification/crops/train/Other/000054_ann4336.jpg,TACO-master/TACO-master/data/batch_8/000054.jpg,1280,960,607.0,320.0,244.0,199.0,1354,4336
taco_4337,TACO,cropped_object_classification,train,Other,Garbage bag,TACO-master/TACO-master/data/filtered_classification/crops/train/Other/000054_ann4337.jpg,TACO-master/TACO-master/data/filtered_classification/crops/train/Other/000054_ann4337.jpg,TACO-master/TACO-master/data/batch_8/000054.jpg,1280,960,404.0,351.0,67.0,183.0,1354,4337
taco_4338,TACO,cropped_object_classification,val,Other,Garbage bag,TACO-master/TACO-master/data/filtered_classification/crops/val/Other/000054_ann4338.jpg,TACO-master/TACO-master/data/filtered_classification/crops/val/Other/000054_ann4338.jpg,TACO-master/TACO-master/data/batch_8/000054.jpg,1280,960,618.0,404.0,364.0,384.0,1354,4338
taco_4339,TACO,cropped_object_classification,test,Other,Garbage bag,TACO-master/TACO-master/data/filtered_classification/crops/test/Other/000054_ann4339.jpg,TACO-master/TACO-master/data/filtered_classification/crops/test/Other/000054_ann4339.jpg,TACO-master/TACO-master/data/batch_8/000054.jpg,1280,960,812.0,301.0,136.0,134.0,1354,4339
taco_4343,TACO,cropped_object_classification,train,Other,Garbage bag,TACO-master/TACO-master/data/filtered_classification/crops/train/Other/000055_ann4343.jpg,TACO-master/TACO-master/data/filtered_classification/crops/train/Other/000055_ann4343.jpg,TACO-master/TACO-master/data/batch_8/000055.jpg,1280,960,572.0,676.0,130.0,136.0,1355,4343
taco_4353,TACO,cropped_object_classification,train,Metal,Food Can,TACO-master/TACO-master/data/filtered_classification/crops/train/Metal/000059_ann4353.jpg,TACO-master/TACO-master/data/filtered_classification/crops/train/Metal/000059_ann4353.jpg,TACO-master/TACO-master/data/batch_8/000059.jpg,1200,1600,592.0,662.0,110.0,83.0,1359,4353
taco_4356,TACO,cropped_object_classification,train,Plastic,Clear plastic bottle,TACO-master/TACO-master/data/filtered_classification/crops/train/Plastic/000061_ann4356.jpg,TACO-master/TACO-master/data/filtered_classification/crops/train/Plastic/000061_ann4356.jpg,TACO-master/TACO-master/data/batch_8/000061.jpg,1200,1600,562.0,801.0000000000001,97.0,193.9999999999999,1361,4356
taco_4361,TACO,cropped_object_classification,train,PaperCardboard,Corrugated carton,TACO-master/TACO-master/data/filtered_classification/crops/train/PaperCardboard/000064_ann4361.jpg,TACO-master/TACO-master/data/filtered_classification/crops/train/PaperCardboard/000064_ann4361.jpg,TACO-master/TACO-master/data/batch_8/000064.jpg,1200,1600,467.0,1046.0,213.0,66.0,1364,4361
taco_4392,TACO,cropped_object_classification,test,Metal,Drink can,TACO-master/TACO-master/data/filtered_classification/crops/test/Metal/000066_ann4392.jpg,TACO-master/TACO-master/data/filtered_classification/crops/test/Metal/000066_ann4392.jpg,TACO-master/TACO-master/data/batch_8/000066.jpg,2448,3264,808.0,1671.0,290.0,391.0,1366,4392
taco_4393,TACO,cropped_object_classification,train,Plastic,Disposable plastic cup,TACO-master/TACO-master/data/filtered_classification/crops/train/Plastic/000066_ann4393.jpg,TACO-master/TACO-master/data/filtered_classification/crops/train/Plastic/000066_ann4393.jpg,TACO-master/TACO-master/data/batch_8/000066.jpg,2448,3264,1030.0,941.0,321.0,339.0,1366,4393
taco_4397,TACO,cropped_object_classification,train,Other,Crisp packet,TACO-master/TACO-master/data/filtered_classification/crops/train/Other/000067_ann4397.jpg,TACO-master/TACO-master/data/filtered_classification/crops/train/Other/000067_ann4397.jpg,TACO-master/TACO-master/data/batch_8/000067.jpg,3264,2448,1938.7999999999997,1246.2000999999998,382.0,333.0000000000002,1367,4397
taco_4399,TACO,cropped_object_classification,train,Plastic,Clear plastic bottle,TACO-master/TACO-master/data/filtered_classification/crops/train/Plastic/000069_ann4399.jpg,TACO-master/TACO-master/data/filtered_classification/crops/train/Plastic/000069_ann4399.jpg,TACO-master/TACO-master/data/batch_8/000069.jpg,3264,2448,2087.9999999999995,1079.0,316.00000000000045,456.0,1369,4399
taco_4405,TACO,cropped_object_classification,train,Metal,Drink can,TACO-master/TACO-master/data/filtered_classification/crops/train/Metal/000072_ann4405.jpg,TACO-master/TACO-master/data/filtered_classification/crops/train/Metal/000072_ann4405.jpg,TACO-master/TACO-master/data/batch_8/000072.jpg,2448,3264,549.0,2932.9524,216.0,234.0,1372,4405
taco_4407,TACO,cropped_object_classification,test,Plastic,Disposable plastic cup,TACO-master/TACO-master/data/filtered_classification/crops/test/Plastic/000072_ann4407.jpg,TACO-master/TACO-master/data/filtered_classification/crops/test/Plastic/000072_ann4407.jpg,TACO-master/TACO-master/data/batch_8/000072.jpg,2448,3264,2159.0952,1838.6666,284.0,283.0001000000002,1372,4407
taco_4410,TACO,cropped_object_classification,train,Glass,Glass bottle,TACO-master/TACO-master/data/filtered_classification/crops/train/Glass/000073_ann4410.jpg,TACO-master/TACO-master/data/filtered_classification/crops/train/Glass/000073_ann4410.jpg,TACO-master/TACO-master/data/batch_8/000073.jpg,2448,3264,1023.0,1780.0,241.0,742.0,1373,4410
taco_4415,TACO,cropped_object_classification,train,Plastic,Disposable plastic cup,TACO-master/TACO-master/data/filtered_classification/crops/train/Plastic/000073_ann4415.jpg,TACO-master/TACO-master/data/filtered_classification/crops/train/Plastic/000073_ann4415.jpg,TACO-master/TACO-master/data/batch_8/000073.jpg,2448,3264,560.0,1448.0,473.0,316.0,1373,4415
taco_4427,TACO,cropped_object_classification,val,PaperCardboard,Other carton,TACO-master/TACO-master/data/filtered_classification/crops/val/PaperCardboard/000075_ann4427.jpg,TACO-master/TACO-master/data/filtered_classification/crops/val/PaperCardboard/000075_ann4427.jpg,TACO-master/TACO-master/data/batch_8/000075.jpg,2268,4032,788.0,1784.0,509.0,525.0,1375,4427
taco_4434,TACO,cropped_object_classification,train,PaperCardboard,Other carton,TACO-master/TACO-master/data/filtered_classification/crops/train/PaperCardboard/000078_ann4434.jpg,TACO-master/TACO-master/data/filtered_classification/crops/train/PaperCardboard/000078_ann4434.jpg,TACO-master/TACO-master/data/batch_8/000078.jpg,2268,4032,679.0,2124.0,244.0,288.0,1378,4434
taco_4438,TACO,cropped_object_classification,train,Plastic,Other plastic cup,TACO-master/TACO-master/data/filtered_classification/crops/train/Plastic/000080_ann4438.jpg,TACO-master/TACO-master/data/filtered_classification/crops/train/Plastic/000080_ann4438.jpg,TACO-master/TACO-master/data/batch_8/000080.jpg,2268,4032,732.5,2424.0,258.0,303.0,1380,4438
taco_4439,TACO,cropped_object_classification,train,PaperCardboard,Normal paper,TACO-master/TACO-master/data/filtered_classification/crops/train/PaperCardboard/000081_ann4439.jpg,TACO-master/TACO-master/data/filtered_classification/crops/train/PaperCardboard/000081_ann4439.jpg,TACO-master/TACO-master/data/batch_8/000081.jpg,2268,4032,776.0,2463.0,185.0,254.0,1381,4439
taco_4443,TACO,cropped_object_classification,train,PaperCardboard,Normal paper,TACO-master/TACO-master/data/filtered_classification/crops/train/PaperCardboard/000084_ann4443.jpg,TACO-master/TACO-master/data/filtered_classification/crops/train/PaperCardboard/000084_ann4443.jpg,TACO-master/TACO-master/data/batch_8/000084.jpg,2268,4032,982.9999999999999,2049.9999999999995,262.0000000000001,263.0,1384,4443
taco_4446,TACO,cropped_object_classification,train,Plastic,Clear plastic bottle,TACO-master/TACO-master/data/filtered_classification/crops/train/Plastic/000085_ann4446.jpg,TACO-master/TACO-master/data/filtered_classification/crops/train/Plastic/000085_ann4446.jpg,TACO-master/TACO-master/data/batch_8/000085.jpg,2268,4032,835.8,1831.8,189.0,623.0000000000002,1385,4446
taco_4449,TACO,cropped_object_classification,test,Metal,Drink can,TACO-master/TACO-master/data/filtered_classification/crops/test/Metal/000087_ann4449.jpg,TACO-master/TACO-master/data/filtered_classification/crops/test/Metal/000087_ann4449.jpg,TACO-master/TACO-master/data/batch_8/000087.jpg,2268,4032,803.0,2011.0,327.0,391.0,1387,4449
taco_4450,TACO,cropped_object_classification,val,Plastic,Clear plastic bottle,TACO-master/TACO-master/data/filtered_classification/crops/val/Plastic/000088_ann4450.jpg,TACO-master/TACO-master/data/filtered_classification/crops/val/Plastic/000088_ann4450.jpg,TACO-master/TACO-master/data/batch_8/000088.jpg,2268,4032,1014.0,1996.0,196.0,357.0,1388,4450
taco_4451,TACO,cropped_object_classification,train,Metal,Drink can,TACO-master/TACO-master/data/filtered_classification/crops/train/Metal/000088_ann4451.jpg,TACO-master/TACO-master/data/filtered_classification/crops/train/Metal/000088_ann4451.jpg,TACO-master/TACO-master/data/batch_8/000088.jpg,2268,4032,965.0,2562.0,214.0,387.0,1388,4451
taco_4452,TACO,cropped_object_classification,val,Glass,Glass bottle,TACO-master/TACO-master/data/filtered_classification/crops/val/Glass/000089_ann4452.jpg,TACO-master/TACO-master/data/filtered_classification/crops/val/Glass/000089_ann4452.jpg,TACO-master/TACO-master/data/batch_8/000089.jpg,2268,4032,1432.9999999999998,575.0,451.0,492.0,1389,4452
taco_4456,TACO,cropped_object_classification,train,PaperCardboard,Paper bag,TACO-master/TACO-master/data/filtered_classification/crops/train/PaperCardboard/000090_ann4456.jpg,TACO-master/TACO-master/data/filtered_classification/crops/train/PaperCardboard/000090_ann4456.jpg,TACO-master/TACO-master/data/batch_8/000090.jpg,2268,4032,937.0,2004.0,454.0,702.0,1390,4456
taco_4461,TACO,cropped_object_classification,test,PaperCardboard,Other carton,TACO-master/TACO-master/data/filtered_classification/crops/test/PaperCardboard/000093_ann4461.jpg,TACO-master/TACO-master/data/filtered_classification/crops/test/PaperCardboard/000093_ann4461.jpg,TACO-master/TACO-master/data/batch_8/000093.jpg,2268,4032,882.0,2454.0,435.9999999999998,476.99999999999864,1393,4461
taco_4463,TACO,cropped_object_classification,train,PaperCardboard,Normal paper,TACO-master/TACO-master/data/filtered_classification/crops/train/PaperCardboard/000094_ann4463.jpg,TACO-master/TACO-master/data/filtered_classification/crops/train/PaperCardboard/000094_ann4463.jpg,TACO-master/TACO-master/data/batch_8/000094.jpg,2268,4032,971.0,2143.0,453.0,478.0,1394,4463
taco_4464,TACO,cropped_object_classification,train,Metal,Drink can,TACO-master/TACO-master/data/filtered_classification/crops/train/Metal/000095_ann4464.jpg,TACO-master/TACO-master/data/filtered_classification/crops/train/Metal/000095_ann4464.jpg,TACO-master/TACO-master/data/batch_8/000095.jpg,2268,4032,671.9999999999999,2391.0,715.9999999999999,345.0,1395,4464
taco_4466,TACO,cropped_object_classification,test,PaperCardboard,Other carton,TACO-master/TACO-master/data/filtered_classification/crops/test/PaperCardboard/000096_ann4466.jpg,TACO-master/TACO-master/data/filtered_classification/crops/test/PaperCardboard/000096_ann4466.jpg,TACO-master/TACO-master/data/batch_8/000096.jpg,2268,4032,908.9999999999999,1783.0,274.0000000000001,203.0,1396,4466
taco_4467,TACO,cropped_object_classification,train,Metal,Drink can,TACO-master/TACO-master/data/filtered_classification/crops/train/Metal/000097_ann4467.jpg,TACO-master/TACO-master/data/filtered_classification/crops/train/Metal/000097_ann4467.jpg,TACO-master/TACO-master/data/batch_8/000097.jpg,2268,4032,657.0,1018.0,329.0,233.0,1397,4467
taco_4468,TACO,cropped_object_classification,train,Metal,Drink can,TACO-master/TACO-master/data/filtered_classification/crops/train/Metal/000097_ann4468.jpg,TACO-master/TACO-master/data/filtered_classification/crops/train/Metal/000097_ann4468.jpg,TACO-master/TACO-master/data/batch_8/000097.jpg,2268,4032,1082.0,1279.0,313.0,353.0,1397,4468
taco_4477,TACO,cropped_object_classification,test,Metal,Drink can,TACO-master/TACO-master/data/filtered_classification/crops/test/Metal/000001_ann4477.jpg,TACO-master/TACO-master/data/filtered_classification/crops/test/Metal/000001_ann4477.jpg,TACO-master/TACO-master/data/batch_9/000001.jpg,3264,2448,2333.0,913.0,400.0,449.9999999999998,1401,4477
taco_4485,TACO,cropped_object_classification,train,Plastic,Clear plastic bottle,TACO-master/TACO-master/data/filtered_classification/crops/train/Plastic/000004_ann4485.jpg,TACO-master/TACO-master/data/filtered_classification/crops/train/Plastic/000004_ann4485.jpg,TACO-master/TACO-master/data/batch_9/000004.jpg,3264,2448,2341.0,1265.0,280.0,401.0,1404,4485
taco_4487,TACO,cropped_object_classification,train,Plastic,Clear plastic bottle,TACO-master/TACO-master/data/filtered_classification/crops/train/Plastic/000005_ann4487.jpg,TACO-master/TACO-master/data/filtered_classification/crops/train/Plastic/000005_ann4487.jpg,TACO-master/TACO-master/data/batch_9/000005.jpg,2448,3264,1198.0,1063.0,445.0,313.0,1405,4487
taco_4493,TACO,cropped_object_classification,train,Plastic,Other plastic bottle,TACO-master/TACO-master/data/filtered_classification/crops/train/Plastic/000008_ann4493.jpg,TACO-master/TACO-master/data/filtered_classification/crops/train/Plastic/000008_ann4493.jpg,TACO-master/TACO-master/data/batch_9/000008.jpg,2448,3264,1137.0,1217.0,605.9999999999998,458.0,1408,4493
taco_4495,TACO,cropped_object_classification,train,Other,Garbage bag,TACO-master/TACO-master/data/filtered_classification/crops/train/Other/000008_ann4495.jpg,TACO-master/TACO-master/data/filtered_classification/crops/train/Other/000008_ann4495.jpg,TACO-master/TACO-master/data/batch_9/000008.jpg,2448,3264,0.9999999999999999,406.99999999999994,964.9999999999999,812.0,1408,4495
taco_4498,TACO,cropped_object_classification,train,Plastic,Clear plastic bottle,TACO-master/TACO-master/data/filtered_classification/crops/train/Plastic/000008_ann4498.jpg,TACO-master/TACO-master/data/filtered_classification/crops/train/Plastic/000008_ann4498.jpg,TACO-master/TACO-master/data/batch_9/000008.jpg,2448,3264,82.99999999999999,1214.9999999999998,602.9999999999999,266.0,1408,4498
taco_4501,TACO,cropped_object_classification,train,Plastic,Clear plastic bottle,TACO-master/TACO-master/data/filtered_classification/crops/train/Plastic/000008_ann4501.jpg,TACO-master/TACO-master/data/filtered_classification/crops/train/Plastic/000008_ann4501.jpg,TACO-master/TACO-master/data/batch_9/000008.jpg,2448,3264,0.9999999999999999,1553.9999999999998,126.0,846.9999999999998,1408,4501
taco_4594,TACO,cropped_object_classification,train,PaperCardboard,Corrugated carton,TACO-master/TACO-master/data/filtered_classification/crops/train/PaperCardboard/000050_ann4594.jpg,TACO-master/TACO-master/data/filtered_classification/crops/train/PaperCardboard/000050_ann4594.jpg,TACO-master/TACO-master/data/batch_9/000050.jpg,3264,2448,349.0,726.9999999999999,1736.0,1320.9999999999995,1450,4594
taco_4649,TACO,cropped_object_classification,train,PaperCardboard,Other carton,TACO-master/TACO-master/data/filtered_classification/crops/train/PaperCardboard/000063_ann4649.jpg,TACO-master/TACO-master/data/filtered_classification/crops/train/PaperCardboard/000063_ann4649.jpg,TACO-master/TACO-master/data/batch_9/000063.jpg,2448,3264,1287.9999999999998,1589.9999999999998,235.0,198.0,1463,4649
taco_4655,TACO,cropped_object_classification,train,Plastic,Disposable plastic cup,TACO-master/TACO-master/data/filtered_classification/crops/train/Plastic/000065_ann4655.jpg,TACO-master/TACO-master/data/filtered_classification/crops/train/Plastic/000065_ann4655.jpg,TACO-master/TACO-master/data/batch_9/000065.jpg,2448,3264,833.0,1392.9999999999998,257.9999999999998,327.0,1465,4655
taco_4657,TACO,cropped_object_classification,val,Plastic,Disposable plastic cup,TACO-master/TACO-master/data/filtered_classification/crops/val/Plastic/000066_ann4657.jpg,TACO-master/TACO-master/data/filtered_classification/crops/val/Plastic/000066_ann4657.jpg,TACO-master/TACO-master/data/batch_9/000066.jpg,2448,3264,812.0,1855.0,384.0,302.0,1466,4657
taco_4658,TACO,cropped_object_classification,train,Plastic,Clear plastic bottle,TACO-master/TACO-master/data/filtered_classification/crops/train/Plastic/000067_ann4658.jpg,TACO-master/TACO-master/data/filtered_classification/crops/train/Plastic/000067_ann4658.jpg,TACO-master/TACO-master/data/batch_9/000067.jpg,1824,4000,763.0,2068.0,680.0,479.0,1467,4658
taco_4664,TACO,cropped_object_classification,train,Plastic,Clear plastic bottle,TACO-master/TACO-master/data/filtered_classification/crops/train/Plastic/000069_ann4664.jpg,TACO-master/TACO-master/data/filtered_classification/crops/train/Plastic/000069_ann4664.jpg,TACO-master/TACO-master/data/batch_9/000069.jpg,1824,4000,893.0,1915.0,254.0,191.0,1469,4664
taco_4666,TACO,cropped_object_classification,train,Plastic,Clear plastic bottle,TACO-master/TACO-master/data/filtered_classification/crops/train/Plastic/000070_ann4666.jpg,TACO-master/TACO-master/data/filtered_classification/crops/train/Plastic/000070_ann4666.jpg,TACO-master/TACO-master/data/batch_9/000070.jpg,1824,4000,822.0,1317.0,310.0,141.0,1470,4666
taco_4672,TACO,cropped_object_classification,train,Plastic,Clear plastic bottle,TACO-master/TACO-master/data/filtered_classification/crops/train/Plastic/000071_ann4672.jpg,TACO-master/TACO-master/data/filtered_classification/crops/train/Plastic/000071_ann4672.jpg,TACO-master/TACO-master/data/batch_9/000071.jpg,1824,4000,1083.0,2470.0,186.0,491.0,1471,4672
taco_4677,TACO,cropped_object_classification,test,PaperCardboard,Corrugated carton,TACO-master/TACO-master/data/filtered_classification/crops/test/PaperCardboard/000073_ann4677.jpg,TACO-master/TACO-master/data/filtered_classification/crops/test/PaperCardboard/000073_ann4677.jpg,TACO-master/TACO-master/data/batch_9/000073.jpg,1824,4000,1088.5,1761.0,280.0,215.0,1473,4677
taco_4686,TACO,cropped_object_classification,train,Glass,Glass bottle,TACO-master/TACO-master/data/filtered_classification/crops/train/Glass/000076_ann4686.jpg,TACO-master/TACO-master/data/filtered_classification/crops/train/Glass/000076_ann4686.jpg,TACO-master/TACO-master/data/batch_9/000076.jpg,4000,1824,857.0,1155.0,147.0,385.0,1476,4686
taco_4712,TACO,cropped_object_classification,train,Metal,Drink can,TACO-master/TACO-master/data/filtered_classification/crops/train/Metal/000083_ann4712.jpg,TACO-master/TACO-master/data/filtered_classification/crops/train/Metal/000083_ann4712.jpg,TACO-master/TACO-master/data/batch_9/000083.jpg,1824,4000,719.0,1199.0,494.0,709.0,1483,4712
taco_4713,TACO,cropped_object_classification,train,Plastic,Clear plastic bottle,TACO-master/TACO-master/data/filtered_classification/crops/train/Plastic/000084_ann4713.jpg,TACO-master/TACO-master/data/filtered_classification/crops/train/Plastic/000084_ann4713.jpg,TACO-master/TACO-master/data/batch_9/000084.jpg,1824,4000,1008.0,1778.0,310.0,207.0,1484,4713
taco_4714,TACO,cropped_object_classification,train,Plastic,Clear plastic bottle,TACO-master/TACO-master/data/filtered_classification/crops/train/Plastic/000084_ann4714.jpg,TACO-master/TACO-master/data/filtered_classification/crops/train/Plastic/000084_ann4714.jpg,TACO-master/TACO-master/data/batch_9/000084.jpg,1824,4000,808.0,1941.0,294.0,123.0,1484,4714
taco_4722,TACO,cropped_object_classification,test,Other,Styrofoam piece,TACO-master/TACO-master/data/filtered_classification/crops/test/Other/000084_ann4722.jpg,TACO-master/TACO-master/data/filtered_classification/crops/test/Other/000084_ann4722.jpg,TACO-master/TACO-master/data/batch_9/000084.jpg,1824,4000,923.0,1631.0,294.0,225.0,1484,4722
taco_4741,TACO,cropped_object_classification,train,PaperCardboard,Corrugated carton,TACO-master/TACO-master/data/filtered_classification/crops/train/PaperCardboard/000088_ann4741.jpg,TACO-master/TACO-master/data/filtered_classification/crops/train/PaperCardboard/000088_ann4741.jpg,TACO-master/TACO-master/data/batch_9/000088.jpg,1824,4000,1377.0,0.0,446.0,762.0,1488,4741
taco_4756,TACO,cropped_object_classification,train,Plastic,Clear plastic bottle,TACO-master/TACO-master/data/filtered_classification/crops/train/Plastic/000090_ann4756.jpg,TACO-master/TACO-master/data/filtered_classification/crops/train/Plastic/000090_ann4756.jpg,TACO-master/TACO-master/data/batch_9/000090.jpg,1824,4000,835.0,2467.0,535.0,418.0,1490,4756
taco_4758,TACO,cropped_object_classification,train,Plastic,Clear plastic bottle,TACO-master/TACO-master/data/filtered_classification/crops/train/Plastic/000091_ann4758.jpg,TACO-master/TACO-master/data/filtered_classification/crops/train/Plastic/000091_ann4758.jpg,TACO-master/TACO-master/data/batch_9/000091.jpg,4000,1824,1260.0,1274.0,517.0,310.0,1491,4758
taco_4763,TACO,cropped_object_classification,test,Plastic,Clear plastic bottle,TACO-master/TACO-master/data/filtered_classification/crops/test/Plastic/000094_ann4763.jpg,TACO-master/TACO-master/data/filtered_classification/crops/test/Plastic/000094_ann4763.jpg,TACO-master/TACO-master/data/batch_9/000094.jpg,4000,1824,2258.0,766.0,364.0,235.0,1494,4763
taco_4765,TACO,cropped_object_classification,train,Glass,Glass bottle,TACO-master/TACO-master/data/filtered_classification/crops/train/Glass/000094_ann4765.jpg,TACO-master/TACO-master/data/filtered_classification/crops/train/Glass/000094_ann4765.jpg,TACO-master/TACO-master/data/batch_9/000094.jpg,4000,1824,1459.0,1094.0,232.0,270.0,1494,4765
taco_4776,TACO,cropped_object_classification,test,Glass,Glass bottle,TACO-master/TACO-master/data/filtered_classification/crops/test/Glass/000097_ann4776.jpg,TACO-master/TACO-master/data/filtered_classification/crops/test/Glass/000097_ann4776.jpg,TACO-master/TACO-master/data/batch_9/000097.jpg,4000,1824,354.0,575.0,294.0,621.0,1497,4776
taco_4777,TACO,cropped_object_classification,val,Glass,Glass bottle,TACO-master/TACO-master/data/filtered_classification/crops/val/Glass/000097_ann4777.jpg,TACO-master/TACO-master/data/filtered_classification/crops/val/Glass/000097_ann4777.jpg,TACO-master/TACO-master/data/batch_9/000097.jpg,4000,1824,776.0,355.0,231.0,591.0,1497,4777
taco_4782,TACO,cropped_object_classification,train,PaperCardboard,Other carton,TACO-master/TACO-master/data/filtered_classification/crops/train/PaperCardboard/000099_ann4782.jpg,TACO-master/TACO-master/data/filtered_classification/crops/train/PaperCardboard/000099_ann4782.jpg,TACO-master/TACO-master/data/batch_9/000099.jpg,1824,4000,966.0,1996.0,211.0,336.0,1499,4782
taco_4783,TACO,cropped_object_classification,test,Glass,Glass bottle,TACO-master/TACO-master/data/filtered_classification/crops/test/Glass/000099_ann4783.jpg,TACO-master/TACO-master/data/filtered_classification/crops/test/Glass/000099_ann4783.jpg,TACO-master/TACO-master/data/batch_9/000099.jpg,1824,4000,1125.0,1858.0,234.0,510.0,1499,4783
