sample_id,source_dataset,annotation_type,split,final_class,source_label,image_path,crop_path,source_image_path,image_width,image_height,bbox_x,bbox_y,bbox_width,bbox_height,image_id,annotation_id
trashnet_train_plastic430.jpg,TrashNet,image_classification,train,Plastic,plastic,trashnet-master/trashnet-master/data/filtered_6class/train/Plastic/plastic430.jpg,,trashnet-master/trashnet-master/data/dataset-resized/plastic/plastic430.jpg,,,,,,,,
trashnet_train_plastic24.jpg,TrashNet,image_classification,train,Plastic,plastic,trashnet-master/trashnet-master/data/filtered_6class/train/Plastic/plastic24.jpg,,trashnet-master/trashnet-master/data/dataset-resized/plastic/plastic24.jpg,,,,,,,,
trashnet_train_plastic136.jpg,TrashNet,image_classification,train,Plastic,plastic,trashnet-master/trashnet-master/data/filtered_6class/train/Plastic/plastic136.jpg,,trashnet-master/trashnet-master/data/dataset-resized/plastic/plastic136.jpg,,,,,,,,
trashnet_train_plastic14.jpg,TrashNet,image_classification,train,Plastic,plastic,trashnet-master/trashnet-master/data/filtered_6class/train/Plastic/plastic14.jpg,,trashnet-master/trashnet-master/data/dataset-resized/plastic/plastic14.jpg,,,,,,,,
trashnet_train_plastic303.jpg,TrashNet,image_classification,train,Plastic,plastic,trashnet-master/trashnet-master/data/filtered_6class/train/Plastic/plastic303.jpg,,trashnet-master/trashnet-master/data/dataset-resized/plastic/plastic303.jpg,,,,,,,,
trashnet_train_plastic184.jpg,TrashNet,image_classification,train,Plastic,plastic,trashnet-master/trashnet-master/data/filtered_6class/train/Plastic/plastic184.jpg,,trashnet-master/trashnet-master/data/dataset-resized/plastic/plastic184.jpg,,,,,,,,
trashnet_train_plastic276.jpg,TrashNet,image_classification,train,Plastic,plastic,trashnet-master/trashnet-master/data/filtered_6class/train/Plastic/plastic276.jpg,,trashnet-master/trashnet-master/data/dataset-resized/plastic/plastic276.jpg,,,,,,,,
trashnet_train_plastic252.jpg,TrashNet,image_classification,train,Plastic,plastic,trashnet-master/trashnet-master/data/filtered_6class/train/Plastic/plastic252.jpg,,trashnet-master/trashnet-master/data/dataset-resized/plastic/plastic252.jpg,,,,,,,,
trashnet_train_plastic272.jpg,TrashNet,image_classification,train,Plastic,plastic,trashnet-master/trashnet-master/data/filtered_6class/train/Plastic/plastic272.jpg,,trashnet-master/trashnet-master/data/dataset-resized/plastic/plastic272.jpg,,,,,,,,
trashnet_train_plastic215.jpg,TrashNet,image_classification,train,Plastic,plastic,trashnet-master/trashnet-master/data/filtered_6class/train/Plastic/plastic215.jpg,,trashnet-master/trashnet-master/data/dataset-resized/plastic/plastic215.jpg,,,,,,,,
trashnet_train_plastic102.jpg,TrashNet,image_classification,train,Plastic,plastic,trashnet-master/trashnet-master/data/filtered_6class/train/Plastic/plastic102.jpg,,trashnet-master/trashnet-master/data/dataset-resized/plastic/plastic102.jpg,,,,,,,,
trashnet_train_plastic445.jpg,TrashNet,image_classification,train,Plastic,plastic,trashnet-master/trashnet-master/data/filtered_6class/train/Plastic/plastic445.jpg,,trashnet-master/trashnet-master/data/dataset-resized/plastic/plastic445.jpg,,,,,,,,
trashnet_train_plastic381.jpg,TrashNet,image_classification,train,Plastic,plastic,trashnet-master/trashnet-master/data/filtered_6class/train/Plastic/plastic381.jpg,,trashnet-master/trashnet-master/data/dataset-resized/plastic/plastic381.jpg,,,,,,,,
trashnet_train_plastic226.jpg,TrashNet,image_classification,train,Plastic,plastic,trashnet-master/trashnet-master/data/filtered_6class/train/Plastic/plastic226.jpg,,trashnet-master/trashnet-master/data/dataset-resized/plastic/plastic226.jpg,,,,,,,,
trashnet_train_plastic80.jpg,TrashNet,image_classification,train,Plastic,plastic,trashnet-master/trashnet-master/data/filtered_6class/train/Plastic/plastic80.jpg,,trashnet-master/trashnet-master/data/dataset-resized/plastic/plastic80.jpg,,,,,,,,
trashnet_train_plastic238.jpg,TrashNet,image_classification,train,Plastic,plastic,trashnet-master/trashnet-master/data/filtered_6class/train/Plastic/plastic238.jpg,,trashnet-master/trashnet-master/data/dataset-resized/plastic/plastic238.jpg,,,,,,,,
trashnet_train_plastic443.jpg,TrashNet,image_classification,train,Plastic,plastic,trashnet-master/trashnet-master/data/filtered_6class/train/Plastic/plastic443.jpg,,trashnet-master/trashnet-master/data/dataset-resized/plastic/plastic443.jpg,,,,,,,,
trashnet_train_plastic312.jpg,TrashNet,image_classification,train,Plastic,plastic,trashnet-master/trashnet-master/data/filtered_6class/train/Plastic/plastic312.jpg,,trashnet-master/trashnet-master/data/dataset-resized/plastic/plastic312.jpg,,,,,,,,
trashnet_train_plastic265.jpg,TrashNet,image_classification,train,Plastic,plastic,trashnet-master/trashnet-master/data/filtered_6class/train/Plastic/plastic265.jpg,,trashnet-master/trashnet-master/data/dataset-resized/plastic/plastic265.jpg,,,,,,,,
trashnet_train_plastic270.jpg,TrashNet,image_classification,train,Plastic,plastic,trashnet-master/trashnet-master/data/filtered_6class/train/Plastic/plastic270.jpg,,trashnet-master/trashnet-master/data/dataset-resized/plastic/plastic270.jpg,,,,,,,,
trashnet_train_plastic481.jpg,TrashNet,image_classification,train,Plastic,plastic,trashnet-master/trashnet-master/data/filtered_6class/train/Plastic/plastic481.jpg,,trashnet-master/trashnet-master/data/dataset-resized/plastic/plastic481.jpg,,,,,,,,
trashnet_train_plastic286.jpg,TrashNet,image_classification,train,Plastic,plastic,trashnet-master/trashnet-master/data/filtered_6class/train/Plastic/plastic286.jpg,,trashnet-master/trashnet-master/data/dataset-resized/plastic/plastic286.jpg,,,,,,,,
trashnet_train_plastic105.jpg,TrashNet,image_classification,train,Plastic,plastic,trashnet-master/trashnet-master/data/filtered_6class/train/Plastic/plastic105.jpg,,trashnet-master/trashnet-master/data/dataset-resized/plastic/plastic105.jpg,,,,,,,,
trashnet_train_plastic23.jpg,TrashNet,image_classification,train,Plastic,plastic,trashnet-master/trashnet-master/data/filtered_6class/train/Plastic/plastic23.jpg,,trashnet-master/trashnet-master/data/dataset-resized/plastic/plastic23.jpg,,,,,,,,
trashnet_train_plastic118.jpg,TrashNet,image_classification,train,Plastic,plastic,trashnet-master/trashnet-master/data/filtered_6class/train/Plastic/plastic118.jpg,,trashnet-master/trashnet-master/data/dataset-resized/plastic/plastic118.jpg,,,,,,,,
trashnet_train_plastic144.jpg,TrashNet,image_classification,train,Plastic,plastic,trashnet-master/trashnet-master/data/filtered_6class/train/Plastic/plastic144.jpg,,trashnet-master/trashnet-master/data/dataset-resized/plastic/plastic144.jpg,,,,,,,,
trashnet_train_plastic186.jpg,TrashNet,image_classification,train,Plastic,plastic,trashnet-master/trashnet-master/data/filtered_6class/train/Plastic/plastic186.jpg,,trashnet-master/trashnet-master/data/dataset-resized/plastic/plastic186.jpg,,,,,,,,
trashnet_train_plastic438.jpg,TrashNet,image_classification,train,Plastic,plastic,trashnet-master/trashnet-master/data/filtered_6class/train/Plastic/plastic438.jpg,,trashnet-master/trashnet-master/data/dataset-resized/plastic/plastic438.jpg,,,,,,,,
trashnet_train_plastic32.jpg,TrashNet,image_classification,train,Plastic,plastic,trashnet-master/trashnet-master/data/filtered_6class/train/Plastic/plastic32.jpg,,trashnet-master/trashnet-master/data/dataset-resized/plastic/plastic32.jpg,,,,,,,,
trashnet_train_plastic359.jpg,TrashNet,image_classification,train,Plastic,plastic,trashnet-master/trashnet-master/data/filtered_6class/train/Plastic/plastic359.jpg,,trashnet-master/trashnet-master/data/dataset-resized/plastic/plastic359.jpg,,,,,,,,
trashnet_train_plastic280.jpg,TrashNet,image_classification,train,Plastic,plastic,trashnet-master/trashnet-master/data/filtered_6class/train/Plastic/plastic280.jpg,,trashnet-master/trashnet-master/data/dataset-resized/plastic/plastic280.jpg,,,,,,,,
trashnet_train_plastic152.jpg,TrashNet,image_classification,train,Plastic,plastic,trashnet-master/trashnet-master/data/filtered_6class/train/Plastic/plastic152.jpg,,trashnet-master/trashnet-master/data/dataset-resized/plastic/plastic152.jpg,,,,,,,,
trashnet_train_plastic351.jpg,TrashNet,image_classification,train,Plastic,plastic,trashnet-master/trashnet-master/data/filtered_6class/train/Plastic/plastic351.jpg,,trashnet-master/trashnet-master/data/dataset-resized/plastic/plastic351.jpg,,,,,,,,
trashnet_train_plastic260.jpg,TrashNet,image_classification,train,Plastic,plastic,trashnet-master/trashnet-master/data/filtered_6class/train/Plastic/plastic260.jpg,,trashnet-master/trashnet-master/data/dataset-resized/plastic/plastic260.jpg,,,,,,,,
trashnet_train_plastic355.jpg,TrashNet,image_classification,train,Plastic,plastic,trashnet-master/trashnet-master/data/filtered_6class/train/Plastic/plastic355.jpg,,trashnet-master/trashnet-master/data/dataset-resized/plastic/plastic355.jpg,,,,,,,,
trashnet_train_plastic228.jpg,TrashNet,image_classification,train,Plastic,plastic,trashnet-master/trashnet-master/data/filtered_6class/train/Plastic/plastic228.jpg,,trashnet-master/trashnet-master/data/dataset-resized/plastic/plastic228.jpg,,,,,,,,
trashnet_train_plastic309.jpg,TrashNet,image_classification,train,Plastic,plastic,trashnet-master/trashnet-master/data/filtered_6class/train/Plastic/plastic309.jpg,,trashnet-master/trashnet-master/data/dataset-resized/plastic/plastic309.jpg,,,,,,,,
trashnet_train_plastic46.jpg,TrashNet,image_classification,train,Plastic,plastic,trashnet-master/trashnet-master/data/filtered_6class/train/Plastic/plastic46.jpg,,trashnet-master/trashnet-master/data/dataset-resized/plastic/plastic46.jpg,,,,,,,,
trashnet_train_plastic263.jpg,TrashNet,image_classification,train,Plastic,plastic,trashnet-master/trashnet-master/data/filtered_6class/train/Plastic/plastic263.jpg,,trashnet-master/trashnet-master/data/dataset-resized/plastic/plastic263.jpg,,,,,,,,
trashnet_train_plastic427.jpg,TrashNet,image_classification,train,Plastic,plastic,trashnet-master/trashnet-master/data/filtered_6class/train/Plastic/plastic427.jpg,,trashnet-master/trashnet-master/data/dataset-resized/plastic/plastic427.jpg,,,,,,,,
trashnet_train_plastic89.jpg,TrashNet,image_classification,train,Plastic,plastic,trashnet-master/trashnet-master/data/filtered_6class/train/Plastic/plastic89.jpg,,trashnet-master/trashnet-master/data/dataset-resized/plastic/plastic89.jpg,,,,,,,,
trashnet_train_plastic29.jpg,TrashNet,image_classification,train,Plastic,plastic,trashnet-master/trashnet-master/data/filtered_6class/train/Plastic/plastic29.jpg,,trashnet-master/trashnet-master/data/dataset-resized/plastic/plastic29.jpg,,,,,,,,
trashnet_train_plastic245.jpg,TrashNet,image_classification,train,Plastic,plastic,trashnet-master/trashnet-master/data/filtered_6class/train/Plastic/plastic245.jpg,,trashnet-master/trashnet-master/data/dataset-resized/plastic/plastic245.jpg,,,,,,,,
trashnet_train_plastic376.jpg,TrashNet,image_classification,train,Plastic,plastic,trashnet-master/trashnet-master/data/filtered_6class/train/Plastic/plastic376.jpg,,trashnet-master/trashnet-master/data/dataset-resized/plastic/plastic376.jpg,,,,,,,,
trashnet_train_plastic480.jpg,TrashNet,image_classification,train,Plastic,plastic,trashnet-master/trashnet-master/data/filtered_6class/train/Plastic/plastic480.jpg,,trashnet-master/trashnet-master/data/dataset-resized/plastic/plastic480.jpg,,,,,,,,
trashnet_train_plastic302.jpg,TrashNet,image_classification,train,Plastic,plastic,trashnet-master/trashnet-master/data/filtered_6class/train/Plastic/plastic302.jpg,,trashnet-master/trashnet-master/data/dataset-resized/plastic/plastic302.jpg,,,,,,,,
trashnet_train_plastic246.jpg,TrashNet,image_classification,train,Plastic,plastic,trashnet-master/trashnet-master/data/filtered_6class/train/Plastic/plastic246.jpg,,trashnet-master/trashnet-master/data/dataset-resized/plastic/plastic246.jpg,,,,,,,,
trashnet_train_plastic18.jpg,TrashNet,image_classification,train,Plastic,plastic,trashnet-master/trashnet-master/data/filtered_6class/train/Plastic/plastic18.jpg,,trashnet-master/trashnet-master/data/dataset-resized/plastic/plastic18.jpg,,,,,,,,
trashnet_train_plastic239.jpg,TrashNet,image_classification,train,Plastic,plastic,trashnet-master/trashnet-master/data/filtered_6class/train/Plastic/plastic239.jpg,,trashnet-master/trashnet-master/data/dataset-resized/plastic/plastic239.jpg,,,,,,,,
trashnet_train_plastic289.jpg,TrashNet,image_classification,train,Plastic,plastic,trashnet-master/trashnet-master/data/filtered_6class/train/Plastic/plastic289.jpg,,trashnet-master/trashnet-master/data/dataset-resized/plastic/plastic289.jpg,,,,,,,,
trashnet_train_plastic207.jpg,TrashNet,image_classification,train,Plastic,plastic,trashnet-master/trashnet-master/data/filtered_6class/train/Plastic/plastic207.jpg,,trashnet-master/trashnet-master/data/dataset-resized/plastic/plastic207.jpg,,,,,,,,
trashnet_train_plastic338.jpg,TrashNet,image_classification,train,Plastic,plastic,trashnet-master/trashnet-master/data/filtered_6class/train/Plastic/plastic338.jpg,,trashnet-master/trashnet-master/data/dataset-resized/plastic/plastic338.jpg,,,,,,,,
trashnet_train_plastic166.jpg,TrashNet,image_classification,train,Plastic,plastic,trashnet-master/trashnet-master/data/filtered_6class/train/Plastic/plastic166.jpg,,trashnet-master/trashnet-master/data/dataset-resized/plastic/plastic166.jpg,,,,,,,,
trashnet_train_plastic132.jpg,TrashNet,image_classification,train,Plastic,plastic,trashnet-master/trashnet-master/data/filtered_6class/train/Plastic/plastic132.jpg,,trashnet-master/trashnet-master/data/dataset-resized/plastic/plastic132.jpg,,,,,,,,
trashnet_train_plastic453.jpg,TrashNet,image_classification,train,Plastic,plastic,trashnet-master/trashnet-master/data/filtered_6class/train/Plastic/plastic453.jpg,,trashnet-master/trashnet-master/data/dataset-resized/plastic/plastic453.jpg,,,,,,,,
trashnet_train_plastic147.jpg,TrashNet,image_classification,train,Plastic,plastic,trashnet-master/trashnet-master/data/filtered_6class/train/Plastic/plastic147.jpg,,trashnet-master/trashnet-master/data/dataset-resized/plastic/plastic147.jpg,,,,,,,,
trashnet_train_plastic213.jpg,TrashNet,image_classification,train,Plastic,plastic,trashnet-master/trashnet-master/data/filtered_6class/train/Plastic/plastic213.jpg,,trashnet-master/trashnet-master/data/dataset-resized/plastic/plastic213.jpg,,,,,,,,
trashnet_train_plastic179.jpg,TrashNet,image_classification,train,Plastic,plastic,trashnet-master/trashnet-master/data/filtered_6class/train/Plastic/plastic179.jpg,,trashnet-master/trashnet-master/data/dataset-resized/plastic/plastic179.jpg,,,,,,,,
trashnet_train_plastic229.jpg,TrashNet,image_classification,train,Plastic,plastic,trashnet-master/trashnet-master/data/filtered_6class/train/Plastic/plastic229.jpg,,trashnet-master/trashnet-master/data/dataset-resized/plastic/plastic229.jpg,,,,,,,,
trashnet_train_plastic362.jpg,TrashNet,image_classification,train,Plastic,plastic,trashnet-master/trashnet-master/data/filtered_6class/train/Plastic/plastic362.jpg,,trashnet-master/trashnet-master/data/dataset-resized/plastic/plastic362.jpg,,,,,,,,
trashnet_train_plastic257.jpg,TrashNet,image_classification,train,Plastic,plastic,trashnet-master/trashnet-master/data/filtered_6class/train/Plastic/plastic257.jpg,,trashnet-master/trashnet-master/data/dataset-resized/plastic/plastic257.jpg,,,,,,,,
trashnet_train_plastic393.jpg,TrashNet,image_classification,train,Plastic,plastic,trashnet-master/trashnet-master/data/filtered_6class/train/Plastic/plastic393.jpg,,trashnet-master/trashnet-master/data/dataset-resized/plastic/plastic393.jpg,,,,,,,,
trashnet_train_plastic91.jpg,TrashNet,image_classification,train,Plastic,plastic,trashnet-master/trashnet-master/data/filtered_6class/train/Plastic/plastic91.jpg,,trashnet-master/trashnet-master/data/dataset-resized/plastic/plastic91.jpg,,,,,,,,
trashnet_train_plastic468.jpg,TrashNet,image_classification,train,Plastic,plastic,trashnet-master/trashnet-master/data/filtered_6class/train/Plastic/plastic468.jpg,,trashnet-master/trashnet-master/data/dataset-resized/plastic/plastic468.jpg,,,,,,,,
trashnet_train_plastic182.jpg,TrashNet,image_classification,train,Plastic,plastic,trashnet-master/trashnet-master/data/filtered_6class/train/Plastic/plastic182.jpg,,trashnet-master/trashnet-master/data/dataset-resized/plastic/plastic182.jpg,,,,,,,,
trashnet_train_plastic19.jpg,TrashNet,image_classification,train,Plastic,plastic,trashnet-master/trashnet-master/data/filtered_6class/train/Plastic/plastic19.jpg,,trashnet-master/trashnet-master/data/dataset-resized/plastic/plastic19.jpg,,,,,,,,
trashnet_train_plastic295.jpg,TrashNet,image_classification,train,Plastic,plastic,trashnet-master/trashnet-master/data/filtered_6class/train/Plastic/plastic295.jpg,,trashnet-master/trashnet-master/data/dataset-resized/plastic/plastic295.jpg,,,,,,,,
trashnet_train_plastic335.jpg,TrashNet,image_classification,train,Plastic,plastic,trashnet-master/trashnet-master/data/filtered_6class/train/Plastic/plastic335.jpg,,trashnet-master/trashnet-master/data/dataset-resized/plastic/plastic335.jpg,,,,,,,,
trashnet_train_plastic198.jpg,TrashNet,image_classification,train,Plastic,plastic,trashnet-master/trashnet-master/data/filtered_6class/train/Plastic/plastic198.jpg,,trashnet-master/trashnet-master/data/dataset-resized/plastic/plastic198.jpg,,,,,,,,
trashnet_train_plastic41.jpg,TrashNet,image_classification,train,Plastic,plastic,trashnet-master/trashnet-master/data/filtered_6class/train/Plastic/plastic41.jpg,,trashnet-master/trashnet-master/data/dataset-resized/plastic/plastic41.jpg,,,,,,,,
trashnet_train_plastic373.jpg,TrashNet,image_classification,train,Plastic,plastic,trashnet-master/trashnet-master/data/filtered_6class/train/Plastic/plastic373.jpg,,trashnet-master/trashnet-master/data/dataset-resized/plastic/plastic373.jpg,,,,,,,,
trashnet_train_plastic261.jpg,TrashNet,image_classification,train,Plastic,plastic,trashnet-master/trashnet-master/data/filtered_6class/train/Plastic/plastic261.jpg,,trashnet-master/trashnet-master/data/dataset-resized/plastic/plastic261.jpg,,,,,,,,
trashnet_train_plastic26.jpg,TrashNet,image_classification,train,Plastic,plastic,trashnet-master/trashnet-master/data/filtered_6class/train/Plastic/plastic26.jpg,,trashnet-master/trashnet-master/data/dataset-resized/plastic/plastic26.jpg,,,,,,,,
trashnet_train_plastic388.jpg,TrashNet,image_classification,train,Plastic,plastic,trashnet-master/trashnet-master/data/filtered_6class/train/Plastic/plastic388.jpg,,trashnet-master/trashnet-master/data/dataset-resized/plastic/plastic388.jpg,,,,,,,,
trashnet_train_plastic282.jpg,TrashNet,image_classification,train,Plastic,plastic,trashnet-master/trashnet-master/data/filtered_6class/train/Plastic/plastic282.jpg,,trashnet-master/trashnet-master/data/dataset-resized/plastic/plastic282.jpg,,,,,,,,
trashnet_train_plastic50.jpg,TrashNet,image_classification,train,Plastic,plastic,trashnet-master/trashnet-master/data/filtered_6class/train/Plastic/plastic50.jpg,,trashnet-master/trashnet-master/data/dataset-resized/plastic/plastic50.jpg,,,,,,,,
trashnet_train_plastic109.jpg,TrashNet,image_classification,train,Plastic,plastic,trashnet-master/trashnet-master/data/filtered_6class/train/Plastic/plastic109.jpg,,trashnet-master/trashnet-master/data/dataset-resized/plastic/plastic109.jpg,,,,,,,,
trashnet_train_plastic104.jpg,TrashNet,image_classification,train,Plastic,plastic,trashnet-master/trashnet-master/data/filtered_6class/train/Plastic/plastic104.jpg,,trashnet-master/trashnet-master/data/dataset-resized/plastic/plastic104.jpg,,,,,,,,
trashnet_train_plastic336.jpg,TrashNet,image_classification,train,Plastic,plastic,trashnet-master/trashnet-master/data/filtered_6class/train/Plastic/plastic336.jpg,,trashnet-master/trashnet-master/data/dataset-resized/plastic/plastic336.jpg,,,,,,,,
trashnet_train_plastic417.jpg,TrashNet,image_classification,train,Plastic,plastic,trashnet-master/trashnet-master/data/filtered_6class/train/Plastic/plastic417.jpg,,trashnet-master/trashnet-master/data/dataset-resized/plastic/plastic417.jpg,,,,,,,,
trashnet_train_plastic299.jpg,TrashNet,image_classification,train,Plastic,plastic,trashnet-master/trashnet-master/data/filtered_6class/train/Plastic/plastic299.jpg,,trashnet-master/trashnet-master/data/dataset-resized/plastic/plastic299.jpg,,,,,,,,
trashnet_train_plastic183.jpg,TrashNet,image_classification,train,Plastic,plastic,trashnet-master/trashnet-master/data/filtered_6class/train/Plastic/plastic183.jpg,,trashnet-master/trashnet-master/data/dataset-resized/plastic/plastic183.jpg,,,,,,,,
trashnet_train_plastic447.jpg,TrashNet,image_classification,train,Plastic,plastic,trashnet-master/trashnet-master/data/filtered_6class/train/Plastic/plastic447.jpg,,trashnet-master/trashnet-master/data/dataset-resized/plastic/plastic447.jpg,,,,,,,,
trashnet_train_plastic259.jpg,TrashNet,image_classification,train,Plastic,plastic,trashnet-master/trashnet-master/data/filtered_6class/train/Plastic/plastic259.jpg,,trashnet-master/trashnet-master/data/dataset-resized/plastic/plastic259.jpg,,,,,,,,
trashnet_train_plastic434.jpg,TrashNet,image_classification,train,Plastic,plastic,trashnet-master/trashnet-master/data/filtered_6class/train/Plastic/plastic434.jpg,,trashnet-master/trashnet-master/data/dataset-resized/plastic/plastic434.jpg,,,,,,,,
trashnet_train_plastic122.jpg,TrashNet,image_classification,train,Plastic,plastic,trashnet-master/trashnet-master/data/filtered_6class/train/Plastic/plastic122.jpg,,trashnet-master/trashnet-master/data/dataset-resized/plastic/plastic122.jpg,,,,,,,,
trashnet_train_plastic169.jpg,TrashNet,image_classification,train,Plastic,plastic,trashnet-master/trashnet-master/data/filtered_6class/train/Plastic/plastic169.jpg,,trashnet-master/trashnet-master/data/dataset-resized/plastic/plastic169.jpg,,,,,,,,
trashnet_train_plastic313.jpg,TrashNet,image_classification,train,Plastic,plastic,trashnet-master/trashnet-master/data/filtered_6class/train/Plastic/plastic313.jpg,,trashnet-master/trashnet-master/data/dataset-resized/plastic/plastic313.jpg,,,,,,,,
trashnet_train_plastic13.jpg,TrashNet,image_classification,train,Plastic,plastic,trashnet-master/trashnet-master/data/filtered_6class/train/Plastic/plastic13.jpg,,trashnet-master/trashnet-master/data/dataset-resized/plastic/plastic13.jpg,,,,,,,,
trashnet_train_plastic436.jpg,TrashNet,image_classification,train,Plastic,plastic,trashnet-master/trashnet-master/data/filtered_6class/train/Plastic/plastic436.jpg,,trashnet-master/trashnet-master/data/dataset-resized/plastic/plastic436.jpg,,,,,,,,
trashnet_train_plastic469.jpg,TrashNet,image_classification,train,Plastic,plastic,trashnet-master/trashnet-master/data/filtered_6class/train/Plastic/plastic469.jpg,,trashnet-master/trashnet-master/data/dataset-resized/plastic/plastic469.jpg,,,,,,,,
trashnet_train_plastic185.jpg,TrashNet,image_classification,train,Plastic,plastic,trashnet-master/trashnet-master/data/filtered_6class/train/Plastic/plastic185.jpg,,trashnet-master/trashnet-master/data/dataset-resized/plastic/plastic185.jpg,,,,,,,,
trashnet_train_plastic237.jpg,TrashNet,image_classification,train,Plastic,plastic,trashnet-master/trashnet-master/data/filtered_6class/train/Plastic/plastic237.jpg,,trashnet-master/trashnet-master/data/dataset-resized/plastic/plastic237.jpg,,,,,,,,
trashnet_train_plastic279.jpg,TrashNet,image_classification,train,Plastic,plastic,trashnet-master/trashnet-master/data/filtered_6class/train/Plastic/plastic279.jpg,,trashnet-master/trashnet-master/data/dataset-resized/plastic/plastic279.jpg,,,,,,,,
trashnet_train_plastic247.jpg,TrashNet,image_classification,train,Plastic,plastic,trashnet-master/trashnet-master/data/filtered_6class/train/Plastic/plastic247.jpg,,trashnet-master/trashnet-master/data/dataset-resized/plastic/plastic247.jpg,,,,,,,,
trashnet_train_plastic409.jpg,TrashNet,image_classification,train,Plastic,plastic,trashnet-master/trashnet-master/data/filtered_6class/train/Plastic/plastic409.jpg,,trashnet-master/trashnet-master/data/dataset-resized/plastic/plastic409.jpg,,,,,,,,
trashnet_train_plastic364.jpg,TrashNet,image_classification,train,Plastic,plastic,trashnet-master/trashnet-master/data/filtered_6class/train/Plastic/plastic364.jpg,,trashnet-master/trashnet-master/data/dataset-resized/plastic/plastic364.jpg,,,,,,,,
trashnet_train_plastic290.jpg,TrashNet,image_classification,train,Plastic,plastic,trashnet-master/trashnet-master/data/filtered_6class/train/Plastic/plastic290.jpg,,trashnet-master/trashnet-master/data/dataset-resized/plastic/plastic290.jpg,,,,,,,,
trashnet_train_plastic404.jpg,TrashNet,image_classification,train,Plastic,plastic,trashnet-master/trashnet-master/data/filtered_6class/train/Plastic/plastic404.jpg,,trashnet-master/trashnet-master/data/dataset-resized/plastic/plastic404.jpg,,,,,,,,
trashnet_train_plastic176.jpg,TrashNet,image_classification,train,Plastic,plastic,trashnet-master/trashnet-master/data/filtered_6class/train/Plastic/plastic176.jpg,,trashnet-master/trashnet-master/data/dataset-resized/plastic/plastic176.jpg,,,,,,,,
trashnet_train_plastic379.jpg,TrashNet,image_classification,train,Plastic,plastic,trashnet-master/trashnet-master/data/filtered_6class/train/Plastic/plastic379.jpg,,trashnet-master/trashnet-master/data/dataset-resized/plastic/plastic379.jpg,,,,,,,,
trashnet_train_plastic49.jpg,TrashNet,image_classification,train,Plastic,plastic,trashnet-master/trashnet-master/data/filtered_6class/train/Plastic/plastic49.jpg,,trashnet-master/trashnet-master/data/dataset-resized/plastic/plastic49.jpg,,,,,,,,
trashnet_train_plastic44.jpg,TrashNet,image_classification,train,Plastic,plastic,trashnet-master/trashnet-master/data/filtered_6class/train/Plastic/plastic44.jpg,,trashnet-master/trashnet-master/data/dataset-resized/plastic/plastic44.jpg,,,,,,,,
trashnet_train_plastic68.jpg,TrashNet,image_classification,train,Plastic,plastic,trashnet-master/trashnet-master/data/filtered_6class/train/Plastic/plastic68.jpg,,trashnet-master/trashnet-master/data/dataset-resized/plastic/plastic68.jpg,,,,,,,,
trashnet_train_plastic133.jpg,TrashNet,image_classification,train,Plastic,plastic,trashnet-master/trashnet-master/data/filtered_6class/train/Plastic/plastic133.jpg,,trashnet-master/trashnet-master/data/dataset-resized/plastic/plastic133.jpg,,,,,,,,
trashnet_train_plastic341.jpg,TrashNet,image_classification,train,Plastic,plastic,trashnet-master/trashnet-master/data/filtered_6class/train/Plastic/plastic341.jpg,,trashnet-master/trashnet-master/data/dataset-resized/plastic/plastic341.jpg,,,,,,,,
trashnet_train_plastic161.jpg,TrashNet,image_classification,train,Plastic,plastic,trashnet-master/trashnet-master/data/filtered_6class/train/Plastic/plastic161.jpg,,trashnet-master/trashnet-master/data/dataset-resized/plastic/plastic161.jpg,,,,,,,,
trashnet_train_plastic195.jpg,TrashNet,image_classification,train,Plastic,plastic,trashnet-master/trashnet-master/data/filtered_6class/train/Plastic/plastic195.jpg,,trashnet-master/trashnet-master/data/dataset-resized/plastic/plastic195.jpg,,,,,,,,
trashnet_train_plastic40.jpg,TrashNet,image_classification,train,Plastic,plastic,trashnet-master/trashnet-master/data/filtered_6class/train/Plastic/plastic40.jpg,,trashnet-master/trashnet-master/data/dataset-resized/plastic/plastic40.jpg,,,,,,,,
trashnet_train_plastic296.jpg,TrashNet,image_classification,train,Plastic,plastic,trashnet-master/trashnet-master/data/filtered_6class/train/Plastic/plastic296.jpg,,trashnet-master/trashnet-master/data/dataset-resized/plastic/plastic296.jpg,,,,,,,,
trashnet_train_plastic330.jpg,TrashNet,image_classification,train,Plastic,plastic,trashnet-master/trashnet-master/data/filtered_6class/train/Plastic/plastic330.jpg,,trashnet-master/trashnet-master/data/dataset-resized/plastic/plastic330.jpg,,,,,,,,
trashnet_train_plastic382.jpg,TrashNet,image_classification,train,Plastic,plastic,trashnet-master/trashnet-master/data/filtered_6class/train/Plastic/plastic382.jpg,,trashnet-master/trashnet-master/data/dataset-resized/plastic/plastic382.jpg,,,,,,,,
trashnet_train_plastic127.jpg,TrashNet,image_classification,train,Plastic,plastic,trashnet-master/trashnet-master/data/filtered_6class/train/Plastic/plastic127.jpg,,trashnet-master/trashnet-master/data/dataset-resized/plastic/plastic127.jpg,,,,,,,,
trashnet_train_plastic340.jpg,TrashNet,image_classification,train,Plastic,plastic,trashnet-master/trashnet-master/data/filtered_6class/train/Plastic/plastic340.jpg,,trashnet-master/trashnet-master/data/dataset-resized/plastic/plastic340.jpg,,,,,,,,
trashnet_train_plastic402.jpg,TrashNet,image_classification,train,Plastic,plastic,trashnet-master/trashnet-master/data/filtered_6class/train/Plastic/plastic402.jpg,,trashnet-master/trashnet-master/data/dataset-resized/plastic/plastic402.jpg,,,,,,,,
trashnet_train_plastic372.jpg,TrashNet,image_classification,train,Plastic,plastic,trashnet-master/trashnet-master/data/filtered_6class/train/Plastic/plastic372.jpg,,trashnet-master/trashnet-master/data/dataset-resized/plastic/plastic372.jpg,,,,,,,,
trashnet_train_plastic86.jpg,TrashNet,image_classification,train,Plastic,plastic,trashnet-master/trashnet-master/data/filtered_6class/train/Plastic/plastic86.jpg,,trashnet-master/trashnet-master/data/dataset-resized/plastic/plastic86.jpg,,,,,,,,
trashnet_train_plastic74.jpg,TrashNet,image_classification,train,Plastic,plastic,trashnet-master/trashnet-master/data/filtered_6class/train/Plastic/plastic74.jpg,,trashnet-master/trashnet-master/data/dataset-resized/plastic/plastic74.jpg,,,,,,,,
trashnet_train_plastic218.jpg,TrashNet,image_classification,train,Plastic,plastic,trashnet-master/trashnet-master/data/filtered_6class/train/Plastic/plastic218.jpg,,trashnet-master/trashnet-master/data/dataset-resized/plastic/plastic218.jpg,,,,,,,,
trashnet_train_plastic352.jpg,TrashNet,image_classification,train,Plastic,plastic,trashnet-master/trashnet-master/data/filtered_6class/train/Plastic/plastic352.jpg,,trashnet-master/trashnet-master/data/dataset-resized/plastic/plastic352.jpg,,,,,,,,
trashnet_train_plastic288.jpg,TrashNet,image_classification,train,Plastic,plastic,trashnet-master/trashnet-master/data/filtered_6class/train/Plastic/plastic288.jpg,,trashnet-master/trashnet-master/data/dataset-resized/plastic/plastic288.jpg,,,,,,,,
trashnet_train_plastic160.jpg,TrashNet,image_classification,train,Plastic,plastic,trashnet-master/trashnet-master/data/filtered_6class/train/Plastic/plastic160.jpg,,trashnet-master/trashnet-master/data/dataset-resized/plastic/plastic160.jpg,,,,,,,,
trashnet_train_plastic363.jpg,TrashNet,image_classification,train,Plastic,plastic,trashnet-master/trashnet-master/data/filtered_6class/train/Plastic/plastic363.jpg,,trashnet-master/trashnet-master/data/dataset-resized/plastic/plastic363.jpg,,,,,,,,
trashnet_train_plastic474.jpg,TrashNet,image_classification,train,Plastic,plastic,trashnet-master/trashnet-master/data/filtered_6class/train/Plastic/plastic474.jpg,,trashnet-master/trashnet-master/data/dataset-resized/plastic/plastic474.jpg,,,,,,,,
trashnet_train_plastic164.jpg,TrashNet,image_classification,train,Plastic,plastic,trashnet-master/trashnet-master/data/filtered_6class/train/Plastic/plastic164.jpg,,trashnet-master/trashnet-master/data/dataset-resized/plastic/plastic164.jpg,,,,,,,,
trashnet_train_plastic58.jpg,TrashNet,image_classification,train,Plastic,plastic,trashnet-master/trashnet-master/data/filtered_6class/train/Plastic/plastic58.jpg,,trashnet-master/trashnet-master/data/dataset-resized/plastic/plastic58.jpg,,,,,,,,
trashnet_train_plastic387.jpg,TrashNet,image_classification,train,Plastic,plastic,trashnet-master/trashnet-master/data/filtered_6class/train/Plastic/plastic387.jpg,,trashnet-master/trashnet-master/data/dataset-resized/plastic/plastic387.jpg,,,,,,,,
trashnet_train_plastic100.jpg,TrashNet,image_classification,train,Plastic,plastic,trashnet-master/trashnet-master/data/filtered_6class/train/Plastic/plastic100.jpg,,trashnet-master/trashnet-master/data/dataset-resized/plastic/plastic100.jpg,,,,,,,,
trashnet_train_plastic323.jpg,TrashNet,image_classification,train,Plastic,plastic,trashnet-master/trashnet-master/data/filtered_6class/train/Plastic/plastic323.jpg,,trashnet-master/trashnet-master/data/dataset-resized/plastic/plastic323.jpg,,,,,,,,
trashnet_train_plastic385.jpg,TrashNet,image_classification,train,Plastic,plastic,trashnet-master/trashnet-master/data/filtered_6class/train/Plastic/plastic385.jpg,,trashnet-master/trashnet-master/data/dataset-resized/plastic/plastic385.jpg,,,,,,,,
trashnet_train_plastic42.jpg,TrashNet,image_classification,train,Plastic,plastic,trashnet-master/trashnet-master/data/filtered_6class/train/Plastic/plastic42.jpg,,trashnet-master/trashnet-master/data/dataset-resized/plastic/plastic42.jpg,,,,,,,,
trashnet_train_plastic168.jpg,TrashNet,image_classification,train,Plastic,plastic,trashnet-master/trashnet-master/data/filtered_6class/train/Plastic/plastic168.jpg,,trashnet-master/trashnet-master/data/dataset-resized/plastic/plastic168.jpg,,,,,,,,
trashnet_train_plastic316.jpg,TrashNet,image_classification,train,Plastic,plastic,trashnet-master/trashnet-master/data/filtered_6class/train/Plastic/plastic316.jpg,,trashnet-master/trashnet-master/data/dataset-resized/plastic/plastic316.jpg,,,,,,,,
trashnet_train_plastic85.jpg,TrashNet,image_classification,train,Plastic,plastic,trashnet-master/trashnet-master/data/filtered_6class/train/Plastic/plastic85.jpg,,trashnet-master/trashnet-master/data/dataset-resized/plastic/plastic85.jpg,,,,,,,,
trashnet_train_plastic5.jpg,TrashNet,image_classification,train,Plastic,plastic,trashnet-master/trashnet-master/data/filtered_6class/train/Plastic/plastic5.jpg,,trashnet-master/trashnet-master/data/dataset-resized/plastic/plastic5.jpg,,,,,,,,
trashnet_train_plastic339.jpg,TrashNet,image_classification,train,Plastic,plastic,trashnet-master/trashnet-master/data/filtered_6class/train/Plastic/plastic339.jpg,,trashnet-master/trashnet-master/data/dataset-resized/plastic/plastic339.jpg,,,,,,,,
trashnet_train_plastic224.jpg,TrashNet,image_classification,train,Plastic,plastic,trashnet-master/trashnet-master/data/filtered_6class/train/Plastic/plastic224.jpg,,trashnet-master/trashnet-master/data/dataset-resized/plastic/plastic224.jpg,,,,,,,,
trashnet_train_plastic54.jpg,TrashNet,image_classification,train,Plastic,plastic,trashnet-master/trashnet-master/data/filtered_6class/train/Plastic/plastic54.jpg,,trashnet-master/trashnet-master/data/dataset-resized/plastic/plastic54.jpg,,,,,,,,
trashnet_train_plastic159.jpg,TrashNet,image_classification,train,Plastic,plastic,trashnet-master/trashnet-master/data/filtered_6class/train/Plastic/plastic159.jpg,,trashnet-master/trashnet-master/data/dataset-resized/plastic/plastic159.jpg,,,,,,,,
trashnet_train_plastic64.jpg,TrashNet,image_classification,train,Plastic,plastic,trashnet-master/trashnet-master/data/filtered_6class/train/Plastic/plastic64.jpg,,trashnet-master/trashnet-master/data/dataset-resized/plastic/plastic64.jpg,,,,,,,,
trashnet_train_plastic219.jpg,TrashNet,image_classification,train,Plastic,plastic,trashnet-master/trashnet-master/data/filtered_6class/train/Plastic/plastic219.jpg,,trashnet-master/trashnet-master/data/dataset-resized/plastic/plastic219.jpg,,,,,,,,
trashnet_train_plastic451.jpg,TrashNet,image_classification,train,Plastic,plastic,trashnet-master/trashnet-master/data/filtered_6class/train/Plastic/plastic451.jpg,,trashnet-master/trashnet-master/data/dataset-resized/plastic/plastic451.jpg,,,,,,,,
trashnet_train_plastic235.jpg,TrashNet,image_classification,train,Plastic,plastic,trashnet-master/trashnet-master/data/filtered_6class/train/Plastic/plastic235.jpg,,trashnet-master/trashnet-master/data/dataset-resized/plastic/plastic235.jpg,,,,,,,,
trashnet_train_plastic334.jpg,TrashNet,image_classification,train,Plastic,plastic,trashnet-master/trashnet-master/data/filtered_6class/train/Plastic/plastic334.jpg,,trashnet-master/trashnet-master/data/dataset-resized/plastic/plastic334.jpg,,,,,,,,
trashnet_train_plastic278.jpg,TrashNet,image_classification,train,Plastic,plastic,trashnet-master/trashnet-master/data/filtered_6class/train/Plastic/plastic278.jpg,,trashnet-master/trashnet-master/data/dataset-resized/plastic/plastic278.jpg,,,,,,,,
trashnet_train_plastic78.jpg,TrashNet,image_classification,train,Plastic,plastic,trashnet-master/trashnet-master/data/filtered_6class/train/Plastic/plastic78.jpg,,trashnet-master/trashnet-master/data/dataset-resized/plastic/plastic78.jpg,,,,,,,,
trashnet_train_plastic291.jpg,TrashNet,image_classification,train,Plastic,plastic,trashnet-master/trashnet-master/data/filtered_6class/train/Plastic/plastic291.jpg,,trashnet-master/trashnet-master/data/dataset-resized/plastic/plastic291.jpg,,,,,,,,
trashnet_train_plastic269.jpg,TrashNet,image_classification,train,Plastic,plastic,trashnet-master/trashnet-master/data/filtered_6class/train/Plastic/plastic269.jpg,,trashnet-master/trashnet-master/data/dataset-resized/plastic/plastic269.jpg,,,,,,,,
trashnet_train_plastic241.jpg,TrashNet,image_classification,train,Plastic,plastic,trashnet-master/trashnet-master/data/filtered_6class/train/Plastic/plastic241.jpg,,trashnet-master/trashnet-master/data/dataset-resized/plastic/plastic241.jpg,,,,,,,,
trashnet_train_plastic328.jpg,TrashNet,image_classification,train,Plastic,plastic,trashnet-master/trashnet-master/data/filtered_6class/train/Plastic/plastic328.jpg,,trashnet-master/trashnet-master/data/dataset-resized/plastic/plastic328.jpg,,,,,,,,
trashnet_train_plastic53.jpg,TrashNet,image_classification,train,Plastic,plastic,trashnet-master/trashnet-master/data/filtered_6class/train/Plastic/plastic53.jpg,,trashnet-master/trashnet-master/data/dataset-resized/plastic/plastic53.jpg,,,,,,,,
trashnet_train_plastic117.jpg,TrashNet,image_classification,train,Plastic,plastic,trashnet-master/trashnet-master/data/filtered_6class/train/Plastic/plastic117.jpg,,trashnet-master/trashnet-master/data/dataset-resized/plastic/plastic117.jpg,,,,,,,,
trashnet_train_plastic216.jpg,TrashNet,image_classification,train,Plastic,plastic,trashnet-master/trashnet-master/data/filtered_6class/train/Plastic/plastic216.jpg,,trashnet-master/trashnet-master/data/dataset-resized/plastic/plastic216.jpg,,,,,,,,
trashnet_train_plastic243.jpg,TrashNet,image_classification,train,Plastic,plastic,trashnet-master/trashnet-master/data/filtered_6class/train/Plastic/plastic243.jpg,,trashnet-master/trashnet-master/data/dataset-resized/plastic/plastic243.jpg,,,,,,,,
trashnet_train_plastic357.jpg,TrashNet,image_classification,train,Plastic,plastic,trashnet-master/trashnet-master/data/filtered_6class/train/Plastic/plastic357.jpg,,trashnet-master/trashnet-master/data/dataset-resized/plastic/plastic357.jpg,,,,,,,,
trashnet_train_plastic349.jpg,TrashNet,image_classification,train,Plastic,plastic,trashnet-master/trashnet-master/data/filtered_6class/train/Plastic/plastic349.jpg,,trashnet-master/trashnet-master/data/dataset-resized/plastic/plastic349.jpg,,,,,,,,
trashnet_train_plastic39.jpg,TrashNet,image_classification,train,Plastic,plastic,trashnet-master/trashnet-master/data/filtered_6class/train/Plastic/plastic39.jpg,,trashnet-master/trashnet-master/data/dataset-resized/plastic/plastic39.jpg,,,,,,,,
trashnet_train_plastic36.jpg,TrashNet,image_classification,train,Plastic,plastic,trashnet-master/trashnet-master/data/filtered_6class/train/Plastic/plastic36.jpg,,trashnet-master/trashnet-master/data/dataset-resized/plastic/plastic36.jpg,,,,,,,,
trashnet_train_plastic233.jpg,TrashNet,image_classification,train,Plastic,plastic,trashnet-master/trashnet-master/data/filtered_6class/train/Plastic/plastic233.jpg,,trashnet-master/trashnet-master/data/dataset-resized/plastic/plastic233.jpg,,,,,,,,
trashnet_train_plastic476.jpg,TrashNet,image_classification,train,Plastic,plastic,trashnet-master/trashnet-master/data/filtered_6class/train/Plastic/plastic476.jpg,,trashnet-master/trashnet-master/data/dataset-resized/plastic/plastic476.jpg,,,,,,,,
trashnet_train_plastic411.jpg,TrashNet,image_classification,train,Plastic,plastic,trashnet-master/trashnet-master/data/filtered_6class/train/Plastic/plastic411.jpg,,trashnet-master/trashnet-master/data/dataset-resized/plastic/plastic411.jpg,,,,,,,,
trashnet_train_plastic380.jpg,TrashNet,image_classification,train,Plastic,plastic,trashnet-master/trashnet-master/data/filtered_6class/train/Plastic/plastic380.jpg,,trashnet-master/trashnet-master/data/dataset-resized/plastic/plastic380.jpg,,,,,,,,
trashnet_train_plastic452.jpg,TrashNet,image_classification,train,Plastic,plastic,trashnet-master/trashnet-master/data/filtered_6class/train/Plastic/plastic452.jpg,,trashnet-master/trashnet-master/data/dataset-resized/plastic/plastic452.jpg,,,,,,,,
trashnet_train_plastic56.jpg,TrashNet,image_classification,train,Plastic,plastic,trashnet-master/trashnet-master/data/filtered_6class/train/Plastic/plastic56.jpg,,trashnet-master/trashnet-master/data/dataset-resized/plastic/plastic56.jpg,,,,,,,,
trashnet_train_plastic462.jpg,TrashNet,image_classification,train,Plastic,plastic,trashnet-master/trashnet-master/data/filtered_6class/train/Plastic/plastic462.jpg,,trashnet-master/trashnet-master/data/dataset-resized/plastic/plastic462.jpg,,,,,,,,
trashnet_train_plastic111.jpg,TrashNet,image_classification,train,Plastic,plastic,trashnet-master/trashnet-master/data/filtered_6class/train/Plastic/plastic111.jpg,,trashnet-master/trashnet-master/data/dataset-resized/plastic/plastic111.jpg,,,,,,,,
trashnet_train_plastic149.jpg,TrashNet,image_classification,train,Plastic,plastic,trashnet-master/trashnet-master/data/filtered_6class/train/Plastic/plastic149.jpg,,trashnet-master/trashnet-master/data/dataset-resized/plastic/plastic149.jpg,,,,,,,,
trashnet_train_plastic167.jpg,TrashNet,image_classification,train,Plastic,plastic,trashnet-master/trashnet-master/data/filtered_6class/train/Plastic/plastic167.jpg,,trashnet-master/trashnet-master/data/dataset-resized/plastic/plastic167.jpg,,,,,,,,
trashnet_train_plastic327.jpg,TrashNet,image_classification,train,Plastic,plastic,trashnet-master/trashnet-master/data/filtered_6class/train/Plastic/plastic327.jpg,,trashnet-master/trashnet-master/data/dataset-resized/plastic/plastic327.jpg,,,,,,,,
trashnet_train_plastic134.jpg,TrashNet,image_classification,train,Plastic,plastic,trashnet-master/trashnet-master/data/filtered_6class/train/Plastic/plastic134.jpg,,trashnet-master/trashnet-master/data/dataset-resized/plastic/plastic134.jpg,,,,,,,,
trashnet_train_plastic315.jpg,TrashNet,image_classification,train,Plastic,plastic,trashnet-master/trashnet-master/data/filtered_6class/train/Plastic/plastic315.jpg,,trashnet-master/trashnet-master/data/dataset-resized/plastic/plastic315.jpg,,,,,,,,
trashnet_train_plastic251.jpg,TrashNet,image_classification,train,Plastic,plastic,trashnet-master/trashnet-master/data/filtered_6class/train/Plastic/plastic251.jpg,,trashnet-master/trashnet-master/data/dataset-resized/plastic/plastic251.jpg,,,,,,,,
trashnet_train_plastic458.jpg,TrashNet,image_classification,train,Plastic,plastic,trashnet-master/trashnet-master/data/filtered_6class/train/Plastic/plastic458.jpg,,trashnet-master/trashnet-master/data/dataset-resized/plastic/plastic458.jpg,,,,,,,,
trashnet_train_plastic419.jpg,TrashNet,image_classification,train,Plastic,plastic,trashnet-master/trashnet-master/data/filtered_6class/train/Plastic/plastic419.jpg,,trashnet-master/trashnet-master/data/dataset-resized/plastic/plastic419.jpg,,,,,,,,
trashnet_train_plastic441.jpg,TrashNet,image_classification,train,Plastic,plastic,trashnet-master/trashnet-master/data/filtered_6class/train/Plastic/plastic441.jpg,,trashnet-master/trashnet-master/data/dataset-resized/plastic/plastic441.jpg,,,,,,,,
trashnet_train_plastic464.jpg,TrashNet,image_classification,train,Plastic,plastic,trashnet-master/trashnet-master/data/filtered_6class/train/Plastic/plastic464.jpg,,trashnet-master/trashnet-master/data/dataset-resized/plastic/plastic464.jpg,,,,,,,,
trashnet_train_plastic16.jpg,TrashNet,image_classification,train,Plastic,plastic,trashnet-master/trashnet-master/data/filtered_6class/train/Plastic/plastic16.jpg,,trashnet-master/trashnet-master/data/dataset-resized/plastic/plastic16.jpg,,,,,,,,
trashnet_train_plastic189.jpg,TrashNet,image_classification,train,Plastic,plastic,trashnet-master/trashnet-master/data/filtered_6class/train/Plastic/plastic189.jpg,,trashnet-master/trashnet-master/data/dataset-resized/plastic/plastic189.jpg,,,,,,,,
trashnet_train_plastic366.jpg,TrashNet,image_classification,train,Plastic,plastic,trashnet-master/trashnet-master/data/filtered_6class/train/Plastic/plastic366.jpg,,trashnet-master/trashnet-master/data/dataset-resized/plastic/plastic366.jpg,,,,,,,,
trashnet_train_plastic187.jpg,TrashNet,image_classification,train,Plastic,plastic,trashnet-master/trashnet-master/data/filtered_6class/train/Plastic/plastic187.jpg,,trashnet-master/trashnet-master/data/dataset-resized/plastic/plastic187.jpg,,,,,,,,
trashnet_train_plastic268.jpg,TrashNet,image_classification,train,Plastic,plastic,trashnet-master/trashnet-master/data/filtered_6class/train/Plastic/plastic268.jpg,,trashnet-master/trashnet-master/data/dataset-resized/plastic/plastic268.jpg,,,,,,,,
trashnet_train_plastic70.jpg,TrashNet,image_classification,train,Plastic,plastic,trashnet-master/trashnet-master/data/filtered_6class/train/Plastic/plastic70.jpg,,trashnet-master/trashnet-master/data/dataset-resized/plastic/plastic70.jpg,,,,,,,,
trashnet_train_plastic442.jpg,TrashNet,image_classification,train,Plastic,plastic,trashnet-master/trashnet-master/data/filtered_6class/train/Plastic/plastic442.jpg,,trashnet-master/trashnet-master/data/dataset-resized/plastic/plastic442.jpg,,,,,,,,
trashnet_train_plastic71.jpg,TrashNet,image_classification,train,Plastic,plastic,trashnet-master/trashnet-master/data/filtered_6class/train/Plastic/plastic71.jpg,,trashnet-master/trashnet-master/data/dataset-resized/plastic/plastic71.jpg,,,,,,,,
trashnet_train_plastic412.jpg,TrashNet,image_classification,train,Plastic,plastic,trashnet-master/trashnet-master/data/filtered_6class/train/Plastic/plastic412.jpg,,trashnet-master/trashnet-master/data/dataset-resized/plastic/plastic412.jpg,,,,,,,,
trashnet_train_plastic319.jpg,TrashNet,image_classification,train,Plastic,plastic,trashnet-master/trashnet-master/data/filtered_6class/train/Plastic/plastic319.jpg,,trashnet-master/trashnet-master/data/dataset-resized/plastic/plastic319.jpg,,,,,,,,
trashnet_train_plastic306.jpg,TrashNet,image_classification,train,Plastic,plastic,trashnet-master/trashnet-master/data/filtered_6class/train/Plastic/plastic306.jpg,,trashnet-master/trashnet-master/data/dataset-resized/plastic/plastic306.jpg,,,,,,,,
trashnet_train_plastic137.jpg,TrashNet,image_classification,train,Plastic,plastic,trashnet-master/trashnet-master/data/filtered_6class/train/Plastic/plastic137.jpg,,trashnet-master/trashnet-master/data/dataset-resized/plastic/plastic137.jpg,,,,,,,,
trashnet_train_plastic321.jpg,TrashNet,image_classification,train,Plastic,plastic,trashnet-master/trashnet-master/data/filtered_6class/train/Plastic/plastic321.jpg,,trashnet-master/trashnet-master/data/dataset-resized/plastic/plastic321.jpg,,,,,,,,
trashnet_train_plastic466.jpg,TrashNet,image_classification,train,Plastic,plastic,trashnet-master/trashnet-master/data/filtered_6class/train/Plastic/plastic466.jpg,,trashnet-master/trashnet-master/data/dataset-resized/plastic/plastic466.jpg,,,,,,,,
trashnet_train_plastic79.jpg,TrashNet,image_classification,train,Plastic,plastic,trashnet-master/trashnet-master/data/filtered_6class/train/Plastic/plastic79.jpg,,trashnet-master/trashnet-master/data/dataset-resized/plastic/plastic79.jpg,,,,,,,,
trashnet_train_plastic317.jpg,TrashNet,image_classification,train,Plastic,plastic,trashnet-master/trashnet-master/data/filtered_6class/train/Plastic/plastic317.jpg,,trashnet-master/trashnet-master/data/dataset-resized/plastic/plastic317.jpg,,,,,,,,
trashnet_train_plastic431.jpg,TrashNet,image_classification,train,Plastic,plastic,trashnet-master/trashnet-master/data/filtered_6class/train/Plastic/plastic431.jpg,,trashnet-master/trashnet-master/data/dataset-resized/plastic/plastic431.jpg,,,,,,,,
trashnet_train_plastic97.jpg,TrashNet,image_classification,train,Plastic,plastic,trashnet-master/trashnet-master/data/filtered_6class/train/Plastic/plastic97.jpg,,trashnet-master/trashnet-master/data/dataset-resized/plastic/plastic97.jpg,,,,,,,,
trashnet_train_plastic293.jpg,TrashNet,image_classification,train,Plastic,plastic,trashnet-master/trashnet-master/data/filtered_6class/train/Plastic/plastic293.jpg,,trashnet-master/trashnet-master/data/dataset-resized/plastic/plastic293.jpg,,,,,,,,
trashnet_train_plastic95.jpg,TrashNet,image_classification,train,Plastic,plastic,trashnet-master/trashnet-master/data/filtered_6class/train/Plastic/plastic95.jpg,,trashnet-master/trashnet-master/data/dataset-resized/plastic/plastic95.jpg,,,,,,,,
trashnet_train_plastic200.jpg,TrashNet,image_classification,train,Plastic,plastic,trashnet-master/trashnet-master/data/filtered_6class/train/Plastic/plastic200.jpg,,trashnet-master/trashnet-master/data/dataset-resized/plastic/plastic200.jpg,,,,,,,,
trashnet_train_plastic116.jpg,TrashNet,image_classification,train,Plastic,plastic,trashnet-master/trashnet-master/data/filtered_6class/train/Plastic/plastic116.jpg,,trashnet-master/trashnet-master/data/dataset-resized/plastic/plastic116.jpg,,,,,,,,
trashnet_train_plastic287.jpg,TrashNet,image_classification,train,Plastic,plastic,trashnet-master/trashnet-master/data/filtered_6class/train/Plastic/plastic287.jpg,,trashnet-master/trashnet-master/data/dataset-resized/plastic/plastic287.jpg,,,,,,,,
trashnet_train_plastic205.jpg,TrashNet,image_classification,train,Plastic,plastic,trashnet-master/trashnet-master/data/filtered_6class/train/Plastic/plastic205.jpg,,trashnet-master/trashnet-master/data/dataset-resized/plastic/plastic205.jpg,,,,,,,,
trashnet_train_plastic320.jpg,TrashNet,image_classification,train,Plastic,plastic,trashnet-master/trashnet-master/data/filtered_6class/train/Plastic/plastic320.jpg,,trashnet-master/trashnet-master/data/dataset-resized/plastic/plastic320.jpg,,,,,,,,
trashnet_train_plastic401.jpg,TrashNet,image_classification,train,Plastic,plastic,trashnet-master/trashnet-master/data/filtered_6class/train/Plastic/plastic401.jpg,,trashnet-master/trashnet-master/data/dataset-resized/plastic/plastic401.jpg,,,,,,,,
trashnet_train_plastic30.jpg,TrashNet,image_classification,train,Plastic,plastic,trashnet-master/trashnet-master/data/filtered_6class/train/Plastic/plastic30.jpg,,trashnet-master/trashnet-master/data/dataset-resized/plastic/plastic30.jpg,,,,,,,,
trashnet_train_plastic73.jpg,TrashNet,image_classification,train,Plastic,plastic,trashnet-master/trashnet-master/data/filtered_6class/train/Plastic/plastic73.jpg,,trashnet-master/trashnet-master/data/dataset-resized/plastic/plastic73.jpg,,,,,,,,
trashnet_train_plastic93.jpg,TrashNet,image_classification,train,Plastic,plastic,trashnet-master/trashnet-master/data/filtered_6class/train/Plastic/plastic93.jpg,,trashnet-master/trashnet-master/data/dataset-resized/plastic/plastic93.jpg,,,,,,,,
trashnet_train_plastic426.jpg,TrashNet,image_classification,train,Plastic,plastic,trashnet-master/trashnet-master/data/filtered_6class/train/Plastic/plastic426.jpg,,trashnet-master/trashnet-master/data/dataset-resized/plastic/plastic426.jpg,,,,,,,,
trashnet_train_plastic69.jpg,TrashNet,image_classification,train,Plastic,plastic,trashnet-master/trashnet-master/data/filtered_6class/train/Plastic/plastic69.jpg,,trashnet-master/trashnet-master/data/dataset-resized/plastic/plastic69.jpg,,,,,,,,
trashnet_train_plastic51.jpg,TrashNet,image_classification,train,Plastic,plastic,trashnet-master/trashnet-master/data/filtered_6class/train/Plastic/plastic51.jpg,,trashnet-master/trashnet-master/data/dataset-resized/plastic/plastic51.jpg,,,,,,,,
trashnet_train_plastic477.jpg,TrashNet,image_classification,train,Plastic,plastic,trashnet-master/trashnet-master/data/filtered_6class/train/Plastic/plastic477.jpg,,trashnet-master/trashnet-master/data/dataset-resized/plastic/plastic477.jpg,,,,,,,,
trashnet_train_plastic123.jpg,TrashNet,image_classification,train,Plastic,plastic,trashnet-master/trashnet-master/data/filtered_6class/train/Plastic/plastic123.jpg,,trashnet-master/trashnet-master/data/dataset-resized/plastic/plastic123.jpg,,,,,,,,
trashnet_train_plastic367.jpg,TrashNet,image_classification,train,Plastic,plastic,trashnet-master/trashnet-master/data/filtered_6class/train/Plastic/plastic367.jpg,,trashnet-master/trashnet-master/data/dataset-resized/plastic/plastic367.jpg,,,,,,,,
trashnet_train_plastic177.jpg,TrashNet,image_classification,train,Plastic,plastic,trashnet-master/trashnet-master/data/filtered_6class/train/Plastic/plastic177.jpg,,trashnet-master/trashnet-master/data/dataset-resized/plastic/plastic177.jpg,,,,,,,,
trashnet_train_plastic325.jpg,TrashNet,image_classification,train,Plastic,plastic,trashnet-master/trashnet-master/data/filtered_6class/train/Plastic/plastic325.jpg,,trashnet-master/trashnet-master/data/dataset-resized/plastic/plastic325.jpg,,,,,,,,
trashnet_train_plastic192.jpg,TrashNet,image_classification,train,Plastic,plastic,trashnet-master/trashnet-master/data/filtered_6class/train/Plastic/plastic192.jpg,,trashnet-master/trashnet-master/data/dataset-resized/plastic/plastic192.jpg,,,,,,,,
trashnet_train_plastic82.jpg,TrashNet,image_classification,train,Plastic,plastic,trashnet-master/trashnet-master/data/filtered_6class/train/Plastic/plastic82.jpg,,trashnet-master/trashnet-master/data/dataset-resized/plastic/plastic82.jpg,,,,,,,,
trashnet_train_plastic121.jpg,TrashNet,image_classification,train,Plastic,plastic,trashnet-master/trashnet-master/data/filtered_6class/train/Plastic/plastic121.jpg,,trashnet-master/trashnet-master/data/dataset-resized/plastic/plastic121.jpg,,,,,,,,
trashnet_train_plastic47.jpg,TrashNet,image_classification,train,Plastic,plastic,trashnet-master/trashnet-master/data/filtered_6class/train/Plastic/plastic47.jpg,,trashnet-master/trashnet-master/data/dataset-resized/plastic/plastic47.jpg,,,,,,,,
trashnet_train_plastic25.jpg,TrashNet,image_classification,train,Plastic,plastic,trashnet-master/trashnet-master/data/filtered_6class/train/Plastic/plastic25.jpg,,trashnet-master/trashnet-master/data/dataset-resized/plastic/plastic25.jpg,,,,,,,,
trashnet_train_plastic55.jpg,TrashNet,image_classification,train,Plastic,plastic,trashnet-master/trashnet-master/data/filtered_6class/train/Plastic/plastic55.jpg,,trashnet-master/trashnet-master/data/dataset-resized/plastic/plastic55.jpg,,,,,,,,
trashnet_train_plastic77.jpg,TrashNet,image_classification,train,Plastic,plastic,trashnet-master/trashnet-master/data/filtered_6class/train/Plastic/plastic77.jpg,,trashnet-master/trashnet-master/data/dataset-resized/plastic/plastic77.jpg,,,,,,,,
trashnet_train_plastic463.jpg,TrashNet,image_classification,train,Plastic,plastic,trashnet-master/trashnet-master/data/filtered_6class/train/Plastic/plastic463.jpg,,trashnet-master/trashnet-master/data/dataset-resized/plastic/plastic463.jpg,,,,,,,,
trashnet_train_plastic460.jpg,TrashNet,image_classification,train,Plastic,plastic,trashnet-master/trashnet-master/data/filtered_6class/train/Plastic/plastic460.jpg,,trashnet-master/trashnet-master/data/dataset-resized/plastic/plastic460.jpg,,,,,,,,
trashnet_train_plastic194.jpg,TrashNet,image_classification,train,Plastic,plastic,trashnet-master/trashnet-master/data/filtered_6class/train/Plastic/plastic194.jpg,,trashnet-master/trashnet-master/data/dataset-resized/plastic/plastic194.jpg,,,,,,,,
trashnet_train_plastic386.jpg,TrashNet,image_classification,train,Plastic,plastic,trashnet-master/trashnet-master/data/filtered_6class/train/Plastic/plastic386.jpg,,trashnet-master/trashnet-master/data/dataset-resized/plastic/plastic386.jpg,,,,,,,,
trashnet_train_plastic180.jpg,TrashNet,image_classification,train,Plastic,plastic,trashnet-master/trashnet-master/data/filtered_6class/train/Plastic/plastic180.jpg,,trashnet-master/trashnet-master/data/dataset-resized/plastic/plastic180.jpg,,,,,,,,
trashnet_train_plastic57.jpg,TrashNet,image_classification,train,Plastic,plastic,trashnet-master/trashnet-master/data/filtered_6class/train/Plastic/plastic57.jpg,,trashnet-master/trashnet-master/data/dataset-resized/plastic/plastic57.jpg,,,,,,,,
trashnet_train_plastic250.jpg,TrashNet,image_classification,train,Plastic,plastic,trashnet-master/trashnet-master/data/filtered_6class/train/Plastic/plastic250.jpg,,trashnet-master/trashnet-master/data/dataset-resized/plastic/plastic250.jpg,,,,,,,,
trashnet_train_plastic304.jpg,TrashNet,image_classification,train,Plastic,plastic,trashnet-master/trashnet-master/data/filtered_6class/train/Plastic/plastic304.jpg,,trashnet-master/trashnet-master/data/dataset-resized/plastic/plastic304.jpg,,,,,,,,
trashnet_train_plastic61.jpg,TrashNet,image_classification,train,Plastic,plastic,trashnet-master/trashnet-master/data/filtered_6class/train/Plastic/plastic61.jpg,,trashnet-master/trashnet-master/data/dataset-resized/plastic/plastic61.jpg,,,,,,,,
trashnet_train_plastic142.jpg,TrashNet,image_classification,train,Plastic,plastic,trashnet-master/trashnet-master/data/filtered_6class/train/Plastic/plastic142.jpg,,trashnet-master/trashnet-master/data/dataset-resized/plastic/plastic142.jpg,,,,,,,,
trashnet_train_plastic193.jpg,TrashNet,image_classification,train,Plastic,plastic,trashnet-master/trashnet-master/data/filtered_6class/train/Plastic/plastic193.jpg,,trashnet-master/trashnet-master/data/dataset-resized/plastic/plastic193.jpg,,,,,,,,
trashnet_train_plastic285.jpg,TrashNet,image_classification,train,Plastic,plastic,trashnet-master/trashnet-master/data/filtered_6class/train/Plastic/plastic285.jpg,,trashnet-master/trashnet-master/data/dataset-resized/plastic/plastic285.jpg,,,,,,,,
trashnet_train_plastic479.jpg,TrashNet,image_classification,train,Plastic,plastic,trashnet-master/trashnet-master/data/filtered_6class/train/Plastic/plastic479.jpg,,trashnet-master/trashnet-master/data/dataset-resized/plastic/plastic479.jpg,,,,,,,,
trashnet_train_plastic28.jpg,TrashNet,image_classification,train,Plastic,plastic,trashnet-master/trashnet-master/data/filtered_6class/train/Plastic/plastic28.jpg,,trashnet-master/trashnet-master/data/dataset-resized/plastic/plastic28.jpg,,,,,,,,
trashnet_train_plastic155.jpg,TrashNet,image_classification,train,Plastic,plastic,trashnet-master/trashnet-master/data/filtered_6class/train/Plastic/plastic155.jpg,,trashnet-master/trashnet-master/data/dataset-resized/plastic/plastic155.jpg,,,,,,,,
trashnet_train_plastic208.jpg,TrashNet,image_classification,train,Plastic,plastic,trashnet-master/trashnet-master/data/filtered_6class/train/Plastic/plastic208.jpg,,trashnet-master/trashnet-master/data/dataset-resized/plastic/plastic208.jpg,,,,,,,,
trashnet_train_plastic231.jpg,TrashNet,image_classification,train,Plastic,plastic,trashnet-master/trashnet-master/data/filtered_6class/train/Plastic/plastic231.jpg,,trashnet-master/trashnet-master/data/dataset-resized/plastic/plastic231.jpg,,,,,,,,
trashnet_train_plastic230.jpg,TrashNet,image_classification,train,Plastic,plastic,trashnet-master/trashnet-master/data/filtered_6class/train/Plastic/plastic230.jpg,,trashnet-master/trashnet-master/data/dataset-resized/plastic/plastic230.jpg,,,,,,,,
trashnet_train_plastic301.jpg,TrashNet,image_classification,train,Plastic,plastic,trashnet-master/trashnet-master/data/filtered_6class/train/Plastic/plastic301.jpg,,trashnet-master/trashnet-master/data/dataset-resized/plastic/plastic301.jpg,,,,,,,,
trashnet_train_plastic391.jpg,TrashNet,image_classification,train,Plastic,plastic,trashnet-master/trashnet-master/data/filtered_6class/train/Plastic/plastic391.jpg,,trashnet-master/trashnet-master/data/dataset-resized/plastic/plastic391.jpg,,,,,,,,
trashnet_train_plastic361.jpg,TrashNet,image_classification,train,Plastic,plastic,trashnet-master/trashnet-master/data/filtered_6class/train/Plastic/plastic361.jpg,,trashnet-master/trashnet-master/data/dataset-resized/plastic/plastic361.jpg,,,,,,,,
trashnet_train_plastic425.jpg,TrashNet,image_classification,train,Plastic,plastic,trashnet-master/trashnet-master/data/filtered_6class/train/Plastic/plastic425.jpg,,trashnet-master/trashnet-master/data/dataset-resized/plastic/plastic425.jpg,,,,,,,,
trashnet_train_plastic437.jpg,TrashNet,image_classification,train,Plastic,plastic,trashnet-master/trashnet-master/data/filtered_6class/train/Plastic/plastic437.jpg,,trashnet-master/trashnet-master/data/dataset-resized/plastic/plastic437.jpg,,,,,,,,
trashnet_train_plastic444.jpg,TrashNet,image_classification,train,Plastic,plastic,trashnet-master/trashnet-master/data/filtered_6class/train/Plastic/plastic444.jpg,,trashnet-master/trashnet-master/data/dataset-resized/plastic/plastic444.jpg,,,,,,,,
trashnet_train_plastic210.jpg,TrashNet,image_classification,train,Plastic,plastic,trashnet-master/trashnet-master/data/filtered_6class/train/Plastic/plastic210.jpg,,trashnet-master/trashnet-master/data/dataset-resized/plastic/plastic210.jpg,,,,,,,,
trashnet_train_plastic253.jpg,TrashNet,image_classification,train,Plastic,plastic,trashnet-master/trashnet-master/data/filtered_6class/train/Plastic/plastic253.jpg,,trashnet-master/trashnet-master/data/dataset-resized/plastic/plastic253.jpg,,,,,,,,
trashnet_train_plastic432.jpg,TrashNet,image_classification,train,Plastic,plastic,trashnet-master/trashnet-master/data/filtered_6class/train/Plastic/plastic432.jpg,,trashnet-master/trashnet-master/data/dataset-resized/plastic/plastic432.jpg,,,,,,,,
trashnet_train_plastic153.jpg,TrashNet,image_classification,train,Plastic,plastic,trashnet-master/trashnet-master/data/filtered_6class/train/Plastic/plastic153.jpg,,trashnet-master/trashnet-master/data/dataset-resized/plastic/plastic153.jpg,,,,,,,,
trashnet_train_plastic217.jpg,TrashNet,image_classification,train,Plastic,plastic,trashnet-master/trashnet-master/data/filtered_6class/train/Plastic/plastic217.jpg,,trashnet-master/trashnet-master/data/dataset-resized/plastic/plastic217.jpg,,,,,,,,
trashnet_train_plastic115.jpg,TrashNet,image_classification,train,Plastic,plastic,trashnet-master/trashnet-master/data/filtered_6class/train/Plastic/plastic115.jpg,,trashnet-master/trashnet-master/data/dataset-resized/plastic/plastic115.jpg,,,,,,,,
trashnet_train_plastic35.jpg,TrashNet,image_classification,train,Plastic,plastic,trashnet-master/trashnet-master/data/filtered_6class/train/Plastic/plastic35.jpg,,trashnet-master/trashnet-master/data/dataset-resized/plastic/plastic35.jpg,,,,,,,,
trashnet_train_plastic298.jpg,TrashNet,image_classification,train,Plastic,plastic,trashnet-master/trashnet-master/data/filtered_6class/train/Plastic/plastic298.jpg,,trashnet-master/trashnet-master/data/dataset-resized/plastic/plastic298.jpg,,,,,,,,
trashnet_train_plastic106.jpg,TrashNet,image_classification,train,Plastic,plastic,trashnet-master/trashnet-master/data/filtered_6class/train/Plastic/plastic106.jpg,,trashnet-master/trashnet-master/data/dataset-resized/plastic/plastic106.jpg,,,,,,,,
trashnet_train_plastic34.jpg,TrashNet,image_classification,train,Plastic,plastic,trashnet-master/trashnet-master/data/filtered_6class/train/Plastic/plastic34.jpg,,trashnet-master/trashnet-master/data/dataset-resized/plastic/plastic34.jpg,,,,,,,,
trashnet_train_plastic114.jpg,TrashNet,image_classification,train,Plastic,plastic,trashnet-master/trashnet-master/data/filtered_6class/train/Plastic/plastic114.jpg,,trashnet-master/trashnet-master/data/dataset-resized/plastic/plastic114.jpg,,,,,,,,
trashnet_train_plastic465.jpg,TrashNet,image_classification,train,Plastic,plastic,trashnet-master/trashnet-master/data/filtered_6class/train/Plastic/plastic465.jpg,,trashnet-master/trashnet-master/data/dataset-resized/plastic/plastic465.jpg,,,,,,,,
trashnet_train_plastic126.jpg,TrashNet,image_classification,train,Plastic,plastic,trashnet-master/trashnet-master/data/filtered_6class/train/Plastic/plastic126.jpg,,trashnet-master/trashnet-master/data/dataset-resized/plastic/plastic126.jpg,,,,,,,,
trashnet_train_plastic446.jpg,TrashNet,image_classification,train,Plastic,plastic,trashnet-master/trashnet-master/data/filtered_6class/train/Plastic/plastic446.jpg,,trashnet-master/trashnet-master/data/dataset-resized/plastic/plastic446.jpg,,,,,,,,
trashnet_train_plastic65.jpg,TrashNet,image_classification,train,Plastic,plastic,trashnet-master/trashnet-master/data/filtered_6class/train/Plastic/plastic65.jpg,,trashnet-master/trashnet-master/data/dataset-resized/plastic/plastic65.jpg,,,,,,,,
trashnet_train_plastic405.jpg,TrashNet,image_classification,train,Plastic,plastic,trashnet-master/trashnet-master/data/filtered_6class/train/Plastic/plastic405.jpg,,trashnet-master/trashnet-master/data/dataset-resized/plastic/plastic405.jpg,,,,,,,,
trashnet_train_plastic43.jpg,TrashNet,image_classification,train,Plastic,plastic,trashnet-master/trashnet-master/data/filtered_6class/train/Plastic/plastic43.jpg,,trashnet-master/trashnet-master/data/dataset-resized/plastic/plastic43.jpg,,,,,,,,
trashnet_train_plastic108.jpg,TrashNet,image_classification,train,Plastic,plastic,trashnet-master/trashnet-master/data/filtered_6class/train/Plastic/plastic108.jpg,,trashnet-master/trashnet-master/data/dataset-resized/plastic/plastic108.jpg,,,,,,,,
trashnet_train_plastic255.jpg,TrashNet,image_classification,train,Plastic,plastic,trashnet-master/trashnet-master/data/filtered_6class/train/Plastic/plastic255.jpg,,trashnet-master/trashnet-master/data/dataset-resized/plastic/plastic255.jpg,,,,,,,,
trashnet_train_plastic395.jpg,TrashNet,image_classification,train,Plastic,plastic,trashnet-master/trashnet-master/data/filtered_6class/train/Plastic/plastic395.jpg,,trashnet-master/trashnet-master/data/dataset-resized/plastic/plastic395.jpg,,,,,,,,
trashnet_train_plastic202.jpg,TrashNet,image_classification,train,Plastic,plastic,trashnet-master/trashnet-master/data/filtered_6class/train/Plastic/plastic202.jpg,,trashnet-master/trashnet-master/data/dataset-resized/plastic/plastic202.jpg,,,,,,,,
trashnet_train_plastic448.jpg,TrashNet,image_classification,train,Plastic,plastic,trashnet-master/trashnet-master/data/filtered_6class/train/Plastic/plastic448.jpg,,trashnet-master/trashnet-master/data/dataset-resized/plastic/plastic448.jpg,,,,,,,,
trashnet_train_plastic154.jpg,TrashNet,image_classification,train,Plastic,plastic,trashnet-master/trashnet-master/data/filtered_6class/train/Plastic/plastic154.jpg,,trashnet-master/trashnet-master/data/dataset-resized/plastic/plastic154.jpg,,,,,,,,
trashnet_train_plastic307.jpg,TrashNet,image_classification,train,Plastic,plastic,trashnet-master/trashnet-master/data/filtered_6class/train/Plastic/plastic307.jpg,,trashnet-master/trashnet-master/data/dataset-resized/plastic/plastic307.jpg,,,,,,,,
trashnet_train_plastic337.jpg,TrashNet,image_classification,train,Plastic,plastic,trashnet-master/trashnet-master/data/filtered_6class/train/Plastic/plastic337.jpg,,trashnet-master/trashnet-master/data/dataset-resized/plastic/plastic337.jpg,,,,,,,,
trashnet_train_plastic300.jpg,TrashNet,image_classification,train,Plastic,plastic,trashnet-master/trashnet-master/data/filtered_6class/train/Plastic/plastic300.jpg,,trashnet-master/trashnet-master/data/dataset-resized/plastic/plastic300.jpg,,,,,,,,
trashnet_train_plastic37.jpg,TrashNet,image_classification,train,Plastic,plastic,trashnet-master/trashnet-master/data/filtered_6class/train/Plastic/plastic37.jpg,,trashnet-master/trashnet-master/data/dataset-resized/plastic/plastic37.jpg,,,,,,,,
trashnet_train_plastic407.jpg,TrashNet,image_classification,train,Plastic,plastic,trashnet-master/trashnet-master/data/filtered_6class/train/Plastic/plastic407.jpg,,trashnet-master/trashnet-master/data/dataset-resized/plastic/plastic407.jpg,,,,,,,,
trashnet_train_plastic242.jpg,TrashNet,image_classification,train,Plastic,plastic,trashnet-master/trashnet-master/data/filtered_6class/train/Plastic/plastic242.jpg,,trashnet-master/trashnet-master/data/dataset-resized/plastic/plastic242.jpg,,,,,,,,
trashnet_train_plastic191.jpg,TrashNet,image_classification,train,Plastic,plastic,trashnet-master/trashnet-master/data/filtered_6class/train/Plastic/plastic191.jpg,,trashnet-master/trashnet-master/data/dataset-resized/plastic/plastic191.jpg,,,,,,,,
trashnet_train_plastic421.jpg,TrashNet,image_classification,train,Plastic,plastic,trashnet-master/trashnet-master/data/filtered_6class/train/Plastic/plastic421.jpg,,trashnet-master/trashnet-master/data/dataset-resized/plastic/plastic421.jpg,,,,,,,,
trashnet_train_plastic397.jpg,TrashNet,image_classification,train,Plastic,plastic,trashnet-master/trashnet-master/data/filtered_6class/train/Plastic/plastic397.jpg,,trashnet-master/trashnet-master/data/dataset-resized/plastic/plastic397.jpg,,,,,,,,
trashnet_train_plastic390.jpg,TrashNet,image_classification,train,Plastic,plastic,trashnet-master/trashnet-master/data/filtered_6class/train/Plastic/plastic390.jpg,,trashnet-master/trashnet-master/data/dataset-resized/plastic/plastic390.jpg,,,,,,,,
trashnet_train_plastic415.jpg,TrashNet,image_classification,train,Plastic,plastic,trashnet-master/trashnet-master/data/filtered_6class/train/Plastic/plastic415.jpg,,trashnet-master/trashnet-master/data/dataset-resized/plastic/plastic415.jpg,,,,,,,,
trashnet_train_plastic175.jpg,TrashNet,image_classification,train,Plastic,plastic,trashnet-master/trashnet-master/data/filtered_6class/train/Plastic/plastic175.jpg,,trashnet-master/trashnet-master/data/dataset-resized/plastic/plastic175.jpg,,,,,,,,
trashnet_train_plastic318.jpg,TrashNet,image_classification,train,Plastic,plastic,trashnet-master/trashnet-master/data/filtered_6class/train/Plastic/plastic318.jpg,,trashnet-master/trashnet-master/data/dataset-resized/plastic/plastic318.jpg,,,,,,,,
trashnet_train_plastic158.jpg,TrashNet,image_classification,train,Plastic,plastic,trashnet-master/trashnet-master/data/filtered_6class/train/Plastic/plastic158.jpg,,trashnet-master/trashnet-master/data/dataset-resized/plastic/plastic158.jpg,,,,,,,,
trashnet_train_plastic157.jpg,TrashNet,image_classification,train,Plastic,plastic,trashnet-master/trashnet-master/data/filtered_6class/train/Plastic/plastic157.jpg,,trashnet-master/trashnet-master/data/dataset-resized/plastic/plastic157.jpg,,,,,,,,
trashnet_train_plastic344.jpg,TrashNet,image_classification,train,Plastic,plastic,trashnet-master/trashnet-master/data/filtered_6class/train/Plastic/plastic344.jpg,,trashnet-master/trashnet-master/data/dataset-resized/plastic/plastic344.jpg,,,,,,,,
trashnet_train_plastic467.jpg,TrashNet,image_classification,train,Plastic,plastic,trashnet-master/trashnet-master/data/filtered_6class/train/Plastic/plastic467.jpg,,trashnet-master/trashnet-master/data/dataset-resized/plastic/plastic467.jpg,,,,,,,,
trashnet_train_plastic322.jpg,TrashNet,image_classification,train,Plastic,plastic,trashnet-master/trashnet-master/data/filtered_6class/train/Plastic/plastic322.jpg,,trashnet-master/trashnet-master/data/dataset-resized/plastic/plastic322.jpg,,,,,,,,
trashnet_train_plastic138.jpg,TrashNet,image_classification,train,Plastic,plastic,trashnet-master/trashnet-master/data/filtered_6class/train/Plastic/plastic138.jpg,,trashnet-master/trashnet-master/data/dataset-resized/plastic/plastic138.jpg,,,,,,,,
trashnet_train_plastic461.jpg,TrashNet,image_classification,train,Plastic,plastic,trashnet-master/trashnet-master/data/filtered_6class/train/Plastic/plastic461.jpg,,trashnet-master/trashnet-master/data/dataset-resized/plastic/plastic461.jpg,,,,,,,,
trashnet_train_plastic21.jpg,TrashNet,image_classification,train,Plastic,plastic,trashnet-master/trashnet-master/data/filtered_6class/train/Plastic/plastic21.jpg,,trashnet-master/trashnet-master/data/dataset-resized/plastic/plastic21.jpg,,,,,,,,
trashnet_train_plastic125.jpg,TrashNet,image_classification,train,Plastic,plastic,trashnet-master/trashnet-master/data/filtered_6class/train/Plastic/plastic125.jpg,,trashnet-master/trashnet-master/data/dataset-resized/plastic/plastic125.jpg,,,,,,,,
trashnet_train_plastic209.jpg,TrashNet,image_classification,train,Plastic,plastic,trashnet-master/trashnet-master/data/filtered_6class/train/Plastic/plastic209.jpg,,trashnet-master/trashnet-master/data/dataset-resized/plastic/plastic209.jpg,,,,,,,,
trashnet_train_plastic240.jpg,TrashNet,image_classification,train,Plastic,plastic,trashnet-master/trashnet-master/data/filtered_6class/train/Plastic/plastic240.jpg,,trashnet-master/trashnet-master/data/dataset-resized/plastic/plastic240.jpg,,,,,,,,
trashnet_train_plastic406.jpg,TrashNet,image_classification,train,Plastic,plastic,trashnet-master/trashnet-master/data/filtered_6class/train/Plastic/plastic406.jpg,,trashnet-master/trashnet-master/data/dataset-resized/plastic/plastic406.jpg,,,,,,,,
trashnet_train_plastic383.jpg,TrashNet,image_classification,train,Plastic,plastic,trashnet-master/trashnet-master/data/filtered_6class/train/Plastic/plastic383.jpg,,trashnet-master/trashnet-master/data/dataset-resized/plastic/plastic383.jpg,,,,,,,,
trashnet_train_plastic107.jpg,TrashNet,image_classification,train,Plastic,plastic,trashnet-master/trashnet-master/data/filtered_6class/train/Plastic/plastic107.jpg,,trashnet-master/trashnet-master/data/dataset-resized/plastic/plastic107.jpg,,,,,,,,
trashnet_train_plastic324.jpg,TrashNet,image_classification,train,Plastic,plastic,trashnet-master/trashnet-master/data/filtered_6class/train/Plastic/plastic324.jpg,,trashnet-master/trashnet-master/data/dataset-resized/plastic/plastic324.jpg,,,,,,,,
trashnet_train_plastic248.jpg,TrashNet,image_classification,train,Plastic,plastic,trashnet-master/trashnet-master/data/filtered_6class/train/Plastic/plastic248.jpg,,trashnet-master/trashnet-master/data/dataset-resized/plastic/plastic248.jpg,,,,,,,,
trashnet_train_plastic1.jpg,TrashNet,image_classification,train,Plastic,plastic,trashnet-master/trashnet-master/data/filtered_6class/train/Plastic/plastic1.jpg,,trashnet-master/trashnet-master/data/dataset-resized/plastic/plastic1.jpg,,,,,,,,
trashnet_train_plastic343.jpg,TrashNet,image_classification,train,Plastic,plastic,trashnet-master/trashnet-master/data/filtered_6class/train/Plastic/plastic343.jpg,,trashnet-master/trashnet-master/data/dataset-resized/plastic/plastic343.jpg,,,,,,,,
trashnet_train_plastic348.jpg,TrashNet,image_classification,train,Plastic,plastic,trashnet-master/trashnet-master/data/filtered_6class/train/Plastic/plastic348.jpg,,trashnet-master/trashnet-master/data/dataset-resized/plastic/plastic348.jpg,,,,,,,,
trashnet_train_plastic173.jpg,TrashNet,image_classification,train,Plastic,plastic,trashnet-master/trashnet-master/data/filtered_6class/train/Plastic/plastic173.jpg,,trashnet-master/trashnet-master/data/dataset-resized/plastic/plastic173.jpg,,,,,,,,
trashnet_train_plastic271.jpg,TrashNet,image_classification,train,Plastic,plastic,trashnet-master/trashnet-master/data/filtered_6class/train/Plastic/plastic271.jpg,,trashnet-master/trashnet-master/data/dataset-resized/plastic/plastic271.jpg,,,,,,,,
trashnet_train_plastic4.jpg,TrashNet,image_classification,train,Plastic,plastic,trashnet-master/trashnet-master/data/filtered_6class/train/Plastic/plastic4.jpg,,trashnet-master/trashnet-master/data/dataset-resized/plastic/plastic4.jpg,,,,,,,,
trashnet_train_plastic75.jpg,TrashNet,image_classification,train,Plastic,plastic,trashnet-master/trashnet-master/data/filtered_6class/train/Plastic/plastic75.jpg,,trashnet-master/trashnet-master/data/dataset-resized/plastic/plastic75.jpg,,,,,,,,
trashnet_train_plastic375.jpg,TrashNet,image_classification,train,Plastic,plastic,trashnet-master/trashnet-master/data/filtered_6class/train/Plastic/plastic375.jpg,,trashnet-master/trashnet-master/data/dataset-resized/plastic/plastic375.jpg,,,,,,,,
trashnet_train_plastic236.jpg,TrashNet,image_classification,train,Plastic,plastic,trashnet-master/trashnet-master/data/filtered_6class/train/Plastic/plastic236.jpg,,trashnet-master/trashnet-master/data/dataset-resized/plastic/plastic236.jpg,,,,,,,,
trashnet_train_plastic148.jpg,TrashNet,image_classification,train,Plastic,plastic,trashnet-master/trashnet-master/data/filtered_6class/train/Plastic/plastic148.jpg,,trashnet-master/trashnet-master/data/dataset-resized/plastic/plastic148.jpg,,,,,,,,
trashnet_train_plastic332.jpg,TrashNet,image_classification,train,Plastic,plastic,trashnet-master/trashnet-master/data/filtered_6class/train/Plastic/plastic332.jpg,,trashnet-master/trashnet-master/data/dataset-resized/plastic/plastic332.jpg,,,,,,,,
trashnet_train_plastic181.jpg,TrashNet,image_classification,train,Plastic,plastic,trashnet-master/trashnet-master/data/filtered_6class/train/Plastic/plastic181.jpg,,trashnet-master/trashnet-master/data/dataset-resized/plastic/plastic181.jpg,,,,,,,,
trashnet_train_plastic33.jpg,TrashNet,image_classification,train,Plastic,plastic,trashnet-master/trashnet-master/data/filtered_6class/train/Plastic/plastic33.jpg,,trashnet-master/trashnet-master/data/dataset-resized/plastic/plastic33.jpg,,,,,,,,
trashnet_train_plastic9.jpg,TrashNet,image_classification,train,Plastic,plastic,trashnet-master/trashnet-master/data/filtered_6class/train/Plastic/plastic9.jpg,,trashnet-master/trashnet-master/data/dataset-resized/plastic/plastic9.jpg,,,,,,,,
trashnet_train_plastic10.jpg,TrashNet,image_classification,train,Plastic,plastic,trashnet-master/trashnet-master/data/filtered_6class/train/Plastic/plastic10.jpg,,trashnet-master/trashnet-master/data/dataset-resized/plastic/plastic10.jpg,,,,,,,,
trashnet_train_plastic457.jpg,TrashNet,image_classification,train,Plastic,plastic,trashnet-master/trashnet-master/data/filtered_6class/train/Plastic/plastic457.jpg,,trashnet-master/trashnet-master/data/dataset-resized/plastic/plastic457.jpg,,,,,,,,
trashnet_train_plastic171.jpg,TrashNet,image_classification,train,Plastic,plastic,trashnet-master/trashnet-master/data/filtered_6class/train/Plastic/plastic171.jpg,,trashnet-master/trashnet-master/data/dataset-resized/plastic/plastic171.jpg,,,,,,,,
trashnet_train_plastic3.jpg,TrashNet,image_classification,train,Plastic,plastic,trashnet-master/trashnet-master/data/filtered_6class/train/Plastic/plastic3.jpg,,trashnet-master/trashnet-master/data/dataset-resized/plastic/plastic3.jpg,,,,,,,,
trashnet_train_plastic473.jpg,TrashNet,image_classification,train,Plastic,plastic,trashnet-master/trashnet-master/data/filtered_6class/train/Plastic/plastic473.jpg,,trashnet-master/trashnet-master/data/dataset-resized/plastic/plastic473.jpg,,,,,,,,
trashnet_train_plastic98.jpg,TrashNet,image_classification,train,Plastic,plastic,trashnet-master/trashnet-master/data/filtered_6class/train/Plastic/plastic98.jpg,,trashnet-master/trashnet-master/data/dataset-resized/plastic/plastic98.jpg,,,,,,,,
trashnet_train_plastic6.jpg,TrashNet,image_classification,train,Plastic,plastic,trashnet-master/trashnet-master/data/filtered_6class/train/Plastic/plastic6.jpg,,trashnet-master/trashnet-master/data/dataset-resized/plastic/plastic6.jpg,,,,,,,,
trashnet_train_plastic45.jpg,TrashNet,image_classification,train,Plastic,plastic,trashnet-master/trashnet-master/data/filtered_6class/train/Plastic/plastic45.jpg,,trashnet-master/trashnet-master/data/dataset-resized/plastic/plastic45.jpg,,,,,,,,
trashnet_train_plastic478.jpg,TrashNet,image_classification,train,Plastic,plastic,trashnet-master/trashnet-master/data/filtered_6class/train/Plastic/plastic478.jpg,,trashnet-master/trashnet-master/data/dataset-resized/plastic/plastic478.jpg,,,,,,,,
trashnet_train_plastic151.jpg,TrashNet,image_classification,train,Plastic,plastic,trashnet-master/trashnet-master/data/filtered_6class/train/Plastic/plastic151.jpg,,trashnet-master/trashnet-master/data/dataset-resized/plastic/plastic151.jpg,,,,,,,,
trashnet_train_plastic103.jpg,TrashNet,image_classification,train,Plastic,plastic,trashnet-master/trashnet-master/data/filtered_6class/train/Plastic/plastic103.jpg,,trashnet-master/trashnet-master/data/dataset-resized/plastic/plastic103.jpg,,,,,,,,
trashnet_train_plastic354.jpg,TrashNet,image_classification,train,Plastic,plastic,trashnet-master/trashnet-master/data/filtered_6class/train/Plastic/plastic354.jpg,,trashnet-master/trashnet-master/data/dataset-resized/plastic/plastic354.jpg,,,,,,,,
trashnet_train_plastic214.jpg,TrashNet,image_classification,train,Plastic,plastic,trashnet-master/trashnet-master/data/filtered_6class/train/Plastic/plastic214.jpg,,trashnet-master/trashnet-master/data/dataset-resized/plastic/plastic214.jpg,,,,,,,,
trashnet_train_plastic342.jpg,TrashNet,image_classification,train,Plastic,plastic,trashnet-master/trashnet-master/data/filtered_6class/train/Plastic/plastic342.jpg,,trashnet-master/trashnet-master/data/dataset-resized/plastic/plastic342.jpg,,,,,,,,
trashnet_train_plastic314.jpg,TrashNet,image_classification,train,Plastic,plastic,trashnet-master/trashnet-master/data/filtered_6class/train/Plastic/plastic314.jpg,,trashnet-master/trashnet-master/data/dataset-resized/plastic/plastic314.jpg,,,,,,,,
trashnet_train_plastic418.jpg,TrashNet,image_classification,train,Plastic,plastic,trashnet-master/trashnet-master/data/filtered_6class/train/Plastic/plastic418.jpg,,trashnet-master/trashnet-master/data/dataset-resized/plastic/plastic418.jpg,,,,,,,,
trashnet_train_plastic275.jpg,TrashNet,image_classification,train,Plastic,plastic,trashnet-master/trashnet-master/data/filtered_6class/train/Plastic/plastic275.jpg,,trashnet-master/trashnet-master/data/dataset-resized/plastic/plastic275.jpg,,,,,,,,
trashnet_train_plastic277.jpg,TrashNet,image_classification,train,Plastic,plastic,trashnet-master/trashnet-master/data/filtered_6class/train/Plastic/plastic277.jpg,,trashnet-master/trashnet-master/data/dataset-resized/plastic/plastic277.jpg,,,,,,,,
trashnet_train_plastic128.jpg,TrashNet,image_classification,train,Plastic,plastic,trashnet-master/trashnet-master/data/filtered_6class/train/Plastic/plastic128.jpg,,trashnet-master/trashnet-master/data/dataset-resized/plastic/plastic128.jpg,,,,,,,,
trashnet_train_plastic374.jpg,TrashNet,image_classification,train,Plastic,plastic,trashnet-master/trashnet-master/data/filtered_6class/train/Plastic/plastic374.jpg,,trashnet-master/trashnet-master/data/dataset-resized/plastic/plastic374.jpg,,,,,,,,
trashnet_train_plastic60.jpg,TrashNet,image_classification,train,Plastic,plastic,trashnet-master/trashnet-master/data/filtered_6class/train/Plastic/plastic60.jpg,,trashnet-master/trashnet-master/data/dataset-resized/plastic/plastic60.jpg,,,,,,,,
trashnet_train_plastic62.jpg,TrashNet,image_classification,train,Plastic,plastic,trashnet-master/trashnet-master/data/filtered_6class/train/Plastic/plastic62.jpg,,trashnet-master/trashnet-master/data/dataset-resized/plastic/plastic62.jpg,,,,,,,,
trashnet_train_plastic66.jpg,TrashNet,image_classification,train,Plastic,plastic,trashnet-master/trashnet-master/data/filtered_6class/train/Plastic/plastic66.jpg,,trashnet-master/trashnet-master/data/dataset-resized/plastic/plastic66.jpg,,,,,,,,
trashnet_train_plastic17.jpg,TrashNet,image_classification,train,Plastic,plastic,trashnet-master/trashnet-master/data/filtered_6class/train/Plastic/plastic17.jpg,,trashnet-master/trashnet-master/data/dataset-resized/plastic/plastic17.jpg,,,,,,,,
trashnet_train_plastic15.jpg,TrashNet,image_classification,train,Plastic,plastic,trashnet-master/trashnet-master/data/filtered_6class/train/Plastic/plastic15.jpg,,trashnet-master/trashnet-master/data/dataset-resized/plastic/plastic15.jpg,,,,,,,,
trashnet_train_plastic120.jpg,TrashNet,image_classification,train,Plastic,plastic,trashnet-master/trashnet-master/data/filtered_6class/train/Plastic/plastic120.jpg,,trashnet-master/trashnet-master/data/dataset-resized/plastic/plastic120.jpg,,,,,,,,
trashnet_train_plastic140.jpg,TrashNet,image_classification,train,Plastic,plastic,trashnet-master/trashnet-master/data/filtered_6class/train/Plastic/plastic140.jpg,,trashnet-master/trashnet-master/data/dataset-resized/plastic/plastic140.jpg,,,,,,,,
trashnet_train_glass35.jpg,TrashNet,image_classification,train,Glass,glass,trashnet-master/trashnet-master/data/filtered_6class/train/Glass/glass35.jpg,,trashnet-master/trashnet-master/data/dataset-resized/glass/glass35.jpg,,,,,,,,
trashnet_train_glass195.jpg,TrashNet,image_classification,train,Glass,glass,trashnet-master/trashnet-master/data/filtered_6class/train/Glass/glass195.jpg,,trashnet-master/trashnet-master/data/dataset-resized/glass/glass195.jpg,,,,,,,,
trashnet_train_glass54.jpg,TrashNet,image_classification,train,Glass,glass,trashnet-master/trashnet-master/data/filtered_6class/train/Glass/glass54.jpg,,trashnet-master/trashnet-master/data/dataset-resized/glass/glass54.jpg,,,,,,,,
trashnet_train_glass467.jpg,TrashNet,image_classification,train,Glass,glass,trashnet-master/trashnet-master/data/filtered_6class/train/Glass/glass467.jpg,,trashnet-master/trashnet-master/data/dataset-resized/glass/glass467.jpg,,,,,,,,
trashnet_train_glass268.jpg,TrashNet,image_classification,train,Glass,glass,trashnet-master/trashnet-master/data/filtered_6class/train/Glass/glass268.jpg,,trashnet-master/trashnet-master/data/dataset-resized/glass/glass268.jpg,,,,,,,,
trashnet_train_glass355.jpg,TrashNet,image_classification,train,Glass,glass,trashnet-master/trashnet-master/data/filtered_6class/train/Glass/glass355.jpg,,trashnet-master/trashnet-master/data/dataset-resized/glass/glass355.jpg,,,,,,,,
trashnet_train_glass272.jpg,TrashNet,image_classification,train,Glass,glass,trashnet-master/trashnet-master/data/filtered_6class/train/Glass/glass272.jpg,,trashnet-master/trashnet-master/data/dataset-resized/glass/glass272.jpg,,,,,,,,
trashnet_train_glass363.jpg,TrashNet,image_classification,train,Glass,glass,trashnet-master/trashnet-master/data/filtered_6class/train/Glass/glass363.jpg,,trashnet-master/trashnet-master/data/dataset-resized/glass/glass363.jpg,,,,,,,,
trashnet_train_glass176.jpg,TrashNet,image_classification,train,Glass,glass,trashnet-master/trashnet-master/data/filtered_6class/train/Glass/glass176.jpg,,trashnet-master/trashnet-master/data/dataset-resized/glass/glass176.jpg,,,,,,,,
trashnet_train_glass284.jpg,TrashNet,image_classification,train,Glass,glass,trashnet-master/trashnet-master/data/filtered_6class/train/Glass/glass284.jpg,,trashnet-master/trashnet-master/data/dataset-resized/glass/glass284.jpg,,,,,,,,
trashnet_train_glass328.jpg,TrashNet,image_classification,train,Glass,glass,trashnet-master/trashnet-master/data/filtered_6class/train/Glass/glass328.jpg,,trashnet-master/trashnet-master/data/dataset-resized/glass/glass328.jpg,,,,,,,,
trashnet_train_glass146.jpg,TrashNet,image_classification,train,Glass,glass,trashnet-master/trashnet-master/data/filtered_6class/train/Glass/glass146.jpg,,trashnet-master/trashnet-master/data/dataset-resized/glass/glass146.jpg,,,,,,,,
trashnet_train_glass263.jpg,TrashNet,image_classification,train,Glass,glass,trashnet-master/trashnet-master/data/filtered_6class/train/Glass/glass263.jpg,,trashnet-master/trashnet-master/data/dataset-resized/glass/glass263.jpg,,,,,,,,
trashnet_train_glass326.jpg,TrashNet,image_classification,train,Glass,glass,trashnet-master/trashnet-master/data/filtered_6class/train/Glass/glass326.jpg,,trashnet-master/trashnet-master/data/dataset-resized/glass/glass326.jpg,,,,,,,,
trashnet_train_glass486.jpg,TrashNet,image_classification,train,Glass,glass,trashnet-master/trashnet-master/data/filtered_6class/train/Glass/glass486.jpg,,trashnet-master/trashnet-master/data/dataset-resized/glass/glass486.jpg,,,,,,,,
trashnet_train_glass426.jpg,TrashNet,image_classification,train,Glass,glass,trashnet-master/trashnet-master/data/filtered_6class/train/Glass/glass426.jpg,,trashnet-master/trashnet-master/data/dataset-resized/glass/glass426.jpg,,,,,,,,
trashnet_train_glass106.jpg,TrashNet,image_classification,train,Glass,glass,trashnet-master/trashnet-master/data/filtered_6class/train/Glass/glass106.jpg,,trashnet-master/trashnet-master/data/dataset-resized/glass/glass106.jpg,,,,,,,,
trashnet_train_glass398.jpg,TrashNet,image_classification,train,Glass,glass,trashnet-master/trashnet-master/data/filtered_6class/train/Glass/glass398.jpg,,trashnet-master/trashnet-master/data/dataset-resized/glass/glass398.jpg,,,,,,,,
trashnet_train_glass233.jpg,TrashNet,image_classification,train,Glass,glass,trashnet-master/trashnet-master/data/filtered_6class/train/Glass/glass233.jpg,,trashnet-master/trashnet-master/data/dataset-resized/glass/glass233.jpg,,,,,,,,
trashnet_train_glass192.jpg,TrashNet,image_classification,train,Glass,glass,trashnet-master/trashnet-master/data/filtered_6class/train/Glass/glass192.jpg,,trashnet-master/trashnet-master/data/dataset-resized/glass/glass192.jpg,,,,,,,,
trashnet_train_glass417.jpg,TrashNet,image_classification,train,Glass,glass,trashnet-master/trashnet-master/data/filtered_6class/train/Glass/glass417.jpg,,trashnet-master/trashnet-master/data/dataset-resized/glass/glass417.jpg,,,,,,,,
trashnet_train_glass164.jpg,TrashNet,image_classification,train,Glass,glass,trashnet-master/trashnet-master/data/filtered_6class/train/Glass/glass164.jpg,,trashnet-master/trashnet-master/data/dataset-resized/glass/glass164.jpg,,,,,,,,
trashnet_train_glass165.jpg,TrashNet,image_classification,train,Glass,glass,trashnet-master/trashnet-master/data/filtered_6class/train/Glass/glass165.jpg,,trashnet-master/trashnet-master/data/dataset-resized/glass/glass165.jpg,,,,,,,,
trashnet_train_glass434.jpg,TrashNet,image_classification,train,Glass,glass,trashnet-master/trashnet-master/data/filtered_6class/train/Glass/glass434.jpg,,trashnet-master/trashnet-master/data/dataset-resized/glass/glass434.jpg,,,,,,,,
trashnet_train_glass99.jpg,TrashNet,image_classification,train,Glass,glass,trashnet-master/trashnet-master/data/filtered_6class/train/Glass/glass99.jpg,,trashnet-master/trashnet-master/data/dataset-resized/glass/glass99.jpg,,,,,,,,
trashnet_train_glass34.jpg,TrashNet,image_classification,train,Glass,glass,trashnet-master/trashnet-master/data/filtered_6class/train/Glass/glass34.jpg,,trashnet-master/trashnet-master/data/dataset-resized/glass/glass34.jpg,,,,,,,,
trashnet_train_glass71.jpg,TrashNet,image_classification,train,Glass,glass,trashnet-master/trashnet-master/data/filtered_6class/train/Glass/glass71.jpg,,trashnet-master/trashnet-master/data/dataset-resized/glass/glass71.jpg,,,,,,,,
trashnet_train_glass433.jpg,TrashNet,image_classification,train,Glass,glass,trashnet-master/trashnet-master/data/filtered_6class/train/Glass/glass433.jpg,,trashnet-master/trashnet-master/data/dataset-resized/glass/glass433.jpg,,,,,,,,
trashnet_train_glass270.jpg,TrashNet,image_classification,train,Glass,glass,trashnet-master/trashnet-master/data/filtered_6class/train/Glass/glass270.jpg,,trashnet-master/trashnet-master/data/dataset-resized/glass/glass270.jpg,,,,,,,,
trashnet_train_glass129.jpg,TrashNet,image_classification,train,Glass,glass,trashnet-master/trashnet-master/data/filtered_6class/train/Glass/glass129.jpg,,trashnet-master/trashnet-master/data/dataset-resized/glass/glass129.jpg,,,,,,,,
trashnet_train_glass401.jpg,TrashNet,image_classification,train,Glass,glass,trashnet-master/trashnet-master/data/filtered_6class/train/Glass/glass401.jpg,,trashnet-master/trashnet-master/data/dataset-resized/glass/glass401.jpg,,,,,,,,
trashnet_train_glass15.jpg,TrashNet,image_classification,train,Glass,glass,trashnet-master/trashnet-master/data/filtered_6class/train/Glass/glass15.jpg,,trashnet-master/trashnet-master/data/dataset-resized/glass/glass15.jpg,,,,,,,,
trashnet_train_glass38.jpg,TrashNet,image_classification,train,Glass,glass,trashnet-master/trashnet-master/data/filtered_6class/train/Glass/glass38.jpg,,trashnet-master/trashnet-master/data/dataset-resized/glass/glass38.jpg,,,,,,,,
trashnet_train_glass352.jpg,TrashNet,image_classification,train,Glass,glass,trashnet-master/trashnet-master/data/filtered_6class/train/Glass/glass352.jpg,,trashnet-master/trashnet-master/data/dataset-resized/glass/glass352.jpg,,,,,,,,
trashnet_train_glass448.jpg,TrashNet,image_classification,train,Glass,glass,trashnet-master/trashnet-master/data/filtered_6class/train/Glass/glass448.jpg,,trashnet-master/trashnet-master/data/dataset-resized/glass/glass448.jpg,,,,,,,,
trashnet_train_glass372.jpg,TrashNet,image_classification,train,Glass,glass,trashnet-master/trashnet-master/data/filtered_6class/train/Glass/glass372.jpg,,trashnet-master/trashnet-master/data/dataset-resized/glass/glass372.jpg,,,,,,,,
trashnet_train_glass79.jpg,TrashNet,image_classification,train,Glass,glass,trashnet-master/trashnet-master/data/filtered_6class/train/Glass/glass79.jpg,,trashnet-master/trashnet-master/data/dataset-resized/glass/glass79.jpg,,,,,,,,
trashnet_train_glass252.jpg,TrashNet,image_classification,train,Glass,glass,trashnet-master/trashnet-master/data/filtered_6class/train/Glass/glass252.jpg,,trashnet-master/trashnet-master/data/dataset-resized/glass/glass252.jpg,,,,,,,,
trashnet_train_glass278.jpg,TrashNet,image_classification,train,Glass,glass,trashnet-master/trashnet-master/data/filtered_6class/train/Glass/glass278.jpg,,trashnet-master/trashnet-master/data/dataset-resized/glass/glass278.jpg,,,,,,,,
trashnet_train_glass191.jpg,TrashNet,image_classification,train,Glass,glass,trashnet-master/trashnet-master/data/filtered_6class/train/Glass/glass191.jpg,,trashnet-master/trashnet-master/data/dataset-resized/glass/glass191.jpg,,,,,,,,
trashnet_train_glass289.jpg,TrashNet,image_classification,train,Glass,glass,trashnet-master/trashnet-master/data/filtered_6class/train/Glass/glass289.jpg,,trashnet-master/trashnet-master/data/dataset-resized/glass/glass289.jpg,,,,,,,,
trashnet_train_glass107.jpg,TrashNet,image_classification,train,Glass,glass,trashnet-master/trashnet-master/data/filtered_6class/train/Glass/glass107.jpg,,trashnet-master/trashnet-master/data/dataset-resized/glass/glass107.jpg,,,,,,,,
trashnet_train_glass147.jpg,TrashNet,image_classification,train,Glass,glass,trashnet-master/trashnet-master/data/filtered_6class/train/Glass/glass147.jpg,,trashnet-master/trashnet-master/data/dataset-resized/glass/glass147.jpg,,,,,,,,
trashnet_train_glass457.jpg,TrashNet,image_classification,train,Glass,glass,trashnet-master/trashnet-master/data/filtered_6class/train/Glass/glass457.jpg,,trashnet-master/trashnet-master/data/dataset-resized/glass/glass457.jpg,,,,,,,,
trashnet_train_glass262.jpg,TrashNet,image_classification,train,Glass,glass,trashnet-master/trashnet-master/data/filtered_6class/train/Glass/glass262.jpg,,trashnet-master/trashnet-master/data/dataset-resized/glass/glass262.jpg,,,,,,,,
trashnet_train_glass484.jpg,TrashNet,image_classification,train,Glass,glass,trashnet-master/trashnet-master/data/filtered_6class/train/Glass/glass484.jpg,,trashnet-master/trashnet-master/data/dataset-resized/glass/glass484.jpg,,,,,,,,
trashnet_train_glass143.jpg,TrashNet,image_classification,train,Glass,glass,trashnet-master/trashnet-master/data/filtered_6class/train/Glass/glass143.jpg,,trashnet-master/trashnet-master/data/dataset-resized/glass/glass143.jpg,,,,,,,,
trashnet_train_glass362.jpg,TrashNet,image_classification,train,Glass,glass,trashnet-master/trashnet-master/data/filtered_6class/train/Glass/glass362.jpg,,trashnet-master/trashnet-master/data/dataset-resized/glass/glass362.jpg,,,,,,,,
trashnet_train_glass420.jpg,TrashNet,image_classification,train,Glass,glass,trashnet-master/trashnet-master/data/filtered_6class/train/Glass/glass420.jpg,,trashnet-master/trashnet-master/data/dataset-resized/glass/glass420.jpg,,,,,,,,
trashnet_train_glass324.jpg,TrashNet,image_classification,train,Glass,glass,trashnet-master/trashnet-master/data/filtered_6class/train/Glass/glass324.jpg,,trashnet-master/trashnet-master/data/dataset-resized/glass/glass324.jpg,,,,,,,,
trashnet_train_glass436.jpg,TrashNet,image_classification,train,Glass,glass,trashnet-master/trashnet-master/data/filtered_6class/train/Glass/glass436.jpg,,trashnet-master/trashnet-master/data/dataset-resized/glass/glass436.jpg,,,,,,,,
trashnet_train_glass244.jpg,TrashNet,image_classification,train,Glass,glass,trashnet-master/trashnet-master/data/filtered_6class/train/Glass/glass244.jpg,,trashnet-master/trashnet-master/data/dataset-resized/glass/glass244.jpg,,,,,,,,
trashnet_train_glass299.jpg,TrashNet,image_classification,train,Glass,glass,trashnet-master/trashnet-master/data/filtered_6class/train/Glass/glass299.jpg,,trashnet-master/trashnet-master/data/dataset-resized/glass/glass299.jpg,,,,,,,,
trashnet_train_glass471.jpg,TrashNet,image_classification,train,Glass,glass,trashnet-master/trashnet-master/data/filtered_6class/train/Glass/glass471.jpg,,trashnet-master/trashnet-master/data/dataset-resized/glass/glass471.jpg,,,,,,,,
trashnet_train_glass325.jpg,TrashNet,image_classification,train,Glass,glass,trashnet-master/trashnet-master/data/filtered_6class/train/Glass/glass325.jpg,,trashnet-master/trashnet-master/data/dataset-resized/glass/glass325.jpg,,,,,,,,
trashnet_train_glass22.jpg,TrashNet,image_classification,train,Glass,glass,trashnet-master/trashnet-master/data/filtered_6class/train/Glass/glass22.jpg,,trashnet-master/trashnet-master/data/dataset-resized/glass/glass22.jpg,,,,,,,,
trashnet_train_glass234.jpg,TrashNet,image_classification,train,Glass,glass,trashnet-master/trashnet-master/data/filtered_6class/train/Glass/glass234.jpg,,trashnet-master/trashnet-master/data/dataset-resized/glass/glass234.jpg,,,,,,,,
trashnet_train_glass55.jpg,TrashNet,image_classification,train,Glass,glass,trashnet-master/trashnet-master/data/filtered_6class/train/Glass/glass55.jpg,,trashnet-master/trashnet-master/data/dataset-resized/glass/glass55.jpg,,,,,,,,
trashnet_train_glass269.jpg,TrashNet,image_classification,train,Glass,glass,trashnet-master/trashnet-master/data/filtered_6class/train/Glass/glass269.jpg,,trashnet-master/trashnet-master/data/dataset-resized/glass/glass269.jpg,,,,,,,,
trashnet_train_glass115.jpg,TrashNet,image_classification,train,Glass,glass,trashnet-master/trashnet-master/data/filtered_6class/train/Glass/glass115.jpg,,trashnet-master/trashnet-master/data/dataset-resized/glass/glass115.jpg,,,,,,,,
trashnet_train_glass171.jpg,TrashNet,image_classification,train,Glass,glass,trashnet-master/trashnet-master/data/filtered_6class/train/Glass/glass171.jpg,,trashnet-master/trashnet-master/data/dataset-resized/glass/glass171.jpg,,,,,,,,
trashnet_train_glass475.jpg,TrashNet,image_classification,train,Glass,glass,trashnet-master/trashnet-master/data/filtered_6class/train/Glass/glass475.jpg,,trashnet-master/trashnet-master/data/dataset-resized/glass/glass475.jpg,,,,,,,,
trashnet_train_glass300.jpg,TrashNet,image_classification,train,Glass,glass,trashnet-master/trashnet-master/data/filtered_6class/train/Glass/glass300.jpg,,trashnet-master/trashnet-master/data/dataset-resized/glass/glass300.jpg,,,,,,,,
trashnet_train_glass321.jpg,TrashNet,image_classification,train,Glass,glass,trashnet-master/trashnet-master/data/filtered_6class/train/Glass/glass321.jpg,,trashnet-master/trashnet-master/data/dataset-resized/glass/glass321.jpg,,,,,,,,
trashnet_train_glass33.jpg,TrashNet,image_classification,train,Glass,glass,trashnet-master/trashnet-master/data/filtered_6class/train/Glass/glass33.jpg,,trashnet-master/trashnet-master/data/dataset-resized/glass/glass33.jpg,,,,,,,,
trashnet_train_glass67.jpg,TrashNet,image_classification,train,Glass,glass,trashnet-master/trashnet-master/data/filtered_6class/train/Glass/glass67.jpg,,trashnet-master/trashnet-master/data/dataset-resized/glass/glass67.jpg,,,,,,,,
trashnet_train_glass329.jpg,TrashNet,image_classification,train,Glass,glass,trashnet-master/trashnet-master/data/filtered_6class/train/Glass/glass329.jpg,,trashnet-master/trashnet-master/data/dataset-resized/glass/glass329.jpg,,,,,,,,
trashnet_train_glass499.jpg,TrashNet,image_classification,train,Glass,glass,trashnet-master/trashnet-master/data/filtered_6class/train/Glass/glass499.jpg,,trashnet-master/trashnet-master/data/dataset-resized/glass/glass499.jpg,,,,,,,,
trashnet_train_glass414.jpg,TrashNet,image_classification,train,Glass,glass,trashnet-master/trashnet-master/data/filtered_6class/train/Glass/glass414.jpg,,trashnet-master/trashnet-master/data/dataset-resized/glass/glass414.jpg,,,,,,,,
trashnet_train_glass200.jpg,TrashNet,image_classification,train,Glass,glass,trashnet-master/trashnet-master/data/filtered_6class/train/Glass/glass200.jpg,,trashnet-master/trashnet-master/data/dataset-resized/glass/glass200.jpg,,,,,,,,
trashnet_train_glass113.jpg,TrashNet,image_classification,train,Glass,glass,trashnet-master/trashnet-master/data/filtered_6class/train/Glass/glass113.jpg,,trashnet-master/trashnet-master/data/dataset-resized/glass/glass113.jpg,,,,,,,,
trashnet_train_glass392.jpg,TrashNet,image_classification,train,Glass,glass,trashnet-master/trashnet-master/data/filtered_6class/train/Glass/glass392.jpg,,trashnet-master/trashnet-master/data/dataset-resized/glass/glass392.jpg,,,,,,,,
trashnet_train_glass10.jpg,TrashNet,image_classification,train,Glass,glass,trashnet-master/trashnet-master/data/filtered_6class/train/Glass/glass10.jpg,,trashnet-master/trashnet-master/data/dataset-resized/glass/glass10.jpg,,,,,,,,
trashnet_train_glass133.jpg,TrashNet,image_classification,train,Glass,glass,trashnet-master/trashnet-master/data/filtered_6class/train/Glass/glass133.jpg,,trashnet-master/trashnet-master/data/dataset-resized/glass/glass133.jpg,,,,,,,,
trashnet_train_glass478.jpg,TrashNet,image_classification,train,Glass,glass,trashnet-master/trashnet-master/data/filtered_6class/train/Glass/glass478.jpg,,trashnet-master/trashnet-master/data/dataset-resized/glass/glass478.jpg,,,,,,,,
trashnet_train_glass228.jpg,TrashNet,image_classification,train,Glass,glass,trashnet-master/trashnet-master/data/filtered_6class/train/Glass/glass228.jpg,,trashnet-master/trashnet-master/data/dataset-resized/glass/glass228.jpg,,,,,,,,
trashnet_train_glass281.jpg,TrashNet,image_classification,train,Glass,glass,trashnet-master/trashnet-master/data/filtered_6class/train/Glass/glass281.jpg,,trashnet-master/trashnet-master/data/dataset-resized/glass/glass281.jpg,,,,,,,,
trashnet_train_glass275.jpg,TrashNet,image_classification,train,Glass,glass,trashnet-master/trashnet-master/data/filtered_6class/train/Glass/glass275.jpg,,trashnet-master/trashnet-master/data/dataset-resized/glass/glass275.jpg,,,,,,,,
trashnet_train_glass353.jpg,TrashNet,image_classification,train,Glass,glass,trashnet-master/trashnet-master/data/filtered_6class/train/Glass/glass353.jpg,,trashnet-master/trashnet-master/data/dataset-resized/glass/glass353.jpg,,,,,,,,
trashnet_train_glass443.jpg,TrashNet,image_classification,train,Glass,glass,trashnet-master/trashnet-master/data/filtered_6class/train/Glass/glass443.jpg,,trashnet-master/trashnet-master/data/dataset-resized/glass/glass443.jpg,,,,,,,,
trashnet_train_glass131.jpg,TrashNet,image_classification,train,Glass,glass,trashnet-master/trashnet-master/data/filtered_6class/train/Glass/glass131.jpg,,trashnet-master/trashnet-master/data/dataset-resized/glass/glass131.jpg,,,,,,,,
trashnet_train_glass168.jpg,TrashNet,image_classification,train,Glass,glass,trashnet-master/trashnet-master/data/filtered_6class/train/Glass/glass168.jpg,,trashnet-master/trashnet-master/data/dataset-resized/glass/glass168.jpg,,,,,,,,
trashnet_train_glass61.jpg,TrashNet,image_classification,train,Glass,glass,trashnet-master/trashnet-master/data/filtered_6class/train/Glass/glass61.jpg,,trashnet-master/trashnet-master/data/dataset-resized/glass/glass61.jpg,,,,,,,,
trashnet_train_glass428.jpg,TrashNet,image_classification,train,Glass,glass,trashnet-master/trashnet-master/data/filtered_6class/train/Glass/glass428.jpg,,trashnet-master/trashnet-master/data/dataset-resized/glass/glass428.jpg,,,,,,,,
trashnet_train_glass86.jpg,TrashNet,image_classification,train,Glass,glass,trashnet-master/trashnet-master/data/filtered_6class/train/Glass/glass86.jpg,,trashnet-master/trashnet-master/data/dataset-resized/glass/glass86.jpg,,,,,,,,
trashnet_train_glass214.jpg,TrashNet,image_classification,train,Glass,glass,trashnet-master/trashnet-master/data/filtered_6class/train/Glass/glass214.jpg,,trashnet-master/trashnet-master/data/dataset-resized/glass/glass214.jpg,,,,,,,,
trashnet_train_glass282.jpg,TrashNet,image_classification,train,Glass,glass,trashnet-master/trashnet-master/data/filtered_6class/train/Glass/glass282.jpg,,trashnet-master/trashnet-master/data/dataset-resized/glass/glass282.jpg,,,,,,,,
trashnet_train_glass396.jpg,TrashNet,image_classification,train,Glass,glass,trashnet-master/trashnet-master/data/filtered_6class/train/Glass/glass396.jpg,,trashnet-master/trashnet-master/data/dataset-resized/glass/glass396.jpg,,,,,,,,
trashnet_train_glass442.jpg,TrashNet,image_classification,train,Glass,glass,trashnet-master/trashnet-master/data/filtered_6class/train/Glass/glass442.jpg,,trashnet-master/trashnet-master/data/dataset-resized/glass/glass442.jpg,,,,,,,,
trashnet_train_glass203.jpg,TrashNet,image_classification,train,Glass,glass,trashnet-master/trashnet-master/data/filtered_6class/train/Glass/glass203.jpg,,trashnet-master/trashnet-master/data/dataset-resized/glass/glass203.jpg,,,,,,,,
trashnet_train_glass386.jpg,TrashNet,image_classification,train,Glass,glass,trashnet-master/trashnet-master/data/filtered_6class/train/Glass/glass386.jpg,,trashnet-master/trashnet-master/data/dataset-resized/glass/glass386.jpg,,,,,,,,
trashnet_train_glass370.jpg,TrashNet,image_classification,train,Glass,glass,trashnet-master/trashnet-master/data/filtered_6class/train/Glass/glass370.jpg,,trashnet-master/trashnet-master/data/dataset-resized/glass/glass370.jpg,,,,,,,,
trashnet_train_glass135.jpg,TrashNet,image_classification,train,Glass,glass,trashnet-master/trashnet-master/data/filtered_6class/train/Glass/glass135.jpg,,trashnet-master/trashnet-master/data/dataset-resized/glass/glass135.jpg,,,,,,,,
trashnet_train_glass120.jpg,TrashNet,image_classification,train,Glass,glass,trashnet-master/trashnet-master/data/filtered_6class/train/Glass/glass120.jpg,,trashnet-master/trashnet-master/data/dataset-resized/glass/glass120.jpg,,,,,,,,
trashnet_train_glass303.jpg,TrashNet,image_classification,train,Glass,glass,trashnet-master/trashnet-master/data/filtered_6class/train/Glass/glass303.jpg,,trashnet-master/trashnet-master/data/dataset-resized/glass/glass303.jpg,,,,,,,,
trashnet_train_glass112.jpg,TrashNet,image_classification,train,Glass,glass,trashnet-master/trashnet-master/data/filtered_6class/train/Glass/glass112.jpg,,trashnet-master/trashnet-master/data/dataset-resized/glass/glass112.jpg,,,,,,,,
trashnet_train_glass497.jpg,TrashNet,image_classification,train,Glass,glass,trashnet-master/trashnet-master/data/filtered_6class/train/Glass/glass497.jpg,,trashnet-master/trashnet-master/data/dataset-resized/glass/glass497.jpg,,,,,,,,
trashnet_train_glass305.jpg,TrashNet,image_classification,train,Glass,glass,trashnet-master/trashnet-master/data/filtered_6class/train/Glass/glass305.jpg,,trashnet-master/trashnet-master/data/dataset-resized/glass/glass305.jpg,,,,,,,,
trashnet_train_glass201.jpg,TrashNet,image_classification,train,Glass,glass,trashnet-master/trashnet-master/data/filtered_6class/train/Glass/glass201.jpg,,trashnet-master/trashnet-master/data/dataset-resized/glass/glass201.jpg,,,,,,,,
trashnet_train_glass13.jpg,TrashNet,image_classification,train,Glass,glass,trashnet-master/trashnet-master/data/filtered_6class/train/Glass/glass13.jpg,,trashnet-master/trashnet-master/data/dataset-resized/glass/glass13.jpg,,,,,,,,
trashnet_train_glass151.jpg,TrashNet,image_classification,train,Glass,glass,trashnet-master/trashnet-master/data/filtered_6class/train/Glass/glass151.jpg,,trashnet-master/trashnet-master/data/dataset-resized/glass/glass151.jpg,,,,,,,,
trashnet_train_glass32.jpg,TrashNet,image_classification,train,Glass,glass,trashnet-master/trashnet-master/data/filtered_6class/train/Glass/glass32.jpg,,trashnet-master/trashnet-master/data/dataset-resized/glass/glass32.jpg,,,,,,,,
trashnet_train_glass315.jpg,TrashNet,image_classification,train,Glass,glass,trashnet-master/trashnet-master/data/filtered_6class/train/Glass/glass315.jpg,,trashnet-master/trashnet-master/data/dataset-resized/glass/glass315.jpg,,,,,,,,
trashnet_train_glass454.jpg,TrashNet,image_classification,train,Glass,glass,trashnet-master/trashnet-master/data/filtered_6class/train/Glass/glass454.jpg,,trashnet-master/trashnet-master/data/dataset-resized/glass/glass454.jpg,,,,,,,,
trashnet_train_glass28.jpg,TrashNet,image_classification,train,Glass,glass,trashnet-master/trashnet-master/data/filtered_6class/train/Glass/glass28.jpg,,trashnet-master/trashnet-master/data/dataset-resized/glass/glass28.jpg,,,,,,,,
trashnet_train_glass185.jpg,TrashNet,image_classification,train,Glass,glass,trashnet-master/trashnet-master/data/filtered_6class/train/Glass/glass185.jpg,,trashnet-master/trashnet-master/data/dataset-resized/glass/glass185.jpg,,,,,,,,
trashnet_train_glass397.jpg,TrashNet,image_classification,train,Glass,glass,trashnet-master/trashnet-master/data/filtered_6class/train/Glass/glass397.jpg,,trashnet-master/trashnet-master/data/dataset-resized/glass/glass397.jpg,,,,,,,,
trashnet_train_glass139.jpg,TrashNet,image_classification,train,Glass,glass,trashnet-master/trashnet-master/data/filtered_6class/train/Glass/glass139.jpg,,trashnet-master/trashnet-master/data/dataset-resized/glass/glass139.jpg,,,,,,,,
trashnet_train_glass16.jpg,TrashNet,image_classification,train,Glass,glass,trashnet-master/trashnet-master/data/filtered_6class/train/Glass/glass16.jpg,,trashnet-master/trashnet-master/data/dataset-resized/glass/glass16.jpg,,,,,,,,
trashnet_train_glass265.jpg,TrashNet,image_classification,train,Glass,glass,trashnet-master/trashnet-master/data/filtered_6class/train/Glass/glass265.jpg,,trashnet-master/trashnet-master/data/dataset-resized/glass/glass265.jpg,,,,,,,,
trashnet_train_glass153.jpg,TrashNet,image_classification,train,Glass,glass,trashnet-master/trashnet-master/data/filtered_6class/train/Glass/glass153.jpg,,trashnet-master/trashnet-master/data/dataset-resized/glass/glass153.jpg,,,,,,,,
trashnet_train_glass450.jpg,TrashNet,image_classification,train,Glass,glass,trashnet-master/trashnet-master/data/filtered_6class/train/Glass/glass450.jpg,,trashnet-master/trashnet-master/data/dataset-resized/glass/glass450.jpg,,,,,,,,
trashnet_train_glass166.jpg,TrashNet,image_classification,train,Glass,glass,trashnet-master/trashnet-master/data/filtered_6class/train/Glass/glass166.jpg,,trashnet-master/trashnet-master/data/dataset-resized/glass/glass166.jpg,,,,,,,,
trashnet_train_glass8.jpg,TrashNet,image_classification,train,Glass,glass,trashnet-master/trashnet-master/data/filtered_6class/train/Glass/glass8.jpg,,trashnet-master/trashnet-master/data/dataset-resized/glass/glass8.jpg,,,,,,,,
trashnet_train_glass250.jpg,TrashNet,image_classification,train,Glass,glass,trashnet-master/trashnet-master/data/filtered_6class/train/Glass/glass250.jpg,,trashnet-master/trashnet-master/data/dataset-resized/glass/glass250.jpg,,,,,,,,
trashnet_train_glass371.jpg,TrashNet,image_classification,train,Glass,glass,trashnet-master/trashnet-master/data/filtered_6class/train/Glass/glass371.jpg,,trashnet-master/trashnet-master/data/dataset-resized/glass/glass371.jpg,,,,,,,,
trashnet_train_glass266.jpg,TrashNet,image_classification,train,Glass,glass,trashnet-master/trashnet-master/data/filtered_6class/train/Glass/glass266.jpg,,trashnet-master/trashnet-master/data/dataset-resized/glass/glass266.jpg,,,,,,,,
trashnet_train_glass310.jpg,TrashNet,image_classification,train,Glass,glass,trashnet-master/trashnet-master/data/filtered_6class/train/Glass/glass310.jpg,,trashnet-master/trashnet-master/data/dataset-resized/glass/glass310.jpg,,,,,,,,
trashnet_train_glass124.jpg,TrashNet,image_classification,train,Glass,glass,trashnet-master/trashnet-master/data/filtered_6class/train/Glass/glass124.jpg,,trashnet-master/trashnet-master/data/dataset-resized/glass/glass124.jpg,,,,,,,,
trashnet_train_glass57.jpg,TrashNet,image_classification,train,Glass,glass,trashnet-master/trashnet-master/data/filtered_6class/train/Glass/glass57.jpg,,trashnet-master/trashnet-master/data/dataset-resized/glass/glass57.jpg,,,,,,,,
trashnet_train_glass109.jpg,TrashNet,image_classification,train,Glass,glass,trashnet-master/trashnet-master/data/filtered_6class/train/Glass/glass109.jpg,,trashnet-master/trashnet-master/data/dataset-resized/glass/glass109.jpg,,,,,,,,
trashnet_train_glass82.jpg,TrashNet,image_classification,train,Glass,glass,trashnet-master/trashnet-master/data/filtered_6class/train/Glass/glass82.jpg,,trashnet-master/trashnet-master/data/dataset-resized/glass/glass82.jpg,,,,,,,,
trashnet_train_glass344.jpg,TrashNet,image_classification,train,Glass,glass,trashnet-master/trashnet-master/data/filtered_6class/train/Glass/glass344.jpg,,trashnet-master/trashnet-master/data/dataset-resized/glass/glass344.jpg,,,,,,,,
trashnet_train_glass69.jpg,TrashNet,image_classification,train,Glass,glass,trashnet-master/trashnet-master/data/filtered_6class/train/Glass/glass69.jpg,,trashnet-master/trashnet-master/data/dataset-resized/glass/glass69.jpg,,,,,,,,
trashnet_train_glass447.jpg,TrashNet,image_classification,train,Glass,glass,trashnet-master/trashnet-master/data/filtered_6class/train/Glass/glass447.jpg,,trashnet-master/trashnet-master/data/dataset-resized/glass/glass447.jpg,,,,,,,,
trashnet_train_glass84.jpg,TrashNet,image_classification,train,Glass,glass,trashnet-master/trashnet-master/data/filtered_6class/train/Glass/glass84.jpg,,trashnet-master/trashnet-master/data/dataset-resized/glass/glass84.jpg,,,,,,,,
trashnet_train_glass24.jpg,TrashNet,image_classification,train,Glass,glass,trashnet-master/trashnet-master/data/filtered_6class/train/Glass/glass24.jpg,,trashnet-master/trashnet-master/data/dataset-resized/glass/glass24.jpg,,,,,,,,
trashnet_train_glass458.jpg,TrashNet,image_classification,train,Glass,glass,trashnet-master/trashnet-master/data/filtered_6class/train/Glass/glass458.jpg,,trashnet-master/trashnet-master/data/dataset-resized/glass/glass458.jpg,,,,,,,,
trashnet_train_glass217.jpg,TrashNet,image_classification,train,Glass,glass,trashnet-master/trashnet-master/data/filtered_6class/train/Glass/glass217.jpg,,trashnet-master/trashnet-master/data/dataset-resized/glass/glass217.jpg,,,,,,,,
trashnet_train_glass256.jpg,TrashNet,image_classification,train,Glass,glass,trashnet-master/trashnet-master/data/filtered_6class/train/Glass/glass256.jpg,,trashnet-master/trashnet-master/data/dataset-resized/glass/glass256.jpg,,,,,,,,
trashnet_train_glass193.jpg,TrashNet,image_classification,train,Glass,glass,trashnet-master/trashnet-master/data/filtered_6class/train/Glass/glass193.jpg,,trashnet-master/trashnet-master/data/dataset-resized/glass/glass193.jpg,,,,,,,,
trashnet_train_glass40.jpg,TrashNet,image_classification,train,Glass,glass,trashnet-master/trashnet-master/data/filtered_6class/train/Glass/glass40.jpg,,trashnet-master/trashnet-master/data/dataset-resized/glass/glass40.jpg,,,,,,,,
trashnet_train_glass118.jpg,TrashNet,image_classification,train,Glass,glass,trashnet-master/trashnet-master/data/filtered_6class/train/Glass/glass118.jpg,,trashnet-master/trashnet-master/data/dataset-resized/glass/glass118.jpg,,,,,,,,
trashnet_train_glass142.jpg,TrashNet,image_classification,train,Glass,glass,trashnet-master/trashnet-master/data/filtered_6class/train/Glass/glass142.jpg,,trashnet-master/trashnet-master/data/dataset-resized/glass/glass142.jpg,,,,,,,,
trashnet_train_glass4.jpg,TrashNet,image_classification,train,Glass,glass,trashnet-master/trashnet-master/data/filtered_6class/train/Glass/glass4.jpg,,trashnet-master/trashnet-master/data/dataset-resized/glass/glass4.jpg,,,,,,,,
trashnet_train_glass65.jpg,TrashNet,image_classification,train,Glass,glass,trashnet-master/trashnet-master/data/filtered_6class/train/Glass/glass65.jpg,,trashnet-master/trashnet-master/data/dataset-resized/glass/glass65.jpg,,,,,,,,
trashnet_train_glass48.jpg,TrashNet,image_classification,train,Glass,glass,trashnet-master/trashnet-master/data/filtered_6class/train/Glass/glass48.jpg,,trashnet-master/trashnet-master/data/dataset-resized/glass/glass48.jpg,,,,,,,,
trashnet_train_glass27.jpg,TrashNet,image_classification,train,Glass,glass,trashnet-master/trashnet-master/data/filtered_6class/train/Glass/glass27.jpg,,trashnet-master/trashnet-master/data/dataset-resized/glass/glass27.jpg,,,,,,,,
trashnet_train_glass259.jpg,TrashNet,image_classification,train,Glass,glass,trashnet-master/trashnet-master/data/filtered_6class/train/Glass/glass259.jpg,,trashnet-master/trashnet-master/data/dataset-resized/glass/glass259.jpg,,,,,,,,
trashnet_train_glass159.jpg,TrashNet,image_classification,train,Glass,glass,trashnet-master/trashnet-master/data/filtered_6class/train/Glass/glass159.jpg,,trashnet-master/trashnet-master/data/dataset-resized/glass/glass159.jpg,,,,,,,,
trashnet_train_glass421.jpg,TrashNet,image_classification,train,Glass,glass,trashnet-master/trashnet-master/data/filtered_6class/train/Glass/glass421.jpg,,trashnet-master/trashnet-master/data/dataset-resized/glass/glass421.jpg,,,,,,,,
trashnet_train_glass424.jpg,TrashNet,image_classification,train,Glass,glass,trashnet-master/trashnet-master/data/filtered_6class/train/Glass/glass424.jpg,,trashnet-master/trashnet-master/data/dataset-resized/glass/glass424.jpg,,,,,,,,
trashnet_train_glass429.jpg,TrashNet,image_classification,train,Glass,glass,trashnet-master/trashnet-master/data/filtered_6class/train/Glass/glass429.jpg,,trashnet-master/trashnet-master/data/dataset-resized/glass/glass429.jpg,,,,,,,,
trashnet_train_glass140.jpg,TrashNet,image_classification,train,Glass,glass,trashnet-master/trashnet-master/data/filtered_6class/train/Glass/glass140.jpg,,trashnet-master/trashnet-master/data/dataset-resized/glass/glass140.jpg,,,,,,,,
trashnet_train_glass174.jpg,TrashNet,image_classification,train,Glass,glass,trashnet-master/trashnet-master/data/filtered_6class/train/Glass/glass174.jpg,,trashnet-master/trashnet-master/data/dataset-resized/glass/glass174.jpg,,,,,,,,
trashnet_train_glass399.jpg,TrashNet,image_classification,train,Glass,glass,trashnet-master/trashnet-master/data/filtered_6class/train/Glass/glass399.jpg,,trashnet-master/trashnet-master/data/dataset-resized/glass/glass399.jpg,,,,,,,,
trashnet_train_glass412.jpg,TrashNet,image_classification,train,Glass,glass,trashnet-master/trashnet-master/data/filtered_6class/train/Glass/glass412.jpg,,trashnet-master/trashnet-master/data/dataset-resized/glass/glass412.jpg,,,,,,,,
trashnet_train_glass459.jpg,TrashNet,image_classification,train,Glass,glass,trashnet-master/trashnet-master/data/filtered_6class/train/Glass/glass459.jpg,,trashnet-master/trashnet-master/data/dataset-resized/glass/glass459.jpg,,,,,,,,
trashnet_train_glass68.jpg,TrashNet,image_classification,train,Glass,glass,trashnet-master/trashnet-master/data/filtered_6class/train/Glass/glass68.jpg,,trashnet-master/trashnet-master/data/dataset-resized/glass/glass68.jpg,,,,,,,,
trashnet_train_glass456.jpg,TrashNet,image_classification,train,Glass,glass,trashnet-master/trashnet-master/data/filtered_6class/train/Glass/glass456.jpg,,trashnet-master/trashnet-master/data/dataset-resized/glass/glass456.jpg,,,,,,,,
trashnet_train_glass92.jpg,TrashNet,image_classification,train,Glass,glass,trashnet-master/trashnet-master/data/filtered_6class/train/Glass/glass92.jpg,,trashnet-master/trashnet-master/data/dataset-resized/glass/glass92.jpg,,,,,,,,
trashnet_train_glass294.jpg,TrashNet,image_classification,train,Glass,glass,trashnet-master/trashnet-master/data/filtered_6class/train/Glass/glass294.jpg,,trashnet-master/trashnet-master/data/dataset-resized/glass/glass294.jpg,,,,,,,,
trashnet_train_glass446.jpg,TrashNet,image_classification,train,Glass,glass,trashnet-master/trashnet-master/data/filtered_6class/train/Glass/glass446.jpg,,trashnet-master/trashnet-master/data/dataset-resized/glass/glass446.jpg,,,,,,,,
trashnet_train_glass163.jpg,TrashNet,image_classification,train,Glass,glass,trashnet-master/trashnet-master/data/filtered_6class/train/Glass/glass163.jpg,,trashnet-master/trashnet-master/data/dataset-resized/glass/glass163.jpg,,,,,,,,
trashnet_train_glass66.jpg,TrashNet,image_classification,train,Glass,glass,trashnet-master/trashnet-master/data/filtered_6class/train/Glass/glass66.jpg,,trashnet-master/trashnet-master/data/dataset-resized/glass/glass66.jpg,,,,,,,,
trashnet_train_glass330.jpg,TrashNet,image_classification,train,Glass,glass,trashnet-master/trashnet-master/data/filtered_6class/train/Glass/glass330.jpg,,trashnet-master/trashnet-master/data/dataset-resized/glass/glass330.jpg,,,,,,,,
trashnet_train_glass173.jpg,TrashNet,image_classification,train,Glass,glass,trashnet-master/trashnet-master/data/filtered_6class/train/Glass/glass173.jpg,,trashnet-master/trashnet-master/data/dataset-resized/glass/glass173.jpg,,,,,,,,
trashnet_train_glass413.jpg,TrashNet,image_classification,train,Glass,glass,trashnet-master/trashnet-master/data/filtered_6class/train/Glass/glass413.jpg,,trashnet-master/trashnet-master/data/dataset-resized/glass/glass413.jpg,,,,,,,,
trashnet_train_glass70.jpg,TrashNet,image_classification,train,Glass,glass,trashnet-master/trashnet-master/data/filtered_6class/train/Glass/glass70.jpg,,trashnet-master/trashnet-master/data/dataset-resized/glass/glass70.jpg,,,,,,,,
trashnet_train_glass495.jpg,TrashNet,image_classification,train,Glass,glass,trashnet-master/trashnet-master/data/filtered_6class/train/Glass/glass495.jpg,,trashnet-master/trashnet-master/data/dataset-resized/glass/glass495.jpg,,,,,,,,
trashnet_train_glass91.jpg,TrashNet,image_classification,train,Glass,glass,trashnet-master/trashnet-master/data/filtered_6class/train/Glass/glass91.jpg,,trashnet-master/trashnet-master/data/dataset-resized/glass/glass91.jpg,,,,,,,,
trashnet_train_glass21.jpg,TrashNet,image_classification,train,Glass,glass,trashnet-master/trashnet-master/data/filtered_6class/train/Glass/glass21.jpg,,trashnet-master/trashnet-master/data/dataset-resized/glass/glass21.jpg,,,,,,,,
trashnet_train_glass222.jpg,TrashNet,image_classification,train,Glass,glass,trashnet-master/trashnet-master/data/filtered_6class/train/Glass/glass222.jpg,,trashnet-master/trashnet-master/data/dataset-resized/glass/glass222.jpg,,,,,,,,
trashnet_train_glass240.jpg,TrashNet,image_classification,train,Glass,glass,trashnet-master/trashnet-master/data/filtered_6class/train/Glass/glass240.jpg,,trashnet-master/trashnet-master/data/dataset-resized/glass/glass240.jpg,,,,,,,,
trashnet_train_glass340.jpg,TrashNet,image_classification,train,Glass,glass,trashnet-master/trashnet-master/data/filtered_6class/train/Glass/glass340.jpg,,trashnet-master/trashnet-master/data/dataset-resized/glass/glass340.jpg,,,,,,,,
trashnet_train_glass337.jpg,TrashNet,image_classification,train,Glass,glass,trashnet-master/trashnet-master/data/filtered_6class/train/Glass/glass337.jpg,,trashnet-master/trashnet-master/data/dataset-resized/glass/glass337.jpg,,,,,,,,
trashnet_train_glass14.jpg,TrashNet,image_classification,train,Glass,glass,trashnet-master/trashnet-master/data/filtered_6class/train/Glass/glass14.jpg,,trashnet-master/trashnet-master/data/dataset-resized/glass/glass14.jpg,,,,,,,,
trashnet_train_glass2.jpg,TrashNet,image_classification,train,Glass,glass,trashnet-master/trashnet-master/data/filtered_6class/train/Glass/glass2.jpg,,trashnet-master/trashnet-master/data/dataset-resized/glass/glass2.jpg,,,,,,,,
trashnet_train_glass307.jpg,TrashNet,image_classification,train,Glass,glass,trashnet-master/trashnet-master/data/filtered_6class/train/Glass/glass307.jpg,,trashnet-master/trashnet-master/data/dataset-resized/glass/glass307.jpg,,,,,,,,
trashnet_train_glass204.jpg,TrashNet,image_classification,train,Glass,glass,trashnet-master/trashnet-master/data/filtered_6class/train/Glass/glass204.jpg,,trashnet-master/trashnet-master/data/dataset-resized/glass/glass204.jpg,,,,,,,,
trashnet_train_glass56.jpg,TrashNet,image_classification,train,Glass,glass,trashnet-master/trashnet-master/data/filtered_6class/train/Glass/glass56.jpg,,trashnet-master/trashnet-master/data/dataset-resized/glass/glass56.jpg,,,,,,,,
trashnet_train_glass182.jpg,TrashNet,image_classification,train,Glass,glass,trashnet-master/trashnet-master/data/filtered_6class/train/Glass/glass182.jpg,,trashnet-master/trashnet-master/data/dataset-resized/glass/glass182.jpg,,,,,,,,
trashnet_train_glass199.jpg,TrashNet,image_classification,train,Glass,glass,trashnet-master/trashnet-master/data/filtered_6class/train/Glass/glass199.jpg,,trashnet-master/trashnet-master/data/dataset-resized/glass/glass199.jpg,,,,,,,,
trashnet_train_glass376.jpg,TrashNet,image_classification,train,Glass,glass,trashnet-master/trashnet-master/data/filtered_6class/train/Glass/glass376.jpg,,trashnet-master/trashnet-master/data/dataset-resized/glass/glass376.jpg,,,,,,,,
trashnet_train_glass441.jpg,TrashNet,image_classification,train,Glass,glass,trashnet-master/trashnet-master/data/filtered_6class/train/Glass/glass441.jpg,,trashnet-master/trashnet-master/data/dataset-resized/glass/glass441.jpg,,,,,,,,
trashnet_train_glass472.jpg,TrashNet,image_classification,train,Glass,glass,trashnet-master/trashnet-master/data/filtered_6class/train/Glass/glass472.jpg,,trashnet-master/trashnet-master/data/dataset-resized/glass/glass472.jpg,,,,,,,,
trashnet_train_glass83.jpg,TrashNet,image_classification,train,Glass,glass,trashnet-master/trashnet-master/data/filtered_6class/train/Glass/glass83.jpg,,trashnet-master/trashnet-master/data/dataset-resized/glass/glass83.jpg,,,,,,,,
trashnet_train_glass178.jpg,TrashNet,image_classification,train,Glass,glass,trashnet-master/trashnet-master/data/filtered_6class/train/Glass/glass178.jpg,,trashnet-master/trashnet-master/data/dataset-resized/glass/glass178.jpg,,,,,,,,
trashnet_train_glass248.jpg,TrashNet,image_classification,train,Glass,glass,trashnet-master/trashnet-master/data/filtered_6class/train/Glass/glass248.jpg,,trashnet-master/trashnet-master/data/dataset-resized/glass/glass248.jpg,,,,,,,,
trashnet_train_glass215.jpg,TrashNet,image_classification,train,Glass,glass,trashnet-master/trashnet-master/data/filtered_6class/train/Glass/glass215.jpg,,trashnet-master/trashnet-master/data/dataset-resized/glass/glass215.jpg,,,,,,,,
trashnet_train_glass460.jpg,TrashNet,image_classification,train,Glass,glass,trashnet-master/trashnet-master/data/filtered_6class/train/Glass/glass460.jpg,,trashnet-master/trashnet-master/data/dataset-resized/glass/glass460.jpg,,,,,,,,
trashnet_train_glass341.jpg,TrashNet,image_classification,train,Glass,glass,trashnet-master/trashnet-master/data/filtered_6class/train/Glass/glass341.jpg,,trashnet-master/trashnet-master/data/dataset-resized/glass/glass341.jpg,,,,,,,,
trashnet_train_glass375.jpg,TrashNet,image_classification,train,Glass,glass,trashnet-master/trashnet-master/data/filtered_6class/train/Glass/glass375.jpg,,trashnet-master/trashnet-master/data/dataset-resized/glass/glass375.jpg,,,,,,,,
trashnet_train_glass469.jpg,TrashNet,image_classification,train,Glass,glass,trashnet-master/trashnet-master/data/filtered_6class/train/Glass/glass469.jpg,,trashnet-master/trashnet-master/data/dataset-resized/glass/glass469.jpg,,,,,,,,
trashnet_train_glass221.jpg,TrashNet,image_classification,train,Glass,glass,trashnet-master/trashnet-master/data/filtered_6class/train/Glass/glass221.jpg,,trashnet-master/trashnet-master/data/dataset-resized/glass/glass221.jpg,,,,,,,,
trashnet_train_glass179.jpg,TrashNet,image_classification,train,Glass,glass,trashnet-master/trashnet-master/data/filtered_6class/train/Glass/glass179.jpg,,trashnet-master/trashnet-master/data/dataset-resized/glass/glass179.jpg,,,,,,,,
trashnet_train_glass452.jpg,TrashNet,image_classification,train,Glass,glass,trashnet-master/trashnet-master/data/filtered_6class/train/Glass/glass452.jpg,,trashnet-master/trashnet-master/data/dataset-resized/glass/glass452.jpg,,,,,,,,
trashnet_train_glass453.jpg,TrashNet,image_classification,train,Glass,glass,trashnet-master/trashnet-master/data/filtered_6class/train/Glass/glass453.jpg,,trashnet-master/trashnet-master/data/dataset-resized/glass/glass453.jpg,,,,,,,,
trashnet_train_glass126.jpg,TrashNet,image_classification,train,Glass,glass,trashnet-master/trashnet-master/data/filtered_6class/train/Glass/glass126.jpg,,trashnet-master/trashnet-master/data/dataset-resized/glass/glass126.jpg,,,,,,,,
trashnet_train_glass496.jpg,TrashNet,image_classification,train,Glass,glass,trashnet-master/trashnet-master/data/filtered_6class/train/Glass/glass496.jpg,,trashnet-master/trashnet-master/data/dataset-resized/glass/glass496.jpg,,,,,,,,
trashnet_train_glass257.jpg,TrashNet,image_classification,train,Glass,glass,trashnet-master/trashnet-master/data/filtered_6class/train/Glass/glass257.jpg,,trashnet-master/trashnet-master/data/dataset-resized/glass/glass257.jpg,,,,,,,,
trashnet_train_glass382.jpg,TrashNet,image_classification,train,Glass,glass,trashnet-master/trashnet-master/data/filtered_6class/train/Glass/glass382.jpg,,trashnet-master/trashnet-master/data/dataset-resized/glass/glass382.jpg,,,,,,,,
trashnet_train_glass26.jpg,TrashNet,image_classification,train,Glass,glass,trashnet-master/trashnet-master/data/filtered_6class/train/Glass/glass26.jpg,,trashnet-master/trashnet-master/data/dataset-resized/glass/glass26.jpg,,,,,,,,
trashnet_train_glass122.jpg,TrashNet,image_classification,train,Glass,glass,trashnet-master/trashnet-master/data/filtered_6class/train/Glass/glass122.jpg,,trashnet-master/trashnet-master/data/dataset-resized/glass/glass122.jpg,,,,,,,,
trashnet_train_glass6.jpg,TrashNet,image_classification,train,Glass,glass,trashnet-master/trashnet-master/data/filtered_6class/train/Glass/glass6.jpg,,trashnet-master/trashnet-master/data/dataset-resized/glass/glass6.jpg,,,,,,,,
trashnet_train_glass50.jpg,TrashNet,image_classification,train,Glass,glass,trashnet-master/trashnet-master/data/filtered_6class/train/Glass/glass50.jpg,,trashnet-master/trashnet-master/data/dataset-resized/glass/glass50.jpg,,,,,,,,
trashnet_train_glass78.jpg,TrashNet,image_classification,train,Glass,glass,trashnet-master/trashnet-master/data/filtered_6class/train/Glass/glass78.jpg,,trashnet-master/trashnet-master/data/dataset-resized/glass/glass78.jpg,,,,,,,,
trashnet_train_glass489.jpg,TrashNet,image_classification,train,Glass,glass,trashnet-master/trashnet-master/data/filtered_6class/train/Glass/glass489.jpg,,trashnet-master/trashnet-master/data/dataset-resized/glass/glass489.jpg,,,,,,,,
trashnet_train_glass81.jpg,TrashNet,image_classification,train,Glass,glass,trashnet-master/trashnet-master/data/filtered_6class/train/Glass/glass81.jpg,,trashnet-master/trashnet-master/data/dataset-resized/glass/glass81.jpg,,,,,,,,
trashnet_train_glass144.jpg,TrashNet,image_classification,train,Glass,glass,trashnet-master/trashnet-master/data/filtered_6class/train/Glass/glass144.jpg,,trashnet-master/trashnet-master/data/dataset-resized/glass/glass144.jpg,,,,,,,,
trashnet_train_glass31.jpg,TrashNet,image_classification,train,Glass,glass,trashnet-master/trashnet-master/data/filtered_6class/train/Glass/glass31.jpg,,trashnet-master/trashnet-master/data/dataset-resized/glass/glass31.jpg,,,,,,,,
trashnet_train_glass45.jpg,TrashNet,image_classification,train,Glass,glass,trashnet-master/trashnet-master/data/filtered_6class/train/Glass/glass45.jpg,,trashnet-master/trashnet-master/data/dataset-resized/glass/glass45.jpg,,,,,,,,
trashnet_train_glass186.jpg,TrashNet,image_classification,train,Glass,glass,trashnet-master/trashnet-master/data/filtered_6class/train/Glass/glass186.jpg,,trashnet-master/trashnet-master/data/dataset-resized/glass/glass186.jpg,,,,,,,,
trashnet_train_glass255.jpg,TrashNet,image_classification,train,Glass,glass,trashnet-master/trashnet-master/data/filtered_6class/train/Glass/glass255.jpg,,trashnet-master/trashnet-master/data/dataset-resized/glass/glass255.jpg,,,,,,,,
trashnet_train_glass231.jpg,TrashNet,image_classification,train,Glass,glass,trashnet-master/trashnet-master/data/filtered_6class/train/Glass/glass231.jpg,,trashnet-master/trashnet-master/data/dataset-resized/glass/glass231.jpg,,,,,,,,
trashnet_train_glass29.jpg,TrashNet,image_classification,train,Glass,glass,trashnet-master/trashnet-master/data/filtered_6class/train/Glass/glass29.jpg,,trashnet-master/trashnet-master/data/dataset-resized/glass/glass29.jpg,,,,,,,,
trashnet_train_glass104.jpg,TrashNet,image_classification,train,Glass,glass,trashnet-master/trashnet-master/data/filtered_6class/train/Glass/glass104.jpg,,trashnet-master/trashnet-master/data/dataset-resized/glass/glass104.jpg,,,,,,,,
trashnet_train_glass232.jpg,TrashNet,image_classification,train,Glass,glass,trashnet-master/trashnet-master/data/filtered_6class/train/Glass/glass232.jpg,,trashnet-master/trashnet-master/data/dataset-resized/glass/glass232.jpg,,,,,,,,
trashnet_train_glass123.jpg,TrashNet,image_classification,train,Glass,glass,trashnet-master/trashnet-master/data/filtered_6class/train/Glass/glass123.jpg,,trashnet-master/trashnet-master/data/dataset-resized/glass/glass123.jpg,,,,,,,,
trashnet_train_glass170.jpg,TrashNet,image_classification,train,Glass,glass,trashnet-master/trashnet-master/data/filtered_6class/train/Glass/glass170.jpg,,trashnet-master/trashnet-master/data/dataset-resized/glass/glass170.jpg,,,,,,,,
trashnet_train_glass384.jpg,TrashNet,image_classification,train,Glass,glass,trashnet-master/trashnet-master/data/filtered_6class/train/Glass/glass384.jpg,,trashnet-master/trashnet-master/data/dataset-resized/glass/glass384.jpg,,,,,,,,
trashnet_train_glass492.jpg,TrashNet,image_classification,train,Glass,glass,trashnet-master/trashnet-master/data/filtered_6class/train/Glass/glass492.jpg,,trashnet-master/trashnet-master/data/dataset-resized/glass/glass492.jpg,,,,,,,,
trashnet_train_glass316.jpg,TrashNet,image_classification,train,Glass,glass,trashnet-master/trashnet-master/data/filtered_6class/train/Glass/glass316.jpg,,trashnet-master/trashnet-master/data/dataset-resized/glass/glass316.jpg,,,,,,,,
trashnet_train_glass407.jpg,TrashNet,image_classification,train,Glass,glass,trashnet-master/trashnet-master/data/filtered_6class/train/Glass/glass407.jpg,,trashnet-master/trashnet-master/data/dataset-resized/glass/glass407.jpg,,,,,,,,
trashnet_train_glass264.jpg,TrashNet,image_classification,train,Glass,glass,trashnet-master/trashnet-master/data/filtered_6class/train/Glass/glass264.jpg,,trashnet-master/trashnet-master/data/dataset-resized/glass/glass264.jpg,,,,,,,,
trashnet_train_glass463.jpg,TrashNet,image_classification,train,Glass,glass,trashnet-master/trashnet-master/data/filtered_6class/train/Glass/glass463.jpg,,trashnet-master/trashnet-master/data/dataset-resized/glass/glass463.jpg,,,,,,,,
trashnet_train_glass423.jpg,TrashNet,image_classification,train,Glass,glass,trashnet-master/trashnet-master/data/filtered_6class/train/Glass/glass423.jpg,,trashnet-master/trashnet-master/data/dataset-resized/glass/glass423.jpg,,,,,,,,
trashnet_train_glass474.jpg,TrashNet,image_classification,train,Glass,glass,trashnet-master/trashnet-master/data/filtered_6class/train/Glass/glass474.jpg,,trashnet-master/trashnet-master/data/dataset-resized/glass/glass474.jpg,,,,,,,,
trashnet_train_glass342.jpg,TrashNet,image_classification,train,Glass,glass,trashnet-master/trashnet-master/data/filtered_6class/train/Glass/glass342.jpg,,trashnet-master/trashnet-master/data/dataset-resized/glass/glass342.jpg,,,,,,,,
trashnet_train_glass184.jpg,TrashNet,image_classification,train,Glass,glass,trashnet-master/trashnet-master/data/filtered_6class/train/Glass/glass184.jpg,,trashnet-master/trashnet-master/data/dataset-resized/glass/glass184.jpg,,,,,,,,
trashnet_train_glass44.jpg,TrashNet,image_classification,train,Glass,glass,trashnet-master/trashnet-master/data/filtered_6class/train/Glass/glass44.jpg,,trashnet-master/trashnet-master/data/dataset-resized/glass/glass44.jpg,,,,,,,,
trashnet_train_glass36.jpg,TrashNet,image_classification,train,Glass,glass,trashnet-master/trashnet-master/data/filtered_6class/train/Glass/glass36.jpg,,trashnet-master/trashnet-master/data/dataset-resized/glass/glass36.jpg,,,,,,,,
trashnet_train_glass96.jpg,TrashNet,image_classification,train,Glass,glass,trashnet-master/trashnet-master/data/filtered_6class/train/Glass/glass96.jpg,,trashnet-master/trashnet-master/data/dataset-resized/glass/glass96.jpg,,,,,,,,
trashnet_train_glass206.jpg,TrashNet,image_classification,train,Glass,glass,trashnet-master/trashnet-master/data/filtered_6class/train/Glass/glass206.jpg,,trashnet-master/trashnet-master/data/dataset-resized/glass/glass206.jpg,,,,,,,,
trashnet_train_glass89.jpg,TrashNet,image_classification,train,Glass,glass,trashnet-master/trashnet-master/data/filtered_6class/train/Glass/glass89.jpg,,trashnet-master/trashnet-master/data/dataset-resized/glass/glass89.jpg,,,,,,,,
trashnet_train_glass229.jpg,TrashNet,image_classification,train,Glass,glass,trashnet-master/trashnet-master/data/filtered_6class/train/Glass/glass229.jpg,,trashnet-master/trashnet-master/data/dataset-resized/glass/glass229.jpg,,,,,,,,
trashnet_train_glass125.jpg,TrashNet,image_classification,train,Glass,glass,trashnet-master/trashnet-master/data/filtered_6class/train/Glass/glass125.jpg,,trashnet-master/trashnet-master/data/dataset-resized/glass/glass125.jpg,,,,,,,,
trashnet_train_glass500.jpg,TrashNet,image_classification,train,Glass,glass,trashnet-master/trashnet-master/data/filtered_6class/train/Glass/glass500.jpg,,trashnet-master/trashnet-master/data/dataset-resized/glass/glass500.jpg,,,,,,,,
trashnet_train_glass208.jpg,TrashNet,image_classification,train,Glass,glass,trashnet-master/trashnet-master/data/filtered_6class/train/Glass/glass208.jpg,,trashnet-master/trashnet-master/data/dataset-resized/glass/glass208.jpg,,,,,,,,
trashnet_train_glass378.jpg,TrashNet,image_classification,train,Glass,glass,trashnet-master/trashnet-master/data/filtered_6class/train/Glass/glass378.jpg,,trashnet-master/trashnet-master/data/dataset-resized/glass/glass378.jpg,,,,,,,,
trashnet_train_glass154.jpg,TrashNet,image_classification,train,Glass,glass,trashnet-master/trashnet-master/data/filtered_6class/train/Glass/glass154.jpg,,trashnet-master/trashnet-master/data/dataset-resized/glass/glass154.jpg,,,,,,,,
trashnet_train_glass390.jpg,TrashNet,image_classification,train,Glass,glass,trashnet-master/trashnet-master/data/filtered_6class/train/Glass/glass390.jpg,,trashnet-master/trashnet-master/data/dataset-resized/glass/glass390.jpg,,,,,,,,
trashnet_train_glass242.jpg,TrashNet,image_classification,train,Glass,glass,trashnet-master/trashnet-master/data/filtered_6class/train/Glass/glass242.jpg,,trashnet-master/trashnet-master/data/dataset-resized/glass/glass242.jpg,,,,,,,,
trashnet_train_glass103.jpg,TrashNet,image_classification,train,Glass,glass,trashnet-master/trashnet-master/data/filtered_6class/train/Glass/glass103.jpg,,trashnet-master/trashnet-master/data/dataset-resized/glass/glass103.jpg,,,,,,,,
trashnet_train_glass360.jpg,TrashNet,image_classification,train,Glass,glass,trashnet-master/trashnet-master/data/filtered_6class/train/Glass/glass360.jpg,,trashnet-master/trashnet-master/data/dataset-resized/glass/glass360.jpg,,,,,,,,
trashnet_train_glass145.jpg,TrashNet,image_classification,train,Glass,glass,trashnet-master/trashnet-master/data/filtered_6class/train/Glass/glass145.jpg,,trashnet-master/trashnet-master/data/dataset-resized/glass/glass145.jpg,,,,,,,,
trashnet_train_glass498.jpg,TrashNet,image_classification,train,Glass,glass,trashnet-master/trashnet-master/data/filtered_6class/train/Glass/glass498.jpg,,trashnet-master/trashnet-master/data/dataset-resized/glass/glass498.jpg,,,,,,,,
trashnet_train_glass105.jpg,TrashNet,image_classification,train,Glass,glass,trashnet-master/trashnet-master/data/filtered_6class/train/Glass/glass105.jpg,,trashnet-master/trashnet-master/data/dataset-resized/glass/glass105.jpg,,,,,,,,
trashnet_train_glass273.jpg,TrashNet,image_classification,train,Glass,glass,trashnet-master/trashnet-master/data/filtered_6class/train/Glass/glass273.jpg,,trashnet-master/trashnet-master/data/dataset-resized/glass/glass273.jpg,,,,,,,,
trashnet_train_glass368.jpg,TrashNet,image_classification,train,Glass,glass,trashnet-master/trashnet-master/data/filtered_6class/train/Glass/glass368.jpg,,trashnet-master/trashnet-master/data/dataset-resized/glass/glass368.jpg,,,,,,,,
trashnet_train_glass320.jpg,TrashNet,image_classification,train,Glass,glass,trashnet-master/trashnet-master/data/filtered_6class/train/Glass/glass320.jpg,,trashnet-master/trashnet-master/data/dataset-resized/glass/glass320.jpg,,,,,,,,
trashnet_train_glass403.jpg,TrashNet,image_classification,train,Glass,glass,trashnet-master/trashnet-master/data/filtered_6class/train/Glass/glass403.jpg,,trashnet-master/trashnet-master/data/dataset-resized/glass/glass403.jpg,,,,,,,,
trashnet_train_glass114.jpg,TrashNet,image_classification,train,Glass,glass,trashnet-master/trashnet-master/data/filtered_6class/train/Glass/glass114.jpg,,trashnet-master/trashnet-master/data/dataset-resized/glass/glass114.jpg,,,,,,,,
trashnet_train_glass249.jpg,TrashNet,image_classification,train,Glass,glass,trashnet-master/trashnet-master/data/filtered_6class/train/Glass/glass249.jpg,,trashnet-master/trashnet-master/data/dataset-resized/glass/glass249.jpg,,,,,,,,
trashnet_train_glass150.jpg,TrashNet,image_classification,train,Glass,glass,trashnet-master/trashnet-master/data/filtered_6class/train/Glass/glass150.jpg,,trashnet-master/trashnet-master/data/dataset-resized/glass/glass150.jpg,,,,,,,,
trashnet_train_glass480.jpg,TrashNet,image_classification,train,Glass,glass,trashnet-master/trashnet-master/data/filtered_6class/train/Glass/glass480.jpg,,trashnet-master/trashnet-master/data/dataset-resized/glass/glass480.jpg,,,,,,,,
trashnet_train_glass427.jpg,TrashNet,image_classification,train,Glass,glass,trashnet-master/trashnet-master/data/filtered_6class/train/Glass/glass427.jpg,,trashnet-master/trashnet-master/data/dataset-resized/glass/glass427.jpg,,,,,,,,
trashnet_train_glass482.jpg,TrashNet,image_classification,train,Glass,glass,trashnet-master/trashnet-master/data/filtered_6class/train/Glass/glass482.jpg,,trashnet-master/trashnet-master/data/dataset-resized/glass/glass482.jpg,,,,,,,,
trashnet_train_glass223.jpg,TrashNet,image_classification,train,Glass,glass,trashnet-master/trashnet-master/data/filtered_6class/train/Glass/glass223.jpg,,trashnet-master/trashnet-master/data/dataset-resized/glass/glass223.jpg,,,,,,,,
trashnet_train_glass271.jpg,TrashNet,image_classification,train,Glass,glass,trashnet-master/trashnet-master/data/filtered_6class/train/Glass/glass271.jpg,,trashnet-master/trashnet-master/data/dataset-resized/glass/glass271.jpg,,,,,,,,
trashnet_train_glass102.jpg,TrashNet,image_classification,train,Glass,glass,trashnet-master/trashnet-master/data/filtered_6class/train/Glass/glass102.jpg,,trashnet-master/trashnet-master/data/dataset-resized/glass/glass102.jpg,,,,,,,,
trashnet_train_glass389.jpg,TrashNet,image_classification,train,Glass,glass,trashnet-master/trashnet-master/data/filtered_6class/train/Glass/glass389.jpg,,trashnet-master/trashnet-master/data/dataset-resized/glass/glass389.jpg,,,,,,,,
trashnet_train_glass117.jpg,TrashNet,image_classification,train,Glass,glass,trashnet-master/trashnet-master/data/filtered_6class/train/Glass/glass117.jpg,,trashnet-master/trashnet-master/data/dataset-resized/glass/glass117.jpg,,,,,,,,
trashnet_train_glass291.jpg,TrashNet,image_classification,train,Glass,glass,trashnet-master/trashnet-master/data/filtered_6class/train/Glass/glass291.jpg,,trashnet-master/trashnet-master/data/dataset-resized/glass/glass291.jpg,,,,,,,,
trashnet_train_glass157.jpg,TrashNet,image_classification,train,Glass,glass,trashnet-master/trashnet-master/data/filtered_6class/train/Glass/glass157.jpg,,trashnet-master/trashnet-master/data/dataset-resized/glass/glass157.jpg,,,,,,,,
trashnet_train_glass37.jpg,TrashNet,image_classification,train,Glass,glass,trashnet-master/trashnet-master/data/filtered_6class/train/Glass/glass37.jpg,,trashnet-master/trashnet-master/data/dataset-resized/glass/glass37.jpg,,,,,,,,
trashnet_train_glass97.jpg,TrashNet,image_classification,train,Glass,glass,trashnet-master/trashnet-master/data/filtered_6class/train/Glass/glass97.jpg,,trashnet-master/trashnet-master/data/dataset-resized/glass/glass97.jpg,,,,,,,,
trashnet_train_glass98.jpg,TrashNet,image_classification,train,Glass,glass,trashnet-master/trashnet-master/data/filtered_6class/train/Glass/glass98.jpg,,trashnet-master/trashnet-master/data/dataset-resized/glass/glass98.jpg,,,,,,,,
trashnet_train_glass359.jpg,TrashNet,image_classification,train,Glass,glass,trashnet-master/trashnet-master/data/filtered_6class/train/Glass/glass359.jpg,,trashnet-master/trashnet-master/data/dataset-resized/glass/glass359.jpg,,,,,,,,
trashnet_train_glass335.jpg,TrashNet,image_classification,train,Glass,glass,trashnet-master/trashnet-master/data/filtered_6class/train/Glass/glass335.jpg,,trashnet-master/trashnet-master/data/dataset-resized/glass/glass335.jpg,,,,,,,,
trashnet_train_glass308.jpg,TrashNet,image_classification,train,Glass,glass,trashnet-master/trashnet-master/data/filtered_6class/train/Glass/glass308.jpg,,trashnet-master/trashnet-master/data/dataset-resized/glass/glass308.jpg,,,,,,,,
trashnet_train_glass197.jpg,TrashNet,image_classification,train,Glass,glass,trashnet-master/trashnet-master/data/filtered_6class/train/Glass/glass197.jpg,,trashnet-master/trashnet-master/data/dataset-resized/glass/glass197.jpg,,,,,,,,
trashnet_train_glass491.jpg,TrashNet,image_classification,train,Glass,glass,trashnet-master/trashnet-master/data/filtered_6class/train/Glass/glass491.jpg,,trashnet-master/trashnet-master/data/dataset-resized/glass/glass491.jpg,,,,,,,,
trashnet_train_glass47.jpg,TrashNet,image_classification,train,Glass,glass,trashnet-master/trashnet-master/data/filtered_6class/train/Glass/glass47.jpg,,trashnet-master/trashnet-master/data/dataset-resized/glass/glass47.jpg,,,,,,,,
trashnet_train_glass85.jpg,TrashNet,image_classification,train,Glass,glass,trashnet-master/trashnet-master/data/filtered_6class/train/Glass/glass85.jpg,,trashnet-master/trashnet-master/data/dataset-resized/glass/glass85.jpg,,,,,,,,
trashnet_train_glass418.jpg,TrashNet,image_classification,train,Glass,glass,trashnet-master/trashnet-master/data/filtered_6class/train/Glass/glass418.jpg,,trashnet-master/trashnet-master/data/dataset-resized/glass/glass418.jpg,,,,,,,,
trashnet_train_glass183.jpg,TrashNet,image_classification,train,Glass,glass,trashnet-master/trashnet-master/data/filtered_6class/train/Glass/glass183.jpg,,trashnet-master/trashnet-master/data/dataset-resized/glass/glass183.jpg,,,,,,,,
trashnet_train_glass311.jpg,TrashNet,image_classification,train,Glass,glass,trashnet-master/trashnet-master/data/filtered_6class/train/Glass/glass311.jpg,,trashnet-master/trashnet-master/data/dataset-resized/glass/glass311.jpg,,,,,,,,
trashnet_train_glass161.jpg,TrashNet,image_classification,train,Glass,glass,trashnet-master/trashnet-master/data/filtered_6class/train/Glass/glass161.jpg,,trashnet-master/trashnet-master/data/dataset-resized/glass/glass161.jpg,,,,,,,,
trashnet_train_glass297.jpg,TrashNet,image_classification,train,Glass,glass,trashnet-master/trashnet-master/data/filtered_6class/train/Glass/glass297.jpg,,trashnet-master/trashnet-master/data/dataset-resized/glass/glass297.jpg,,,,,,,,
trashnet_train_glass137.jpg,TrashNet,image_classification,train,Glass,glass,trashnet-master/trashnet-master/data/filtered_6class/train/Glass/glass137.jpg,,trashnet-master/trashnet-master/data/dataset-resized/glass/glass137.jpg,,,,,,,,
trashnet_train_glass90.jpg,TrashNet,image_classification,train,Glass,glass,trashnet-master/trashnet-master/data/filtered_6class/train/Glass/glass90.jpg,,trashnet-master/trashnet-master/data/dataset-resized/glass/glass90.jpg,,,,,,,,
trashnet_train_glass280.jpg,TrashNet,image_classification,train,Glass,glass,trashnet-master/trashnet-master/data/filtered_6class/train/Glass/glass280.jpg,,trashnet-master/trashnet-master/data/dataset-resized/glass/glass280.jpg,,,,,,,,
trashnet_train_glass110.jpg,TrashNet,image_classification,train,Glass,glass,trashnet-master/trashnet-master/data/filtered_6class/train/Glass/glass110.jpg,,trashnet-master/trashnet-master/data/dataset-resized/glass/glass110.jpg,,,,,,,,
trashnet_train_glass345.jpg,TrashNet,image_classification,train,Glass,glass,trashnet-master/trashnet-master/data/filtered_6class/train/Glass/glass345.jpg,,trashnet-master/trashnet-master/data/dataset-resized/glass/glass345.jpg,,,,,,,,
trashnet_train_glass487.jpg,TrashNet,image_classification,train,Glass,glass,trashnet-master/trashnet-master/data/filtered_6class/train/Glass/glass487.jpg,,trashnet-master/trashnet-master/data/dataset-resized/glass/glass487.jpg,,,,,,,,
trashnet_train_glass314.jpg,TrashNet,image_classification,train,Glass,glass,trashnet-master/trashnet-master/data/filtered_6class/train/Glass/glass314.jpg,,trashnet-master/trashnet-master/data/dataset-resized/glass/glass314.jpg,,,,,,,,
trashnet_train_glass175.jpg,TrashNet,image_classification,train,Glass,glass,trashnet-master/trashnet-master/data/filtered_6class/train/Glass/glass175.jpg,,trashnet-master/trashnet-master/data/dataset-resized/glass/glass175.jpg,,,,,,,,
trashnet_train_glass477.jpg,TrashNet,image_classification,train,Glass,glass,trashnet-master/trashnet-master/data/filtered_6class/train/Glass/glass477.jpg,,trashnet-master/trashnet-master/data/dataset-resized/glass/glass477.jpg,,,,,,,,
trashnet_train_glass254.jpg,TrashNet,image_classification,train,Glass,glass,trashnet-master/trashnet-master/data/filtered_6class/train/Glass/glass254.jpg,,trashnet-master/trashnet-master/data/dataset-resized/glass/glass254.jpg,,,,,,,,
trashnet_train_glass479.jpg,TrashNet,image_classification,train,Glass,glass,trashnet-master/trashnet-master/data/filtered_6class/train/Glass/glass479.jpg,,trashnet-master/trashnet-master/data/dataset-resized/glass/glass479.jpg,,,,,,,,
trashnet_train_glass88.jpg,TrashNet,image_classification,train,Glass,glass,trashnet-master/trashnet-master/data/filtered_6class/train/Glass/glass88.jpg,,trashnet-master/trashnet-master/data/dataset-resized/glass/glass88.jpg,,,,,,,,
trashnet_train_glass95.jpg,TrashNet,image_classification,train,Glass,glass,trashnet-master/trashnet-master/data/filtered_6class/train/Glass/glass95.jpg,,trashnet-master/trashnet-master/data/dataset-resized/glass/glass95.jpg,,,,,,,,
trashnet_train_glass64.jpg,TrashNet,image_classification,train,Glass,glass,trashnet-master/trashnet-master/data/filtered_6class/train/Glass/glass64.jpg,,trashnet-master/trashnet-master/data/dataset-resized/glass/glass64.jpg,,,,,,,,
trashnet_train_glass394.jpg,TrashNet,image_classification,train,Glass,glass,trashnet-master/trashnet-master/data/filtered_6class/train/Glass/glass394.jpg,,trashnet-master/trashnet-master/data/dataset-resized/glass/glass394.jpg,,,,,,,,
trashnet_train_glass358.jpg,TrashNet,image_classification,train,Glass,glass,trashnet-master/trashnet-master/data/filtered_6class/train/Glass/glass358.jpg,,trashnet-master/trashnet-master/data/dataset-resized/glass/glass358.jpg,,,,,,,,
trashnet_train_glass323.jpg,TrashNet,image_classification,train,Glass,glass,trashnet-master/trashnet-master/data/filtered_6class/train/Glass/glass323.jpg,,trashnet-master/trashnet-master/data/dataset-resized/glass/glass323.jpg,,,,,,,,
trashnet_train_glass422.jpg,TrashNet,image_classification,train,Glass,glass,trashnet-master/trashnet-master/data/filtered_6class/train/Glass/glass422.jpg,,trashnet-master/trashnet-master/data/dataset-resized/glass/glass422.jpg,,,,,,,,
trashnet_train_glass350.jpg,TrashNet,image_classification,train,Glass,glass,trashnet-master/trashnet-master/data/filtered_6class/train/Glass/glass350.jpg,,trashnet-master/trashnet-master/data/dataset-resized/glass/glass350.jpg,,,,,,,,
trashnet_train_glass60.jpg,TrashNet,image_classification,train,Glass,glass,trashnet-master/trashnet-master/data/filtered_6class/train/Glass/glass60.jpg,,trashnet-master/trashnet-master/data/dataset-resized/glass/glass60.jpg,,,,,,,,
trashnet_train_glass292.jpg,TrashNet,image_classification,train,Glass,glass,trashnet-master/trashnet-master/data/filtered_6class/train/Glass/glass292.jpg,,trashnet-master/trashnet-master/data/dataset-resized/glass/glass292.jpg,,,,,,,,
trashnet_train_glass369.jpg,TrashNet,image_classification,train,Glass,glass,trashnet-master/trashnet-master/data/filtered_6class/train/Glass/glass369.jpg,,trashnet-master/trashnet-master/data/dataset-resized/glass/glass369.jpg,,,,,,,,
trashnet_train_glass236.jpg,TrashNet,image_classification,train,Glass,glass,trashnet-master/trashnet-master/data/filtered_6class/train/Glass/glass236.jpg,,trashnet-master/trashnet-master/data/dataset-resized/glass/glass236.jpg,,,,,,,,
trashnet_train_glass261.jpg,TrashNet,image_classification,train,Glass,glass,trashnet-master/trashnet-master/data/filtered_6class/train/Glass/glass261.jpg,,trashnet-master/trashnet-master/data/dataset-resized/glass/glass261.jpg,,,,,,,,
trashnet_train_glass101.jpg,TrashNet,image_classification,train,Glass,glass,trashnet-master/trashnet-master/data/filtered_6class/train/Glass/glass101.jpg,,trashnet-master/trashnet-master/data/dataset-resized/glass/glass101.jpg,,,,,,,,
trashnet_train_glass319.jpg,TrashNet,image_classification,train,Glass,glass,trashnet-master/trashnet-master/data/filtered_6class/train/Glass/glass319.jpg,,trashnet-master/trashnet-master/data/dataset-resized/glass/glass319.jpg,,,,,,,,
trashnet_train_glass483.jpg,TrashNet,image_classification,train,Glass,glass,trashnet-master/trashnet-master/data/filtered_6class/train/Glass/glass483.jpg,,trashnet-master/trashnet-master/data/dataset-resized/glass/glass483.jpg,,,,,,,,
trashnet_train_glass77.jpg,TrashNet,image_classification,train,Glass,glass,trashnet-master/trashnet-master/data/filtered_6class/train/Glass/glass77.jpg,,trashnet-master/trashnet-master/data/dataset-resized/glass/glass77.jpg,,,,,,,,
trashnet_train_glass108.jpg,TrashNet,image_classification,train,Glass,glass,trashnet-master/trashnet-master/data/filtered_6class/train/Glass/glass108.jpg,,trashnet-master/trashnet-master/data/dataset-resized/glass/glass108.jpg,,,,,,,,
trashnet_train_glass279.jpg,TrashNet,image_classification,train,Glass,glass,trashnet-master/trashnet-master/data/filtered_6class/train/Glass/glass279.jpg,,trashnet-master/trashnet-master/data/dataset-resized/glass/glass279.jpg,,,,,,,,
trashnet_train_glass485.jpg,TrashNet,image_classification,train,Glass,glass,trashnet-master/trashnet-master/data/filtered_6class/train/Glass/glass485.jpg,,trashnet-master/trashnet-master/data/dataset-resized/glass/glass485.jpg,,,,,,,,
trashnet_train_glass194.jpg,TrashNet,image_classification,train,Glass,glass,trashnet-master/trashnet-master/data/filtered_6class/train/Glass/glass194.jpg,,trashnet-master/trashnet-master/data/dataset-resized/glass/glass194.jpg,,,,,,,,
trashnet_train_glass127.jpg,TrashNet,image_classification,train,Glass,glass,trashnet-master/trashnet-master/data/filtered_6class/train/Glass/glass127.jpg,,trashnet-master/trashnet-master/data/dataset-resized/glass/glass127.jpg,,,,,,,,
trashnet_train_glass377.jpg,TrashNet,image_classification,train,Glass,glass,trashnet-master/trashnet-master/data/filtered_6class/train/Glass/glass377.jpg,,trashnet-master/trashnet-master/data/dataset-resized/glass/glass377.jpg,,,,,,,,
trashnet_train_glass466.jpg,TrashNet,image_classification,train,Glass,glass,trashnet-master/trashnet-master/data/filtered_6class/train/Glass/glass466.jpg,,trashnet-master/trashnet-master/data/dataset-resized/glass/glass466.jpg,,,,,,,,
trashnet_train_glass349.jpg,TrashNet,image_classification,train,Glass,glass,trashnet-master/trashnet-master/data/filtered_6class/train/Glass/glass349.jpg,,trashnet-master/trashnet-master/data/dataset-resized/glass/glass349.jpg,,,,,,,,
trashnet_train_glass501.jpg,TrashNet,image_classification,train,Glass,glass,trashnet-master/trashnet-master/data/filtered_6class/train/Glass/glass501.jpg,,trashnet-master/trashnet-master/data/dataset-resized/glass/glass501.jpg,,,,,,,,
trashnet_train_glass287.jpg,TrashNet,image_classification,train,Glass,glass,trashnet-master/trashnet-master/data/filtered_6class/train/Glass/glass287.jpg,,trashnet-master/trashnet-master/data/dataset-resized/glass/glass287.jpg,,,,,,,,
trashnet_train_glass437.jpg,TrashNet,image_classification,train,Glass,glass,trashnet-master/trashnet-master/data/filtered_6class/train/Glass/glass437.jpg,,trashnet-master/trashnet-master/data/dataset-resized/glass/glass437.jpg,,,,,,,,
trashnet_train_glass128.jpg,TrashNet,image_classification,train,Glass,glass,trashnet-master/trashnet-master/data/filtered_6class/train/Glass/glass128.jpg,,trashnet-master/trashnet-master/data/dataset-resized/glass/glass128.jpg,,,,,,,,
trashnet_train_glass462.jpg,TrashNet,image_classification,train,Glass,glass,trashnet-master/trashnet-master/data/filtered_6class/train/Glass/glass462.jpg,,trashnet-master/trashnet-master/data/dataset-resized/glass/glass462.jpg,,,,,,,,
trashnet_train_glass17.jpg,TrashNet,image_classification,train,Glass,glass,trashnet-master/trashnet-master/data/filtered_6class/train/Glass/glass17.jpg,,trashnet-master/trashnet-master/data/dataset-resized/glass/glass17.jpg,,,,,,,,
trashnet_train_glass431.jpg,TrashNet,image_classification,train,Glass,glass,trashnet-master/trashnet-master/data/filtered_6class/train/Glass/glass431.jpg,,trashnet-master/trashnet-master/data/dataset-resized/glass/glass431.jpg,,,,,,,,
trashnet_train_glass205.jpg,TrashNet,image_classification,train,Glass,glass,trashnet-master/trashnet-master/data/filtered_6class/train/Glass/glass205.jpg,,trashnet-master/trashnet-master/data/dataset-resized/glass/glass205.jpg,,,,,,,,
trashnet_train_glass169.jpg,TrashNet,image_classification,train,Glass,glass,trashnet-master/trashnet-master/data/filtered_6class/train/Glass/glass169.jpg,,trashnet-master/trashnet-master/data/dataset-resized/glass/glass169.jpg,,,,,,,,
trashnet_train_glass162.jpg,TrashNet,image_classification,train,Glass,glass,trashnet-master/trashnet-master/data/filtered_6class/train/Glass/glass162.jpg,,trashnet-master/trashnet-master/data/dataset-resized/glass/glass162.jpg,,,,,,,,
trashnet_train_glass136.jpg,TrashNet,image_classification,train,Glass,glass,trashnet-master/trashnet-master/data/filtered_6class/train/Glass/glass136.jpg,,trashnet-master/trashnet-master/data/dataset-resized/glass/glass136.jpg,,,,,,,,
trashnet_train_glass348.jpg,TrashNet,image_classification,train,Glass,glass,trashnet-master/trashnet-master/data/filtered_6class/train/Glass/glass348.jpg,,trashnet-master/trashnet-master/data/dataset-resized/glass/glass348.jpg,,,,,,,,
trashnet_train_glass246.jpg,TrashNet,image_classification,train,Glass,glass,trashnet-master/trashnet-master/data/filtered_6class/train/Glass/glass246.jpg,,trashnet-master/trashnet-master/data/dataset-resized/glass/glass246.jpg,,,,,,,,
trashnet_train_glass451.jpg,TrashNet,image_classification,train,Glass,glass,trashnet-master/trashnet-master/data/filtered_6class/train/Glass/glass451.jpg,,trashnet-master/trashnet-master/data/dataset-resized/glass/glass451.jpg,,,,,,,,
trashnet_train_glass224.jpg,TrashNet,image_classification,train,Glass,glass,trashnet-master/trashnet-master/data/filtered_6class/train/Glass/glass224.jpg,,trashnet-master/trashnet-master/data/dataset-resized/glass/glass224.jpg,,,,,,,,
trashnet_train_glass449.jpg,TrashNet,image_classification,train,Glass,glass,trashnet-master/trashnet-master/data/filtered_6class/train/Glass/glass449.jpg,,trashnet-master/trashnet-master/data/dataset-resized/glass/glass449.jpg,,,,,,,,
trashnet_train_glass473.jpg,TrashNet,image_classification,train,Glass,glass,trashnet-master/trashnet-master/data/filtered_6class/train/Glass/glass473.jpg,,trashnet-master/trashnet-master/data/dataset-resized/glass/glass473.jpg,,,,,,,,
trashnet_train_glass134.jpg,TrashNet,image_classification,train,Glass,glass,trashnet-master/trashnet-master/data/filtered_6class/train/Glass/glass134.jpg,,trashnet-master/trashnet-master/data/dataset-resized/glass/glass134.jpg,,,,,,,,
trashnet_train_glass301.jpg,TrashNet,image_classification,train,Glass,glass,trashnet-master/trashnet-master/data/filtered_6class/train/Glass/glass301.jpg,,trashnet-master/trashnet-master/data/dataset-resized/glass/glass301.jpg,,,,,,,,
trashnet_train_glass225.jpg,TrashNet,image_classification,train,Glass,glass,trashnet-master/trashnet-master/data/filtered_6class/train/Glass/glass225.jpg,,trashnet-master/trashnet-master/data/dataset-resized/glass/glass225.jpg,,,,,,,,
trashnet_train_glass209.jpg,TrashNet,image_classification,train,Glass,glass,trashnet-master/trashnet-master/data/filtered_6class/train/Glass/glass209.jpg,,trashnet-master/trashnet-master/data/dataset-resized/glass/glass209.jpg,,,,,,,,
trashnet_train_glass388.jpg,TrashNet,image_classification,train,Glass,glass,trashnet-master/trashnet-master/data/filtered_6class/train/Glass/glass388.jpg,,trashnet-master/trashnet-master/data/dataset-resized/glass/glass388.jpg,,,,,,,,
trashnet_train_glass322.jpg,TrashNet,image_classification,train,Glass,glass,trashnet-master/trashnet-master/data/filtered_6class/train/Glass/glass322.jpg,,trashnet-master/trashnet-master/data/dataset-resized/glass/glass322.jpg,,,,,,,,
trashnet_train_glass7.jpg,TrashNet,image_classification,train,Glass,glass,trashnet-master/trashnet-master/data/filtered_6class/train/Glass/glass7.jpg,,trashnet-master/trashnet-master/data/dataset-resized/glass/glass7.jpg,,,,,,,,
trashnet_train_glass226.jpg,TrashNet,image_classification,train,Glass,glass,trashnet-master/trashnet-master/data/filtered_6class/train/Glass/glass226.jpg,,trashnet-master/trashnet-master/data/dataset-resized/glass/glass226.jpg,,,,,,,,
trashnet_train_glass393.jpg,TrashNet,image_classification,train,Glass,glass,trashnet-master/trashnet-master/data/filtered_6class/train/Glass/glass393.jpg,,trashnet-master/trashnet-master/data/dataset-resized/glass/glass393.jpg,,,,,,,,
trashnet_train_glass212.jpg,TrashNet,image_classification,train,Glass,glass,trashnet-master/trashnet-master/data/filtered_6class/train/Glass/glass212.jpg,,trashnet-master/trashnet-master/data/dataset-resized/glass/glass212.jpg,,,,,,,,
trashnet_train_glass218.jpg,TrashNet,image_classification,train,Glass,glass,trashnet-master/trashnet-master/data/filtered_6class/train/Glass/glass218.jpg,,trashnet-master/trashnet-master/data/dataset-resized/glass/glass218.jpg,,,,,,,,
trashnet_train_glass306.jpg,TrashNet,image_classification,train,Glass,glass,trashnet-master/trashnet-master/data/filtered_6class/train/Glass/glass306.jpg,,trashnet-master/trashnet-master/data/dataset-resized/glass/glass306.jpg,,,,,,,,
trashnet_train_glass58.jpg,TrashNet,image_classification,train,Glass,glass,trashnet-master/trashnet-master/data/filtered_6class/train/Glass/glass58.jpg,,trashnet-master/trashnet-master/data/dataset-resized/glass/glass58.jpg,,,,,,,,
trashnet_train_glass172.jpg,TrashNet,image_classification,train,Glass,glass,trashnet-master/trashnet-master/data/filtered_6class/train/Glass/glass172.jpg,,trashnet-master/trashnet-master/data/dataset-resized/glass/glass172.jpg,,,,,,,,
trashnet_train_glass304.jpg,TrashNet,image_classification,train,Glass,glass,trashnet-master/trashnet-master/data/filtered_6class/train/Glass/glass304.jpg,,trashnet-master/trashnet-master/data/dataset-resized/glass/glass304.jpg,,,,,,,,
trashnet_train_glass476.jpg,TrashNet,image_classification,train,Glass,glass,trashnet-master/trashnet-master/data/filtered_6class/train/Glass/glass476.jpg,,trashnet-master/trashnet-master/data/dataset-resized/glass/glass476.jpg,,,,,,,,
trashnet_train_glass296.jpg,TrashNet,image_classification,train,Glass,glass,trashnet-master/trashnet-master/data/filtered_6class/train/Glass/glass296.jpg,,trashnet-master/trashnet-master/data/dataset-resized/glass/glass296.jpg,,,,,,,,
trashnet_train_glass331.jpg,TrashNet,image_classification,train,Glass,glass,trashnet-master/trashnet-master/data/filtered_6class/train/Glass/glass331.jpg,,trashnet-master/trashnet-master/data/dataset-resized/glass/glass331.jpg,,,,,,,,
trashnet_train_glass381.jpg,TrashNet,image_classification,train,Glass,glass,trashnet-master/trashnet-master/data/filtered_6class/train/Glass/glass381.jpg,,trashnet-master/trashnet-master/data/dataset-resized/glass/glass381.jpg,,,,,,,,
trashnet_train_glass464.jpg,TrashNet,image_classification,train,Glass,glass,trashnet-master/trashnet-master/data/filtered_6class/train/Glass/glass464.jpg,,trashnet-master/trashnet-master/data/dataset-resized/glass/glass464.jpg,,,,,,,,
trashnet_train_glass245.jpg,TrashNet,image_classification,train,Glass,glass,trashnet-master/trashnet-master/data/filtered_6class/train/Glass/glass245.jpg,,trashnet-master/trashnet-master/data/dataset-resized/glass/glass245.jpg,,,,,,,,
trashnet_train_glass373.jpg,TrashNet,image_classification,train,Glass,glass,trashnet-master/trashnet-master/data/filtered_6class/train/Glass/glass373.jpg,,trashnet-master/trashnet-master/data/dataset-resized/glass/glass373.jpg,,,,,,,,
trashnet_train_glass357.jpg,TrashNet,image_classification,train,Glass,glass,trashnet-master/trashnet-master/data/filtered_6class/train/Glass/glass357.jpg,,trashnet-master/trashnet-master/data/dataset-resized/glass/glass357.jpg,,,,,,,,
trashnet_train_glass343.jpg,TrashNet,image_classification,train,Glass,glass,trashnet-master/trashnet-master/data/filtered_6class/train/Glass/glass343.jpg,,trashnet-master/trashnet-master/data/dataset-resized/glass/glass343.jpg,,,,,,,,
trashnet_train_glass493.jpg,TrashNet,image_classification,train,Glass,glass,trashnet-master/trashnet-master/data/filtered_6class/train/Glass/glass493.jpg,,trashnet-master/trashnet-master/data/dataset-resized/glass/glass493.jpg,,,,,,,,
trashnet_train_glass419.jpg,TrashNet,image_classification,train,Glass,glass,trashnet-master/trashnet-master/data/filtered_6class/train/Glass/glass419.jpg,,trashnet-master/trashnet-master/data/dataset-resized/glass/glass419.jpg,,,,,,,,
trashnet_train_glass160.jpg,TrashNet,image_classification,train,Glass,glass,trashnet-master/trashnet-master/data/filtered_6class/train/Glass/glass160.jpg,,trashnet-master/trashnet-master/data/dataset-resized/glass/glass160.jpg,,,,,,,,
trashnet_train_paper520.jpg,TrashNet,image_classification,train,PaperCardboard,paper,trashnet-master/trashnet-master/data/filtered_6class/train/PaperCardboard/paper520.jpg,,trashnet-master/trashnet-master/data/dataset-resized/paper/paper520.jpg,,,,,,,,
trashnet_train_paper515.jpg,TrashNet,image_classification,train,PaperCardboard,paper,trashnet-master/trashnet-master/data/filtered_6class/train/PaperCardboard/paper515.jpg,,trashnet-master/trashnet-master/data/dataset-resized/paper/paper515.jpg,,,,,,,,
trashnet_train_cardboard397.jpg,TrashNet,image_classification,train,PaperCardboard,cardboard,trashnet-master/trashnet-master/data/filtered_6class/train/PaperCardboard/cardboard397.jpg,,trashnet-master/trashnet-master/data/dataset-resized/cardboard/cardboard397.jpg,,,,,,,,
trashnet_train_cardboard219.jpg,TrashNet,image_classification,train,PaperCardboard,cardboard,trashnet-master/trashnet-master/data/filtered_6class/train/PaperCardboard/cardboard219.jpg,,trashnet-master/trashnet-master/data/dataset-resized/cardboard/cardboard219.jpg,,,,,,,,
trashnet_train_paper48.jpg,TrashNet,image_classification,train,PaperCardboard,paper,trashnet-master/trashnet-master/data/filtered_6class/train/PaperCardboard/paper48.jpg,,trashnet-master/trashnet-master/data/dataset-resized/paper/paper48.jpg,,,,,,,,
trashnet_train_paper181.jpg,TrashNet,image_classification,train,PaperCardboard,paper,trashnet-master/trashnet-master/data/filtered_6class/train/PaperCardboard/paper181.jpg,,trashnet-master/trashnet-master/data/dataset-resized/paper/paper181.jpg,,,,,,,,
trashnet_train_cardboard1.jpg,TrashNet,image_classification,train,PaperCardboard,cardboard,trashnet-master/trashnet-master/data/filtered_6class/train/PaperCardboard/cardboard1.jpg,,trashnet-master/trashnet-master/data/dataset-resized/cardboard/cardboard1.jpg,,,,,,,,
trashnet_train_paper152.jpg,TrashNet,image_classification,train,PaperCardboard,paper,trashnet-master/trashnet-master/data/filtered_6class/train/PaperCardboard/paper152.jpg,,trashnet-master/trashnet-master/data/dataset-resized/paper/paper152.jpg,,,,,,,,
trashnet_train_paper280.jpg,TrashNet,image_classification,train,PaperCardboard,paper,trashnet-master/trashnet-master/data/filtered_6class/train/PaperCardboard/paper280.jpg,,trashnet-master/trashnet-master/data/dataset-resized/paper/paper280.jpg,,,,,,,,
trashnet_train_paper389.jpg,TrashNet,image_classification,train,PaperCardboard,paper,trashnet-master/trashnet-master/data/filtered_6class/train/PaperCardboard/paper389.jpg,,trashnet-master/trashnet-master/data/dataset-resized/paper/paper389.jpg,,,,,,,,
trashnet_train_paper512.jpg,TrashNet,image_classification,train,PaperCardboard,paper,trashnet-master/trashnet-master/data/filtered_6class/train/PaperCardboard/paper512.jpg,,trashnet-master/trashnet-master/data/dataset-resized/paper/paper512.jpg,,,,,,,,
trashnet_train_cardboard225.jpg,TrashNet,image_classification,train,PaperCardboard,cardboard,trashnet-master/trashnet-master/data/filtered_6class/train/PaperCardboard/cardboard225.jpg,,trashnet-master/trashnet-master/data/dataset-resized/cardboard/cardboard225.jpg,,,,,,,,
trashnet_train_paper539.jpg,TrashNet,image_classification,train,PaperCardboard,paper,trashnet-master/trashnet-master/data/filtered_6class/train/PaperCardboard/paper539.jpg,,trashnet-master/trashnet-master/data/dataset-resized/paper/paper539.jpg,,,,,,,,
trashnet_train_cardboard111.jpg,TrashNet,image_classification,train,PaperCardboard,cardboard,trashnet-master/trashnet-master/data/filtered_6class/train/PaperCardboard/cardboard111.jpg,,trashnet-master/trashnet-master/data/dataset-resized/cardboard/cardboard111.jpg,,,,,,,,
trashnet_train_paper69.jpg,TrashNet,image_classification,train,PaperCardboard,paper,trashnet-master/trashnet-master/data/filtered_6class/train/PaperCardboard/paper69.jpg,,trashnet-master/trashnet-master/data/dataset-resized/paper/paper69.jpg,,,,,,,,
trashnet_train_paper174.jpg,TrashNet,image_classification,train,PaperCardboard,paper,trashnet-master/trashnet-master/data/filtered_6class/train/PaperCardboard/paper174.jpg,,trashnet-master/trashnet-master/data/dataset-resized/paper/paper174.jpg,,,,,,,,
trashnet_train_paper370.jpg,TrashNet,image_classification,train,PaperCardboard,paper,trashnet-master/trashnet-master/data/filtered_6class/train/PaperCardboard/paper370.jpg,,trashnet-master/trashnet-master/data/dataset-resized/paper/paper370.jpg,,,,,,,,
trashnet_train_paper285.jpg,TrashNet,image_classification,train,PaperCardboard,paper,trashnet-master/trashnet-master/data/filtered_6class/train/PaperCardboard/paper285.jpg,,trashnet-master/trashnet-master/data/dataset-resized/paper/paper285.jpg,,,,,,,,
trashnet_train_paper179.jpg,TrashNet,image_classification,train,PaperCardboard,paper,trashnet-master/trashnet-master/data/filtered_6class/train/PaperCardboard/paper179.jpg,,trashnet-master/trashnet-master/data/dataset-resized/paper/paper179.jpg,,,,,,,,
trashnet_train_cardboard45.jpg,TrashNet,image_classification,train,PaperCardboard,cardboard,trashnet-master/trashnet-master/data/filtered_6class/train/PaperCardboard/cardboard45.jpg,,trashnet-master/trashnet-master/data/dataset-resized/cardboard/cardboard45.jpg,,,,,,,,
trashnet_train_cardboard28.jpg,TrashNet,image_classification,train,PaperCardboard,cardboard,trashnet-master/trashnet-master/data/filtered_6class/train/PaperCardboard/cardboard28.jpg,,trashnet-master/trashnet-master/data/dataset-resized/cardboard/cardboard28.jpg,,,,,,,,
trashnet_train_paper501.jpg,TrashNet,image_classification,train,PaperCardboard,paper,trashnet-master/trashnet-master/data/filtered_6class/train/PaperCardboard/paper501.jpg,,trashnet-master/trashnet-master/data/dataset-resized/paper/paper501.jpg,,,,,,,,
trashnet_train_cardboard351.jpg,TrashNet,image_classification,train,PaperCardboard,cardboard,trashnet-master/trashnet-master/data/filtered_6class/train/PaperCardboard/cardboard351.jpg,,trashnet-master/trashnet-master/data/dataset-resized/cardboard/cardboard351.jpg,,,,,,,,
trashnet_train_cardboard110.jpg,TrashNet,image_classification,train,PaperCardboard,cardboard,trashnet-master/trashnet-master/data/filtered_6class/train/PaperCardboard/cardboard110.jpg,,trashnet-master/trashnet-master/data/dataset-resized/cardboard/cardboard110.jpg,,,,,,,,
trashnet_train_paper1.jpg,TrashNet,image_classification,train,PaperCardboard,paper,trashnet-master/trashnet-master/data/filtered_6class/train/PaperCardboard/paper1.jpg,,trashnet-master/trashnet-master/data/dataset-resized/paper/paper1.jpg,,,,,,,,
trashnet_train_paper409.jpg,TrashNet,image_classification,train,PaperCardboard,paper,trashnet-master/trashnet-master/data/filtered_6class/train/PaperCardboard/paper409.jpg,,trashnet-master/trashnet-master/data/dataset-resized/paper/paper409.jpg,,,,,,,,
trashnet_train_paper443.jpg,TrashNet,image_classification,train,PaperCardboard,paper,trashnet-master/trashnet-master/data/filtered_6class/train/PaperCardboard/paper443.jpg,,trashnet-master/trashnet-master/data/dataset-resized/paper/paper443.jpg,,,,,,,,
trashnet_train_paper446.jpg,TrashNet,image_classification,train,PaperCardboard,paper,trashnet-master/trashnet-master/data/filtered_6class/train/PaperCardboard/paper446.jpg,,trashnet-master/trashnet-master/data/dataset-resized/paper/paper446.jpg,,,,,,,,
trashnet_train_cardboard273.jpg,TrashNet,image_classification,train,PaperCardboard,cardboard,trashnet-master/trashnet-master/data/filtered_6class/train/PaperCardboard/cardboard273.jpg,,trashnet-master/trashnet-master/data/dataset-resized/cardboard/cardboard273.jpg,,,,,,,,
trashnet_train_paper593.jpg,TrashNet,image_classification,train,PaperCardboard,paper,trashnet-master/trashnet-master/data/filtered_6class/train/PaperCardboard/paper593.jpg,,trashnet-master/trashnet-master/data/dataset-resized/paper/paper593.jpg,,,,,,,,
trashnet_train_cardboard180.jpg,TrashNet,image_classification,train,PaperCardboard,cardboard,trashnet-master/trashnet-master/data/filtered_6class/train/PaperCardboard/cardboard180.jpg,,trashnet-master/trashnet-master/data/dataset-resized/cardboard/cardboard180.jpg,,,,,,,,
trashnet_train_cardboard274.jpg,TrashNet,image_classification,train,PaperCardboard,cardboard,trashnet-master/trashnet-master/data/filtered_6class/train/PaperCardboard/cardboard274.jpg,,trashnet-master/trashnet-master/data/dataset-resized/cardboard/cardboard274.jpg,,,,,,,,
trashnet_train_paper21.jpg,TrashNet,image_classification,train,PaperCardboard,paper,trashnet-master/trashnet-master/data/filtered_6class/train/PaperCardboard/paper21.jpg,,trashnet-master/trashnet-master/data/dataset-resized/paper/paper21.jpg,,,,,,,,
trashnet_train_cardboard60.jpg,TrashNet,image_classification,train,PaperCardboard,cardboard,trashnet-master/trashnet-master/data/filtered_6class/train/PaperCardboard/cardboard60.jpg,,trashnet-master/trashnet-master/data/dataset-resized/cardboard/cardboard60.jpg,,,,,,,,
trashnet_train_cardboard69.jpg,TrashNet,image_classification,train,PaperCardboard,cardboard,trashnet-master/trashnet-master/data/filtered_6class/train/PaperCardboard/cardboard69.jpg,,trashnet-master/trashnet-master/data/dataset-resized/cardboard/cardboard69.jpg,,,,,,,,
trashnet_train_paper259.jpg,TrashNet,image_classification,train,PaperCardboard,paper,trashnet-master/trashnet-master/data/filtered_6class/train/PaperCardboard/paper259.jpg,,trashnet-master/trashnet-master/data/dataset-resized/paper/paper259.jpg,,,,,,,,
trashnet_train_cardboard95.jpg,TrashNet,image_classification,train,PaperCardboard,cardboard,trashnet-master/trashnet-master/data/filtered_6class/train/PaperCardboard/cardboard95.jpg,,trashnet-master/trashnet-master/data/dataset-resized/cardboard/cardboard95.jpg,,,,,,,,
trashnet_train_paper2.jpg,TrashNet,image_classification,train,PaperCardboard,paper,trashnet-master/trashnet-master/data/filtered_6class/train/PaperCardboard/paper2.jpg,,trashnet-master/trashnet-master/data/dataset-resized/paper/paper2.jpg,,,,,,,,
trashnet_train_paper327.jpg,TrashNet,image_classification,train,PaperCardboard,paper,trashnet-master/trashnet-master/data/filtered_6class/train/PaperCardboard/paper327.jpg,,trashnet-master/trashnet-master/data/dataset-resized/paper/paper327.jpg,,,,,,,,
trashnet_train_paper361.jpg,TrashNet,image_classification,train,PaperCardboard,paper,trashnet-master/trashnet-master/data/filtered_6class/train/PaperCardboard/paper361.jpg,,trashnet-master/trashnet-master/data/dataset-resized/paper/paper361.jpg,,,,,,,,
trashnet_train_paper105.jpg,TrashNet,image_classification,train,PaperCardboard,paper,trashnet-master/trashnet-master/data/filtered_6class/train/PaperCardboard/paper105.jpg,,trashnet-master/trashnet-master/data/dataset-resized/paper/paper105.jpg,,,,,,,,
trashnet_train_paper263.jpg,TrashNet,image_classification,train,PaperCardboard,paper,trashnet-master/trashnet-master/data/filtered_6class/train/PaperCardboard/paper263.jpg,,trashnet-master/trashnet-master/data/dataset-resized/paper/paper263.jpg,,,,,,,,
trashnet_train_paper104.jpg,TrashNet,image_classification,train,PaperCardboard,paper,trashnet-master/trashnet-master/data/filtered_6class/train/PaperCardboard/paper104.jpg,,trashnet-master/trashnet-master/data/dataset-resized/paper/paper104.jpg,,,,,,,,
trashnet_train_paper416.jpg,TrashNet,image_classification,train,PaperCardboard,paper,trashnet-master/trashnet-master/data/filtered_6class/train/PaperCardboard/paper416.jpg,,trashnet-master/trashnet-master/data/dataset-resized/paper/paper416.jpg,,,,,,,,
trashnet_train_paper172.jpg,TrashNet,image_classification,train,PaperCardboard,paper,trashnet-master/trashnet-master/data/filtered_6class/train/PaperCardboard/paper172.jpg,,trashnet-master/trashnet-master/data/dataset-resized/paper/paper172.jpg,,,,,,,,
trashnet_train_paper420.jpg,TrashNet,image_classification,train,PaperCardboard,paper,trashnet-master/trashnet-master/data/filtered_6class/train/PaperCardboard/paper420.jpg,,trashnet-master/trashnet-master/data/dataset-resized/paper/paper420.jpg,,,,,,,,
trashnet_train_paper548.jpg,TrashNet,image_classification,train,PaperCardboard,paper,trashnet-master/trashnet-master/data/filtered_6class/train/PaperCardboard/paper548.jpg,,trashnet-master/trashnet-master/data/dataset-resized/paper/paper548.jpg,,,,,,,,
trashnet_train_cardboard266.jpg,TrashNet,image_classification,train,PaperCardboard,cardboard,trashnet-master/trashnet-master/data/filtered_6class/train/PaperCardboard/cardboard266.jpg,,trashnet-master/trashnet-master/data/dataset-resized/cardboard/cardboard266.jpg,,,,,,,,
trashnet_train_cardboard310.jpg,TrashNet,image_classification,train,PaperCardboard,cardboard,trashnet-master/trashnet-master/data/filtered_6class/train/PaperCardboard/cardboard310.jpg,,trashnet-master/trashnet-master/data/dataset-resized/cardboard/cardboard310.jpg,,,,,,,,
trashnet_train_cardboard183.jpg,TrashNet,image_classification,train,PaperCardboard,cardboard,trashnet-master/trashnet-master/data/filtered_6class/train/PaperCardboard/cardboard183.jpg,,trashnet-master/trashnet-master/data/dataset-resized/cardboard/cardboard183.jpg,,,,,,,,
trashnet_train_paper222.jpg,TrashNet,image_classification,train,PaperCardboard,paper,trashnet-master/trashnet-master/data/filtered_6class/train/PaperCardboard/paper222.jpg,,trashnet-master/trashnet-master/data/dataset-resized/paper/paper222.jpg,,,,,,,,
trashnet_train_cardboard124.jpg,TrashNet,image_classification,train,PaperCardboard,cardboard,trashnet-master/trashnet-master/data/filtered_6class/train/PaperCardboard/cardboard124.jpg,,trashnet-master/trashnet-master/data/dataset-resized/cardboard/cardboard124.jpg,,,,,,,,
trashnet_train_paper566.jpg,TrashNet,image_classification,train,PaperCardboard,paper,trashnet-master/trashnet-master/data/filtered_6class/train/PaperCardboard/paper566.jpg,,trashnet-master/trashnet-master/data/dataset-resized/paper/paper566.jpg,,,,,,,,
trashnet_train_cardboard255.jpg,TrashNet,image_classification,train,PaperCardboard,cardboard,trashnet-master/trashnet-master/data/filtered_6class/train/PaperCardboard/cardboard255.jpg,,trashnet-master/trashnet-master/data/dataset-resized/cardboard/cardboard255.jpg,,,,,,,,
trashnet_train_cardboard380.jpg,TrashNet,image_classification,train,PaperCardboard,cardboard,trashnet-master/trashnet-master/data/filtered_6class/train/PaperCardboard/cardboard380.jpg,,trashnet-master/trashnet-master/data/dataset-resized/cardboard/cardboard380.jpg,,,,,,,,
trashnet_train_paper246.jpg,TrashNet,image_classification,train,PaperCardboard,paper,trashnet-master/trashnet-master/data/filtered_6class/train/PaperCardboard/paper246.jpg,,trashnet-master/trashnet-master/data/dataset-resized/paper/paper246.jpg,,,,,,,,
trashnet_train_paper448.jpg,TrashNet,image_classification,train,PaperCardboard,paper,trashnet-master/trashnet-master/data/filtered_6class/train/PaperCardboard/paper448.jpg,,trashnet-master/trashnet-master/data/dataset-resized/paper/paper448.jpg,,,,,,,,
trashnet_train_paper128.jpg,TrashNet,image_classification,train,PaperCardboard,paper,trashnet-master/trashnet-master/data/filtered_6class/train/PaperCardboard/paper128.jpg,,trashnet-master/trashnet-master/data/dataset-resized/paper/paper128.jpg,,,,,,,,
trashnet_train_paper388.jpg,TrashNet,image_classification,train,PaperCardboard,paper,trashnet-master/trashnet-master/data/filtered_6class/train/PaperCardboard/paper388.jpg,,trashnet-master/trashnet-master/data/dataset-resized/paper/paper388.jpg,,,,,,,,
trashnet_train_paper366.jpg,TrashNet,image_classification,train,PaperCardboard,paper,trashnet-master/trashnet-master/data/filtered_6class/train/PaperCardboard/paper366.jpg,,trashnet-master/trashnet-master/data/dataset-resized/paper/paper366.jpg,,,,,,,,
trashnet_train_paper487.jpg,TrashNet,image_classification,train,PaperCardboard,paper,trashnet-master/trashnet-master/data/filtered_6class/train/PaperCardboard/paper487.jpg,,trashnet-master/trashnet-master/data/dataset-resized/paper/paper487.jpg,,,,,,,,
trashnet_train_paper56.jpg,TrashNet,image_classification,train,PaperCardboard,paper,trashnet-master/trashnet-master/data/filtered_6class/train/PaperCardboard/paper56.jpg,,trashnet-master/trashnet-master/data/dataset-resized/paper/paper56.jpg,,,,,,,,
trashnet_train_cardboard309.jpg,TrashNet,image_classification,train,PaperCardboard,cardboard,trashnet-master/trashnet-master/data/filtered_6class/train/PaperCardboard/cardboard309.jpg,,trashnet-master/trashnet-master/data/dataset-resized/cardboard/cardboard309.jpg,,,,,,,,
trashnet_train_paper83.jpg,TrashNet,image_classification,train,PaperCardboard,paper,trashnet-master/trashnet-master/data/filtered_6class/train/PaperCardboard/paper83.jpg,,trashnet-master/trashnet-master/data/dataset-resized/paper/paper83.jpg,,,,,,,,
trashnet_train_cardboard46.jpg,TrashNet,image_classification,train,PaperCardboard,cardboard,trashnet-master/trashnet-master/data/filtered_6class/train/PaperCardboard/cardboard46.jpg,,trashnet-master/trashnet-master/data/dataset-resized/cardboard/cardboard46.jpg,,,,,,,,
trashnet_train_paper217.jpg,TrashNet,image_classification,train,PaperCardboard,paper,trashnet-master/trashnet-master/data/filtered_6class/train/PaperCardboard/paper217.jpg,,trashnet-master/trashnet-master/data/dataset-resized/paper/paper217.jpg,,,,,,,,
trashnet_train_paper34.jpg,TrashNet,image_classification,train,PaperCardboard,paper,trashnet-master/trashnet-master/data/filtered_6class/train/PaperCardboard/paper34.jpg,,trashnet-master/trashnet-master/data/dataset-resized/paper/paper34.jpg,,,,,,,,
trashnet_train_paper90.jpg,TrashNet,image_classification,train,PaperCardboard,paper,trashnet-master/trashnet-master/data/filtered_6class/train/PaperCardboard/paper90.jpg,,trashnet-master/trashnet-master/data/dataset-resized/paper/paper90.jpg,,,,,,,,
trashnet_train_paper166.jpg,TrashNet,image_classification,train,PaperCardboard,paper,trashnet-master/trashnet-master/data/filtered_6class/train/PaperCardboard/paper166.jpg,,trashnet-master/trashnet-master/data/dataset-resized/paper/paper166.jpg,,,,,,,,
trashnet_train_paper160.jpg,TrashNet,image_classification,train,PaperCardboard,paper,trashnet-master/trashnet-master/data/filtered_6class/train/PaperCardboard/paper160.jpg,,trashnet-master/trashnet-master/data/dataset-resized/paper/paper160.jpg,,,,,,,,
trashnet_train_cardboard262.jpg,TrashNet,image_classification,train,PaperCardboard,cardboard,trashnet-master/trashnet-master/data/filtered_6class/train/PaperCardboard/cardboard262.jpg,,trashnet-master/trashnet-master/data/dataset-resized/cardboard/cardboard262.jpg,,,,,,,,
trashnet_train_cardboard204.jpg,TrashNet,image_classification,train,PaperCardboard,cardboard,trashnet-master/trashnet-master/data/filtered_6class/train/PaperCardboard/cardboard204.jpg,,trashnet-master/trashnet-master/data/dataset-resized/cardboard/cardboard204.jpg,,,,,,,,
trashnet_train_cardboard7.jpg,TrashNet,image_classification,train,PaperCardboard,cardboard,trashnet-master/trashnet-master/data/filtered_6class/train/PaperCardboard/cardboard7.jpg,,trashnet-master/trashnet-master/data/dataset-resized/cardboard/cardboard7.jpg,,,,,,,,
trashnet_train_cardboard13.jpg,TrashNet,image_classification,train,PaperCardboard,cardboard,trashnet-master/trashnet-master/data/filtered_6class/train/PaperCardboard/cardboard13.jpg,,trashnet-master/trashnet-master/data/dataset-resized/cardboard/cardboard13.jpg,,,,,,,,
trashnet_train_paper47.jpg,TrashNet,image_classification,train,PaperCardboard,paper,trashnet-master/trashnet-master/data/filtered_6class/train/PaperCardboard/paper47.jpg,,trashnet-master/trashnet-master/data/dataset-resized/paper/paper47.jpg,,,,,,,,
trashnet_train_cardboard373.jpg,TrashNet,image_classification,train,PaperCardboard,cardboard,trashnet-master/trashnet-master/data/filtered_6class/train/PaperCardboard/cardboard373.jpg,,trashnet-master/trashnet-master/data/dataset-resized/cardboard/cardboard373.jpg,,,,,,,,
trashnet_train_cardboard338.jpg,TrashNet,image_classification,train,PaperCardboard,cardboard,trashnet-master/trashnet-master/data/filtered_6class/train/PaperCardboard/cardboard338.jpg,,trashnet-master/trashnet-master/data/dataset-resized/cardboard/cardboard338.jpg,,,,,,,,
trashnet_train_paper103.jpg,TrashNet,image_classification,train,PaperCardboard,paper,trashnet-master/trashnet-master/data/filtered_6class/train/PaperCardboard/paper103.jpg,,trashnet-master/trashnet-master/data/dataset-resized/paper/paper103.jpg,,,,,,,,
trashnet_train_paper383.jpg,TrashNet,image_classification,train,PaperCardboard,paper,trashnet-master/trashnet-master/data/filtered_6class/train/PaperCardboard/paper383.jpg,,trashnet-master/trashnet-master/data/dataset-resized/paper/paper383.jpg,,,,,,,,
trashnet_train_paper411.jpg,TrashNet,image_classification,train,PaperCardboard,paper,trashnet-master/trashnet-master/data/filtered_6class/train/PaperCardboard/paper411.jpg,,trashnet-master/trashnet-master/data/dataset-resized/paper/paper411.jpg,,,,,,,,
trashnet_train_paper359.jpg,TrashNet,image_classification,train,PaperCardboard,paper,trashnet-master/trashnet-master/data/filtered_6class/train/PaperCardboard/paper359.jpg,,trashnet-master/trashnet-master/data/dataset-resized/paper/paper359.jpg,,,,,,,,
trashnet_train_paper194.jpg,TrashNet,image_classification,train,PaperCardboard,paper,trashnet-master/trashnet-master/data/filtered_6class/train/PaperCardboard/paper194.jpg,,trashnet-master/trashnet-master/data/dataset-resized/paper/paper194.jpg,,,,,,,,
trashnet_train_paper321.jpg,TrashNet,image_classification,train,PaperCardboard,paper,trashnet-master/trashnet-master/data/filtered_6class/train/PaperCardboard/paper321.jpg,,trashnet-master/trashnet-master/data/dataset-resized/paper/paper321.jpg,,,,,,,,
trashnet_train_paper187.jpg,TrashNet,image_classification,train,PaperCardboard,paper,trashnet-master/trashnet-master/data/filtered_6class/train/PaperCardboard/paper187.jpg,,trashnet-master/trashnet-master/data/dataset-resized/paper/paper187.jpg,,,,,,,,
trashnet_train_paper253.jpg,TrashNet,image_classification,train,PaperCardboard,paper,trashnet-master/trashnet-master/data/filtered_6class/train/PaperCardboard/paper253.jpg,,trashnet-master/trashnet-master/data/dataset-resized/paper/paper253.jpg,,,,,,,,
trashnet_train_cardboard239.jpg,TrashNet,image_classification,train,PaperCardboard,cardboard,trashnet-master/trashnet-master/data/filtered_6class/train/PaperCardboard/cardboard239.jpg,,trashnet-master/trashnet-master/data/dataset-resized/cardboard/cardboard239.jpg,,,,,,,,
trashnet_train_paper209.jpg,TrashNet,image_classification,train,PaperCardboard,paper,trashnet-master/trashnet-master/data/filtered_6class/train/PaperCardboard/paper209.jpg,,trashnet-master/trashnet-master/data/dataset-resized/paper/paper209.jpg,,,,,,,,
trashnet_train_paper301.jpg,TrashNet,image_classification,train,PaperCardboard,paper,trashnet-master/trashnet-master/data/filtered_6class/train/PaperCardboard/paper301.jpg,,trashnet-master/trashnet-master/data/dataset-resized/paper/paper301.jpg,,,,,,,,
trashnet_train_paper192.jpg,TrashNet,image_classification,train,PaperCardboard,paper,trashnet-master/trashnet-master/data/filtered_6class/train/PaperCardboard/paper192.jpg,,trashnet-master/trashnet-master/data/dataset-resized/paper/paper192.jpg,,,,,,,,
trashnet_train_cardboard100.jpg,TrashNet,image_classification,train,PaperCardboard,cardboard,trashnet-master/trashnet-master/data/filtered_6class/train/PaperCardboard/cardboard100.jpg,,trashnet-master/trashnet-master/data/dataset-resized/cardboard/cardboard100.jpg,,,,,,,,
trashnet_train_paper102.jpg,TrashNet,image_classification,train,PaperCardboard,paper,trashnet-master/trashnet-master/data/filtered_6class/train/PaperCardboard/paper102.jpg,,trashnet-master/trashnet-master/data/dataset-resized/paper/paper102.jpg,,,,,,,,
trashnet_train_paper495.jpg,TrashNet,image_classification,train,PaperCardboard,paper,trashnet-master/trashnet-master/data/filtered_6class/train/PaperCardboard/paper495.jpg,,trashnet-master/trashnet-master/data/dataset-resized/paper/paper495.jpg,,,,,,,,
trashnet_train_paper161.jpg,TrashNet,image_classification,train,PaperCardboard,paper,trashnet-master/trashnet-master/data/filtered_6class/train/PaperCardboard/paper161.jpg,,trashnet-master/trashnet-master/data/dataset-resized/paper/paper161.jpg,,,,,,,,
trashnet_train_paper97.jpg,TrashNet,image_classification,train,PaperCardboard,paper,trashnet-master/trashnet-master/data/filtered_6class/train/PaperCardboard/paper97.jpg,,trashnet-master/trashnet-master/data/dataset-resized/paper/paper97.jpg,,,,,,,,
trashnet_train_paper11.jpg,TrashNet,image_classification,train,PaperCardboard,paper,trashnet-master/trashnet-master/data/filtered_6class/train/PaperCardboard/paper11.jpg,,trashnet-master/trashnet-master/data/dataset-resized/paper/paper11.jpg,,,,,,,,
trashnet_train_paper309.jpg,TrashNet,image_classification,train,PaperCardboard,paper,trashnet-master/trashnet-master/data/filtered_6class/train/PaperCardboard/paper309.jpg,,trashnet-master/trashnet-master/data/dataset-resized/paper/paper309.jpg,,,,,,,,
trashnet_train_paper461.jpg,TrashNet,image_classification,train,PaperCardboard,paper,trashnet-master/trashnet-master/data/filtered_6class/train/PaperCardboard/paper461.jpg,,trashnet-master/trashnet-master/data/dataset-resized/paper/paper461.jpg,,,,,,,,
trashnet_train_cardboard12.jpg,TrashNet,image_classification,train,PaperCardboard,cardboard,trashnet-master/trashnet-master/data/filtered_6class/train/PaperCardboard/cardboard12.jpg,,trashnet-master/trashnet-master/data/dataset-resized/cardboard/cardboard12.jpg,,,,,,,,
trashnet_train_cardboard389.jpg,TrashNet,image_classification,train,PaperCardboard,cardboard,trashnet-master/trashnet-master/data/filtered_6class/train/PaperCardboard/cardboard389.jpg,,trashnet-master/trashnet-master/data/dataset-resized/cardboard/cardboard389.jpg,,,,,,,,
trashnet_train_paper418.jpg,TrashNet,image_classification,train,PaperCardboard,paper,trashnet-master/trashnet-master/data/filtered_6class/train/PaperCardboard/paper418.jpg,,trashnet-master/trashnet-master/data/dataset-resized/paper/paper418.jpg,,,,,,,,
trashnet_train_paper385.jpg,TrashNet,image_classification,train,PaperCardboard,paper,trashnet-master/trashnet-master/data/filtered_6class/train/PaperCardboard/paper385.jpg,,trashnet-master/trashnet-master/data/dataset-resized/paper/paper385.jpg,,,,,,,,
trashnet_train_cardboard154.jpg,TrashNet,image_classification,train,PaperCardboard,cardboard,trashnet-master/trashnet-master/data/filtered_6class/train/PaperCardboard/cardboard154.jpg,,trashnet-master/trashnet-master/data/dataset-resized/cardboard/cardboard154.jpg,,,,,,,,
trashnet_train_paper521.jpg,TrashNet,image_classification,train,PaperCardboard,paper,trashnet-master/trashnet-master/data/filtered_6class/train/PaperCardboard/paper521.jpg,,trashnet-master/trashnet-master/data/dataset-resized/paper/paper521.jpg,,,,,,,,
trashnet_train_paper326.jpg,TrashNet,image_classification,train,PaperCardboard,paper,trashnet-master/trashnet-master/data/filtered_6class/train/PaperCardboard/paper326.jpg,,trashnet-master/trashnet-master/data/dataset-resized/paper/paper326.jpg,,,,,,,,
trashnet_train_paper123.jpg,TrashNet,image_classification,train,PaperCardboard,paper,trashnet-master/trashnet-master/data/filtered_6class/train/PaperCardboard/paper123.jpg,,trashnet-master/trashnet-master/data/dataset-resized/paper/paper123.jpg,,,,,,,,
trashnet_train_paper264.jpg,TrashNet,image_classification,train,PaperCardboard,paper,trashnet-master/trashnet-master/data/filtered_6class/train/PaperCardboard/paper264.jpg,,trashnet-master/trashnet-master/data/dataset-resized/paper/paper264.jpg,,,,,,,,
trashnet_train_paper304.jpg,TrashNet,image_classification,train,PaperCardboard,paper,trashnet-master/trashnet-master/data/filtered_6class/train/PaperCardboard/paper304.jpg,,trashnet-master/trashnet-master/data/dataset-resized/paper/paper304.jpg,,,,,,,,
trashnet_train_cardboard162.jpg,TrashNet,image_classification,train,PaperCardboard,cardboard,trashnet-master/trashnet-master/data/filtered_6class/train/PaperCardboard/cardboard162.jpg,,trashnet-master/trashnet-master/data/dataset-resized/cardboard/cardboard162.jpg,,,,,,,,
trashnet_train_paper579.jpg,TrashNet,image_classification,train,PaperCardboard,paper,trashnet-master/trashnet-master/data/filtered_6class/train/PaperCardboard/paper579.jpg,,trashnet-master/trashnet-master/data/dataset-resized/paper/paper579.jpg,,,,,,,,
trashnet_train_cardboard88.jpg,TrashNet,image_classification,train,PaperCardboard,cardboard,trashnet-master/trashnet-master/data/filtered_6class/train/PaperCardboard/cardboard88.jpg,,trashnet-master/trashnet-master/data/dataset-resized/cardboard/cardboard88.jpg,,,,,,,,
trashnet_train_paper507.jpg,TrashNet,image_classification,train,PaperCardboard,paper,trashnet-master/trashnet-master/data/filtered_6class/train/PaperCardboard/paper507.jpg,,trashnet-master/trashnet-master/data/dataset-resized/paper/paper507.jpg,,,,,,,,
trashnet_train_cardboard44.jpg,TrashNet,image_classification,train,PaperCardboard,cardboard,trashnet-master/trashnet-master/data/filtered_6class/train/PaperCardboard/cardboard44.jpg,,trashnet-master/trashnet-master/data/dataset-resized/cardboard/cardboard44.jpg,,,,,,,,
trashnet_train_cardboard279.jpg,TrashNet,image_classification,train,PaperCardboard,cardboard,trashnet-master/trashnet-master/data/filtered_6class/train/PaperCardboard/cardboard279.jpg,,trashnet-master/trashnet-master/data/dataset-resized/cardboard/cardboard279.jpg,,,,,,,,
trashnet_train_paper7.jpg,TrashNet,image_classification,train,PaperCardboard,paper,trashnet-master/trashnet-master/data/filtered_6class/train/PaperCardboard/paper7.jpg,,trashnet-master/trashnet-master/data/dataset-resized/paper/paper7.jpg,,,,,,,,
trashnet_train_paper109.jpg,TrashNet,image_classification,train,PaperCardboard,paper,trashnet-master/trashnet-master/data/filtered_6class/train/PaperCardboard/paper109.jpg,,trashnet-master/trashnet-master/data/dataset-resized/paper/paper109.jpg,,,,,,,,
trashnet_train_paper16.jpg,TrashNet,image_classification,train,PaperCardboard,paper,trashnet-master/trashnet-master/data/filtered_6class/train/PaperCardboard/paper16.jpg,,trashnet-master/trashnet-master/data/dataset-resized/paper/paper16.jpg,,,,,,,,
trashnet_train_paper496.jpg,TrashNet,image_classification,train,PaperCardboard,paper,trashnet-master/trashnet-master/data/filtered_6class/train/PaperCardboard/paper496.jpg,,trashnet-master/trashnet-master/data/dataset-resized/paper/paper496.jpg,,,,,,,,
trashnet_train_cardboard109.jpg,TrashNet,image_classification,train,PaperCardboard,cardboard,trashnet-master/trashnet-master/data/filtered_6class/train/PaperCardboard/cardboard109.jpg,,trashnet-master/trashnet-master/data/dataset-resized/cardboard/cardboard109.jpg,,,,,,,,
trashnet_train_paper268.jpg,TrashNet,image_classification,train,PaperCardboard,paper,trashnet-master/trashnet-master/data/filtered_6class/train/PaperCardboard/paper268.jpg,,trashnet-master/trashnet-master/data/dataset-resized/paper/paper268.jpg,,,,,,,,
trashnet_train_paper195.jpg,TrashNet,image_classification,train,PaperCardboard,paper,trashnet-master/trashnet-master/data/filtered_6class/train/PaperCardboard/paper195.jpg,,trashnet-master/trashnet-master/data/dataset-resized/paper/paper195.jpg,,,,,,,,
trashnet_train_paper237.jpg,TrashNet,image_classification,train,PaperCardboard,paper,trashnet-master/trashnet-master/data/filtered_6class/train/PaperCardboard/paper237.jpg,,trashnet-master/trashnet-master/data/dataset-resized/paper/paper237.jpg,,,,,,,,
trashnet_train_paper57.jpg,TrashNet,image_classification,train,PaperCardboard,paper,trashnet-master/trashnet-master/data/filtered_6class/train/PaperCardboard/paper57.jpg,,trashnet-master/trashnet-master/data/dataset-resized/paper/paper57.jpg,,,,,,,,
trashnet_train_paper9.jpg,TrashNet,image_classification,train,PaperCardboard,paper,trashnet-master/trashnet-master/data/filtered_6class/train/PaperCardboard/paper9.jpg,,trashnet-master/trashnet-master/data/dataset-resized/paper/paper9.jpg,,,,,,,,
trashnet_train_paper80.jpg,TrashNet,image_classification,train,PaperCardboard,paper,trashnet-master/trashnet-master/data/filtered_6class/train/PaperCardboard/paper80.jpg,,trashnet-master/trashnet-master/data/dataset-resized/paper/paper80.jpg,,,,,,,,
trashnet_train_paper137.jpg,TrashNet,image_classification,train,PaperCardboard,paper,trashnet-master/trashnet-master/data/filtered_6class/train/PaperCardboard/paper137.jpg,,trashnet-master/trashnet-master/data/dataset-resized/paper/paper137.jpg,,,,,,,,
trashnet_train_cardboard35.jpg,TrashNet,image_classification,train,PaperCardboard,cardboard,trashnet-master/trashnet-master/data/filtered_6class/train/PaperCardboard/cardboard35.jpg,,trashnet-master/trashnet-master/data/dataset-resized/cardboard/cardboard35.jpg,,,,,,,,
trashnet_train_cardboard21.jpg,TrashNet,image_classification,train,PaperCardboard,cardboard,trashnet-master/trashnet-master/data/filtered_6class/train/PaperCardboard/cardboard21.jpg,,trashnet-master/trashnet-master/data/dataset-resized/cardboard/cardboard21.jpg,,,,,,,,
trashnet_train_paper186.jpg,TrashNet,image_classification,train,PaperCardboard,paper,trashnet-master/trashnet-master/data/filtered_6class/train/PaperCardboard/paper186.jpg,,trashnet-master/trashnet-master/data/dataset-resized/paper/paper186.jpg,,,,,,,,
trashnet_train_paper218.jpg,TrashNet,image_classification,train,PaperCardboard,paper,trashnet-master/trashnet-master/data/filtered_6class/train/PaperCardboard/paper218.jpg,,trashnet-master/trashnet-master/data/dataset-resized/paper/paper218.jpg,,,,,,,,
trashnet_train_paper28.jpg,TrashNet,image_classification,train,PaperCardboard,paper,trashnet-master/trashnet-master/data/filtered_6class/train/PaperCardboard/paper28.jpg,,trashnet-master/trashnet-master/data/dataset-resized/paper/paper28.jpg,,,,,,,,
trashnet_train_paper523.jpg,TrashNet,image_classification,train,PaperCardboard,paper,trashnet-master/trashnet-master/data/filtered_6class/train/PaperCardboard/paper523.jpg,,trashnet-master/trashnet-master/data/dataset-resized/paper/paper523.jpg,,,,,,,,
trashnet_train_cardboard26.jpg,TrashNet,image_classification,train,PaperCardboard,cardboard,trashnet-master/trashnet-master/data/filtered_6class/train/PaperCardboard/cardboard26.jpg,,trashnet-master/trashnet-master/data/dataset-resized/cardboard/cardboard26.jpg,,,,,,,,
trashnet_train_paper537.jpg,TrashNet,image_classification,train,PaperCardboard,paper,trashnet-master/trashnet-master/data/filtered_6class/train/PaperCardboard/paper537.jpg,,trashnet-master/trashnet-master/data/dataset-resized/paper/paper537.jpg,,,,,,,,
trashnet_train_cardboard79.jpg,TrashNet,image_classification,train,PaperCardboard,cardboard,trashnet-master/trashnet-master/data/filtered_6class/train/PaperCardboard/cardboard79.jpg,,trashnet-master/trashnet-master/data/dataset-resized/cardboard/cardboard79.jpg,,,,,,,,
trashnet_train_cardboard201.jpg,TrashNet,image_classification,train,PaperCardboard,cardboard,trashnet-master/trashnet-master/data/filtered_6class/train/PaperCardboard/cardboard201.jpg,,trashnet-master/trashnet-master/data/dataset-resized/cardboard/cardboard201.jpg,,,,,,,,
trashnet_train_paper117.jpg,TrashNet,image_classification,train,PaperCardboard,paper,trashnet-master/trashnet-master/data/filtered_6class/train/PaperCardboard/paper117.jpg,,trashnet-master/trashnet-master/data/dataset-resized/paper/paper117.jpg,,,,,,,,
trashnet_train_cardboard359.jpg,TrashNet,image_classification,train,PaperCardboard,cardboard,trashnet-master/trashnet-master/data/filtered_6class/train/PaperCardboard/cardboard359.jpg,,trashnet-master/trashnet-master/data/dataset-resized/cardboard/cardboard359.jpg,,,,,,,,
trashnet_train_paper254.jpg,TrashNet,image_classification,train,PaperCardboard,paper,trashnet-master/trashnet-master/data/filtered_6class/train/PaperCardboard/paper254.jpg,,trashnet-master/trashnet-master/data/dataset-resized/paper/paper254.jpg,,,,,,,,
trashnet_train_cardboard181.jpg,TrashNet,image_classification,train,PaperCardboard,cardboard,trashnet-master/trashnet-master/data/filtered_6class/train/PaperCardboard/cardboard181.jpg,,trashnet-master/trashnet-master/data/dataset-resized/cardboard/cardboard181.jpg,,,,,,,,
trashnet_train_cardboard20.jpg,TrashNet,image_classification,train,PaperCardboard,cardboard,trashnet-master/trashnet-master/data/filtered_6class/train/PaperCardboard/cardboard20.jpg,,trashnet-master/trashnet-master/data/dataset-resized/cardboard/cardboard20.jpg,,,,,,,,
trashnet_train_paper425.jpg,TrashNet,image_classification,train,PaperCardboard,paper,trashnet-master/trashnet-master/data/filtered_6class/train/PaperCardboard/paper425.jpg,,trashnet-master/trashnet-master/data/dataset-resized/paper/paper425.jpg,,,,,,,,
trashnet_train_paper120.jpg,TrashNet,image_classification,train,PaperCardboard,paper,trashnet-master/trashnet-master/data/filtered_6class/train/PaperCardboard/paper120.jpg,,trashnet-master/trashnet-master/data/dataset-resized/paper/paper120.jpg,,,,,,,,
trashnet_train_paper175.jpg,TrashNet,image_classification,train,PaperCardboard,paper,trashnet-master/trashnet-master/data/filtered_6class/train/PaperCardboard/paper175.jpg,,trashnet-master/trashnet-master/data/dataset-resized/paper/paper175.jpg,,,,,,,,
trashnet_train_cardboard29.jpg,TrashNet,image_classification,train,PaperCardboard,cardboard,trashnet-master/trashnet-master/data/filtered_6class/train/PaperCardboard/cardboard29.jpg,,trashnet-master/trashnet-master/data/dataset-resized/cardboard/cardboard29.jpg,,,,,,,,
trashnet_train_cardboard177.jpg,TrashNet,image_classification,train,PaperCardboard,cardboard,trashnet-master/trashnet-master/data/filtered_6class/train/PaperCardboard/cardboard177.jpg,,trashnet-master/trashnet-master/data/dataset-resized/cardboard/cardboard177.jpg,,,,,,,,
trashnet_train_cardboard344.jpg,TrashNet,image_classification,train,PaperCardboard,cardboard,trashnet-master/trashnet-master/data/filtered_6class/train/PaperCardboard/cardboard344.jpg,,trashnet-master/trashnet-master/data/dataset-resized/cardboard/cardboard344.jpg,,,,,,,,
trashnet_train_paper177.jpg,TrashNet,image_classification,train,PaperCardboard,paper,trashnet-master/trashnet-master/data/filtered_6class/train/PaperCardboard/paper177.jpg,,trashnet-master/trashnet-master/data/dataset-resized/paper/paper177.jpg,,,,,,,,
trashnet_train_paper381.jpg,TrashNet,image_classification,train,PaperCardboard,paper,trashnet-master/trashnet-master/data/filtered_6class/train/PaperCardboard/paper381.jpg,,trashnet-master/trashnet-master/data/dataset-resized/paper/paper381.jpg,,,,,,,,
trashnet_train_paper84.jpg,TrashNet,image_classification,train,PaperCardboard,paper,trashnet-master/trashnet-master/data/filtered_6class/train/PaperCardboard/paper84.jpg,,trashnet-master/trashnet-master/data/dataset-resized/paper/paper84.jpg,,,,,,,,
trashnet_train_paper75.jpg,TrashNet,image_classification,train,PaperCardboard,paper,trashnet-master/trashnet-master/data/filtered_6class/train/PaperCardboard/paper75.jpg,,trashnet-master/trashnet-master/data/dataset-resized/paper/paper75.jpg,,,,,,,,
trashnet_train_cardboard318.jpg,TrashNet,image_classification,train,PaperCardboard,cardboard,trashnet-master/trashnet-master/data/filtered_6class/train/PaperCardboard/cardboard318.jpg,,trashnet-master/trashnet-master/data/dataset-resized/cardboard/cardboard318.jpg,,,,,,,,
trashnet_train_cardboard229.jpg,TrashNet,image_classification,train,PaperCardboard,cardboard,trashnet-master/trashnet-master/data/filtered_6class/train/PaperCardboard/cardboard229.jpg,,trashnet-master/trashnet-master/data/dataset-resized/cardboard/cardboard229.jpg,,,,,,,,
trashnet_train_cardboard190.jpg,TrashNet,image_classification,train,PaperCardboard,cardboard,trashnet-master/trashnet-master/data/filtered_6class/train/PaperCardboard/cardboard190.jpg,,trashnet-master/trashnet-master/data/dataset-resized/cardboard/cardboard190.jpg,,,,,,,,
trashnet_train_paper576.jpg,TrashNet,image_classification,train,PaperCardboard,paper,trashnet-master/trashnet-master/data/filtered_6class/train/PaperCardboard/paper576.jpg,,trashnet-master/trashnet-master/data/dataset-resized/paper/paper576.jpg,,,,,,,,
trashnet_train_paper571.jpg,TrashNet,image_classification,train,PaperCardboard,paper,trashnet-master/trashnet-master/data/filtered_6class/train/PaperCardboard/paper571.jpg,,trashnet-master/trashnet-master/data/dataset-resized/paper/paper571.jpg,,,,,,,,
trashnet_train_paper24.jpg,TrashNet,image_classification,train,PaperCardboard,paper,trashnet-master/trashnet-master/data/filtered_6class/train/PaperCardboard/paper24.jpg,,trashnet-master/trashnet-master/data/dataset-resized/paper/paper24.jpg,,,,,,,,
trashnet_train_cardboard80.jpg,TrashNet,image_classification,train,PaperCardboard,cardboard,trashnet-master/trashnet-master/data/filtered_6class/train/PaperCardboard/cardboard80.jpg,,trashnet-master/trashnet-master/data/dataset-resized/cardboard/cardboard80.jpg,,,,,,,,
trashnet_train_paper156.jpg,TrashNet,image_classification,train,PaperCardboard,paper,trashnet-master/trashnet-master/data/filtered_6class/train/PaperCardboard/paper156.jpg,,trashnet-master/trashnet-master/data/dataset-resized/paper/paper156.jpg,,,,,,,,
trashnet_train_paper257.jpg,TrashNet,image_classification,train,PaperCardboard,paper,trashnet-master/trashnet-master/data/filtered_6class/train/PaperCardboard/paper257.jpg,,trashnet-master/trashnet-master/data/dataset-resized/paper/paper257.jpg,,,,,,,,
trashnet_train_cardboard317.jpg,TrashNet,image_classification,train,PaperCardboard,cardboard,trashnet-master/trashnet-master/data/filtered_6class/train/PaperCardboard/cardboard317.jpg,,trashnet-master/trashnet-master/data/dataset-resized/cardboard/cardboard317.jpg,,,,,,,,
trashnet_train_paper454.jpg,TrashNet,image_classification,train,PaperCardboard,paper,trashnet-master/trashnet-master/data/filtered_6class/train/PaperCardboard/paper454.jpg,,trashnet-master/trashnet-master/data/dataset-resized/paper/paper454.jpg,,,,,,,,
trashnet_train_cardboard383.jpg,TrashNet,image_classification,train,PaperCardboard,cardboard,trashnet-master/trashnet-master/data/filtered_6class/train/PaperCardboard/cardboard383.jpg,,trashnet-master/trashnet-master/data/dataset-resized/cardboard/cardboard383.jpg,,,,,,,,
trashnet_train_cardboard102.jpg,TrashNet,image_classification,train,PaperCardboard,cardboard,trashnet-master/trashnet-master/data/filtered_6class/train/PaperCardboard/cardboard102.jpg,,trashnet-master/trashnet-master/data/dataset-resized/cardboard/cardboard102.jpg,,,,,,,,
trashnet_train_paper541.jpg,TrashNet,image_classification,train,PaperCardboard,paper,trashnet-master/trashnet-master/data/filtered_6class/train/PaperCardboard/paper541.jpg,,trashnet-master/trashnet-master/data/dataset-resized/paper/paper541.jpg,,,,,,,,
trashnet_train_paper346.jpg,TrashNet,image_classification,train,PaperCardboard,paper,trashnet-master/trashnet-master/data/filtered_6class/train/PaperCardboard/paper346.jpg,,trashnet-master/trashnet-master/data/dataset-resized/paper/paper346.jpg,,,,,,,,
trashnet_train_paper413.jpg,TrashNet,image_classification,train,PaperCardboard,paper,trashnet-master/trashnet-master/data/filtered_6class/train/PaperCardboard/paper413.jpg,,trashnet-master/trashnet-master/data/dataset-resized/paper/paper413.jpg,,,,,,,,
trashnet_train_cardboard374.jpg,TrashNet,image_classification,train,PaperCardboard,cardboard,trashnet-master/trashnet-master/data/filtered_6class/train/PaperCardboard/cardboard374.jpg,,trashnet-master/trashnet-master/data/dataset-resized/cardboard/cardboard374.jpg,,,,,,,,
trashnet_train_paper586.jpg,TrashNet,image_classification,train,PaperCardboard,paper,trashnet-master/trashnet-master/data/filtered_6class/train/PaperCardboard/paper586.jpg,,trashnet-master/trashnet-master/data/dataset-resized/paper/paper586.jpg,,,,,,,,
trashnet_train_paper208.jpg,TrashNet,image_classification,train,PaperCardboard,paper,trashnet-master/trashnet-master/data/filtered_6class/train/PaperCardboard/paper208.jpg,,trashnet-master/trashnet-master/data/dataset-resized/paper/paper208.jpg,,,,,,,,
trashnet_train_cardboard311.jpg,TrashNet,image_classification,train,PaperCardboard,cardboard,trashnet-master/trashnet-master/data/filtered_6class/train/PaperCardboard/cardboard311.jpg,,trashnet-master/trashnet-master/data/dataset-resized/cardboard/cardboard311.jpg,,,,,,,,
trashnet_train_cardboard185.jpg,TrashNet,image_classification,train,PaperCardboard,cardboard,trashnet-master/trashnet-master/data/filtered_6class/train/PaperCardboard/cardboard185.jpg,,trashnet-master/trashnet-master/data/dataset-resized/cardboard/cardboard185.jpg,,,,,,,,
trashnet_train_paper489.jpg,TrashNet,image_classification,train,PaperCardboard,paper,trashnet-master/trashnet-master/data/filtered_6class/train/PaperCardboard/paper489.jpg,,trashnet-master/trashnet-master/data/dataset-resized/paper/paper489.jpg,,,,,,,,
trashnet_train_paper459.jpg,TrashNet,image_classification,train,PaperCardboard,paper,trashnet-master/trashnet-master/data/filtered_6class/train/PaperCardboard/paper459.jpg,,trashnet-master/trashnet-master/data/dataset-resized/paper/paper459.jpg,,,,,,,,
trashnet_train_cardboard243.jpg,TrashNet,image_classification,train,PaperCardboard,cardboard,trashnet-master/trashnet-master/data/filtered_6class/train/PaperCardboard/cardboard243.jpg,,trashnet-master/trashnet-master/data/dataset-resized/cardboard/cardboard243.jpg,,,,,,,,
trashnet_train_paper472.jpg,TrashNet,image_classification,train,PaperCardboard,paper,trashnet-master/trashnet-master/data/filtered_6class/train/PaperCardboard/paper472.jpg,,trashnet-master/trashnet-master/data/dataset-resized/paper/paper472.jpg,,,,,,,,
trashnet_train_cardboard85.jpg,TrashNet,image_classification,train,PaperCardboard,cardboard,trashnet-master/trashnet-master/data/filtered_6class/train/PaperCardboard/cardboard85.jpg,,trashnet-master/trashnet-master/data/dataset-resized/cardboard/cardboard85.jpg,,,,,,,,
trashnet_train_paper226.jpg,TrashNet,image_classification,train,PaperCardboard,paper,trashnet-master/trashnet-master/data/filtered_6class/train/PaperCardboard/paper226.jpg,,trashnet-master/trashnet-master/data/dataset-resized/paper/paper226.jpg,,,,,,,,
trashnet_train_paper293.jpg,TrashNet,image_classification,train,PaperCardboard,paper,trashnet-master/trashnet-master/data/filtered_6class/train/PaperCardboard/paper293.jpg,,trashnet-master/trashnet-master/data/dataset-resized/paper/paper293.jpg,,,,,,,,
trashnet_train_paper483.jpg,TrashNet,image_classification,train,PaperCardboard,paper,trashnet-master/trashnet-master/data/filtered_6class/train/PaperCardboard/paper483.jpg,,trashnet-master/trashnet-master/data/dataset-resized/paper/paper483.jpg,,,,,,,,
trashnet_train_paper188.jpg,TrashNet,image_classification,train,PaperCardboard,paper,trashnet-master/trashnet-master/data/filtered_6class/train/PaperCardboard/paper188.jpg,,trashnet-master/trashnet-master/data/dataset-resized/paper/paper188.jpg,,,,,,,,
trashnet_train_paper46.jpg,TrashNet,image_classification,train,PaperCardboard,paper,trashnet-master/trashnet-master/data/filtered_6class/train/PaperCardboard/paper46.jpg,,trashnet-master/trashnet-master/data/dataset-resized/paper/paper46.jpg,,,,,,,,
trashnet_train_cardboard280.jpg,TrashNet,image_classification,train,PaperCardboard,cardboard,trashnet-master/trashnet-master/data/filtered_6class/train/PaperCardboard/cardboard280.jpg,,trashnet-master/trashnet-master/data/dataset-resized/cardboard/cardboard280.jpg,,,,,,,,
trashnet_train_paper414.jpg,TrashNet,image_classification,train,PaperCardboard,paper,trashnet-master/trashnet-master/data/filtered_6class/train/PaperCardboard/paper414.jpg,,trashnet-master/trashnet-master/data/dataset-resized/paper/paper414.jpg,,,,,,,,
trashnet_train_paper51.jpg,TrashNet,image_classification,train,PaperCardboard,paper,trashnet-master/trashnet-master/data/filtered_6class/train/PaperCardboard/paper51.jpg,,trashnet-master/trashnet-master/data/dataset-resized/paper/paper51.jpg,,,,,,,,
trashnet_train_paper581.jpg,TrashNet,image_classification,train,PaperCardboard,paper,trashnet-master/trashnet-master/data/filtered_6class/train/PaperCardboard/paper581.jpg,,trashnet-master/trashnet-master/data/dataset-resized/paper/paper581.jpg,,,,,,,,
trashnet_train_cardboard144.jpg,TrashNet,image_classification,train,PaperCardboard,cardboard,trashnet-master/trashnet-master/data/filtered_6class/train/PaperCardboard/cardboard144.jpg,,trashnet-master/trashnet-master/data/dataset-resized/cardboard/cardboard144.jpg,,,,,,,,
trashnet_train_cardboard378.jpg,TrashNet,image_classification,train,PaperCardboard,cardboard,trashnet-master/trashnet-master/data/filtered_6class/train/PaperCardboard/cardboard378.jpg,,trashnet-master/trashnet-master/data/dataset-resized/cardboard/cardboard378.jpg,,,,,,,,
trashnet_train_paper184.jpg,TrashNet,image_classification,train,PaperCardboard,paper,trashnet-master/trashnet-master/data/filtered_6class/train/PaperCardboard/paper184.jpg,,trashnet-master/trashnet-master/data/dataset-resized/paper/paper184.jpg,,,,,,,,
trashnet_train_paper276.jpg,TrashNet,image_classification,train,PaperCardboard,paper,trashnet-master/trashnet-master/data/filtered_6class/train/PaperCardboard/paper276.jpg,,trashnet-master/trashnet-master/data/dataset-resized/paper/paper276.jpg,,,,,,,,
trashnet_train_cardboard299.jpg,TrashNet,image_classification,train,PaperCardboard,cardboard,trashnet-master/trashnet-master/data/filtered_6class/train/PaperCardboard/cardboard299.jpg,,trashnet-master/trashnet-master/data/dataset-resized/cardboard/cardboard299.jpg,,,,,,,,
trashnet_train_paper473.jpg,TrashNet,image_classification,train,PaperCardboard,paper,trashnet-master/trashnet-master/data/filtered_6class/train/PaperCardboard/paper473.jpg,,trashnet-master/trashnet-master/data/dataset-resized/paper/paper473.jpg,,,,,,,,
trashnet_train_paper348.jpg,TrashNet,image_classification,train,PaperCardboard,paper,trashnet-master/trashnet-master/data/filtered_6class/train/PaperCardboard/paper348.jpg,,trashnet-master/trashnet-master/data/dataset-resized/paper/paper348.jpg,,,,,,,,
trashnet_train_cardboard332.jpg,TrashNet,image_classification,train,PaperCardboard,cardboard,trashnet-master/trashnet-master/data/filtered_6class/train/PaperCardboard/cardboard332.jpg,,trashnet-master/trashnet-master/data/dataset-resized/cardboard/cardboard332.jpg,,,,,,,,
trashnet_train_paper115.jpg,TrashNet,image_classification,train,PaperCardboard,paper,trashnet-master/trashnet-master/data/filtered_6class/train/PaperCardboard/paper115.jpg,,trashnet-master/trashnet-master/data/dataset-resized/paper/paper115.jpg,,,,,,,,
trashnet_train_paper563.jpg,TrashNet,image_classification,train,PaperCardboard,paper,trashnet-master/trashnet-master/data/filtered_6class/train/PaperCardboard/paper563.jpg,,trashnet-master/trashnet-master/data/dataset-resized/paper/paper563.jpg,,,,,,,,
trashnet_train_cardboard36.jpg,TrashNet,image_classification,train,PaperCardboard,cardboard,trashnet-master/trashnet-master/data/filtered_6class/train/PaperCardboard/cardboard36.jpg,,trashnet-master/trashnet-master/data/dataset-resized/cardboard/cardboard36.jpg,,,,,,,,
trashnet_train_paper428.jpg,TrashNet,image_classification,train,PaperCardboard,paper,trashnet-master/trashnet-master/data/filtered_6class/train/PaperCardboard/paper428.jpg,,trashnet-master/trashnet-master/data/dataset-resized/paper/paper428.jpg,,,,,,,,
trashnet_train_paper58.jpg,TrashNet,image_classification,train,PaperCardboard,paper,trashnet-master/trashnet-master/data/filtered_6class/train/PaperCardboard/paper58.jpg,,trashnet-master/trashnet-master/data/dataset-resized/paper/paper58.jpg,,,,,,,,
trashnet_train_cardboard365.jpg,TrashNet,image_classification,train,PaperCardboard,cardboard,trashnet-master/trashnet-master/data/filtered_6class/train/PaperCardboard/cardboard365.jpg,,trashnet-master/trashnet-master/data/dataset-resized/cardboard/cardboard365.jpg,,,,,,,,
trashnet_train_cardboard5.jpg,TrashNet,image_classification,train,PaperCardboard,cardboard,trashnet-master/trashnet-master/data/filtered_6class/train/PaperCardboard/cardboard5.jpg,,trashnet-master/trashnet-master/data/dataset-resized/cardboard/cardboard5.jpg,,,,,,,,
trashnet_train_cardboard366.jpg,TrashNet,image_classification,train,PaperCardboard,cardboard,trashnet-master/trashnet-master/data/filtered_6class/train/PaperCardboard/cardboard366.jpg,,trashnet-master/trashnet-master/data/dataset-resized/cardboard/cardboard366.jpg,,,,,,,,
trashnet_train_paper329.jpg,TrashNet,image_classification,train,PaperCardboard,paper,trashnet-master/trashnet-master/data/filtered_6class/train/PaperCardboard/paper329.jpg,,trashnet-master/trashnet-master/data/dataset-resized/paper/paper329.jpg,,,,,,,,
trashnet_train_cardboard364.jpg,TrashNet,image_classification,train,PaperCardboard,cardboard,trashnet-master/trashnet-master/data/filtered_6class/train/PaperCardboard/cardboard364.jpg,,trashnet-master/trashnet-master/data/dataset-resized/cardboard/cardboard364.jpg,,,,,,,,
trashnet_train_paper114.jpg,TrashNet,image_classification,train,PaperCardboard,paper,trashnet-master/trashnet-master/data/filtered_6class/train/PaperCardboard/paper114.jpg,,trashnet-master/trashnet-master/data/dataset-resized/paper/paper114.jpg,,,,,,,,
trashnet_train_paper377.jpg,TrashNet,image_classification,train,PaperCardboard,paper,trashnet-master/trashnet-master/data/filtered_6class/train/PaperCardboard/paper377.jpg,,trashnet-master/trashnet-master/data/dataset-resized/paper/paper377.jpg,,,,,,,,
trashnet_train_paper88.jpg,TrashNet,image_classification,train,PaperCardboard,paper,trashnet-master/trashnet-master/data/filtered_6class/train/PaperCardboard/paper88.jpg,,trashnet-master/trashnet-master/data/dataset-resized/paper/paper88.jpg,,,,,,,,
trashnet_train_cardboard205.jpg,TrashNet,image_classification,train,PaperCardboard,cardboard,trashnet-master/trashnet-master/data/filtered_6class/train/PaperCardboard/cardboard205.jpg,,trashnet-master/trashnet-master/data/dataset-resized/cardboard/cardboard205.jpg,,,,,,,,
trashnet_train_cardboard16.jpg,TrashNet,image_classification,train,PaperCardboard,cardboard,trashnet-master/trashnet-master/data/filtered_6class/train/PaperCardboard/cardboard16.jpg,,trashnet-master/trashnet-master/data/dataset-resized/cardboard/cardboard16.jpg,,,,,,,,
trashnet_train_cardboard231.jpg,TrashNet,image_classification,train,PaperCardboard,cardboard,trashnet-master/trashnet-master/data/filtered_6class/train/PaperCardboard/cardboard231.jpg,,trashnet-master/trashnet-master/data/dataset-resized/cardboard/cardboard231.jpg,,,,,,,,
trashnet_train_cardboard25.jpg,TrashNet,image_classification,train,PaperCardboard,cardboard,trashnet-master/trashnet-master/data/filtered_6class/train/PaperCardboard/cardboard25.jpg,,trashnet-master/trashnet-master/data/dataset-resized/cardboard/cardboard25.jpg,,,,,,,,
trashnet_train_paper380.jpg,TrashNet,image_classification,train,PaperCardboard,paper,trashnet-master/trashnet-master/data/filtered_6class/train/PaperCardboard/paper380.jpg,,trashnet-master/trashnet-master/data/dataset-resized/paper/paper380.jpg,,,,,,,,
trashnet_train_paper526.jpg,TrashNet,image_classification,train,PaperCardboard,paper,trashnet-master/trashnet-master/data/filtered_6class/train/PaperCardboard/paper526.jpg,,trashnet-master/trashnet-master/data/dataset-resized/paper/paper526.jpg,,,,,,,,
trashnet_train_paper393.jpg,TrashNet,image_classification,train,PaperCardboard,paper,trashnet-master/trashnet-master/data/filtered_6class/train/PaperCardboard/paper393.jpg,,trashnet-master/trashnet-master/data/dataset-resized/paper/paper393.jpg,,,,,,,,
trashnet_train_paper407.jpg,TrashNet,image_classification,train,PaperCardboard,paper,trashnet-master/trashnet-master/data/filtered_6class/train/PaperCardboard/paper407.jpg,,trashnet-master/trashnet-master/data/dataset-resized/paper/paper407.jpg,,,,,,,,
trashnet_train_cardboard272.jpg,TrashNet,image_classification,train,PaperCardboard,cardboard,trashnet-master/trashnet-master/data/filtered_6class/train/PaperCardboard/cardboard272.jpg,,trashnet-master/trashnet-master/data/dataset-resized/cardboard/cardboard272.jpg,,,,,,,,
trashnet_train_cardboard289.jpg,TrashNet,image_classification,train,PaperCardboard,cardboard,trashnet-master/trashnet-master/data/filtered_6class/train/PaperCardboard/cardboard289.jpg,,trashnet-master/trashnet-master/data/dataset-resized/cardboard/cardboard289.jpg,,,,,,,,
trashnet_train_paper390.jpg,TrashNet,image_classification,train,PaperCardboard,paper,trashnet-master/trashnet-master/data/filtered_6class/train/PaperCardboard/paper390.jpg,,trashnet-master/trashnet-master/data/dataset-resized/paper/paper390.jpg,,,,,,,,
trashnet_train_cardboard114.jpg,TrashNet,image_classification,train,PaperCardboard,cardboard,trashnet-master/trashnet-master/data/filtered_6class/train/PaperCardboard/cardboard114.jpg,,trashnet-master/trashnet-master/data/dataset-resized/cardboard/cardboard114.jpg,,,,,,,,
trashnet_train_cardboard398.jpg,TrashNet,image_classification,train,PaperCardboard,cardboard,trashnet-master/trashnet-master/data/filtered_6class/train/PaperCardboard/cardboard398.jpg,,trashnet-master/trashnet-master/data/dataset-resized/cardboard/cardboard398.jpg,,,,,,,,
trashnet_train_paper85.jpg,TrashNet,image_classification,train,PaperCardboard,paper,trashnet-master/trashnet-master/data/filtered_6class/train/PaperCardboard/paper85.jpg,,trashnet-master/trashnet-master/data/dataset-resized/paper/paper85.jpg,,,,,,,,
trashnet_train_cardboard171.jpg,TrashNet,image_classification,train,PaperCardboard,cardboard,trashnet-master/trashnet-master/data/filtered_6class/train/PaperCardboard/cardboard171.jpg,,trashnet-master/trashnet-master/data/dataset-resized/cardboard/cardboard171.jpg,,,,,,,,
trashnet_train_paper349.jpg,TrashNet,image_classification,train,PaperCardboard,paper,trashnet-master/trashnet-master/data/filtered_6class/train/PaperCardboard/paper349.jpg,,trashnet-master/trashnet-master/data/dataset-resized/paper/paper349.jpg,,,,,,,,
trashnet_train_paper277.jpg,TrashNet,image_classification,train,PaperCardboard,paper,trashnet-master/trashnet-master/data/filtered_6class/train/PaperCardboard/paper277.jpg,,trashnet-master/trashnet-master/data/dataset-resized/paper/paper277.jpg,,,,,,,,
trashnet_train_paper338.jpg,TrashNet,image_classification,train,PaperCardboard,paper,trashnet-master/trashnet-master/data/filtered_6class/train/PaperCardboard/paper338.jpg,,trashnet-master/trashnet-master/data/dataset-resized/paper/paper338.jpg,,,,,,,,
trashnet_train_cardboard379.jpg,TrashNet,image_classification,train,PaperCardboard,cardboard,trashnet-master/trashnet-master/data/filtered_6class/train/PaperCardboard/cardboard379.jpg,,trashnet-master/trashnet-master/data/dataset-resized/cardboard/cardboard379.jpg,,,,,,,,
trashnet_train_paper367.jpg,TrashNet,image_classification,train,PaperCardboard,paper,trashnet-master/trashnet-master/data/filtered_6class/train/PaperCardboard/paper367.jpg,,trashnet-master/trashnet-master/data/dataset-resized/paper/paper367.jpg,,,,,,,,
trashnet_train_paper53.jpg,TrashNet,image_classification,train,PaperCardboard,paper,trashnet-master/trashnet-master/data/filtered_6class/train/PaperCardboard/paper53.jpg,,trashnet-master/trashnet-master/data/dataset-resized/paper/paper53.jpg,,,,,,,,
trashnet_train_cardboard232.jpg,TrashNet,image_classification,train,PaperCardboard,cardboard,trashnet-master/trashnet-master/data/filtered_6class/train/PaperCardboard/cardboard232.jpg,,trashnet-master/trashnet-master/data/dataset-resized/cardboard/cardboard232.jpg,,,,,,,,
trashnet_train_cardboard55.jpg,TrashNet,image_classification,train,PaperCardboard,cardboard,trashnet-master/trashnet-master/data/filtered_6class/train/PaperCardboard/cardboard55.jpg,,trashnet-master/trashnet-master/data/dataset-resized/cardboard/cardboard55.jpg,,,,,,,,
trashnet_train_cardboard119.jpg,TrashNet,image_classification,train,PaperCardboard,cardboard,trashnet-master/trashnet-master/data/filtered_6class/train/PaperCardboard/cardboard119.jpg,,trashnet-master/trashnet-master/data/dataset-resized/cardboard/cardboard119.jpg,,,,,,,,
trashnet_train_cardboard263.jpg,TrashNet,image_classification,train,PaperCardboard,cardboard,trashnet-master/trashnet-master/data/filtered_6class/train/PaperCardboard/cardboard263.jpg,,trashnet-master/trashnet-master/data/dataset-resized/cardboard/cardboard263.jpg,,,,,,,,
trashnet_train_cardboard257.jpg,TrashNet,image_classification,train,PaperCardboard,cardboard,trashnet-master/trashnet-master/data/filtered_6class/train/PaperCardboard/cardboard257.jpg,,trashnet-master/trashnet-master/data/dataset-resized/cardboard/cardboard257.jpg,,,,,,,,
trashnet_train_cardboard54.jpg,TrashNet,image_classification,train,PaperCardboard,cardboard,trashnet-master/trashnet-master/data/filtered_6class/train/PaperCardboard/cardboard54.jpg,,trashnet-master/trashnet-master/data/dataset-resized/cardboard/cardboard54.jpg,,,,,,,,
trashnet_train_paper311.jpg,TrashNet,image_classification,train,PaperCardboard,paper,trashnet-master/trashnet-master/data/filtered_6class/train/PaperCardboard/paper311.jpg,,trashnet-master/trashnet-master/data/dataset-resized/paper/paper311.jpg,,,,,,,,
trashnet_train_cardboard130.jpg,TrashNet,image_classification,train,PaperCardboard,cardboard,trashnet-master/trashnet-master/data/filtered_6class/train/PaperCardboard/cardboard130.jpg,,trashnet-master/trashnet-master/data/dataset-resized/cardboard/cardboard130.jpg,,,,,,,,
trashnet_train_paper153.jpg,TrashNet,image_classification,train,PaperCardboard,paper,trashnet-master/trashnet-master/data/filtered_6class/train/PaperCardboard/paper153.jpg,,trashnet-master/trashnet-master/data/dataset-resized/paper/paper153.jpg,,,,,,,,
trashnet_train_paper529.jpg,TrashNet,image_classification,train,PaperCardboard,paper,trashnet-master/trashnet-master/data/filtered_6class/train/PaperCardboard/paper529.jpg,,trashnet-master/trashnet-master/data/dataset-resized/paper/paper529.jpg,,,,,,,,
trashnet_train_cardboard337.jpg,TrashNet,image_classification,train,PaperCardboard,cardboard,trashnet-master/trashnet-master/data/filtered_6class/train/PaperCardboard/cardboard337.jpg,,trashnet-master/trashnet-master/data/dataset-resized/cardboard/cardboard337.jpg,,,,,,,,
trashnet_train_paper248.jpg,TrashNet,image_classification,train,PaperCardboard,paper,trashnet-master/trashnet-master/data/filtered_6class/train/PaperCardboard/paper248.jpg,,trashnet-master/trashnet-master/data/dataset-resized/paper/paper248.jpg,,,,,,,,
trashnet_train_paper288.jpg,TrashNet,image_classification,train,PaperCardboard,paper,trashnet-master/trashnet-master/data/filtered_6class/train/PaperCardboard/paper288.jpg,,trashnet-master/trashnet-master/data/dataset-resized/paper/paper288.jpg,,,,,,,,
trashnet_train_paper267.jpg,TrashNet,image_classification,train,PaperCardboard,paper,trashnet-master/trashnet-master/data/filtered_6class/train/PaperCardboard/paper267.jpg,,trashnet-master/trashnet-master/data/dataset-resized/paper/paper267.jpg,,,,,,,,
trashnet_train_paper493.jpg,TrashNet,image_classification,train,PaperCardboard,paper,trashnet-master/trashnet-master/data/filtered_6class/train/PaperCardboard/paper493.jpg,,trashnet-master/trashnet-master/data/dataset-resized/paper/paper493.jpg,,,,,,,,
trashnet_train_paper362.jpg,TrashNet,image_classification,train,PaperCardboard,paper,trashnet-master/trashnet-master/data/filtered_6class/train/PaperCardboard/paper362.jpg,,trashnet-master/trashnet-master/data/dataset-resized/paper/paper362.jpg,,,,,,,,
trashnet_train_paper278.jpg,TrashNet,image_classification,train,PaperCardboard,paper,trashnet-master/trashnet-master/data/filtered_6class/train/PaperCardboard/paper278.jpg,,trashnet-master/trashnet-master/data/dataset-resized/paper/paper278.jpg,,,,,,,,
trashnet_train_cardboard200.jpg,TrashNet,image_classification,train,PaperCardboard,cardboard,trashnet-master/trashnet-master/data/filtered_6class/train/PaperCardboard/cardboard200.jpg,,trashnet-master/trashnet-master/data/dataset-resized/cardboard/cardboard200.jpg,,,,,,,,
trashnet_train_cardboard301.jpg,TrashNet,image_classification,train,PaperCardboard,cardboard,trashnet-master/trashnet-master/data/filtered_6class/train/PaperCardboard/cardboard301.jpg,,trashnet-master/trashnet-master/data/dataset-resized/cardboard/cardboard301.jpg,,,,,,,,
trashnet_train_cardboard59.jpg,TrashNet,image_classification,train,PaperCardboard,cardboard,trashnet-master/trashnet-master/data/filtered_6class/train/PaperCardboard/cardboard59.jpg,,trashnet-master/trashnet-master/data/dataset-resized/cardboard/cardboard59.jpg,,,,,,,,
trashnet_train_cardboard127.jpg,TrashNet,image_classification,train,PaperCardboard,cardboard,trashnet-master/trashnet-master/data/filtered_6class/train/PaperCardboard/cardboard127.jpg,,trashnet-master/trashnet-master/data/dataset-resized/cardboard/cardboard127.jpg,,,,,,,,
trashnet_train_cardboard269.jpg,TrashNet,image_classification,train,PaperCardboard,cardboard,trashnet-master/trashnet-master/data/filtered_6class/train/PaperCardboard/cardboard269.jpg,,trashnet-master/trashnet-master/data/dataset-resized/cardboard/cardboard269.jpg,,,,,,,,
trashnet_train_cardboard323.jpg,TrashNet,image_classification,train,PaperCardboard,cardboard,trashnet-master/trashnet-master/data/filtered_6class/train/PaperCardboard/cardboard323.jpg,,trashnet-master/trashnet-master/data/dataset-resized/cardboard/cardboard323.jpg,,,,,,,,
trashnet_train_cardboard271.jpg,TrashNet,image_classification,train,PaperCardboard,cardboard,trashnet-master/trashnet-master/data/filtered_6class/train/PaperCardboard/cardboard271.jpg,,trashnet-master/trashnet-master/data/dataset-resized/cardboard/cardboard271.jpg,,,,,,,,
trashnet_train_paper116.jpg,TrashNet,image_classification,train,PaperCardboard,paper,trashnet-master/trashnet-master/data/filtered_6class/train/PaperCardboard/paper116.jpg,,trashnet-master/trashnet-master/data/dataset-resized/paper/paper116.jpg,,,,,,,,
trashnet_train_cardboard61.jpg,TrashNet,image_classification,train,PaperCardboard,cardboard,trashnet-master/trashnet-master/data/filtered_6class/train/PaperCardboard/cardboard61.jpg,,trashnet-master/trashnet-master/data/dataset-resized/cardboard/cardboard61.jpg,,,,,,,,
trashnet_train_paper279.jpg,TrashNet,image_classification,train,PaperCardboard,paper,trashnet-master/trashnet-master/data/filtered_6class/train/PaperCardboard/paper279.jpg,,trashnet-master/trashnet-master/data/dataset-resized/paper/paper279.jpg,,,,,,,,
trashnet_train_paper176.jpg,TrashNet,image_classification,train,PaperCardboard,paper,trashnet-master/trashnet-master/data/filtered_6class/train/PaperCardboard/paper176.jpg,,trashnet-master/trashnet-master/data/dataset-resized/paper/paper176.jpg,,,,,,,,
trashnet_train_paper551.jpg,TrashNet,image_classification,train,PaperCardboard,paper,trashnet-master/trashnet-master/data/filtered_6class/train/PaperCardboard/paper551.jpg,,trashnet-master/trashnet-master/data/dataset-resized/paper/paper551.jpg,,,,,,,,
trashnet_train_cardboard328.jpg,TrashNet,image_classification,train,PaperCardboard,cardboard,trashnet-master/trashnet-master/data/filtered_6class/train/PaperCardboard/cardboard328.jpg,,trashnet-master/trashnet-master/data/dataset-resized/cardboard/cardboard328.jpg,,,,,,,,
trashnet_train_paper424.jpg,TrashNet,image_classification,train,PaperCardboard,paper,trashnet-master/trashnet-master/data/filtered_6class/train/PaperCardboard/paper424.jpg,,trashnet-master/trashnet-master/data/dataset-resized/paper/paper424.jpg,,,,,,,,
trashnet_train_paper456.jpg,TrashNet,image_classification,train,PaperCardboard,paper,trashnet-master/trashnet-master/data/filtered_6class/train/PaperCardboard/paper456.jpg,,trashnet-master/trashnet-master/data/dataset-resized/paper/paper456.jpg,,,,,,,,
trashnet_train_cardboard235.jpg,TrashNet,image_classification,train,PaperCardboard,cardboard,trashnet-master/trashnet-master/data/filtered_6class/train/PaperCardboard/cardboard235.jpg,,trashnet-master/trashnet-master/data/dataset-resized/cardboard/cardboard235.jpg,,,,,,,,
trashnet_train_cardboard282.jpg,TrashNet,image_classification,train,PaperCardboard,cardboard,trashnet-master/trashnet-master/data/filtered_6class/train/PaperCardboard/cardboard282.jpg,,trashnet-master/trashnet-master/data/dataset-resized/cardboard/cardboard282.jpg,,,,,,,,
trashnet_train_paper337.jpg,TrashNet,image_classification,train,PaperCardboard,paper,trashnet-master/trashnet-master/data/filtered_6class/train/PaperCardboard/paper337.jpg,,trashnet-master/trashnet-master/data/dataset-resized/paper/paper337.jpg,,,,,,,,
trashnet_train_cardboard33.jpg,TrashNet,image_classification,train,PaperCardboard,cardboard,trashnet-master/trashnet-master/data/filtered_6class/train/PaperCardboard/cardboard33.jpg,,trashnet-master/trashnet-master/data/dataset-resized/cardboard/cardboard33.jpg,,,,,,,,
trashnet_train_paper148.jpg,TrashNet,image_classification,train,PaperCardboard,paper,trashnet-master/trashnet-master/data/filtered_6class/train/PaperCardboard/paper148.jpg,,trashnet-master/trashnet-master/data/dataset-resized/paper/paper148.jpg,,,,,,,,
trashnet_train_cardboard17.jpg,TrashNet,image_classification,train,PaperCardboard,cardboard,trashnet-master/trashnet-master/data/filtered_6class/train/PaperCardboard/cardboard17.jpg,,trashnet-master/trashnet-master/data/dataset-resized/cardboard/cardboard17.jpg,,,,,,,,
trashnet_train_paper14.jpg,TrashNet,image_classification,train,PaperCardboard,paper,trashnet-master/trashnet-master/data/filtered_6class/train/PaperCardboard/paper14.jpg,,trashnet-master/trashnet-master/data/dataset-resized/paper/paper14.jpg,,,,,,,,
trashnet_train_cardboard149.jpg,TrashNet,image_classification,train,PaperCardboard,cardboard,trashnet-master/trashnet-master/data/filtered_6class/train/PaperCardboard/cardboard149.jpg,,trashnet-master/trashnet-master/data/dataset-resized/cardboard/cardboard149.jpg,,,,,,,,
trashnet_train_cardboard382.jpg,TrashNet,image_classification,train,PaperCardboard,cardboard,trashnet-master/trashnet-master/data/filtered_6class/train/PaperCardboard/cardboard382.jpg,,trashnet-master/trashnet-master/data/dataset-resized/cardboard/cardboard382.jpg,,,,,,,,
trashnet_train_paper178.jpg,TrashNet,image_classification,train,PaperCardboard,paper,trashnet-master/trashnet-master/data/filtered_6class/train/PaperCardboard/paper178.jpg,,trashnet-master/trashnet-master/data/dataset-resized/paper/paper178.jpg,,,,,,,,
trashnet_train_paper403.jpg,TrashNet,image_classification,train,PaperCardboard,paper,trashnet-master/trashnet-master/data/filtered_6class/train/PaperCardboard/paper403.jpg,,trashnet-master/trashnet-master/data/dataset-resized/paper/paper403.jpg,,,,,,,,
trashnet_train_paper108.jpg,TrashNet,image_classification,train,PaperCardboard,paper,trashnet-master/trashnet-master/data/filtered_6class/train/PaperCardboard/paper108.jpg,,trashnet-master/trashnet-master/data/dataset-resized/paper/paper108.jpg,,,,,,,,
trashnet_train_cardboard395.jpg,TrashNet,image_classification,train,PaperCardboard,cardboard,trashnet-master/trashnet-master/data/filtered_6class/train/PaperCardboard/cardboard395.jpg,,trashnet-master/trashnet-master/data/dataset-resized/cardboard/cardboard395.jpg,,,,,,,,
trashnet_train_paper437.jpg,TrashNet,image_classification,train,PaperCardboard,paper,trashnet-master/trashnet-master/data/filtered_6class/train/PaperCardboard/paper437.jpg,,trashnet-master/trashnet-master/data/dataset-resized/paper/paper437.jpg,,,,,,,,
trashnet_train_cardboard31.jpg,TrashNet,image_classification,train,PaperCardboard,cardboard,trashnet-master/trashnet-master/data/filtered_6class/train/PaperCardboard/cardboard31.jpg,,trashnet-master/trashnet-master/data/dataset-resized/cardboard/cardboard31.jpg,,,,,,,,
trashnet_train_paper291.jpg,TrashNet,image_classification,train,PaperCardboard,paper,trashnet-master/trashnet-master/data/filtered_6class/train/PaperCardboard/paper291.jpg,,trashnet-master/trashnet-master/data/dataset-resized/paper/paper291.jpg,,,,,,,,
trashnet_train_paper286.jpg,TrashNet,image_classification,train,PaperCardboard,paper,trashnet-master/trashnet-master/data/filtered_6class/train/PaperCardboard/paper286.jpg,,trashnet-master/trashnet-master/data/dataset-resized/paper/paper286.jpg,,,,,,,,
trashnet_train_cardboard48.jpg,TrashNet,image_classification,train,PaperCardboard,cardboard,trashnet-master/trashnet-master/data/filtered_6class/train/PaperCardboard/cardboard48.jpg,,trashnet-master/trashnet-master/data/dataset-resized/cardboard/cardboard48.jpg,,,,,,,,
trashnet_train_paper77.jpg,TrashNet,image_classification,train,PaperCardboard,paper,trashnet-master/trashnet-master/data/filtered_6class/train/PaperCardboard/paper77.jpg,,trashnet-master/trashnet-master/data/dataset-resized/paper/paper77.jpg,,,,,,,,
trashnet_train_paper134.jpg,TrashNet,image_classification,train,PaperCardboard,paper,trashnet-master/trashnet-master/data/filtered_6class/train/PaperCardboard/paper134.jpg,,trashnet-master/trashnet-master/data/dataset-resized/paper/paper134.jpg,,,,,,,,
trashnet_train_cardboard147.jpg,TrashNet,image_classification,train,PaperCardboard,cardboard,trashnet-master/trashnet-master/data/filtered_6class/train/PaperCardboard/cardboard147.jpg,,trashnet-master/trashnet-master/data/dataset-resized/cardboard/cardboard147.jpg,,,,,,,,
trashnet_train_cardboard18.jpg,TrashNet,image_classification,train,PaperCardboard,cardboard,trashnet-master/trashnet-master/data/filtered_6class/train/PaperCardboard/cardboard18.jpg,,trashnet-master/trashnet-master/data/dataset-resized/cardboard/cardboard18.jpg,,,,,,,,
trashnet_train_paper30.jpg,TrashNet,image_classification,train,PaperCardboard,paper,trashnet-master/trashnet-master/data/filtered_6class/train/PaperCardboard/paper30.jpg,,trashnet-master/trashnet-master/data/dataset-resized/paper/paper30.jpg,,,,,,,,
trashnet_train_paper59.jpg,TrashNet,image_classification,train,PaperCardboard,paper,trashnet-master/trashnet-master/data/filtered_6class/train/PaperCardboard/paper59.jpg,,trashnet-master/trashnet-master/data/dataset-resized/paper/paper59.jpg,,,,,,,,
trashnet_train_cardboard256.jpg,TrashNet,image_classification,train,PaperCardboard,cardboard,trashnet-master/trashnet-master/data/filtered_6class/train/PaperCardboard/cardboard256.jpg,,trashnet-master/trashnet-master/data/dataset-resized/cardboard/cardboard256.jpg,,,,,,,,
trashnet_train_cardboard223.jpg,TrashNet,image_classification,train,PaperCardboard,cardboard,trashnet-master/trashnet-master/data/filtered_6class/train/PaperCardboard/cardboard223.jpg,,trashnet-master/trashnet-master/data/dataset-resized/cardboard/cardboard223.jpg,,,,,,,,
trashnet_train_paper462.jpg,TrashNet,image_classification,train,PaperCardboard,paper,trashnet-master/trashnet-master/data/filtered_6class/train/PaperCardboard/paper462.jpg,,trashnet-master/trashnet-master/data/dataset-resized/paper/paper462.jpg,,,,,,,,
trashnet_train_cardboard362.jpg,TrashNet,image_classification,train,PaperCardboard,cardboard,trashnet-master/trashnet-master/data/filtered_6class/train/PaperCardboard/cardboard362.jpg,,trashnet-master/trashnet-master/data/dataset-resized/cardboard/cardboard362.jpg,,,,,,,,
trashnet_train_paper575.jpg,TrashNet,image_classification,train,PaperCardboard,paper,trashnet-master/trashnet-master/data/filtered_6class/train/PaperCardboard/paper575.jpg,,trashnet-master/trashnet-master/data/dataset-resized/paper/paper575.jpg,,,,,,,,
trashnet_train_cardboard117.jpg,TrashNet,image_classification,train,PaperCardboard,cardboard,trashnet-master/trashnet-master/data/filtered_6class/train/PaperCardboard/cardboard117.jpg,,trashnet-master/trashnet-master/data/dataset-resized/cardboard/cardboard117.jpg,,,,,,,,
trashnet_train_cardboard74.jpg,TrashNet,image_classification,train,PaperCardboard,cardboard,trashnet-master/trashnet-master/data/filtered_6class/train/PaperCardboard/cardboard74.jpg,,trashnet-master/trashnet-master/data/dataset-resized/cardboard/cardboard74.jpg,,,,,,,,
trashnet_train_cardboard106.jpg,TrashNet,image_classification,train,PaperCardboard,cardboard,trashnet-master/trashnet-master/data/filtered_6class/train/PaperCardboard/cardboard106.jpg,,trashnet-master/trashnet-master/data/dataset-resized/cardboard/cardboard106.jpg,,,,,,,,
trashnet_train_cardboard354.jpg,TrashNet,image_classification,train,PaperCardboard,cardboard,trashnet-master/trashnet-master/data/filtered_6class/train/PaperCardboard/cardboard354.jpg,,trashnet-master/trashnet-master/data/dataset-resized/cardboard/cardboard354.jpg,,,,,,,,
trashnet_train_paper18.jpg,TrashNet,image_classification,train,PaperCardboard,paper,trashnet-master/trashnet-master/data/filtered_6class/train/PaperCardboard/paper18.jpg,,trashnet-master/trashnet-master/data/dataset-resized/paper/paper18.jpg,,,,,,,,
trashnet_train_cardboard298.jpg,TrashNet,image_classification,train,PaperCardboard,cardboard,trashnet-master/trashnet-master/data/filtered_6class/train/PaperCardboard/cardboard298.jpg,,trashnet-master/trashnet-master/data/dataset-resized/cardboard/cardboard298.jpg,,,,,,,,
trashnet_train_paper328.jpg,TrashNet,image_classification,train,PaperCardboard,paper,trashnet-master/trashnet-master/data/filtered_6class/train/PaperCardboard/paper328.jpg,,trashnet-master/trashnet-master/data/dataset-resized/paper/paper328.jpg,,,,,,,,
trashnet_train_paper373.jpg,TrashNet,image_classification,train,PaperCardboard,paper,trashnet-master/trashnet-master/data/filtered_6class/train/PaperCardboard/paper373.jpg,,trashnet-master/trashnet-master/data/dataset-resized/paper/paper373.jpg,,,,,,,,
trashnet_train_cardboard70.jpg,TrashNet,image_classification,train,PaperCardboard,cardboard,trashnet-master/trashnet-master/data/filtered_6class/train/PaperCardboard/cardboard70.jpg,,trashnet-master/trashnet-master/data/dataset-resized/cardboard/cardboard70.jpg,,,,,,,,
trashnet_train_paper25.jpg,TrashNet,image_classification,train,PaperCardboard,paper,trashnet-master/trashnet-master/data/filtered_6class/train/PaperCardboard/paper25.jpg,,trashnet-master/trashnet-master/data/dataset-resized/paper/paper25.jpg,,,,,,,,
trashnet_train_cardboard345.jpg,TrashNet,image_classification,train,PaperCardboard,cardboard,trashnet-master/trashnet-master/data/filtered_6class/train/PaperCardboard/cardboard345.jpg,,trashnet-master/trashnet-master/data/dataset-resized/cardboard/cardboard345.jpg,,,,,,,,
trashnet_train_paper484.jpg,TrashNet,image_classification,train,PaperCardboard,paper,trashnet-master/trashnet-master/data/filtered_6class/train/PaperCardboard/paper484.jpg,,trashnet-master/trashnet-master/data/dataset-resized/paper/paper484.jpg,,,,,,,,
trashnet_train_cardboard246.jpg,TrashNet,image_classification,train,PaperCardboard,cardboard,trashnet-master/trashnet-master/data/filtered_6class/train/PaperCardboard/cardboard246.jpg,,trashnet-master/trashnet-master/data/dataset-resized/cardboard/cardboard246.jpg,,,,,,,,
trashnet_train_cardboard187.jpg,TrashNet,image_classification,train,PaperCardboard,cardboard,trashnet-master/trashnet-master/data/filtered_6class/train/PaperCardboard/cardboard187.jpg,,trashnet-master/trashnet-master/data/dataset-resized/cardboard/cardboard187.jpg,,,,,,,,
trashnet_train_paper542.jpg,TrashNet,image_classification,train,PaperCardboard,paper,trashnet-master/trashnet-master/data/filtered_6class/train/PaperCardboard/paper542.jpg,,trashnet-master/trashnet-master/data/dataset-resized/paper/paper542.jpg,,,,,,,,
trashnet_train_paper193.jpg,TrashNet,image_classification,train,PaperCardboard,paper,trashnet-master/trashnet-master/data/filtered_6class/train/PaperCardboard/paper193.jpg,,trashnet-master/trashnet-master/data/dataset-resized/paper/paper193.jpg,,,,,,,,
trashnet_train_paper421.jpg,TrashNet,image_classification,train,PaperCardboard,paper,trashnet-master/trashnet-master/data/filtered_6class/train/PaperCardboard/paper421.jpg,,trashnet-master/trashnet-master/data/dataset-resized/paper/paper421.jpg,,,,,,,,
trashnet_train_paper124.jpg,TrashNet,image_classification,train,PaperCardboard,paper,trashnet-master/trashnet-master/data/filtered_6class/train/PaperCardboard/paper124.jpg,,trashnet-master/trashnet-master/data/dataset-resized/paper/paper124.jpg,,,,,,,,
trashnet_train_cardboard350.jpg,TrashNet,image_classification,train,PaperCardboard,cardboard,trashnet-master/trashnet-master/data/filtered_6class/train/PaperCardboard/cardboard350.jpg,,trashnet-master/trashnet-master/data/dataset-resized/cardboard/cardboard350.jpg,,,,,,,,
trashnet_train_cardboard81.jpg,TrashNet,image_classification,train,PaperCardboard,cardboard,trashnet-master/trashnet-master/data/filtered_6class/train/PaperCardboard/cardboard81.jpg,,trashnet-master/trashnet-master/data/dataset-resized/cardboard/cardboard81.jpg,,,,,,,,
trashnet_train_cardboard353.jpg,TrashNet,image_classification,train,PaperCardboard,cardboard,trashnet-master/trashnet-master/data/filtered_6class/train/PaperCardboard/cardboard353.jpg,,trashnet-master/trashnet-master/data/dataset-resized/cardboard/cardboard353.jpg,,,,,,,,
trashnet_train_paper12.jpg,TrashNet,image_classification,train,PaperCardboard,paper,trashnet-master/trashnet-master/data/filtered_6class/train/PaperCardboard/paper12.jpg,,trashnet-master/trashnet-master/data/dataset-resized/paper/paper12.jpg,,,,,,,,
trashnet_train_cardboard312.jpg,TrashNet,image_classification,train,PaperCardboard,cardboard,trashnet-master/trashnet-master/data/filtered_6class/train/PaperCardboard/cardboard312.jpg,,trashnet-master/trashnet-master/data/dataset-resized/cardboard/cardboard312.jpg,,,,,,,,
trashnet_train_paper341.jpg,TrashNet,image_classification,train,PaperCardboard,paper,trashnet-master/trashnet-master/data/filtered_6class/train/PaperCardboard/paper341.jpg,,trashnet-master/trashnet-master/data/dataset-resized/paper/paper341.jpg,,,,,,,,
trashnet_train_paper587.jpg,TrashNet,image_classification,train,PaperCardboard,paper,trashnet-master/trashnet-master/data/filtered_6class/train/PaperCardboard/paper587.jpg,,trashnet-master/trashnet-master/data/dataset-resized/paper/paper587.jpg,,,,,,,,
trashnet_train_paper555.jpg,TrashNet,image_classification,train,PaperCardboard,paper,trashnet-master/trashnet-master/data/filtered_6class/train/PaperCardboard/paper555.jpg,,trashnet-master/trashnet-master/data/dataset-resized/paper/paper555.jpg,,,,,,,,
trashnet_train_cardboard72.jpg,TrashNet,image_classification,train,PaperCardboard,cardboard,trashnet-master/trashnet-master/data/filtered_6class/train/PaperCardboard/cardboard72.jpg,,trashnet-master/trashnet-master/data/dataset-resized/cardboard/cardboard72.jpg,,,,,,,,
trashnet_train_paper15.jpg,TrashNet,image_classification,train,PaperCardboard,paper,trashnet-master/trashnet-master/data/filtered_6class/train/PaperCardboard/paper15.jpg,,trashnet-master/trashnet-master/data/dataset-resized/paper/paper15.jpg,,,,,,,,
trashnet_train_cardboard47.jpg,TrashNet,image_classification,train,PaperCardboard,cardboard,trashnet-master/trashnet-master/data/filtered_6class/train/PaperCardboard/cardboard47.jpg,,trashnet-master/trashnet-master/data/dataset-resized/cardboard/cardboard47.jpg,,,,,,,,
trashnet_train_paper258.jpg,TrashNet,image_classification,train,PaperCardboard,paper,trashnet-master/trashnet-master/data/filtered_6class/train/PaperCardboard/paper258.jpg,,trashnet-master/trashnet-master/data/dataset-resized/paper/paper258.jpg,,,,,,,,
trashnet_train_paper474.jpg,TrashNet,image_classification,train,PaperCardboard,paper,trashnet-master/trashnet-master/data/filtered_6class/train/PaperCardboard/paper474.jpg,,trashnet-master/trashnet-master/data/dataset-resized/paper/paper474.jpg,,,,,,,,
trashnet_train_cardboard66.jpg,TrashNet,image_classification,train,PaperCardboard,cardboard,trashnet-master/trashnet-master/data/filtered_6class/train/PaperCardboard/cardboard66.jpg,,trashnet-master/trashnet-master/data/dataset-resized/cardboard/cardboard66.jpg,,,,,,,,
trashnet_train_cardboard118.jpg,TrashNet,image_classification,train,PaperCardboard,cardboard,trashnet-master/trashnet-master/data/filtered_6class/train/PaperCardboard/cardboard118.jpg,,trashnet-master/trashnet-master/data/dataset-resized/cardboard/cardboard118.jpg,,,,,,,,
trashnet_train_cardboard375.jpg,TrashNet,image_classification,train,PaperCardboard,cardboard,trashnet-master/trashnet-master/data/filtered_6class/train/PaperCardboard/cardboard375.jpg,,trashnet-master/trashnet-master/data/dataset-resized/cardboard/cardboard375.jpg,,,,,,,,
trashnet_train_cardboard169.jpg,TrashNet,image_classification,train,PaperCardboard,cardboard,trashnet-master/trashnet-master/data/filtered_6class/train/PaperCardboard/cardboard169.jpg,,trashnet-master/trashnet-master/data/dataset-resized/cardboard/cardboard169.jpg,,,,,,,,
trashnet_train_paper394.jpg,TrashNet,image_classification,train,PaperCardboard,paper,trashnet-master/trashnet-master/data/filtered_6class/train/PaperCardboard/paper394.jpg,,trashnet-master/trashnet-master/data/dataset-resized/paper/paper394.jpg,,,,,,,,
trashnet_train_paper379.jpg,TrashNet,image_classification,train,PaperCardboard,paper,trashnet-master/trashnet-master/data/filtered_6class/train/PaperCardboard/paper379.jpg,,trashnet-master/trashnet-master/data/dataset-resized/paper/paper379.jpg,,,,,,,,
trashnet_train_paper322.jpg,TrashNet,image_classification,train,PaperCardboard,paper,trashnet-master/trashnet-master/data/filtered_6class/train/PaperCardboard/paper322.jpg,,trashnet-master/trashnet-master/data/dataset-resized/paper/paper322.jpg,,,,,,,,
trashnet_train_paper590.jpg,TrashNet,image_classification,train,PaperCardboard,paper,trashnet-master/trashnet-master/data/filtered_6class/train/PaperCardboard/paper590.jpg,,trashnet-master/trashnet-master/data/dataset-resized/paper/paper590.jpg,,,,,,,,
trashnet_train_cardboard40.jpg,TrashNet,image_classification,train,PaperCardboard,cardboard,trashnet-master/trashnet-master/data/filtered_6class/train/PaperCardboard/cardboard40.jpg,,trashnet-master/trashnet-master/data/dataset-resized/cardboard/cardboard40.jpg,,,,,,,,
trashnet_train_paper426.jpg,TrashNet,image_classification,train,PaperCardboard,paper,trashnet-master/trashnet-master/data/filtered_6class/train/PaperCardboard/paper426.jpg,,trashnet-master/trashnet-master/data/dataset-resized/paper/paper426.jpg,,,,,,,,
trashnet_train_paper93.jpg,TrashNet,image_classification,train,PaperCardboard,paper,trashnet-master/trashnet-master/data/filtered_6class/train/PaperCardboard/paper93.jpg,,trashnet-master/trashnet-master/data/dataset-resized/paper/paper93.jpg,,,,,,,,
trashnet_train_paper98.jpg,TrashNet,image_classification,train,PaperCardboard,paper,trashnet-master/trashnet-master/data/filtered_6class/train/PaperCardboard/paper98.jpg,,trashnet-master/trashnet-master/data/dataset-resized/paper/paper98.jpg,,,,,,,,
trashnet_train_cardboard343.jpg,TrashNet,image_classification,train,PaperCardboard,cardboard,trashnet-master/trashnet-master/data/filtered_6class/train/PaperCardboard/cardboard343.jpg,,trashnet-master/trashnet-master/data/dataset-resized/cardboard/cardboard343.jpg,,,,,,,,
trashnet_train_paper588.jpg,TrashNet,image_classification,train,PaperCardboard,paper,trashnet-master/trashnet-master/data/filtered_6class/train/PaperCardboard/paper588.jpg,,trashnet-master/trashnet-master/data/dataset-resized/paper/paper588.jpg,,,,,,,,
trashnet_train_cardboard228.jpg,TrashNet,image_classification,train,PaperCardboard,cardboard,trashnet-master/trashnet-master/data/filtered_6class/train/PaperCardboard/cardboard228.jpg,,trashnet-master/trashnet-master/data/dataset-resized/cardboard/cardboard228.jpg,,,,,,,,
trashnet_train_cardboard188.jpg,TrashNet,image_classification,train,PaperCardboard,cardboard,trashnet-master/trashnet-master/data/filtered_6class/train/PaperCardboard/cardboard188.jpg,,trashnet-master/trashnet-master/data/dataset-resized/cardboard/cardboard188.jpg,,,,,,,,
trashnet_train_cardboard264.jpg,TrashNet,image_classification,train,PaperCardboard,cardboard,trashnet-master/trashnet-master/data/filtered_6class/train/PaperCardboard/cardboard264.jpg,,trashnet-master/trashnet-master/data/dataset-resized/cardboard/cardboard264.jpg,,,,,,,,
trashnet_train_paper514.jpg,TrashNet,image_classification,train,PaperCardboard,paper,trashnet-master/trashnet-master/data/filtered_6class/train/PaperCardboard/paper514.jpg,,trashnet-master/trashnet-master/data/dataset-resized/paper/paper514.jpg,,,,,,,,
trashnet_train_paper360.jpg,TrashNet,image_classification,train,PaperCardboard,paper,trashnet-master/trashnet-master/data/filtered_6class/train/PaperCardboard/paper360.jpg,,trashnet-master/trashnet-master/data/dataset-resized/paper/paper360.jpg,,,,,,,,
trashnet_train_paper516.jpg,TrashNet,image_classification,train,PaperCardboard,paper,trashnet-master/trashnet-master/data/filtered_6class/train/PaperCardboard/paper516.jpg,,trashnet-master/trashnet-master/data/dataset-resized/paper/paper516.jpg,,,,,,,,
trashnet_train_cardboard258.jpg,TrashNet,image_classification,train,PaperCardboard,cardboard,trashnet-master/trashnet-master/data/filtered_6class/train/PaperCardboard/cardboard258.jpg,,trashnet-master/trashnet-master/data/dataset-resized/cardboard/cardboard258.jpg,,,,,,,,
trashnet_train_paper27.jpg,TrashNet,image_classification,train,PaperCardboard,paper,trashnet-master/trashnet-master/data/filtered_6class/train/PaperCardboard/paper27.jpg,,trashnet-master/trashnet-master/data/dataset-resized/paper/paper27.jpg,,,,,,,,
trashnet_train_cardboard192.jpg,TrashNet,image_classification,train,PaperCardboard,cardboard,trashnet-master/trashnet-master/data/filtered_6class/train/PaperCardboard/cardboard192.jpg,,trashnet-master/trashnet-master/data/dataset-resized/cardboard/cardboard192.jpg,,,,,,,,
trashnet_train_cardboard194.jpg,TrashNet,image_classification,train,PaperCardboard,cardboard,trashnet-master/trashnet-master/data/filtered_6class/train/PaperCardboard/cardboard194.jpg,,trashnet-master/trashnet-master/data/dataset-resized/cardboard/cardboard194.jpg,,,,,,,,
trashnet_train_cardboard248.jpg,TrashNet,image_classification,train,PaperCardboard,cardboard,trashnet-master/trashnet-master/data/filtered_6class/train/PaperCardboard/cardboard248.jpg,,trashnet-master/trashnet-master/data/dataset-resized/cardboard/cardboard248.jpg,,,,,,,,
trashnet_train_paper292.jpg,TrashNet,image_classification,train,PaperCardboard,paper,trashnet-master/trashnet-master/data/filtered_6class/train/PaperCardboard/paper292.jpg,,trashnet-master/trashnet-master/data/dataset-resized/paper/paper292.jpg,,,,,,,,
trashnet_train_cardboard346.jpg,TrashNet,image_classification,train,PaperCardboard,cardboard,trashnet-master/trashnet-master/data/filtered_6class/train/PaperCardboard/cardboard346.jpg,,trashnet-master/trashnet-master/data/dataset-resized/cardboard/cardboard346.jpg,,,,,,,,
trashnet_train_cardboard97.jpg,TrashNet,image_classification,train,PaperCardboard,cardboard,trashnet-master/trashnet-master/data/filtered_6class/train/PaperCardboard/cardboard97.jpg,,trashnet-master/trashnet-master/data/dataset-resized/cardboard/cardboard97.jpg,,,,,,,,
trashnet_train_cardboard178.jpg,TrashNet,image_classification,train,PaperCardboard,cardboard,trashnet-master/trashnet-master/data/filtered_6class/train/PaperCardboard/cardboard178.jpg,,trashnet-master/trashnet-master/data/dataset-resized/cardboard/cardboard178.jpg,,,,,,,,
trashnet_train_cardboard91.jpg,TrashNet,image_classification,train,PaperCardboard,cardboard,trashnet-master/trashnet-master/data/filtered_6class/train/PaperCardboard/cardboard91.jpg,,trashnet-master/trashnet-master/data/dataset-resized/cardboard/cardboard91.jpg,,,,,,,,
trashnet_train_paper54.jpg,TrashNet,image_classification,train,PaperCardboard,paper,trashnet-master/trashnet-master/data/filtered_6class/train/PaperCardboard/paper54.jpg,,trashnet-master/trashnet-master/data/dataset-resized/paper/paper54.jpg,,,,,,,,
trashnet_train_cardboard167.jpg,TrashNet,image_classification,train,PaperCardboard,cardboard,trashnet-master/trashnet-master/data/filtered_6class/train/PaperCardboard/cardboard167.jpg,,trashnet-master/trashnet-master/data/dataset-resized/cardboard/cardboard167.jpg,,,,,,,,
trashnet_train_cardboard92.jpg,TrashNet,image_classification,train,PaperCardboard,cardboard,trashnet-master/trashnet-master/data/filtered_6class/train/PaperCardboard/cardboard92.jpg,,trashnet-master/trashnet-master/data/dataset-resized/cardboard/cardboard92.jpg,,,,,,,,
trashnet_train_paper130.jpg,TrashNet,image_classification,train,PaperCardboard,paper,trashnet-master/trashnet-master/data/filtered_6class/train/PaperCardboard/paper130.jpg,,trashnet-master/trashnet-master/data/dataset-resized/paper/paper130.jpg,,,,,,,,
trashnet_train_paper536.jpg,TrashNet,image_classification,train,PaperCardboard,paper,trashnet-master/trashnet-master/data/filtered_6class/train/PaperCardboard/paper536.jpg,,trashnet-master/trashnet-master/data/dataset-resized/paper/paper536.jpg,,,,,,,,
trashnet_train_paper430.jpg,TrashNet,image_classification,train,PaperCardboard,paper,trashnet-master/trashnet-master/data/filtered_6class/train/PaperCardboard/paper430.jpg,,trashnet-master/trashnet-master/data/dataset-resized/paper/paper430.jpg,,,,,,,,
trashnet_train_cardboard287.jpg,TrashNet,image_classification,train,PaperCardboard,cardboard,trashnet-master/trashnet-master/data/filtered_6class/train/PaperCardboard/cardboard287.jpg,,trashnet-master/trashnet-master/data/dataset-resized/cardboard/cardboard287.jpg,,,,,,,,
trashnet_train_cardboard71.jpg,TrashNet,image_classification,train,PaperCardboard,cardboard,trashnet-master/trashnet-master/data/filtered_6class/train/PaperCardboard/cardboard71.jpg,,trashnet-master/trashnet-master/data/dataset-resized/cardboard/cardboard71.jpg,,,,,,,,
trashnet_train_paper8.jpg,TrashNet,image_classification,train,PaperCardboard,paper,trashnet-master/trashnet-master/data/filtered_6class/train/PaperCardboard/paper8.jpg,,trashnet-master/trashnet-master/data/dataset-resized/paper/paper8.jpg,,,,,,,,
trashnet_train_paper101.jpg,TrashNet,image_classification,train,PaperCardboard,paper,trashnet-master/trashnet-master/data/filtered_6class/train/PaperCardboard/paper101.jpg,,trashnet-master/trashnet-master/data/dataset-resized/paper/paper101.jpg,,,,,,,,
trashnet_train_paper547.jpg,TrashNet,image_classification,train,PaperCardboard,paper,trashnet-master/trashnet-master/data/filtered_6class/train/PaperCardboard/paper547.jpg,,trashnet-master/trashnet-master/data/dataset-resized/paper/paper547.jpg,,,,,,,,
trashnet_train_paper494.jpg,TrashNet,image_classification,train,PaperCardboard,paper,trashnet-master/trashnet-master/data/filtered_6class/train/PaperCardboard/paper494.jpg,,trashnet-master/trashnet-master/data/dataset-resized/paper/paper494.jpg,,,,,,,,
trashnet_train_paper76.jpg,TrashNet,image_classification,train,PaperCardboard,paper,trashnet-master/trashnet-master/data/filtered_6class/train/PaperCardboard/paper76.jpg,,trashnet-master/trashnet-master/data/dataset-resized/paper/paper76.jpg,,,,,,,,
trashnet_train_cardboard173.jpg,TrashNet,image_classification,train,PaperCardboard,cardboard,trashnet-master/trashnet-master/data/filtered_6class/train/PaperCardboard/cardboard173.jpg,,trashnet-master/trashnet-master/data/dataset-resized/cardboard/cardboard173.jpg,,,,,,,,
trashnet_train_cardboard296.jpg,TrashNet,image_classification,train,PaperCardboard,cardboard,trashnet-master/trashnet-master/data/filtered_6class/train/PaperCardboard/cardboard296.jpg,,trashnet-master/trashnet-master/data/dataset-resized/cardboard/cardboard296.jpg,,,,,,,,
trashnet_train_cardboard11.jpg,TrashNet,image_classification,train,PaperCardboard,cardboard,trashnet-master/trashnet-master/data/filtered_6class/train/PaperCardboard/cardboard11.jpg,,trashnet-master/trashnet-master/data/dataset-resized/cardboard/cardboard11.jpg,,,,,,,,
trashnet_train_cardboard342.jpg,TrashNet,image_classification,train,PaperCardboard,cardboard,trashnet-master/trashnet-master/data/filtered_6class/train/PaperCardboard/cardboard342.jpg,,trashnet-master/trashnet-master/data/dataset-resized/cardboard/cardboard342.jpg,,,,,,,,
trashnet_train_paper221.jpg,TrashNet,image_classification,train,PaperCardboard,paper,trashnet-master/trashnet-master/data/filtered_6class/train/PaperCardboard/paper221.jpg,,trashnet-master/trashnet-master/data/dataset-resized/paper/paper221.jpg,,,,,,,,
trashnet_train_paper419.jpg,TrashNet,image_classification,train,PaperCardboard,paper,trashnet-master/trashnet-master/data/filtered_6class/train/PaperCardboard/paper419.jpg,,trashnet-master/trashnet-master/data/dataset-resized/paper/paper419.jpg,,,,,,,,
trashnet_train_paper449.jpg,TrashNet,image_classification,train,PaperCardboard,paper,trashnet-master/trashnet-master/data/filtered_6class/train/PaperCardboard/paper449.jpg,,trashnet-master/trashnet-master/data/dataset-resized/paper/paper449.jpg,,,,,,,,
trashnet_train_cardboard349.jpg,TrashNet,image_classification,train,PaperCardboard,cardboard,trashnet-master/trashnet-master/data/filtered_6class/train/PaperCardboard/cardboard349.jpg,,trashnet-master/trashnet-master/data/dataset-resized/cardboard/cardboard349.jpg,,,,,,,,
trashnet_train_paper110.jpg,TrashNet,image_classification,train,PaperCardboard,paper,trashnet-master/trashnet-master/data/filtered_6class/train/PaperCardboard/paper110.jpg,,trashnet-master/trashnet-master/data/dataset-resized/paper/paper110.jpg,,,,,,,,
trashnet_train_paper356.jpg,TrashNet,image_classification,train,PaperCardboard,paper,trashnet-master/trashnet-master/data/filtered_6class/train/PaperCardboard/paper356.jpg,,trashnet-master/trashnet-master/data/dataset-resized/paper/paper356.jpg,,,,,,,,
trashnet_train_paper540.jpg,TrashNet,image_classification,train,PaperCardboard,paper,trashnet-master/trashnet-master/data/filtered_6class/train/PaperCardboard/paper540.jpg,,trashnet-master/trashnet-master/data/dataset-resized/paper/paper540.jpg,,,,,,,,
trashnet_train_paper41.jpg,TrashNet,image_classification,train,PaperCardboard,paper,trashnet-master/trashnet-master/data/filtered_6class/train/PaperCardboard/paper41.jpg,,trashnet-master/trashnet-master/data/dataset-resized/paper/paper41.jpg,,,,,,,,
trashnet_train_paper55.jpg,TrashNet,image_classification,train,PaperCardboard,paper,trashnet-master/trashnet-master/data/filtered_6class/train/PaperCardboard/paper55.jpg,,trashnet-master/trashnet-master/data/dataset-resized/paper/paper55.jpg,,,,,,,,
trashnet_train_cardboard322.jpg,TrashNet,image_classification,train,PaperCardboard,cardboard,trashnet-master/trashnet-master/data/filtered_6class/train/PaperCardboard/cardboard322.jpg,,trashnet-master/trashnet-master/data/dataset-resized/cardboard/cardboard322.jpg,,,,,,,,
trashnet_train_paper467.jpg,TrashNet,image_classification,train,PaperCardboard,paper,trashnet-master/trashnet-master/data/filtered_6class/train/PaperCardboard/paper467.jpg,,trashnet-master/trashnet-master/data/dataset-resized/paper/paper467.jpg,,,,,,,,
trashnet_train_paper297.jpg,TrashNet,image_classification,train,PaperCardboard,paper,trashnet-master/trashnet-master/data/filtered_6class/train/PaperCardboard/paper297.jpg,,trashnet-master/trashnet-master/data/dataset-resized/paper/paper297.jpg,,,,,,,,
trashnet_train_paper202.jpg,TrashNet,image_classification,train,PaperCardboard,paper,trashnet-master/trashnet-master/data/filtered_6class/train/PaperCardboard/paper202.jpg,,trashnet-master/trashnet-master/data/dataset-resized/paper/paper202.jpg,,,,,,,,
trashnet_train_cardboard213.jpg,TrashNet,image_classification,train,PaperCardboard,cardboard,trashnet-master/trashnet-master/data/filtered_6class/train/PaperCardboard/cardboard213.jpg,,trashnet-master/trashnet-master/data/dataset-resized/cardboard/cardboard213.jpg,,,,,,,,
trashnet_train_paper227.jpg,TrashNet,image_classification,train,PaperCardboard,paper,trashnet-master/trashnet-master/data/filtered_6class/train/PaperCardboard/paper227.jpg,,trashnet-master/trashnet-master/data/dataset-resized/paper/paper227.jpg,,,,,,,,
trashnet_train_cardboard137.jpg,TrashNet,image_classification,train,PaperCardboard,cardboard,trashnet-master/trashnet-master/data/filtered_6class/train/PaperCardboard/cardboard137.jpg,,trashnet-master/trashnet-master/data/dataset-resized/cardboard/cardboard137.jpg,,,,,,,,
trashnet_train_paper269.jpg,TrashNet,image_classification,train,PaperCardboard,paper,trashnet-master/trashnet-master/data/filtered_6class/train/PaperCardboard/paper269.jpg,,trashnet-master/trashnet-master/data/dataset-resized/paper/paper269.jpg,,,,,,,,
trashnet_train_cardboard56.jpg,TrashNet,image_classification,train,PaperCardboard,cardboard,trashnet-master/trashnet-master/data/filtered_6class/train/PaperCardboard/cardboard56.jpg,,trashnet-master/trashnet-master/data/dataset-resized/cardboard/cardboard56.jpg,,,,,,,,
trashnet_train_cardboard129.jpg,TrashNet,image_classification,train,PaperCardboard,cardboard,trashnet-master/trashnet-master/data/filtered_6class/train/PaperCardboard/cardboard129.jpg,,trashnet-master/trashnet-master/data/dataset-resized/cardboard/cardboard129.jpg,,,,,,,,
trashnet_train_cardboard19.jpg,TrashNet,image_classification,train,PaperCardboard,cardboard,trashnet-master/trashnet-master/data/filtered_6class/train/PaperCardboard/cardboard19.jpg,,trashnet-master/trashnet-master/data/dataset-resized/cardboard/cardboard19.jpg,,,,,,,,
trashnet_train_paper201.jpg,TrashNet,image_classification,train,PaperCardboard,paper,trashnet-master/trashnet-master/data/filtered_6class/train/PaperCardboard/paper201.jpg,,trashnet-master/trashnet-master/data/dataset-resized/paper/paper201.jpg,,,,,,,,
trashnet_train_cardboard189.jpg,TrashNet,image_classification,train,PaperCardboard,cardboard,trashnet-master/trashnet-master/data/filtered_6class/train/PaperCardboard/cardboard189.jpg,,trashnet-master/trashnet-master/data/dataset-resized/cardboard/cardboard189.jpg,,,,,,,,
trashnet_train_paper580.jpg,TrashNet,image_classification,train,PaperCardboard,paper,trashnet-master/trashnet-master/data/filtered_6class/train/PaperCardboard/paper580.jpg,,trashnet-master/trashnet-master/data/dataset-resized/paper/paper580.jpg,,,,,,,,
trashnet_train_paper170.jpg,TrashNet,image_classification,train,PaperCardboard,paper,trashnet-master/trashnet-master/data/filtered_6class/train/PaperCardboard/paper170.jpg,,trashnet-master/trashnet-master/data/dataset-resized/paper/paper170.jpg,,,,,,,,
trashnet_train_paper197.jpg,TrashNet,image_classification,train,PaperCardboard,paper,trashnet-master/trashnet-master/data/filtered_6class/train/PaperCardboard/paper197.jpg,,trashnet-master/trashnet-master/data/dataset-resized/paper/paper197.jpg,,,,,,,,
trashnet_train_paper332.jpg,TrashNet,image_classification,train,PaperCardboard,paper,trashnet-master/trashnet-master/data/filtered_6class/train/PaperCardboard/paper332.jpg,,trashnet-master/trashnet-master/data/dataset-resized/paper/paper332.jpg,,,,,,,,
trashnet_train_cardboard367.jpg,TrashNet,image_classification,train,PaperCardboard,cardboard,trashnet-master/trashnet-master/data/filtered_6class/train/PaperCardboard/cardboard367.jpg,,trashnet-master/trashnet-master/data/dataset-resized/cardboard/cardboard367.jpg,,,,,,,,
trashnet_train_paper564.jpg,TrashNet,image_classification,train,PaperCardboard,paper,trashnet-master/trashnet-master/data/filtered_6class/train/PaperCardboard/paper564.jpg,,trashnet-master/trashnet-master/data/dataset-resized/paper/paper564.jpg,,,,,,,,
trashnet_train_paper261.jpg,TrashNet,image_classification,train,PaperCardboard,paper,trashnet-master/trashnet-master/data/filtered_6class/train/PaperCardboard/paper261.jpg,,trashnet-master/trashnet-master/data/dataset-resized/paper/paper261.jpg,,,,,,,,
trashnet_train_paper242.jpg,TrashNet,image_classification,train,PaperCardboard,paper,trashnet-master/trashnet-master/data/filtered_6class/train/PaperCardboard/paper242.jpg,,trashnet-master/trashnet-master/data/dataset-resized/paper/paper242.jpg,,,,,,,,
trashnet_train_paper376.jpg,TrashNet,image_classification,train,PaperCardboard,paper,trashnet-master/trashnet-master/data/filtered_6class/train/PaperCardboard/paper376.jpg,,trashnet-master/trashnet-master/data/dataset-resized/paper/paper376.jpg,,,,,,,,
trashnet_train_cardboard242.jpg,TrashNet,image_classification,train,PaperCardboard,cardboard,trashnet-master/trashnet-master/data/filtered_6class/train/PaperCardboard/cardboard242.jpg,,trashnet-master/trashnet-master/data/dataset-resized/cardboard/cardboard242.jpg,,,,,,,,
trashnet_train_paper572.jpg,TrashNet,image_classification,train,PaperCardboard,paper,trashnet-master/trashnet-master/data/filtered_6class/train/PaperCardboard/paper572.jpg,,trashnet-master/trashnet-master/data/dataset-resized/paper/paper572.jpg,,,,,,,,
trashnet_train_paper50.jpg,TrashNet,image_classification,train,PaperCardboard,paper,trashnet-master/trashnet-master/data/filtered_6class/train/PaperCardboard/paper50.jpg,,trashnet-master/trashnet-master/data/dataset-resized/paper/paper50.jpg,,,,,,,,
trashnet_train_paper294.jpg,TrashNet,image_classification,train,PaperCardboard,paper,trashnet-master/trashnet-master/data/filtered_6class/train/PaperCardboard/paper294.jpg,,trashnet-master/trashnet-master/data/dataset-resized/paper/paper294.jpg,,,,,,,,
trashnet_train_paper445.jpg,TrashNet,image_classification,train,PaperCardboard,paper,trashnet-master/trashnet-master/data/filtered_6class/train/PaperCardboard/paper445.jpg,,trashnet-master/trashnet-master/data/dataset-resized/paper/paper445.jpg,,,,,,,,
trashnet_train_paper485.jpg,TrashNet,image_classification,train,PaperCardboard,paper,trashnet-master/trashnet-master/data/filtered_6class/train/PaperCardboard/paper485.jpg,,trashnet-master/trashnet-master/data/dataset-resized/paper/paper485.jpg,,,,,,,,
trashnet_train_paper262.jpg,TrashNet,image_classification,train,PaperCardboard,paper,trashnet-master/trashnet-master/data/filtered_6class/train/PaperCardboard/paper262.jpg,,trashnet-master/trashnet-master/data/dataset-resized/paper/paper262.jpg,,,,,,,,
trashnet_train_paper585.jpg,TrashNet,image_classification,train,PaperCardboard,paper,trashnet-master/trashnet-master/data/filtered_6class/train/PaperCardboard/paper585.jpg,,trashnet-master/trashnet-master/data/dataset-resized/paper/paper585.jpg,,,,,,,,
trashnet_train_cardboard191.jpg,TrashNet,image_classification,train,PaperCardboard,cardboard,trashnet-master/trashnet-master/data/filtered_6class/train/PaperCardboard/cardboard191.jpg,,trashnet-master/trashnet-master/data/dataset-resized/cardboard/cardboard191.jpg,,,,,,,,
trashnet_train_paper408.jpg,TrashNet,image_classification,train,PaperCardboard,paper,trashnet-master/trashnet-master/data/filtered_6class/train/PaperCardboard/paper408.jpg,,trashnet-master/trashnet-master/data/dataset-resized/paper/paper408.jpg,,,,,,,,
trashnet_train_cardboard121.jpg,TrashNet,image_classification,train,PaperCardboard,cardboard,trashnet-master/trashnet-master/data/filtered_6class/train/PaperCardboard/cardboard121.jpg,,trashnet-master/trashnet-master/data/dataset-resized/cardboard/cardboard121.jpg,,,,,,,,
trashnet_train_paper468.jpg,TrashNet,image_classification,train,PaperCardboard,paper,trashnet-master/trashnet-master/data/filtered_6class/train/PaperCardboard/paper468.jpg,,trashnet-master/trashnet-master/data/dataset-resized/paper/paper468.jpg,,,,,,,,
trashnet_train_paper358.jpg,TrashNet,image_classification,train,PaperCardboard,paper,trashnet-master/trashnet-master/data/filtered_6class/train/PaperCardboard/paper358.jpg,,trashnet-master/trashnet-master/data/dataset-resized/paper/paper358.jpg,,,,,,,,
trashnet_train_cardboard57.jpg,TrashNet,image_classification,train,PaperCardboard,cardboard,trashnet-master/trashnet-master/data/filtered_6class/train/PaperCardboard/cardboard57.jpg,,trashnet-master/trashnet-master/data/dataset-resized/cardboard/cardboard57.jpg,,,,,,,,
trashnet_train_paper126.jpg,TrashNet,image_classification,train,PaperCardboard,paper,trashnet-master/trashnet-master/data/filtered_6class/train/PaperCardboard/paper126.jpg,,trashnet-master/trashnet-master/data/dataset-resized/paper/paper126.jpg,,,,,,,,
trashnet_train_cardboard386.jpg,TrashNet,image_classification,train,PaperCardboard,cardboard,trashnet-master/trashnet-master/data/filtered_6class/train/PaperCardboard/cardboard386.jpg,,trashnet-master/trashnet-master/data/dataset-resized/cardboard/cardboard386.jpg,,,,,,,,
trashnet_train_paper159.jpg,TrashNet,image_classification,train,PaperCardboard,paper,trashnet-master/trashnet-master/data/filtered_6class/train/PaperCardboard/paper159.jpg,,trashnet-master/trashnet-master/data/dataset-resized/paper/paper159.jpg,,,,,,,,
trashnet_train_paper270.jpg,TrashNet,image_classification,train,PaperCardboard,paper,trashnet-master/trashnet-master/data/filtered_6class/train/PaperCardboard/paper270.jpg,,trashnet-master/trashnet-master/data/dataset-resized/paper/paper270.jpg,,,,,,,,
trashnet_train_paper44.jpg,TrashNet,image_classification,train,PaperCardboard,paper,trashnet-master/trashnet-master/data/filtered_6class/train/PaperCardboard/paper44.jpg,,trashnet-master/trashnet-master/data/dataset-resized/paper/paper44.jpg,,,,,,,,
trashnet_train_paper442.jpg,TrashNet,image_classification,train,PaperCardboard,paper,trashnet-master/trashnet-master/data/filtered_6class/train/PaperCardboard/paper442.jpg,,trashnet-master/trashnet-master/data/dataset-resized/paper/paper442.jpg,,,,,,,,
trashnet_train_paper143.jpg,TrashNet,image_classification,train,PaperCardboard,paper,trashnet-master/trashnet-master/data/filtered_6class/train/PaperCardboard/paper143.jpg,,trashnet-master/trashnet-master/data/dataset-resized/paper/paper143.jpg,,,,,,,,
trashnet_train_paper582.jpg,TrashNet,image_classification,train,PaperCardboard,paper,trashnet-master/trashnet-master/data/filtered_6class/train/PaperCardboard/paper582.jpg,,trashnet-master/trashnet-master/data/dataset-resized/paper/paper582.jpg,,,,,,,,
trashnet_train_cardboard206.jpg,TrashNet,image_classification,train,PaperCardboard,cardboard,trashnet-master/trashnet-master/data/filtered_6class/train/PaperCardboard/cardboard206.jpg,,trashnet-master/trashnet-master/data/dataset-resized/cardboard/cardboard206.jpg,,,,,,,,
trashnet_train_paper138.jpg,TrashNet,image_classification,train,PaperCardboard,paper,trashnet-master/trashnet-master/data/filtered_6class/train/PaperCardboard/paper138.jpg,,trashnet-master/trashnet-master/data/dataset-resized/paper/paper138.jpg,,,,,,,,
trashnet_train_cardboard64.jpg,TrashNet,image_classification,train,PaperCardboard,cardboard,trashnet-master/trashnet-master/data/filtered_6class/train/PaperCardboard/cardboard64.jpg,,trashnet-master/trashnet-master/data/dataset-resized/cardboard/cardboard64.jpg,,,,,,,,
trashnet_train_cardboard142.jpg,TrashNet,image_classification,train,PaperCardboard,cardboard,trashnet-master/trashnet-master/data/filtered_6class/train/PaperCardboard/cardboard142.jpg,,trashnet-master/trashnet-master/data/dataset-resized/cardboard/cardboard142.jpg,,,,,,,,
trashnet_train_cardboard313.jpg,TrashNet,image_classification,train,PaperCardboard,cardboard,trashnet-master/trashnet-master/data/filtered_6class/train/PaperCardboard/cardboard313.jpg,,trashnet-master/trashnet-master/data/dataset-resized/cardboard/cardboard313.jpg,,,,,,,,
trashnet_train_cardboard304.jpg,TrashNet,image_classification,train,PaperCardboard,cardboard,trashnet-master/trashnet-master/data/filtered_6class/train/PaperCardboard/cardboard304.jpg,,trashnet-master/trashnet-master/data/dataset-resized/cardboard/cardboard304.jpg,,,,,,,,
trashnet_train_paper17.jpg,TrashNet,image_classification,train,PaperCardboard,paper,trashnet-master/trashnet-master/data/filtered_6class/train/PaperCardboard/paper17.jpg,,trashnet-master/trashnet-master/data/dataset-resized/paper/paper17.jpg,,,,,,,,
trashnet_train_paper271.jpg,TrashNet,image_classification,train,PaperCardboard,paper,trashnet-master/trashnet-master/data/filtered_6class/train/PaperCardboard/paper271.jpg,,trashnet-master/trashnet-master/data/dataset-resized/paper/paper271.jpg,,,,,,,,
trashnet_train_paper216.jpg,TrashNet,image_classification,train,PaperCardboard,paper,trashnet-master/trashnet-master/data/filtered_6class/train/PaperCardboard/paper216.jpg,,trashnet-master/trashnet-master/data/dataset-resized/paper/paper216.jpg,,,,,,,,
trashnet_train_cardboard276.jpg,TrashNet,image_classification,train,PaperCardboard,cardboard,trashnet-master/trashnet-master/data/filtered_6class/train/PaperCardboard/cardboard276.jpg,,trashnet-master/trashnet-master/data/dataset-resized/cardboard/cardboard276.jpg,,,,,,,,
trashnet_train_cardboard251.jpg,TrashNet,image_classification,train,PaperCardboard,cardboard,trashnet-master/trashnet-master/data/filtered_6class/train/PaperCardboard/cardboard251.jpg,,trashnet-master/trashnet-master/data/dataset-resized/cardboard/cardboard251.jpg,,,,,,,,
trashnet_train_cardboard275.jpg,TrashNet,image_classification,train,PaperCardboard,cardboard,trashnet-master/trashnet-master/data/filtered_6class/train/PaperCardboard/cardboard275.jpg,,trashnet-master/trashnet-master/data/dataset-resized/cardboard/cardboard275.jpg,,,,,,,,
trashnet_train_paper243.jpg,TrashNet,image_classification,train,PaperCardboard,paper,trashnet-master/trashnet-master/data/filtered_6class/train/PaperCardboard/paper243.jpg,,trashnet-master/trashnet-master/data/dataset-resized/paper/paper243.jpg,,,,,,,,
trashnet_train_paper142.jpg,TrashNet,image_classification,train,PaperCardboard,paper,trashnet-master/trashnet-master/data/filtered_6class/train/PaperCardboard/paper142.jpg,,trashnet-master/trashnet-master/data/dataset-resized/paper/paper142.jpg,,,,,,,,
trashnet_train_cardboard134.jpg,TrashNet,image_classification,train,PaperCardboard,cardboard,trashnet-master/trashnet-master/data/filtered_6class/train/PaperCardboard/cardboard134.jpg,,trashnet-master/trashnet-master/data/dataset-resized/cardboard/cardboard134.jpg,,,,,,,,
trashnet_train_paper583.jpg,TrashNet,image_classification,train,PaperCardboard,paper,trashnet-master/trashnet-master/data/filtered_6class/train/PaperCardboard/paper583.jpg,,trashnet-master/trashnet-master/data/dataset-resized/paper/paper583.jpg,,,,,,,,
trashnet_train_paper283.jpg,TrashNet,image_classification,train,PaperCardboard,paper,trashnet-master/trashnet-master/data/filtered_6class/train/PaperCardboard/paper283.jpg,,trashnet-master/trashnet-master/data/dataset-resized/paper/paper283.jpg,,,,,,,,
trashnet_train_paper511.jpg,TrashNet,image_classification,train,PaperCardboard,paper,trashnet-master/trashnet-master/data/filtered_6class/train/PaperCardboard/paper511.jpg,,trashnet-master/trashnet-master/data/dataset-resized/paper/paper511.jpg,,,,,,,,
trashnet_train_cardboard348.jpg,TrashNet,image_classification,train,PaperCardboard,cardboard,trashnet-master/trashnet-master/data/filtered_6class/train/PaperCardboard/cardboard348.jpg,,trashnet-master/trashnet-master/data/dataset-resized/cardboard/cardboard348.jpg,,,,,,,,
trashnet_train_paper255.jpg,TrashNet,image_classification,train,PaperCardboard,paper,trashnet-master/trashnet-master/data/filtered_6class/train/PaperCardboard/paper255.jpg,,trashnet-master/trashnet-master/data/dataset-resized/paper/paper255.jpg,,,,,,,,
trashnet_train_paper29.jpg,TrashNet,image_classification,train,PaperCardboard,paper,trashnet-master/trashnet-master/data/filtered_6class/train/PaperCardboard/paper29.jpg,,trashnet-master/trashnet-master/data/dataset-resized/paper/paper29.jpg,,,,,,,,
trashnet_train_cardboard22.jpg,TrashNet,image_classification,train,PaperCardboard,cardboard,trashnet-master/trashnet-master/data/filtered_6class/train/PaperCardboard/cardboard22.jpg,,trashnet-master/trashnet-master/data/dataset-resized/cardboard/cardboard22.jpg,,,,,,,,
trashnet_train_cardboard151.jpg,TrashNet,image_classification,train,PaperCardboard,cardboard,trashnet-master/trashnet-master/data/filtered_6class/train/PaperCardboard/cardboard151.jpg,,trashnet-master/trashnet-master/data/dataset-resized/cardboard/cardboard151.jpg,,,,,,,,
trashnet_train_paper67.jpg,TrashNet,image_classification,train,PaperCardboard,paper,trashnet-master/trashnet-master/data/filtered_6class/train/PaperCardboard/paper67.jpg,,trashnet-master/trashnet-master/data/dataset-resized/paper/paper67.jpg,,,,,,,,
trashnet_train_cardboard10.jpg,TrashNet,image_classification,train,PaperCardboard,cardboard,trashnet-master/trashnet-master/data/filtered_6class/train/PaperCardboard/cardboard10.jpg,,trashnet-master/trashnet-master/data/dataset-resized/cardboard/cardboard10.jpg,,,,,,,,
trashnet_train_cardboard278.jpg,TrashNet,image_classification,train,PaperCardboard,cardboard,trashnet-master/trashnet-master/data/filtered_6class/train/PaperCardboard/cardboard278.jpg,,trashnet-master/trashnet-master/data/dataset-resized/cardboard/cardboard278.jpg,,,,,,,,
trashnet_train_paper431.jpg,TrashNet,image_classification,train,PaperCardboard,paper,trashnet-master/trashnet-master/data/filtered_6class/train/PaperCardboard/paper431.jpg,,trashnet-master/trashnet-master/data/dataset-resized/paper/paper431.jpg,,,,,,,,
trashnet_train_paper82.jpg,TrashNet,image_classification,train,PaperCardboard,paper,trashnet-master/trashnet-master/data/filtered_6class/train/PaperCardboard/paper82.jpg,,trashnet-master/trashnet-master/data/dataset-resized/paper/paper82.jpg,,,,,,,,
trashnet_train_cardboard164.jpg,TrashNet,image_classification,train,PaperCardboard,cardboard,trashnet-master/trashnet-master/data/filtered_6class/train/PaperCardboard/cardboard164.jpg,,trashnet-master/trashnet-master/data/dataset-resized/cardboard/cardboard164.jpg,,,,,,,,
trashnet_train_paper4.jpg,TrashNet,image_classification,train,PaperCardboard,paper,trashnet-master/trashnet-master/data/filtered_6class/train/PaperCardboard/paper4.jpg,,trashnet-master/trashnet-master/data/dataset-resized/paper/paper4.jpg,,,,,,,,
trashnet_train_cardboard394.jpg,TrashNet,image_classification,train,PaperCardboard,cardboard,trashnet-master/trashnet-master/data/filtered_6class/train/PaperCardboard/cardboard394.jpg,,trashnet-master/trashnet-master/data/dataset-resized/cardboard/cardboard394.jpg,,,,,,,,
trashnet_train_paper492.jpg,TrashNet,image_classification,train,PaperCardboard,paper,trashnet-master/trashnet-master/data/filtered_6class/train/PaperCardboard/paper492.jpg,,trashnet-master/trashnet-master/data/dataset-resized/paper/paper492.jpg,,,,,,,,
trashnet_train_paper151.jpg,TrashNet,image_classification,train,PaperCardboard,paper,trashnet-master/trashnet-master/data/filtered_6class/train/PaperCardboard/paper151.jpg,,trashnet-master/trashnet-master/data/dataset-resized/paper/paper151.jpg,,,,,,,,
trashnet_train_paper422.jpg,TrashNet,image_classification,train,PaperCardboard,paper,trashnet-master/trashnet-master/data/filtered_6class/train/PaperCardboard/paper422.jpg,,trashnet-master/trashnet-master/data/dataset-resized/paper/paper422.jpg,,,,,,,,
trashnet_train_cardboard67.jpg,TrashNet,image_classification,train,PaperCardboard,cardboard,trashnet-master/trashnet-master/data/filtered_6class/train/PaperCardboard/cardboard67.jpg,,trashnet-master/trashnet-master/data/dataset-resized/cardboard/cardboard67.jpg,,,,,,,,
trashnet_train_cardboard150.jpg,TrashNet,image_classification,train,PaperCardboard,cardboard,trashnet-master/trashnet-master/data/filtered_6class/train/PaperCardboard/cardboard150.jpg,,trashnet-master/trashnet-master/data/dataset-resized/cardboard/cardboard150.jpg,,,,,,,,
trashnet_train_paper298.jpg,TrashNet,image_classification,train,PaperCardboard,paper,trashnet-master/trashnet-master/data/filtered_6class/train/PaperCardboard/paper298.jpg,,trashnet-master/trashnet-master/data/dataset-resized/paper/paper298.jpg,,,,,,,,
trashnet_train_paper92.jpg,TrashNet,image_classification,train,PaperCardboard,paper,trashnet-master/trashnet-master/data/filtered_6class/train/PaperCardboard/paper92.jpg,,trashnet-master/trashnet-master/data/dataset-resized/paper/paper92.jpg,,,,,,,,
trashnet_train_cardboard400.jpg,TrashNet,image_classification,train,PaperCardboard,cardboard,trashnet-master/trashnet-master/data/filtered_6class/train/PaperCardboard/cardboard400.jpg,,trashnet-master/trashnet-master/data/dataset-resized/cardboard/cardboard400.jpg,,,,,,,,
trashnet_train_cardboard217.jpg,TrashNet,image_classification,train,PaperCardboard,cardboard,trashnet-master/trashnet-master/data/filtered_6class/train/PaperCardboard/cardboard217.jpg,,trashnet-master/trashnet-master/data/dataset-resized/cardboard/cardboard217.jpg,,,,,,,,
trashnet_train_paper234.jpg,TrashNet,image_classification,train,PaperCardboard,paper,trashnet-master/trashnet-master/data/filtered_6class/train/PaperCardboard/paper234.jpg,,trashnet-master/trashnet-master/data/dataset-resized/paper/paper234.jpg,,,,,,,,
trashnet_train_paper565.jpg,TrashNet,image_classification,train,PaperCardboard,paper,trashnet-master/trashnet-master/data/filtered_6class/train/PaperCardboard/paper565.jpg,,trashnet-master/trashnet-master/data/dataset-resized/paper/paper565.jpg,,,,,,,,
trashnet_train_cardboard285.jpg,TrashNet,image_classification,train,PaperCardboard,cardboard,trashnet-master/trashnet-master/data/filtered_6class/train/PaperCardboard/cardboard285.jpg,,trashnet-master/trashnet-master/data/dataset-resized/cardboard/cardboard285.jpg,,,,,,,,
trashnet_train_cardboard3.jpg,TrashNet,image_classification,train,PaperCardboard,cardboard,trashnet-master/trashnet-master/data/filtered_6class/train/PaperCardboard/cardboard3.jpg,,trashnet-master/trashnet-master/data/dataset-resized/cardboard/cardboard3.jpg,,,,,,,,
trashnet_train_paper249.jpg,TrashNet,image_classification,train,PaperCardboard,paper,trashnet-master/trashnet-master/data/filtered_6class/train/PaperCardboard/paper249.jpg,,trashnet-master/trashnet-master/data/dataset-resized/paper/paper249.jpg,,,,,,,,
trashnet_train_cardboard238.jpg,TrashNet,image_classification,train,PaperCardboard,cardboard,trashnet-master/trashnet-master/data/filtered_6class/train/PaperCardboard/cardboard238.jpg,,trashnet-master/trashnet-master/data/dataset-resized/cardboard/cardboard238.jpg,,,,,,,,
trashnet_train_paper351.jpg,TrashNet,image_classification,train,PaperCardboard,paper,trashnet-master/trashnet-master/data/filtered_6class/train/PaperCardboard/paper351.jpg,,trashnet-master/trashnet-master/data/dataset-resized/paper/paper351.jpg,,,,,,,,
trashnet_train_paper369.jpg,TrashNet,image_classification,train,PaperCardboard,paper,trashnet-master/trashnet-master/data/filtered_6class/train/PaperCardboard/paper369.jpg,,trashnet-master/trashnet-master/data/dataset-resized/paper/paper369.jpg,,,,,,,,
trashnet_train_cardboard227.jpg,TrashNet,image_classification,train,PaperCardboard,cardboard,trashnet-master/trashnet-master/data/filtered_6class/train/PaperCardboard/cardboard227.jpg,,trashnet-master/trashnet-master/data/dataset-resized/cardboard/cardboard227.jpg,,,,,,,,
trashnet_train_paper387.jpg,TrashNet,image_classification,train,PaperCardboard,paper,trashnet-master/trashnet-master/data/filtered_6class/train/PaperCardboard/paper387.jpg,,trashnet-master/trashnet-master/data/dataset-resized/paper/paper387.jpg,,,,,,,,
trashnet_train_cardboard340.jpg,TrashNet,image_classification,train,PaperCardboard,cardboard,trashnet-master/trashnet-master/data/filtered_6class/train/PaperCardboard/cardboard340.jpg,,trashnet-master/trashnet-master/data/dataset-resized/cardboard/cardboard340.jpg,,,,,,,,
trashnet_train_cardboard158.jpg,TrashNet,image_classification,train,PaperCardboard,cardboard,trashnet-master/trashnet-master/data/filtered_6class/train/PaperCardboard/cardboard158.jpg,,trashnet-master/trashnet-master/data/dataset-resized/cardboard/cardboard158.jpg,,,,,,,,
trashnet_train_cardboard75.jpg,TrashNet,image_classification,train,PaperCardboard,cardboard,trashnet-master/trashnet-master/data/filtered_6class/train/PaperCardboard/cardboard75.jpg,,trashnet-master/trashnet-master/data/dataset-resized/cardboard/cardboard75.jpg,,,,,,,,
trashnet_train_cardboard84.jpg,TrashNet,image_classification,train,PaperCardboard,cardboard,trashnet-master/trashnet-master/data/filtered_6class/train/PaperCardboard/cardboard84.jpg,,trashnet-master/trashnet-master/data/dataset-resized/cardboard/cardboard84.jpg,,,,,,,,
trashnet_train_paper87.jpg,TrashNet,image_classification,train,PaperCardboard,paper,trashnet-master/trashnet-master/data/filtered_6class/train/PaperCardboard/paper87.jpg,,trashnet-master/trashnet-master/data/dataset-resized/paper/paper87.jpg,,,,,,,,
trashnet_train_cardboard371.jpg,TrashNet,image_classification,train,PaperCardboard,cardboard,trashnet-master/trashnet-master/data/filtered_6class/train/PaperCardboard/cardboard371.jpg,,trashnet-master/trashnet-master/data/dataset-resized/cardboard/cardboard371.jpg,,,,,,,,
trashnet_train_cardboard393.jpg,TrashNet,image_classification,train,PaperCardboard,cardboard,trashnet-master/trashnet-master/data/filtered_6class/train/PaperCardboard/cardboard393.jpg,,trashnet-master/trashnet-master/data/dataset-resized/cardboard/cardboard393.jpg,,,,,,,,
trashnet_train_paper513.jpg,TrashNet,image_classification,train,PaperCardboard,paper,trashnet-master/trashnet-master/data/filtered_6class/train/PaperCardboard/paper513.jpg,,trashnet-master/trashnet-master/data/dataset-resized/paper/paper513.jpg,,,,,,,,
trashnet_train_cardboard253.jpg,TrashNet,image_classification,train,PaperCardboard,cardboard,trashnet-master/trashnet-master/data/filtered_6class/train/PaperCardboard/cardboard253.jpg,,trashnet-master/trashnet-master/data/dataset-resized/cardboard/cardboard253.jpg,,,,,,,,
trashnet_train_paper303.jpg,TrashNet,image_classification,train,PaperCardboard,paper,trashnet-master/trashnet-master/data/filtered_6class/train/PaperCardboard/paper303.jpg,,trashnet-master/trashnet-master/data/dataset-resized/paper/paper303.jpg,,,,,,,,
trashnet_train_cardboard330.jpg,TrashNet,image_classification,train,PaperCardboard,cardboard,trashnet-master/trashnet-master/data/filtered_6class/train/PaperCardboard/cardboard330.jpg,,trashnet-master/trashnet-master/data/dataset-resized/cardboard/cardboard330.jpg,,,,,,,,
trashnet_train_paper427.jpg,TrashNet,image_classification,train,PaperCardboard,paper,trashnet-master/trashnet-master/data/filtered_6class/train/PaperCardboard/paper427.jpg,,trashnet-master/trashnet-master/data/dataset-resized/paper/paper427.jpg,,,,,,,,
trashnet_train_paper325.jpg,TrashNet,image_classification,train,PaperCardboard,paper,trashnet-master/trashnet-master/data/filtered_6class/train/PaperCardboard/paper325.jpg,,trashnet-master/trashnet-master/data/dataset-resized/paper/paper325.jpg,,,,,,,,
trashnet_train_cardboard52.jpg,TrashNet,image_classification,train,PaperCardboard,cardboard,trashnet-master/trashnet-master/data/filtered_6class/train/PaperCardboard/cardboard52.jpg,,trashnet-master/trashnet-master/data/dataset-resized/cardboard/cardboard52.jpg,,,,,,,,
trashnet_train_paper415.jpg,TrashNet,image_classification,train,PaperCardboard,paper,trashnet-master/trashnet-master/data/filtered_6class/train/PaperCardboard/paper415.jpg,,trashnet-master/trashnet-master/data/dataset-resized/paper/paper415.jpg,,,,,,,,
trashnet_train_paper296.jpg,TrashNet,image_classification,train,PaperCardboard,paper,trashnet-master/trashnet-master/data/filtered_6class/train/PaperCardboard/paper296.jpg,,trashnet-master/trashnet-master/data/dataset-resized/paper/paper296.jpg,,,,,,,,
trashnet_train_cardboard128.jpg,TrashNet,image_classification,train,PaperCardboard,cardboard,trashnet-master/trashnet-master/data/filtered_6class/train/PaperCardboard/cardboard128.jpg,,trashnet-master/trashnet-master/data/dataset-resized/cardboard/cardboard128.jpg,,,,,,,,
trashnet_train_paper49.jpg,TrashNet,image_classification,train,PaperCardboard,paper,trashnet-master/trashnet-master/data/filtered_6class/train/PaperCardboard/paper49.jpg,,trashnet-master/trashnet-master/data/dataset-resized/paper/paper49.jpg,,,,,,,,
trashnet_train_cardboard325.jpg,TrashNet,image_classification,train,PaperCardboard,cardboard,trashnet-master/trashnet-master/data/filtered_6class/train/PaperCardboard/cardboard325.jpg,,trashnet-master/trashnet-master/data/dataset-resized/cardboard/cardboard325.jpg,,,,,,,,
trashnet_train_paper127.jpg,TrashNet,image_classification,train,PaperCardboard,paper,trashnet-master/trashnet-master/data/filtered_6class/train/PaperCardboard/paper127.jpg,,trashnet-master/trashnet-master/data/dataset-resized/paper/paper127.jpg,,,,,,,,
trashnet_train_paper570.jpg,TrashNet,image_classification,train,PaperCardboard,paper,trashnet-master/trashnet-master/data/filtered_6class/train/PaperCardboard/paper570.jpg,,trashnet-master/trashnet-master/data/dataset-resized/paper/paper570.jpg,,,,,,,,
trashnet_train_cardboard270.jpg,TrashNet,image_classification,train,PaperCardboard,cardboard,trashnet-master/trashnet-master/data/filtered_6class/train/PaperCardboard/cardboard270.jpg,,trashnet-master/trashnet-master/data/dataset-resized/cardboard/cardboard270.jpg,,,,,,,,
trashnet_train_cardboard403.jpg,TrashNet,image_classification,train,PaperCardboard,cardboard,trashnet-master/trashnet-master/data/filtered_6class/train/PaperCardboard/cardboard403.jpg,,trashnet-master/trashnet-master/data/dataset-resized/cardboard/cardboard403.jpg,,,,,,,,
trashnet_train_paper238.jpg,TrashNet,image_classification,train,PaperCardboard,paper,trashnet-master/trashnet-master/data/filtered_6class/train/PaperCardboard/paper238.jpg,,trashnet-master/trashnet-master/data/dataset-resized/paper/paper238.jpg,,,,,,,,
trashnet_train_paper339.jpg,TrashNet,image_classification,train,PaperCardboard,paper,trashnet-master/trashnet-master/data/filtered_6class/train/PaperCardboard/paper339.jpg,,trashnet-master/trashnet-master/data/dataset-resized/paper/paper339.jpg,,,,,,,,
trashnet_train_cardboard370.jpg,TrashNet,image_classification,train,PaperCardboard,cardboard,trashnet-master/trashnet-master/data/filtered_6class/train/PaperCardboard/cardboard370.jpg,,trashnet-master/trashnet-master/data/dataset-resized/cardboard/cardboard370.jpg,,,,,,,,
trashnet_train_paper499.jpg,TrashNet,image_classification,train,PaperCardboard,paper,trashnet-master/trashnet-master/data/filtered_6class/train/PaperCardboard/paper499.jpg,,trashnet-master/trashnet-master/data/dataset-resized/paper/paper499.jpg,,,,,,,,
trashnet_train_paper592.jpg,TrashNet,image_classification,train,PaperCardboard,paper,trashnet-master/trashnet-master/data/filtered_6class/train/PaperCardboard/paper592.jpg,,trashnet-master/trashnet-master/data/dataset-resized/paper/paper592.jpg,,,,,,,,
trashnet_train_paper460.jpg,TrashNet,image_classification,train,PaperCardboard,paper,trashnet-master/trashnet-master/data/filtered_6class/train/PaperCardboard/paper460.jpg,,trashnet-master/trashnet-master/data/dataset-resized/paper/paper460.jpg,,,,,,,,
trashnet_train_paper434.jpg,TrashNet,image_classification,train,PaperCardboard,paper,trashnet-master/trashnet-master/data/filtered_6class/train/PaperCardboard/paper434.jpg,,trashnet-master/trashnet-master/data/dataset-resized/paper/paper434.jpg,,,,,,,,
trashnet_train_cardboard155.jpg,TrashNet,image_classification,train,PaperCardboard,cardboard,trashnet-master/trashnet-master/data/filtered_6class/train/PaperCardboard/cardboard155.jpg,,trashnet-master/trashnet-master/data/dataset-resized/cardboard/cardboard155.jpg,,,,,,,,
trashnet_train_cardboard68.jpg,TrashNet,image_classification,train,PaperCardboard,cardboard,trashnet-master/trashnet-master/data/filtered_6class/train/PaperCardboard/cardboard68.jpg,,trashnet-master/trashnet-master/data/dataset-resized/cardboard/cardboard68.jpg,,,,,,,,
trashnet_train_cardboard260.jpg,TrashNet,image_classification,train,PaperCardboard,cardboard,trashnet-master/trashnet-master/data/filtered_6class/train/PaperCardboard/cardboard260.jpg,,trashnet-master/trashnet-master/data/dataset-resized/cardboard/cardboard260.jpg,,,,,,,,
trashnet_train_paper200.jpg,TrashNet,image_classification,train,PaperCardboard,paper,trashnet-master/trashnet-master/data/filtered_6class/train/PaperCardboard/paper200.jpg,,trashnet-master/trashnet-master/data/dataset-resized/paper/paper200.jpg,,,,,,,,
trashnet_train_paper330.jpg,TrashNet,image_classification,train,PaperCardboard,paper,trashnet-master/trashnet-master/data/filtered_6class/train/PaperCardboard/paper330.jpg,,trashnet-master/trashnet-master/data/dataset-resized/paper/paper330.jpg,,,,,,,,
trashnet_train_cardboard113.jpg,TrashNet,image_classification,train,PaperCardboard,cardboard,trashnet-master/trashnet-master/data/filtered_6class/train/PaperCardboard/cardboard113.jpg,,trashnet-master/trashnet-master/data/dataset-resized/cardboard/cardboard113.jpg,,,,,,,,
trashnet_train_cardboard347.jpg,TrashNet,image_classification,train,PaperCardboard,cardboard,trashnet-master/trashnet-master/data/filtered_6class/train/PaperCardboard/cardboard347.jpg,,trashnet-master/trashnet-master/data/dataset-resized/cardboard/cardboard347.jpg,,,,,,,,
trashnet_train_paper372.jpg,TrashNet,image_classification,train,PaperCardboard,paper,trashnet-master/trashnet-master/data/filtered_6class/train/PaperCardboard/paper372.jpg,,trashnet-master/trashnet-master/data/dataset-resized/paper/paper372.jpg,,,,,,,,
trashnet_train_paper335.jpg,TrashNet,image_classification,train,PaperCardboard,paper,trashnet-master/trashnet-master/data/filtered_6class/train/PaperCardboard/paper335.jpg,,trashnet-master/trashnet-master/data/dataset-resized/paper/paper335.jpg,,,,,,,,
trashnet_train_cardboard385.jpg,TrashNet,image_classification,train,PaperCardboard,cardboard,trashnet-master/trashnet-master/data/filtered_6class/train/PaperCardboard/cardboard385.jpg,,trashnet-master/trashnet-master/data/dataset-resized/cardboard/cardboard385.jpg,,,,,,,,
trashnet_train_paper458.jpg,TrashNet,image_classification,train,PaperCardboard,paper,trashnet-master/trashnet-master/data/filtered_6class/train/PaperCardboard/paper458.jpg,,trashnet-master/trashnet-master/data/dataset-resized/paper/paper458.jpg,,,,,,,,
trashnet_train_paper305.jpg,TrashNet,image_classification,train,PaperCardboard,paper,trashnet-master/trashnet-master/data/filtered_6class/train/PaperCardboard/paper305.jpg,,trashnet-master/trashnet-master/data/dataset-resized/paper/paper305.jpg,,,,,,,,
trashnet_train_paper538.jpg,TrashNet,image_classification,train,PaperCardboard,paper,trashnet-master/trashnet-master/data/filtered_6class/train/PaperCardboard/paper538.jpg,,trashnet-master/trashnet-master/data/dataset-resized/paper/paper538.jpg,,,,,,,,
trashnet_train_paper158.jpg,TrashNet,image_classification,train,PaperCardboard,paper,trashnet-master/trashnet-master/data/filtered_6class/train/PaperCardboard/paper158.jpg,,trashnet-master/trashnet-master/data/dataset-resized/paper/paper158.jpg,,,,,,,,
trashnet_train_cardboard316.jpg,TrashNet,image_classification,train,PaperCardboard,cardboard,trashnet-master/trashnet-master/data/filtered_6class/train/PaperCardboard/cardboard316.jpg,,trashnet-master/trashnet-master/data/dataset-resized/cardboard/cardboard316.jpg,,,,,,,,
trashnet_train_paper488.jpg,TrashNet,image_classification,train,PaperCardboard,paper,trashnet-master/trashnet-master/data/filtered_6class/train/PaperCardboard/paper488.jpg,,trashnet-master/trashnet-master/data/dataset-resized/paper/paper488.jpg,,,,,,,,
trashnet_train_cardboard297.jpg,TrashNet,image_classification,train,PaperCardboard,cardboard,trashnet-master/trashnet-master/data/filtered_6class/train/PaperCardboard/cardboard297.jpg,,trashnet-master/trashnet-master/data/dataset-resized/cardboard/cardboard297.jpg,,,,,,,,
trashnet_train_paper147.jpg,TrashNet,image_classification,train,PaperCardboard,paper,trashnet-master/trashnet-master/data/filtered_6class/train/PaperCardboard/paper147.jpg,,trashnet-master/trashnet-master/data/dataset-resized/paper/paper147.jpg,,,,,,,,
trashnet_train_cardboard237.jpg,TrashNet,image_classification,train,PaperCardboard,cardboard,trashnet-master/trashnet-master/data/filtered_6class/train/PaperCardboard/cardboard237.jpg,,trashnet-master/trashnet-master/data/dataset-resized/cardboard/cardboard237.jpg,,,,,,,,
trashnet_train_paper574.jpg,TrashNet,image_classification,train,PaperCardboard,paper,trashnet-master/trashnet-master/data/filtered_6class/train/PaperCardboard/paper574.jpg,,trashnet-master/trashnet-master/data/dataset-resized/paper/paper574.jpg,,,,,,,,
trashnet_train_paper113.jpg,TrashNet,image_classification,train,PaperCardboard,paper,trashnet-master/trashnet-master/data/filtered_6class/train/PaperCardboard/paper113.jpg,,trashnet-master/trashnet-master/data/dataset-resized/paper/paper113.jpg,,,,,,,,
trashnet_train_cardboard94.jpg,TrashNet,image_classification,train,PaperCardboard,cardboard,trashnet-master/trashnet-master/data/filtered_6class/train/PaperCardboard/cardboard94.jpg,,trashnet-master/trashnet-master/data/dataset-resized/cardboard/cardboard94.jpg,,,,,,,,
trashnet_train_paper318.jpg,TrashNet,image_classification,train,PaperCardboard,paper,trashnet-master/trashnet-master/data/filtered_6class/train/PaperCardboard/paper318.jpg,,trashnet-master/trashnet-master/data/dataset-resized/paper/paper318.jpg,,,,,,,,
trashnet_train_paper429.jpg,TrashNet,image_classification,train,PaperCardboard,paper,trashnet-master/trashnet-master/data/filtered_6class/train/PaperCardboard/paper429.jpg,,trashnet-master/trashnet-master/data/dataset-resized/paper/paper429.jpg,,,,,,,,
trashnet_train_cardboard244.jpg,TrashNet,image_classification,train,PaperCardboard,cardboard,trashnet-master/trashnet-master/data/filtered_6class/train/PaperCardboard/cardboard244.jpg,,trashnet-master/trashnet-master/data/dataset-resized/cardboard/cardboard244.jpg,,,,,,,,
trashnet_train_cardboard222.jpg,TrashNet,image_classification,train,PaperCardboard,cardboard,trashnet-master/trashnet-master/data/filtered_6class/train/PaperCardboard/cardboard222.jpg,,trashnet-master/trashnet-master/data/dataset-resized/cardboard/cardboard222.jpg,,,,,,,,
trashnet_train_cardboard42.jpg,TrashNet,image_classification,train,PaperCardboard,cardboard,trashnet-master/trashnet-master/data/filtered_6class/train/PaperCardboard/cardboard42.jpg,,trashnet-master/trashnet-master/data/dataset-resized/cardboard/cardboard42.jpg,,,,,,,,
trashnet_train_paper20.jpg,TrashNet,image_classification,train,PaperCardboard,paper,trashnet-master/trashnet-master/data/filtered_6class/train/PaperCardboard/paper20.jpg,,trashnet-master/trashnet-master/data/dataset-resized/paper/paper20.jpg,,,,,,,,
trashnet_train_paper26.jpg,TrashNet,image_classification,train,PaperCardboard,paper,trashnet-master/trashnet-master/data/filtered_6class/train/PaperCardboard/paper26.jpg,,trashnet-master/trashnet-master/data/dataset-resized/paper/paper26.jpg,,,,,,,,
trashnet_train_cardboard226.jpg,TrashNet,image_classification,train,PaperCardboard,cardboard,trashnet-master/trashnet-master/data/filtered_6class/train/PaperCardboard/cardboard226.jpg,,trashnet-master/trashnet-master/data/dataset-resized/cardboard/cardboard226.jpg,,,,,,,,
trashnet_train_paper219.jpg,TrashNet,image_classification,train,PaperCardboard,paper,trashnet-master/trashnet-master/data/filtered_6class/train/PaperCardboard/paper219.jpg,,trashnet-master/trashnet-master/data/dataset-resized/paper/paper219.jpg,,,,,,,,
trashnet_train_cardboard73.jpg,TrashNet,image_classification,train,PaperCardboard,cardboard,trashnet-master/trashnet-master/data/filtered_6class/train/PaperCardboard/cardboard73.jpg,,trashnet-master/trashnet-master/data/dataset-resized/cardboard/cardboard73.jpg,,,,,,,,
trashnet_train_paper354.jpg,TrashNet,image_classification,train,PaperCardboard,paper,trashnet-master/trashnet-master/data/filtered_6class/train/PaperCardboard/paper354.jpg,,trashnet-master/trashnet-master/data/dataset-resized/paper/paper354.jpg,,,,,,,,
trashnet_train_cardboard288.jpg,TrashNet,image_classification,train,PaperCardboard,cardboard,trashnet-master/trashnet-master/data/filtered_6class/train/PaperCardboard/cardboard288.jpg,,trashnet-master/trashnet-master/data/dataset-resized/cardboard/cardboard288.jpg,,,,,,,,
trashnet_train_paper235.jpg,TrashNet,image_classification,train,PaperCardboard,paper,trashnet-master/trashnet-master/data/filtered_6class/train/PaperCardboard/paper235.jpg,,trashnet-master/trashnet-master/data/dataset-resized/paper/paper235.jpg,,,,,,,,
trashnet_train_cardboard230.jpg,TrashNet,image_classification,train,PaperCardboard,cardboard,trashnet-master/trashnet-master/data/filtered_6class/train/PaperCardboard/cardboard230.jpg,,trashnet-master/trashnet-master/data/dataset-resized/cardboard/cardboard230.jpg,,,,,,,,
trashnet_train_paper313.jpg,TrashNet,image_classification,train,PaperCardboard,paper,trashnet-master/trashnet-master/data/filtered_6class/train/PaperCardboard/paper313.jpg,,trashnet-master/trashnet-master/data/dataset-resized/paper/paper313.jpg,,,,,,,,
trashnet_train_paper299.jpg,TrashNet,image_classification,train,PaperCardboard,paper,trashnet-master/trashnet-master/data/filtered_6class/train/PaperCardboard/paper299.jpg,,trashnet-master/trashnet-master/data/dataset-resized/paper/paper299.jpg,,,,,,,,
trashnet_train_paper290.jpg,TrashNet,image_classification,train,PaperCardboard,paper,trashnet-master/trashnet-master/data/filtered_6class/train/PaperCardboard/paper290.jpg,,trashnet-master/trashnet-master/data/dataset-resized/paper/paper290.jpg,,,,,,,,
trashnet_train_cardboard221.jpg,TrashNet,image_classification,train,PaperCardboard,cardboard,trashnet-master/trashnet-master/data/filtered_6class/train/PaperCardboard/cardboard221.jpg,,trashnet-master/trashnet-master/data/dataset-resized/cardboard/cardboard221.jpg,,,,,,,,
trashnet_train_paper289.jpg,TrashNet,image_classification,train,PaperCardboard,paper,trashnet-master/trashnet-master/data/filtered_6class/train/PaperCardboard/paper289.jpg,,trashnet-master/trashnet-master/data/dataset-resized/paper/paper289.jpg,,,,,,,,
trashnet_train_paper214.jpg,TrashNet,image_classification,train,PaperCardboard,paper,trashnet-master/trashnet-master/data/filtered_6class/train/PaperCardboard/paper214.jpg,,trashnet-master/trashnet-master/data/dataset-resized/paper/paper214.jpg,,,,,,,,
trashnet_train_cardboard303.jpg,TrashNet,image_classification,train,PaperCardboard,cardboard,trashnet-master/trashnet-master/data/filtered_6class/train/PaperCardboard/cardboard303.jpg,,trashnet-master/trashnet-master/data/dataset-resized/cardboard/cardboard303.jpg,,,,,,,,
trashnet_train_cardboard376.jpg,TrashNet,image_classification,train,PaperCardboard,cardboard,trashnet-master/trashnet-master/data/filtered_6class/train/PaperCardboard/cardboard376.jpg,,trashnet-master/trashnet-master/data/dataset-resized/cardboard/cardboard376.jpg,,,,,,,,
trashnet_train_paper145.jpg,TrashNet,image_classification,train,PaperCardboard,paper,trashnet-master/trashnet-master/data/filtered_6class/train/PaperCardboard/paper145.jpg,,trashnet-master/trashnet-master/data/dataset-resized/paper/paper145.jpg,,,,,,,,
trashnet_train_cardboard399.jpg,TrashNet,image_classification,train,PaperCardboard,cardboard,trashnet-master/trashnet-master/data/filtered_6class/train/PaperCardboard/cardboard399.jpg,,trashnet-master/trashnet-master/data/dataset-resized/cardboard/cardboard399.jpg,,,,,,,,
trashnet_train_paper295.jpg,TrashNet,image_classification,train,PaperCardboard,paper,trashnet-master/trashnet-master/data/filtered_6class/train/PaperCardboard/paper295.jpg,,trashnet-master/trashnet-master/data/dataset-resized/paper/paper295.jpg,,,,,,,,
trashnet_train_cardboard38.jpg,TrashNet,image_classification,train,PaperCardboard,cardboard,trashnet-master/trashnet-master/data/filtered_6class/train/PaperCardboard/cardboard38.jpg,,trashnet-master/trashnet-master/data/dataset-resized/cardboard/cardboard38.jpg,,,,,,,,
trashnet_train_cardboard104.jpg,TrashNet,image_classification,train,PaperCardboard,cardboard,trashnet-master/trashnet-master/data/filtered_6class/train/PaperCardboard/cardboard104.jpg,,trashnet-master/trashnet-master/data/dataset-resized/cardboard/cardboard104.jpg,,,,,,,,
trashnet_train_paper211.jpg,TrashNet,image_classification,train,PaperCardboard,paper,trashnet-master/trashnet-master/data/filtered_6class/train/PaperCardboard/paper211.jpg,,trashnet-master/trashnet-master/data/dataset-resized/paper/paper211.jpg,,,,,,,,
trashnet_train_cardboard143.jpg,TrashNet,image_classification,train,PaperCardboard,cardboard,trashnet-master/trashnet-master/data/filtered_6class/train/PaperCardboard/cardboard143.jpg,,trashnet-master/trashnet-master/data/dataset-resized/cardboard/cardboard143.jpg,,,,,,,,
trashnet_train_cardboard87.jpg,TrashNet,image_classification,train,PaperCardboard,cardboard,trashnet-master/trashnet-master/data/filtered_6class/train/PaperCardboard/cardboard87.jpg,,trashnet-master/trashnet-master/data/dataset-resized/cardboard/cardboard87.jpg,,,,,,,,
trashnet_train_cardboard286.jpg,TrashNet,image_classification,train,PaperCardboard,cardboard,trashnet-master/trashnet-master/data/filtered_6class/train/PaperCardboard/cardboard286.jpg,,trashnet-master/trashnet-master/data/dataset-resized/cardboard/cardboard286.jpg,,,,,,,,
trashnet_train_paper155.jpg,TrashNet,image_classification,train,PaperCardboard,paper,trashnet-master/trashnet-master/data/filtered_6class/train/PaperCardboard/paper155.jpg,,trashnet-master/trashnet-master/data/dataset-resized/paper/paper155.jpg,,,,,,,,
trashnet_train_cardboard159.jpg,TrashNet,image_classification,train,PaperCardboard,cardboard,trashnet-master/trashnet-master/data/filtered_6class/train/PaperCardboard/cardboard159.jpg,,trashnet-master/trashnet-master/data/dataset-resized/cardboard/cardboard159.jpg,,,,,,,,
trashnet_train_paper438.jpg,TrashNet,image_classification,train,PaperCardboard,paper,trashnet-master/trashnet-master/data/filtered_6class/train/PaperCardboard/paper438.jpg,,trashnet-master/trashnet-master/data/dataset-resized/paper/paper438.jpg,,,,,,,,
trashnet_train_paper74.jpg,TrashNet,image_classification,train,PaperCardboard,paper,trashnet-master/trashnet-master/data/filtered_6class/train/PaperCardboard/paper74.jpg,,trashnet-master/trashnet-master/data/dataset-resized/paper/paper74.jpg,,,,,,,,
trashnet_train_paper433.jpg,TrashNet,image_classification,train,PaperCardboard,paper,trashnet-master/trashnet-master/data/filtered_6class/train/PaperCardboard/paper433.jpg,,trashnet-master/trashnet-master/data/dataset-resized/paper/paper433.jpg,,,,,,,,
trashnet_train_paper316.jpg,TrashNet,image_classification,train,PaperCardboard,paper,trashnet-master/trashnet-master/data/filtered_6class/train/PaperCardboard/paper316.jpg,,trashnet-master/trashnet-master/data/dataset-resized/paper/paper316.jpg,,,,,,,,
trashnet_train_paper509.jpg,TrashNet,image_classification,train,PaperCardboard,paper,trashnet-master/trashnet-master/data/filtered_6class/train/PaperCardboard/paper509.jpg,,trashnet-master/trashnet-master/data/dataset-resized/paper/paper509.jpg,,,,,,,,
trashnet_train_cardboard210.jpg,TrashNet,image_classification,train,PaperCardboard,cardboard,trashnet-master/trashnet-master/data/filtered_6class/train/PaperCardboard/cardboard210.jpg,,trashnet-master/trashnet-master/data/dataset-resized/cardboard/cardboard210.jpg,,,,,,,,
trashnet_train_paper3.jpg,TrashNet,image_classification,train,PaperCardboard,paper,trashnet-master/trashnet-master/data/filtered_6class/train/PaperCardboard/paper3.jpg,,trashnet-master/trashnet-master/data/dataset-resized/paper/paper3.jpg,,,,,,,,
trashnet_train_paper79.jpg,TrashNet,image_classification,train,PaperCardboard,paper,trashnet-master/trashnet-master/data/filtered_6class/train/PaperCardboard/paper79.jpg,,trashnet-master/trashnet-master/data/dataset-resized/paper/paper79.jpg,,,,,,,,
trashnet_train_paper129.jpg,TrashNet,image_classification,train,PaperCardboard,paper,trashnet-master/trashnet-master/data/filtered_6class/train/PaperCardboard/paper129.jpg,,trashnet-master/trashnet-master/data/dataset-resized/paper/paper129.jpg,,,,,,,,
trashnet_train_paper357.jpg,TrashNet,image_classification,train,PaperCardboard,paper,trashnet-master/trashnet-master/data/filtered_6class/train/PaperCardboard/paper357.jpg,,trashnet-master/trashnet-master/data/dataset-resized/paper/paper357.jpg,,,,,,,,
trashnet_train_cardboard319.jpg,TrashNet,image_classification,train,PaperCardboard,cardboard,trashnet-master/trashnet-master/data/filtered_6class/train/PaperCardboard/cardboard319.jpg,,trashnet-master/trashnet-master/data/dataset-resized/cardboard/cardboard319.jpg,,,,,,,,
trashnet_train_cardboard281.jpg,TrashNet,image_classification,train,PaperCardboard,cardboard,trashnet-master/trashnet-master/data/filtered_6class/train/PaperCardboard/cardboard281.jpg,,trashnet-master/trashnet-master/data/dataset-resized/cardboard/cardboard281.jpg,,,,,,,,
trashnet_train_paper190.jpg,TrashNet,image_classification,train,PaperCardboard,paper,trashnet-master/trashnet-master/data/filtered_6class/train/PaperCardboard/paper190.jpg,,trashnet-master/trashnet-master/data/dataset-resized/paper/paper190.jpg,,,,,,,,
trashnet_train_cardboard291.jpg,TrashNet,image_classification,train,PaperCardboard,cardboard,trashnet-master/trashnet-master/data/filtered_6class/train/PaperCardboard/cardboard291.jpg,,trashnet-master/trashnet-master/data/dataset-resized/cardboard/cardboard291.jpg,,,,,,,,
trashnet_train_cardboard24.jpg,TrashNet,image_classification,train,PaperCardboard,cardboard,trashnet-master/trashnet-master/data/filtered_6class/train/PaperCardboard/cardboard24.jpg,,trashnet-master/trashnet-master/data/dataset-resized/cardboard/cardboard24.jpg,,,,,,,,
trashnet_train_paper486.jpg,TrashNet,image_classification,train,PaperCardboard,paper,trashnet-master/trashnet-master/data/filtered_6class/train/PaperCardboard/paper486.jpg,,trashnet-master/trashnet-master/data/dataset-resized/paper/paper486.jpg,,,,,,,,
trashnet_train_paper62.jpg,TrashNet,image_classification,train,PaperCardboard,paper,trashnet-master/trashnet-master/data/filtered_6class/train/PaperCardboard/paper62.jpg,,trashnet-master/trashnet-master/data/dataset-resized/paper/paper62.jpg,,,,,,,,
trashnet_train_paper440.jpg,TrashNet,image_classification,train,PaperCardboard,paper,trashnet-master/trashnet-master/data/filtered_6class/train/PaperCardboard/paper440.jpg,,trashnet-master/trashnet-master/data/dataset-resized/paper/paper440.jpg,,,,,,,,
trashnet_train_cardboard93.jpg,TrashNet,image_classification,train,PaperCardboard,cardboard,trashnet-master/trashnet-master/data/filtered_6class/train/PaperCardboard/cardboard93.jpg,,trashnet-master/trashnet-master/data/dataset-resized/cardboard/cardboard93.jpg,,,,,,,,
trashnet_train_paper457.jpg,TrashNet,image_classification,train,PaperCardboard,paper,trashnet-master/trashnet-master/data/filtered_6class/train/PaperCardboard/paper457.jpg,,trashnet-master/trashnet-master/data/dataset-resized/paper/paper457.jpg,,,,,,,,
trashnet_train_paper223.jpg,TrashNet,image_classification,train,PaperCardboard,paper,trashnet-master/trashnet-master/data/filtered_6class/train/PaperCardboard/paper223.jpg,,trashnet-master/trashnet-master/data/dataset-resized/paper/paper223.jpg,,,,,,,,
trashnet_train_paper6.jpg,TrashNet,image_classification,train,PaperCardboard,paper,trashnet-master/trashnet-master/data/filtered_6class/train/PaperCardboard/paper6.jpg,,trashnet-master/trashnet-master/data/dataset-resized/paper/paper6.jpg,,,,,,,,
trashnet_train_cardboard220.jpg,TrashNet,image_classification,train,PaperCardboard,cardboard,trashnet-master/trashnet-master/data/filtered_6class/train/PaperCardboard/cardboard220.jpg,,trashnet-master/trashnet-master/data/dataset-resized/cardboard/cardboard220.jpg,,,,,,,,
trashnet_train_cardboard14.jpg,TrashNet,image_classification,train,PaperCardboard,cardboard,trashnet-master/trashnet-master/data/filtered_6class/train/PaperCardboard/cardboard14.jpg,,trashnet-master/trashnet-master/data/dataset-resized/cardboard/cardboard14.jpg,,,,,,,,
trashnet_train_cardboard356.jpg,TrashNet,image_classification,train,PaperCardboard,cardboard,trashnet-master/trashnet-master/data/filtered_6class/train/PaperCardboard/cardboard356.jpg,,trashnet-master/trashnet-master/data/dataset-resized/cardboard/cardboard356.jpg,,,,,,,,
trashnet_train_paper553.jpg,TrashNet,image_classification,train,PaperCardboard,paper,trashnet-master/trashnet-master/data/filtered_6class/train/PaperCardboard/paper553.jpg,,trashnet-master/trashnet-master/data/dataset-resized/paper/paper553.jpg,,,,,,,,
trashnet_train_cardboard58.jpg,TrashNet,image_classification,train,PaperCardboard,cardboard,trashnet-master/trashnet-master/data/filtered_6class/train/PaperCardboard/cardboard58.jpg,,trashnet-master/trashnet-master/data/dataset-resized/cardboard/cardboard58.jpg,,,,,,,,
trashnet_train_paper133.jpg,TrashNet,image_classification,train,PaperCardboard,paper,trashnet-master/trashnet-master/data/filtered_6class/train/PaperCardboard/paper133.jpg,,trashnet-master/trashnet-master/data/dataset-resized/paper/paper133.jpg,,,,,,,,
trashnet_train_paper140.jpg,TrashNet,image_classification,train,PaperCardboard,paper,trashnet-master/trashnet-master/data/filtered_6class/train/PaperCardboard/paper140.jpg,,trashnet-master/trashnet-master/data/dataset-resized/paper/paper140.jpg,,,,,,,,
trashnet_train_paper228.jpg,TrashNet,image_classification,train,PaperCardboard,paper,trashnet-master/trashnet-master/data/filtered_6class/train/PaperCardboard/paper228.jpg,,trashnet-master/trashnet-master/data/dataset-resized/paper/paper228.jpg,,,,,,,,
trashnet_train_paper206.jpg,TrashNet,image_classification,train,PaperCardboard,paper,trashnet-master/trashnet-master/data/filtered_6class/train/PaperCardboard/paper206.jpg,,trashnet-master/trashnet-master/data/dataset-resized/paper/paper206.jpg,,,,,,,,
trashnet_train_cardboard377.jpg,TrashNet,image_classification,train,PaperCardboard,cardboard,trashnet-master/trashnet-master/data/filtered_6class/train/PaperCardboard/cardboard377.jpg,,trashnet-master/trashnet-master/data/dataset-resized/cardboard/cardboard377.jpg,,,,,,,,
trashnet_train_cardboard166.jpg,TrashNet,image_classification,train,PaperCardboard,cardboard,trashnet-master/trashnet-master/data/filtered_6class/train/PaperCardboard/cardboard166.jpg,,trashnet-master/trashnet-master/data/dataset-resized/cardboard/cardboard166.jpg,,,,,,,,
trashnet_train_paper527.jpg,TrashNet,image_classification,train,PaperCardboard,paper,trashnet-master/trashnet-master/data/filtered_6class/train/PaperCardboard/paper527.jpg,,trashnet-master/trashnet-master/data/dataset-resized/paper/paper527.jpg,,,,,,,,
trashnet_train_paper157.jpg,TrashNet,image_classification,train,PaperCardboard,paper,trashnet-master/trashnet-master/data/filtered_6class/train/PaperCardboard/paper157.jpg,,trashnet-master/trashnet-master/data/dataset-resized/paper/paper157.jpg,,,,,,,,
trashnet_train_paper302.jpg,TrashNet,image_classification,train,PaperCardboard,paper,trashnet-master/trashnet-master/data/filtered_6class/train/PaperCardboard/paper302.jpg,,trashnet-master/trashnet-master/data/dataset-resized/paper/paper302.jpg,,,,,,,,
trashnet_train_paper400.jpg,TrashNet,image_classification,train,PaperCardboard,paper,trashnet-master/trashnet-master/data/filtered_6class/train/PaperCardboard/paper400.jpg,,trashnet-master/trashnet-master/data/dataset-resized/paper/paper400.jpg,,,,,,,,
trashnet_train_paper81.jpg,TrashNet,image_classification,train,PaperCardboard,paper,trashnet-master/trashnet-master/data/filtered_6class/train/PaperCardboard/paper81.jpg,,trashnet-master/trashnet-master/data/dataset-resized/paper/paper81.jpg,,,,,,,,
trashnet_train_paper121.jpg,TrashNet,image_classification,train,PaperCardboard,paper,trashnet-master/trashnet-master/data/filtered_6class/train/PaperCardboard/paper121.jpg,,trashnet-master/trashnet-master/data/dataset-resized/paper/paper121.jpg,,,,,,,,
trashnet_train_paper533.jpg,TrashNet,image_classification,train,PaperCardboard,paper,trashnet-master/trashnet-master/data/filtered_6class/train/PaperCardboard/paper533.jpg,,trashnet-master/trashnet-master/data/dataset-resized/paper/paper533.jpg,,,,,,,,
trashnet_train_cardboard339.jpg,TrashNet,image_classification,train,PaperCardboard,cardboard,trashnet-master/trashnet-master/data/filtered_6class/train/PaperCardboard/cardboard339.jpg,,trashnet-master/trashnet-master/data/dataset-resized/cardboard/cardboard339.jpg,,,,,,,,
trashnet_train_paper199.jpg,TrashNet,image_classification,train,PaperCardboard,paper,trashnet-master/trashnet-master/data/filtered_6class/train/PaperCardboard/paper199.jpg,,trashnet-master/trashnet-master/data/dataset-resized/paper/paper199.jpg,,,,,,,,
trashnet_train_paper441.jpg,TrashNet,image_classification,train,PaperCardboard,paper,trashnet-master/trashnet-master/data/filtered_6class/train/PaperCardboard/paper441.jpg,,trashnet-master/trashnet-master/data/dataset-resized/paper/paper441.jpg,,,,,,,,
trashnet_train_cardboard160.jpg,TrashNet,image_classification,train,PaperCardboard,cardboard,trashnet-master/trashnet-master/data/filtered_6class/train/PaperCardboard/cardboard160.jpg,,trashnet-master/trashnet-master/data/dataset-resized/cardboard/cardboard160.jpg,,,,,,,,
trashnet_train_paper340.jpg,TrashNet,image_classification,train,PaperCardboard,paper,trashnet-master/trashnet-master/data/filtered_6class/train/PaperCardboard/paper340.jpg,,trashnet-master/trashnet-master/data/dataset-resized/paper/paper340.jpg,,,,,,,,
trashnet_train_paper439.jpg,TrashNet,image_classification,train,PaperCardboard,paper,trashnet-master/trashnet-master/data/filtered_6class/train/PaperCardboard/paper439.jpg,,trashnet-master/trashnet-master/data/dataset-resized/paper/paper439.jpg,,,,,,,,
trashnet_train_cardboard360.jpg,TrashNet,image_classification,train,PaperCardboard,cardboard,trashnet-master/trashnet-master/data/filtered_6class/train/PaperCardboard/cardboard360.jpg,,trashnet-master/trashnet-master/data/dataset-resized/cardboard/cardboard360.jpg,,,,,,,,
trashnet_train_paper212.jpg,TrashNet,image_classification,train,PaperCardboard,paper,trashnet-master/trashnet-master/data/filtered_6class/train/PaperCardboard/paper212.jpg,,trashnet-master/trashnet-master/data/dataset-resized/paper/paper212.jpg,,,,,,,,
trashnet_train_paper594.jpg,TrashNet,image_classification,train,PaperCardboard,paper,trashnet-master/trashnet-master/data/filtered_6class/train/PaperCardboard/paper594.jpg,,trashnet-master/trashnet-master/data/dataset-resized/paper/paper594.jpg,,,,,,,,
trashnet_train_cardboard89.jpg,TrashNet,image_classification,train,PaperCardboard,cardboard,trashnet-master/trashnet-master/data/filtered_6class/train/PaperCardboard/cardboard89.jpg,,trashnet-master/trashnet-master/data/dataset-resized/cardboard/cardboard89.jpg,,,,,,,,
trashnet_train_cardboard320.jpg,TrashNet,image_classification,train,PaperCardboard,cardboard,trashnet-master/trashnet-master/data/filtered_6class/train/PaperCardboard/cardboard320.jpg,,trashnet-master/trashnet-master/data/dataset-resized/cardboard/cardboard320.jpg,,,,,,,,
trashnet_train_paper463.jpg,TrashNet,image_classification,train,PaperCardboard,paper,trashnet-master/trashnet-master/data/filtered_6class/train/PaperCardboard/paper463.jpg,,trashnet-master/trashnet-master/data/dataset-resized/paper/paper463.jpg,,,,,,,,
trashnet_train_cardboard132.jpg,TrashNet,image_classification,train,PaperCardboard,cardboard,trashnet-master/trashnet-master/data/filtered_6class/train/PaperCardboard/cardboard132.jpg,,trashnet-master/trashnet-master/data/dataset-resized/cardboard/cardboard132.jpg,,,,,,,,
trashnet_train_cardboard327.jpg,TrashNet,image_classification,train,PaperCardboard,cardboard,trashnet-master/trashnet-master/data/filtered_6class/train/PaperCardboard/cardboard327.jpg,,trashnet-master/trashnet-master/data/dataset-resized/cardboard/cardboard327.jpg,,,,,,,,
trashnet_train_paper78.jpg,TrashNet,image_classification,train,PaperCardboard,paper,trashnet-master/trashnet-master/data/filtered_6class/train/PaperCardboard/paper78.jpg,,trashnet-master/trashnet-master/data/dataset-resized/paper/paper78.jpg,,,,,,,,
trashnet_train_paper465.jpg,TrashNet,image_classification,train,PaperCardboard,paper,trashnet-master/trashnet-master/data/filtered_6class/train/PaperCardboard/paper465.jpg,,trashnet-master/trashnet-master/data/dataset-resized/paper/paper465.jpg,,,,,,,,
trashnet_train_paper307.jpg,TrashNet,image_classification,train,PaperCardboard,paper,trashnet-master/trashnet-master/data/filtered_6class/train/PaperCardboard/paper307.jpg,,trashnet-master/trashnet-master/data/dataset-resized/paper/paper307.jpg,,,,,,,,
trashnet_train_paper229.jpg,TrashNet,image_classification,train,PaperCardboard,paper,trashnet-master/trashnet-master/data/filtered_6class/train/PaperCardboard/paper229.jpg,,trashnet-master/trashnet-master/data/dataset-resized/paper/paper229.jpg,,,,,,,,
trashnet_train_paper169.jpg,TrashNet,image_classification,train,PaperCardboard,paper,trashnet-master/trashnet-master/data/filtered_6class/train/PaperCardboard/paper169.jpg,,trashnet-master/trashnet-master/data/dataset-resized/paper/paper169.jpg,,,,,,,,
trashnet_train_cardboard6.jpg,TrashNet,image_classification,train,PaperCardboard,cardboard,trashnet-master/trashnet-master/data/filtered_6class/train/PaperCardboard/cardboard6.jpg,,trashnet-master/trashnet-master/data/dataset-resized/cardboard/cardboard6.jpg,,,,,,,,
trashnet_train_cardboard8.jpg,TrashNet,image_classification,train,PaperCardboard,cardboard,trashnet-master/trashnet-master/data/filtered_6class/train/PaperCardboard/cardboard8.jpg,,trashnet-master/trashnet-master/data/dataset-resized/cardboard/cardboard8.jpg,,,,,,,,
trashnet_train_cardboard236.jpg,TrashNet,image_classification,train,PaperCardboard,cardboard,trashnet-master/trashnet-master/data/filtered_6class/train/PaperCardboard/cardboard236.jpg,,trashnet-master/trashnet-master/data/dataset-resized/cardboard/cardboard236.jpg,,,,,,,,
trashnet_train_cardboard131.jpg,TrashNet,image_classification,train,PaperCardboard,cardboard,trashnet-master/trashnet-master/data/filtered_6class/train/PaperCardboard/cardboard131.jpg,,trashnet-master/trashnet-master/data/dataset-resized/cardboard/cardboard131.jpg,,,,,,,,
trashnet_train_paper543.jpg,TrashNet,image_classification,train,PaperCardboard,paper,trashnet-master/trashnet-master/data/filtered_6class/train/PaperCardboard/paper543.jpg,,trashnet-master/trashnet-master/data/dataset-resized/paper/paper543.jpg,,,,,,,,
trashnet_train_paper336.jpg,TrashNet,image_classification,train,PaperCardboard,paper,trashnet-master/trashnet-master/data/filtered_6class/train/PaperCardboard/paper336.jpg,,trashnet-master/trashnet-master/data/dataset-resized/paper/paper336.jpg,,,,,,,,
trashnet_train_paper250.jpg,TrashNet,image_classification,train,PaperCardboard,paper,trashnet-master/trashnet-master/data/filtered_6class/train/PaperCardboard/paper250.jpg,,trashnet-master/trashnet-master/data/dataset-resized/paper/paper250.jpg,,,,,,,,
trashnet_train_cardboard307.jpg,TrashNet,image_classification,train,PaperCardboard,cardboard,trashnet-master/trashnet-master/data/filtered_6class/train/PaperCardboard/cardboard307.jpg,,trashnet-master/trashnet-master/data/dataset-resized/cardboard/cardboard307.jpg,,,,,,,,
trashnet_train_paper561.jpg,TrashNet,image_classification,train,PaperCardboard,paper,trashnet-master/trashnet-master/data/filtered_6class/train/PaperCardboard/paper561.jpg,,trashnet-master/trashnet-master/data/dataset-resized/paper/paper561.jpg,,,,,,,,
trashnet_train_cardboard199.jpg,TrashNet,image_classification,train,PaperCardboard,cardboard,trashnet-master/trashnet-master/data/filtered_6class/train/PaperCardboard/cardboard199.jpg,,trashnet-master/trashnet-master/data/dataset-resized/cardboard/cardboard199.jpg,,,,,,,,
trashnet_train_paper436.jpg,TrashNet,image_classification,train,PaperCardboard,paper,trashnet-master/trashnet-master/data/filtered_6class/train/PaperCardboard/paper436.jpg,,trashnet-master/trashnet-master/data/dataset-resized/paper/paper436.jpg,,,,,,,,
trashnet_train_cardboard9.jpg,TrashNet,image_classification,train,PaperCardboard,cardboard,trashnet-master/trashnet-master/data/filtered_6class/train/PaperCardboard/cardboard9.jpg,,trashnet-master/trashnet-master/data/dataset-resized/cardboard/cardboard9.jpg,,,,,,,,
trashnet_train_paper220.jpg,TrashNet,image_classification,train,PaperCardboard,paper,trashnet-master/trashnet-master/data/filtered_6class/train/PaperCardboard/paper220.jpg,,trashnet-master/trashnet-master/data/dataset-resized/paper/paper220.jpg,,,,,,,,
trashnet_train_paper284.jpg,TrashNet,image_classification,train,PaperCardboard,paper,trashnet-master/trashnet-master/data/filtered_6class/train/PaperCardboard/paper284.jpg,,trashnet-master/trashnet-master/data/dataset-resized/paper/paper284.jpg,,,,,,,,
trashnet_train_cardboard196.jpg,TrashNet,image_classification,train,PaperCardboard,cardboard,trashnet-master/trashnet-master/data/filtered_6class/train/PaperCardboard/cardboard196.jpg,,trashnet-master/trashnet-master/data/dataset-resized/cardboard/cardboard196.jpg,,,,,,,,
trashnet_train_cardboard306.jpg,TrashNet,image_classification,train,PaperCardboard,cardboard,trashnet-master/trashnet-master/data/filtered_6class/train/PaperCardboard/cardboard306.jpg,,trashnet-master/trashnet-master/data/dataset-resized/cardboard/cardboard306.jpg,,,,,,,,
trashnet_train_paper40.jpg,TrashNet,image_classification,train,PaperCardboard,paper,trashnet-master/trashnet-master/data/filtered_6class/train/PaperCardboard/paper40.jpg,,trashnet-master/trashnet-master/data/dataset-resized/paper/paper40.jpg,,,,,,,,
trashnet_train_cardboard156.jpg,TrashNet,image_classification,train,PaperCardboard,cardboard,trashnet-master/trashnet-master/data/filtered_6class/train/PaperCardboard/cardboard156.jpg,,trashnet-master/trashnet-master/data/dataset-resized/cardboard/cardboard156.jpg,,,,,,,,
trashnet_train_cardboard216.jpg,TrashNet,image_classification,train,PaperCardboard,cardboard,trashnet-master/trashnet-master/data/filtered_6class/train/PaperCardboard/cardboard216.jpg,,trashnet-master/trashnet-master/data/dataset-resized/cardboard/cardboard216.jpg,,,,,,,,
trashnet_train_cardboard334.jpg,TrashNet,image_classification,train,PaperCardboard,cardboard,trashnet-master/trashnet-master/data/filtered_6class/train/PaperCardboard/cardboard334.jpg,,trashnet-master/trashnet-master/data/dataset-resized/cardboard/cardboard334.jpg,,,,,,,,
trashnet_train_paper435.jpg,TrashNet,image_classification,train,PaperCardboard,paper,trashnet-master/trashnet-master/data/filtered_6class/train/PaperCardboard/paper435.jpg,,trashnet-master/trashnet-master/data/dataset-resized/paper/paper435.jpg,,,,,,,,
trashnet_train_cardboard283.jpg,TrashNet,image_classification,train,PaperCardboard,cardboard,trashnet-master/trashnet-master/data/filtered_6class/train/PaperCardboard/cardboard283.jpg,,trashnet-master/trashnet-master/data/dataset-resized/cardboard/cardboard283.jpg,,,,,,,,
trashnet_train_paper13.jpg,TrashNet,image_classification,train,PaperCardboard,paper,trashnet-master/trashnet-master/data/filtered_6class/train/PaperCardboard/paper13.jpg,,trashnet-master/trashnet-master/data/dataset-resized/paper/paper13.jpg,,,,,,,,
trashnet_train_paper505.jpg,TrashNet,image_classification,train,PaperCardboard,paper,trashnet-master/trashnet-master/data/filtered_6class/train/PaperCardboard/paper505.jpg,,trashnet-master/trashnet-master/data/dataset-resized/paper/paper505.jpg,,,,,,,,
trashnet_train_paper384.jpg,TrashNet,image_classification,train,PaperCardboard,paper,trashnet-master/trashnet-master/data/filtered_6class/train/PaperCardboard/paper384.jpg,,trashnet-master/trashnet-master/data/dataset-resized/paper/paper384.jpg,,,,,,,,
trashnet_train_cardboard49.jpg,TrashNet,image_classification,train,PaperCardboard,cardboard,trashnet-master/trashnet-master/data/filtered_6class/train/PaperCardboard/cardboard49.jpg,,trashnet-master/trashnet-master/data/dataset-resized/cardboard/cardboard49.jpg,,,,,,,,
trashnet_train_paper189.jpg,TrashNet,image_classification,train,PaperCardboard,paper,trashnet-master/trashnet-master/data/filtered_6class/train/PaperCardboard/paper189.jpg,,trashnet-master/trashnet-master/data/dataset-resized/paper/paper189.jpg,,,,,,,,
trashnet_train_paper225.jpg,TrashNet,image_classification,train,PaperCardboard,paper,trashnet-master/trashnet-master/data/filtered_6class/train/PaperCardboard/paper225.jpg,,trashnet-master/trashnet-master/data/dataset-resized/paper/paper225.jpg,,,,,,,,
trashnet_train_cardboard240.jpg,TrashNet,image_classification,train,PaperCardboard,cardboard,trashnet-master/trashnet-master/data/filtered_6class/train/PaperCardboard/cardboard240.jpg,,trashnet-master/trashnet-master/data/dataset-resized/cardboard/cardboard240.jpg,,,,,,,,
trashnet_train_cardboard136.jpg,TrashNet,image_classification,train,PaperCardboard,cardboard,trashnet-master/trashnet-master/data/filtered_6class/train/PaperCardboard/cardboard136.jpg,,trashnet-master/trashnet-master/data/dataset-resized/cardboard/cardboard136.jpg,,,,,,,,
trashnet_train_paper274.jpg,TrashNet,image_classification,train,PaperCardboard,paper,trashnet-master/trashnet-master/data/filtered_6class/train/PaperCardboard/paper274.jpg,,trashnet-master/trashnet-master/data/dataset-resized/paper/paper274.jpg,,,,,,,,
trashnet_train_paper300.jpg,TrashNet,image_classification,train,PaperCardboard,paper,trashnet-master/trashnet-master/data/filtered_6class/train/PaperCardboard/paper300.jpg,,trashnet-master/trashnet-master/data/dataset-resized/paper/paper300.jpg,,,,,,,,
trashnet_train_paper423.jpg,TrashNet,image_classification,train,PaperCardboard,paper,trashnet-master/trashnet-master/data/filtered_6class/train/PaperCardboard/paper423.jpg,,trashnet-master/trashnet-master/data/dataset-resized/paper/paper423.jpg,,,,,,,,
trashnet_train_cardboard123.jpg,TrashNet,image_classification,train,PaperCardboard,cardboard,trashnet-master/trashnet-master/data/filtered_6class/train/PaperCardboard/cardboard123.jpg,,trashnet-master/trashnet-master/data/dataset-resized/cardboard/cardboard123.jpg,,,,,,,,
trashnet_train_paper310.jpg,TrashNet,image_classification,train,PaperCardboard,paper,trashnet-master/trashnet-master/data/filtered_6class/train/PaperCardboard/paper310.jpg,,trashnet-master/trashnet-master/data/dataset-resized/paper/paper310.jpg,,,,,,,,
trashnet_train_paper363.jpg,TrashNet,image_classification,train,PaperCardboard,paper,trashnet-master/trashnet-master/data/filtered_6class/train/PaperCardboard/paper363.jpg,,trashnet-master/trashnet-master/data/dataset-resized/paper/paper363.jpg,,,,,,,,
trashnet_train_paper557.jpg,TrashNet,image_classification,train,PaperCardboard,paper,trashnet-master/trashnet-master/data/filtered_6class/train/PaperCardboard/paper557.jpg,,trashnet-master/trashnet-master/data/dataset-resized/paper/paper557.jpg,,,,,,,,
trashnet_train_cardboard122.jpg,TrashNet,image_classification,train,PaperCardboard,cardboard,trashnet-master/trashnet-master/data/filtered_6class/train/PaperCardboard/cardboard122.jpg,,trashnet-master/trashnet-master/data/dataset-resized/cardboard/cardboard122.jpg,,,,,,,,
trashnet_train_paper144.jpg,TrashNet,image_classification,train,PaperCardboard,paper,trashnet-master/trashnet-master/data/filtered_6class/train/PaperCardboard/paper144.jpg,,trashnet-master/trashnet-master/data/dataset-resized/paper/paper144.jpg,,,,,,,,
trashnet_train_cardboard197.jpg,TrashNet,image_classification,train,PaperCardboard,cardboard,trashnet-master/trashnet-master/data/filtered_6class/train/PaperCardboard/cardboard197.jpg,,trashnet-master/trashnet-master/data/dataset-resized/cardboard/cardboard197.jpg,,,,,,,,
trashnet_train_paper106.jpg,TrashNet,image_classification,train,PaperCardboard,paper,trashnet-master/trashnet-master/data/filtered_6class/train/PaperCardboard/paper106.jpg,,trashnet-master/trashnet-master/data/dataset-resized/paper/paper106.jpg,,,,,,,,
trashnet_train_paper352.jpg,TrashNet,image_classification,train,PaperCardboard,paper,trashnet-master/trashnet-master/data/filtered_6class/train/PaperCardboard/paper352.jpg,,trashnet-master/trashnet-master/data/dataset-resized/paper/paper352.jpg,,,,,,,,
trashnet_train_paper464.jpg,TrashNet,image_classification,train,PaperCardboard,paper,trashnet-master/trashnet-master/data/filtered_6class/train/PaperCardboard/paper464.jpg,,trashnet-master/trashnet-master/data/dataset-resized/paper/paper464.jpg,,,,,,,,
trashnet_train_paper119.jpg,TrashNet,image_classification,train,PaperCardboard,paper,trashnet-master/trashnet-master/data/filtered_6class/train/PaperCardboard/paper119.jpg,,trashnet-master/trashnet-master/data/dataset-resized/paper/paper119.jpg,,,,,,,,
trashnet_train_cardboard157.jpg,TrashNet,image_classification,train,PaperCardboard,cardboard,trashnet-master/trashnet-master/data/filtered_6class/train/PaperCardboard/cardboard157.jpg,,trashnet-master/trashnet-master/data/dataset-resized/cardboard/cardboard157.jpg,,,,,,,,
trashnet_train_paper371.jpg,TrashNet,image_classification,train,PaperCardboard,paper,trashnet-master/trashnet-master/data/filtered_6class/train/PaperCardboard/paper371.jpg,,trashnet-master/trashnet-master/data/dataset-resized/paper/paper371.jpg,,,,,,,,
trashnet_train_paper94.jpg,TrashNet,image_classification,train,PaperCardboard,paper,trashnet-master/trashnet-master/data/filtered_6class/train/PaperCardboard/paper94.jpg,,trashnet-master/trashnet-master/data/dataset-resized/paper/paper94.jpg,,,,,,,,
trashnet_train_cardboard234.jpg,TrashNet,image_classification,train,PaperCardboard,cardboard,trashnet-master/trashnet-master/data/filtered_6class/train/PaperCardboard/cardboard234.jpg,,trashnet-master/trashnet-master/data/dataset-resized/cardboard/cardboard234.jpg,,,,,,,,
trashnet_train_cardboard267.jpg,TrashNet,image_classification,train,PaperCardboard,cardboard,trashnet-master/trashnet-master/data/filtered_6class/train/PaperCardboard/cardboard267.jpg,,trashnet-master/trashnet-master/data/dataset-resized/cardboard/cardboard267.jpg,,,,,,,,
trashnet_train_cardboard259.jpg,TrashNet,image_classification,train,PaperCardboard,cardboard,trashnet-master/trashnet-master/data/filtered_6class/train/PaperCardboard/cardboard259.jpg,,trashnet-master/trashnet-master/data/dataset-resized/cardboard/cardboard259.jpg,,,,,,,,
trashnet_train_paper317.jpg,TrashNet,image_classification,train,PaperCardboard,paper,trashnet-master/trashnet-master/data/filtered_6class/train/PaperCardboard/paper317.jpg,,trashnet-master/trashnet-master/data/dataset-resized/paper/paper317.jpg,,,,,,,,
trashnet_train_paper198.jpg,TrashNet,image_classification,train,PaperCardboard,paper,trashnet-master/trashnet-master/data/filtered_6class/train/PaperCardboard/paper198.jpg,,trashnet-master/trashnet-master/data/dataset-resized/paper/paper198.jpg,,,,,,,,
trashnet_train_cardboard83.jpg,TrashNet,image_classification,train,PaperCardboard,cardboard,trashnet-master/trashnet-master/data/filtered_6class/train/PaperCardboard/cardboard83.jpg,,trashnet-master/trashnet-master/data/dataset-resized/cardboard/cardboard83.jpg,,,,,,,,
trashnet_train_paper453.jpg,TrashNet,image_classification,train,PaperCardboard,paper,trashnet-master/trashnet-master/data/filtered_6class/train/PaperCardboard/paper453.jpg,,trashnet-master/trashnet-master/data/dataset-resized/paper/paper453.jpg,,,,,,,,
trashnet_train_paper282.jpg,TrashNet,image_classification,train,PaperCardboard,paper,trashnet-master/trashnet-master/data/filtered_6class/train/PaperCardboard/paper282.jpg,,trashnet-master/trashnet-master/data/dataset-resized/paper/paper282.jpg,,,,,,,,
trashnet_train_paper378.jpg,TrashNet,image_classification,train,PaperCardboard,paper,trashnet-master/trashnet-master/data/filtered_6class/train/PaperCardboard/paper378.jpg,,trashnet-master/trashnet-master/data/dataset-resized/paper/paper378.jpg,,,,,,,,
trashnet_train_cardboard245.jpg,TrashNet,image_classification,train,PaperCardboard,cardboard,trashnet-master/trashnet-master/data/filtered_6class/train/PaperCardboard/cardboard245.jpg,,trashnet-master/trashnet-master/data/dataset-resized/cardboard/cardboard245.jpg,,,,,,,,
trashnet_train_cardboard43.jpg,TrashNet,image_classification,train,PaperCardboard,cardboard,trashnet-master/trashnet-master/data/filtered_6class/train/PaperCardboard/cardboard43.jpg,,trashnet-master/trashnet-master/data/dataset-resized/cardboard/cardboard43.jpg,,,,,,,,
trashnet_train_paper490.jpg,TrashNet,image_classification,train,PaperCardboard,paper,trashnet-master/trashnet-master/data/filtered_6class/train/PaperCardboard/paper490.jpg,,trashnet-master/trashnet-master/data/dataset-resized/paper/paper490.jpg,,,,,,,,
trashnet_train_cardboard153.jpg,TrashNet,image_classification,train,PaperCardboard,cardboard,trashnet-master/trashnet-master/data/filtered_6class/train/PaperCardboard/cardboard153.jpg,,trashnet-master/trashnet-master/data/dataset-resized/cardboard/cardboard153.jpg,,,,,,,,
trashnet_train_cardboard331.jpg,TrashNet,image_classification,train,PaperCardboard,cardboard,trashnet-master/trashnet-master/data/filtered_6class/train/PaperCardboard/cardboard331.jpg,,trashnet-master/trashnet-master/data/dataset-resized/cardboard/cardboard331.jpg,,,,,,,,
trashnet_train_cardboard284.jpg,TrashNet,image_classification,train,PaperCardboard,cardboard,trashnet-master/trashnet-master/data/filtered_6class/train/PaperCardboard/cardboard284.jpg,,trashnet-master/trashnet-master/data/dataset-resized/cardboard/cardboard284.jpg,,,,,,,,
trashnet_train_cardboard293.jpg,TrashNet,image_classification,train,PaperCardboard,cardboard,trashnet-master/trashnet-master/data/filtered_6class/train/PaperCardboard/cardboard293.jpg,,trashnet-master/trashnet-master/data/dataset-resized/cardboard/cardboard293.jpg,,,,,,,,
trashnet_train_cardboard34.jpg,TrashNet,image_classification,train,PaperCardboard,cardboard,trashnet-master/trashnet-master/data/filtered_6class/train/PaperCardboard/cardboard34.jpg,,trashnet-master/trashnet-master/data/dataset-resized/cardboard/cardboard34.jpg,,,,,,,,
trashnet_train_paper167.jpg,TrashNet,image_classification,train,PaperCardboard,paper,trashnet-master/trashnet-master/data/filtered_6class/train/PaperCardboard/paper167.jpg,,trashnet-master/trashnet-master/data/dataset-resized/paper/paper167.jpg,,,,,,,,
trashnet_train_paper244.jpg,TrashNet,image_classification,train,PaperCardboard,paper,trashnet-master/trashnet-master/data/filtered_6class/train/PaperCardboard/paper244.jpg,,trashnet-master/trashnet-master/data/dataset-resized/paper/paper244.jpg,,,,,,,,
trashnet_train_paper68.jpg,TrashNet,image_classification,train,PaperCardboard,paper,trashnet-master/trashnet-master/data/filtered_6class/train/PaperCardboard/paper68.jpg,,trashnet-master/trashnet-master/data/dataset-resized/paper/paper68.jpg,,,,,,,,
trashnet_train_cardboard352.jpg,TrashNet,image_classification,train,PaperCardboard,cardboard,trashnet-master/trashnet-master/data/filtered_6class/train/PaperCardboard/cardboard352.jpg,,trashnet-master/trashnet-master/data/dataset-resized/cardboard/cardboard352.jpg,,,,,,,,
trashnet_train_paper528.jpg,TrashNet,image_classification,train,PaperCardboard,paper,trashnet-master/trashnet-master/data/filtered_6class/train/PaperCardboard/paper528.jpg,,trashnet-master/trashnet-master/data/dataset-resized/paper/paper528.jpg,,,,,,,,
trashnet_train_paper107.jpg,TrashNet,image_classification,train,PaperCardboard,paper,trashnet-master/trashnet-master/data/filtered_6class/train/PaperCardboard/paper107.jpg,,trashnet-master/trashnet-master/data/dataset-resized/paper/paper107.jpg,,,,,,,,
trashnet_train_cardboard179.jpg,TrashNet,image_classification,train,PaperCardboard,cardboard,trashnet-master/trashnet-master/data/filtered_6class/train/PaperCardboard/cardboard179.jpg,,trashnet-master/trashnet-master/data/dataset-resized/cardboard/cardboard179.jpg,,,,,,,,
trashnet_train_paper334.jpg,TrashNet,image_classification,train,PaperCardboard,paper,trashnet-master/trashnet-master/data/filtered_6class/train/PaperCardboard/paper334.jpg,,trashnet-master/trashnet-master/data/dataset-resized/paper/paper334.jpg,,,,,,,,
trashnet_train_paper522.jpg,TrashNet,image_classification,train,PaperCardboard,paper,trashnet-master/trashnet-master/data/filtered_6class/train/PaperCardboard/paper522.jpg,,trashnet-master/trashnet-master/data/dataset-resized/paper/paper522.jpg,,,,,,,,
trashnet_train_paper333.jpg,TrashNet,image_classification,train,PaperCardboard,paper,trashnet-master/trashnet-master/data/filtered_6class/train/PaperCardboard/paper333.jpg,,trashnet-master/trashnet-master/data/dataset-resized/paper/paper333.jpg,,,,,,,,
trashnet_train_cardboard152.jpg,TrashNet,image_classification,train,PaperCardboard,cardboard,trashnet-master/trashnet-master/data/filtered_6class/train/PaperCardboard/cardboard152.jpg,,trashnet-master/trashnet-master/data/dataset-resized/cardboard/cardboard152.jpg,,,,,,,,
trashnet_train_cardboard315.jpg,TrashNet,image_classification,train,PaperCardboard,cardboard,trashnet-master/trashnet-master/data/filtered_6class/train/PaperCardboard/cardboard315.jpg,,trashnet-master/trashnet-master/data/dataset-resized/cardboard/cardboard315.jpg,,,,,,,,
trashnet_train_cardboard99.jpg,TrashNet,image_classification,train,PaperCardboard,cardboard,trashnet-master/trashnet-master/data/filtered_6class/train/PaperCardboard/cardboard99.jpg,,trashnet-master/trashnet-master/data/dataset-resized/cardboard/cardboard99.jpg,,,,,,,,
trashnet_train_paper230.jpg,TrashNet,image_classification,train,PaperCardboard,paper,trashnet-master/trashnet-master/data/filtered_6class/train/PaperCardboard/paper230.jpg,,trashnet-master/trashnet-master/data/dataset-resized/paper/paper230.jpg,,,,,,,,
trashnet_train_cardboard101.jpg,TrashNet,image_classification,train,PaperCardboard,cardboard,trashnet-master/trashnet-master/data/filtered_6class/train/PaperCardboard/cardboard101.jpg,,trashnet-master/trashnet-master/data/dataset-resized/cardboard/cardboard101.jpg,,,,,,,,
trashnet_train_paper558.jpg,TrashNet,image_classification,train,PaperCardboard,paper,trashnet-master/trashnet-master/data/filtered_6class/train/PaperCardboard/paper558.jpg,,trashnet-master/trashnet-master/data/dataset-resized/paper/paper558.jpg,,,,,,,,
trashnet_train_paper320.jpg,TrashNet,image_classification,train,PaperCardboard,paper,trashnet-master/trashnet-master/data/filtered_6class/train/PaperCardboard/paper320.jpg,,trashnet-master/trashnet-master/data/dataset-resized/paper/paper320.jpg,,,,,,,,
trashnet_train_cardboard135.jpg,TrashNet,image_classification,train,PaperCardboard,cardboard,trashnet-master/trashnet-master/data/filtered_6class/train/PaperCardboard/cardboard135.jpg,,trashnet-master/trashnet-master/data/dataset-resized/cardboard/cardboard135.jpg,,,,,,,,
trashnet_train_paper451.jpg,TrashNet,image_classification,train,PaperCardboard,paper,trashnet-master/trashnet-master/data/filtered_6class/train/PaperCardboard/paper451.jpg,,trashnet-master/trashnet-master/data/dataset-resized/paper/paper451.jpg,,,,,,,,
trashnet_train_cardboard126.jpg,TrashNet,image_classification,train,PaperCardboard,cardboard,trashnet-master/trashnet-master/data/filtered_6class/train/PaperCardboard/cardboard126.jpg,,trashnet-master/trashnet-master/data/dataset-resized/cardboard/cardboard126.jpg,,,,,,,,
trashnet_train_metal289.jpg,TrashNet,image_classification,train,Metal,metal,trashnet-master/trashnet-master/data/filtered_6class/train/Metal/metal289.jpg,,trashnet-master/trashnet-master/data/dataset-resized/metal/metal289.jpg,,,,,,,,
trashnet_train_metal356.jpg,TrashNet,image_classification,train,Metal,metal,trashnet-master/trashnet-master/data/filtered_6class/train/Metal/metal356.jpg,,trashnet-master/trashnet-master/data/dataset-resized/metal/metal356.jpg,,,,,,,,
trashnet_train_metal88.jpg,TrashNet,image_classification,train,Metal,metal,trashnet-master/trashnet-master/data/filtered_6class/train/Metal/metal88.jpg,,trashnet-master/trashnet-master/data/dataset-resized/metal/metal88.jpg,,,,,,,,
trashnet_train_metal378.jpg,TrashNet,image_classification,train,Metal,metal,trashnet-master/trashnet-master/data/filtered_6class/train/Metal/metal378.jpg,,trashnet-master/trashnet-master/data/dataset-resized/metal/metal378.jpg,,,,,,,,
trashnet_train_metal12.jpg,TrashNet,image_classification,train,Metal,metal,trashnet-master/trashnet-master/data/filtered_6class/train/Metal/metal12.jpg,,trashnet-master/trashnet-master/data/dataset-resized/metal/metal12.jpg,,,,,,,,
trashnet_train_metal306.jpg,TrashNet,image_classification,train,Metal,metal,trashnet-master/trashnet-master/data/filtered_6class/train/Metal/metal306.jpg,,trashnet-master/trashnet-master/data/dataset-resized/metal/metal306.jpg,,,,,,,,
trashnet_train_metal320.jpg,TrashNet,image_classification,train,Metal,metal,trashnet-master/trashnet-master/data/filtered_6class/train/Metal/metal320.jpg,,trashnet-master/trashnet-master/data/dataset-resized/metal/metal320.jpg,,,,,,,,
trashnet_train_metal197.jpg,TrashNet,image_classification,train,Metal,metal,trashnet-master/trashnet-master/data/filtered_6class/train/Metal/metal197.jpg,,trashnet-master/trashnet-master/data/dataset-resized/metal/metal197.jpg,,,,,,,,
trashnet_train_metal299.jpg,TrashNet,image_classification,train,Metal,metal,trashnet-master/trashnet-master/data/filtered_6class/train/Metal/metal299.jpg,,trashnet-master/trashnet-master/data/dataset-resized/metal/metal299.jpg,,,,,,,,
trashnet_train_metal406.jpg,TrashNet,image_classification,train,Metal,metal,trashnet-master/trashnet-master/data/filtered_6class/train/Metal/metal406.jpg,,trashnet-master/trashnet-master/data/dataset-resized/metal/metal406.jpg,,,,,,,,
trashnet_train_metal90.jpg,TrashNet,image_classification,train,Metal,metal,trashnet-master/trashnet-master/data/filtered_6class/train/Metal/metal90.jpg,,trashnet-master/trashnet-master/data/dataset-resized/metal/metal90.jpg,,,,,,,,
trashnet_train_metal26.jpg,TrashNet,image_classification,train,Metal,metal,trashnet-master/trashnet-master/data/filtered_6class/train/Metal/metal26.jpg,,trashnet-master/trashnet-master/data/dataset-resized/metal/metal26.jpg,,,,,,,,
trashnet_train_metal309.jpg,TrashNet,image_classification,train,Metal,metal,trashnet-master/trashnet-master/data/filtered_6class/train/Metal/metal309.jpg,,trashnet-master/trashnet-master/data/dataset-resized/metal/metal309.jpg,,,,,,,,
trashnet_train_metal102.jpg,TrashNet,image_classification,train,Metal,metal,trashnet-master/trashnet-master/data/filtered_6class/train/Metal/metal102.jpg,,trashnet-master/trashnet-master/data/dataset-resized/metal/metal102.jpg,,,,,,,,
trashnet_train_metal97.jpg,TrashNet,image_classification,train,Metal,metal,trashnet-master/trashnet-master/data/filtered_6class/train/Metal/metal97.jpg,,trashnet-master/trashnet-master/data/dataset-resized/metal/metal97.jpg,,,,,,,,
trashnet_train_metal85.jpg,TrashNet,image_classification,train,Metal,metal,trashnet-master/trashnet-master/data/filtered_6class/train/Metal/metal85.jpg,,trashnet-master/trashnet-master/data/dataset-resized/metal/metal85.jpg,,,,,,,,
trashnet_train_metal6.jpg,TrashNet,image_classification,train,Metal,metal,trashnet-master/trashnet-master/data/filtered_6class/train/Metal/metal6.jpg,,trashnet-master/trashnet-master/data/dataset-resized/metal/metal6.jpg,,,,,,,,
trashnet_train_metal64.jpg,TrashNet,image_classification,train,Metal,metal,trashnet-master/trashnet-master/data/filtered_6class/train/Metal/metal64.jpg,,trashnet-master/trashnet-master/data/dataset-resized/metal/metal64.jpg,,,,,,,,
trashnet_train_metal204.jpg,TrashNet,image_classification,train,Metal,metal,trashnet-master/trashnet-master/data/filtered_6class/train/Metal/metal204.jpg,,trashnet-master/trashnet-master/data/dataset-resized/metal/metal204.jpg,,,,,,,,
trashnet_train_metal285.jpg,TrashNet,image_classification,train,Metal,metal,trashnet-master/trashnet-master/data/filtered_6class/train/Metal/metal285.jpg,,trashnet-master/trashnet-master/data/dataset-resized/metal/metal285.jpg,,,,,,,,
trashnet_train_metal91.jpg,TrashNet,image_classification,train,Metal,metal,trashnet-master/trashnet-master/data/filtered_6class/train/Metal/metal91.jpg,,trashnet-master/trashnet-master/data/dataset-resized/metal/metal91.jpg,,,,,,,,
trashnet_train_metal237.jpg,TrashNet,image_classification,train,Metal,metal,trashnet-master/trashnet-master/data/filtered_6class/train/Metal/metal237.jpg,,trashnet-master/trashnet-master/data/dataset-resized/metal/metal237.jpg,,,,,,,,
trashnet_train_metal14.jpg,TrashNet,image_classification,train,Metal,metal,trashnet-master/trashnet-master/data/filtered_6class/train/Metal/metal14.jpg,,trashnet-master/trashnet-master/data/dataset-resized/metal/metal14.jpg,,,,,,,,
trashnet_train_metal178.jpg,TrashNet,image_classification,train,Metal,metal,trashnet-master/trashnet-master/data/filtered_6class/train/Metal/metal178.jpg,,trashnet-master/trashnet-master/data/dataset-resized/metal/metal178.jpg,,,,,,,,
trashnet_train_metal98.jpg,TrashNet,image_classification,train,Metal,metal,trashnet-master/trashnet-master/data/filtered_6class/train/Metal/metal98.jpg,,trashnet-master/trashnet-master/data/dataset-resized/metal/metal98.jpg,,,,,,,,
trashnet_train_metal2.jpg,TrashNet,image_classification,train,Metal,metal,trashnet-master/trashnet-master/data/filtered_6class/train/Metal/metal2.jpg,,trashnet-master/trashnet-master/data/dataset-resized/metal/metal2.jpg,,,,,,,,
trashnet_train_metal123.jpg,TrashNet,image_classification,train,Metal,metal,trashnet-master/trashnet-master/data/filtered_6class/train/Metal/metal123.jpg,,trashnet-master/trashnet-master/data/dataset-resized/metal/metal123.jpg,,,,,,,,
trashnet_train_metal63.jpg,TrashNet,image_classification,train,Metal,metal,trashnet-master/trashnet-master/data/filtered_6class/train/Metal/metal63.jpg,,trashnet-master/trashnet-master/data/dataset-resized/metal/metal63.jpg,,,,,,,,
trashnet_train_metal245.jpg,TrashNet,image_classification,train,Metal,metal,trashnet-master/trashnet-master/data/filtered_6class/train/Metal/metal245.jpg,,trashnet-master/trashnet-master/data/dataset-resized/metal/metal245.jpg,,,,,,,,
trashnet_train_metal270.jpg,TrashNet,image_classification,train,Metal,metal,trashnet-master/trashnet-master/data/filtered_6class/train/Metal/metal270.jpg,,trashnet-master/trashnet-master/data/dataset-resized/metal/metal270.jpg,,,,,,,,
trashnet_train_metal149.jpg,TrashNet,image_classification,train,Metal,metal,trashnet-master/trashnet-master/data/filtered_6class/train/Metal/metal149.jpg,,trashnet-master/trashnet-master/data/dataset-resized/metal/metal149.jpg,,,,,,,,
trashnet_train_metal143.jpg,TrashNet,image_classification,train,Metal,metal,trashnet-master/trashnet-master/data/filtered_6class/train/Metal/metal143.jpg,,trashnet-master/trashnet-master/data/dataset-resized/metal/metal143.jpg,,,,,,,,
trashnet_train_metal181.jpg,TrashNet,image_classification,train,Metal,metal,trashnet-master/trashnet-master/data/filtered_6class/train/Metal/metal181.jpg,,trashnet-master/trashnet-master/data/dataset-resized/metal/metal181.jpg,,,,,,,,
trashnet_train_metal222.jpg,TrashNet,image_classification,train,Metal,metal,trashnet-master/trashnet-master/data/filtered_6class/train/Metal/metal222.jpg,,trashnet-master/trashnet-master/data/dataset-resized/metal/metal222.jpg,,,,,,,,
trashnet_train_metal121.jpg,TrashNet,image_classification,train,Metal,metal,trashnet-master/trashnet-master/data/filtered_6class/train/Metal/metal121.jpg,,trashnet-master/trashnet-master/data/dataset-resized/metal/metal121.jpg,,,,,,,,
trashnet_train_metal387.jpg,TrashNet,image_classification,train,Metal,metal,trashnet-master/trashnet-master/data/filtered_6class/train/Metal/metal387.jpg,,trashnet-master/trashnet-master/data/dataset-resized/metal/metal387.jpg,,,,,,,,
trashnet_train_metal10.jpg,TrashNet,image_classification,train,Metal,metal,trashnet-master/trashnet-master/data/filtered_6class/train/Metal/metal10.jpg,,trashnet-master/trashnet-master/data/dataset-resized/metal/metal10.jpg,,,,,,,,
trashnet_train_metal73.jpg,TrashNet,image_classification,train,Metal,metal,trashnet-master/trashnet-master/data/filtered_6class/train/Metal/metal73.jpg,,trashnet-master/trashnet-master/data/dataset-resized/metal/metal73.jpg,,,,,,,,
trashnet_train_metal203.jpg,TrashNet,image_classification,train,Metal,metal,trashnet-master/trashnet-master/data/filtered_6class/train/Metal/metal203.jpg,,trashnet-master/trashnet-master/data/dataset-resized/metal/metal203.jpg,,,,,,,,
trashnet_train_metal272.jpg,TrashNet,image_classification,train,Metal,metal,trashnet-master/trashnet-master/data/filtered_6class/train/Metal/metal272.jpg,,trashnet-master/trashnet-master/data/dataset-resized/metal/metal272.jpg,,,,,,,,
trashnet_train_metal205.jpg,TrashNet,image_classification,train,Metal,metal,trashnet-master/trashnet-master/data/filtered_6class/train/Metal/metal205.jpg,,trashnet-master/trashnet-master/data/dataset-resized/metal/metal205.jpg,,,,,,,,
trashnet_train_metal369.jpg,TrashNet,image_classification,train,Metal,metal,trashnet-master/trashnet-master/data/filtered_6class/train/Metal/metal369.jpg,,trashnet-master/trashnet-master/data/dataset-resized/metal/metal369.jpg,,,,,,,,
trashnet_train_metal80.jpg,TrashNet,image_classification,train,Metal,metal,trashnet-master/trashnet-master/data/filtered_6class/train/Metal/metal80.jpg,,trashnet-master/trashnet-master/data/dataset-resized/metal/metal80.jpg,,,,,,,,
trashnet_train_metal142.jpg,TrashNet,image_classification,train,Metal,metal,trashnet-master/trashnet-master/data/filtered_6class/train/Metal/metal142.jpg,,trashnet-master/trashnet-master/data/dataset-resized/metal/metal142.jpg,,,,,,,,
trashnet_train_metal11.jpg,TrashNet,image_classification,train,Metal,metal,trashnet-master/trashnet-master/data/filtered_6class/train/Metal/metal11.jpg,,trashnet-master/trashnet-master/data/dataset-resized/metal/metal11.jpg,,,,,,,,
trashnet_train_metal158.jpg,TrashNet,image_classification,train,Metal,metal,trashnet-master/trashnet-master/data/filtered_6class/train/Metal/metal158.jpg,,trashnet-master/trashnet-master/data/dataset-resized/metal/metal158.jpg,,,,,,,,
trashnet_train_metal131.jpg,TrashNet,image_classification,train,Metal,metal,trashnet-master/trashnet-master/data/filtered_6class/train/Metal/metal131.jpg,,trashnet-master/trashnet-master/data/dataset-resized/metal/metal131.jpg,,,,,,,,
trashnet_train_metal210.jpg,TrashNet,image_classification,train,Metal,metal,trashnet-master/trashnet-master/data/filtered_6class/train/Metal/metal210.jpg,,trashnet-master/trashnet-master/data/dataset-resized/metal/metal210.jpg,,,,,,,,
trashnet_train_metal242.jpg,TrashNet,image_classification,train,Metal,metal,trashnet-master/trashnet-master/data/filtered_6class/train/Metal/metal242.jpg,,trashnet-master/trashnet-master/data/dataset-resized/metal/metal242.jpg,,,,,,,,
trashnet_train_metal39.jpg,TrashNet,image_classification,train,Metal,metal,trashnet-master/trashnet-master/data/filtered_6class/train/Metal/metal39.jpg,,trashnet-master/trashnet-master/data/dataset-resized/metal/metal39.jpg,,,,,,,,
trashnet_train_metal186.jpg,TrashNet,image_classification,train,Metal,metal,trashnet-master/trashnet-master/data/filtered_6class/train/Metal/metal186.jpg,,trashnet-master/trashnet-master/data/dataset-resized/metal/metal186.jpg,,,,,,,,
trashnet_train_metal273.jpg,TrashNet,image_classification,train,Metal,metal,trashnet-master/trashnet-master/data/filtered_6class/train/Metal/metal273.jpg,,trashnet-master/trashnet-master/data/dataset-resized/metal/metal273.jpg,,,,,,,,
trashnet_train_metal373.jpg,TrashNet,image_classification,train,Metal,metal,trashnet-master/trashnet-master/data/filtered_6class/train/Metal/metal373.jpg,,trashnet-master/trashnet-master/data/dataset-resized/metal/metal373.jpg,,,,,,,,
trashnet_train_metal99.jpg,TrashNet,image_classification,train,Metal,metal,trashnet-master/trashnet-master/data/filtered_6class/train/Metal/metal99.jpg,,trashnet-master/trashnet-master/data/dataset-resized/metal/metal99.jpg,,,,,,,,
trashnet_train_metal20.jpg,TrashNet,image_classification,train,Metal,metal,trashnet-master/trashnet-master/data/filtered_6class/train/Metal/metal20.jpg,,trashnet-master/trashnet-master/data/dataset-resized/metal/metal20.jpg,,,,,,,,
trashnet_train_metal257.jpg,TrashNet,image_classification,train,Metal,metal,trashnet-master/trashnet-master/data/filtered_6class/train/Metal/metal257.jpg,,trashnet-master/trashnet-master/data/dataset-resized/metal/metal257.jpg,,,,,,,,
trashnet_train_metal180.jpg,TrashNet,image_classification,train,Metal,metal,trashnet-master/trashnet-master/data/filtered_6class/train/Metal/metal180.jpg,,trashnet-master/trashnet-master/data/dataset-resized/metal/metal180.jpg,,,,,,,,
trashnet_train_metal83.jpg,TrashNet,image_classification,train,Metal,metal,trashnet-master/trashnet-master/data/filtered_6class/train/Metal/metal83.jpg,,trashnet-master/trashnet-master/data/dataset-resized/metal/metal83.jpg,,,,,,,,
trashnet_train_metal124.jpg,TrashNet,image_classification,train,Metal,metal,trashnet-master/trashnet-master/data/filtered_6class/train/Metal/metal124.jpg,,trashnet-master/trashnet-master/data/dataset-resized/metal/metal124.jpg,,,,,,,,
trashnet_train_metal330.jpg,TrashNet,image_classification,train,Metal,metal,trashnet-master/trashnet-master/data/filtered_6class/train/Metal/metal330.jpg,,trashnet-master/trashnet-master/data/dataset-resized/metal/metal330.jpg,,,,,,,,
trashnet_train_metal253.jpg,TrashNet,image_classification,train,Metal,metal,trashnet-master/trashnet-master/data/filtered_6class/train/Metal/metal253.jpg,,trashnet-master/trashnet-master/data/dataset-resized/metal/metal253.jpg,,,,,,,,
trashnet_train_metal344.jpg,TrashNet,image_classification,train,Metal,metal,trashnet-master/trashnet-master/data/filtered_6class/train/Metal/metal344.jpg,,trashnet-master/trashnet-master/data/dataset-resized/metal/metal344.jpg,,,,,,,,
trashnet_train_metal333.jpg,TrashNet,image_classification,train,Metal,metal,trashnet-master/trashnet-master/data/filtered_6class/train/Metal/metal333.jpg,,trashnet-master/trashnet-master/data/dataset-resized/metal/metal333.jpg,,,,,,,,
trashnet_train_metal397.jpg,TrashNet,image_classification,train,Metal,metal,trashnet-master/trashnet-master/data/filtered_6class/train/Metal/metal397.jpg,,trashnet-master/trashnet-master/data/dataset-resized/metal/metal397.jpg,,,,,,,,
trashnet_train_metal110.jpg,TrashNet,image_classification,train,Metal,metal,trashnet-master/trashnet-master/data/filtered_6class/train/Metal/metal110.jpg,,trashnet-master/trashnet-master/data/dataset-resized/metal/metal110.jpg,,,,,,,,
trashnet_train_metal331.jpg,TrashNet,image_classification,train,Metal,metal,trashnet-master/trashnet-master/data/filtered_6class/train/Metal/metal331.jpg,,trashnet-master/trashnet-master/data/dataset-resized/metal/metal331.jpg,,,,,,,,
trashnet_train_metal326.jpg,TrashNet,image_classification,train,Metal,metal,trashnet-master/trashnet-master/data/filtered_6class/train/Metal/metal326.jpg,,trashnet-master/trashnet-master/data/dataset-resized/metal/metal326.jpg,,,,,,,,
trashnet_train_metal266.jpg,TrashNet,image_classification,train,Metal,metal,trashnet-master/trashnet-master/data/filtered_6class/train/Metal/metal266.jpg,,trashnet-master/trashnet-master/data/dataset-resized/metal/metal266.jpg,,,,,,,,
trashnet_train_metal54.jpg,TrashNet,image_classification,train,Metal,metal,trashnet-master/trashnet-master/data/filtered_6class/train/Metal/metal54.jpg,,trashnet-master/trashnet-master/data/dataset-resized/metal/metal54.jpg,,,,,,,,
trashnet_train_metal229.jpg,TrashNet,image_classification,train,Metal,metal,trashnet-master/trashnet-master/data/filtered_6class/train/Metal/metal229.jpg,,trashnet-master/trashnet-master/data/dataset-resized/metal/metal229.jpg,,,,,,,,
trashnet_train_metal27.jpg,TrashNet,image_classification,train,Metal,metal,trashnet-master/trashnet-master/data/filtered_6class/train/Metal/metal27.jpg,,trashnet-master/trashnet-master/data/dataset-resized/metal/metal27.jpg,,,,,,,,
trashnet_train_metal8.jpg,TrashNet,image_classification,train,Metal,metal,trashnet-master/trashnet-master/data/filtered_6class/train/Metal/metal8.jpg,,trashnet-master/trashnet-master/data/dataset-resized/metal/metal8.jpg,,,,,,,,
trashnet_train_metal321.jpg,TrashNet,image_classification,train,Metal,metal,trashnet-master/trashnet-master/data/filtered_6class/train/Metal/metal321.jpg,,trashnet-master/trashnet-master/data/dataset-resized/metal/metal321.jpg,,,,,,,,
trashnet_train_metal376.jpg,TrashNet,image_classification,train,Metal,metal,trashnet-master/trashnet-master/data/filtered_6class/train/Metal/metal376.jpg,,trashnet-master/trashnet-master/data/dataset-resized/metal/metal376.jpg,,,,,,,,
trashnet_train_metal152.jpg,TrashNet,image_classification,train,Metal,metal,trashnet-master/trashnet-master/data/filtered_6class/train/Metal/metal152.jpg,,trashnet-master/trashnet-master/data/dataset-resized/metal/metal152.jpg,,,,,,,,
trashnet_train_metal345.jpg,TrashNet,image_classification,train,Metal,metal,trashnet-master/trashnet-master/data/filtered_6class/train/Metal/metal345.jpg,,trashnet-master/trashnet-master/data/dataset-resized/metal/metal345.jpg,,,,,,,,
trashnet_train_metal46.jpg,TrashNet,image_classification,train,Metal,metal,trashnet-master/trashnet-master/data/filtered_6class/train/Metal/metal46.jpg,,trashnet-master/trashnet-master/data/dataset-resized/metal/metal46.jpg,,,,,,,,
trashnet_train_metal76.jpg,TrashNet,image_classification,train,Metal,metal,trashnet-master/trashnet-master/data/filtered_6class/train/Metal/metal76.jpg,,trashnet-master/trashnet-master/data/dataset-resized/metal/metal76.jpg,,,,,,,,
trashnet_train_metal94.jpg,TrashNet,image_classification,train,Metal,metal,trashnet-master/trashnet-master/data/filtered_6class/train/Metal/metal94.jpg,,trashnet-master/trashnet-master/data/dataset-resized/metal/metal94.jpg,,,,,,,,
trashnet_train_metal105.jpg,TrashNet,image_classification,train,Metal,metal,trashnet-master/trashnet-master/data/filtered_6class/train/Metal/metal105.jpg,,trashnet-master/trashnet-master/data/dataset-resized/metal/metal105.jpg,,,,,,,,
trashnet_train_metal95.jpg,TrashNet,image_classification,train,Metal,metal,trashnet-master/trashnet-master/data/filtered_6class/train/Metal/metal95.jpg,,trashnet-master/trashnet-master/data/dataset-resized/metal/metal95.jpg,,,,,,,,
trashnet_train_metal151.jpg,TrashNet,image_classification,train,Metal,metal,trashnet-master/trashnet-master/data/filtered_6class/train/Metal/metal151.jpg,,trashnet-master/trashnet-master/data/dataset-resized/metal/metal151.jpg,,,,,,,,
trashnet_train_metal177.jpg,TrashNet,image_classification,train,Metal,metal,trashnet-master/trashnet-master/data/filtered_6class/train/Metal/metal177.jpg,,trashnet-master/trashnet-master/data/dataset-resized/metal/metal177.jpg,,,,,,,,
trashnet_train_metal335.jpg,TrashNet,image_classification,train,Metal,metal,trashnet-master/trashnet-master/data/filtered_6class/train/Metal/metal335.jpg,,trashnet-master/trashnet-master/data/dataset-resized/metal/metal335.jpg,,,,,,,,
trashnet_train_metal227.jpg,TrashNet,image_classification,train,Metal,metal,trashnet-master/trashnet-master/data/filtered_6class/train/Metal/metal227.jpg,,trashnet-master/trashnet-master/data/dataset-resized/metal/metal227.jpg,,,,,,,,
trashnet_train_metal154.jpg,TrashNet,image_classification,train,Metal,metal,trashnet-master/trashnet-master/data/filtered_6class/train/Metal/metal154.jpg,,trashnet-master/trashnet-master/data/dataset-resized/metal/metal154.jpg,,,,,,,,
trashnet_train_metal288.jpg,TrashNet,image_classification,train,Metal,metal,trashnet-master/trashnet-master/data/filtered_6class/train/Metal/metal288.jpg,,trashnet-master/trashnet-master/data/dataset-resized/metal/metal288.jpg,,,,,,,,
trashnet_train_metal385.jpg,TrashNet,image_classification,train,Metal,metal,trashnet-master/trashnet-master/data/filtered_6class/train/Metal/metal385.jpg,,trashnet-master/trashnet-master/data/dataset-resized/metal/metal385.jpg,,,,,,,,
trashnet_train_metal132.jpg,TrashNet,image_classification,train,Metal,metal,trashnet-master/trashnet-master/data/filtered_6class/train/Metal/metal132.jpg,,trashnet-master/trashnet-master/data/dataset-resized/metal/metal132.jpg,,,,,,,,
trashnet_train_metal391.jpg,TrashNet,image_classification,train,Metal,metal,trashnet-master/trashnet-master/data/filtered_6class/train/Metal/metal391.jpg,,trashnet-master/trashnet-master/data/dataset-resized/metal/metal391.jpg,,,,,,,,
trashnet_train_metal57.jpg,TrashNet,image_classification,train,Metal,metal,trashnet-master/trashnet-master/data/filtered_6class/train/Metal/metal57.jpg,,trashnet-master/trashnet-master/data/dataset-resized/metal/metal57.jpg,,,,,,,,
trashnet_train_metal89.jpg,TrashNet,image_classification,train,Metal,metal,trashnet-master/trashnet-master/data/filtered_6class/train/Metal/metal89.jpg,,trashnet-master/trashnet-master/data/dataset-resized/metal/metal89.jpg,,,,,,,,
trashnet_train_metal195.jpg,TrashNet,image_classification,train,Metal,metal,trashnet-master/trashnet-master/data/filtered_6class/train/Metal/metal195.jpg,,trashnet-master/trashnet-master/data/dataset-resized/metal/metal195.jpg,,,,,,,,
trashnet_train_metal239.jpg,TrashNet,image_classification,train,Metal,metal,trashnet-master/trashnet-master/data/filtered_6class/train/Metal/metal239.jpg,,trashnet-master/trashnet-master/data/dataset-resized/metal/metal239.jpg,,,,,,,,
trashnet_train_metal280.jpg,TrashNet,image_classification,train,Metal,metal,trashnet-master/trashnet-master/data/filtered_6class/train/Metal/metal280.jpg,,trashnet-master/trashnet-master/data/dataset-resized/metal/metal280.jpg,,,,,,,,
trashnet_train_metal403.jpg,TrashNet,image_classification,train,Metal,metal,trashnet-master/trashnet-master/data/filtered_6class/train/Metal/metal403.jpg,,trashnet-master/trashnet-master/data/dataset-resized/metal/metal403.jpg,,,,,,,,
trashnet_train_metal19.jpg,TrashNet,image_classification,train,Metal,metal,trashnet-master/trashnet-master/data/filtered_6class/train/Metal/metal19.jpg,,trashnet-master/trashnet-master/data/dataset-resized/metal/metal19.jpg,,,,,,,,
trashnet_train_metal122.jpg,TrashNet,image_classification,train,Metal,metal,trashnet-master/trashnet-master/data/filtered_6class/train/Metal/metal122.jpg,,trashnet-master/trashnet-master/data/dataset-resized/metal/metal122.jpg,,,,,,,,
trashnet_train_metal174.jpg,TrashNet,image_classification,train,Metal,metal,trashnet-master/trashnet-master/data/filtered_6class/train/Metal/metal174.jpg,,trashnet-master/trashnet-master/data/dataset-resized/metal/metal174.jpg,,,,,,,,
trashnet_train_metal254.jpg,TrashNet,image_classification,train,Metal,metal,trashnet-master/trashnet-master/data/filtered_6class/train/Metal/metal254.jpg,,trashnet-master/trashnet-master/data/dataset-resized/metal/metal254.jpg,,,,,,,,
trashnet_train_metal29.jpg,TrashNet,image_classification,train,Metal,metal,trashnet-master/trashnet-master/data/filtered_6class/train/Metal/metal29.jpg,,trashnet-master/trashnet-master/data/dataset-resized/metal/metal29.jpg,,,,,,,,
trashnet_train_metal323.jpg,TrashNet,image_classification,train,Metal,metal,trashnet-master/trashnet-master/data/filtered_6class/train/Metal/metal323.jpg,,trashnet-master/trashnet-master/data/dataset-resized/metal/metal323.jpg,,,,,,,,
trashnet_train_metal207.jpg,TrashNet,image_classification,train,Metal,metal,trashnet-master/trashnet-master/data/filtered_6class/train/Metal/metal207.jpg,,trashnet-master/trashnet-master/data/dataset-resized/metal/metal207.jpg,,,,,,,,
trashnet_train_metal198.jpg,TrashNet,image_classification,train,Metal,metal,trashnet-master/trashnet-master/data/filtered_6class/train/Metal/metal198.jpg,,trashnet-master/trashnet-master/data/dataset-resized/metal/metal198.jpg,,,,,,,,
trashnet_train_metal48.jpg,TrashNet,image_classification,train,Metal,metal,trashnet-master/trashnet-master/data/filtered_6class/train/Metal/metal48.jpg,,trashnet-master/trashnet-master/data/dataset-resized/metal/metal48.jpg,,,,,,,,
trashnet_train_metal101.jpg,TrashNet,image_classification,train,Metal,metal,trashnet-master/trashnet-master/data/filtered_6class/train/Metal/metal101.jpg,,trashnet-master/trashnet-master/data/dataset-resized/metal/metal101.jpg,,,,,,,,
trashnet_train_metal243.jpg,TrashNet,image_classification,train,Metal,metal,trashnet-master/trashnet-master/data/filtered_6class/train/Metal/metal243.jpg,,trashnet-master/trashnet-master/data/dataset-resized/metal/metal243.jpg,,,,,,,,
trashnet_train_metal103.jpg,TrashNet,image_classification,train,Metal,metal,trashnet-master/trashnet-master/data/filtered_6class/train/Metal/metal103.jpg,,trashnet-master/trashnet-master/data/dataset-resized/metal/metal103.jpg,,,,,,,,
trashnet_train_metal219.jpg,TrashNet,image_classification,train,Metal,metal,trashnet-master/trashnet-master/data/filtered_6class/train/Metal/metal219.jpg,,trashnet-master/trashnet-master/data/dataset-resized/metal/metal219.jpg,,,,,,,,
trashnet_train_metal196.jpg,TrashNet,image_classification,train,Metal,metal,trashnet-master/trashnet-master/data/filtered_6class/train/Metal/metal196.jpg,,trashnet-master/trashnet-master/data/dataset-resized/metal/metal196.jpg,,,,,,,,
trashnet_train_metal56.jpg,TrashNet,image_classification,train,Metal,metal,trashnet-master/trashnet-master/data/filtered_6class/train/Metal/metal56.jpg,,trashnet-master/trashnet-master/data/dataset-resized/metal/metal56.jpg,,,,,,,,
trashnet_train_metal371.jpg,TrashNet,image_classification,train,Metal,metal,trashnet-master/trashnet-master/data/filtered_6class/train/Metal/metal371.jpg,,trashnet-master/trashnet-master/data/dataset-resized/metal/metal371.jpg,,,,,,,,
trashnet_train_metal327.jpg,TrashNet,image_classification,train,Metal,metal,trashnet-master/trashnet-master/data/filtered_6class/train/Metal/metal327.jpg,,trashnet-master/trashnet-master/data/dataset-resized/metal/metal327.jpg,,,,,,,,
trashnet_train_metal352.jpg,TrashNet,image_classification,train,Metal,metal,trashnet-master/trashnet-master/data/filtered_6class/train/Metal/metal352.jpg,,trashnet-master/trashnet-master/data/dataset-resized/metal/metal352.jpg,,,,,,,,
trashnet_train_metal175.jpg,TrashNet,image_classification,train,Metal,metal,trashnet-master/trashnet-master/data/filtered_6class/train/Metal/metal175.jpg,,trashnet-master/trashnet-master/data/dataset-resized/metal/metal175.jpg,,,,,,,,
trashnet_train_metal236.jpg,TrashNet,image_classification,train,Metal,metal,trashnet-master/trashnet-master/data/filtered_6class/train/Metal/metal236.jpg,,trashnet-master/trashnet-master/data/dataset-resized/metal/metal236.jpg,,,,,,,,
trashnet_train_metal395.jpg,TrashNet,image_classification,train,Metal,metal,trashnet-master/trashnet-master/data/filtered_6class/train/Metal/metal395.jpg,,trashnet-master/trashnet-master/data/dataset-resized/metal/metal395.jpg,,,,,,,,
trashnet_train_metal42.jpg,TrashNet,image_classification,train,Metal,metal,trashnet-master/trashnet-master/data/filtered_6class/train/Metal/metal42.jpg,,trashnet-master/trashnet-master/data/dataset-resized/metal/metal42.jpg,,,,,,,,
trashnet_train_metal167.jpg,TrashNet,image_classification,train,Metal,metal,trashnet-master/trashnet-master/data/filtered_6class/train/Metal/metal167.jpg,,trashnet-master/trashnet-master/data/dataset-resized/metal/metal167.jpg,,,,,,,,
trashnet_train_metal52.jpg,TrashNet,image_classification,train,Metal,metal,trashnet-master/trashnet-master/data/filtered_6class/train/Metal/metal52.jpg,,trashnet-master/trashnet-master/data/dataset-resized/metal/metal52.jpg,,,,,,,,
trashnet_train_metal36.jpg,TrashNet,image_classification,train,Metal,metal,trashnet-master/trashnet-master/data/filtered_6class/train/Metal/metal36.jpg,,trashnet-master/trashnet-master/data/dataset-resized/metal/metal36.jpg,,,,,,,,
trashnet_train_metal402.jpg,TrashNet,image_classification,train,Metal,metal,trashnet-master/trashnet-master/data/filtered_6class/train/Metal/metal402.jpg,,trashnet-master/trashnet-master/data/dataset-resized/metal/metal402.jpg,,,,,,,,
trashnet_train_metal109.jpg,TrashNet,image_classification,train,Metal,metal,trashnet-master/trashnet-master/data/filtered_6class/train/Metal/metal109.jpg,,trashnet-master/trashnet-master/data/dataset-resized/metal/metal109.jpg,,,,,,,,
trashnet_train_metal400.jpg,TrashNet,image_classification,train,Metal,metal,trashnet-master/trashnet-master/data/filtered_6class/train/Metal/metal400.jpg,,trashnet-master/trashnet-master/data/dataset-resized/metal/metal400.jpg,,,,,,,,
trashnet_train_metal17.jpg,TrashNet,image_classification,train,Metal,metal,trashnet-master/trashnet-master/data/filtered_6class/train/Metal/metal17.jpg,,trashnet-master/trashnet-master/data/dataset-resized/metal/metal17.jpg,,,,,,,,
trashnet_train_metal337.jpg,TrashNet,image_classification,train,Metal,metal,trashnet-master/trashnet-master/data/filtered_6class/train/Metal/metal337.jpg,,trashnet-master/trashnet-master/data/dataset-resized/metal/metal337.jpg,,,,,,,,
trashnet_train_metal307.jpg,TrashNet,image_classification,train,Metal,metal,trashnet-master/trashnet-master/data/filtered_6class/train/Metal/metal307.jpg,,trashnet-master/trashnet-master/data/dataset-resized/metal/metal307.jpg,,,,,,,,
trashnet_train_metal66.jpg,TrashNet,image_classification,train,Metal,metal,trashnet-master/trashnet-master/data/filtered_6class/train/Metal/metal66.jpg,,trashnet-master/trashnet-master/data/dataset-resized/metal/metal66.jpg,,,,,,,,
trashnet_train_metal162.jpg,TrashNet,image_classification,train,Metal,metal,trashnet-master/trashnet-master/data/filtered_6class/train/Metal/metal162.jpg,,trashnet-master/trashnet-master/data/dataset-resized/metal/metal162.jpg,,,,,,,,
trashnet_train_metal144.jpg,TrashNet,image_classification,train,Metal,metal,trashnet-master/trashnet-master/data/filtered_6class/train/Metal/metal144.jpg,,trashnet-master/trashnet-master/data/dataset-resized/metal/metal144.jpg,,,,,,,,
trashnet_train_metal33.jpg,TrashNet,image_classification,train,Metal,metal,trashnet-master/trashnet-master/data/filtered_6class/train/Metal/metal33.jpg,,trashnet-master/trashnet-master/data/dataset-resized/metal/metal33.jpg,,,,,,,,
trashnet_train_metal117.jpg,TrashNet,image_classification,train,Metal,metal,trashnet-master/trashnet-master/data/filtered_6class/train/Metal/metal117.jpg,,trashnet-master/trashnet-master/data/dataset-resized/metal/metal117.jpg,,,,,,,,
trashnet_train_metal164.jpg,TrashNet,image_classification,train,Metal,metal,trashnet-master/trashnet-master/data/filtered_6class/train/Metal/metal164.jpg,,trashnet-master/trashnet-master/data/dataset-resized/metal/metal164.jpg,,,,,,,,
trashnet_train_metal232.jpg,TrashNet,image_classification,train,Metal,metal,trashnet-master/trashnet-master/data/filtered_6class/train/Metal/metal232.jpg,,trashnet-master/trashnet-master/data/dataset-resized/metal/metal232.jpg,,,,,,,,
trashnet_train_metal353.jpg,TrashNet,image_classification,train,Metal,metal,trashnet-master/trashnet-master/data/filtered_6class/train/Metal/metal353.jpg,,trashnet-master/trashnet-master/data/dataset-resized/metal/metal353.jpg,,,,,,,,
trashnet_train_metal268.jpg,TrashNet,image_classification,train,Metal,metal,trashnet-master/trashnet-master/data/filtered_6class/train/Metal/metal268.jpg,,trashnet-master/trashnet-master/data/dataset-resized/metal/metal268.jpg,,,,,,,,
trashnet_train_metal173.jpg,TrashNet,image_classification,train,Metal,metal,trashnet-master/trashnet-master/data/filtered_6class/train/Metal/metal173.jpg,,trashnet-master/trashnet-master/data/dataset-resized/metal/metal173.jpg,,,,,,,,
trashnet_train_metal136.jpg,TrashNet,image_classification,train,Metal,metal,trashnet-master/trashnet-master/data/filtered_6class/train/Metal/metal136.jpg,,trashnet-master/trashnet-master/data/dataset-resized/metal/metal136.jpg,,,,,,,,
trashnet_train_metal359.jpg,TrashNet,image_classification,train,Metal,metal,trashnet-master/trashnet-master/data/filtered_6class/train/Metal/metal359.jpg,,trashnet-master/trashnet-master/data/dataset-resized/metal/metal359.jpg,,,,,,,,
trashnet_train_metal169.jpg,TrashNet,image_classification,train,Metal,metal,trashnet-master/trashnet-master/data/filtered_6class/train/Metal/metal169.jpg,,trashnet-master/trashnet-master/data/dataset-resized/metal/metal169.jpg,,,,,,,,
trashnet_train_metal319.jpg,TrashNet,image_classification,train,Metal,metal,trashnet-master/trashnet-master/data/filtered_6class/train/Metal/metal319.jpg,,trashnet-master/trashnet-master/data/dataset-resized/metal/metal319.jpg,,,,,,,,
trashnet_train_metal349.jpg,TrashNet,image_classification,train,Metal,metal,trashnet-master/trashnet-master/data/filtered_6class/train/Metal/metal349.jpg,,trashnet-master/trashnet-master/data/dataset-resized/metal/metal349.jpg,,,,,,,,
trashnet_train_metal293.jpg,TrashNet,image_classification,train,Metal,metal,trashnet-master/trashnet-master/data/filtered_6class/train/Metal/metal293.jpg,,trashnet-master/trashnet-master/data/dataset-resized/metal/metal293.jpg,,,,,,,,
trashnet_train_metal111.jpg,TrashNet,image_classification,train,Metal,metal,trashnet-master/trashnet-master/data/filtered_6class/train/Metal/metal111.jpg,,trashnet-master/trashnet-master/data/dataset-resized/metal/metal111.jpg,,,,,,,,
trashnet_train_metal214.jpg,TrashNet,image_classification,train,Metal,metal,trashnet-master/trashnet-master/data/filtered_6class/train/Metal/metal214.jpg,,trashnet-master/trashnet-master/data/dataset-resized/metal/metal214.jpg,,,,,,,,
trashnet_train_metal93.jpg,TrashNet,image_classification,train,Metal,metal,trashnet-master/trashnet-master/data/filtered_6class/train/Metal/metal93.jpg,,trashnet-master/trashnet-master/data/dataset-resized/metal/metal93.jpg,,,,,,,,
trashnet_train_metal250.jpg,TrashNet,image_classification,train,Metal,metal,trashnet-master/trashnet-master/data/filtered_6class/train/Metal/metal250.jpg,,trashnet-master/trashnet-master/data/dataset-resized/metal/metal250.jpg,,,,,,,,
trashnet_train_metal140.jpg,TrashNet,image_classification,train,Metal,metal,trashnet-master/trashnet-master/data/filtered_6class/train/Metal/metal140.jpg,,trashnet-master/trashnet-master/data/dataset-resized/metal/metal140.jpg,,,,,,,,
trashnet_train_metal372.jpg,TrashNet,image_classification,train,Metal,metal,trashnet-master/trashnet-master/data/filtered_6class/train/Metal/metal372.jpg,,trashnet-master/trashnet-master/data/dataset-resized/metal/metal372.jpg,,,,,,,,
trashnet_train_metal9.jpg,TrashNet,image_classification,train,Metal,metal,trashnet-master/trashnet-master/data/filtered_6class/train/Metal/metal9.jpg,,trashnet-master/trashnet-master/data/dataset-resized/metal/metal9.jpg,,,,,,,,
trashnet_train_metal276.jpg,TrashNet,image_classification,train,Metal,metal,trashnet-master/trashnet-master/data/filtered_6class/train/Metal/metal276.jpg,,trashnet-master/trashnet-master/data/dataset-resized/metal/metal276.jpg,,,,,,,,
trashnet_train_metal34.jpg,TrashNet,image_classification,train,Metal,metal,trashnet-master/trashnet-master/data/filtered_6class/train/Metal/metal34.jpg,,trashnet-master/trashnet-master/data/dataset-resized/metal/metal34.jpg,,,,,,,,
trashnet_train_metal366.jpg,TrashNet,image_classification,train,Metal,metal,trashnet-master/trashnet-master/data/filtered_6class/train/Metal/metal366.jpg,,trashnet-master/trashnet-master/data/dataset-resized/metal/metal366.jpg,,,,,,,,
trashnet_train_metal368.jpg,TrashNet,image_classification,train,Metal,metal,trashnet-master/trashnet-master/data/filtered_6class/train/Metal/metal368.jpg,,trashnet-master/trashnet-master/data/dataset-resized/metal/metal368.jpg,,,,,,,,
trashnet_train_metal240.jpg,TrashNet,image_classification,train,Metal,metal,trashnet-master/trashnet-master/data/filtered_6class/train/Metal/metal240.jpg,,trashnet-master/trashnet-master/data/dataset-resized/metal/metal240.jpg,,,,,,,,
trashnet_train_metal358.jpg,TrashNet,image_classification,train,Metal,metal,trashnet-master/trashnet-master/data/filtered_6class/train/Metal/metal358.jpg,,trashnet-master/trashnet-master/data/dataset-resized/metal/metal358.jpg,,,,,,,,
trashnet_train_metal393.jpg,TrashNet,image_classification,train,Metal,metal,trashnet-master/trashnet-master/data/filtered_6class/train/Metal/metal393.jpg,,trashnet-master/trashnet-master/data/dataset-resized/metal/metal393.jpg,,,,,,,,
trashnet_train_metal284.jpg,TrashNet,image_classification,train,Metal,metal,trashnet-master/trashnet-master/data/filtered_6class/train/Metal/metal284.jpg,,trashnet-master/trashnet-master/data/dataset-resized/metal/metal284.jpg,,,,,,,,
trashnet_train_metal86.jpg,TrashNet,image_classification,train,Metal,metal,trashnet-master/trashnet-master/data/filtered_6class/train/Metal/metal86.jpg,,trashnet-master/trashnet-master/data/dataset-resized/metal/metal86.jpg,,,,,,,,
trashnet_train_metal193.jpg,TrashNet,image_classification,train,Metal,metal,trashnet-master/trashnet-master/data/filtered_6class/train/Metal/metal193.jpg,,trashnet-master/trashnet-master/data/dataset-resized/metal/metal193.jpg,,,,,,,,
trashnet_train_metal194.jpg,TrashNet,image_classification,train,Metal,metal,trashnet-master/trashnet-master/data/filtered_6class/train/Metal/metal194.jpg,,trashnet-master/trashnet-master/data/dataset-resized/metal/metal194.jpg,,,,,,,,
trashnet_train_metal22.jpg,TrashNet,image_classification,train,Metal,metal,trashnet-master/trashnet-master/data/filtered_6class/train/Metal/metal22.jpg,,trashnet-master/trashnet-master/data/dataset-resized/metal/metal22.jpg,,,,,,,,
trashnet_train_metal81.jpg,TrashNet,image_classification,train,Metal,metal,trashnet-master/trashnet-master/data/filtered_6class/train/Metal/metal81.jpg,,trashnet-master/trashnet-master/data/dataset-resized/metal/metal81.jpg,,,,,,,,
trashnet_train_metal308.jpg,TrashNet,image_classification,train,Metal,metal,trashnet-master/trashnet-master/data/filtered_6class/train/Metal/metal308.jpg,,trashnet-master/trashnet-master/data/dataset-resized/metal/metal308.jpg,,,,,,,,
trashnet_train_metal170.jpg,TrashNet,image_classification,train,Metal,metal,trashnet-master/trashnet-master/data/filtered_6class/train/Metal/metal170.jpg,,trashnet-master/trashnet-master/data/dataset-resized/metal/metal170.jpg,,,,,,,,
trashnet_train_metal274.jpg,TrashNet,image_classification,train,Metal,metal,trashnet-master/trashnet-master/data/filtered_6class/train/Metal/metal274.jpg,,trashnet-master/trashnet-master/data/dataset-resized/metal/metal274.jpg,,,,,,,,
trashnet_train_metal28.jpg,TrashNet,image_classification,train,Metal,metal,trashnet-master/trashnet-master/data/filtered_6class/train/Metal/metal28.jpg,,trashnet-master/trashnet-master/data/dataset-resized/metal/metal28.jpg,,,,,,,,
trashnet_train_metal290.jpg,TrashNet,image_classification,train,Metal,metal,trashnet-master/trashnet-master/data/filtered_6class/train/Metal/metal290.jpg,,trashnet-master/trashnet-master/data/dataset-resized/metal/metal290.jpg,,,,,,,,
trashnet_train_metal129.jpg,TrashNet,image_classification,train,Metal,metal,trashnet-master/trashnet-master/data/filtered_6class/train/Metal/metal129.jpg,,trashnet-master/trashnet-master/data/dataset-resized/metal/metal129.jpg,,,,,,,,
trashnet_train_metal322.jpg,TrashNet,image_classification,train,Metal,metal,trashnet-master/trashnet-master/data/filtered_6class/train/Metal/metal322.jpg,,trashnet-master/trashnet-master/data/dataset-resized/metal/metal322.jpg,,,,,,,,
trashnet_train_metal206.jpg,TrashNet,image_classification,train,Metal,metal,trashnet-master/trashnet-master/data/filtered_6class/train/Metal/metal206.jpg,,trashnet-master/trashnet-master/data/dataset-resized/metal/metal206.jpg,,,,,,,,
trashnet_train_metal316.jpg,TrashNet,image_classification,train,Metal,metal,trashnet-master/trashnet-master/data/filtered_6class/train/Metal/metal316.jpg,,trashnet-master/trashnet-master/data/dataset-resized/metal/metal316.jpg,,,,,,,,
trashnet_train_metal311.jpg,TrashNet,image_classification,train,Metal,metal,trashnet-master/trashnet-master/data/filtered_6class/train/Metal/metal311.jpg,,trashnet-master/trashnet-master/data/dataset-resized/metal/metal311.jpg,,,,,,,,
trashnet_train_metal226.jpg,TrashNet,image_classification,train,Metal,metal,trashnet-master/trashnet-master/data/filtered_6class/train/Metal/metal226.jpg,,trashnet-master/trashnet-master/data/dataset-resized/metal/metal226.jpg,,,,,,,,
trashnet_train_metal264.jpg,TrashNet,image_classification,train,Metal,metal,trashnet-master/trashnet-master/data/filtered_6class/train/Metal/metal264.jpg,,trashnet-master/trashnet-master/data/dataset-resized/metal/metal264.jpg,,,,,,,,
trashnet_train_metal302.jpg,TrashNet,image_classification,train,Metal,metal,trashnet-master/trashnet-master/data/filtered_6class/train/Metal/metal302.jpg,,trashnet-master/trashnet-master/data/dataset-resized/metal/metal302.jpg,,,,,,,,
trashnet_train_metal212.jpg,TrashNet,image_classification,train,Metal,metal,trashnet-master/trashnet-master/data/filtered_6class/train/Metal/metal212.jpg,,trashnet-master/trashnet-master/data/dataset-resized/metal/metal212.jpg,,,,,,,,
trashnet_train_metal68.jpg,TrashNet,image_classification,train,Metal,metal,trashnet-master/trashnet-master/data/filtered_6class/train/Metal/metal68.jpg,,trashnet-master/trashnet-master/data/dataset-resized/metal/metal68.jpg,,,,,,,,
trashnet_train_metal310.jpg,TrashNet,image_classification,train,Metal,metal,trashnet-master/trashnet-master/data/filtered_6class/train/Metal/metal310.jpg,,trashnet-master/trashnet-master/data/dataset-resized/metal/metal310.jpg,,,,,,,,
trashnet_train_metal287.jpg,TrashNet,image_classification,train,Metal,metal,trashnet-master/trashnet-master/data/filtered_6class/train/Metal/metal287.jpg,,trashnet-master/trashnet-master/data/dataset-resized/metal/metal287.jpg,,,,,,,,
trashnet_train_metal381.jpg,TrashNet,image_classification,train,Metal,metal,trashnet-master/trashnet-master/data/filtered_6class/train/Metal/metal381.jpg,,trashnet-master/trashnet-master/data/dataset-resized/metal/metal381.jpg,,,,,,,,
trashnet_train_metal150.jpg,TrashNet,image_classification,train,Metal,metal,trashnet-master/trashnet-master/data/filtered_6class/train/Metal/metal150.jpg,,trashnet-master/trashnet-master/data/dataset-resized/metal/metal150.jpg,,,,,,,,
trashnet_train_metal216.jpg,TrashNet,image_classification,train,Metal,metal,trashnet-master/trashnet-master/data/filtered_6class/train/Metal/metal216.jpg,,trashnet-master/trashnet-master/data/dataset-resized/metal/metal216.jpg,,,,,,,,
trashnet_train_metal324.jpg,TrashNet,image_classification,train,Metal,metal,trashnet-master/trashnet-master/data/filtered_6class/train/Metal/metal324.jpg,,trashnet-master/trashnet-master/data/dataset-resized/metal/metal324.jpg,,,,,,,,
trashnet_train_metal380.jpg,TrashNet,image_classification,train,Metal,metal,trashnet-master/trashnet-master/data/filtered_6class/train/Metal/metal380.jpg,,trashnet-master/trashnet-master/data/dataset-resized/metal/metal380.jpg,,,,,,,,
trashnet_train_metal246.jpg,TrashNet,image_classification,train,Metal,metal,trashnet-master/trashnet-master/data/filtered_6class/train/Metal/metal246.jpg,,trashnet-master/trashnet-master/data/dataset-resized/metal/metal246.jpg,,,,,,,,
trashnet_train_metal343.jpg,TrashNet,image_classification,train,Metal,metal,trashnet-master/trashnet-master/data/filtered_6class/train/Metal/metal343.jpg,,trashnet-master/trashnet-master/data/dataset-resized/metal/metal343.jpg,,,,,,,,
trashnet_train_metal313.jpg,TrashNet,image_classification,train,Metal,metal,trashnet-master/trashnet-master/data/filtered_6class/train/Metal/metal313.jpg,,trashnet-master/trashnet-master/data/dataset-resized/metal/metal313.jpg,,,,,,,,
trashnet_train_metal281.jpg,TrashNet,image_classification,train,Metal,metal,trashnet-master/trashnet-master/data/filtered_6class/train/Metal/metal281.jpg,,trashnet-master/trashnet-master/data/dataset-resized/metal/metal281.jpg,,,,,,,,
trashnet_train_metal49.jpg,TrashNet,image_classification,train,Metal,metal,trashnet-master/trashnet-master/data/filtered_6class/train/Metal/metal49.jpg,,trashnet-master/trashnet-master/data/dataset-resized/metal/metal49.jpg,,,,,,,,
trashnet_train_metal92.jpg,TrashNet,image_classification,train,Metal,metal,trashnet-master/trashnet-master/data/filtered_6class/train/Metal/metal92.jpg,,trashnet-master/trashnet-master/data/dataset-resized/metal/metal92.jpg,,,,,,,,
trashnet_train_metal166.jpg,TrashNet,image_classification,train,Metal,metal,trashnet-master/trashnet-master/data/filtered_6class/train/Metal/metal166.jpg,,trashnet-master/trashnet-master/data/dataset-resized/metal/metal166.jpg,,,,,,,,
trashnet_train_metal223.jpg,TrashNet,image_classification,train,Metal,metal,trashnet-master/trashnet-master/data/filtered_6class/train/Metal/metal223.jpg,,trashnet-master/trashnet-master/data/dataset-resized/metal/metal223.jpg,,,,,,,,
trashnet_train_metal339.jpg,TrashNet,image_classification,train,Metal,metal,trashnet-master/trashnet-master/data/filtered_6class/train/Metal/metal339.jpg,,trashnet-master/trashnet-master/data/dataset-resized/metal/metal339.jpg,,,,,,,,
trashnet_train_metal113.jpg,TrashNet,image_classification,train,Metal,metal,trashnet-master/trashnet-master/data/filtered_6class/train/Metal/metal113.jpg,,trashnet-master/trashnet-master/data/dataset-resized/metal/metal113.jpg,,,,,,,,
trashnet_train_metal262.jpg,TrashNet,image_classification,train,Metal,metal,trashnet-master/trashnet-master/data/filtered_6class/train/Metal/metal262.jpg,,trashnet-master/trashnet-master/data/dataset-resized/metal/metal262.jpg,,,,,,,,
trashnet_train_metal179.jpg,TrashNet,image_classification,train,Metal,metal,trashnet-master/trashnet-master/data/filtered_6class/train/Metal/metal179.jpg,,trashnet-master/trashnet-master/data/dataset-resized/metal/metal179.jpg,,,,,,,,
trashnet_train_metal58.jpg,TrashNet,image_classification,train,Metal,metal,trashnet-master/trashnet-master/data/filtered_6class/train/Metal/metal58.jpg,,trashnet-master/trashnet-master/data/dataset-resized/metal/metal58.jpg,,,,,,,,
trashnet_train_metal334.jpg,TrashNet,image_classification,train,Metal,metal,trashnet-master/trashnet-master/data/filtered_6class/train/Metal/metal334.jpg,,trashnet-master/trashnet-master/data/dataset-resized/metal/metal334.jpg,,,,,,,,
trashnet_train_metal256.jpg,TrashNet,image_classification,train,Metal,metal,trashnet-master/trashnet-master/data/filtered_6class/train/Metal/metal256.jpg,,trashnet-master/trashnet-master/data/dataset-resized/metal/metal256.jpg,,,,,,,,
trashnet_train_metal79.jpg,TrashNet,image_classification,train,Metal,metal,trashnet-master/trashnet-master/data/filtered_6class/train/Metal/metal79.jpg,,trashnet-master/trashnet-master/data/dataset-resized/metal/metal79.jpg,,,,,,,,
trashnet_train_metal314.jpg,TrashNet,image_classification,train,Metal,metal,trashnet-master/trashnet-master/data/filtered_6class/train/Metal/metal314.jpg,,trashnet-master/trashnet-master/data/dataset-resized/metal/metal314.jpg,,,,,,,,
trashnet_train_metal74.jpg,TrashNet,image_classification,train,Metal,metal,trashnet-master/trashnet-master/data/filtered_6class/train/Metal/metal74.jpg,,trashnet-master/trashnet-master/data/dataset-resized/metal/metal74.jpg,,,,,,,,
trashnet_train_metal139.jpg,TrashNet,image_classification,train,Metal,metal,trashnet-master/trashnet-master/data/filtered_6class/train/Metal/metal139.jpg,,trashnet-master/trashnet-master/data/dataset-resized/metal/metal139.jpg,,,,,,,,
trashnet_train_metal379.jpg,TrashNet,image_classification,train,Metal,metal,trashnet-master/trashnet-master/data/filtered_6class/train/Metal/metal379.jpg,,trashnet-master/trashnet-master/data/dataset-resized/metal/metal379.jpg,,,,,,,,
trashnet_train_metal377.jpg,TrashNet,image_classification,train,Metal,metal,trashnet-master/trashnet-master/data/filtered_6class/train/Metal/metal377.jpg,,trashnet-master/trashnet-master/data/dataset-resized/metal/metal377.jpg,,,,,,,,
trashnet_train_metal75.jpg,TrashNet,image_classification,train,Metal,metal,trashnet-master/trashnet-master/data/filtered_6class/train/Metal/metal75.jpg,,trashnet-master/trashnet-master/data/dataset-resized/metal/metal75.jpg,,,,,,,,
trashnet_train_metal127.jpg,TrashNet,image_classification,train,Metal,metal,trashnet-master/trashnet-master/data/filtered_6class/train/Metal/metal127.jpg,,trashnet-master/trashnet-master/data/dataset-resized/metal/metal127.jpg,,,,,,,,
trashnet_train_metal145.jpg,TrashNet,image_classification,train,Metal,metal,trashnet-master/trashnet-master/data/filtered_6class/train/Metal/metal145.jpg,,trashnet-master/trashnet-master/data/dataset-resized/metal/metal145.jpg,,,,,,,,
trashnet_train_metal211.jpg,TrashNet,image_classification,train,Metal,metal,trashnet-master/trashnet-master/data/filtered_6class/train/Metal/metal211.jpg,,trashnet-master/trashnet-master/data/dataset-resized/metal/metal211.jpg,,,,,,,,
trashnet_train_metal259.jpg,TrashNet,image_classification,train,Metal,metal,trashnet-master/trashnet-master/data/filtered_6class/train/Metal/metal259.jpg,,trashnet-master/trashnet-master/data/dataset-resized/metal/metal259.jpg,,,,,,,,
trashnet_train_metal5.jpg,TrashNet,image_classification,train,Metal,metal,trashnet-master/trashnet-master/data/filtered_6class/train/Metal/metal5.jpg,,trashnet-master/trashnet-master/data/dataset-resized/metal/metal5.jpg,,,,,,,,
trashnet_train_metal348.jpg,TrashNet,image_classification,train,Metal,metal,trashnet-master/trashnet-master/data/filtered_6class/train/Metal/metal348.jpg,,trashnet-master/trashnet-master/data/dataset-resized/metal/metal348.jpg,,,,,,,,
trashnet_train_metal148.jpg,TrashNet,image_classification,train,Metal,metal,trashnet-master/trashnet-master/data/filtered_6class/train/Metal/metal148.jpg,,trashnet-master/trashnet-master/data/dataset-resized/metal/metal148.jpg,,,,,,,,
trashnet_train_metal201.jpg,TrashNet,image_classification,train,Metal,metal,trashnet-master/trashnet-master/data/filtered_6class/train/Metal/metal201.jpg,,trashnet-master/trashnet-master/data/dataset-resized/metal/metal201.jpg,,,,,,,,
trashnet_train_metal55.jpg,TrashNet,image_classification,train,Metal,metal,trashnet-master/trashnet-master/data/filtered_6class/train/Metal/metal55.jpg,,trashnet-master/trashnet-master/data/dataset-resized/metal/metal55.jpg,,,,,,,,
trashnet_train_metal159.jpg,TrashNet,image_classification,train,Metal,metal,trashnet-master/trashnet-master/data/filtered_6class/train/Metal/metal159.jpg,,trashnet-master/trashnet-master/data/dataset-resized/metal/metal159.jpg,,,,,,,,
trashnet_train_metal43.jpg,TrashNet,image_classification,train,Metal,metal,trashnet-master/trashnet-master/data/filtered_6class/train/Metal/metal43.jpg,,trashnet-master/trashnet-master/data/dataset-resized/metal/metal43.jpg,,,,,,,,
trashnet_train_metal16.jpg,TrashNet,image_classification,train,Metal,metal,trashnet-master/trashnet-master/data/filtered_6class/train/Metal/metal16.jpg,,trashnet-master/trashnet-master/data/dataset-resized/metal/metal16.jpg,,,,,,,,
trashnet_train_metal126.jpg,TrashNet,image_classification,train,Metal,metal,trashnet-master/trashnet-master/data/filtered_6class/train/Metal/metal126.jpg,,trashnet-master/trashnet-master/data/dataset-resized/metal/metal126.jpg,,,,,,,,
trashnet_train_metal228.jpg,TrashNet,image_classification,train,Metal,metal,trashnet-master/trashnet-master/data/filtered_6class/train/Metal/metal228.jpg,,trashnet-master/trashnet-master/data/dataset-resized/metal/metal228.jpg,,,,,,,,
trashnet_train_metal189.jpg,TrashNet,image_classification,train,Metal,metal,trashnet-master/trashnet-master/data/filtered_6class/train/Metal/metal189.jpg,,trashnet-master/trashnet-master/data/dataset-resized/metal/metal189.jpg,,,,,,,,
trashnet_train_metal218.jpg,TrashNet,image_classification,train,Metal,metal,trashnet-master/trashnet-master/data/filtered_6class/train/Metal/metal218.jpg,,trashnet-master/trashnet-master/data/dataset-resized/metal/metal218.jpg,,,,,,,,
trashnet_train_metal213.jpg,TrashNet,image_classification,train,Metal,metal,trashnet-master/trashnet-master/data/filtered_6class/train/Metal/metal213.jpg,,trashnet-master/trashnet-master/data/dataset-resized/metal/metal213.jpg,,,,,,,,
trashnet_train_metal141.jpg,TrashNet,image_classification,train,Metal,metal,trashnet-master/trashnet-master/data/filtered_6class/train/Metal/metal141.jpg,,trashnet-master/trashnet-master/data/dataset-resized/metal/metal141.jpg,,,,,,,,
trashnet_train_metal361.jpg,TrashNet,image_classification,train,Metal,metal,trashnet-master/trashnet-master/data/filtered_6class/train/Metal/metal361.jpg,,trashnet-master/trashnet-master/data/dataset-resized/metal/metal361.jpg,,,,,,,,
trashnet_train_metal104.jpg,TrashNet,image_classification,train,Metal,metal,trashnet-master/trashnet-master/data/filtered_6class/train/Metal/metal104.jpg,,trashnet-master/trashnet-master/data/dataset-resized/metal/metal104.jpg,,,,,,,,
trashnet_train_metal360.jpg,TrashNet,image_classification,train,Metal,metal,trashnet-master/trashnet-master/data/filtered_6class/train/Metal/metal360.jpg,,trashnet-master/trashnet-master/data/dataset-resized/metal/metal360.jpg,,,,,,,,
trashnet_train_metal370.jpg,TrashNet,image_classification,train,Metal,metal,trashnet-master/trashnet-master/data/filtered_6class/train/Metal/metal370.jpg,,trashnet-master/trashnet-master/data/dataset-resized/metal/metal370.jpg,,,,,,,,
trashnet_train_metal163.jpg,TrashNet,image_classification,train,Metal,metal,trashnet-master/trashnet-master/data/filtered_6class/train/Metal/metal163.jpg,,trashnet-master/trashnet-master/data/dataset-resized/metal/metal163.jpg,,,,,,,,
trashnet_train_metal249.jpg,TrashNet,image_classification,train,Metal,metal,trashnet-master/trashnet-master/data/filtered_6class/train/Metal/metal249.jpg,,trashnet-master/trashnet-master/data/dataset-resized/metal/metal249.jpg,,,,,,,,
trashnet_train_metal171.jpg,TrashNet,image_classification,train,Metal,metal,trashnet-master/trashnet-master/data/filtered_6class/train/Metal/metal171.jpg,,trashnet-master/trashnet-master/data/dataset-resized/metal/metal171.jpg,,,,,,,,
trashnet_train_metal190.jpg,TrashNet,image_classification,train,Metal,metal,trashnet-master/trashnet-master/data/filtered_6class/train/Metal/metal190.jpg,,trashnet-master/trashnet-master/data/dataset-resized/metal/metal190.jpg,,,,,,,,
trashnet_train_metal325.jpg,TrashNet,image_classification,train,Metal,metal,trashnet-master/trashnet-master/data/filtered_6class/train/Metal/metal325.jpg,,trashnet-master/trashnet-master/data/dataset-resized/metal/metal325.jpg,,,,,,,,
trashnet_train_metal220.jpg,TrashNet,image_classification,train,Metal,metal,trashnet-master/trashnet-master/data/filtered_6class/train/Metal/metal220.jpg,,trashnet-master/trashnet-master/data/dataset-resized/metal/metal220.jpg,,,,,,,,
trashnet_train_metal130.jpg,TrashNet,image_classification,train,Metal,metal,trashnet-master/trashnet-master/data/filtered_6class/train/Metal/metal130.jpg,,trashnet-master/trashnet-master/data/dataset-resized/metal/metal130.jpg,,,,,,,,
trashnet_train_metal375.jpg,TrashNet,image_classification,train,Metal,metal,trashnet-master/trashnet-master/data/filtered_6class/train/Metal/metal375.jpg,,trashnet-master/trashnet-master/data/dataset-resized/metal/metal375.jpg,,,,,,,,
trashnet_train_metal116.jpg,TrashNet,image_classification,train,Metal,metal,trashnet-master/trashnet-master/data/filtered_6class/train/Metal/metal116.jpg,,trashnet-master/trashnet-master/data/dataset-resized/metal/metal116.jpg,,,,,,,,
trashnet_train_metal275.jpg,TrashNet,image_classification,train,Metal,metal,trashnet-master/trashnet-master/data/filtered_6class/train/Metal/metal275.jpg,,trashnet-master/trashnet-master/data/dataset-resized/metal/metal275.jpg,,,,,,,,
trashnet_train_metal200.jpg,TrashNet,image_classification,train,Metal,metal,trashnet-master/trashnet-master/data/filtered_6class/train/Metal/metal200.jpg,,trashnet-master/trashnet-master/data/dataset-resized/metal/metal200.jpg,,,,,,,,
trashnet_train_metal7.jpg,TrashNet,image_classification,train,Metal,metal,trashnet-master/trashnet-master/data/filtered_6class/train/Metal/metal7.jpg,,trashnet-master/trashnet-master/data/dataset-resized/metal/metal7.jpg,,,,,,,,
trashnet_train_metal184.jpg,TrashNet,image_classification,train,Metal,metal,trashnet-master/trashnet-master/data/filtered_6class/train/Metal/metal184.jpg,,trashnet-master/trashnet-master/data/dataset-resized/metal/metal184.jpg,,,,,,,,
trashnet_train_metal202.jpg,TrashNet,image_classification,train,Metal,metal,trashnet-master/trashnet-master/data/filtered_6class/train/Metal/metal202.jpg,,trashnet-master/trashnet-master/data/dataset-resized/metal/metal202.jpg,,,,,,,,
trashnet_train_metal365.jpg,TrashNet,image_classification,train,Metal,metal,trashnet-master/trashnet-master/data/filtered_6class/train/Metal/metal365.jpg,,trashnet-master/trashnet-master/data/dataset-resized/metal/metal365.jpg,,,,,,,,
trashnet_train_metal134.jpg,TrashNet,image_classification,train,Metal,metal,trashnet-master/trashnet-master/data/filtered_6class/train/Metal/metal134.jpg,,trashnet-master/trashnet-master/data/dataset-resized/metal/metal134.jpg,,,,,,,,
trashnet_train_metal84.jpg,TrashNet,image_classification,train,Metal,metal,trashnet-master/trashnet-master/data/filtered_6class/train/Metal/metal84.jpg,,trashnet-master/trashnet-master/data/dataset-resized/metal/metal84.jpg,,,,,,,,
trashnet_train_metal41.jpg,TrashNet,image_classification,train,Metal,metal,trashnet-master/trashnet-master/data/filtered_6class/train/Metal/metal41.jpg,,trashnet-master/trashnet-master/data/dataset-resized/metal/metal41.jpg,,,,,,,,
trashnet_train_metal23.jpg,TrashNet,image_classification,train,Metal,metal,trashnet-master/trashnet-master/data/filtered_6class/train/Metal/metal23.jpg,,trashnet-master/trashnet-master/data/dataset-resized/metal/metal23.jpg,,,,,,,,
trashnet_train_metal318.jpg,TrashNet,image_classification,train,Metal,metal,trashnet-master/trashnet-master/data/filtered_6class/train/Metal/metal318.jpg,,trashnet-master/trashnet-master/data/dataset-resized/metal/metal318.jpg,,,,,,,,
trashnet_train_metal188.jpg,TrashNet,image_classification,train,Metal,metal,trashnet-master/trashnet-master/data/filtered_6class/train/Metal/metal188.jpg,,trashnet-master/trashnet-master/data/dataset-resized/metal/metal188.jpg,,,,,,,,
trashnet_train_metal355.jpg,TrashNet,image_classification,train,Metal,metal,trashnet-master/trashnet-master/data/filtered_6class/train/Metal/metal355.jpg,,trashnet-master/trashnet-master/data/dataset-resized/metal/metal355.jpg,,,,,,,,
trashnet_train_metal44.jpg,TrashNet,image_classification,train,Metal,metal,trashnet-master/trashnet-master/data/filtered_6class/train/Metal/metal44.jpg,,trashnet-master/trashnet-master/data/dataset-resized/metal/metal44.jpg,,,,,,,,
trashnet_train_metal248.jpg,TrashNet,image_classification,train,Metal,metal,trashnet-master/trashnet-master/data/filtered_6class/train/Metal/metal248.jpg,,trashnet-master/trashnet-master/data/dataset-resized/metal/metal248.jpg,,,,,,,,
trashnet_train_metal47.jpg,TrashNet,image_classification,train,Metal,metal,trashnet-master/trashnet-master/data/filtered_6class/train/Metal/metal47.jpg,,trashnet-master/trashnet-master/data/dataset-resized/metal/metal47.jpg,,,,,,,,
trashnet_train_metal153.jpg,TrashNet,image_classification,train,Metal,metal,trashnet-master/trashnet-master/data/filtered_6class/train/Metal/metal153.jpg,,trashnet-master/trashnet-master/data/dataset-resized/metal/metal153.jpg,,,,,,,,
trashnet_train_metal408.jpg,TrashNet,image_classification,train,Metal,metal,trashnet-master/trashnet-master/data/filtered_6class/train/Metal/metal408.jpg,,trashnet-master/trashnet-master/data/dataset-resized/metal/metal408.jpg,,,,,,,,
trashnet_train_metal157.jpg,TrashNet,image_classification,train,Metal,metal,trashnet-master/trashnet-master/data/filtered_6class/train/Metal/metal157.jpg,,trashnet-master/trashnet-master/data/dataset-resized/metal/metal157.jpg,,,,,,,,
trashnet_train_metal114.jpg,TrashNet,image_classification,train,Metal,metal,trashnet-master/trashnet-master/data/filtered_6class/train/Metal/metal114.jpg,,trashnet-master/trashnet-master/data/dataset-resized/metal/metal114.jpg,,,,,,,,
trashnet_train_metal300.jpg,TrashNet,image_classification,train,Metal,metal,trashnet-master/trashnet-master/data/filtered_6class/train/Metal/metal300.jpg,,trashnet-master/trashnet-master/data/dataset-resized/metal/metal300.jpg,,,,,,,,
trashnet_train_metal67.jpg,TrashNet,image_classification,train,Metal,metal,trashnet-master/trashnet-master/data/filtered_6class/train/Metal/metal67.jpg,,trashnet-master/trashnet-master/data/dataset-resized/metal/metal67.jpg,,,,,,,,
trashnet_train_metal112.jpg,TrashNet,image_classification,train,Metal,metal,trashnet-master/trashnet-master/data/filtered_6class/train/Metal/metal112.jpg,,trashnet-master/trashnet-master/data/dataset-resized/metal/metal112.jpg,,,,,,,,
trashnet_train_metal172.jpg,TrashNet,image_classification,train,Metal,metal,trashnet-master/trashnet-master/data/filtered_6class/train/Metal/metal172.jpg,,trashnet-master/trashnet-master/data/dataset-resized/metal/metal172.jpg,,,,,,,,
trashnet_train_metal267.jpg,TrashNet,image_classification,train,Metal,metal,trashnet-master/trashnet-master/data/filtered_6class/train/Metal/metal267.jpg,,trashnet-master/trashnet-master/data/dataset-resized/metal/metal267.jpg,,,,,,,,
trashnet_train_metal286.jpg,TrashNet,image_classification,train,Metal,metal,trashnet-master/trashnet-master/data/filtered_6class/train/Metal/metal286.jpg,,trashnet-master/trashnet-master/data/dataset-resized/metal/metal286.jpg,,,,,,,,
trashnet_train_metal133.jpg,TrashNet,image_classification,train,Metal,metal,trashnet-master/trashnet-master/data/filtered_6class/train/Metal/metal133.jpg,,trashnet-master/trashnet-master/data/dataset-resized/metal/metal133.jpg,,,,,,,,
trashnet_train_metal125.jpg,TrashNet,image_classification,train,Metal,metal,trashnet-master/trashnet-master/data/filtered_6class/train/Metal/metal125.jpg,,trashnet-master/trashnet-master/data/dataset-resized/metal/metal125.jpg,,,,,,,,
trashnet_train_metal225.jpg,TrashNet,image_classification,train,Metal,metal,trashnet-master/trashnet-master/data/filtered_6class/train/Metal/metal225.jpg,,trashnet-master/trashnet-master/data/dataset-resized/metal/metal225.jpg,,,,,,,,
trashnet_train_metal3.jpg,TrashNet,image_classification,train,Metal,metal,trashnet-master/trashnet-master/data/filtered_6class/train/Metal/metal3.jpg,,trashnet-master/trashnet-master/data/dataset-resized/metal/metal3.jpg,,,,,,,,
trashnet_train_metal4.jpg,TrashNet,image_classification,train,Metal,metal,trashnet-master/trashnet-master/data/filtered_6class/train/Metal/metal4.jpg,,trashnet-master/trashnet-master/data/dataset-resized/metal/metal4.jpg,,,,,,,,
trashnet_train_metal384.jpg,TrashNet,image_classification,train,Metal,metal,trashnet-master/trashnet-master/data/filtered_6class/train/Metal/metal384.jpg,,trashnet-master/trashnet-master/data/dataset-resized/metal/metal384.jpg,,,,,,,,
trashnet_train_metal347.jpg,TrashNet,image_classification,train,Metal,metal,trashnet-master/trashnet-master/data/filtered_6class/train/Metal/metal347.jpg,,trashnet-master/trashnet-master/data/dataset-resized/metal/metal347.jpg,,,,,,,,
trashnet_train_metal260.jpg,TrashNet,image_classification,train,Metal,metal,trashnet-master/trashnet-master/data/filtered_6class/train/Metal/metal260.jpg,,trashnet-master/trashnet-master/data/dataset-resized/metal/metal260.jpg,,,,,,,,
trashnet_train_metal303.jpg,TrashNet,image_classification,train,Metal,metal,trashnet-master/trashnet-master/data/filtered_6class/train/Metal/metal303.jpg,,trashnet-master/trashnet-master/data/dataset-resized/metal/metal303.jpg,,,,,,,,
trashnet_train_metal176.jpg,TrashNet,image_classification,train,Metal,metal,trashnet-master/trashnet-master/data/filtered_6class/train/Metal/metal176.jpg,,trashnet-master/trashnet-master/data/dataset-resized/metal/metal176.jpg,,,,,,,,
trashnet_train_metal296.jpg,TrashNet,image_classification,train,Metal,metal,trashnet-master/trashnet-master/data/filtered_6class/train/Metal/metal296.jpg,,trashnet-master/trashnet-master/data/dataset-resized/metal/metal296.jpg,,,,,,,,
trashnet_train_metal304.jpg,TrashNet,image_classification,train,Metal,metal,trashnet-master/trashnet-master/data/filtered_6class/train/Metal/metal304.jpg,,trashnet-master/trashnet-master/data/dataset-resized/metal/metal304.jpg,,,,,,,,
trashnet_train_metal24.jpg,TrashNet,image_classification,train,Metal,metal,trashnet-master/trashnet-master/data/filtered_6class/train/Metal/metal24.jpg,,trashnet-master/trashnet-master/data/dataset-resized/metal/metal24.jpg,,,,,,,,
trashnet_train_metal235.jpg,TrashNet,image_classification,train,Metal,metal,trashnet-master/trashnet-master/data/filtered_6class/train/Metal/metal235.jpg,,trashnet-master/trashnet-master/data/dataset-resized/metal/metal235.jpg,,,,,,,,
trashnet_train_metal25.jpg,TrashNet,image_classification,train,Metal,metal,trashnet-master/trashnet-master/data/filtered_6class/train/Metal/metal25.jpg,,trashnet-master/trashnet-master/data/dataset-resized/metal/metal25.jpg,,,,,,,,
trashnet_train_metal357.jpg,TrashNet,image_classification,train,Metal,metal,trashnet-master/trashnet-master/data/filtered_6class/train/Metal/metal357.jpg,,trashnet-master/trashnet-master/data/dataset-resized/metal/metal357.jpg,,,,,,,,
trashnet_train_metal146.jpg,TrashNet,image_classification,train,Metal,metal,trashnet-master/trashnet-master/data/filtered_6class/train/Metal/metal146.jpg,,trashnet-master/trashnet-master/data/dataset-resized/metal/metal146.jpg,,,,,,,,
trashnet_train_metal247.jpg,TrashNet,image_classification,train,Metal,metal,trashnet-master/trashnet-master/data/filtered_6class/train/Metal/metal247.jpg,,trashnet-master/trashnet-master/data/dataset-resized/metal/metal247.jpg,,,,,,,,
trashnet_train_metal388.jpg,TrashNet,image_classification,train,Metal,metal,trashnet-master/trashnet-master/data/filtered_6class/train/Metal/metal388.jpg,,trashnet-master/trashnet-master/data/dataset-resized/metal/metal388.jpg,,,,,,,,
trashnet_train_metal399.jpg,TrashNet,image_classification,train,Metal,metal,trashnet-master/trashnet-master/data/filtered_6class/train/Metal/metal399.jpg,,trashnet-master/trashnet-master/data/dataset-resized/metal/metal399.jpg,,,,,,,,
trashnet_train_metal182.jpg,TrashNet,image_classification,train,Metal,metal,trashnet-master/trashnet-master/data/filtered_6class/train/Metal/metal182.jpg,,trashnet-master/trashnet-master/data/dataset-resized/metal/metal182.jpg,,,,,,,,
trashnet_train_metal298.jpg,TrashNet,image_classification,train,Metal,metal,trashnet-master/trashnet-master/data/filtered_6class/train/Metal/metal298.jpg,,trashnet-master/trashnet-master/data/dataset-resized/metal/metal298.jpg,,,,,,,,
trashnet_train_metal96.jpg,TrashNet,image_classification,train,Metal,metal,trashnet-master/trashnet-master/data/filtered_6class/train/Metal/metal96.jpg,,trashnet-master/trashnet-master/data/dataset-resized/metal/metal96.jpg,,,,,,,,
trashnet_train_trash32.jpg,TrashNet,image_classification,train,Other,trash,trashnet-master/trashnet-master/data/filtered_6class/train/Other/trash32.jpg,,trashnet-master/trashnet-master/data/dataset-resized/trash/trash32.jpg,,,,,,,,
trashnet_train_trash55.jpg,TrashNet,image_classification,train,Other,trash,trashnet-master/trashnet-master/data/filtered_6class/train/Other/trash55.jpg,,trashnet-master/trashnet-master/data/dataset-resized/trash/trash55.jpg,,,,,,,,
trashnet_train_trash12.jpg,TrashNet,image_classification,train,Other,trash,trashnet-master/trashnet-master/data/filtered_6class/train/Other/trash12.jpg,,trashnet-master/trashnet-master/data/dataset-resized/trash/trash12.jpg,,,,,,,,
trashnet_train_trash1.jpg,TrashNet,image_classification,train,Other,trash,trashnet-master/trashnet-master/data/filtered_6class/train/Other/trash1.jpg,,trashnet-master/trashnet-master/data/dataset-resized/trash/trash1.jpg,,,,,,,,
trashnet_train_trash50.jpg,TrashNet,image_classification,train,Other,trash,trashnet-master/trashnet-master/data/filtered_6class/train/Other/trash50.jpg,,trashnet-master/trashnet-master/data/dataset-resized/trash/trash50.jpg,,,,,,,,
trashnet_train_trash49.jpg,TrashNet,image_classification,train,Other,trash,trashnet-master/trashnet-master/data/filtered_6class/train/Other/trash49.jpg,,trashnet-master/trashnet-master/data/dataset-resized/trash/trash49.jpg,,,,,,,,
trashnet_train_trash56.jpg,TrashNet,image_classification,train,Other,trash,trashnet-master/trashnet-master/data/filtered_6class/train/Other/trash56.jpg,,trashnet-master/trashnet-master/data/dataset-resized/trash/trash56.jpg,,,,,,,,
trashnet_train_trash78.jpg,TrashNet,image_classification,train,Other,trash,trashnet-master/trashnet-master/data/filtered_6class/train/Other/trash78.jpg,,trashnet-master/trashnet-master/data/dataset-resized/trash/trash78.jpg,,,,,,,,
trashnet_train_trash54.jpg,TrashNet,image_classification,train,Other,trash,trashnet-master/trashnet-master/data/filtered_6class/train/Other/trash54.jpg,,trashnet-master/trashnet-master/data/dataset-resized/trash/trash54.jpg,,,,,,,,
trashnet_train_trash131.jpg,TrashNet,image_classification,train,Other,trash,trashnet-master/trashnet-master/data/filtered_6class/train/Other/trash131.jpg,,trashnet-master/trashnet-master/data/dataset-resized/trash/trash131.jpg,,,,,,,,
trashnet_train_trash83.jpg,TrashNet,image_classification,train,Other,trash,trashnet-master/trashnet-master/data/filtered_6class/train/Other/trash83.jpg,,trashnet-master/trashnet-master/data/dataset-resized/trash/trash83.jpg,,,,,,,,
trashnet_train_trash71.jpg,TrashNet,image_classification,train,Other,trash,trashnet-master/trashnet-master/data/filtered_6class/train/Other/trash71.jpg,,trashnet-master/trashnet-master/data/dataset-resized/trash/trash71.jpg,,,,,,,,
trashnet_train_trash52.jpg,TrashNet,image_classification,train,Other,trash,trashnet-master/trashnet-master/data/filtered_6class/train/Other/trash52.jpg,,trashnet-master/trashnet-master/data/dataset-resized/trash/trash52.jpg,,,,,,,,
trashnet_train_trash39.jpg,TrashNet,image_classification,train,Other,trash,trashnet-master/trashnet-master/data/filtered_6class/train/Other/trash39.jpg,,trashnet-master/trashnet-master/data/dataset-resized/trash/trash39.jpg,,,,,,,,
trashnet_train_trash57.jpg,TrashNet,image_classification,train,Other,trash,trashnet-master/trashnet-master/data/filtered_6class/train/Other/trash57.jpg,,trashnet-master/trashnet-master/data/dataset-resized/trash/trash57.jpg,,,,,,,,
trashnet_train_trash47.jpg,TrashNet,image_classification,train,Other,trash,trashnet-master/trashnet-master/data/filtered_6class/train/Other/trash47.jpg,,trashnet-master/trashnet-master/data/dataset-resized/trash/trash47.jpg,,,,,,,,
trashnet_train_trash91.jpg,TrashNet,image_classification,train,Other,trash,trashnet-master/trashnet-master/data/filtered_6class/train/Other/trash91.jpg,,trashnet-master/trashnet-master/data/dataset-resized/trash/trash91.jpg,,,,,,,,
trashnet_train_trash85.jpg,TrashNet,image_classification,train,Other,trash,trashnet-master/trashnet-master/data/filtered_6class/train/Other/trash85.jpg,,trashnet-master/trashnet-master/data/dataset-resized/trash/trash85.jpg,,,,,,,,
trashnet_train_trash108.jpg,TrashNet,image_classification,train,Other,trash,trashnet-master/trashnet-master/data/filtered_6class/train/Other/trash108.jpg,,trashnet-master/trashnet-master/data/dataset-resized/trash/trash108.jpg,,,,,,,,
trashnet_train_trash13.jpg,TrashNet,image_classification,train,Other,trash,trashnet-master/trashnet-master/data/filtered_6class/train/Other/trash13.jpg,,trashnet-master/trashnet-master/data/dataset-resized/trash/trash13.jpg,,,,,,,,
trashnet_train_trash59.jpg,TrashNet,image_classification,train,Other,trash,trashnet-master/trashnet-master/data/filtered_6class/train/Other/trash59.jpg,,trashnet-master/trashnet-master/data/dataset-resized/trash/trash59.jpg,,,,,,,,
trashnet_train_trash22.jpg,TrashNet,image_classification,train,Other,trash,trashnet-master/trashnet-master/data/filtered_6class/train/Other/trash22.jpg,,trashnet-master/trashnet-master/data/dataset-resized/trash/trash22.jpg,,,,,,,,
trashnet_train_trash132.jpg,TrashNet,image_classification,train,Other,trash,trashnet-master/trashnet-master/data/filtered_6class/train/Other/trash132.jpg,,trashnet-master/trashnet-master/data/dataset-resized/trash/trash132.jpg,,,,,,,,
trashnet_train_trash123.jpg,TrashNet,image_classification,train,Other,trash,trashnet-master/trashnet-master/data/filtered_6class/train/Other/trash123.jpg,,trashnet-master/trashnet-master/data/dataset-resized/trash/trash123.jpg,,,,,,,,
trashnet_train_trash27.jpg,TrashNet,image_classification,train,Other,trash,trashnet-master/trashnet-master/data/filtered_6class/train/Other/trash27.jpg,,trashnet-master/trashnet-master/data/dataset-resized/trash/trash27.jpg,,,,,,,,
trashnet_train_trash9.jpg,TrashNet,image_classification,train,Other,trash,trashnet-master/trashnet-master/data/filtered_6class/train/Other/trash9.jpg,,trashnet-master/trashnet-master/data/dataset-resized/trash/trash9.jpg,,,,,,,,
trashnet_train_trash25.jpg,TrashNet,image_classification,train,Other,trash,trashnet-master/trashnet-master/data/filtered_6class/train/Other/trash25.jpg,,trashnet-master/trashnet-master/data/dataset-resized/trash/trash25.jpg,,,,,,,,
trashnet_train_trash105.jpg,TrashNet,image_classification,train,Other,trash,trashnet-master/trashnet-master/data/filtered_6class/train/Other/trash105.jpg,,trashnet-master/trashnet-master/data/dataset-resized/trash/trash105.jpg,,,,,,,,
trashnet_train_trash88.jpg,TrashNet,image_classification,train,Other,trash,trashnet-master/trashnet-master/data/filtered_6class/train/Other/trash88.jpg,,trashnet-master/trashnet-master/data/dataset-resized/trash/trash88.jpg,,,,,,,,
trashnet_train_trash112.jpg,TrashNet,image_classification,train,Other,trash,trashnet-master/trashnet-master/data/filtered_6class/train/Other/trash112.jpg,,trashnet-master/trashnet-master/data/dataset-resized/trash/trash112.jpg,,,,,,,,
trashnet_train_trash7.jpg,TrashNet,image_classification,train,Other,trash,trashnet-master/trashnet-master/data/filtered_6class/train/Other/trash7.jpg,,trashnet-master/trashnet-master/data/dataset-resized/trash/trash7.jpg,,,,,,,,
trashnet_train_trash113.jpg,TrashNet,image_classification,train,Other,trash,trashnet-master/trashnet-master/data/filtered_6class/train/Other/trash113.jpg,,trashnet-master/trashnet-master/data/dataset-resized/trash/trash113.jpg,,,,,,,,
trashnet_train_trash119.jpg,TrashNet,image_classification,train,Other,trash,trashnet-master/trashnet-master/data/filtered_6class/train/Other/trash119.jpg,,trashnet-master/trashnet-master/data/dataset-resized/trash/trash119.jpg,,,,,,,,
trashnet_train_trash38.jpg,TrashNet,image_classification,train,Other,trash,trashnet-master/trashnet-master/data/filtered_6class/train/Other/trash38.jpg,,trashnet-master/trashnet-master/data/dataset-resized/trash/trash38.jpg,,,,,,,,
trashnet_train_trash53.jpg,TrashNet,image_classification,train,Other,trash,trashnet-master/trashnet-master/data/filtered_6class/train/Other/trash53.jpg,,trashnet-master/trashnet-master/data/dataset-resized/trash/trash53.jpg,,,,,,,,
trashnet_train_trash109.jpg,TrashNet,image_classification,train,Other,trash,trashnet-master/trashnet-master/data/filtered_6class/train/Other/trash109.jpg,,trashnet-master/trashnet-master/data/dataset-resized/trash/trash109.jpg,,,,,,,,
trashnet_train_trash98.jpg,TrashNet,image_classification,train,Other,trash,trashnet-master/trashnet-master/data/filtered_6class/train/Other/trash98.jpg,,trashnet-master/trashnet-master/data/dataset-resized/trash/trash98.jpg,,,,,,,,
trashnet_train_trash97.jpg,TrashNet,image_classification,train,Other,trash,trashnet-master/trashnet-master/data/filtered_6class/train/Other/trash97.jpg,,trashnet-master/trashnet-master/data/dataset-resized/trash/trash97.jpg,,,,,,,,
trashnet_train_trash75.jpg,TrashNet,image_classification,train,Other,trash,trashnet-master/trashnet-master/data/filtered_6class/train/Other/trash75.jpg,,trashnet-master/trashnet-master/data/dataset-resized/trash/trash75.jpg,,,,,,,,
trashnet_train_trash80.jpg,TrashNet,image_classification,train,Other,trash,trashnet-master/trashnet-master/data/filtered_6class/train/Other/trash80.jpg,,trashnet-master/trashnet-master/data/dataset-resized/trash/trash80.jpg,,,,,,,,
trashnet_train_trash29.jpg,TrashNet,image_classification,train,Other,trash,trashnet-master/trashnet-master/data/filtered_6class/train/Other/trash29.jpg,,trashnet-master/trashnet-master/data/dataset-resized/trash/trash29.jpg,,,,,,,,
trashnet_train_trash130.jpg,TrashNet,image_classification,train,Other,trash,trashnet-master/trashnet-master/data/filtered_6class/train/Other/trash130.jpg,,trashnet-master/trashnet-master/data/dataset-resized/trash/trash130.jpg,,,,,,,,
trashnet_train_trash24.jpg,TrashNet,image_classification,train,Other,trash,trashnet-master/trashnet-master/data/filtered_6class/train/Other/trash24.jpg,,trashnet-master/trashnet-master/data/dataset-resized/trash/trash24.jpg,,,,,,,,
trashnet_train_trash90.jpg,TrashNet,image_classification,train,Other,trash,trashnet-master/trashnet-master/data/filtered_6class/train/Other/trash90.jpg,,trashnet-master/trashnet-master/data/dataset-resized/trash/trash90.jpg,,,,,,,,
trashnet_train_trash106.jpg,TrashNet,image_classification,train,Other,trash,trashnet-master/trashnet-master/data/filtered_6class/train/Other/trash106.jpg,,trashnet-master/trashnet-master/data/dataset-resized/trash/trash106.jpg,,,,,,,,
trashnet_train_trash16.jpg,TrashNet,image_classification,train,Other,trash,trashnet-master/trashnet-master/data/filtered_6class/train/Other/trash16.jpg,,trashnet-master/trashnet-master/data/dataset-resized/trash/trash16.jpg,,,,,,,,
trashnet_train_trash44.jpg,TrashNet,image_classification,train,Other,trash,trashnet-master/trashnet-master/data/filtered_6class/train/Other/trash44.jpg,,trashnet-master/trashnet-master/data/dataset-resized/trash/trash44.jpg,,,,,,,,
trashnet_train_trash86.jpg,TrashNet,image_classification,train,Other,trash,trashnet-master/trashnet-master/data/filtered_6class/train/Other/trash86.jpg,,trashnet-master/trashnet-master/data/dataset-resized/trash/trash86.jpg,,,,,,,,
trashnet_train_trash5.jpg,TrashNet,image_classification,train,Other,trash,trashnet-master/trashnet-master/data/filtered_6class/train/Other/trash5.jpg,,trashnet-master/trashnet-master/data/dataset-resized/trash/trash5.jpg,,,,,,,,
trashnet_train_trash94.jpg,TrashNet,image_classification,train,Other,trash,trashnet-master/trashnet-master/data/filtered_6class/train/Other/trash94.jpg,,trashnet-master/trashnet-master/data/dataset-resized/trash/trash94.jpg,,,,,,,,
trashnet_train_trash69.jpg,TrashNet,image_classification,train,Other,trash,trashnet-master/trashnet-master/data/filtered_6class/train/Other/trash69.jpg,,trashnet-master/trashnet-master/data/dataset-resized/trash/trash69.jpg,,,,,,,,
trashnet_train_trash2.jpg,TrashNet,image_classification,train,Other,trash,trashnet-master/trashnet-master/data/filtered_6class/train/Other/trash2.jpg,,trashnet-master/trashnet-master/data/dataset-resized/trash/trash2.jpg,,,,,,,,
trashnet_train_trash93.jpg,TrashNet,image_classification,train,Other,trash,trashnet-master/trashnet-master/data/filtered_6class/train/Other/trash93.jpg,,trashnet-master/trashnet-master/data/dataset-resized/trash/trash93.jpg,,,,,,,,
trashnet_train_trash26.jpg,TrashNet,image_classification,train,Other,trash,trashnet-master/trashnet-master/data/filtered_6class/train/Other/trash26.jpg,,trashnet-master/trashnet-master/data/dataset-resized/trash/trash26.jpg,,,,,,,,
trashnet_train_trash110.jpg,TrashNet,image_classification,train,Other,trash,trashnet-master/trashnet-master/data/filtered_6class/train/Other/trash110.jpg,,trashnet-master/trashnet-master/data/dataset-resized/trash/trash110.jpg,,,,,,,,
trashnet_train_trash15.jpg,TrashNet,image_classification,train,Other,trash,trashnet-master/trashnet-master/data/filtered_6class/train/Other/trash15.jpg,,trashnet-master/trashnet-master/data/dataset-resized/trash/trash15.jpg,,,,,,,,
trashnet_train_trash70.jpg,TrashNet,image_classification,train,Other,trash,trashnet-master/trashnet-master/data/filtered_6class/train/Other/trash70.jpg,,trashnet-master/trashnet-master/data/dataset-resized/trash/trash70.jpg,,,,,,,,
trashnet_train_trash107.jpg,TrashNet,image_classification,train,Other,trash,trashnet-master/trashnet-master/data/filtered_6class/train/Other/trash107.jpg,,trashnet-master/trashnet-master/data/dataset-resized/trash/trash107.jpg,,,,,,,,
trashnet_train_trash122.jpg,TrashNet,image_classification,train,Other,trash,trashnet-master/trashnet-master/data/filtered_6class/train/Other/trash122.jpg,,trashnet-master/trashnet-master/data/dataset-resized/trash/trash122.jpg,,,,,,,,
trashnet_train_trash63.jpg,TrashNet,image_classification,train,Other,trash,trashnet-master/trashnet-master/data/filtered_6class/train/Other/trash63.jpg,,trashnet-master/trashnet-master/data/dataset-resized/trash/trash63.jpg,,,,,,,,
trashnet_train_trash124.jpg,TrashNet,image_classification,train,Other,trash,trashnet-master/trashnet-master/data/filtered_6class/train/Other/trash124.jpg,,trashnet-master/trashnet-master/data/dataset-resized/trash/trash124.jpg,,,,,,,,
trashnet_train_trash10.jpg,TrashNet,image_classification,train,Other,trash,trashnet-master/trashnet-master/data/filtered_6class/train/Other/trash10.jpg,,trashnet-master/trashnet-master/data/dataset-resized/trash/trash10.jpg,,,,,,,,
trashnet_train_trash11.jpg,TrashNet,image_classification,train,Other,trash,trashnet-master/trashnet-master/data/filtered_6class/train/Other/trash11.jpg,,trashnet-master/trashnet-master/data/dataset-resized/trash/trash11.jpg,,,,,,,,
trashnet_train_trash48.jpg,TrashNet,image_classification,train,Other,trash,trashnet-master/trashnet-master/data/filtered_6class/train/Other/trash48.jpg,,trashnet-master/trashnet-master/data/dataset-resized/trash/trash48.jpg,,,,,,,,
trashnet_train_trash77.jpg,TrashNet,image_classification,train,Other,trash,trashnet-master/trashnet-master/data/filtered_6class/train/Other/trash77.jpg,,trashnet-master/trashnet-master/data/dataset-resized/trash/trash77.jpg,,,,,,,,
trashnet_train_trash127.jpg,TrashNet,image_classification,train,Other,trash,trashnet-master/trashnet-master/data/filtered_6class/train/Other/trash127.jpg,,trashnet-master/trashnet-master/data/dataset-resized/trash/trash127.jpg,,,,,,,,
trashnet_train_trash87.jpg,TrashNet,image_classification,train,Other,trash,trashnet-master/trashnet-master/data/filtered_6class/train/Other/trash87.jpg,,trashnet-master/trashnet-master/data/dataset-resized/trash/trash87.jpg,,,,,,,,
trashnet_train_trash19.jpg,TrashNet,image_classification,train,Other,trash,trashnet-master/trashnet-master/data/filtered_6class/train/Other/trash19.jpg,,trashnet-master/trashnet-master/data/dataset-resized/trash/trash19.jpg,,,,,,,,
trashnet_train_trash36.jpg,TrashNet,image_classification,train,Other,trash,trashnet-master/trashnet-master/data/filtered_6class/train/Other/trash36.jpg,,trashnet-master/trashnet-master/data/dataset-resized/trash/trash36.jpg,,,,,,,,
trashnet_train_trash118.jpg,TrashNet,image_classification,train,Other,trash,trashnet-master/trashnet-master/data/filtered_6class/train/Other/trash118.jpg,,trashnet-master/trashnet-master/data/dataset-resized/trash/trash118.jpg,,,,,,,,
trashnet_train_trash30.jpg,TrashNet,image_classification,train,Other,trash,trashnet-master/trashnet-master/data/filtered_6class/train/Other/trash30.jpg,,trashnet-master/trashnet-master/data/dataset-resized/trash/trash30.jpg,,,,,,,,
trashnet_train_trash104.jpg,TrashNet,image_classification,train,Other,trash,trashnet-master/trashnet-master/data/filtered_6class/train/Other/trash104.jpg,,trashnet-master/trashnet-master/data/dataset-resized/trash/trash104.jpg,,,,,,,,
trashnet_train_trash125.jpg,TrashNet,image_classification,train,Other,trash,trashnet-master/trashnet-master/data/filtered_6class/train/Other/trash125.jpg,,trashnet-master/trashnet-master/data/dataset-resized/trash/trash125.jpg,,,,,,,,
trashnet_train_trash41.jpg,TrashNet,image_classification,train,Other,trash,trashnet-master/trashnet-master/data/filtered_6class/train/Other/trash41.jpg,,trashnet-master/trashnet-master/data/dataset-resized/trash/trash41.jpg,,,,,,,,
trashnet_train_trash129.jpg,TrashNet,image_classification,train,Other,trash,trashnet-master/trashnet-master/data/filtered_6class/train/Other/trash129.jpg,,trashnet-master/trashnet-master/data/dataset-resized/trash/trash129.jpg,,,,,,,,
trashnet_train_trash51.jpg,TrashNet,image_classification,train,Other,trash,trashnet-master/trashnet-master/data/filtered_6class/train/Other/trash51.jpg,,trashnet-master/trashnet-master/data/dataset-resized/trash/trash51.jpg,,,,,,,,
trashnet_train_trash101.jpg,TrashNet,image_classification,train,Other,trash,trashnet-master/trashnet-master/data/filtered_6class/train/Other/trash101.jpg,,trashnet-master/trashnet-master/data/dataset-resized/trash/trash101.jpg,,,,,,,,
trashnet_train_trash134.jpg,TrashNet,image_classification,train,Other,trash,trashnet-master/trashnet-master/data/filtered_6class/train/Other/trash134.jpg,,trashnet-master/trashnet-master/data/dataset-resized/trash/trash134.jpg,,,,,,,,
trashnet_train_trash42.jpg,TrashNet,image_classification,train,Other,trash,trashnet-master/trashnet-master/data/filtered_6class/train/Other/trash42.jpg,,trashnet-master/trashnet-master/data/dataset-resized/trash/trash42.jpg,,,,,,,,
trashnet_train_trash23.jpg,TrashNet,image_classification,train,Other,trash,trashnet-master/trashnet-master/data/filtered_6class/train/Other/trash23.jpg,,trashnet-master/trashnet-master/data/dataset-resized/trash/trash23.jpg,,,,,,,,
trashnet_train_trash111.jpg,TrashNet,image_classification,train,Other,trash,trashnet-master/trashnet-master/data/filtered_6class/train/Other/trash111.jpg,,trashnet-master/trashnet-master/data/dataset-resized/trash/trash111.jpg,,,,,,,,
trashnet_train_trash74.jpg,TrashNet,image_classification,train,Other,trash,trashnet-master/trashnet-master/data/filtered_6class/train/Other/trash74.jpg,,trashnet-master/trashnet-master/data/dataset-resized/trash/trash74.jpg,,,,,,,,
trashnet_train_trash18.jpg,TrashNet,image_classification,train,Other,trash,trashnet-master/trashnet-master/data/filtered_6class/train/Other/trash18.jpg,,trashnet-master/trashnet-master/data/dataset-resized/trash/trash18.jpg,,,,,,,,
trashnet_train_trash100.jpg,TrashNet,image_classification,train,Other,trash,trashnet-master/trashnet-master/data/filtered_6class/train/Other/trash100.jpg,,trashnet-master/trashnet-master/data/dataset-resized/trash/trash100.jpg,,,,,,,,
trashnet_train_trash72.jpg,TrashNet,image_classification,train,Other,trash,trashnet-master/trashnet-master/data/filtered_6class/train/Other/trash72.jpg,,trashnet-master/trashnet-master/data/dataset-resized/trash/trash72.jpg,,,,,,,,
trashnet_train_trash6.jpg,TrashNet,image_classification,train,Other,trash,trashnet-master/trashnet-master/data/filtered_6class/train/Other/trash6.jpg,,trashnet-master/trashnet-master/data/dataset-resized/trash/trash6.jpg,,,,,,,,
trashnet_train_trash40.jpg,TrashNet,image_classification,train,Other,trash,trashnet-master/trashnet-master/data/filtered_6class/train/Other/trash40.jpg,,trashnet-master/trashnet-master/data/dataset-resized/trash/trash40.jpg,,,,,,,,
trashnet_train_trash31.jpg,TrashNet,image_classification,train,Other,trash,trashnet-master/trashnet-master/data/filtered_6class/train/Other/trash31.jpg,,trashnet-master/trashnet-master/data/dataset-resized/trash/trash31.jpg,,,,,,,,
trashnet_train_trash37.jpg,TrashNet,image_classification,train,Other,trash,trashnet-master/trashnet-master/data/filtered_6class/train/Other/trash37.jpg,,trashnet-master/trashnet-master/data/dataset-resized/trash/trash37.jpg,,,,,,,,
trashnet_train_trash73.jpg,TrashNet,image_classification,train,Other,trash,trashnet-master/trashnet-master/data/filtered_6class/train/Other/trash73.jpg,,trashnet-master/trashnet-master/data/dataset-resized/trash/trash73.jpg,,,,,,,,
trashnet_train_trash96.jpg,TrashNet,image_classification,train,Other,trash,trashnet-master/trashnet-master/data/filtered_6class/train/Other/trash96.jpg,,trashnet-master/trashnet-master/data/dataset-resized/trash/trash96.jpg,,,,,,,,
trashnet_train_trash89.jpg,TrashNet,image_classification,train,Other,trash,trashnet-master/trashnet-master/data/filtered_6class/train/Other/trash89.jpg,,trashnet-master/trashnet-master/data/dataset-resized/trash/trash89.jpg,,,,,,,,
trashnet_train_trash43.jpg,TrashNet,image_classification,train,Other,trash,trashnet-master/trashnet-master/data/filtered_6class/train/Other/trash43.jpg,,trashnet-master/trashnet-master/data/dataset-resized/trash/trash43.jpg,,,,,,,,
trashnet_train_trash133.jpg,TrashNet,image_classification,train,Other,trash,trashnet-master/trashnet-master/data/filtered_6class/train/Other/trash133.jpg,,trashnet-master/trashnet-master/data/dataset-resized/trash/trash133.jpg,,,,,,,,
trashnet_train_trash60.jpg,TrashNet,image_classification,train,Other,trash,trashnet-master/trashnet-master/data/filtered_6class/train/Other/trash60.jpg,,trashnet-master/trashnet-master/data/dataset-resized/trash/trash60.jpg,,,,,,,,
trashnet_val_plastic326.jpg,TrashNet,image_classification,val,Plastic,plastic,trashnet-master/trashnet-master/data/filtered_6class/val/Plastic/plastic326.jpg,,trashnet-master/trashnet-master/data/dataset-resized/plastic/plastic326.jpg,,,,,,,,
trashnet_val_plastic333.jpg,TrashNet,image_classification,val,Plastic,plastic,trashnet-master/trashnet-master/data/filtered_6class/val/Plastic/plastic333.jpg,,trashnet-master/trashnet-master/data/dataset-resized/plastic/plastic333.jpg,,,,,,,,
trashnet_val_plastic162.jpg,TrashNet,image_classification,val,Plastic,plastic,trashnet-master/trashnet-master/data/filtered_6class/val/Plastic/plastic162.jpg,,trashnet-master/trashnet-master/data/dataset-resized/plastic/plastic162.jpg,,,,,,,,
trashnet_val_plastic433.jpg,TrashNet,image_classification,val,Plastic,plastic,trashnet-master/trashnet-master/data/filtered_6class/val/Plastic/plastic433.jpg,,trashnet-master/trashnet-master/data/dataset-resized/plastic/plastic433.jpg,,,,,,,,
trashnet_val_plastic63.jpg,TrashNet,image_classification,val,Plastic,plastic,trashnet-master/trashnet-master/data/filtered_6class/val/Plastic/plastic63.jpg,,trashnet-master/trashnet-master/data/dataset-resized/plastic/plastic63.jpg,,,,,,,,
trashnet_val_plastic283.jpg,TrashNet,image_classification,val,Plastic,plastic,trashnet-master/trashnet-master/data/filtered_6class/val/Plastic/plastic283.jpg,,trashnet-master/trashnet-master/data/dataset-resized/plastic/plastic283.jpg,,,,,,,,
trashnet_val_plastic368.jpg,TrashNet,image_classification,val,Plastic,plastic,trashnet-master/trashnet-master/data/filtered_6class/val/Plastic/plastic368.jpg,,trashnet-master/trashnet-master/data/dataset-resized/plastic/plastic368.jpg,,,,,,,,
trashnet_val_plastic297.jpg,TrashNet,image_classification,val,Plastic,plastic,trashnet-master/trashnet-master/data/filtered_6class/val/Plastic/plastic297.jpg,,trashnet-master/trashnet-master/data/dataset-resized/plastic/plastic297.jpg,,,,,,,,
trashnet_val_plastic369.jpg,TrashNet,image_classification,val,Plastic,plastic,trashnet-master/trashnet-master/data/filtered_6class/val/Plastic/plastic369.jpg,,trashnet-master/trashnet-master/data/dataset-resized/plastic/plastic369.jpg,,,,,,,,
trashnet_val_plastic22.jpg,TrashNet,image_classification,val,Plastic,plastic,trashnet-master/trashnet-master/data/filtered_6class/val/Plastic/plastic22.jpg,,trashnet-master/trashnet-master/data/dataset-resized/plastic/plastic22.jpg,,,,,,,,
trashnet_val_plastic347.jpg,TrashNet,image_classification,val,Plastic,plastic,trashnet-master/trashnet-master/data/filtered_6class/val/Plastic/plastic347.jpg,,trashnet-master/trashnet-master/data/dataset-resized/plastic/plastic347.jpg,,,,,,,,
trashnet_val_plastic88.jpg,TrashNet,image_classification,val,Plastic,plastic,trashnet-master/trashnet-master/data/filtered_6class/val/Plastic/plastic88.jpg,,trashnet-master/trashnet-master/data/dataset-resized/plastic/plastic88.jpg,,,,,,,,
trashnet_val_plastic212.jpg,TrashNet,image_classification,val,Plastic,plastic,trashnet-master/trashnet-master/data/filtered_6class/val/Plastic/plastic212.jpg,,trashnet-master/trashnet-master/data/dataset-resized/plastic/plastic212.jpg,,,,,,,,
trashnet_val_plastic92.jpg,TrashNet,image_classification,val,Plastic,plastic,trashnet-master/trashnet-master/data/filtered_6class/val/Plastic/plastic92.jpg,,trashnet-master/trashnet-master/data/dataset-resized/plastic/plastic92.jpg,,,,,,,,
trashnet_val_plastic482.jpg,TrashNet,image_classification,val,Plastic,plastic,trashnet-master/trashnet-master/data/filtered_6class/val/Plastic/plastic482.jpg,,trashnet-master/trashnet-master/data/dataset-resized/plastic/plastic482.jpg,,,,,,,,
trashnet_val_plastic165.jpg,TrashNet,image_classification,val,Plastic,plastic,trashnet-master/trashnet-master/data/filtered_6class/val/Plastic/plastic165.jpg,,trashnet-master/trashnet-master/data/dataset-resized/plastic/plastic165.jpg,,,,,,,,
trashnet_val_plastic31.jpg,TrashNet,image_classification,val,Plastic,plastic,trashnet-master/trashnet-master/data/filtered_6class/val/Plastic/plastic31.jpg,,trashnet-master/trashnet-master/data/dataset-resized/plastic/plastic31.jpg,,,,,,,,
trashnet_val_plastic396.jpg,TrashNet,image_classification,val,Plastic,plastic,trashnet-master/trashnet-master/data/filtered_6class/val/Plastic/plastic396.jpg,,trashnet-master/trashnet-master/data/dataset-resized/plastic/plastic396.jpg,,,,,,,,
trashnet_val_plastic281.jpg,TrashNet,image_classification,val,Plastic,plastic,trashnet-master/trashnet-master/data/filtered_6class/val/Plastic/plastic281.jpg,,trashnet-master/trashnet-master/data/dataset-resized/plastic/plastic281.jpg,,,,,,,,
trashnet_val_plastic329.jpg,TrashNet,image_classification,val,Plastic,plastic,trashnet-master/trashnet-master/data/filtered_6class/val/Plastic/plastic329.jpg,,trashnet-master/trashnet-master/data/dataset-resized/plastic/plastic329.jpg,,,,,,,,
trashnet_val_plastic400.jpg,TrashNet,image_classification,val,Plastic,plastic,trashnet-master/trashnet-master/data/filtered_6class/val/Plastic/plastic400.jpg,,trashnet-master/trashnet-master/data/dataset-resized/plastic/plastic400.jpg,,,,,,,,
trashnet_val_plastic424.jpg,TrashNet,image_classification,val,Plastic,plastic,trashnet-master/trashnet-master/data/filtered_6class/val/Plastic/plastic424.jpg,,trashnet-master/trashnet-master/data/dataset-resized/plastic/plastic424.jpg,,,,,,,,
trashnet_val_plastic428.jpg,TrashNet,image_classification,val,Plastic,plastic,trashnet-master/trashnet-master/data/filtered_6class/val/Plastic/plastic428.jpg,,trashnet-master/trashnet-master/data/dataset-resized/plastic/plastic428.jpg,,,,,,,,
trashnet_val_plastic360.jpg,TrashNet,image_classification,val,Plastic,plastic,trashnet-master/trashnet-master/data/filtered_6class/val/Plastic/plastic360.jpg,,trashnet-master/trashnet-master/data/dataset-resized/plastic/plastic360.jpg,,,,,,,,
trashnet_val_plastic197.jpg,TrashNet,image_classification,val,Plastic,plastic,trashnet-master/trashnet-master/data/filtered_6class/val/Plastic/plastic197.jpg,,trashnet-master/trashnet-master/data/dataset-resized/plastic/plastic197.jpg,,,,,,,,
trashnet_val_plastic129.jpg,TrashNet,image_classification,val,Plastic,plastic,trashnet-master/trashnet-master/data/filtered_6class/val/Plastic/plastic129.jpg,,trashnet-master/trashnet-master/data/dataset-resized/plastic/plastic129.jpg,,,,,,,,
trashnet_val_plastic222.jpg,TrashNet,image_classification,val,Plastic,plastic,trashnet-master/trashnet-master/data/filtered_6class/val/Plastic/plastic222.jpg,,trashnet-master/trashnet-master/data/dataset-resized/plastic/plastic222.jpg,,,,,,,,
trashnet_val_plastic284.jpg,TrashNet,image_classification,val,Plastic,plastic,trashnet-master/trashnet-master/data/filtered_6class/val/Plastic/plastic284.jpg,,trashnet-master/trashnet-master/data/dataset-resized/plastic/plastic284.jpg,,,,,,,,
trashnet_val_plastic244.jpg,TrashNet,image_classification,val,Plastic,plastic,trashnet-master/trashnet-master/data/filtered_6class/val/Plastic/plastic244.jpg,,trashnet-master/trashnet-master/data/dataset-resized/plastic/plastic244.jpg,,,,,,,,
trashnet_val_plastic83.jpg,TrashNet,image_classification,val,Plastic,plastic,trashnet-master/trashnet-master/data/filtered_6class/val/Plastic/plastic83.jpg,,trashnet-master/trashnet-master/data/dataset-resized/plastic/plastic83.jpg,,,,,,,,
trashnet_val_plastic204.jpg,TrashNet,image_classification,val,Plastic,plastic,trashnet-master/trashnet-master/data/filtered_6class/val/Plastic/plastic204.jpg,,trashnet-master/trashnet-master/data/dataset-resized/plastic/plastic204.jpg,,,,,,,,
trashnet_val_plastic124.jpg,TrashNet,image_classification,val,Plastic,plastic,trashnet-master/trashnet-master/data/filtered_6class/val/Plastic/plastic124.jpg,,trashnet-master/trashnet-master/data/dataset-resized/plastic/plastic124.jpg,,,,,,,,
trashnet_val_plastic249.jpg,TrashNet,image_classification,val,Plastic,plastic,trashnet-master/trashnet-master/data/filtered_6class/val/Plastic/plastic249.jpg,,trashnet-master/trashnet-master/data/dataset-resized/plastic/plastic249.jpg,,,,,,,,
trashnet_val_plastic414.jpg,TrashNet,image_classification,val,Plastic,plastic,trashnet-master/trashnet-master/data/filtered_6class/val/Plastic/plastic414.jpg,,trashnet-master/trashnet-master/data/dataset-resized/plastic/plastic414.jpg,,,,,,,,
trashnet_val_plastic7.jpg,TrashNet,image_classification,val,Plastic,plastic,trashnet-master/trashnet-master/data/filtered_6class/val/Plastic/plastic7.jpg,,trashnet-master/trashnet-master/data/dataset-resized/plastic/plastic7.jpg,,,,,,,,
trashnet_val_plastic356.jpg,TrashNet,image_classification,val,Plastic,plastic,trashnet-master/trashnet-master/data/filtered_6class/val/Plastic/plastic356.jpg,,trashnet-master/trashnet-master/data/dataset-resized/plastic/plastic356.jpg,,,,,,,,
trashnet_val_plastic416.jpg,TrashNet,image_classification,val,Plastic,plastic,trashnet-master/trashnet-master/data/filtered_6class/val/Plastic/plastic416.jpg,,trashnet-master/trashnet-master/data/dataset-resized/plastic/plastic416.jpg,,,,,,,,
trashnet_val_plastic99.jpg,TrashNet,image_classification,val,Plastic,plastic,trashnet-master/trashnet-master/data/filtered_6class/val/Plastic/plastic99.jpg,,trashnet-master/trashnet-master/data/dataset-resized/plastic/plastic99.jpg,,,,,,,,
trashnet_val_plastic223.jpg,TrashNet,image_classification,val,Plastic,plastic,trashnet-master/trashnet-master/data/filtered_6class/val/Plastic/plastic223.jpg,,trashnet-master/trashnet-master/data/dataset-resized/plastic/plastic223.jpg,,,,,,,,
trashnet_val_plastic459.jpg,TrashNet,image_classification,val,Plastic,plastic,trashnet-master/trashnet-master/data/filtered_6class/val/Plastic/plastic459.jpg,,trashnet-master/trashnet-master/data/dataset-resized/plastic/plastic459.jpg,,,,,,,,
trashnet_val_plastic311.jpg,TrashNet,image_classification,val,Plastic,plastic,trashnet-master/trashnet-master/data/filtered_6class/val/Plastic/plastic311.jpg,,trashnet-master/trashnet-master/data/dataset-resized/plastic/plastic311.jpg,,,,,,,,
trashnet_val_plastic454.jpg,TrashNet,image_classification,val,Plastic,plastic,trashnet-master/trashnet-master/data/filtered_6class/val/Plastic/plastic454.jpg,,trashnet-master/trashnet-master/data/dataset-resized/plastic/plastic454.jpg,,,,,,,,
trashnet_val_plastic94.jpg,TrashNet,image_classification,val,Plastic,plastic,trashnet-master/trashnet-master/data/filtered_6class/val/Plastic/plastic94.jpg,,trashnet-master/trashnet-master/data/dataset-resized/plastic/plastic94.jpg,,,,,,,,
trashnet_val_plastic48.jpg,TrashNet,image_classification,val,Plastic,plastic,trashnet-master/trashnet-master/data/filtered_6class/val/Plastic/plastic48.jpg,,trashnet-master/trashnet-master/data/dataset-resized/plastic/plastic48.jpg,,,,,,,,
trashnet_val_plastic345.jpg,TrashNet,image_classification,val,Plastic,plastic,trashnet-master/trashnet-master/data/filtered_6class/val/Plastic/plastic345.jpg,,trashnet-master/trashnet-master/data/dataset-resized/plastic/plastic345.jpg,,,,,,,,
trashnet_val_plastic178.jpg,TrashNet,image_classification,val,Plastic,plastic,trashnet-master/trashnet-master/data/filtered_6class/val/Plastic/plastic178.jpg,,trashnet-master/trashnet-master/data/dataset-resized/plastic/plastic178.jpg,,,,,,,,
trashnet_val_plastic456.jpg,TrashNet,image_classification,val,Plastic,plastic,trashnet-master/trashnet-master/data/filtered_6class/val/Plastic/plastic456.jpg,,trashnet-master/trashnet-master/data/dataset-resized/plastic/plastic456.jpg,,,,,,,,
trashnet_val_plastic38.jpg,TrashNet,image_classification,val,Plastic,plastic,trashnet-master/trashnet-master/data/filtered_6class/val/Plastic/plastic38.jpg,,trashnet-master/trashnet-master/data/dataset-resized/plastic/plastic38.jpg,,,,,,,,
trashnet_val_plastic131.jpg,TrashNet,image_classification,val,Plastic,plastic,trashnet-master/trashnet-master/data/filtered_6class/val/Plastic/plastic131.jpg,,trashnet-master/trashnet-master/data/dataset-resized/plastic/plastic131.jpg,,,,,,,,
trashnet_val_plastic398.jpg,TrashNet,image_classification,val,Plastic,plastic,trashnet-master/trashnet-master/data/filtered_6class/val/Plastic/plastic398.jpg,,trashnet-master/trashnet-master/data/dataset-resized/plastic/plastic398.jpg,,,,,,,,
trashnet_val_plastic413.jpg,TrashNet,image_classification,val,Plastic,plastic,trashnet-master/trashnet-master/data/filtered_6class/val/Plastic/plastic413.jpg,,trashnet-master/trashnet-master/data/dataset-resized/plastic/plastic413.jpg,,,,,,,,
trashnet_val_plastic72.jpg,TrashNet,image_classification,val,Plastic,plastic,trashnet-master/trashnet-master/data/filtered_6class/val/Plastic/plastic72.jpg,,trashnet-master/trashnet-master/data/dataset-resized/plastic/plastic72.jpg,,,,,,,,
trashnet_val_plastic221.jpg,TrashNet,image_classification,val,Plastic,plastic,trashnet-master/trashnet-master/data/filtered_6class/val/Plastic/plastic221.jpg,,trashnet-master/trashnet-master/data/dataset-resized/plastic/plastic221.jpg,,,,,,,,
trashnet_val_plastic408.jpg,TrashNet,image_classification,val,Plastic,plastic,trashnet-master/trashnet-master/data/filtered_6class/val/Plastic/plastic408.jpg,,trashnet-master/trashnet-master/data/dataset-resized/plastic/plastic408.jpg,,,,,,,,
trashnet_val_plastic196.jpg,TrashNet,image_classification,val,Plastic,plastic,trashnet-master/trashnet-master/data/filtered_6class/val/Plastic/plastic196.jpg,,trashnet-master/trashnet-master/data/dataset-resized/plastic/plastic196.jpg,,,,,,,,
trashnet_val_plastic262.jpg,TrashNet,image_classification,val,Plastic,plastic,trashnet-master/trashnet-master/data/filtered_6class/val/Plastic/plastic262.jpg,,trashnet-master/trashnet-master/data/dataset-resized/plastic/plastic262.jpg,,,,,,,,
trashnet_val_plastic27.jpg,TrashNet,image_classification,val,Plastic,plastic,trashnet-master/trashnet-master/data/filtered_6class/val/Plastic/plastic27.jpg,,trashnet-master/trashnet-master/data/dataset-resized/plastic/plastic27.jpg,,,,,,,,
trashnet_val_plastic174.jpg,TrashNet,image_classification,val,Plastic,plastic,trashnet-master/trashnet-master/data/filtered_6class/val/Plastic/plastic174.jpg,,trashnet-master/trashnet-master/data/dataset-resized/plastic/plastic174.jpg,,,,,,,,
trashnet_val_plastic267.jpg,TrashNet,image_classification,val,Plastic,plastic,trashnet-master/trashnet-master/data/filtered_6class/val/Plastic/plastic267.jpg,,trashnet-master/trashnet-master/data/dataset-resized/plastic/plastic267.jpg,,,,,,,,
trashnet_val_plastic392.jpg,TrashNet,image_classification,val,Plastic,plastic,trashnet-master/trashnet-master/data/filtered_6class/val/Plastic/plastic392.jpg,,trashnet-master/trashnet-master/data/dataset-resized/plastic/plastic392.jpg,,,,,,,,
trashnet_val_plastic308.jpg,TrashNet,image_classification,val,Plastic,plastic,trashnet-master/trashnet-master/data/filtered_6class/val/Plastic/plastic308.jpg,,trashnet-master/trashnet-master/data/dataset-resized/plastic/plastic308.jpg,,,,,,,,
trashnet_val_plastic59.jpg,TrashNet,image_classification,val,Plastic,plastic,trashnet-master/trashnet-master/data/filtered_6class/val/Plastic/plastic59.jpg,,trashnet-master/trashnet-master/data/dataset-resized/plastic/plastic59.jpg,,,,,,,,
trashnet_val_plastic52.jpg,TrashNet,image_classification,val,Plastic,plastic,trashnet-master/trashnet-master/data/filtered_6class/val/Plastic/plastic52.jpg,,trashnet-master/trashnet-master/data/dataset-resized/plastic/plastic52.jpg,,,,,,,,
trashnet_val_plastic145.jpg,TrashNet,image_classification,val,Plastic,plastic,trashnet-master/trashnet-master/data/filtered_6class/val/Plastic/plastic145.jpg,,trashnet-master/trashnet-master/data/dataset-resized/plastic/plastic145.jpg,,,,,,,,
trashnet_val_plastic8.jpg,TrashNet,image_classification,val,Plastic,plastic,trashnet-master/trashnet-master/data/filtered_6class/val/Plastic/plastic8.jpg,,trashnet-master/trashnet-master/data/dataset-resized/plastic/plastic8.jpg,,,,,,,,
trashnet_val_plastic475.jpg,TrashNet,image_classification,val,Plastic,plastic,trashnet-master/trashnet-master/data/filtered_6class/val/Plastic/plastic475.jpg,,trashnet-master/trashnet-master/data/dataset-resized/plastic/plastic475.jpg,,,,,,,,
trashnet_val_plastic232.jpg,TrashNet,image_classification,val,Plastic,plastic,trashnet-master/trashnet-master/data/filtered_6class/val/Plastic/plastic232.jpg,,trashnet-master/trashnet-master/data/dataset-resized/plastic/plastic232.jpg,,,,,,,,
trashnet_val_plastic455.jpg,TrashNet,image_classification,val,Plastic,plastic,trashnet-master/trashnet-master/data/filtered_6class/val/Plastic/plastic455.jpg,,trashnet-master/trashnet-master/data/dataset-resized/plastic/plastic455.jpg,,,,,,,,
trashnet_val_plastic203.jpg,TrashNet,image_classification,val,Plastic,plastic,trashnet-master/trashnet-master/data/filtered_6class/val/Plastic/plastic203.jpg,,trashnet-master/trashnet-master/data/dataset-resized/plastic/plastic203.jpg,,,,,,,,
trashnet_val_plastic403.jpg,TrashNet,image_classification,val,Plastic,plastic,trashnet-master/trashnet-master/data/filtered_6class/val/Plastic/plastic403.jpg,,trashnet-master/trashnet-master/data/dataset-resized/plastic/plastic403.jpg,,,,,,,,
trashnet_val_plastic12.jpg,TrashNet,image_classification,val,Plastic,plastic,trashnet-master/trashnet-master/data/filtered_6class/val/Plastic/plastic12.jpg,,trashnet-master/trashnet-master/data/dataset-resized/plastic/plastic12.jpg,,,,,,,,
trashnet_val_plastic130.jpg,TrashNet,image_classification,val,Plastic,plastic,trashnet-master/trashnet-master/data/filtered_6class/val/Plastic/plastic130.jpg,,trashnet-master/trashnet-master/data/dataset-resized/plastic/plastic130.jpg,,,,,,,,
trashnet_val_glass46.jpg,TrashNet,image_classification,val,Glass,glass,trashnet-master/trashnet-master/data/filtered_6class/val/Glass/glass46.jpg,,trashnet-master/trashnet-master/data/dataset-resized/glass/glass46.jpg,,,,,,,,
trashnet_val_glass155.jpg,TrashNet,image_classification,val,Glass,glass,trashnet-master/trashnet-master/data/filtered_6class/val/Glass/glass155.jpg,,trashnet-master/trashnet-master/data/dataset-resized/glass/glass155.jpg,,,,,,,,
trashnet_val_glass213.jpg,TrashNet,image_classification,val,Glass,glass,trashnet-master/trashnet-master/data/filtered_6class/val/Glass/glass213.jpg,,trashnet-master/trashnet-master/data/dataset-resized/glass/glass213.jpg,,,,,,,,
trashnet_val_glass356.jpg,TrashNet,image_classification,val,Glass,glass,trashnet-master/trashnet-master/data/filtered_6class/val/Glass/glass356.jpg,,trashnet-master/trashnet-master/data/dataset-resized/glass/glass356.jpg,,,,,,,,
trashnet_val_glass121.jpg,TrashNet,image_classification,val,Glass,glass,trashnet-master/trashnet-master/data/filtered_6class/val/Glass/glass121.jpg,,trashnet-master/trashnet-master/data/dataset-resized/glass/glass121.jpg,,,,,,,,
trashnet_val_glass312.jpg,TrashNet,image_classification,val,Glass,glass,trashnet-master/trashnet-master/data/filtered_6class/val/Glass/glass312.jpg,,trashnet-master/trashnet-master/data/dataset-resized/glass/glass312.jpg,,,,,,,,
trashnet_val_glass338.jpg,TrashNet,image_classification,val,Glass,glass,trashnet-master/trashnet-master/data/filtered_6class/val/Glass/glass338.jpg,,trashnet-master/trashnet-master/data/dataset-resized/glass/glass338.jpg,,,,,,,,
trashnet_val_glass432.jpg,TrashNet,image_classification,val,Glass,glass,trashnet-master/trashnet-master/data/filtered_6class/val/Glass/glass432.jpg,,trashnet-master/trashnet-master/data/dataset-resized/glass/glass432.jpg,,,,,,,,
trashnet_val_glass180.jpg,TrashNet,image_classification,val,Glass,glass,trashnet-master/trashnet-master/data/filtered_6class/val/Glass/glass180.jpg,,trashnet-master/trashnet-master/data/dataset-resized/glass/glass180.jpg,,,,,,,,
trashnet_val_glass20.jpg,TrashNet,image_classification,val,Glass,glass,trashnet-master/trashnet-master/data/filtered_6class/val/Glass/glass20.jpg,,trashnet-master/trashnet-master/data/dataset-resized/glass/glass20.jpg,,,,,,,,
trashnet_val_glass295.jpg,TrashNet,image_classification,val,Glass,glass,trashnet-master/trashnet-master/data/filtered_6class/val/Glass/glass295.jpg,,trashnet-master/trashnet-master/data/dataset-resized/glass/glass295.jpg,,,,,,,,
trashnet_val_glass148.jpg,TrashNet,image_classification,val,Glass,glass,trashnet-master/trashnet-master/data/filtered_6class/val/Glass/glass148.jpg,,trashnet-master/trashnet-master/data/dataset-resized/glass/glass148.jpg,,,,,,,,
trashnet_val_glass100.jpg,TrashNet,image_classification,val,Glass,glass,trashnet-master/trashnet-master/data/filtered_6class/val/Glass/glass100.jpg,,trashnet-master/trashnet-master/data/dataset-resized/glass/glass100.jpg,,,,,,,,
trashnet_val_glass416.jpg,TrashNet,image_classification,val,Glass,glass,trashnet-master/trashnet-master/data/filtered_6class/val/Glass/glass416.jpg,,trashnet-master/trashnet-master/data/dataset-resized/glass/glass416.jpg,,,,,,,,
trashnet_val_glass468.jpg,TrashNet,image_classification,val,Glass,glass,trashnet-master/trashnet-master/data/filtered_6class/val/Glass/glass468.jpg,,trashnet-master/trashnet-master/data/dataset-resized/glass/glass468.jpg,,,,,,,,
trashnet_val_glass481.jpg,TrashNet,image_classification,val,Glass,glass,trashnet-master/trashnet-master/data/filtered_6class/val/Glass/glass481.jpg,,trashnet-master/trashnet-master/data/dataset-resized/glass/glass481.jpg,,,,,,,,
trashnet_val_glass210.jpg,TrashNet,image_classification,val,Glass,glass,trashnet-master/trashnet-master/data/filtered_6class/val/Glass/glass210.jpg,,trashnet-master/trashnet-master/data/dataset-resized/glass/glass210.jpg,,,,,,,,
trashnet_val_glass93.jpg,TrashNet,image_classification,val,Glass,glass,trashnet-master/trashnet-master/data/filtered_6class/val/Glass/glass93.jpg,,trashnet-master/trashnet-master/data/dataset-resized/glass/glass93.jpg,,,,,,,,
trashnet_val_glass327.jpg,TrashNet,image_classification,val,Glass,glass,trashnet-master/trashnet-master/data/filtered_6class/val/Glass/glass327.jpg,,trashnet-master/trashnet-master/data/dataset-resized/glass/glass327.jpg,,,,,,,,
trashnet_val_glass276.jpg,TrashNet,image_classification,val,Glass,glass,trashnet-master/trashnet-master/data/filtered_6class/val/Glass/glass276.jpg,,trashnet-master/trashnet-master/data/dataset-resized/glass/glass276.jpg,,,,,,,,
trashnet_val_glass49.jpg,TrashNet,image_classification,val,Glass,glass,trashnet-master/trashnet-master/data/filtered_6class/val/Glass/glass49.jpg,,trashnet-master/trashnet-master/data/dataset-resized/glass/glass49.jpg,,,,,,,,
trashnet_val_glass43.jpg,TrashNet,image_classification,val,Glass,glass,trashnet-master/trashnet-master/data/filtered_6class/val/Glass/glass43.jpg,,trashnet-master/trashnet-master/data/dataset-resized/glass/glass43.jpg,,,,,,,,
trashnet_val_glass189.jpg,TrashNet,image_classification,val,Glass,glass,trashnet-master/trashnet-master/data/filtered_6class/val/Glass/glass189.jpg,,trashnet-master/trashnet-master/data/dataset-resized/glass/glass189.jpg,,,,,,,,
trashnet_val_glass364.jpg,TrashNet,image_classification,val,Glass,glass,trashnet-master/trashnet-master/data/filtered_6class/val/Glass/glass364.jpg,,trashnet-master/trashnet-master/data/dataset-resized/glass/glass364.jpg,,,,,,,,
trashnet_val_glass39.jpg,TrashNet,image_classification,val,Glass,glass,trashnet-master/trashnet-master/data/filtered_6class/val/Glass/glass39.jpg,,trashnet-master/trashnet-master/data/dataset-resized/glass/glass39.jpg,,,,,,,,
trashnet_val_glass290.jpg,TrashNet,image_classification,val,Glass,glass,trashnet-master/trashnet-master/data/filtered_6class/val/Glass/glass290.jpg,,trashnet-master/trashnet-master/data/dataset-resized/glass/glass290.jpg,,,,,,,,
trashnet_val_glass309.jpg,TrashNet,image_classification,val,Glass,glass,trashnet-master/trashnet-master/data/filtered_6class/val/Glass/glass309.jpg,,trashnet-master/trashnet-master/data/dataset-resized/glass/glass309.jpg,,,,,,,,
trashnet_val_glass132.jpg,TrashNet,image_classification,val,Glass,glass,trashnet-master/trashnet-master/data/filtered_6class/val/Glass/glass132.jpg,,trashnet-master/trashnet-master/data/dataset-resized/glass/glass132.jpg,,,,,,,,
trashnet_val_glass380.jpg,TrashNet,image_classification,val,Glass,glass,trashnet-master/trashnet-master/data/filtered_6class/val/Glass/glass380.jpg,,trashnet-master/trashnet-master/data/dataset-resized/glass/glass380.jpg,,,,,,,,
trashnet_val_glass318.jpg,TrashNet,image_classification,val,Glass,glass,trashnet-master/trashnet-master/data/filtered_6class/val/Glass/glass318.jpg,,trashnet-master/trashnet-master/data/dataset-resized/glass/glass318.jpg,,,,,,,,
trashnet_val_glass211.jpg,TrashNet,image_classification,val,Glass,glass,trashnet-master/trashnet-master/data/filtered_6class/val/Glass/glass211.jpg,,trashnet-master/trashnet-master/data/dataset-resized/glass/glass211.jpg,,,,,,,,
trashnet_val_glass12.jpg,TrashNet,image_classification,val,Glass,glass,trashnet-master/trashnet-master/data/filtered_6class/val/Glass/glass12.jpg,,trashnet-master/trashnet-master/data/dataset-resized/glass/glass12.jpg,,,,,,,,
trashnet_val_glass11.jpg,TrashNet,image_classification,val,Glass,glass,trashnet-master/trashnet-master/data/filtered_6class/val/Glass/glass11.jpg,,trashnet-master/trashnet-master/data/dataset-resized/glass/glass11.jpg,,,,,,,,
trashnet_val_glass167.jpg,TrashNet,image_classification,val,Glass,glass,trashnet-master/trashnet-master/data/filtered_6class/val/Glass/glass167.jpg,,trashnet-master/trashnet-master/data/dataset-resized/glass/glass167.jpg,,,,,,,,
trashnet_val_glass190.jpg,TrashNet,image_classification,val,Glass,glass,trashnet-master/trashnet-master/data/filtered_6class/val/Glass/glass190.jpg,,trashnet-master/trashnet-master/data/dataset-resized/glass/glass190.jpg,,,,,,,,
trashnet_val_glass202.jpg,TrashNet,image_classification,val,Glass,glass,trashnet-master/trashnet-master/data/filtered_6class/val/Glass/glass202.jpg,,trashnet-master/trashnet-master/data/dataset-resized/glass/glass202.jpg,,,,,,,,
trashnet_val_glass494.jpg,TrashNet,image_classification,val,Glass,glass,trashnet-master/trashnet-master/data/filtered_6class/val/Glass/glass494.jpg,,trashnet-master/trashnet-master/data/dataset-resized/glass/glass494.jpg,,,,,,,,
trashnet_val_glass409.jpg,TrashNet,image_classification,val,Glass,glass,trashnet-master/trashnet-master/data/filtered_6class/val/Glass/glass409.jpg,,trashnet-master/trashnet-master/data/dataset-resized/glass/glass409.jpg,,,,,,,,
trashnet_val_glass207.jpg,TrashNet,image_classification,val,Glass,glass,trashnet-master/trashnet-master/data/filtered_6class/val/Glass/glass207.jpg,,trashnet-master/trashnet-master/data/dataset-resized/glass/glass207.jpg,,,,,,,,
trashnet_val_glass445.jpg,TrashNet,image_classification,val,Glass,glass,trashnet-master/trashnet-master/data/filtered_6class/val/Glass/glass445.jpg,,trashnet-master/trashnet-master/data/dataset-resized/glass/glass445.jpg,,,,,,,,
trashnet_val_glass141.jpg,TrashNet,image_classification,val,Glass,glass,trashnet-master/trashnet-master/data/filtered_6class/val/Glass/glass141.jpg,,trashnet-master/trashnet-master/data/dataset-resized/glass/glass141.jpg,,,,,,,,
trashnet_val_glass253.jpg,TrashNet,image_classification,val,Glass,glass,trashnet-master/trashnet-master/data/filtered_6class/val/Glass/glass253.jpg,,trashnet-master/trashnet-master/data/dataset-resized/glass/glass253.jpg,,,,,,,,
trashnet_val_glass385.jpg,TrashNet,image_classification,val,Glass,glass,trashnet-master/trashnet-master/data/filtered_6class/val/Glass/glass385.jpg,,trashnet-master/trashnet-master/data/dataset-resized/glass/glass385.jpg,,,,,,,,
trashnet_val_glass391.jpg,TrashNet,image_classification,val,Glass,glass,trashnet-master/trashnet-master/data/filtered_6class/val/Glass/glass391.jpg,,trashnet-master/trashnet-master/data/dataset-resized/glass/glass391.jpg,,,,,,,,
trashnet_val_glass5.jpg,TrashNet,image_classification,val,Glass,glass,trashnet-master/trashnet-master/data/filtered_6class/val/Glass/glass5.jpg,,trashnet-master/trashnet-master/data/dataset-resized/glass/glass5.jpg,,,,,,,,
trashnet_val_glass336.jpg,TrashNet,image_classification,val,Glass,glass,trashnet-master/trashnet-master/data/filtered_6class/val/Glass/glass336.jpg,,trashnet-master/trashnet-master/data/dataset-resized/glass/glass336.jpg,,,,,,,,
trashnet_val_glass23.jpg,TrashNet,image_classification,val,Glass,glass,trashnet-master/trashnet-master/data/filtered_6class/val/Glass/glass23.jpg,,trashnet-master/trashnet-master/data/dataset-resized/glass/glass23.jpg,,,,,,,,
trashnet_val_glass138.jpg,TrashNet,image_classification,val,Glass,glass,trashnet-master/trashnet-master/data/filtered_6class/val/Glass/glass138.jpg,,trashnet-master/trashnet-master/data/dataset-resized/glass/glass138.jpg,,,,,,,,
trashnet_val_glass402.jpg,TrashNet,image_classification,val,Glass,glass,trashnet-master/trashnet-master/data/filtered_6class/val/Glass/glass402.jpg,,trashnet-master/trashnet-master/data/dataset-resized/glass/glass402.jpg,,,,,,,,
trashnet_val_glass177.jpg,TrashNet,image_classification,val,Glass,glass,trashnet-master/trashnet-master/data/filtered_6class/val/Glass/glass177.jpg,,trashnet-master/trashnet-master/data/dataset-resized/glass/glass177.jpg,,,,,,,,
trashnet_val_glass438.jpg,TrashNet,image_classification,val,Glass,glass,trashnet-master/trashnet-master/data/filtered_6class/val/Glass/glass438.jpg,,trashnet-master/trashnet-master/data/dataset-resized/glass/glass438.jpg,,,,,,,,
trashnet_val_glass317.jpg,TrashNet,image_classification,val,Glass,glass,trashnet-master/trashnet-master/data/filtered_6class/val/Glass/glass317.jpg,,trashnet-master/trashnet-master/data/dataset-resized/glass/glass317.jpg,,,,,,,,
trashnet_val_glass72.jpg,TrashNet,image_classification,val,Glass,glass,trashnet-master/trashnet-master/data/filtered_6class/val/Glass/glass72.jpg,,trashnet-master/trashnet-master/data/dataset-resized/glass/glass72.jpg,,,,,,,,
trashnet_val_glass198.jpg,TrashNet,image_classification,val,Glass,glass,trashnet-master/trashnet-master/data/filtered_6class/val/Glass/glass198.jpg,,trashnet-master/trashnet-master/data/dataset-resized/glass/glass198.jpg,,,,,,,,
trashnet_val_glass41.jpg,TrashNet,image_classification,val,Glass,glass,trashnet-master/trashnet-master/data/filtered_6class/val/Glass/glass41.jpg,,trashnet-master/trashnet-master/data/dataset-resized/glass/glass41.jpg,,,,,,,,
trashnet_val_glass465.jpg,TrashNet,image_classification,val,Glass,glass,trashnet-master/trashnet-master/data/filtered_6class/val/Glass/glass465.jpg,,trashnet-master/trashnet-master/data/dataset-resized/glass/glass465.jpg,,,,,,,,
trashnet_val_glass302.jpg,TrashNet,image_classification,val,Glass,glass,trashnet-master/trashnet-master/data/filtered_6class/val/Glass/glass302.jpg,,trashnet-master/trashnet-master/data/dataset-resized/glass/glass302.jpg,,,,,,,,
trashnet_val_glass313.jpg,TrashNet,image_classification,val,Glass,glass,trashnet-master/trashnet-master/data/filtered_6class/val/Glass/glass313.jpg,,trashnet-master/trashnet-master/data/dataset-resized/glass/glass313.jpg,,,,,,,,
trashnet_val_glass247.jpg,TrashNet,image_classification,val,Glass,glass,trashnet-master/trashnet-master/data/filtered_6class/val/Glass/glass247.jpg,,trashnet-master/trashnet-master/data/dataset-resized/glass/glass247.jpg,,,,,,,,
trashnet_val_glass400.jpg,TrashNet,image_classification,val,Glass,glass,trashnet-master/trashnet-master/data/filtered_6class/val/Glass/glass400.jpg,,trashnet-master/trashnet-master/data/dataset-resized/glass/glass400.jpg,,,,,,,,
trashnet_val_glass73.jpg,TrashNet,image_classification,val,Glass,glass,trashnet-master/trashnet-master/data/filtered_6class/val/Glass/glass73.jpg,,trashnet-master/trashnet-master/data/dataset-resized/glass/glass73.jpg,,,,,,,,
trashnet_val_glass366.jpg,TrashNet,image_classification,val,Glass,glass,trashnet-master/trashnet-master/data/filtered_6class/val/Glass/glass366.jpg,,trashnet-master/trashnet-master/data/dataset-resized/glass/glass366.jpg,,,,,,,,
trashnet_val_glass76.jpg,TrashNet,image_classification,val,Glass,glass,trashnet-master/trashnet-master/data/filtered_6class/val/Glass/glass76.jpg,,trashnet-master/trashnet-master/data/dataset-resized/glass/glass76.jpg,,,,,,,,
trashnet_val_glass53.jpg,TrashNet,image_classification,val,Glass,glass,trashnet-master/trashnet-master/data/filtered_6class/val/Glass/glass53.jpg,,trashnet-master/trashnet-master/data/dataset-resized/glass/glass53.jpg,,,,,,,,
trashnet_val_glass196.jpg,TrashNet,image_classification,val,Glass,glass,trashnet-master/trashnet-master/data/filtered_6class/val/Glass/glass196.jpg,,trashnet-master/trashnet-master/data/dataset-resized/glass/glass196.jpg,,,,,,,,
trashnet_val_glass230.jpg,TrashNet,image_classification,val,Glass,glass,trashnet-master/trashnet-master/data/filtered_6class/val/Glass/glass230.jpg,,trashnet-master/trashnet-master/data/dataset-resized/glass/glass230.jpg,,,,,,,,
trashnet_val_glass239.jpg,TrashNet,image_classification,val,Glass,glass,trashnet-master/trashnet-master/data/filtered_6class/val/Glass/glass239.jpg,,trashnet-master/trashnet-master/data/dataset-resized/glass/glass239.jpg,,,,,,,,
trashnet_val_glass63.jpg,TrashNet,image_classification,val,Glass,glass,trashnet-master/trashnet-master/data/filtered_6class/val/Glass/glass63.jpg,,trashnet-master/trashnet-master/data/dataset-resized/glass/glass63.jpg,,,,,,,,
trashnet_val_glass351.jpg,TrashNet,image_classification,val,Glass,glass,trashnet-master/trashnet-master/data/filtered_6class/val/Glass/glass351.jpg,,trashnet-master/trashnet-master/data/dataset-resized/glass/glass351.jpg,,,,,,,,
trashnet_val_glass286.jpg,TrashNet,image_classification,val,Glass,glass,trashnet-master/trashnet-master/data/filtered_6class/val/Glass/glass286.jpg,,trashnet-master/trashnet-master/data/dataset-resized/glass/glass286.jpg,,,,,,,,
trashnet_val_glass238.jpg,TrashNet,image_classification,val,Glass,glass,trashnet-master/trashnet-master/data/filtered_6class/val/Glass/glass238.jpg,,trashnet-master/trashnet-master/data/dataset-resized/glass/glass238.jpg,,,,,,,,
trashnet_val_glass361.jpg,TrashNet,image_classification,val,Glass,glass,trashnet-master/trashnet-master/data/filtered_6class/val/Glass/glass361.jpg,,trashnet-master/trashnet-master/data/dataset-resized/glass/glass361.jpg,,,,,,,,
trashnet_val_glass383.jpg,TrashNet,image_classification,val,Glass,glass,trashnet-master/trashnet-master/data/filtered_6class/val/Glass/glass383.jpg,,trashnet-master/trashnet-master/data/dataset-resized/glass/glass383.jpg,,,,,,,,
trashnet_val_glass18.jpg,TrashNet,image_classification,val,Glass,glass,trashnet-master/trashnet-master/data/filtered_6class/val/Glass/glass18.jpg,,trashnet-master/trashnet-master/data/dataset-resized/glass/glass18.jpg,,,,,,,,
trashnet_val_glass444.jpg,TrashNet,image_classification,val,Glass,glass,trashnet-master/trashnet-master/data/filtered_6class/val/Glass/glass444.jpg,,trashnet-master/trashnet-master/data/dataset-resized/glass/glass444.jpg,,,,,,,,
trashnet_val_paper171.jpg,TrashNet,image_classification,val,PaperCardboard,paper,trashnet-master/trashnet-master/data/filtered_6class/val/PaperCardboard/paper171.jpg,,trashnet-master/trashnet-master/data/dataset-resized/paper/paper171.jpg,,,,,,,,
trashnet_val_cardboard390.jpg,TrashNet,image_classification,val,PaperCardboard,cardboard,trashnet-master/trashnet-master/data/filtered_6class/val/PaperCardboard/cardboard390.jpg,,trashnet-master/trashnet-master/data/dataset-resized/cardboard/cardboard390.jpg,,,,,,,,
trashnet_val_paper256.jpg,TrashNet,image_classification,val,PaperCardboard,paper,trashnet-master/trashnet-master/data/filtered_6class/val/PaperCardboard/paper256.jpg,,trashnet-master/trashnet-master/data/dataset-resized/paper/paper256.jpg,,,,,,,,
trashnet_val_paper265.jpg,TrashNet,image_classification,val,PaperCardboard,paper,trashnet-master/trashnet-master/data/filtered_6class/val/PaperCardboard/paper265.jpg,,trashnet-master/trashnet-master/data/dataset-resized/paper/paper265.jpg,,,,,,,,
trashnet_val_cardboard193.jpg,TrashNet,image_classification,val,PaperCardboard,cardboard,trashnet-master/trashnet-master/data/filtered_6class/val/PaperCardboard/cardboard193.jpg,,trashnet-master/trashnet-master/data/dataset-resized/cardboard/cardboard193.jpg,,,,,,,,
trashnet_val_paper86.jpg,TrashNet,image_classification,val,PaperCardboard,paper,trashnet-master/trashnet-master/data/filtered_6class/val/PaperCardboard/paper86.jpg,,trashnet-master/trashnet-master/data/dataset-resized/paper/paper86.jpg,,,,,,,,
trashnet_val_cardboard37.jpg,TrashNet,image_classification,val,PaperCardboard,cardboard,trashnet-master/trashnet-master/data/filtered_6class/val/PaperCardboard/cardboard37.jpg,,trashnet-master/trashnet-master/data/dataset-resized/cardboard/cardboard37.jpg,,,,,,,,
trashnet_val_paper589.jpg,TrashNet,image_classification,val,PaperCardboard,paper,trashnet-master/trashnet-master/data/filtered_6class/val/PaperCardboard/paper589.jpg,,trashnet-master/trashnet-master/data/dataset-resized/paper/paper589.jpg,,,,,,,,
trashnet_val_paper324.jpg,TrashNet,image_classification,val,PaperCardboard,paper,trashnet-master/trashnet-master/data/filtered_6class/val/PaperCardboard/paper324.jpg,,trashnet-master/trashnet-master/data/dataset-resized/paper/paper324.jpg,,,,,,,,
trashnet_val_paper233.jpg,TrashNet,image_classification,val,PaperCardboard,paper,trashnet-master/trashnet-master/data/filtered_6class/val/PaperCardboard/paper233.jpg,,trashnet-master/trashnet-master/data/dataset-resized/paper/paper233.jpg,,,,,,,,
trashnet_val_paper497.jpg,TrashNet,image_classification,val,PaperCardboard,paper,trashnet-master/trashnet-master/data/filtered_6class/val/PaperCardboard/paper497.jpg,,trashnet-master/trashnet-master/data/dataset-resized/paper/paper497.jpg,,,,,,,,
trashnet_val_paper444.jpg,TrashNet,image_classification,val,PaperCardboard,paper,trashnet-master/trashnet-master/data/filtered_6class/val/PaperCardboard/paper444.jpg,,trashnet-master/trashnet-master/data/dataset-resized/paper/paper444.jpg,,,,,,,,
trashnet_val_paper43.jpg,TrashNet,image_classification,val,PaperCardboard,paper,trashnet-master/trashnet-master/data/filtered_6class/val/PaperCardboard/paper43.jpg,,trashnet-master/trashnet-master/data/dataset-resized/paper/paper43.jpg,,,,,,,,
trashnet_val_paper37.jpg,TrashNet,image_classification,val,PaperCardboard,paper,trashnet-master/trashnet-master/data/filtered_6class/val/PaperCardboard/paper37.jpg,,trashnet-master/trashnet-master/data/dataset-resized/paper/paper37.jpg,,,,,,,,
trashnet_val_paper150.jpg,TrashNet,image_classification,val,PaperCardboard,paper,trashnet-master/trashnet-master/data/filtered_6class/val/PaperCardboard/paper150.jpg,,trashnet-master/trashnet-master/data/dataset-resized/paper/paper150.jpg,,,,,,,,
trashnet_val_paper399.jpg,TrashNet,image_classification,val,PaperCardboard,paper,trashnet-master/trashnet-master/data/filtered_6class/val/PaperCardboard/paper399.jpg,,trashnet-master/trashnet-master/data/dataset-resized/paper/paper399.jpg,,,,,,,,
trashnet_val_paper141.jpg,TrashNet,image_classification,val,PaperCardboard,paper,trashnet-master/trashnet-master/data/filtered_6class/val/PaperCardboard/paper141.jpg,,trashnet-master/trashnet-master/data/dataset-resized/paper/paper141.jpg,,,,,,,,
trashnet_val_cardboard329.jpg,TrashNet,image_classification,val,PaperCardboard,cardboard,trashnet-master/trashnet-master/data/filtered_6class/val/PaperCardboard/cardboard329.jpg,,trashnet-master/trashnet-master/data/dataset-resized/cardboard/cardboard329.jpg,,,,,,,,
trashnet_val_paper375.jpg,TrashNet,image_classification,val,PaperCardboard,paper,trashnet-master/trashnet-master/data/filtered_6class/val/PaperCardboard/paper375.jpg,,trashnet-master/trashnet-master/data/dataset-resized/paper/paper375.jpg,,,,,,,,
trashnet_val_cardboard369.jpg,TrashNet,image_classification,val,PaperCardboard,cardboard,trashnet-master/trashnet-master/data/filtered_6class/val/PaperCardboard/cardboard369.jpg,,trashnet-master/trashnet-master/data/dataset-resized/cardboard/cardboard369.jpg,,,,,,,,
trashnet_val_paper252.jpg,TrashNet,image_classification,val,PaperCardboard,paper,trashnet-master/trashnet-master/data/filtered_6class/val/PaperCardboard/paper252.jpg,,trashnet-master/trashnet-master/data/dataset-resized/paper/paper252.jpg,,,,,,,,
trashnet_val_paper508.jpg,TrashNet,image_classification,val,PaperCardboard,paper,trashnet-master/trashnet-master/data/filtered_6class/val/PaperCardboard/paper508.jpg,,trashnet-master/trashnet-master/data/dataset-resized/paper/paper508.jpg,,,,,,,,
trashnet_val_cardboard247.jpg,TrashNet,image_classification,val,PaperCardboard,cardboard,trashnet-master/trashnet-master/data/filtered_6class/val/PaperCardboard/cardboard247.jpg,,trashnet-master/trashnet-master/data/dataset-resized/cardboard/cardboard247.jpg,,,,,,,,
trashnet_val_cardboard212.jpg,TrashNet,image_classification,val,PaperCardboard,cardboard,trashnet-master/trashnet-master/data/filtered_6class/val/PaperCardboard/cardboard212.jpg,,trashnet-master/trashnet-master/data/dataset-resized/cardboard/cardboard212.jpg,,,,,,,,
trashnet_val_cardboard148.jpg,TrashNet,image_classification,val,PaperCardboard,cardboard,trashnet-master/trashnet-master/data/filtered_6class/val/PaperCardboard/cardboard148.jpg,,trashnet-master/trashnet-master/data/dataset-resized/cardboard/cardboard148.jpg,,,,,,,,
trashnet_val_paper19.jpg,TrashNet,image_classification,val,PaperCardboard,paper,trashnet-master/trashnet-master/data/filtered_6class/val/PaperCardboard/paper19.jpg,,trashnet-master/trashnet-master/data/dataset-resized/paper/paper19.jpg,,,,,,,,
trashnet_val_paper5.jpg,TrashNet,image_classification,val,PaperCardboard,paper,trashnet-master/trashnet-master/data/filtered_6class/val/PaperCardboard/paper5.jpg,,trashnet-master/trashnet-master/data/dataset-resized/paper/paper5.jpg,,,,,,,,
trashnet_val_paper182.jpg,TrashNet,image_classification,val,PaperCardboard,paper,trashnet-master/trashnet-master/data/filtered_6class/val/PaperCardboard/paper182.jpg,,trashnet-master/trashnet-master/data/dataset-resized/paper/paper182.jpg,,,,,,,,
trashnet_val_paper308.jpg,TrashNet,image_classification,val,PaperCardboard,paper,trashnet-master/trashnet-master/data/filtered_6class/val/PaperCardboard/paper308.jpg,,trashnet-master/trashnet-master/data/dataset-resized/paper/paper308.jpg,,,,,,,,
trashnet_val_cardboard333.jpg,TrashNet,image_classification,val,PaperCardboard,cardboard,trashnet-master/trashnet-master/data/filtered_6class/val/PaperCardboard/cardboard333.jpg,,trashnet-master/trashnet-master/data/dataset-resized/cardboard/cardboard333.jpg,,,,,,,,
trashnet_val_cardboard195.jpg,TrashNet,image_classification,val,PaperCardboard,cardboard,trashnet-master/trashnet-master/data/filtered_6class/val/PaperCardboard/cardboard195.jpg,,trashnet-master/trashnet-master/data/dataset-resized/cardboard/cardboard195.jpg,,,,,,,,
trashnet_val_cardboard146.jpg,TrashNet,image_classification,val,PaperCardboard,cardboard,trashnet-master/trashnet-master/data/filtered_6class/val/PaperCardboard/cardboard146.jpg,,trashnet-master/trashnet-master/data/dataset-resized/cardboard/cardboard146.jpg,,,,,,,,
trashnet_val_paper315.jpg,TrashNet,image_classification,val,PaperCardboard,paper,trashnet-master/trashnet-master/data/filtered_6class/val/PaperCardboard/paper315.jpg,,trashnet-master/trashnet-master/data/dataset-resized/paper/paper315.jpg,,,,,,,,
trashnet_val_paper162.jpg,TrashNet,image_classification,val,PaperCardboard,paper,trashnet-master/trashnet-master/data/filtered_6class/val/PaperCardboard/paper162.jpg,,trashnet-master/trashnet-master/data/dataset-resized/paper/paper162.jpg,,,,,,,,
trashnet_val_cardboard133.jpg,TrashNet,image_classification,val,PaperCardboard,cardboard,trashnet-master/trashnet-master/data/filtered_6class/val/PaperCardboard/cardboard133.jpg,,trashnet-master/trashnet-master/data/dataset-resized/cardboard/cardboard133.jpg,,,,,,,,
trashnet_val_paper131.jpg,TrashNet,image_classification,val,PaperCardboard,paper,trashnet-master/trashnet-master/data/filtered_6class/val/PaperCardboard/paper131.jpg,,trashnet-master/trashnet-master/data/dataset-resized/paper/paper131.jpg,,,,,,,,
trashnet_val_paper63.jpg,TrashNet,image_classification,val,PaperCardboard,paper,trashnet-master/trashnet-master/data/filtered_6class/val/PaperCardboard/paper63.jpg,,trashnet-master/trashnet-master/data/dataset-resized/paper/paper63.jpg,,,,,,,,
trashnet_val_paper549.jpg,TrashNet,image_classification,val,PaperCardboard,paper,trashnet-master/trashnet-master/data/filtered_6class/val/PaperCardboard/paper549.jpg,,trashnet-master/trashnet-master/data/dataset-resized/paper/paper549.jpg,,,,,,,,
trashnet_val_cardboard141.jpg,TrashNet,image_classification,val,PaperCardboard,cardboard,trashnet-master/trashnet-master/data/filtered_6class/val/PaperCardboard/cardboard141.jpg,,trashnet-master/trashnet-master/data/dataset-resized/cardboard/cardboard141.jpg,,,,,,,,
trashnet_val_paper391.jpg,TrashNet,image_classification,val,PaperCardboard,paper,trashnet-master/trashnet-master/data/filtered_6class/val/PaperCardboard/paper391.jpg,,trashnet-master/trashnet-master/data/dataset-resized/paper/paper391.jpg,,,,,,,,
trashnet_val_paper45.jpg,TrashNet,image_classification,val,PaperCardboard,paper,trashnet-master/trashnet-master/data/filtered_6class/val/PaperCardboard/paper45.jpg,,trashnet-master/trashnet-master/data/dataset-resized/paper/paper45.jpg,,,,,,,,
trashnet_val_paper591.jpg,TrashNet,image_classification,val,PaperCardboard,paper,trashnet-master/trashnet-master/data/filtered_6class/val/PaperCardboard/paper591.jpg,,trashnet-master/trashnet-master/data/dataset-resized/paper/paper591.jpg,,,,,,,,
trashnet_val_cardboard402.jpg,TrashNet,image_classification,val,PaperCardboard,cardboard,trashnet-master/trashnet-master/data/filtered_6class/val/PaperCardboard/cardboard402.jpg,,trashnet-master/trashnet-master/data/dataset-resized/cardboard/cardboard402.jpg,,,,,,,,
trashnet_val_paper401.jpg,TrashNet,image_classification,val,PaperCardboard,paper,trashnet-master/trashnet-master/data/filtered_6class/val/PaperCardboard/paper401.jpg,,trashnet-master/trashnet-master/data/dataset-resized/paper/paper401.jpg,,,,,,,,
trashnet_val_cardboard63.jpg,TrashNet,image_classification,val,PaperCardboard,cardboard,trashnet-master/trashnet-master/data/filtered_6class/val/PaperCardboard/cardboard63.jpg,,trashnet-master/trashnet-master/data/dataset-resized/cardboard/cardboard63.jpg,,,,,,,,
trashnet_val_cardboard163.jpg,TrashNet,image_classification,val,PaperCardboard,cardboard,trashnet-master/trashnet-master/data/filtered_6class/val/PaperCardboard/cardboard163.jpg,,trashnet-master/trashnet-master/data/dataset-resized/cardboard/cardboard163.jpg,,,,,,,,
trashnet_val_paper466.jpg,TrashNet,image_classification,val,PaperCardboard,paper,trashnet-master/trashnet-master/data/filtered_6class/val/PaperCardboard/paper466.jpg,,trashnet-master/trashnet-master/data/dataset-resized/paper/paper466.jpg,,,,,,,,
trashnet_val_cardboard202.jpg,TrashNet,image_classification,val,PaperCardboard,cardboard,trashnet-master/trashnet-master/data/filtered_6class/val/PaperCardboard/cardboard202.jpg,,trashnet-master/trashnet-master/data/dataset-resized/cardboard/cardboard202.jpg,,,,,,,,
trashnet_val_cardboard139.jpg,TrashNet,image_classification,val,PaperCardboard,cardboard,trashnet-master/trashnet-master/data/filtered_6class/val/PaperCardboard/cardboard139.jpg,,trashnet-master/trashnet-master/data/dataset-resized/cardboard/cardboard139.jpg,,,,,,,,
trashnet_val_paper410.jpg,TrashNet,image_classification,val,PaperCardboard,paper,trashnet-master/trashnet-master/data/filtered_6class/val/PaperCardboard/paper410.jpg,,trashnet-master/trashnet-master/data/dataset-resized/paper/paper410.jpg,,,,,,,,
trashnet_val_paper343.jpg,TrashNet,image_classification,val,PaperCardboard,paper,trashnet-master/trashnet-master/data/filtered_6class/val/PaperCardboard/paper343.jpg,,trashnet-master/trashnet-master/data/dataset-resized/paper/paper343.jpg,,,,,,,,
trashnet_val_paper531.jpg,TrashNet,image_classification,val,PaperCardboard,paper,trashnet-master/trashnet-master/data/filtered_6class/val/PaperCardboard/paper531.jpg,,trashnet-master/trashnet-master/data/dataset-resized/paper/paper531.jpg,,,,,,,,
trashnet_val_paper168.jpg,TrashNet,image_classification,val,PaperCardboard,paper,trashnet-master/trashnet-master/data/filtered_6class/val/PaperCardboard/paper168.jpg,,trashnet-master/trashnet-master/data/dataset-resized/paper/paper168.jpg,,,,,,,,
trashnet_val_paper241.jpg,TrashNet,image_classification,val,PaperCardboard,paper,trashnet-master/trashnet-master/data/filtered_6class/val/PaperCardboard/paper241.jpg,,trashnet-master/trashnet-master/data/dataset-resized/paper/paper241.jpg,,,,,,,,
trashnet_val_cardboard168.jpg,TrashNet,image_classification,val,PaperCardboard,cardboard,trashnet-master/trashnet-master/data/filtered_6class/val/PaperCardboard/cardboard168.jpg,,trashnet-master/trashnet-master/data/dataset-resized/cardboard/cardboard168.jpg,,,,,,,,
trashnet_val_paper477.jpg,TrashNet,image_classification,val,PaperCardboard,paper,trashnet-master/trashnet-master/data/filtered_6class/val/PaperCardboard/paper477.jpg,,trashnet-master/trashnet-master/data/dataset-resized/paper/paper477.jpg,,,,,,,,
trashnet_val_paper231.jpg,TrashNet,image_classification,val,PaperCardboard,paper,trashnet-master/trashnet-master/data/filtered_6class/val/PaperCardboard/paper231.jpg,,trashnet-master/trashnet-master/data/dataset-resized/paper/paper231.jpg,,,,,,,,
trashnet_val_cardboard23.jpg,TrashNet,image_classification,val,PaperCardboard,cardboard,trashnet-master/trashnet-master/data/filtered_6class/val/PaperCardboard/cardboard23.jpg,,trashnet-master/trashnet-master/data/dataset-resized/cardboard/cardboard23.jpg,,,,,,,,
trashnet_val_paper112.jpg,TrashNet,image_classification,val,PaperCardboard,paper,trashnet-master/trashnet-master/data/filtered_6class/val/PaperCardboard/paper112.jpg,,trashnet-master/trashnet-master/data/dataset-resized/paper/paper112.jpg,,,,,,,,
trashnet_val_cardboard302.jpg,TrashNet,image_classification,val,PaperCardboard,cardboard,trashnet-master/trashnet-master/data/filtered_6class/val/PaperCardboard/cardboard302.jpg,,trashnet-master/trashnet-master/data/dataset-resized/cardboard/cardboard302.jpg,,,,,,,,
trashnet_val_paper584.jpg,TrashNet,image_classification,val,PaperCardboard,paper,trashnet-master/trashnet-master/data/filtered_6class/val/PaperCardboard/paper584.jpg,,trashnet-master/trashnet-master/data/dataset-resized/paper/paper584.jpg,,,,,,,,
trashnet_val_cardboard249.jpg,TrashNet,image_classification,val,PaperCardboard,cardboard,trashnet-master/trashnet-master/data/filtered_6class/val/PaperCardboard/cardboard249.jpg,,trashnet-master/trashnet-master/data/dataset-resized/cardboard/cardboard249.jpg,,,,,,,,
trashnet_val_paper504.jpg,TrashNet,image_classification,val,PaperCardboard,paper,trashnet-master/trashnet-master/data/filtered_6class/val/PaperCardboard/paper504.jpg,,trashnet-master/trashnet-master/data/dataset-resized/paper/paper504.jpg,,,,,,,,
trashnet_val_paper191.jpg,TrashNet,image_classification,val,PaperCardboard,paper,trashnet-master/trashnet-master/data/filtered_6class/val/PaperCardboard/paper191.jpg,,trashnet-master/trashnet-master/data/dataset-resized/paper/paper191.jpg,,,,,,,,
trashnet_val_paper404.jpg,TrashNet,image_classification,val,PaperCardboard,paper,trashnet-master/trashnet-master/data/filtered_6class/val/PaperCardboard/paper404.jpg,,trashnet-master/trashnet-master/data/dataset-resized/paper/paper404.jpg,,,,,,,,
trashnet_val_cardboard108.jpg,TrashNet,image_classification,val,PaperCardboard,cardboard,trashnet-master/trashnet-master/data/filtered_6class/val/PaperCardboard/cardboard108.jpg,,trashnet-master/trashnet-master/data/dataset-resized/cardboard/cardboard108.jpg,,,,,,,,
trashnet_val_paper562.jpg,TrashNet,image_classification,val,PaperCardboard,paper,trashnet-master/trashnet-master/data/filtered_6class/val/PaperCardboard/paper562.jpg,,trashnet-master/trashnet-master/data/dataset-resized/paper/paper562.jpg,,,,,,,,
trashnet_val_paper215.jpg,TrashNet,image_classification,val,PaperCardboard,paper,trashnet-master/trashnet-master/data/filtered_6class/val/PaperCardboard/paper215.jpg,,trashnet-master/trashnet-master/data/dataset-resized/paper/paper215.jpg,,,,,,,,
trashnet_val_cardboard361.jpg,TrashNet,image_classification,val,PaperCardboard,cardboard,trashnet-master/trashnet-master/data/filtered_6class/val/PaperCardboard/cardboard361.jpg,,trashnet-master/trashnet-master/data/dataset-resized/cardboard/cardboard361.jpg,,,,,,,,
trashnet_val_cardboard368.jpg,TrashNet,image_classification,val,PaperCardboard,cardboard,trashnet-master/trashnet-master/data/filtered_6class/val/PaperCardboard/cardboard368.jpg,,trashnet-master/trashnet-master/data/dataset-resized/cardboard/cardboard368.jpg,,,,,,,,
trashnet_val_paper239.jpg,TrashNet,image_classification,val,PaperCardboard,paper,trashnet-master/trashnet-master/data/filtered_6class/val/PaperCardboard/paper239.jpg,,trashnet-master/trashnet-master/data/dataset-resized/paper/paper239.jpg,,,,,,,,
trashnet_val_cardboard388.jpg,TrashNet,image_classification,val,PaperCardboard,cardboard,trashnet-master/trashnet-master/data/filtered_6class/val/PaperCardboard/cardboard388.jpg,,trashnet-master/trashnet-master/data/dataset-resized/cardboard/cardboard388.jpg,,,,,,,,
trashnet_val_cardboard176.jpg,TrashNet,image_classification,val,PaperCardboard,cardboard,trashnet-master/trashnet-master/data/filtered_6class/val/PaperCardboard/cardboard176.jpg,,trashnet-master/trashnet-master/data/dataset-resized/cardboard/cardboard176.jpg,,,,,,,,
trashnet_val_paper455.jpg,TrashNet,image_classification,val,PaperCardboard,paper,trashnet-master/trashnet-master/data/filtered_6class/val/PaperCardboard/paper455.jpg,,trashnet-master/trashnet-master/data/dataset-resized/paper/paper455.jpg,,,,,,,,
trashnet_val_paper450.jpg,TrashNet,image_classification,val,PaperCardboard,paper,trashnet-master/trashnet-master/data/filtered_6class/val/PaperCardboard/paper450.jpg,,trashnet-master/trashnet-master/data/dataset-resized/paper/paper450.jpg,,,,,,,,
trashnet_val_cardboard308.jpg,TrashNet,image_classification,val,PaperCardboard,cardboard,trashnet-master/trashnet-master/data/filtered_6class/val/PaperCardboard/cardboard308.jpg,,trashnet-master/trashnet-master/data/dataset-resized/cardboard/cardboard308.jpg,,,,,,,,
trashnet_val_paper535.jpg,TrashNet,image_classification,val,PaperCardboard,paper,trashnet-master/trashnet-master/data/filtered_6class/val/PaperCardboard/paper535.jpg,,trashnet-master/trashnet-master/data/dataset-resized/paper/paper535.jpg,,,,,,,,
trashnet_val_cardboard250.jpg,TrashNet,image_classification,val,PaperCardboard,cardboard,trashnet-master/trashnet-master/data/filtered_6class/val/PaperCardboard/cardboard250.jpg,,trashnet-master/trashnet-master/data/dataset-resized/cardboard/cardboard250.jpg,,,,,,,,
trashnet_val_paper392.jpg,TrashNet,image_classification,val,PaperCardboard,paper,trashnet-master/trashnet-master/data/filtered_6class/val/PaperCardboard/paper392.jpg,,trashnet-master/trashnet-master/data/dataset-resized/paper/paper392.jpg,,,,,,,,
trashnet_val_paper139.jpg,TrashNet,image_classification,val,PaperCardboard,paper,trashnet-master/trashnet-master/data/filtered_6class/val/PaperCardboard/paper139.jpg,,trashnet-master/trashnet-master/data/dataset-resized/paper/paper139.jpg,,,,,,,,
trashnet_val_paper478.jpg,TrashNet,image_classification,val,PaperCardboard,paper,trashnet-master/trashnet-master/data/filtered_6class/val/PaperCardboard/paper478.jpg,,trashnet-master/trashnet-master/data/dataset-resized/paper/paper478.jpg,,,,,,,,
trashnet_val_cardboard90.jpg,TrashNet,image_classification,val,PaperCardboard,cardboard,trashnet-master/trashnet-master/data/filtered_6class/val/PaperCardboard/cardboard90.jpg,,trashnet-master/trashnet-master/data/dataset-resized/cardboard/cardboard90.jpg,,,,,,,,
trashnet_val_cardboard30.jpg,TrashNet,image_classification,val,PaperCardboard,cardboard,trashnet-master/trashnet-master/data/filtered_6class/val/PaperCardboard/cardboard30.jpg,,trashnet-master/trashnet-master/data/dataset-resized/cardboard/cardboard30.jpg,,,,,,,,
trashnet_val_paper91.jpg,TrashNet,image_classification,val,PaperCardboard,paper,trashnet-master/trashnet-master/data/filtered_6class/val/PaperCardboard/paper91.jpg,,trashnet-master/trashnet-master/data/dataset-resized/paper/paper91.jpg,,,,,,,,
trashnet_val_paper319.jpg,TrashNet,image_classification,val,PaperCardboard,paper,trashnet-master/trashnet-master/data/filtered_6class/val/PaperCardboard/paper319.jpg,,trashnet-master/trashnet-master/data/dataset-resized/paper/paper319.jpg,,,,,,,,
trashnet_val_cardboard207.jpg,TrashNet,image_classification,val,PaperCardboard,cardboard,trashnet-master/trashnet-master/data/filtered_6class/val/PaperCardboard/cardboard207.jpg,,trashnet-master/trashnet-master/data/dataset-resized/cardboard/cardboard207.jpg,,,,,,,,
trashnet_val_paper273.jpg,TrashNet,image_classification,val,PaperCardboard,paper,trashnet-master/trashnet-master/data/filtered_6class/val/PaperCardboard/paper273.jpg,,trashnet-master/trashnet-master/data/dataset-resized/paper/paper273.jpg,,,,,,,,
trashnet_val_paper396.jpg,TrashNet,image_classification,val,PaperCardboard,paper,trashnet-master/trashnet-master/data/filtered_6class/val/PaperCardboard/paper396.jpg,,trashnet-master/trashnet-master/data/dataset-resized/paper/paper396.jpg,,,,,,,,
trashnet_val_paper519.jpg,TrashNet,image_classification,val,PaperCardboard,paper,trashnet-master/trashnet-master/data/filtered_6class/val/PaperCardboard/paper519.jpg,,trashnet-master/trashnet-master/data/dataset-resized/paper/paper519.jpg,,,,,,,,
trashnet_val_paper447.jpg,TrashNet,image_classification,val,PaperCardboard,paper,trashnet-master/trashnet-master/data/filtered_6class/val/PaperCardboard/paper447.jpg,,trashnet-master/trashnet-master/data/dataset-resized/paper/paper447.jpg,,,,,,,,
trashnet_val_paper65.jpg,TrashNet,image_classification,val,PaperCardboard,paper,trashnet-master/trashnet-master/data/filtered_6class/val/PaperCardboard/paper65.jpg,,trashnet-master/trashnet-master/data/dataset-resized/paper/paper65.jpg,,,,,,,,
trashnet_val_cardboard392.jpg,TrashNet,image_classification,val,PaperCardboard,cardboard,trashnet-master/trashnet-master/data/filtered_6class/val/PaperCardboard/cardboard392.jpg,,trashnet-master/trashnet-master/data/dataset-resized/cardboard/cardboard392.jpg,,,,,,,,
trashnet_val_cardboard32.jpg,TrashNet,image_classification,val,PaperCardboard,cardboard,trashnet-master/trashnet-master/data/filtered_6class/val/PaperCardboard/cardboard32.jpg,,trashnet-master/trashnet-master/data/dataset-resized/cardboard/cardboard32.jpg,,,,,,,,
trashnet_val_paper405.jpg,TrashNet,image_classification,val,PaperCardboard,paper,trashnet-master/trashnet-master/data/filtered_6class/val/PaperCardboard/paper405.jpg,,trashnet-master/trashnet-master/data/dataset-resized/paper/paper405.jpg,,,,,,,,
trashnet_val_paper417.jpg,TrashNet,image_classification,val,PaperCardboard,paper,trashnet-master/trashnet-master/data/filtered_6class/val/PaperCardboard/paper417.jpg,,trashnet-master/trashnet-master/data/dataset-resized/paper/paper417.jpg,,,,,,,,
trashnet_val_paper545.jpg,TrashNet,image_classification,val,PaperCardboard,paper,trashnet-master/trashnet-master/data/filtered_6class/val/PaperCardboard/paper545.jpg,,trashnet-master/trashnet-master/data/dataset-resized/paper/paper545.jpg,,,,,,,,
trashnet_val_paper60.jpg,TrashNet,image_classification,val,PaperCardboard,paper,trashnet-master/trashnet-master/data/filtered_6class/val/PaperCardboard/paper60.jpg,,trashnet-master/trashnet-master/data/dataset-resized/paper/paper60.jpg,,,,,,,,
trashnet_val_paper510.jpg,TrashNet,image_classification,val,PaperCardboard,paper,trashnet-master/trashnet-master/data/filtered_6class/val/PaperCardboard/paper510.jpg,,trashnet-master/trashnet-master/data/dataset-resized/paper/paper510.jpg,,,,,,,,
trashnet_val_cardboard76.jpg,TrashNet,image_classification,val,PaperCardboard,cardboard,trashnet-master/trashnet-master/data/filtered_6class/val/PaperCardboard/cardboard76.jpg,,trashnet-master/trashnet-master/data/dataset-resized/cardboard/cardboard76.jpg,,,,,,,,
trashnet_val_paper550.jpg,TrashNet,image_classification,val,PaperCardboard,paper,trashnet-master/trashnet-master/data/filtered_6class/val/PaperCardboard/paper550.jpg,,trashnet-master/trashnet-master/data/dataset-resized/paper/paper550.jpg,,,,,,,,
trashnet_val_cardboard172.jpg,TrashNet,image_classification,val,PaperCardboard,cardboard,trashnet-master/trashnet-master/data/filtered_6class/val/PaperCardboard/cardboard172.jpg,,trashnet-master/trashnet-master/data/dataset-resized/cardboard/cardboard172.jpg,,,,,,,,
trashnet_val_paper99.jpg,TrashNet,image_classification,val,PaperCardboard,paper,trashnet-master/trashnet-master/data/filtered_6class/val/PaperCardboard/paper99.jpg,,trashnet-master/trashnet-master/data/dataset-resized/paper/paper99.jpg,,,,,,,,
trashnet_val_cardboard4.jpg,TrashNet,image_classification,val,PaperCardboard,cardboard,trashnet-master/trashnet-master/data/filtered_6class/val/PaperCardboard/cardboard4.jpg,,trashnet-master/trashnet-master/data/dataset-resized/cardboard/cardboard4.jpg,,,,,,,,
trashnet_val_paper374.jpg,TrashNet,image_classification,val,PaperCardboard,paper,trashnet-master/trashnet-master/data/filtered_6class/val/PaperCardboard/paper374.jpg,,trashnet-master/trashnet-master/data/dataset-resized/paper/paper374.jpg,,,,,,,,
trashnet_val_cardboard233.jpg,TrashNet,image_classification,val,PaperCardboard,cardboard,trashnet-master/trashnet-master/data/filtered_6class/val/PaperCardboard/cardboard233.jpg,,trashnet-master/trashnet-master/data/dataset-resized/cardboard/cardboard233.jpg,,,,,,,,
trashnet_val_cardboard96.jpg,TrashNet,image_classification,val,PaperCardboard,cardboard,trashnet-master/trashnet-master/data/filtered_6class/val/PaperCardboard/cardboard96.jpg,,trashnet-master/trashnet-master/data/dataset-resized/cardboard/cardboard96.jpg,,,,,,,,
trashnet_val_paper100.jpg,TrashNet,image_classification,val,PaperCardboard,paper,trashnet-master/trashnet-master/data/filtered_6class/val/PaperCardboard/paper100.jpg,,trashnet-master/trashnet-master/data/dataset-resized/paper/paper100.jpg,,,,,,,,
trashnet_val_cardboard336.jpg,TrashNet,image_classification,val,PaperCardboard,cardboard,trashnet-master/trashnet-master/data/filtered_6class/val/PaperCardboard/cardboard336.jpg,,trashnet-master/trashnet-master/data/dataset-resized/cardboard/cardboard336.jpg,,,,,,,,
trashnet_val_paper567.jpg,TrashNet,image_classification,val,PaperCardboard,paper,trashnet-master/trashnet-master/data/filtered_6class/val/PaperCardboard/paper567.jpg,,trashnet-master/trashnet-master/data/dataset-resized/paper/paper567.jpg,,,,,,,,
trashnet_val_paper412.jpg,TrashNet,image_classification,val,PaperCardboard,paper,trashnet-master/trashnet-master/data/filtered_6class/val/PaperCardboard/paper412.jpg,,trashnet-master/trashnet-master/data/dataset-resized/paper/paper412.jpg,,,,,,,,
trashnet_val_paper481.jpg,TrashNet,image_classification,val,PaperCardboard,paper,trashnet-master/trashnet-master/data/filtered_6class/val/PaperCardboard/paper481.jpg,,trashnet-master/trashnet-master/data/dataset-resized/paper/paper481.jpg,,,,,,,,
trashnet_val_cardboard292.jpg,TrashNet,image_classification,val,PaperCardboard,cardboard,trashnet-master/trashnet-master/data/filtered_6class/val/PaperCardboard/cardboard292.jpg,,trashnet-master/trashnet-master/data/dataset-resized/cardboard/cardboard292.jpg,,,,,,,,
trashnet_val_cardboard372.jpg,TrashNet,image_classification,val,PaperCardboard,cardboard,trashnet-master/trashnet-master/data/filtered_6class/val/PaperCardboard/cardboard372.jpg,,trashnet-master/trashnet-master/data/dataset-resized/cardboard/cardboard372.jpg,,,,,,,,
trashnet_val_paper353.jpg,TrashNet,image_classification,val,PaperCardboard,paper,trashnet-master/trashnet-master/data/filtered_6class/val/PaperCardboard/paper353.jpg,,trashnet-master/trashnet-master/data/dataset-resized/paper/paper353.jpg,,,,,,,,
trashnet_val_paper163.jpg,TrashNet,image_classification,val,PaperCardboard,paper,trashnet-master/trashnet-master/data/filtered_6class/val/PaperCardboard/paper163.jpg,,trashnet-master/trashnet-master/data/dataset-resized/paper/paper163.jpg,,,,,,,,
trashnet_val_paper224.jpg,TrashNet,image_classification,val,PaperCardboard,paper,trashnet-master/trashnet-master/data/filtered_6class/val/PaperCardboard/paper224.jpg,,trashnet-master/trashnet-master/data/dataset-resized/paper/paper224.jpg,,,,,,,,
trashnet_val_cardboard252.jpg,TrashNet,image_classification,val,PaperCardboard,cardboard,trashnet-master/trashnet-master/data/filtered_6class/val/PaperCardboard/cardboard252.jpg,,trashnet-master/trashnet-master/data/dataset-resized/cardboard/cardboard252.jpg,,,,,,,,
trashnet_val_paper568.jpg,TrashNet,image_classification,val,PaperCardboard,paper,trashnet-master/trashnet-master/data/filtered_6class/val/PaperCardboard/paper568.jpg,,trashnet-master/trashnet-master/data/dataset-resized/paper/paper568.jpg,,,,,,,,
trashnet_val_cardboard116.jpg,TrashNet,image_classification,val,PaperCardboard,cardboard,trashnet-master/trashnet-master/data/filtered_6class/val/PaperCardboard/cardboard116.jpg,,trashnet-master/trashnet-master/data/dataset-resized/cardboard/cardboard116.jpg,,,,,,,,
trashnet_val_paper275.jpg,TrashNet,image_classification,val,PaperCardboard,paper,trashnet-master/trashnet-master/data/filtered_6class/val/PaperCardboard/paper275.jpg,,trashnet-master/trashnet-master/data/dataset-resized/paper/paper275.jpg,,,,,,,,
trashnet_val_paper452.jpg,TrashNet,image_classification,val,PaperCardboard,paper,trashnet-master/trashnet-master/data/filtered_6class/val/PaperCardboard/paper452.jpg,,trashnet-master/trashnet-master/data/dataset-resized/paper/paper452.jpg,,,,,,,,
trashnet_val_paper232.jpg,TrashNet,image_classification,val,PaperCardboard,paper,trashnet-master/trashnet-master/data/filtered_6class/val/PaperCardboard/paper232.jpg,,trashnet-master/trashnet-master/data/dataset-resized/paper/paper232.jpg,,,,,,,,
trashnet_val_cardboard396.jpg,TrashNet,image_classification,val,PaperCardboard,cardboard,trashnet-master/trashnet-master/data/filtered_6class/val/PaperCardboard/cardboard396.jpg,,trashnet-master/trashnet-master/data/dataset-resized/cardboard/cardboard396.jpg,,,,,,,,
trashnet_val_paper52.jpg,TrashNet,image_classification,val,PaperCardboard,paper,trashnet-master/trashnet-master/data/filtered_6class/val/PaperCardboard/paper52.jpg,,trashnet-master/trashnet-master/data/dataset-resized/paper/paper52.jpg,,,,,,,,
trashnet_val_paper323.jpg,TrashNet,image_classification,val,PaperCardboard,paper,trashnet-master/trashnet-master/data/filtered_6class/val/PaperCardboard/paper323.jpg,,trashnet-master/trashnet-master/data/dataset-resized/paper/paper323.jpg,,,,,,,,
trashnet_val_paper534.jpg,TrashNet,image_classification,val,PaperCardboard,paper,trashnet-master/trashnet-master/data/filtered_6class/val/PaperCardboard/paper534.jpg,,trashnet-master/trashnet-master/data/dataset-resized/paper/paper534.jpg,,,,,,,,
trashnet_val_paper544.jpg,TrashNet,image_classification,val,PaperCardboard,paper,trashnet-master/trashnet-master/data/filtered_6class/val/PaperCardboard/paper544.jpg,,trashnet-master/trashnet-master/data/dataset-resized/paper/paper544.jpg,,,,,,,,
trashnet_val_paper482.jpg,TrashNet,image_classification,val,PaperCardboard,paper,trashnet-master/trashnet-master/data/filtered_6class/val/PaperCardboard/paper482.jpg,,trashnet-master/trashnet-master/data/dataset-resized/paper/paper482.jpg,,,,,,,,
trashnet_val_paper350.jpg,TrashNet,image_classification,val,PaperCardboard,paper,trashnet-master/trashnet-master/data/filtered_6class/val/PaperCardboard/paper350.jpg,,trashnet-master/trashnet-master/data/dataset-resized/paper/paper350.jpg,,,,,,,,
trashnet_val_cardboard214.jpg,TrashNet,image_classification,val,PaperCardboard,cardboard,trashnet-master/trashnet-master/data/filtered_6class/val/PaperCardboard/cardboard214.jpg,,trashnet-master/trashnet-master/data/dataset-resized/cardboard/cardboard214.jpg,,,,,,,,
trashnet_val_paper569.jpg,TrashNet,image_classification,val,PaperCardboard,paper,trashnet-master/trashnet-master/data/filtered_6class/val/PaperCardboard/paper569.jpg,,trashnet-master/trashnet-master/data/dataset-resized/paper/paper569.jpg,,,,,,,,
trashnet_val_paper368.jpg,TrashNet,image_classification,val,PaperCardboard,paper,trashnet-master/trashnet-master/data/filtered_6class/val/PaperCardboard/paper368.jpg,,trashnet-master/trashnet-master/data/dataset-resized/paper/paper368.jpg,,,,,,,,
trashnet_val_cardboard224.jpg,TrashNet,image_classification,val,PaperCardboard,cardboard,trashnet-master/trashnet-master/data/filtered_6class/val/PaperCardboard/cardboard224.jpg,,trashnet-master/trashnet-master/data/dataset-resized/cardboard/cardboard224.jpg,,,,,,,,
trashnet_val_cardboard341.jpg,TrashNet,image_classification,val,PaperCardboard,cardboard,trashnet-master/trashnet-master/data/filtered_6class/val/PaperCardboard/cardboard341.jpg,,trashnet-master/trashnet-master/data/dataset-resized/cardboard/cardboard341.jpg,,,,,,,,
trashnet_val_paper240.jpg,TrashNet,image_classification,val,PaperCardboard,paper,trashnet-master/trashnet-master/data/filtered_6class/val/PaperCardboard/paper240.jpg,,trashnet-master/trashnet-master/data/dataset-resized/paper/paper240.jpg,,,,,,,,
trashnet_val_cardboard77.jpg,TrashNet,image_classification,val,PaperCardboard,cardboard,trashnet-master/trashnet-master/data/filtered_6class/val/PaperCardboard/cardboard77.jpg,,trashnet-master/trashnet-master/data/dataset-resized/cardboard/cardboard77.jpg,,,,,,,,
trashnet_val_paper207.jpg,TrashNet,image_classification,val,PaperCardboard,paper,trashnet-master/trashnet-master/data/filtered_6class/val/PaperCardboard/paper207.jpg,,trashnet-master/trashnet-master/data/dataset-resized/paper/paper207.jpg,,,,,,,,
trashnet_val_paper524.jpg,TrashNet,image_classification,val,PaperCardboard,paper,trashnet-master/trashnet-master/data/filtered_6class/val/PaperCardboard/paper524.jpg,,trashnet-master/trashnet-master/data/dataset-resized/paper/paper524.jpg,,,,,,,,
trashnet_val_paper203.jpg,TrashNet,image_classification,val,PaperCardboard,paper,trashnet-master/trashnet-master/data/filtered_6class/val/PaperCardboard/paper203.jpg,,trashnet-master/trashnet-master/data/dataset-resized/paper/paper203.jpg,,,,,,,,
trashnet_val_cardboard78.jpg,TrashNet,image_classification,val,PaperCardboard,cardboard,trashnet-master/trashnet-master/data/filtered_6class/val/PaperCardboard/cardboard78.jpg,,trashnet-master/trashnet-master/data/dataset-resized/cardboard/cardboard78.jpg,,,,,,,,
trashnet_val_paper185.jpg,TrashNet,image_classification,val,PaperCardboard,paper,trashnet-master/trashnet-master/data/filtered_6class/val/PaperCardboard/paper185.jpg,,trashnet-master/trashnet-master/data/dataset-resized/paper/paper185.jpg,,,,,,,,
trashnet_val_paper475.jpg,TrashNet,image_classification,val,PaperCardboard,paper,trashnet-master/trashnet-master/data/filtered_6class/val/PaperCardboard/paper475.jpg,,trashnet-master/trashnet-master/data/dataset-resized/paper/paper475.jpg,,,,,,,,
trashnet_val_paper73.jpg,TrashNet,image_classification,val,PaperCardboard,paper,trashnet-master/trashnet-master/data/filtered_6class/val/PaperCardboard/paper73.jpg,,trashnet-master/trashnet-master/data/dataset-resized/paper/paper73.jpg,,,,,,,,
trashnet_val_paper111.jpg,TrashNet,image_classification,val,PaperCardboard,paper,trashnet-master/trashnet-master/data/filtered_6class/val/PaperCardboard/paper111.jpg,,trashnet-master/trashnet-master/data/dataset-resized/paper/paper111.jpg,,,,,,,,
trashnet_val_paper72.jpg,TrashNet,image_classification,val,PaperCardboard,paper,trashnet-master/trashnet-master/data/filtered_6class/val/PaperCardboard/paper72.jpg,,trashnet-master/trashnet-master/data/dataset-resized/paper/paper72.jpg,,,,,,,,
trashnet_val_paper386.jpg,TrashNet,image_classification,val,PaperCardboard,paper,trashnet-master/trashnet-master/data/filtered_6class/val/PaperCardboard/paper386.jpg,,trashnet-master/trashnet-master/data/dataset-resized/paper/paper386.jpg,,,,,,,,
trashnet_val_paper245.jpg,TrashNet,image_classification,val,PaperCardboard,paper,trashnet-master/trashnet-master/data/filtered_6class/val/PaperCardboard/paper245.jpg,,trashnet-master/trashnet-master/data/dataset-resized/paper/paper245.jpg,,,,,,,,
trashnet_val_cardboard218.jpg,TrashNet,image_classification,val,PaperCardboard,cardboard,trashnet-master/trashnet-master/data/filtered_6class/val/PaperCardboard/cardboard218.jpg,,trashnet-master/trashnet-master/data/dataset-resized/cardboard/cardboard218.jpg,,,,,,,,
trashnet_val_paper32.jpg,TrashNet,image_classification,val,PaperCardboard,paper,trashnet-master/trashnet-master/data/filtered_6class/val/PaperCardboard/paper32.jpg,,trashnet-master/trashnet-master/data/dataset-resized/paper/paper32.jpg,,,,,,,,
trashnet_val_metal295.jpg,TrashNet,image_classification,val,Metal,metal,trashnet-master/trashnet-master/data/filtered_6class/val/Metal/metal295.jpg,,trashnet-master/trashnet-master/data/dataset-resized/metal/metal295.jpg,,,,,,,,
trashnet_val_metal137.jpg,TrashNet,image_classification,val,Metal,metal,trashnet-master/trashnet-master/data/filtered_6class/val/Metal/metal137.jpg,,trashnet-master/trashnet-master/data/dataset-resized/metal/metal137.jpg,,,,,,,,
trashnet_val_metal221.jpg,TrashNet,image_classification,val,Metal,metal,trashnet-master/trashnet-master/data/filtered_6class/val/Metal/metal221.jpg,,trashnet-master/trashnet-master/data/dataset-resized/metal/metal221.jpg,,,,,,,,
trashnet_val_metal338.jpg,TrashNet,image_classification,val,Metal,metal,trashnet-master/trashnet-master/data/filtered_6class/val/Metal/metal338.jpg,,trashnet-master/trashnet-master/data/dataset-resized/metal/metal338.jpg,,,,,,,,
trashnet_val_metal37.jpg,TrashNet,image_classification,val,Metal,metal,trashnet-master/trashnet-master/data/filtered_6class/val/Metal/metal37.jpg,,trashnet-master/trashnet-master/data/dataset-resized/metal/metal37.jpg,,,,,,,,
trashnet_val_metal363.jpg,TrashNet,image_classification,val,Metal,metal,trashnet-master/trashnet-master/data/filtered_6class/val/Metal/metal363.jpg,,trashnet-master/trashnet-master/data/dataset-resized/metal/metal363.jpg,,,,,,,,
trashnet_val_metal328.jpg,TrashNet,image_classification,val,Metal,metal,trashnet-master/trashnet-master/data/filtered_6class/val/Metal/metal328.jpg,,trashnet-master/trashnet-master/data/dataset-resized/metal/metal328.jpg,,,,,,,,
trashnet_val_metal59.jpg,TrashNet,image_classification,val,Metal,metal,trashnet-master/trashnet-master/data/filtered_6class/val/Metal/metal59.jpg,,trashnet-master/trashnet-master/data/dataset-resized/metal/metal59.jpg,,,,,,,,
trashnet_val_metal398.jpg,TrashNet,image_classification,val,Metal,metal,trashnet-master/trashnet-master/data/filtered_6class/val/Metal/metal398.jpg,,trashnet-master/trashnet-master/data/dataset-resized/metal/metal398.jpg,,,,,,,,
trashnet_val_metal277.jpg,TrashNet,image_classification,val,Metal,metal,trashnet-master/trashnet-master/data/filtered_6class/val/Metal/metal277.jpg,,trashnet-master/trashnet-master/data/dataset-resized/metal/metal277.jpg,,,,,,,,
trashnet_val_metal301.jpg,TrashNet,image_classification,val,Metal,metal,trashnet-master/trashnet-master/data/filtered_6class/val/Metal/metal301.jpg,,trashnet-master/trashnet-master/data/dataset-resized/metal/metal301.jpg,,,,,,,,
trashnet_val_metal283.jpg,TrashNet,image_classification,val,Metal,metal,trashnet-master/trashnet-master/data/filtered_6class/val/Metal/metal283.jpg,,trashnet-master/trashnet-master/data/dataset-resized/metal/metal283.jpg,,,,,,,,
trashnet_val_metal30.jpg,TrashNet,image_classification,val,Metal,metal,trashnet-master/trashnet-master/data/filtered_6class/val/Metal/metal30.jpg,,trashnet-master/trashnet-master/data/dataset-resized/metal/metal30.jpg,,,,,,,,
trashnet_val_metal269.jpg,TrashNet,image_classification,val,Metal,metal,trashnet-master/trashnet-master/data/filtered_6class/val/Metal/metal269.jpg,,trashnet-master/trashnet-master/data/dataset-resized/metal/metal269.jpg,,,,,,,,
trashnet_val_metal156.jpg,TrashNet,image_classification,val,Metal,metal,trashnet-master/trashnet-master/data/filtered_6class/val/Metal/metal156.jpg,,trashnet-master/trashnet-master/data/dataset-resized/metal/metal156.jpg,,,,,,,,
trashnet_val_metal224.jpg,TrashNet,image_classification,val,Metal,metal,trashnet-master/trashnet-master/data/filtered_6class/val/Metal/metal224.jpg,,trashnet-master/trashnet-master/data/dataset-resized/metal/metal224.jpg,,,,,,,,
trashnet_val_metal251.jpg,TrashNet,image_classification,val,Metal,metal,trashnet-master/trashnet-master/data/filtered_6class/val/Metal/metal251.jpg,,trashnet-master/trashnet-master/data/dataset-resized/metal/metal251.jpg,,,,,,,,
trashnet_val_metal82.jpg,TrashNet,image_classification,val,Metal,metal,trashnet-master/trashnet-master/data/filtered_6class/val/Metal/metal82.jpg,,trashnet-master/trashnet-master/data/dataset-resized/metal/metal82.jpg,,,,,,,,
trashnet_val_metal409.jpg,TrashNet,image_classification,val,Metal,metal,trashnet-master/trashnet-master/data/filtered_6class/val/Metal/metal409.jpg,,trashnet-master/trashnet-master/data/dataset-resized/metal/metal409.jpg,,,,,,,,
trashnet_val_metal230.jpg,TrashNet,image_classification,val,Metal,metal,trashnet-master/trashnet-master/data/filtered_6class/val/Metal/metal230.jpg,,trashnet-master/trashnet-master/data/dataset-resized/metal/metal230.jpg,,,,,,,,
trashnet_val_metal187.jpg,TrashNet,image_classification,val,Metal,metal,trashnet-master/trashnet-master/data/filtered_6class/val/Metal/metal187.jpg,,trashnet-master/trashnet-master/data/dataset-resized/metal/metal187.jpg,,,,,,,,
trashnet_val_metal404.jpg,TrashNet,image_classification,val,Metal,metal,trashnet-master/trashnet-master/data/filtered_6class/val/Metal/metal404.jpg,,trashnet-master/trashnet-master/data/dataset-resized/metal/metal404.jpg,,,,,,,,
trashnet_val_metal410.jpg,TrashNet,image_classification,val,Metal,metal,trashnet-master/trashnet-master/data/filtered_6class/val/Metal/metal410.jpg,,trashnet-master/trashnet-master/data/dataset-resized/metal/metal410.jpg,,,,,,,,
trashnet_val_metal317.jpg,TrashNet,image_classification,val,Metal,metal,trashnet-master/trashnet-master/data/filtered_6class/val/Metal/metal317.jpg,,trashnet-master/trashnet-master/data/dataset-resized/metal/metal317.jpg,,,,,,,,
trashnet_val_metal51.jpg,TrashNet,image_classification,val,Metal,metal,trashnet-master/trashnet-master/data/filtered_6class/val/Metal/metal51.jpg,,trashnet-master/trashnet-master/data/dataset-resized/metal/metal51.jpg,,,,,,,,
trashnet_val_metal282.jpg,TrashNet,image_classification,val,Metal,metal,trashnet-master/trashnet-master/data/filtered_6class/val/Metal/metal282.jpg,,trashnet-master/trashnet-master/data/dataset-resized/metal/metal282.jpg,,,,,,,,
trashnet_val_metal70.jpg,TrashNet,image_classification,val,Metal,metal,trashnet-master/trashnet-master/data/filtered_6class/val/Metal/metal70.jpg,,trashnet-master/trashnet-master/data/dataset-resized/metal/metal70.jpg,,,,,,,,
trashnet_val_metal241.jpg,TrashNet,image_classification,val,Metal,metal,trashnet-master/trashnet-master/data/filtered_6class/val/Metal/metal241.jpg,,trashnet-master/trashnet-master/data/dataset-resized/metal/metal241.jpg,,,,,,,,
trashnet_val_metal244.jpg,TrashNet,image_classification,val,Metal,metal,trashnet-master/trashnet-master/data/filtered_6class/val/Metal/metal244.jpg,,trashnet-master/trashnet-master/data/dataset-resized/metal/metal244.jpg,,,,,,,,
trashnet_val_metal118.jpg,TrashNet,image_classification,val,Metal,metal,trashnet-master/trashnet-master/data/filtered_6class/val/Metal/metal118.jpg,,trashnet-master/trashnet-master/data/dataset-resized/metal/metal118.jpg,,,,,,,,
trashnet_val_metal191.jpg,TrashNet,image_classification,val,Metal,metal,trashnet-master/trashnet-master/data/filtered_6class/val/Metal/metal191.jpg,,trashnet-master/trashnet-master/data/dataset-resized/metal/metal191.jpg,,,,,,,,
trashnet_val_metal40.jpg,TrashNet,image_classification,val,Metal,metal,trashnet-master/trashnet-master/data/filtered_6class/val/Metal/metal40.jpg,,trashnet-master/trashnet-master/data/dataset-resized/metal/metal40.jpg,,,,,,,,
trashnet_val_metal192.jpg,TrashNet,image_classification,val,Metal,metal,trashnet-master/trashnet-master/data/filtered_6class/val/Metal/metal192.jpg,,trashnet-master/trashnet-master/data/dataset-resized/metal/metal192.jpg,,,,,,,,
trashnet_val_metal234.jpg,TrashNet,image_classification,val,Metal,metal,trashnet-master/trashnet-master/data/filtered_6class/val/Metal/metal234.jpg,,trashnet-master/trashnet-master/data/dataset-resized/metal/metal234.jpg,,,,,,,,
trashnet_val_metal115.jpg,TrashNet,image_classification,val,Metal,metal,trashnet-master/trashnet-master/data/filtered_6class/val/Metal/metal115.jpg,,trashnet-master/trashnet-master/data/dataset-resized/metal/metal115.jpg,,,,,,,,
trashnet_val_metal78.jpg,TrashNet,image_classification,val,Metal,metal,trashnet-master/trashnet-master/data/filtered_6class/val/Metal/metal78.jpg,,trashnet-master/trashnet-master/data/dataset-resized/metal/metal78.jpg,,,,,,,,
trashnet_val_metal77.jpg,TrashNet,image_classification,val,Metal,metal,trashnet-master/trashnet-master/data/filtered_6class/val/Metal/metal77.jpg,,trashnet-master/trashnet-master/data/dataset-resized/metal/metal77.jpg,,,,,,,,
trashnet_val_metal161.jpg,TrashNet,image_classification,val,Metal,metal,trashnet-master/trashnet-master/data/filtered_6class/val/Metal/metal161.jpg,,trashnet-master/trashnet-master/data/dataset-resized/metal/metal161.jpg,,,,,,,,
trashnet_val_metal183.jpg,TrashNet,image_classification,val,Metal,metal,trashnet-master/trashnet-master/data/filtered_6class/val/Metal/metal183.jpg,,trashnet-master/trashnet-master/data/dataset-resized/metal/metal183.jpg,,,,,,,,
trashnet_val_metal71.jpg,TrashNet,image_classification,val,Metal,metal,trashnet-master/trashnet-master/data/filtered_6class/val/Metal/metal71.jpg,,trashnet-master/trashnet-master/data/dataset-resized/metal/metal71.jpg,,,,,,,,
trashnet_val_metal32.jpg,TrashNet,image_classification,val,Metal,metal,trashnet-master/trashnet-master/data/filtered_6class/val/Metal/metal32.jpg,,trashnet-master/trashnet-master/data/dataset-resized/metal/metal32.jpg,,,,,,,,
trashnet_val_metal312.jpg,TrashNet,image_classification,val,Metal,metal,trashnet-master/trashnet-master/data/filtered_6class/val/Metal/metal312.jpg,,trashnet-master/trashnet-master/data/dataset-resized/metal/metal312.jpg,,,,,,,,
trashnet_val_metal18.jpg,TrashNet,image_classification,val,Metal,metal,trashnet-master/trashnet-master/data/filtered_6class/val/Metal/metal18.jpg,,trashnet-master/trashnet-master/data/dataset-resized/metal/metal18.jpg,,,,,,,,
trashnet_val_metal396.jpg,TrashNet,image_classification,val,Metal,metal,trashnet-master/trashnet-master/data/filtered_6class/val/Metal/metal396.jpg,,trashnet-master/trashnet-master/data/dataset-resized/metal/metal396.jpg,,,,,,,,
trashnet_val_metal255.jpg,TrashNet,image_classification,val,Metal,metal,trashnet-master/trashnet-master/data/filtered_6class/val/Metal/metal255.jpg,,trashnet-master/trashnet-master/data/dataset-resized/metal/metal255.jpg,,,,,,,,
trashnet_val_metal350.jpg,TrashNet,image_classification,val,Metal,metal,trashnet-master/trashnet-master/data/filtered_6class/val/Metal/metal350.jpg,,trashnet-master/trashnet-master/data/dataset-resized/metal/metal350.jpg,,,,,,,,
trashnet_val_metal62.jpg,TrashNet,image_classification,val,Metal,metal,trashnet-master/trashnet-master/data/filtered_6class/val/Metal/metal62.jpg,,trashnet-master/trashnet-master/data/dataset-resized/metal/metal62.jpg,,,,,,,,
trashnet_val_metal45.jpg,TrashNet,image_classification,val,Metal,metal,trashnet-master/trashnet-master/data/filtered_6class/val/Metal/metal45.jpg,,trashnet-master/trashnet-master/data/dataset-resized/metal/metal45.jpg,,,,,,,,
trashnet_val_metal160.jpg,TrashNet,image_classification,val,Metal,metal,trashnet-master/trashnet-master/data/filtered_6class/val/Metal/metal160.jpg,,trashnet-master/trashnet-master/data/dataset-resized/metal/metal160.jpg,,,,,,,,
trashnet_val_metal252.jpg,TrashNet,image_classification,val,Metal,metal,trashnet-master/trashnet-master/data/filtered_6class/val/Metal/metal252.jpg,,trashnet-master/trashnet-master/data/dataset-resized/metal/metal252.jpg,,,,,,,,
trashnet_val_metal367.jpg,TrashNet,image_classification,val,Metal,metal,trashnet-master/trashnet-master/data/filtered_6class/val/Metal/metal367.jpg,,trashnet-master/trashnet-master/data/dataset-resized/metal/metal367.jpg,,,,,,,,
trashnet_val_metal147.jpg,TrashNet,image_classification,val,Metal,metal,trashnet-master/trashnet-master/data/filtered_6class/val/Metal/metal147.jpg,,trashnet-master/trashnet-master/data/dataset-resized/metal/metal147.jpg,,,,,,,,
trashnet_val_metal389.jpg,TrashNet,image_classification,val,Metal,metal,trashnet-master/trashnet-master/data/filtered_6class/val/Metal/metal389.jpg,,trashnet-master/trashnet-master/data/dataset-resized/metal/metal389.jpg,,,,,,,,
trashnet_val_metal401.jpg,TrashNet,image_classification,val,Metal,metal,trashnet-master/trashnet-master/data/filtered_6class/val/Metal/metal401.jpg,,trashnet-master/trashnet-master/data/dataset-resized/metal/metal401.jpg,,,,,,,,
trashnet_val_metal61.jpg,TrashNet,image_classification,val,Metal,metal,trashnet-master/trashnet-master/data/filtered_6class/val/Metal/metal61.jpg,,trashnet-master/trashnet-master/data/dataset-resized/metal/metal61.jpg,,,,,,,,
trashnet_val_metal258.jpg,TrashNet,image_classification,val,Metal,metal,trashnet-master/trashnet-master/data/filtered_6class/val/Metal/metal258.jpg,,trashnet-master/trashnet-master/data/dataset-resized/metal/metal258.jpg,,,,,,,,
trashnet_val_metal53.jpg,TrashNet,image_classification,val,Metal,metal,trashnet-master/trashnet-master/data/filtered_6class/val/Metal/metal53.jpg,,trashnet-master/trashnet-master/data/dataset-resized/metal/metal53.jpg,,,,,,,,
trashnet_val_metal263.jpg,TrashNet,image_classification,val,Metal,metal,trashnet-master/trashnet-master/data/filtered_6class/val/Metal/metal263.jpg,,trashnet-master/trashnet-master/data/dataset-resized/metal/metal263.jpg,,,,,,,,
trashnet_val_metal72.jpg,TrashNet,image_classification,val,Metal,metal,trashnet-master/trashnet-master/data/filtered_6class/val/Metal/metal72.jpg,,trashnet-master/trashnet-master/data/dataset-resized/metal/metal72.jpg,,,,,,,,
trashnet_val_metal215.jpg,TrashNet,image_classification,val,Metal,metal,trashnet-master/trashnet-master/data/filtered_6class/val/Metal/metal215.jpg,,trashnet-master/trashnet-master/data/dataset-resized/metal/metal215.jpg,,,,,,,,
trashnet_val_metal271.jpg,TrashNet,image_classification,val,Metal,metal,trashnet-master/trashnet-master/data/filtered_6class/val/Metal/metal271.jpg,,trashnet-master/trashnet-master/data/dataset-resized/metal/metal271.jpg,,,,,,,,
trashnet_val_trash65.jpg,TrashNet,image_classification,val,Other,trash,trashnet-master/trashnet-master/data/filtered_6class/val/Other/trash65.jpg,,trashnet-master/trashnet-master/data/dataset-resized/trash/trash65.jpg,,,,,,,,
trashnet_val_trash20.jpg,TrashNet,image_classification,val,Other,trash,trashnet-master/trashnet-master/data/filtered_6class/val/Other/trash20.jpg,,trashnet-master/trashnet-master/data/dataset-resized/trash/trash20.jpg,,,,,,,,
trashnet_val_trash117.jpg,TrashNet,image_classification,val,Other,trash,trashnet-master/trashnet-master/data/filtered_6class/val/Other/trash117.jpg,,trashnet-master/trashnet-master/data/dataset-resized/trash/trash117.jpg,,,,,,,,
trashnet_val_trash135.jpg,TrashNet,image_classification,val,Other,trash,trashnet-master/trashnet-master/data/filtered_6class/val/Other/trash135.jpg,,trashnet-master/trashnet-master/data/dataset-resized/trash/trash135.jpg,,,,,,,,
trashnet_val_trash46.jpg,TrashNet,image_classification,val,Other,trash,trashnet-master/trashnet-master/data/filtered_6class/val/Other/trash46.jpg,,trashnet-master/trashnet-master/data/dataset-resized/trash/trash46.jpg,,,,,,,,
trashnet_val_trash136.jpg,TrashNet,image_classification,val,Other,trash,trashnet-master/trashnet-master/data/filtered_6class/val/Other/trash136.jpg,,trashnet-master/trashnet-master/data/dataset-resized/trash/trash136.jpg,,,,,,,,
trashnet_val_trash76.jpg,TrashNet,image_classification,val,Other,trash,trashnet-master/trashnet-master/data/filtered_6class/val/Other/trash76.jpg,,trashnet-master/trashnet-master/data/dataset-resized/trash/trash76.jpg,,,,,,,,
trashnet_val_trash81.jpg,TrashNet,image_classification,val,Other,trash,trashnet-master/trashnet-master/data/filtered_6class/val/Other/trash81.jpg,,trashnet-master/trashnet-master/data/dataset-resized/trash/trash81.jpg,,,,,,,,
trashnet_val_trash82.jpg,TrashNet,image_classification,val,Other,trash,trashnet-master/trashnet-master/data/filtered_6class/val/Other/trash82.jpg,,trashnet-master/trashnet-master/data/dataset-resized/trash/trash82.jpg,,,,,,,,
trashnet_val_trash116.jpg,TrashNet,image_classification,val,Other,trash,trashnet-master/trashnet-master/data/filtered_6class/val/Other/trash116.jpg,,trashnet-master/trashnet-master/data/dataset-resized/trash/trash116.jpg,,,,,,,,
trashnet_val_trash28.jpg,TrashNet,image_classification,val,Other,trash,trashnet-master/trashnet-master/data/filtered_6class/val/Other/trash28.jpg,,trashnet-master/trashnet-master/data/dataset-resized/trash/trash28.jpg,,,,,,,,
trashnet_val_trash35.jpg,TrashNet,image_classification,val,Other,trash,trashnet-master/trashnet-master/data/filtered_6class/val/Other/trash35.jpg,,trashnet-master/trashnet-master/data/dataset-resized/trash/trash35.jpg,,,,,,,,
trashnet_val_trash3.jpg,TrashNet,image_classification,val,Other,trash,trashnet-master/trashnet-master/data/filtered_6class/val/Other/trash3.jpg,,trashnet-master/trashnet-master/data/dataset-resized/trash/trash3.jpg,,,,,,,,
trashnet_val_trash68.jpg,TrashNet,image_classification,val,Other,trash,trashnet-master/trashnet-master/data/filtered_6class/val/Other/trash68.jpg,,trashnet-master/trashnet-master/data/dataset-resized/trash/trash68.jpg,,,,,,,,
trashnet_val_trash137.jpg,TrashNet,image_classification,val,Other,trash,trashnet-master/trashnet-master/data/filtered_6class/val/Other/trash137.jpg,,trashnet-master/trashnet-master/data/dataset-resized/trash/trash137.jpg,,,,,,,,
trashnet_val_trash58.jpg,TrashNet,image_classification,val,Other,trash,trashnet-master/trashnet-master/data/filtered_6class/val/Other/trash58.jpg,,trashnet-master/trashnet-master/data/dataset-resized/trash/trash58.jpg,,,,,,,,
trashnet_val_trash114.jpg,TrashNet,image_classification,val,Other,trash,trashnet-master/trashnet-master/data/filtered_6class/val/Other/trash114.jpg,,trashnet-master/trashnet-master/data/dataset-resized/trash/trash114.jpg,,,,,,,,
trashnet_val_trash102.jpg,TrashNet,image_classification,val,Other,trash,trashnet-master/trashnet-master/data/filtered_6class/val/Other/trash102.jpg,,trashnet-master/trashnet-master/data/dataset-resized/trash/trash102.jpg,,,,,,,,
trashnet_val_trash79.jpg,TrashNet,image_classification,val,Other,trash,trashnet-master/trashnet-master/data/filtered_6class/val/Other/trash79.jpg,,trashnet-master/trashnet-master/data/dataset-resized/trash/trash79.jpg,,,,,,,,
trashnet_val_trash103.jpg,TrashNet,image_classification,val,Other,trash,trashnet-master/trashnet-master/data/filtered_6class/val/Other/trash103.jpg,,trashnet-master/trashnet-master/data/dataset-resized/trash/trash103.jpg,,,,,,,,
trashnet_test_plastic423.jpg,TrashNet,image_classification,test,Plastic,plastic,trashnet-master/trashnet-master/data/filtered_6class/test/Plastic/plastic423.jpg,,trashnet-master/trashnet-master/data/dataset-resized/plastic/plastic423.jpg,,,,,,,,
trashnet_test_plastic188.jpg,TrashNet,image_classification,test,Plastic,plastic,trashnet-master/trashnet-master/data/filtered_6class/test/Plastic/plastic188.jpg,,trashnet-master/trashnet-master/data/dataset-resized/plastic/plastic188.jpg,,,,,,,,
trashnet_test_plastic365.jpg,TrashNet,image_classification,test,Plastic,plastic,trashnet-master/trashnet-master/data/filtered_6class/test/Plastic/plastic365.jpg,,trashnet-master/trashnet-master/data/dataset-resized/plastic/plastic365.jpg,,,,,,,,
trashnet_test_plastic266.jpg,TrashNet,image_classification,test,Plastic,plastic,trashnet-master/trashnet-master/data/filtered_6class/test/Plastic/plastic266.jpg,,trashnet-master/trashnet-master/data/dataset-resized/plastic/plastic266.jpg,,,,,,,,
trashnet_test_plastic384.jpg,TrashNet,image_classification,test,Plastic,plastic,trashnet-master/trashnet-master/data/filtered_6class/test/Plastic/plastic384.jpg,,trashnet-master/trashnet-master/data/dataset-resized/plastic/plastic384.jpg,,,,,,,,
trashnet_test_plastic389.jpg,TrashNet,image_classification,test,Plastic,plastic,trashnet-master/trashnet-master/data/filtered_6class/test/Plastic/plastic389.jpg,,trashnet-master/trashnet-master/data/dataset-resized/plastic/plastic389.jpg,,,,,,,,
trashnet_test_plastic234.jpg,TrashNet,image_classification,test,Plastic,plastic,trashnet-master/trashnet-master/data/filtered_6class/test/Plastic/plastic234.jpg,,trashnet-master/trashnet-master/data/dataset-resized/plastic/plastic234.jpg,,,,,,,,
trashnet_test_plastic353.jpg,TrashNet,image_classification,test,Plastic,plastic,trashnet-master/trashnet-master/data/filtered_6class/test/Plastic/plastic353.jpg,,trashnet-master/trashnet-master/data/dataset-resized/plastic/plastic353.jpg,,,,,,,,
trashnet_test_plastic135.jpg,TrashNet,image_classification,test,Plastic,plastic,trashnet-master/trashnet-master/data/filtered_6class/test/Plastic/plastic135.jpg,,trashnet-master/trashnet-master/data/dataset-resized/plastic/plastic135.jpg,,,,,,,,
trashnet_test_plastic273.jpg,TrashNet,image_classification,test,Plastic,plastic,trashnet-master/trashnet-master/data/filtered_6class/test/Plastic/plastic273.jpg,,trashnet-master/trashnet-master/data/dataset-resized/plastic/plastic273.jpg,,,,,,,,
trashnet_test_plastic156.jpg,TrashNet,image_classification,test,Plastic,plastic,trashnet-master/trashnet-master/data/filtered_6class/test/Plastic/plastic156.jpg,,trashnet-master/trashnet-master/data/dataset-resized/plastic/plastic156.jpg,,,,,,,,
trashnet_test_plastic346.jpg,TrashNet,image_classification,test,Plastic,plastic,trashnet-master/trashnet-master/data/filtered_6class/test/Plastic/plastic346.jpg,,trashnet-master/trashnet-master/data/dataset-resized/plastic/plastic346.jpg,,,,,,,,
trashnet_test_plastic310.jpg,TrashNet,image_classification,test,Plastic,plastic,trashnet-master/trashnet-master/data/filtered_6class/test/Plastic/plastic310.jpg,,trashnet-master/trashnet-master/data/dataset-resized/plastic/plastic310.jpg,,,,,,,,
trashnet_test_plastic435.jpg,TrashNet,image_classification,test,Plastic,plastic,trashnet-master/trashnet-master/data/filtered_6class/test/Plastic/plastic435.jpg,,trashnet-master/trashnet-master/data/dataset-resized/plastic/plastic435.jpg,,,,,,,,
trashnet_test_plastic119.jpg,TrashNet,image_classification,test,Plastic,plastic,trashnet-master/trashnet-master/data/filtered_6class/test/Plastic/plastic119.jpg,,trashnet-master/trashnet-master/data/dataset-resized/plastic/plastic119.jpg,,,,,,,,
trashnet_test_plastic471.jpg,TrashNet,image_classification,test,Plastic,plastic,trashnet-master/trashnet-master/data/filtered_6class/test/Plastic/plastic471.jpg,,trashnet-master/trashnet-master/data/dataset-resized/plastic/plastic471.jpg,,,,,,,,
trashnet_test_plastic220.jpg,TrashNet,image_classification,test,Plastic,plastic,trashnet-master/trashnet-master/data/filtered_6class/test/Plastic/plastic220.jpg,,trashnet-master/trashnet-master/data/dataset-resized/plastic/plastic220.jpg,,,,,,,,
trashnet_test_plastic378.jpg,TrashNet,image_classification,test,Plastic,plastic,trashnet-master/trashnet-master/data/filtered_6class/test/Plastic/plastic378.jpg,,trashnet-master/trashnet-master/data/dataset-resized/plastic/plastic378.jpg,,,,,,,,
trashnet_test_plastic258.jpg,TrashNet,image_classification,test,Plastic,plastic,trashnet-master/trashnet-master/data/filtered_6class/test/Plastic/plastic258.jpg,,trashnet-master/trashnet-master/data/dataset-resized/plastic/plastic258.jpg,,,,,,,,
trashnet_test_plastic264.jpg,TrashNet,image_classification,test,Plastic,plastic,trashnet-master/trashnet-master/data/filtered_6class/test/Plastic/plastic264.jpg,,trashnet-master/trashnet-master/data/dataset-resized/plastic/plastic264.jpg,,,,,,,,
trashnet_test_plastic143.jpg,TrashNet,image_classification,test,Plastic,plastic,trashnet-master/trashnet-master/data/filtered_6class/test/Plastic/plastic143.jpg,,trashnet-master/trashnet-master/data/dataset-resized/plastic/plastic143.jpg,,,,,,,,
trashnet_test_plastic274.jpg,TrashNet,image_classification,test,Plastic,plastic,trashnet-master/trashnet-master/data/filtered_6class/test/Plastic/plastic274.jpg,,trashnet-master/trashnet-master/data/dataset-resized/plastic/plastic274.jpg,,,,,,,,
trashnet_test_plastic81.jpg,TrashNet,image_classification,test,Plastic,plastic,trashnet-master/trashnet-master/data/filtered_6class/test/Plastic/plastic81.jpg,,trashnet-master/trashnet-master/data/dataset-resized/plastic/plastic81.jpg,,,,,,,,
trashnet_test_plastic90.jpg,TrashNet,image_classification,test,Plastic,plastic,trashnet-master/trashnet-master/data/filtered_6class/test/Plastic/plastic90.jpg,,trashnet-master/trashnet-master/data/dataset-resized/plastic/plastic90.jpg,,,,,,,,
trashnet_test_plastic254.jpg,TrashNet,image_classification,test,Plastic,plastic,trashnet-master/trashnet-master/data/filtered_6class/test/Plastic/plastic254.jpg,,trashnet-master/trashnet-master/data/dataset-resized/plastic/plastic254.jpg,,,,,,,,
trashnet_test_plastic450.jpg,TrashNet,image_classification,test,Plastic,plastic,trashnet-master/trashnet-master/data/filtered_6class/test/Plastic/plastic450.jpg,,trashnet-master/trashnet-master/data/dataset-resized/plastic/plastic450.jpg,,,,,,,,
trashnet_test_plastic199.jpg,TrashNet,image_classification,test,Plastic,plastic,trashnet-master/trashnet-master/data/filtered_6class/test/Plastic/plastic199.jpg,,trashnet-master/trashnet-master/data/dataset-resized/plastic/plastic199.jpg,,,,,,,,
trashnet_test_plastic170.jpg,TrashNet,image_classification,test,Plastic,plastic,trashnet-master/trashnet-master/data/filtered_6class/test/Plastic/plastic170.jpg,,trashnet-master/trashnet-master/data/dataset-resized/plastic/plastic170.jpg,,,,,,,,
trashnet_test_plastic67.jpg,TrashNet,image_classification,test,Plastic,plastic,trashnet-master/trashnet-master/data/filtered_6class/test/Plastic/plastic67.jpg,,trashnet-master/trashnet-master/data/dataset-resized/plastic/plastic67.jpg,,,,,,,,
trashnet_test_plastic256.jpg,TrashNet,image_classification,test,Plastic,plastic,trashnet-master/trashnet-master/data/filtered_6class/test/Plastic/plastic256.jpg,,trashnet-master/trashnet-master/data/dataset-resized/plastic/plastic256.jpg,,,,,,,,
trashnet_test_plastic84.jpg,TrashNet,image_classification,test,Plastic,plastic,trashnet-master/trashnet-master/data/filtered_6class/test/Plastic/plastic84.jpg,,trashnet-master/trashnet-master/data/dataset-resized/plastic/plastic84.jpg,,,,,,,,
trashnet_test_plastic420.jpg,TrashNet,image_classification,test,Plastic,plastic,trashnet-master/trashnet-master/data/filtered_6class/test/Plastic/plastic420.jpg,,trashnet-master/trashnet-master/data/dataset-resized/plastic/plastic420.jpg,,,,,,,,
trashnet_test_plastic172.jpg,TrashNet,image_classification,test,Plastic,plastic,trashnet-master/trashnet-master/data/filtered_6class/test/Plastic/plastic172.jpg,,trashnet-master/trashnet-master/data/dataset-resized/plastic/plastic172.jpg,,,,,,,,
trashnet_test_plastic470.jpg,TrashNet,image_classification,test,Plastic,plastic,trashnet-master/trashnet-master/data/filtered_6class/test/Plastic/plastic470.jpg,,trashnet-master/trashnet-master/data/dataset-resized/plastic/plastic470.jpg,,,,,,,,
trashnet_test_plastic449.jpg,TrashNet,image_classification,test,Plastic,plastic,trashnet-master/trashnet-master/data/filtered_6class/test/Plastic/plastic449.jpg,,trashnet-master/trashnet-master/data/dataset-resized/plastic/plastic449.jpg,,,,,,,,
trashnet_test_plastic101.jpg,TrashNet,image_classification,test,Plastic,plastic,trashnet-master/trashnet-master/data/filtered_6class/test/Plastic/plastic101.jpg,,trashnet-master/trashnet-master/data/dataset-resized/plastic/plastic101.jpg,,,,,,,,
trashnet_test_plastic472.jpg,TrashNet,image_classification,test,Plastic,plastic,trashnet-master/trashnet-master/data/filtered_6class/test/Plastic/plastic472.jpg,,trashnet-master/trashnet-master/data/dataset-resized/plastic/plastic472.jpg,,,,,,,,
trashnet_test_plastic227.jpg,TrashNet,image_classification,test,Plastic,plastic,trashnet-master/trashnet-master/data/filtered_6class/test/Plastic/plastic227.jpg,,trashnet-master/trashnet-master/data/dataset-resized/plastic/plastic227.jpg,,,,,,,,
trashnet_test_plastic370.jpg,TrashNet,image_classification,test,Plastic,plastic,trashnet-master/trashnet-master/data/filtered_6class/test/Plastic/plastic370.jpg,,trashnet-master/trashnet-master/data/dataset-resized/plastic/plastic370.jpg,,,,,,,,
trashnet_test_plastic305.jpg,TrashNet,image_classification,test,Plastic,plastic,trashnet-master/trashnet-master/data/filtered_6class/test/Plastic/plastic305.jpg,,trashnet-master/trashnet-master/data/dataset-resized/plastic/plastic305.jpg,,,,,,,,
trashnet_test_plastic20.jpg,TrashNet,image_classification,test,Plastic,plastic,trashnet-master/trashnet-master/data/filtered_6class/test/Plastic/plastic20.jpg,,trashnet-master/trashnet-master/data/dataset-resized/plastic/plastic20.jpg,,,,,,,,
trashnet_test_plastic292.jpg,TrashNet,image_classification,test,Plastic,plastic,trashnet-master/trashnet-master/data/filtered_6class/test/Plastic/plastic292.jpg,,trashnet-master/trashnet-master/data/dataset-resized/plastic/plastic292.jpg,,,,,,,,
trashnet_test_plastic87.jpg,TrashNet,image_classification,test,Plastic,plastic,trashnet-master/trashnet-master/data/filtered_6class/test/Plastic/plastic87.jpg,,trashnet-master/trashnet-master/data/dataset-resized/plastic/plastic87.jpg,,,,,,,,
trashnet_test_plastic422.jpg,TrashNet,image_classification,test,Plastic,plastic,trashnet-master/trashnet-master/data/filtered_6class/test/Plastic/plastic422.jpg,,trashnet-master/trashnet-master/data/dataset-resized/plastic/plastic422.jpg,,,,,,,,
trashnet_test_plastic399.jpg,TrashNet,image_classification,test,Plastic,plastic,trashnet-master/trashnet-master/data/filtered_6class/test/Plastic/plastic399.jpg,,trashnet-master/trashnet-master/data/dataset-resized/plastic/plastic399.jpg,,,,,,,,
trashnet_test_plastic429.jpg,TrashNet,image_classification,test,Plastic,plastic,trashnet-master/trashnet-master/data/filtered_6class/test/Plastic/plastic429.jpg,,trashnet-master/trashnet-master/data/dataset-resized/plastic/plastic429.jpg,,,,,,,,
trashnet_test_plastic190.jpg,TrashNet,image_classification,test,Plastic,plastic,trashnet-master/trashnet-master/data/filtered_6class/test/Plastic/plastic190.jpg,,trashnet-master/trashnet-master/data/dataset-resized/plastic/plastic190.jpg,,,,,,,,
trashnet_test_plastic358.jpg,TrashNet,image_classification,test,Plastic,plastic,trashnet-master/trashnet-master/data/filtered_6class/test/Plastic/plastic358.jpg,,trashnet-master/trashnet-master/data/dataset-resized/plastic/plastic358.jpg,,,,,,,,
trashnet_test_plastic110.jpg,TrashNet,image_classification,test,Plastic,plastic,trashnet-master/trashnet-master/data/filtered_6class/test/Plastic/plastic110.jpg,,trashnet-master/trashnet-master/data/dataset-resized/plastic/plastic110.jpg,,,,,,,,
trashnet_test_plastic377.jpg,TrashNet,image_classification,test,Plastic,plastic,trashnet-master/trashnet-master/data/filtered_6class/test/Plastic/plastic377.jpg,,trashnet-master/trashnet-master/data/dataset-resized/plastic/plastic377.jpg,,,,,,,,
trashnet_test_plastic331.jpg,TrashNet,image_classification,test,Plastic,plastic,trashnet-master/trashnet-master/data/filtered_6class/test/Plastic/plastic331.jpg,,trashnet-master/trashnet-master/data/dataset-resized/plastic/plastic331.jpg,,,,,,,,
trashnet_test_plastic206.jpg,TrashNet,image_classification,test,Plastic,plastic,trashnet-master/trashnet-master/data/filtered_6class/test/Plastic/plastic206.jpg,,trashnet-master/trashnet-master/data/dataset-resized/plastic/plastic206.jpg,,,,,,,,
trashnet_test_plastic2.jpg,TrashNet,image_classification,test,Plastic,plastic,trashnet-master/trashnet-master/data/filtered_6class/test/Plastic/plastic2.jpg,,trashnet-master/trashnet-master/data/dataset-resized/plastic/plastic2.jpg,,,,,,,,
trashnet_test_plastic141.jpg,TrashNet,image_classification,test,Plastic,plastic,trashnet-master/trashnet-master/data/filtered_6class/test/Plastic/plastic141.jpg,,trashnet-master/trashnet-master/data/dataset-resized/plastic/plastic141.jpg,,,,,,,,
trashnet_test_plastic112.jpg,TrashNet,image_classification,test,Plastic,plastic,trashnet-master/trashnet-master/data/filtered_6class/test/Plastic/plastic112.jpg,,trashnet-master/trashnet-master/data/dataset-resized/plastic/plastic112.jpg,,,,,,,,
trashnet_test_plastic113.jpg,TrashNet,image_classification,test,Plastic,plastic,trashnet-master/trashnet-master/data/filtered_6class/test/Plastic/plastic113.jpg,,trashnet-master/trashnet-master/data/dataset-resized/plastic/plastic113.jpg,,,,,,,,
trashnet_test_plastic294.jpg,TrashNet,image_classification,test,Plastic,plastic,trashnet-master/trashnet-master/data/filtered_6class/test/Plastic/plastic294.jpg,,trashnet-master/trashnet-master/data/dataset-resized/plastic/plastic294.jpg,,,,,,,,
trashnet_test_plastic371.jpg,TrashNet,image_classification,test,Plastic,plastic,trashnet-master/trashnet-master/data/filtered_6class/test/Plastic/plastic371.jpg,,trashnet-master/trashnet-master/data/dataset-resized/plastic/plastic371.jpg,,,,,,,,
trashnet_test_plastic139.jpg,TrashNet,image_classification,test,Plastic,plastic,trashnet-master/trashnet-master/data/filtered_6class/test/Plastic/plastic139.jpg,,trashnet-master/trashnet-master/data/dataset-resized/plastic/plastic139.jpg,,,,,,,,
trashnet_test_plastic350.jpg,TrashNet,image_classification,test,Plastic,plastic,trashnet-master/trashnet-master/data/filtered_6class/test/Plastic/plastic350.jpg,,trashnet-master/trashnet-master/data/dataset-resized/plastic/plastic350.jpg,,,,,,,,
trashnet_test_plastic76.jpg,TrashNet,image_classification,test,Plastic,plastic,trashnet-master/trashnet-master/data/filtered_6class/test/Plastic/plastic76.jpg,,trashnet-master/trashnet-master/data/dataset-resized/plastic/plastic76.jpg,,,,,,,,
trashnet_test_plastic96.jpg,TrashNet,image_classification,test,Plastic,plastic,trashnet-master/trashnet-master/data/filtered_6class/test/Plastic/plastic96.jpg,,trashnet-master/trashnet-master/data/dataset-resized/plastic/plastic96.jpg,,,,,,,,
trashnet_test_plastic410.jpg,TrashNet,image_classification,test,Plastic,plastic,trashnet-master/trashnet-master/data/filtered_6class/test/Plastic/plastic410.jpg,,trashnet-master/trashnet-master/data/dataset-resized/plastic/plastic410.jpg,,,,,,,,
trashnet_test_plastic146.jpg,TrashNet,image_classification,test,Plastic,plastic,trashnet-master/trashnet-master/data/filtered_6class/test/Plastic/plastic146.jpg,,trashnet-master/trashnet-master/data/dataset-resized/plastic/plastic146.jpg,,,,,,,,
trashnet_test_plastic439.jpg,TrashNet,image_classification,test,Plastic,plastic,trashnet-master/trashnet-master/data/filtered_6class/test/Plastic/plastic439.jpg,,trashnet-master/trashnet-master/data/dataset-resized/plastic/plastic439.jpg,,,,,,,,
trashnet_test_plastic163.jpg,TrashNet,image_classification,test,Plastic,plastic,trashnet-master/trashnet-master/data/filtered_6class/test/Plastic/plastic163.jpg,,trashnet-master/trashnet-master/data/dataset-resized/plastic/plastic163.jpg,,,,,,,,
trashnet_test_plastic201.jpg,TrashNet,image_classification,test,Plastic,plastic,trashnet-master/trashnet-master/data/filtered_6class/test/Plastic/plastic201.jpg,,trashnet-master/trashnet-master/data/dataset-resized/plastic/plastic201.jpg,,,,,,,,
trashnet_test_plastic211.jpg,TrashNet,image_classification,test,Plastic,plastic,trashnet-master/trashnet-master/data/filtered_6class/test/Plastic/plastic211.jpg,,trashnet-master/trashnet-master/data/dataset-resized/plastic/plastic211.jpg,,,,,,,,
trashnet_test_plastic225.jpg,TrashNet,image_classification,test,Plastic,plastic,trashnet-master/trashnet-master/data/filtered_6class/test/Plastic/plastic225.jpg,,trashnet-master/trashnet-master/data/dataset-resized/plastic/plastic225.jpg,,,,,,,,
trashnet_test_plastic440.jpg,TrashNet,image_classification,test,Plastic,plastic,trashnet-master/trashnet-master/data/filtered_6class/test/Plastic/plastic440.jpg,,trashnet-master/trashnet-master/data/dataset-resized/plastic/plastic440.jpg,,,,,,,,
trashnet_test_plastic11.jpg,TrashNet,image_classification,test,Plastic,plastic,trashnet-master/trashnet-master/data/filtered_6class/test/Plastic/plastic11.jpg,,trashnet-master/trashnet-master/data/dataset-resized/plastic/plastic11.jpg,,,,,,,,
trashnet_test_plastic150.jpg,TrashNet,image_classification,test,Plastic,plastic,trashnet-master/trashnet-master/data/filtered_6class/test/Plastic/plastic150.jpg,,trashnet-master/trashnet-master/data/dataset-resized/plastic/plastic150.jpg,,,,,,,,
trashnet_test_plastic394.jpg,TrashNet,image_classification,test,Plastic,plastic,trashnet-master/trashnet-master/data/filtered_6class/test/Plastic/plastic394.jpg,,trashnet-master/trashnet-master/data/dataset-resized/plastic/plastic394.jpg,,,,,,,,
trashnet_test_glass410.jpg,TrashNet,image_classification,test,Glass,glass,trashnet-master/trashnet-master/data/filtered_6class/test/Glass/glass410.jpg,,trashnet-master/trashnet-master/data/dataset-resized/glass/glass410.jpg,,,,,,,,
trashnet_test_glass274.jpg,TrashNet,image_classification,test,Glass,glass,trashnet-master/trashnet-master/data/filtered_6class/test/Glass/glass274.jpg,,trashnet-master/trashnet-master/data/dataset-resized/glass/glass274.jpg,,,,,,,,
trashnet_test_glass51.jpg,TrashNet,image_classification,test,Glass,glass,trashnet-master/trashnet-master/data/filtered_6class/test/Glass/glass51.jpg,,trashnet-master/trashnet-master/data/dataset-resized/glass/glass51.jpg,,,,,,,,
trashnet_test_glass293.jpg,TrashNet,image_classification,test,Glass,glass,trashnet-master/trashnet-master/data/filtered_6class/test/Glass/glass293.jpg,,trashnet-master/trashnet-master/data/dataset-resized/glass/glass293.jpg,,,,,,,,
trashnet_test_glass188.jpg,TrashNet,image_classification,test,Glass,glass,trashnet-master/trashnet-master/data/filtered_6class/test/Glass/glass188.jpg,,trashnet-master/trashnet-master/data/dataset-resized/glass/glass188.jpg,,,,,,,,
trashnet_test_glass158.jpg,TrashNet,image_classification,test,Glass,glass,trashnet-master/trashnet-master/data/filtered_6class/test/Glass/glass158.jpg,,trashnet-master/trashnet-master/data/dataset-resized/glass/glass158.jpg,,,,,,,,
trashnet_test_glass354.jpg,TrashNet,image_classification,test,Glass,glass,trashnet-master/trashnet-master/data/filtered_6class/test/Glass/glass354.jpg,,trashnet-master/trashnet-master/data/dataset-resized/glass/glass354.jpg,,,,,,,,
trashnet_test_glass235.jpg,TrashNet,image_classification,test,Glass,glass,trashnet-master/trashnet-master/data/filtered_6class/test/Glass/glass235.jpg,,trashnet-master/trashnet-master/data/dataset-resized/glass/glass235.jpg,,,,,,,,
trashnet_test_glass42.jpg,TrashNet,image_classification,test,Glass,glass,trashnet-master/trashnet-master/data/filtered_6class/test/Glass/glass42.jpg,,trashnet-master/trashnet-master/data/dataset-resized/glass/glass42.jpg,,,,,,,,
trashnet_test_glass285.jpg,TrashNet,image_classification,test,Glass,glass,trashnet-master/trashnet-master/data/filtered_6class/test/Glass/glass285.jpg,,trashnet-master/trashnet-master/data/dataset-resized/glass/glass285.jpg,,,,,,,,
trashnet_test_glass25.jpg,TrashNet,image_classification,test,Glass,glass,trashnet-master/trashnet-master/data/filtered_6class/test/Glass/glass25.jpg,,trashnet-master/trashnet-master/data/dataset-resized/glass/glass25.jpg,,,,,,,,
trashnet_test_glass288.jpg,TrashNet,image_classification,test,Glass,glass,trashnet-master/trashnet-master/data/filtered_6class/test/Glass/glass288.jpg,,trashnet-master/trashnet-master/data/dataset-resized/glass/glass288.jpg,,,,,,,,
trashnet_test_glass406.jpg,TrashNet,image_classification,test,Glass,glass,trashnet-master/trashnet-master/data/filtered_6class/test/Glass/glass406.jpg,,trashnet-master/trashnet-master/data/dataset-resized/glass/glass406.jpg,,,,,,,,
trashnet_test_glass241.jpg,TrashNet,image_classification,test,Glass,glass,trashnet-master/trashnet-master/data/filtered_6class/test/Glass/glass241.jpg,,trashnet-master/trashnet-master/data/dataset-resized/glass/glass241.jpg,,,,,,,,
trashnet_test_glass332.jpg,TrashNet,image_classification,test,Glass,glass,trashnet-master/trashnet-master/data/filtered_6class/test/Glass/glass332.jpg,,trashnet-master/trashnet-master/data/dataset-resized/glass/glass332.jpg,,,,,,,,
trashnet_test_glass237.jpg,TrashNet,image_classification,test,Glass,glass,trashnet-master/trashnet-master/data/filtered_6class/test/Glass/glass237.jpg,,trashnet-master/trashnet-master/data/dataset-resized/glass/glass237.jpg,,,,,,,,
trashnet_test_glass59.jpg,TrashNet,image_classification,test,Glass,glass,trashnet-master/trashnet-master/data/filtered_6class/test/Glass/glass59.jpg,,trashnet-master/trashnet-master/data/dataset-resized/glass/glass59.jpg,,,,,,,,
trashnet_test_glass156.jpg,TrashNet,image_classification,test,Glass,glass,trashnet-master/trashnet-master/data/filtered_6class/test/Glass/glass156.jpg,,trashnet-master/trashnet-master/data/dataset-resized/glass/glass156.jpg,,,,,,,,
trashnet_test_glass490.jpg,TrashNet,image_classification,test,Glass,glass,trashnet-master/trashnet-master/data/filtered_6class/test/Glass/glass490.jpg,,trashnet-master/trashnet-master/data/dataset-resized/glass/glass490.jpg,,,,,,,,
trashnet_test_glass404.jpg,TrashNet,image_classification,test,Glass,glass,trashnet-master/trashnet-master/data/filtered_6class/test/Glass/glass404.jpg,,trashnet-master/trashnet-master/data/dataset-resized/glass/glass404.jpg,,,,,,,,
trashnet_test_glass75.jpg,TrashNet,image_classification,test,Glass,glass,trashnet-master/trashnet-master/data/filtered_6class/test/Glass/glass75.jpg,,trashnet-master/trashnet-master/data/dataset-resized/glass/glass75.jpg,,,,,,,,
trashnet_test_glass387.jpg,TrashNet,image_classification,test,Glass,glass,trashnet-master/trashnet-master/data/filtered_6class/test/Glass/glass387.jpg,,trashnet-master/trashnet-master/data/dataset-resized/glass/glass387.jpg,,,,,,,,
trashnet_test_glass9.jpg,TrashNet,image_classification,test,Glass,glass,trashnet-master/trashnet-master/data/filtered_6class/test/Glass/glass9.jpg,,trashnet-master/trashnet-master/data/dataset-resized/glass/glass9.jpg,,,,,,,,
trashnet_test_glass405.jpg,TrashNet,image_classification,test,Glass,glass,trashnet-master/trashnet-master/data/filtered_6class/test/Glass/glass405.jpg,,trashnet-master/trashnet-master/data/dataset-resized/glass/glass405.jpg,,,,,,,,
trashnet_test_glass130.jpg,TrashNet,image_classification,test,Glass,glass,trashnet-master/trashnet-master/data/filtered_6class/test/Glass/glass130.jpg,,trashnet-master/trashnet-master/data/dataset-resized/glass/glass130.jpg,,,,,,,,
trashnet_test_glass298.jpg,TrashNet,image_classification,test,Glass,glass,trashnet-master/trashnet-master/data/filtered_6class/test/Glass/glass298.jpg,,trashnet-master/trashnet-master/data/dataset-resized/glass/glass298.jpg,,,,,,,,
trashnet_test_glass267.jpg,TrashNet,image_classification,test,Glass,glass,trashnet-master/trashnet-master/data/filtered_6class/test/Glass/glass267.jpg,,trashnet-master/trashnet-master/data/dataset-resized/glass/glass267.jpg,,,,,,,,
trashnet_test_glass19.jpg,TrashNet,image_classification,test,Glass,glass,trashnet-master/trashnet-master/data/filtered_6class/test/Glass/glass19.jpg,,trashnet-master/trashnet-master/data/dataset-resized/glass/glass19.jpg,,,,,,,,
trashnet_test_glass408.jpg,TrashNet,image_classification,test,Glass,glass,trashnet-master/trashnet-master/data/filtered_6class/test/Glass/glass408.jpg,,trashnet-master/trashnet-master/data/dataset-resized/glass/glass408.jpg,,,,,,,,
trashnet_test_glass439.jpg,TrashNet,image_classification,test,Glass,glass,trashnet-master/trashnet-master/data/filtered_6class/test/Glass/glass439.jpg,,trashnet-master/trashnet-master/data/dataset-resized/glass/glass439.jpg,,,,,,,,
trashnet_test_glass440.jpg,TrashNet,image_classification,test,Glass,glass,trashnet-master/trashnet-master/data/filtered_6class/test/Glass/glass440.jpg,,trashnet-master/trashnet-master/data/dataset-resized/glass/glass440.jpg,,,,,,,,
trashnet_test_glass430.jpg,TrashNet,image_classification,test,Glass,glass,trashnet-master/trashnet-master/data/filtered_6class/test/Glass/glass430.jpg,,trashnet-master/trashnet-master/data/dataset-resized/glass/glass430.jpg,,,,,,,,
trashnet_test_glass415.jpg,TrashNet,image_classification,test,Glass,glass,trashnet-master/trashnet-master/data/filtered_6class/test/Glass/glass415.jpg,,trashnet-master/trashnet-master/data/dataset-resized/glass/glass415.jpg,,,,,,,,
trashnet_test_glass347.jpg,TrashNet,image_classification,test,Glass,glass,trashnet-master/trashnet-master/data/filtered_6class/test/Glass/glass347.jpg,,trashnet-master/trashnet-master/data/dataset-resized/glass/glass347.jpg,,,,,,,,
trashnet_test_glass470.jpg,TrashNet,image_classification,test,Glass,glass,trashnet-master/trashnet-master/data/filtered_6class/test/Glass/glass470.jpg,,trashnet-master/trashnet-master/data/dataset-resized/glass/glass470.jpg,,,,,,,,
trashnet_test_glass339.jpg,TrashNet,image_classification,test,Glass,glass,trashnet-master/trashnet-master/data/filtered_6class/test/Glass/glass339.jpg,,trashnet-master/trashnet-master/data/dataset-resized/glass/glass339.jpg,,,,,,,,
trashnet_test_glass1.jpg,TrashNet,image_classification,test,Glass,glass,trashnet-master/trashnet-master/data/filtered_6class/test/Glass/glass1.jpg,,trashnet-master/trashnet-master/data/dataset-resized/glass/glass1.jpg,,,,,,,,
trashnet_test_glass74.jpg,TrashNet,image_classification,test,Glass,glass,trashnet-master/trashnet-master/data/filtered_6class/test/Glass/glass74.jpg,,trashnet-master/trashnet-master/data/dataset-resized/glass/glass74.jpg,,,,,,,,
trashnet_test_glass425.jpg,TrashNet,image_classification,test,Glass,glass,trashnet-master/trashnet-master/data/filtered_6class/test/Glass/glass425.jpg,,trashnet-master/trashnet-master/data/dataset-resized/glass/glass425.jpg,,,,,,,,
trashnet_test_glass119.jpg,TrashNet,image_classification,test,Glass,glass,trashnet-master/trashnet-master/data/filtered_6class/test/Glass/glass119.jpg,,trashnet-master/trashnet-master/data/dataset-resized/glass/glass119.jpg,,,,,,,,
trashnet_test_glass216.jpg,TrashNet,image_classification,test,Glass,glass,trashnet-master/trashnet-master/data/filtered_6class/test/Glass/glass216.jpg,,trashnet-master/trashnet-master/data/dataset-resized/glass/glass216.jpg,,,,,,,,
trashnet_test_glass187.jpg,TrashNet,image_classification,test,Glass,glass,trashnet-master/trashnet-master/data/filtered_6class/test/Glass/glass187.jpg,,trashnet-master/trashnet-master/data/dataset-resized/glass/glass187.jpg,,,,,,,,
trashnet_test_glass365.jpg,TrashNet,image_classification,test,Glass,glass,trashnet-master/trashnet-master/data/filtered_6class/test/Glass/glass365.jpg,,trashnet-master/trashnet-master/data/dataset-resized/glass/glass365.jpg,,,,,,,,
trashnet_test_glass62.jpg,TrashNet,image_classification,test,Glass,glass,trashnet-master/trashnet-master/data/filtered_6class/test/Glass/glass62.jpg,,trashnet-master/trashnet-master/data/dataset-resized/glass/glass62.jpg,,,,,,,,
trashnet_test_glass277.jpg,TrashNet,image_classification,test,Glass,glass,trashnet-master/trashnet-master/data/filtered_6class/test/Glass/glass277.jpg,,trashnet-master/trashnet-master/data/dataset-resized/glass/glass277.jpg,,,,,,,,
trashnet_test_glass87.jpg,TrashNet,image_classification,test,Glass,glass,trashnet-master/trashnet-master/data/filtered_6class/test/Glass/glass87.jpg,,trashnet-master/trashnet-master/data/dataset-resized/glass/glass87.jpg,,,,,,,,
trashnet_test_glass334.jpg,TrashNet,image_classification,test,Glass,glass,trashnet-master/trashnet-master/data/filtered_6class/test/Glass/glass334.jpg,,trashnet-master/trashnet-master/data/dataset-resized/glass/glass334.jpg,,,,,,,,
trashnet_test_glass379.jpg,TrashNet,image_classification,test,Glass,glass,trashnet-master/trashnet-master/data/filtered_6class/test/Glass/glass379.jpg,,trashnet-master/trashnet-master/data/dataset-resized/glass/glass379.jpg,,,,,,,,
trashnet_test_glass30.jpg,TrashNet,image_classification,test,Glass,glass,trashnet-master/trashnet-master/data/filtered_6class/test/Glass/glass30.jpg,,trashnet-master/trashnet-master/data/dataset-resized/glass/glass30.jpg,,,,,,,,
trashnet_test_glass243.jpg,TrashNet,image_classification,test,Glass,glass,trashnet-master/trashnet-master/data/filtered_6class/test/Glass/glass243.jpg,,trashnet-master/trashnet-master/data/dataset-resized/glass/glass243.jpg,,,,,,,,
trashnet_test_glass461.jpg,TrashNet,image_classification,test,Glass,glass,trashnet-master/trashnet-master/data/filtered_6class/test/Glass/glass461.jpg,,trashnet-master/trashnet-master/data/dataset-resized/glass/glass461.jpg,,,,,,,,
trashnet_test_glass435.jpg,TrashNet,image_classification,test,Glass,glass,trashnet-master/trashnet-master/data/filtered_6class/test/Glass/glass435.jpg,,trashnet-master/trashnet-master/data/dataset-resized/glass/glass435.jpg,,,,,,,,
trashnet_test_glass258.jpg,TrashNet,image_classification,test,Glass,glass,trashnet-master/trashnet-master/data/filtered_6class/test/Glass/glass258.jpg,,trashnet-master/trashnet-master/data/dataset-resized/glass/glass258.jpg,,,,,,,,
trashnet_test_glass3.jpg,TrashNet,image_classification,test,Glass,glass,trashnet-master/trashnet-master/data/filtered_6class/test/Glass/glass3.jpg,,trashnet-master/trashnet-master/data/dataset-resized/glass/glass3.jpg,,,,,,,,
trashnet_test_glass374.jpg,TrashNet,image_classification,test,Glass,glass,trashnet-master/trashnet-master/data/filtered_6class/test/Glass/glass374.jpg,,trashnet-master/trashnet-master/data/dataset-resized/glass/glass374.jpg,,,,,,,,
trashnet_test_glass149.jpg,TrashNet,image_classification,test,Glass,glass,trashnet-master/trashnet-master/data/filtered_6class/test/Glass/glass149.jpg,,trashnet-master/trashnet-master/data/dataset-resized/glass/glass149.jpg,,,,,,,,
trashnet_test_glass116.jpg,TrashNet,image_classification,test,Glass,glass,trashnet-master/trashnet-master/data/filtered_6class/test/Glass/glass116.jpg,,trashnet-master/trashnet-master/data/dataset-resized/glass/glass116.jpg,,,,,,,,
trashnet_test_glass220.jpg,TrashNet,image_classification,test,Glass,glass,trashnet-master/trashnet-master/data/filtered_6class/test/Glass/glass220.jpg,,trashnet-master/trashnet-master/data/dataset-resized/glass/glass220.jpg,,,,,,,,
trashnet_test_glass367.jpg,TrashNet,image_classification,test,Glass,glass,trashnet-master/trashnet-master/data/filtered_6class/test/Glass/glass367.jpg,,trashnet-master/trashnet-master/data/dataset-resized/glass/glass367.jpg,,,,,,,,
trashnet_test_glass181.jpg,TrashNet,image_classification,test,Glass,glass,trashnet-master/trashnet-master/data/filtered_6class/test/Glass/glass181.jpg,,trashnet-master/trashnet-master/data/dataset-resized/glass/glass181.jpg,,,,,,,,
trashnet_test_glass219.jpg,TrashNet,image_classification,test,Glass,glass,trashnet-master/trashnet-master/data/filtered_6class/test/Glass/glass219.jpg,,trashnet-master/trashnet-master/data/dataset-resized/glass/glass219.jpg,,,,,,,,
trashnet_test_glass52.jpg,TrashNet,image_classification,test,Glass,glass,trashnet-master/trashnet-master/data/filtered_6class/test/Glass/glass52.jpg,,trashnet-master/trashnet-master/data/dataset-resized/glass/glass52.jpg,,,,,,,,
trashnet_test_glass152.jpg,TrashNet,image_classification,test,Glass,glass,trashnet-master/trashnet-master/data/filtered_6class/test/Glass/glass152.jpg,,trashnet-master/trashnet-master/data/dataset-resized/glass/glass152.jpg,,,,,,,,
trashnet_test_glass111.jpg,TrashNet,image_classification,test,Glass,glass,trashnet-master/trashnet-master/data/filtered_6class/test/Glass/glass111.jpg,,trashnet-master/trashnet-master/data/dataset-resized/glass/glass111.jpg,,,,,,,,
trashnet_test_glass80.jpg,TrashNet,image_classification,test,Glass,glass,trashnet-master/trashnet-master/data/filtered_6class/test/Glass/glass80.jpg,,trashnet-master/trashnet-master/data/dataset-resized/glass/glass80.jpg,,,,,,,,
trashnet_test_glass251.jpg,TrashNet,image_classification,test,Glass,glass,trashnet-master/trashnet-master/data/filtered_6class/test/Glass/glass251.jpg,,trashnet-master/trashnet-master/data/dataset-resized/glass/glass251.jpg,,,,,,,,
trashnet_test_glass346.jpg,TrashNet,image_classification,test,Glass,glass,trashnet-master/trashnet-master/data/filtered_6class/test/Glass/glass346.jpg,,trashnet-master/trashnet-master/data/dataset-resized/glass/glass346.jpg,,,,,,,,
trashnet_test_glass488.jpg,TrashNet,image_classification,test,Glass,glass,trashnet-master/trashnet-master/data/filtered_6class/test/Glass/glass488.jpg,,trashnet-master/trashnet-master/data/dataset-resized/glass/glass488.jpg,,,,,,,,
trashnet_test_glass411.jpg,TrashNet,image_classification,test,Glass,glass,trashnet-master/trashnet-master/data/filtered_6class/test/Glass/glass411.jpg,,trashnet-master/trashnet-master/data/dataset-resized/glass/glass411.jpg,,,,,,,,
trashnet_test_glass283.jpg,TrashNet,image_classification,test,Glass,glass,trashnet-master/trashnet-master/data/filtered_6class/test/Glass/glass283.jpg,,trashnet-master/trashnet-master/data/dataset-resized/glass/glass283.jpg,,,,,,,,
trashnet_test_glass333.jpg,TrashNet,image_classification,test,Glass,glass,trashnet-master/trashnet-master/data/filtered_6class/test/Glass/glass333.jpg,,trashnet-master/trashnet-master/data/dataset-resized/glass/glass333.jpg,,,,,,,,
trashnet_test_glass395.jpg,TrashNet,image_classification,test,Glass,glass,trashnet-master/trashnet-master/data/filtered_6class/test/Glass/glass395.jpg,,trashnet-master/trashnet-master/data/dataset-resized/glass/glass395.jpg,,,,,,,,
trashnet_test_glass260.jpg,TrashNet,image_classification,test,Glass,glass,trashnet-master/trashnet-master/data/filtered_6class/test/Glass/glass260.jpg,,trashnet-master/trashnet-master/data/dataset-resized/glass/glass260.jpg,,,,,,,,
trashnet_test_glass227.jpg,TrashNet,image_classification,test,Glass,glass,trashnet-master/trashnet-master/data/filtered_6class/test/Glass/glass227.jpg,,trashnet-master/trashnet-master/data/dataset-resized/glass/glass227.jpg,,,,,,,,
trashnet_test_glass455.jpg,TrashNet,image_classification,test,Glass,glass,trashnet-master/trashnet-master/data/filtered_6class/test/Glass/glass455.jpg,,trashnet-master/trashnet-master/data/dataset-resized/glass/glass455.jpg,,,,,,,,
trashnet_test_glass94.jpg,TrashNet,image_classification,test,Glass,glass,trashnet-master/trashnet-master/data/filtered_6class/test/Glass/glass94.jpg,,trashnet-master/trashnet-master/data/dataset-resized/glass/glass94.jpg,,,,,,,,
trashnet_test_cardboard300.jpg,TrashNet,image_classification,test,PaperCardboard,cardboard,trashnet-master/trashnet-master/data/filtered_6class/test/PaperCardboard/cardboard300.jpg,,trashnet-master/trashnet-master/data/dataset-resized/cardboard/cardboard300.jpg,,,,,,,,
trashnet_test_cardboard125.jpg,TrashNet,image_classification,test,PaperCardboard,cardboard,trashnet-master/trashnet-master/data/filtered_6class/test/PaperCardboard/cardboard125.jpg,,trashnet-master/trashnet-master/data/dataset-resized/cardboard/cardboard125.jpg,,,,,,,,
trashnet_test_cardboard145.jpg,TrashNet,image_classification,test,PaperCardboard,cardboard,trashnet-master/trashnet-master/data/filtered_6class/test/PaperCardboard/cardboard145.jpg,,trashnet-master/trashnet-master/data/dataset-resized/cardboard/cardboard145.jpg,,,,,,,,
trashnet_test_paper125.jpg,TrashNet,image_classification,test,PaperCardboard,paper,trashnet-master/trashnet-master/data/filtered_6class/test/PaperCardboard/paper125.jpg,,trashnet-master/trashnet-master/data/dataset-resized/paper/paper125.jpg,,,,,,,,
trashnet_test_paper210.jpg,TrashNet,image_classification,test,PaperCardboard,paper,trashnet-master/trashnet-master/data/filtered_6class/test/PaperCardboard/paper210.jpg,,trashnet-master/trashnet-master/data/dataset-resized/paper/paper210.jpg,,,,,,,,
trashnet_test_paper546.jpg,TrashNet,image_classification,test,PaperCardboard,paper,trashnet-master/trashnet-master/data/filtered_6class/test/PaperCardboard/paper546.jpg,,trashnet-master/trashnet-master/data/dataset-resized/paper/paper546.jpg,,,,,,,,
trashnet_test_cardboard208.jpg,TrashNet,image_classification,test,PaperCardboard,cardboard,trashnet-master/trashnet-master/data/filtered_6class/test/PaperCardboard/cardboard208.jpg,,trashnet-master/trashnet-master/data/dataset-resized/cardboard/cardboard208.jpg,,,,,,,,
trashnet_test_cardboard51.jpg,TrashNet,image_classification,test,PaperCardboard,cardboard,trashnet-master/trashnet-master/data/filtered_6class/test/PaperCardboard/cardboard51.jpg,,trashnet-master/trashnet-master/data/dataset-resized/cardboard/cardboard51.jpg,,,,,,,,
trashnet_test_paper364.jpg,TrashNet,image_classification,test,PaperCardboard,paper,trashnet-master/trashnet-master/data/filtered_6class/test/PaperCardboard/paper364.jpg,,trashnet-master/trashnet-master/data/dataset-resized/paper/paper364.jpg,,,,,,,,
trashnet_test_paper22.jpg,TrashNet,image_classification,test,PaperCardboard,paper,trashnet-master/trashnet-master/data/filtered_6class/test/PaperCardboard/paper22.jpg,,trashnet-master/trashnet-master/data/dataset-resized/paper/paper22.jpg,,,,,,,,
trashnet_test_paper70.jpg,TrashNet,image_classification,test,PaperCardboard,paper,trashnet-master/trashnet-master/data/filtered_6class/test/PaperCardboard/paper70.jpg,,trashnet-master/trashnet-master/data/dataset-resized/paper/paper70.jpg,,,,,,,,
trashnet_test_paper345.jpg,TrashNet,image_classification,test,PaperCardboard,paper,trashnet-master/trashnet-master/data/filtered_6class/test/PaperCardboard/paper345.jpg,,trashnet-master/trashnet-master/data/dataset-resized/paper/paper345.jpg,,,,,,,,
trashnet_test_paper287.jpg,TrashNet,image_classification,test,PaperCardboard,paper,trashnet-master/trashnet-master/data/filtered_6class/test/PaperCardboard/paper287.jpg,,trashnet-master/trashnet-master/data/dataset-resized/paper/paper287.jpg,,,,,,,,
trashnet_test_paper146.jpg,TrashNet,image_classification,test,PaperCardboard,paper,trashnet-master/trashnet-master/data/filtered_6class/test/PaperCardboard/paper146.jpg,,trashnet-master/trashnet-master/data/dataset-resized/paper/paper146.jpg,,,,,,,,
trashnet_test_cardboard363.jpg,TrashNet,image_classification,test,PaperCardboard,cardboard,trashnet-master/trashnet-master/data/filtered_6class/test/PaperCardboard/cardboard363.jpg,,trashnet-master/trashnet-master/data/dataset-resized/cardboard/cardboard363.jpg,,,,,,,,
trashnet_test_cardboard387.jpg,TrashNet,image_classification,test,PaperCardboard,cardboard,trashnet-master/trashnet-master/data/filtered_6class/test/PaperCardboard/cardboard387.jpg,,trashnet-master/trashnet-master/data/dataset-resized/cardboard/cardboard387.jpg,,,,,,,,
trashnet_test_cardboard86.jpg,TrashNet,image_classification,test,PaperCardboard,cardboard,trashnet-master/trashnet-master/data/filtered_6class/test/PaperCardboard/cardboard86.jpg,,trashnet-master/trashnet-master/data/dataset-resized/cardboard/cardboard86.jpg,,,,,,,,
trashnet_test_paper559.jpg,TrashNet,image_classification,test,PaperCardboard,paper,trashnet-master/trashnet-master/data/filtered_6class/test/PaperCardboard/paper559.jpg,,trashnet-master/trashnet-master/data/dataset-resized/paper/paper559.jpg,,,,,,,,
trashnet_test_cardboard391.jpg,TrashNet,image_classification,test,PaperCardboard,cardboard,trashnet-master/trashnet-master/data/filtered_6class/test/PaperCardboard/cardboard391.jpg,,trashnet-master/trashnet-master/data/dataset-resized/cardboard/cardboard391.jpg,,,,,,,,
trashnet_test_cardboard138.jpg,TrashNet,image_classification,test,PaperCardboard,cardboard,trashnet-master/trashnet-master/data/filtered_6class/test/PaperCardboard/cardboard138.jpg,,trashnet-master/trashnet-master/data/dataset-resized/cardboard/cardboard138.jpg,,,,,,,,
trashnet_test_paper432.jpg,TrashNet,image_classification,test,PaperCardboard,paper,trashnet-master/trashnet-master/data/filtered_6class/test/PaperCardboard/paper432.jpg,,trashnet-master/trashnet-master/data/dataset-resized/paper/paper432.jpg,,,,,,,,
trashnet_test_paper577.jpg,TrashNet,image_classification,test,PaperCardboard,paper,trashnet-master/trashnet-master/data/filtered_6class/test/PaperCardboard/paper577.jpg,,trashnet-master/trashnet-master/data/dataset-resized/paper/paper577.jpg,,,,,,,,
trashnet_test_paper272.jpg,TrashNet,image_classification,test,PaperCardboard,paper,trashnet-master/trashnet-master/data/filtered_6class/test/PaperCardboard/paper272.jpg,,trashnet-master/trashnet-master/data/dataset-resized/paper/paper272.jpg,,,,,,,,
trashnet_test_paper149.jpg,TrashNet,image_classification,test,PaperCardboard,paper,trashnet-master/trashnet-master/data/filtered_6class/test/PaperCardboard/paper149.jpg,,trashnet-master/trashnet-master/data/dataset-resized/paper/paper149.jpg,,,,,,,,
trashnet_test_paper480.jpg,TrashNet,image_classification,test,PaperCardboard,paper,trashnet-master/trashnet-master/data/filtered_6class/test/PaperCardboard/paper480.jpg,,trashnet-master/trashnet-master/data/dataset-resized/paper/paper480.jpg,,,,,,,,
trashnet_test_paper525.jpg,TrashNet,image_classification,test,PaperCardboard,paper,trashnet-master/trashnet-master/data/filtered_6class/test/PaperCardboard/paper525.jpg,,trashnet-master/trashnet-master/data/dataset-resized/paper/paper525.jpg,,,,,,,,
trashnet_test_paper64.jpg,TrashNet,image_classification,test,PaperCardboard,paper,trashnet-master/trashnet-master/data/filtered_6class/test/PaperCardboard/paper64.jpg,,trashnet-master/trashnet-master/data/dataset-resized/paper/paper64.jpg,,,,,,,,
trashnet_test_cardboard170.jpg,TrashNet,image_classification,test,PaperCardboard,cardboard,trashnet-master/trashnet-master/data/filtered_6class/test/PaperCardboard/cardboard170.jpg,,trashnet-master/trashnet-master/data/dataset-resized/cardboard/cardboard170.jpg,,,,,,,,
trashnet_test_paper10.jpg,TrashNet,image_classification,test,PaperCardboard,paper,trashnet-master/trashnet-master/data/filtered_6class/test/PaperCardboard/paper10.jpg,,trashnet-master/trashnet-master/data/dataset-resized/paper/paper10.jpg,,,,,,,,
trashnet_test_cardboard65.jpg,TrashNet,image_classification,test,PaperCardboard,cardboard,trashnet-master/trashnet-master/data/filtered_6class/test/PaperCardboard/cardboard65.jpg,,trashnet-master/trashnet-master/data/dataset-resized/cardboard/cardboard65.jpg,,,,,,,,
trashnet_test_paper573.jpg,TrashNet,image_classification,test,PaperCardboard,paper,trashnet-master/trashnet-master/data/filtered_6class/test/PaperCardboard/paper573.jpg,,trashnet-master/trashnet-master/data/dataset-resized/paper/paper573.jpg,,,,,,,,
trashnet_test_paper471.jpg,TrashNet,image_classification,test,PaperCardboard,paper,trashnet-master/trashnet-master/data/filtered_6class/test/PaperCardboard/paper471.jpg,,trashnet-master/trashnet-master/data/dataset-resized/paper/paper471.jpg,,,,,,,,
trashnet_test_cardboard277.jpg,TrashNet,image_classification,test,PaperCardboard,cardboard,trashnet-master/trashnet-master/data/filtered_6class/test/PaperCardboard/cardboard277.jpg,,trashnet-master/trashnet-master/data/dataset-resized/cardboard/cardboard277.jpg,,,,,,,,
trashnet_test_paper205.jpg,TrashNet,image_classification,test,PaperCardboard,paper,trashnet-master/trashnet-master/data/filtered_6class/test/PaperCardboard/paper205.jpg,,trashnet-master/trashnet-master/data/dataset-resized/paper/paper205.jpg,,,,,,,,
trashnet_test_paper398.jpg,TrashNet,image_classification,test,PaperCardboard,paper,trashnet-master/trashnet-master/data/filtered_6class/test/PaperCardboard/paper398.jpg,,trashnet-master/trashnet-master/data/dataset-resized/paper/paper398.jpg,,,,,,,,
trashnet_test_paper331.jpg,TrashNet,image_classification,test,PaperCardboard,paper,trashnet-master/trashnet-master/data/filtered_6class/test/PaperCardboard/paper331.jpg,,trashnet-master/trashnet-master/data/dataset-resized/paper/paper331.jpg,,,,,,,,
trashnet_test_paper39.jpg,TrashNet,image_classification,test,PaperCardboard,paper,trashnet-master/trashnet-master/data/filtered_6class/test/PaperCardboard/paper39.jpg,,trashnet-master/trashnet-master/data/dataset-resized/paper/paper39.jpg,,,,,,,,
trashnet_test_paper180.jpg,TrashNet,image_classification,test,PaperCardboard,paper,trashnet-master/trashnet-master/data/filtered_6class/test/PaperCardboard/paper180.jpg,,trashnet-master/trashnet-master/data/dataset-resized/paper/paper180.jpg,,,,,,,,
trashnet_test_paper518.jpg,TrashNet,image_classification,test,PaperCardboard,paper,trashnet-master/trashnet-master/data/filtered_6class/test/PaperCardboard/paper518.jpg,,trashnet-master/trashnet-master/data/dataset-resized/paper/paper518.jpg,,,,,,,,
trashnet_test_paper132.jpg,TrashNet,image_classification,test,PaperCardboard,paper,trashnet-master/trashnet-master/data/filtered_6class/test/PaperCardboard/paper132.jpg,,trashnet-master/trashnet-master/data/dataset-resized/paper/paper132.jpg,,,,,,,,
trashnet_test_paper71.jpg,TrashNet,image_classification,test,PaperCardboard,paper,trashnet-master/trashnet-master/data/filtered_6class/test/PaperCardboard/paper71.jpg,,trashnet-master/trashnet-master/data/dataset-resized/paper/paper71.jpg,,,,,,,,
trashnet_test_cardboard265.jpg,TrashNet,image_classification,test,PaperCardboard,cardboard,trashnet-master/trashnet-master/data/filtered_6class/test/PaperCardboard/cardboard265.jpg,,trashnet-master/trashnet-master/data/dataset-resized/cardboard/cardboard265.jpg,,,,,,,,
trashnet_test_cardboard381.jpg,TrashNet,image_classification,test,PaperCardboard,cardboard,trashnet-master/trashnet-master/data/filtered_6class/test/PaperCardboard/cardboard381.jpg,,trashnet-master/trashnet-master/data/dataset-resized/cardboard/cardboard381.jpg,,,,,,,,
trashnet_test_paper469.jpg,TrashNet,image_classification,test,PaperCardboard,paper,trashnet-master/trashnet-master/data/filtered_6class/test/PaperCardboard/paper469.jpg,,trashnet-master/trashnet-master/data/dataset-resized/paper/paper469.jpg,,,,,,,,
trashnet_test_cardboard175.jpg,TrashNet,image_classification,test,PaperCardboard,cardboard,trashnet-master/trashnet-master/data/filtered_6class/test/PaperCardboard/cardboard175.jpg,,trashnet-master/trashnet-master/data/dataset-resized/cardboard/cardboard175.jpg,,,,,,,,
trashnet_test_cardboard82.jpg,TrashNet,image_classification,test,PaperCardboard,cardboard,trashnet-master/trashnet-master/data/filtered_6class/test/PaperCardboard/cardboard82.jpg,,trashnet-master/trashnet-master/data/dataset-resized/cardboard/cardboard82.jpg,,,,,,,,
trashnet_test_paper556.jpg,TrashNet,image_classification,test,PaperCardboard,paper,trashnet-master/trashnet-master/data/filtered_6class/test/PaperCardboard/paper556.jpg,,trashnet-master/trashnet-master/data/dataset-resized/paper/paper556.jpg,,,,,,,,
trashnet_test_cardboard203.jpg,TrashNet,image_classification,test,PaperCardboard,cardboard,trashnet-master/trashnet-master/data/filtered_6class/test/PaperCardboard/cardboard203.jpg,,trashnet-master/trashnet-master/data/dataset-resized/cardboard/cardboard203.jpg,,,,,,,,
trashnet_test_paper479.jpg,TrashNet,image_classification,test,PaperCardboard,paper,trashnet-master/trashnet-master/data/filtered_6class/test/PaperCardboard/paper479.jpg,,trashnet-master/trashnet-master/data/dataset-resized/paper/paper479.jpg,,,,,,,,
trashnet_test_paper402.jpg,TrashNet,image_classification,test,PaperCardboard,paper,trashnet-master/trashnet-master/data/filtered_6class/test/PaperCardboard/paper402.jpg,,trashnet-master/trashnet-master/data/dataset-resized/paper/paper402.jpg,,,,,,,,
trashnet_test_paper247.jpg,TrashNet,image_classification,test,PaperCardboard,paper,trashnet-master/trashnet-master/data/filtered_6class/test/PaperCardboard/paper247.jpg,,trashnet-master/trashnet-master/data/dataset-resized/paper/paper247.jpg,,,,,,,,
trashnet_test_cardboard355.jpg,TrashNet,image_classification,test,PaperCardboard,cardboard,trashnet-master/trashnet-master/data/filtered_6class/test/PaperCardboard/cardboard355.jpg,,trashnet-master/trashnet-master/data/dataset-resized/cardboard/cardboard355.jpg,,,,,,,,
trashnet_test_paper196.jpg,TrashNet,image_classification,test,PaperCardboard,paper,trashnet-master/trashnet-master/data/filtered_6class/test/PaperCardboard/paper196.jpg,,trashnet-master/trashnet-master/data/dataset-resized/paper/paper196.jpg,,,,,,,,
trashnet_test_cardboard182.jpg,TrashNet,image_classification,test,PaperCardboard,cardboard,trashnet-master/trashnet-master/data/filtered_6class/test/PaperCardboard/cardboard182.jpg,,trashnet-master/trashnet-master/data/dataset-resized/cardboard/cardboard182.jpg,,,,,,,,
trashnet_test_paper395.jpg,TrashNet,image_classification,test,PaperCardboard,paper,trashnet-master/trashnet-master/data/filtered_6class/test/PaperCardboard/paper395.jpg,,trashnet-master/trashnet-master/data/dataset-resized/paper/paper395.jpg,,,,,,,,
trashnet_test_paper406.jpg,TrashNet,image_classification,test,PaperCardboard,paper,trashnet-master/trashnet-master/data/filtered_6class/test/PaperCardboard/paper406.jpg,,trashnet-master/trashnet-master/data/dataset-resized/paper/paper406.jpg,,,,,,,,
trashnet_test_paper476.jpg,TrashNet,image_classification,test,PaperCardboard,paper,trashnet-master/trashnet-master/data/filtered_6class/test/PaperCardboard/paper476.jpg,,trashnet-master/trashnet-master/data/dataset-resized/paper/paper476.jpg,,,,,,,,
trashnet_test_paper42.jpg,TrashNet,image_classification,test,PaperCardboard,paper,trashnet-master/trashnet-master/data/filtered_6class/test/PaperCardboard/paper42.jpg,,trashnet-master/trashnet-master/data/dataset-resized/paper/paper42.jpg,,,,,,,,
trashnet_test_cardboard39.jpg,TrashNet,image_classification,test,PaperCardboard,cardboard,trashnet-master/trashnet-master/data/filtered_6class/test/PaperCardboard/cardboard39.jpg,,trashnet-master/trashnet-master/data/dataset-resized/cardboard/cardboard39.jpg,,,,,,,,
trashnet_test_cardboard41.jpg,TrashNet,image_classification,test,PaperCardboard,cardboard,trashnet-master/trashnet-master/data/filtered_6class/test/PaperCardboard/cardboard41.jpg,,trashnet-master/trashnet-master/data/dataset-resized/cardboard/cardboard41.jpg,,,,,,,,
trashnet_test_paper552.jpg,TrashNet,image_classification,test,PaperCardboard,paper,trashnet-master/trashnet-master/data/filtered_6class/test/PaperCardboard/paper552.jpg,,trashnet-master/trashnet-master/data/dataset-resized/paper/paper552.jpg,,,,,,,,
trashnet_test_cardboard314.jpg,TrashNet,image_classification,test,PaperCardboard,cardboard,trashnet-master/trashnet-master/data/filtered_6class/test/PaperCardboard/cardboard314.jpg,,trashnet-master/trashnet-master/data/dataset-resized/cardboard/cardboard314.jpg,,,,,,,,
trashnet_test_cardboard15.jpg,TrashNet,image_classification,test,PaperCardboard,cardboard,trashnet-master/trashnet-master/data/filtered_6class/test/PaperCardboard/cardboard15.jpg,,trashnet-master/trashnet-master/data/dataset-resized/cardboard/cardboard15.jpg,,,,,,,,
trashnet_test_paper500.jpg,TrashNet,image_classification,test,PaperCardboard,paper,trashnet-master/trashnet-master/data/filtered_6class/test/PaperCardboard/paper500.jpg,,trashnet-master/trashnet-master/data/dataset-resized/paper/paper500.jpg,,,,,,,,
trashnet_test_cardboard103.jpg,TrashNet,image_classification,test,PaperCardboard,cardboard,trashnet-master/trashnet-master/data/filtered_6class/test/PaperCardboard/cardboard103.jpg,,trashnet-master/trashnet-master/data/dataset-resized/cardboard/cardboard103.jpg,,,,,,,,
trashnet_test_paper266.jpg,TrashNet,image_classification,test,PaperCardboard,paper,trashnet-master/trashnet-master/data/filtered_6class/test/PaperCardboard/paper266.jpg,,trashnet-master/trashnet-master/data/dataset-resized/paper/paper266.jpg,,,,,,,,
trashnet_test_paper355.jpg,TrashNet,image_classification,test,PaperCardboard,paper,trashnet-master/trashnet-master/data/filtered_6class/test/PaperCardboard/paper355.jpg,,trashnet-master/trashnet-master/data/dataset-resized/paper/paper355.jpg,,,,,,,,
trashnet_test_paper506.jpg,TrashNet,image_classification,test,PaperCardboard,paper,trashnet-master/trashnet-master/data/filtered_6class/test/PaperCardboard/paper506.jpg,,trashnet-master/trashnet-master/data/dataset-resized/paper/paper506.jpg,,,,,,,,
trashnet_test_cardboard165.jpg,TrashNet,image_classification,test,PaperCardboard,cardboard,trashnet-master/trashnet-master/data/filtered_6class/test/PaperCardboard/cardboard165.jpg,,trashnet-master/trashnet-master/data/dataset-resized/cardboard/cardboard165.jpg,,,,,,,,
trashnet_test_paper578.jpg,TrashNet,image_classification,test,PaperCardboard,paper,trashnet-master/trashnet-master/data/filtered_6class/test/PaperCardboard/paper578.jpg,,trashnet-master/trashnet-master/data/dataset-resized/paper/paper578.jpg,,,,,,,,
trashnet_test_paper532.jpg,TrashNet,image_classification,test,PaperCardboard,paper,trashnet-master/trashnet-master/data/filtered_6class/test/PaperCardboard/paper532.jpg,,trashnet-master/trashnet-master/data/dataset-resized/paper/paper532.jpg,,,,,,,,
trashnet_test_paper260.jpg,TrashNet,image_classification,test,PaperCardboard,paper,trashnet-master/trashnet-master/data/filtered_6class/test/PaperCardboard/paper260.jpg,,trashnet-master/trashnet-master/data/dataset-resized/paper/paper260.jpg,,,,,,,,
trashnet_test_cardboard261.jpg,TrashNet,image_classification,test,PaperCardboard,cardboard,trashnet-master/trashnet-master/data/filtered_6class/test/PaperCardboard/cardboard261.jpg,,trashnet-master/trashnet-master/data/dataset-resized/cardboard/cardboard261.jpg,,,,,,,,
trashnet_test_cardboard268.jpg,TrashNet,image_classification,test,PaperCardboard,cardboard,trashnet-master/trashnet-master/data/filtered_6class/test/PaperCardboard/cardboard268.jpg,,trashnet-master/trashnet-master/data/dataset-resized/cardboard/cardboard268.jpg,,,,,,,,
trashnet_test_paper136.jpg,TrashNet,image_classification,test,PaperCardboard,paper,trashnet-master/trashnet-master/data/filtered_6class/test/PaperCardboard/paper136.jpg,,trashnet-master/trashnet-master/data/dataset-resized/paper/paper136.jpg,,,,,,,,
trashnet_test_paper96.jpg,TrashNet,image_classification,test,PaperCardboard,paper,trashnet-master/trashnet-master/data/filtered_6class/test/PaperCardboard/paper96.jpg,,trashnet-master/trashnet-master/data/dataset-resized/paper/paper96.jpg,,,,,,,,
trashnet_test_paper347.jpg,TrashNet,image_classification,test,PaperCardboard,paper,trashnet-master/trashnet-master/data/filtered_6class/test/PaperCardboard/paper347.jpg,,trashnet-master/trashnet-master/data/dataset-resized/paper/paper347.jpg,,,,,,,,
trashnet_test_cardboard321.jpg,TrashNet,image_classification,test,PaperCardboard,cardboard,trashnet-master/trashnet-master/data/filtered_6class/test/PaperCardboard/cardboard321.jpg,,trashnet-master/trashnet-master/data/dataset-resized/cardboard/cardboard321.jpg,,,,,,,,
trashnet_test_cardboard184.jpg,TrashNet,image_classification,test,PaperCardboard,cardboard,trashnet-master/trashnet-master/data/filtered_6class/test/PaperCardboard/cardboard184.jpg,,trashnet-master/trashnet-master/data/dataset-resized/cardboard/cardboard184.jpg,,,,,,,,
trashnet_test_cardboard27.jpg,TrashNet,image_classification,test,PaperCardboard,cardboard,trashnet-master/trashnet-master/data/filtered_6class/test/PaperCardboard/cardboard27.jpg,,trashnet-master/trashnet-master/data/dataset-resized/cardboard/cardboard27.jpg,,,,,,,,
trashnet_test_paper118.jpg,TrashNet,image_classification,test,PaperCardboard,paper,trashnet-master/trashnet-master/data/filtered_6class/test/PaperCardboard/paper118.jpg,,trashnet-master/trashnet-master/data/dataset-resized/paper/paper118.jpg,,,,,,,,
trashnet_test_cardboard105.jpg,TrashNet,image_classification,test,PaperCardboard,cardboard,trashnet-master/trashnet-master/data/filtered_6class/test/PaperCardboard/cardboard105.jpg,,trashnet-master/trashnet-master/data/dataset-resized/cardboard/cardboard105.jpg,,,,,,,,
trashnet_test_paper95.jpg,TrashNet,image_classification,test,PaperCardboard,paper,trashnet-master/trashnet-master/data/filtered_6class/test/PaperCardboard/paper95.jpg,,trashnet-master/trashnet-master/data/dataset-resized/paper/paper95.jpg,,,,,,,,
trashnet_test_cardboard358.jpg,TrashNet,image_classification,test,PaperCardboard,cardboard,trashnet-master/trashnet-master/data/filtered_6class/test/PaperCardboard/cardboard358.jpg,,trashnet-master/trashnet-master/data/dataset-resized/cardboard/cardboard358.jpg,,,,,,,,
trashnet_test_cardboard335.jpg,TrashNet,image_classification,test,PaperCardboard,cardboard,trashnet-master/trashnet-master/data/filtered_6class/test/PaperCardboard/cardboard335.jpg,,trashnet-master/trashnet-master/data/dataset-resized/cardboard/cardboard335.jpg,,,,,,,,
trashnet_test_cardboard186.jpg,TrashNet,image_classification,test,PaperCardboard,cardboard,trashnet-master/trashnet-master/data/filtered_6class/test/PaperCardboard/cardboard186.jpg,,trashnet-master/trashnet-master/data/dataset-resized/cardboard/cardboard186.jpg,,,,,,,,
trashnet_test_paper31.jpg,TrashNet,image_classification,test,PaperCardboard,paper,trashnet-master/trashnet-master/data/filtered_6class/test/PaperCardboard/paper31.jpg,,trashnet-master/trashnet-master/data/dataset-resized/paper/paper31.jpg,,,,,,,,
trashnet_test_paper183.jpg,TrashNet,image_classification,test,PaperCardboard,paper,trashnet-master/trashnet-master/data/filtered_6class/test/PaperCardboard/paper183.jpg,,trashnet-master/trashnet-master/data/dataset-resized/paper/paper183.jpg,,,,,,,,
trashnet_test_paper122.jpg,TrashNet,image_classification,test,PaperCardboard,paper,trashnet-master/trashnet-master/data/filtered_6class/test/PaperCardboard/paper122.jpg,,trashnet-master/trashnet-master/data/dataset-resized/paper/paper122.jpg,,,,,,,,
trashnet_test_paper33.jpg,TrashNet,image_classification,test,PaperCardboard,paper,trashnet-master/trashnet-master/data/filtered_6class/test/PaperCardboard/paper33.jpg,,trashnet-master/trashnet-master/data/dataset-resized/paper/paper33.jpg,,,,,,,,
trashnet_test_cardboard120.jpg,TrashNet,image_classification,test,PaperCardboard,cardboard,trashnet-master/trashnet-master/data/filtered_6class/test/PaperCardboard/cardboard120.jpg,,trashnet-master/trashnet-master/data/dataset-resized/cardboard/cardboard120.jpg,,,,,,,,
trashnet_test_paper397.jpg,TrashNet,image_classification,test,PaperCardboard,paper,trashnet-master/trashnet-master/data/filtered_6class/test/PaperCardboard/paper397.jpg,,trashnet-master/trashnet-master/data/dataset-resized/paper/paper397.jpg,,,,,,,,
trashnet_test_cardboard241.jpg,TrashNet,image_classification,test,PaperCardboard,cardboard,trashnet-master/trashnet-master/data/filtered_6class/test/PaperCardboard/cardboard241.jpg,,trashnet-master/trashnet-master/data/dataset-resized/cardboard/cardboard241.jpg,,,,,,,,
trashnet_test_paper498.jpg,TrashNet,image_classification,test,PaperCardboard,paper,trashnet-master/trashnet-master/data/filtered_6class/test/PaperCardboard/paper498.jpg,,trashnet-master/trashnet-master/data/dataset-resized/paper/paper498.jpg,,,,,,,,
trashnet_test_cardboard384.jpg,TrashNet,image_classification,test,PaperCardboard,cardboard,trashnet-master/trashnet-master/data/filtered_6class/test/PaperCardboard/cardboard384.jpg,,trashnet-master/trashnet-master/data/dataset-resized/cardboard/cardboard384.jpg,,,,,,,,
trashnet_test_paper135.jpg,TrashNet,image_classification,test,PaperCardboard,paper,trashnet-master/trashnet-master/data/filtered_6class/test/PaperCardboard/paper135.jpg,,trashnet-master/trashnet-master/data/dataset-resized/paper/paper135.jpg,,,,,,,,
trashnet_test_cardboard115.jpg,TrashNet,image_classification,test,PaperCardboard,cardboard,trashnet-master/trashnet-master/data/filtered_6class/test/PaperCardboard/cardboard115.jpg,,trashnet-master/trashnet-master/data/dataset-resized/cardboard/cardboard115.jpg,,,,,,,,
trashnet_test_paper173.jpg,TrashNet,image_classification,test,PaperCardboard,paper,trashnet-master/trashnet-master/data/filtered_6class/test/PaperCardboard/paper173.jpg,,trashnet-master/trashnet-master/data/dataset-resized/paper/paper173.jpg,,,,,,,,
trashnet_test_paper502.jpg,TrashNet,image_classification,test,PaperCardboard,paper,trashnet-master/trashnet-master/data/filtered_6class/test/PaperCardboard/paper502.jpg,,trashnet-master/trashnet-master/data/dataset-resized/paper/paper502.jpg,,,,,,,,
trashnet_test_paper554.jpg,TrashNet,image_classification,test,PaperCardboard,paper,trashnet-master/trashnet-master/data/filtered_6class/test/PaperCardboard/paper554.jpg,,trashnet-master/trashnet-master/data/dataset-resized/paper/paper554.jpg,,,,,,,,
trashnet_test_paper61.jpg,TrashNet,image_classification,test,PaperCardboard,paper,trashnet-master/trashnet-master/data/filtered_6class/test/PaperCardboard/paper61.jpg,,trashnet-master/trashnet-master/data/dataset-resized/paper/paper61.jpg,,,,,,,,
trashnet_test_paper560.jpg,TrashNet,image_classification,test,PaperCardboard,paper,trashnet-master/trashnet-master/data/filtered_6class/test/PaperCardboard/paper560.jpg,,trashnet-master/trashnet-master/data/dataset-resized/paper/paper560.jpg,,,,,,,,
trashnet_test_paper35.jpg,TrashNet,image_classification,test,PaperCardboard,paper,trashnet-master/trashnet-master/data/filtered_6class/test/PaperCardboard/paper35.jpg,,trashnet-master/trashnet-master/data/dataset-resized/paper/paper35.jpg,,,,,,,,
trashnet_test_paper470.jpg,TrashNet,image_classification,test,PaperCardboard,paper,trashnet-master/trashnet-master/data/filtered_6class/test/PaperCardboard/paper470.jpg,,trashnet-master/trashnet-master/data/dataset-resized/paper/paper470.jpg,,,,,,,,
trashnet_test_cardboard209.jpg,TrashNet,image_classification,test,PaperCardboard,cardboard,trashnet-master/trashnet-master/data/filtered_6class/test/PaperCardboard/cardboard209.jpg,,trashnet-master/trashnet-master/data/dataset-resized/cardboard/cardboard209.jpg,,,,,,,,
trashnet_test_paper38.jpg,TrashNet,image_classification,test,PaperCardboard,paper,trashnet-master/trashnet-master/data/filtered_6class/test/PaperCardboard/paper38.jpg,,trashnet-master/trashnet-master/data/dataset-resized/paper/paper38.jpg,,,,,,,,
trashnet_test_cardboard2.jpg,TrashNet,image_classification,test,PaperCardboard,cardboard,trashnet-master/trashnet-master/data/filtered_6class/test/PaperCardboard/cardboard2.jpg,,trashnet-master/trashnet-master/data/dataset-resized/cardboard/cardboard2.jpg,,,,,,,,
trashnet_test_paper530.jpg,TrashNet,image_classification,test,PaperCardboard,paper,trashnet-master/trashnet-master/data/filtered_6class/test/PaperCardboard/paper530.jpg,,trashnet-master/trashnet-master/data/dataset-resized/paper/paper530.jpg,,,,,,,,
trashnet_test_paper213.jpg,TrashNet,image_classification,test,PaperCardboard,paper,trashnet-master/trashnet-master/data/filtered_6class/test/PaperCardboard/paper213.jpg,,trashnet-master/trashnet-master/data/dataset-resized/paper/paper213.jpg,,,,,,,,
trashnet_test_paper503.jpg,TrashNet,image_classification,test,PaperCardboard,paper,trashnet-master/trashnet-master/data/filtered_6class/test/PaperCardboard/paper503.jpg,,trashnet-master/trashnet-master/data/dataset-resized/paper/paper503.jpg,,,,,,,,
trashnet_test_cardboard98.jpg,TrashNet,image_classification,test,PaperCardboard,cardboard,trashnet-master/trashnet-master/data/filtered_6class/test/PaperCardboard/cardboard98.jpg,,trashnet-master/trashnet-master/data/dataset-resized/cardboard/cardboard98.jpg,,,,,,,,
trashnet_test_cardboard50.jpg,TrashNet,image_classification,test,PaperCardboard,cardboard,trashnet-master/trashnet-master/data/filtered_6class/test/PaperCardboard/cardboard50.jpg,,trashnet-master/trashnet-master/data/dataset-resized/cardboard/cardboard50.jpg,,,,,,,,
trashnet_test_paper89.jpg,TrashNet,image_classification,test,PaperCardboard,paper,trashnet-master/trashnet-master/data/filtered_6class/test/PaperCardboard/paper89.jpg,,trashnet-master/trashnet-master/data/dataset-resized/paper/paper89.jpg,,,,,,,,
trashnet_test_cardboard324.jpg,TrashNet,image_classification,test,PaperCardboard,cardboard,trashnet-master/trashnet-master/data/filtered_6class/test/PaperCardboard/cardboard324.jpg,,trashnet-master/trashnet-master/data/dataset-resized/cardboard/cardboard324.jpg,,,,,,,,
trashnet_test_cardboard254.jpg,TrashNet,image_classification,test,PaperCardboard,cardboard,trashnet-master/trashnet-master/data/filtered_6class/test/PaperCardboard/cardboard254.jpg,,trashnet-master/trashnet-master/data/dataset-resized/cardboard/cardboard254.jpg,,,,,,,,
trashnet_test_cardboard112.jpg,TrashNet,image_classification,test,PaperCardboard,cardboard,trashnet-master/trashnet-master/data/filtered_6class/test/PaperCardboard/cardboard112.jpg,,trashnet-master/trashnet-master/data/dataset-resized/cardboard/cardboard112.jpg,,,,,,,,
trashnet_test_paper382.jpg,TrashNet,image_classification,test,PaperCardboard,paper,trashnet-master/trashnet-master/data/filtered_6class/test/PaperCardboard/paper382.jpg,,trashnet-master/trashnet-master/data/dataset-resized/paper/paper382.jpg,,,,,,,,
trashnet_test_cardboard295.jpg,TrashNet,image_classification,test,PaperCardboard,cardboard,trashnet-master/trashnet-master/data/filtered_6class/test/PaperCardboard/cardboard295.jpg,,trashnet-master/trashnet-master/data/dataset-resized/cardboard/cardboard295.jpg,,,,,,,,
trashnet_test_paper251.jpg,TrashNet,image_classification,test,PaperCardboard,paper,trashnet-master/trashnet-master/data/filtered_6class/test/PaperCardboard/paper251.jpg,,trashnet-master/trashnet-master/data/dataset-resized/paper/paper251.jpg,,,,,,,,
trashnet_test_paper154.jpg,TrashNet,image_classification,test,PaperCardboard,paper,trashnet-master/trashnet-master/data/filtered_6class/test/PaperCardboard/paper154.jpg,,trashnet-master/trashnet-master/data/dataset-resized/paper/paper154.jpg,,,,,,,,
trashnet_test_paper165.jpg,TrashNet,image_classification,test,PaperCardboard,paper,trashnet-master/trashnet-master/data/filtered_6class/test/PaperCardboard/paper165.jpg,,trashnet-master/trashnet-master/data/dataset-resized/paper/paper165.jpg,,,,,,,,
trashnet_test_paper23.jpg,TrashNet,image_classification,test,PaperCardboard,paper,trashnet-master/trashnet-master/data/filtered_6class/test/PaperCardboard/paper23.jpg,,trashnet-master/trashnet-master/data/dataset-resized/paper/paper23.jpg,,,,,,,,
trashnet_test_cardboard326.jpg,TrashNet,image_classification,test,PaperCardboard,cardboard,trashnet-master/trashnet-master/data/filtered_6class/test/PaperCardboard/cardboard326.jpg,,trashnet-master/trashnet-master/data/dataset-resized/cardboard/cardboard326.jpg,,,,,,,,
trashnet_test_paper344.jpg,TrashNet,image_classification,test,PaperCardboard,paper,trashnet-master/trashnet-master/data/filtered_6class/test/PaperCardboard/paper344.jpg,,trashnet-master/trashnet-master/data/dataset-resized/paper/paper344.jpg,,,,,,,,
trashnet_test_cardboard401.jpg,TrashNet,image_classification,test,PaperCardboard,cardboard,trashnet-master/trashnet-master/data/filtered_6class/test/PaperCardboard/cardboard401.jpg,,trashnet-master/trashnet-master/data/dataset-resized/cardboard/cardboard401.jpg,,,,,,,,
trashnet_test_paper236.jpg,TrashNet,image_classification,test,PaperCardboard,paper,trashnet-master/trashnet-master/data/filtered_6class/test/PaperCardboard/paper236.jpg,,trashnet-master/trashnet-master/data/dataset-resized/paper/paper236.jpg,,,,,,,,
trashnet_test_cardboard161.jpg,TrashNet,image_classification,test,PaperCardboard,cardboard,trashnet-master/trashnet-master/data/filtered_6class/test/PaperCardboard/cardboard161.jpg,,trashnet-master/trashnet-master/data/dataset-resized/cardboard/cardboard161.jpg,,,,,,,,
trashnet_test_paper306.jpg,TrashNet,image_classification,test,PaperCardboard,paper,trashnet-master/trashnet-master/data/filtered_6class/test/PaperCardboard/paper306.jpg,,trashnet-master/trashnet-master/data/dataset-resized/paper/paper306.jpg,,,,,,,,
trashnet_test_paper66.jpg,TrashNet,image_classification,test,PaperCardboard,paper,trashnet-master/trashnet-master/data/filtered_6class/test/PaperCardboard/paper66.jpg,,trashnet-master/trashnet-master/data/dataset-resized/paper/paper66.jpg,,,,,,,,
trashnet_test_paper204.jpg,TrashNet,image_classification,test,PaperCardboard,paper,trashnet-master/trashnet-master/data/filtered_6class/test/PaperCardboard/paper204.jpg,,trashnet-master/trashnet-master/data/dataset-resized/paper/paper204.jpg,,,,,,,,
trashnet_test_paper491.jpg,TrashNet,image_classification,test,PaperCardboard,paper,trashnet-master/trashnet-master/data/filtered_6class/test/PaperCardboard/paper491.jpg,,trashnet-master/trashnet-master/data/dataset-resized/paper/paper491.jpg,,,,,,,,
trashnet_test_paper281.jpg,TrashNet,image_classification,test,PaperCardboard,paper,trashnet-master/trashnet-master/data/filtered_6class/test/PaperCardboard/paper281.jpg,,trashnet-master/trashnet-master/data/dataset-resized/paper/paper281.jpg,,,,,,,,
trashnet_test_cardboard62.jpg,TrashNet,image_classification,test,PaperCardboard,cardboard,trashnet-master/trashnet-master/data/filtered_6class/test/PaperCardboard/cardboard62.jpg,,trashnet-master/trashnet-master/data/dataset-resized/cardboard/cardboard62.jpg,,,,,,,,
trashnet_test_cardboard305.jpg,TrashNet,image_classification,test,PaperCardboard,cardboard,trashnet-master/trashnet-master/data/filtered_6class/test/PaperCardboard/cardboard305.jpg,,trashnet-master/trashnet-master/data/dataset-resized/cardboard/cardboard305.jpg,,,,,,,,
trashnet_test_cardboard174.jpg,TrashNet,image_classification,test,PaperCardboard,cardboard,trashnet-master/trashnet-master/data/filtered_6class/test/PaperCardboard/cardboard174.jpg,,trashnet-master/trashnet-master/data/dataset-resized/cardboard/cardboard174.jpg,,,,,,,,
trashnet_test_cardboard107.jpg,TrashNet,image_classification,test,PaperCardboard,cardboard,trashnet-master/trashnet-master/data/filtered_6class/test/PaperCardboard/cardboard107.jpg,,trashnet-master/trashnet-master/data/dataset-resized/cardboard/cardboard107.jpg,,,,,,,,
trashnet_test_cardboard140.jpg,TrashNet,image_classification,test,PaperCardboard,cardboard,trashnet-master/trashnet-master/data/filtered_6class/test/PaperCardboard/cardboard140.jpg,,trashnet-master/trashnet-master/data/dataset-resized/cardboard/cardboard140.jpg,,,,,,,,
trashnet_test_cardboard294.jpg,TrashNet,image_classification,test,PaperCardboard,cardboard,trashnet-master/trashnet-master/data/filtered_6class/test/PaperCardboard/cardboard294.jpg,,trashnet-master/trashnet-master/data/dataset-resized/cardboard/cardboard294.jpg,,,,,,,,
trashnet_test_cardboard290.jpg,TrashNet,image_classification,test,PaperCardboard,cardboard,trashnet-master/trashnet-master/data/filtered_6class/test/PaperCardboard/cardboard290.jpg,,trashnet-master/trashnet-master/data/dataset-resized/cardboard/cardboard290.jpg,,,,,,,,
trashnet_test_paper342.jpg,TrashNet,image_classification,test,PaperCardboard,paper,trashnet-master/trashnet-master/data/filtered_6class/test/PaperCardboard/paper342.jpg,,trashnet-master/trashnet-master/data/dataset-resized/paper/paper342.jpg,,,,,,,,
trashnet_test_cardboard53.jpg,TrashNet,image_classification,test,PaperCardboard,cardboard,trashnet-master/trashnet-master/data/filtered_6class/test/PaperCardboard/cardboard53.jpg,,trashnet-master/trashnet-master/data/dataset-resized/cardboard/cardboard53.jpg,,,,,,,,
trashnet_test_paper314.jpg,TrashNet,image_classification,test,PaperCardboard,paper,trashnet-master/trashnet-master/data/filtered_6class/test/PaperCardboard/paper314.jpg,,trashnet-master/trashnet-master/data/dataset-resized/paper/paper314.jpg,,,,,,,,
trashnet_test_cardboard198.jpg,TrashNet,image_classification,test,PaperCardboard,cardboard,trashnet-master/trashnet-master/data/filtered_6class/test/PaperCardboard/cardboard198.jpg,,trashnet-master/trashnet-master/data/dataset-resized/cardboard/cardboard198.jpg,,,,,,,,
trashnet_test_paper164.jpg,TrashNet,image_classification,test,PaperCardboard,paper,trashnet-master/trashnet-master/data/filtered_6class/test/PaperCardboard/paper164.jpg,,trashnet-master/trashnet-master/data/dataset-resized/paper/paper164.jpg,,,,,,,,
trashnet_test_paper517.jpg,TrashNet,image_classification,test,PaperCardboard,paper,trashnet-master/trashnet-master/data/filtered_6class/test/PaperCardboard/paper517.jpg,,trashnet-master/trashnet-master/data/dataset-resized/paper/paper517.jpg,,,,,,,,
trashnet_test_cardboard357.jpg,TrashNet,image_classification,test,PaperCardboard,cardboard,trashnet-master/trashnet-master/data/filtered_6class/test/PaperCardboard/cardboard357.jpg,,trashnet-master/trashnet-master/data/dataset-resized/cardboard/cardboard357.jpg,,,,,,,,
trashnet_test_cardboard211.jpg,TrashNet,image_classification,test,PaperCardboard,cardboard,trashnet-master/trashnet-master/data/filtered_6class/test/PaperCardboard/cardboard211.jpg,,trashnet-master/trashnet-master/data/dataset-resized/cardboard/cardboard211.jpg,,,,,,,,
trashnet_test_paper36.jpg,TrashNet,image_classification,test,PaperCardboard,paper,trashnet-master/trashnet-master/data/filtered_6class/test/PaperCardboard/paper36.jpg,,trashnet-master/trashnet-master/data/dataset-resized/paper/paper36.jpg,,,,,,,,
trashnet_test_cardboard215.jpg,TrashNet,image_classification,test,PaperCardboard,cardboard,trashnet-master/trashnet-master/data/filtered_6class/test/PaperCardboard/cardboard215.jpg,,trashnet-master/trashnet-master/data/dataset-resized/cardboard/cardboard215.jpg,,,,,,,,
trashnet_test_paper365.jpg,TrashNet,image_classification,test,PaperCardboard,paper,trashnet-master/trashnet-master/data/filtered_6class/test/PaperCardboard/paper365.jpg,,trashnet-master/trashnet-master/data/dataset-resized/paper/paper365.jpg,,,,,,,,
trashnet_test_paper312.jpg,TrashNet,image_classification,test,PaperCardboard,paper,trashnet-master/trashnet-master/data/filtered_6class/test/PaperCardboard/paper312.jpg,,trashnet-master/trashnet-master/data/dataset-resized/paper/paper312.jpg,,,,,,,,
trashnet_test_metal278.jpg,TrashNet,image_classification,test,Metal,metal,trashnet-master/trashnet-master/data/filtered_6class/test/Metal/metal278.jpg,,trashnet-master/trashnet-master/data/dataset-resized/metal/metal278.jpg,,,,,,,,
trashnet_test_metal392.jpg,TrashNet,image_classification,test,Metal,metal,trashnet-master/trashnet-master/data/filtered_6class/test/Metal/metal392.jpg,,trashnet-master/trashnet-master/data/dataset-resized/metal/metal392.jpg,,,,,,,,
trashnet_test_metal119.jpg,TrashNet,image_classification,test,Metal,metal,trashnet-master/trashnet-master/data/filtered_6class/test/Metal/metal119.jpg,,trashnet-master/trashnet-master/data/dataset-resized/metal/metal119.jpg,,,,,,,,
trashnet_test_metal315.jpg,TrashNet,image_classification,test,Metal,metal,trashnet-master/trashnet-master/data/filtered_6class/test/Metal/metal315.jpg,,trashnet-master/trashnet-master/data/dataset-resized/metal/metal315.jpg,,,,,,,,
trashnet_test_metal279.jpg,TrashNet,image_classification,test,Metal,metal,trashnet-master/trashnet-master/data/filtered_6class/test/Metal/metal279.jpg,,trashnet-master/trashnet-master/data/dataset-resized/metal/metal279.jpg,,,,,,,,
trashnet_test_metal108.jpg,TrashNet,image_classification,test,Metal,metal,trashnet-master/trashnet-master/data/filtered_6class/test/Metal/metal108.jpg,,trashnet-master/trashnet-master/data/dataset-resized/metal/metal108.jpg,,,,,,,,
trashnet_test_metal354.jpg,TrashNet,image_classification,test,Metal,metal,trashnet-master/trashnet-master/data/filtered_6class/test/Metal/metal354.jpg,,trashnet-master/trashnet-master/data/dataset-resized/metal/metal354.jpg,,,,,,,,
trashnet_test_metal50.jpg,TrashNet,image_classification,test,Metal,metal,trashnet-master/trashnet-master/data/filtered_6class/test/Metal/metal50.jpg,,trashnet-master/trashnet-master/data/dataset-resized/metal/metal50.jpg,,,,,,,,
trashnet_test_metal332.jpg,TrashNet,image_classification,test,Metal,metal,trashnet-master/trashnet-master/data/filtered_6class/test/Metal/metal332.jpg,,trashnet-master/trashnet-master/data/dataset-resized/metal/metal332.jpg,,,,,,,,
trashnet_test_metal35.jpg,TrashNet,image_classification,test,Metal,metal,trashnet-master/trashnet-master/data/filtered_6class/test/Metal/metal35.jpg,,trashnet-master/trashnet-master/data/dataset-resized/metal/metal35.jpg,,,,,,,,
trashnet_test_metal341.jpg,TrashNet,image_classification,test,Metal,metal,trashnet-master/trashnet-master/data/filtered_6class/test/Metal/metal341.jpg,,trashnet-master/trashnet-master/data/dataset-resized/metal/metal341.jpg,,,,,,,,
trashnet_test_metal13.jpg,TrashNet,image_classification,test,Metal,metal,trashnet-master/trashnet-master/data/filtered_6class/test/Metal/metal13.jpg,,trashnet-master/trashnet-master/data/dataset-resized/metal/metal13.jpg,,,,,,,,
trashnet_test_metal265.jpg,TrashNet,image_classification,test,Metal,metal,trashnet-master/trashnet-master/data/filtered_6class/test/Metal/metal265.jpg,,trashnet-master/trashnet-master/data/dataset-resized/metal/metal265.jpg,,,,,,,,
trashnet_test_metal340.jpg,TrashNet,image_classification,test,Metal,metal,trashnet-master/trashnet-master/data/filtered_6class/test/Metal/metal340.jpg,,trashnet-master/trashnet-master/data/dataset-resized/metal/metal340.jpg,,,,,,,,
trashnet_test_metal138.jpg,TrashNet,image_classification,test,Metal,metal,trashnet-master/trashnet-master/data/filtered_6class/test/Metal/metal138.jpg,,trashnet-master/trashnet-master/data/dataset-resized/metal/metal138.jpg,,,,,,,,
trashnet_test_metal407.jpg,TrashNet,image_classification,test,Metal,metal,trashnet-master/trashnet-master/data/filtered_6class/test/Metal/metal407.jpg,,trashnet-master/trashnet-master/data/dataset-resized/metal/metal407.jpg,,,,,,,,
trashnet_test_metal405.jpg,TrashNet,image_classification,test,Metal,metal,trashnet-master/trashnet-master/data/filtered_6class/test/Metal/metal405.jpg,,trashnet-master/trashnet-master/data/dataset-resized/metal/metal405.jpg,,,,,,,,
trashnet_test_metal185.jpg,TrashNet,image_classification,test,Metal,metal,trashnet-master/trashnet-master/data/filtered_6class/test/Metal/metal185.jpg,,trashnet-master/trashnet-master/data/dataset-resized/metal/metal185.jpg,,,,,,,,
trashnet_test_metal291.jpg,TrashNet,image_classification,test,Metal,metal,trashnet-master/trashnet-master/data/filtered_6class/test/Metal/metal291.jpg,,trashnet-master/trashnet-master/data/dataset-resized/metal/metal291.jpg,,,,,,,,
trashnet_test_metal362.jpg,TrashNet,image_classification,test,Metal,metal,trashnet-master/trashnet-master/data/filtered_6class/test/Metal/metal362.jpg,,trashnet-master/trashnet-master/data/dataset-resized/metal/metal362.jpg,,,,,,,,
trashnet_test_metal69.jpg,TrashNet,image_classification,test,Metal,metal,trashnet-master/trashnet-master/data/filtered_6class/test/Metal/metal69.jpg,,trashnet-master/trashnet-master/data/dataset-resized/metal/metal69.jpg,,,,,,,,
trashnet_test_metal261.jpg,TrashNet,image_classification,test,Metal,metal,trashnet-master/trashnet-master/data/filtered_6class/test/Metal/metal261.jpg,,trashnet-master/trashnet-master/data/dataset-resized/metal/metal261.jpg,,,,,,,,
trashnet_test_metal382.jpg,TrashNet,image_classification,test,Metal,metal,trashnet-master/trashnet-master/data/filtered_6class/test/Metal/metal382.jpg,,trashnet-master/trashnet-master/data/dataset-resized/metal/metal382.jpg,,,,,,,,
trashnet_test_metal1.jpg,TrashNet,image_classification,test,Metal,metal,trashnet-master/trashnet-master/data/filtered_6class/test/Metal/metal1.jpg,,trashnet-master/trashnet-master/data/dataset-resized/metal/metal1.jpg,,,,,,,,
trashnet_test_metal297.jpg,TrashNet,image_classification,test,Metal,metal,trashnet-master/trashnet-master/data/filtered_6class/test/Metal/metal297.jpg,,trashnet-master/trashnet-master/data/dataset-resized/metal/metal297.jpg,,,,,,,,
trashnet_test_metal233.jpg,TrashNet,image_classification,test,Metal,metal,trashnet-master/trashnet-master/data/filtered_6class/test/Metal/metal233.jpg,,trashnet-master/trashnet-master/data/dataset-resized/metal/metal233.jpg,,,,,,,,
trashnet_test_metal165.jpg,TrashNet,image_classification,test,Metal,metal,trashnet-master/trashnet-master/data/filtered_6class/test/Metal/metal165.jpg,,trashnet-master/trashnet-master/data/dataset-resized/metal/metal165.jpg,,,,,,,,
trashnet_test_metal60.jpg,TrashNet,image_classification,test,Metal,metal,trashnet-master/trashnet-master/data/filtered_6class/test/Metal/metal60.jpg,,trashnet-master/trashnet-master/data/dataset-resized/metal/metal60.jpg,,,,,,,,
trashnet_test_metal21.jpg,TrashNet,image_classification,test,Metal,metal,trashnet-master/trashnet-master/data/filtered_6class/test/Metal/metal21.jpg,,trashnet-master/trashnet-master/data/dataset-resized/metal/metal21.jpg,,,,,,,,
trashnet_test_metal364.jpg,TrashNet,image_classification,test,Metal,metal,trashnet-master/trashnet-master/data/filtered_6class/test/Metal/metal364.jpg,,trashnet-master/trashnet-master/data/dataset-resized/metal/metal364.jpg,,,,,,,,
trashnet_test_metal336.jpg,TrashNet,image_classification,test,Metal,metal,trashnet-master/trashnet-master/data/filtered_6class/test/Metal/metal336.jpg,,trashnet-master/trashnet-master/data/dataset-resized/metal/metal336.jpg,,,,,,,,
trashnet_test_metal390.jpg,TrashNet,image_classification,test,Metal,metal,trashnet-master/trashnet-master/data/filtered_6class/test/Metal/metal390.jpg,,trashnet-master/trashnet-master/data/dataset-resized/metal/metal390.jpg,,,,,,,,
trashnet_test_metal106.jpg,TrashNet,image_classification,test,Metal,metal,trashnet-master/trashnet-master/data/filtered_6class/test/Metal/metal106.jpg,,trashnet-master/trashnet-master/data/dataset-resized/metal/metal106.jpg,,,,,,,,
trashnet_test_metal346.jpg,TrashNet,image_classification,test,Metal,metal,trashnet-master/trashnet-master/data/filtered_6class/test/Metal/metal346.jpg,,trashnet-master/trashnet-master/data/dataset-resized/metal/metal346.jpg,,,,,,,,
trashnet_test_metal374.jpg,TrashNet,image_classification,test,Metal,metal,trashnet-master/trashnet-master/data/filtered_6class/test/Metal/metal374.jpg,,trashnet-master/trashnet-master/data/dataset-resized/metal/metal374.jpg,,,,,,,,
trashnet_test_metal329.jpg,TrashNet,image_classification,test,Metal,metal,trashnet-master/trashnet-master/data/filtered_6class/test/Metal/metal329.jpg,,trashnet-master/trashnet-master/data/dataset-resized/metal/metal329.jpg,,,,,,,,
trashnet_test_metal87.jpg,TrashNet,image_classification,test,Metal,metal,trashnet-master/trashnet-master/data/filtered_6class/test/Metal/metal87.jpg,,trashnet-master/trashnet-master/data/dataset-resized/metal/metal87.jpg,,,,,,,,
trashnet_test_metal128.jpg,TrashNet,image_classification,test,Metal,metal,trashnet-master/trashnet-master/data/filtered_6class/test/Metal/metal128.jpg,,trashnet-master/trashnet-master/data/dataset-resized/metal/metal128.jpg,,,,,,,,
trashnet_test_metal31.jpg,TrashNet,image_classification,test,Metal,metal,trashnet-master/trashnet-master/data/filtered_6class/test/Metal/metal31.jpg,,trashnet-master/trashnet-master/data/dataset-resized/metal/metal31.jpg,,,,,,,,
trashnet_test_metal386.jpg,TrashNet,image_classification,test,Metal,metal,trashnet-master/trashnet-master/data/filtered_6class/test/Metal/metal386.jpg,,trashnet-master/trashnet-master/data/dataset-resized/metal/metal386.jpg,,,,,,,,
trashnet_test_metal394.jpg,TrashNet,image_classification,test,Metal,metal,trashnet-master/trashnet-master/data/filtered_6class/test/Metal/metal394.jpg,,trashnet-master/trashnet-master/data/dataset-resized/metal/metal394.jpg,,,,,,,,
trashnet_test_metal292.jpg,TrashNet,image_classification,test,Metal,metal,trashnet-master/trashnet-master/data/filtered_6class/test/Metal/metal292.jpg,,trashnet-master/trashnet-master/data/dataset-resized/metal/metal292.jpg,,,,,,,,
trashnet_test_metal209.jpg,TrashNet,image_classification,test,Metal,metal,trashnet-master/trashnet-master/data/filtered_6class/test/Metal/metal209.jpg,,trashnet-master/trashnet-master/data/dataset-resized/metal/metal209.jpg,,,,,,,,
trashnet_test_metal120.jpg,TrashNet,image_classification,test,Metal,metal,trashnet-master/trashnet-master/data/filtered_6class/test/Metal/metal120.jpg,,trashnet-master/trashnet-master/data/dataset-resized/metal/metal120.jpg,,,,,,,,
trashnet_test_metal155.jpg,TrashNet,image_classification,test,Metal,metal,trashnet-master/trashnet-master/data/filtered_6class/test/Metal/metal155.jpg,,trashnet-master/trashnet-master/data/dataset-resized/metal/metal155.jpg,,,,,,,,
trashnet_test_metal238.jpg,TrashNet,image_classification,test,Metal,metal,trashnet-master/trashnet-master/data/filtered_6class/test/Metal/metal238.jpg,,trashnet-master/trashnet-master/data/dataset-resized/metal/metal238.jpg,,,,,,,,
trashnet_test_metal208.jpg,TrashNet,image_classification,test,Metal,metal,trashnet-master/trashnet-master/data/filtered_6class/test/Metal/metal208.jpg,,trashnet-master/trashnet-master/data/dataset-resized/metal/metal208.jpg,,,,,,,,
trashnet_test_metal231.jpg,TrashNet,image_classification,test,Metal,metal,trashnet-master/trashnet-master/data/filtered_6class/test/Metal/metal231.jpg,,trashnet-master/trashnet-master/data/dataset-resized/metal/metal231.jpg,,,,,,,,
trashnet_test_metal15.jpg,TrashNet,image_classification,test,Metal,metal,trashnet-master/trashnet-master/data/filtered_6class/test/Metal/metal15.jpg,,trashnet-master/trashnet-master/data/dataset-resized/metal/metal15.jpg,,,,,,,,
trashnet_test_metal294.jpg,TrashNet,image_classification,test,Metal,metal,trashnet-master/trashnet-master/data/filtered_6class/test/Metal/metal294.jpg,,trashnet-master/trashnet-master/data/dataset-resized/metal/metal294.jpg,,,,,,,,
trashnet_test_metal342.jpg,TrashNet,image_classification,test,Metal,metal,trashnet-master/trashnet-master/data/filtered_6class/test/Metal/metal342.jpg,,trashnet-master/trashnet-master/data/dataset-resized/metal/metal342.jpg,,,,,,,,
trashnet_test_metal38.jpg,TrashNet,image_classification,test,Metal,metal,trashnet-master/trashnet-master/data/filtered_6class/test/Metal/metal38.jpg,,trashnet-master/trashnet-master/data/dataset-resized/metal/metal38.jpg,,,,,,,,
trashnet_test_metal65.jpg,TrashNet,image_classification,test,Metal,metal,trashnet-master/trashnet-master/data/filtered_6class/test/Metal/metal65.jpg,,trashnet-master/trashnet-master/data/dataset-resized/metal/metal65.jpg,,,,,,,,
trashnet_test_metal351.jpg,TrashNet,image_classification,test,Metal,metal,trashnet-master/trashnet-master/data/filtered_6class/test/Metal/metal351.jpg,,trashnet-master/trashnet-master/data/dataset-resized/metal/metal351.jpg,,,,,,,,
trashnet_test_metal168.jpg,TrashNet,image_classification,test,Metal,metal,trashnet-master/trashnet-master/data/filtered_6class/test/Metal/metal168.jpg,,trashnet-master/trashnet-master/data/dataset-resized/metal/metal168.jpg,,,,,,,,
trashnet_test_metal199.jpg,TrashNet,image_classification,test,Metal,metal,trashnet-master/trashnet-master/data/filtered_6class/test/Metal/metal199.jpg,,trashnet-master/trashnet-master/data/dataset-resized/metal/metal199.jpg,,,,,,,,
trashnet_test_metal217.jpg,TrashNet,image_classification,test,Metal,metal,trashnet-master/trashnet-master/data/filtered_6class/test/Metal/metal217.jpg,,trashnet-master/trashnet-master/data/dataset-resized/metal/metal217.jpg,,,,,,,,
trashnet_test_metal107.jpg,TrashNet,image_classification,test,Metal,metal,trashnet-master/trashnet-master/data/filtered_6class/test/Metal/metal107.jpg,,trashnet-master/trashnet-master/data/dataset-resized/metal/metal107.jpg,,,,,,,,
trashnet_test_metal135.jpg,TrashNet,image_classification,test,Metal,metal,trashnet-master/trashnet-master/data/filtered_6class/test/Metal/metal135.jpg,,trashnet-master/trashnet-master/data/dataset-resized/metal/metal135.jpg,,,,,,,,
trashnet_test_metal100.jpg,TrashNet,image_classification,test,Metal,metal,trashnet-master/trashnet-master/data/filtered_6class/test/Metal/metal100.jpg,,trashnet-master/trashnet-master/data/dataset-resized/metal/metal100.jpg,,,,,,,,
trashnet_test_metal383.jpg,TrashNet,image_classification,test,Metal,metal,trashnet-master/trashnet-master/data/filtered_6class/test/Metal/metal383.jpg,,trashnet-master/trashnet-master/data/dataset-resized/metal/metal383.jpg,,,,,,,,
trashnet_test_metal305.jpg,TrashNet,image_classification,test,Metal,metal,trashnet-master/trashnet-master/data/filtered_6class/test/Metal/metal305.jpg,,trashnet-master/trashnet-master/data/dataset-resized/metal/metal305.jpg,,,,,,,,
trashnet_test_trash33.jpg,TrashNet,image_classification,test,Other,trash,trashnet-master/trashnet-master/data/filtered_6class/test/Other/trash33.jpg,,trashnet-master/trashnet-master/data/dataset-resized/trash/trash33.jpg,,,,,,,,
trashnet_test_trash21.jpg,TrashNet,image_classification,test,Other,trash,trashnet-master/trashnet-master/data/filtered_6class/test/Other/trash21.jpg,,trashnet-master/trashnet-master/data/dataset-resized/trash/trash21.jpg,,,,,,,,
trashnet_test_trash34.jpg,TrashNet,image_classification,test,Other,trash,trashnet-master/trashnet-master/data/filtered_6class/test/Other/trash34.jpg,,trashnet-master/trashnet-master/data/dataset-resized/trash/trash34.jpg,,,,,,,,
trashnet_test_trash45.jpg,TrashNet,image_classification,test,Other,trash,trashnet-master/trashnet-master/data/filtered_6class/test/Other/trash45.jpg,,trashnet-master/trashnet-master/data/dataset-resized/trash/trash45.jpg,,,,,,,,
trashnet_test_trash121.jpg,TrashNet,image_classification,test,Other,trash,trashnet-master/trashnet-master/data/filtered_6class/test/Other/trash121.jpg,,trashnet-master/trashnet-master/data/dataset-resized/trash/trash121.jpg,,,,,,,,
trashnet_test_trash99.jpg,TrashNet,image_classification,test,Other,trash,trashnet-master/trashnet-master/data/filtered_6class/test/Other/trash99.jpg,,trashnet-master/trashnet-master/data/dataset-resized/trash/trash99.jpg,,,,,,,,
trashnet_test_trash62.jpg,TrashNet,image_classification,test,Other,trash,trashnet-master/trashnet-master/data/filtered_6class/test/Other/trash62.jpg,,trashnet-master/trashnet-master/data/dataset-resized/trash/trash62.jpg,,,,,,,,
trashnet_test_trash17.jpg,TrashNet,image_classification,test,Other,trash,trashnet-master/trashnet-master/data/filtered_6class/test/Other/trash17.jpg,,trashnet-master/trashnet-master/data/dataset-resized/trash/trash17.jpg,,,,,,,,
trashnet_test_trash84.jpg,TrashNet,image_classification,test,Other,trash,trashnet-master/trashnet-master/data/filtered_6class/test/Other/trash84.jpg,,trashnet-master/trashnet-master/data/dataset-resized/trash/trash84.jpg,,,,,,,,
trashnet_test_trash95.jpg,TrashNet,image_classification,test,Other,trash,trashnet-master/trashnet-master/data/filtered_6class/test/Other/trash95.jpg,,trashnet-master/trashnet-master/data/dataset-resized/trash/trash95.jpg,,,,,,,,
trashnet_test_trash14.jpg,TrashNet,image_classification,test,Other,trash,trashnet-master/trashnet-master/data/filtered_6class/test/Other/trash14.jpg,,trashnet-master/trashnet-master/data/dataset-resized/trash/trash14.jpg,,,,,,,,
trashnet_test_trash67.jpg,TrashNet,image_classification,test,Other,trash,trashnet-master/trashnet-master/data/filtered_6class/test/Other/trash67.jpg,,trashnet-master/trashnet-master/data/dataset-resized/trash/trash67.jpg,,,,,,,,
trashnet_test_trash61.jpg,TrashNet,image_classification,test,Other,trash,trashnet-master/trashnet-master/data/filtered_6class/test/Other/trash61.jpg,,trashnet-master/trashnet-master/data/dataset-resized/trash/trash61.jpg,,,,,,,,
trashnet_test_trash66.jpg,TrashNet,image_classification,test,Other,trash,trashnet-master/trashnet-master/data/filtered_6class/test/Other/trash66.jpg,,trashnet-master/trashnet-master/data/dataset-resized/trash/trash66.jpg,,,,,,,,
trashnet_test_trash120.jpg,TrashNet,image_classification,test,Other,trash,trashnet-master/trashnet-master/data/filtered_6class/test/Other/trash120.jpg,,trashnet-master/trashnet-master/data/dataset-resized/trash/trash120.jpg,,,,,,,,
trashnet_test_trash128.jpg,TrashNet,image_classification,test,Other,trash,trashnet-master/trashnet-master/data/filtered_6class/test/Other/trash128.jpg,,trashnet-master/trashnet-master/data/dataset-resized/trash/trash128.jpg,,,,,,,,
trashnet_test_trash126.jpg,TrashNet,image_classification,test,Other,trash,trashnet-master/trashnet-master/data/filtered_6class/test/Other/trash126.jpg,,trashnet-master/trashnet-master/data/dataset-resized/trash/trash126.jpg,,,,,,,,
trashnet_test_trash4.jpg,TrashNet,image_classification,test,Other,trash,trashnet-master/trashnet-master/data/filtered_6class/test/Other/trash4.jpg,,trashnet-master/trashnet-master/data/dataset-resized/trash/trash4.jpg,,,,,,,,
trashnet_test_trash8.jpg,TrashNet,image_classification,test,Other,trash,trashnet-master/trashnet-master/data/filtered_6class/test/Other/trash8.jpg,,trashnet-master/trashnet-master/data/dataset-resized/trash/trash8.jpg,,,,,,,,
trashnet_test_trash92.jpg,TrashNet,image_classification,test,Other,trash,trashnet-master/trashnet-master/data/filtered_6class/test/Other/trash92.jpg,,trashnet-master/trashnet-master/data/dataset-resized/trash/trash92.jpg,,,,,,,,
trashnet_test_trash64.jpg,TrashNet,image_classification,test,Other,trash,trashnet-master/trashnet-master/data/filtered_6class/test/Other/trash64.jpg,,trashnet-master/trashnet-master/data/dataset-resized/trash/trash64.jpg,,,,,,,,
trashnet_test_trash115.jpg,TrashNet,image_classification,test,Other,trash,trashnet-master/trashnet-master/data/filtered_6class/test/Other/trash115.jpg,,trashnet-master/trashnet-master/data/dataset-resized/trash/trash115.jpg,,,,,,,,
taco_1,TACO,cropped_object_classification,train,Glass,Glass bottle,TACO-master/TACO-master/data/filtered_classification/crops/train/Glass/000006_ann1.jpg,TACO-master/TACO-master/data/filtered_classification/crops/train/Glass/000006_ann1.jpg,TACO-master/TACO-master/data/batch_1/000006.jpg,1537,2049,517.0,127.0,447.0,1322.0,0,1
taco_3,TACO,cropped_object_classification,train,PaperCardboard,Other carton,TACO-master/TACO-master/data/filtered_classification/crops/train/PaperCardboard/000008_ann3.jpg,TACO-master/TACO-master/data/filtered_classification/crops/train/PaperCardboard/000008_ann3.jpg,TACO-master/TACO-master/data/batch_1/000008.jpg,1537,2049,531.0,292.0,1006.0,672.0,1,3
taco_4,TACO,cropped_object_classification,train,Plastic,Clear plastic bottle,TACO-master/TACO-master/data/filtered_classification/crops/train/Plastic/000010_ann4.jpg,TACO-master/TACO-master/data/filtered_classification/crops/train/Plastic/000010_ann4.jpg,TACO-master/TACO-master/data/batch_1/000010.jpg,1537,2049,632.0,987.0,500.0,374.0,2,4
taco_6,TACO,cropped_object_classification,test,Plastic,Clear plastic bottle,TACO-master/TACO-master/data/filtered_classification/crops/test/Plastic/000019_ann6.jpg,TACO-master/TACO-master/data/filtered_classification/crops/test/Plastic/000019_ann6.jpg,TACO-master/TACO-master/data/batch_1/000019.jpg,2049,1537,209.0,920.0,454.0,562.0,3,6
taco_7,TACO,cropped_object_classification,val,Plastic,Clear plastic bottle,TACO-master/TACO-master/data/filtered_classification/crops/val/Plastic/000019_ann7.jpg,TACO-master/TACO-master/data/filtered_classification/crops/val/Plastic/000019_ann7.jpg,TACO-master/TACO-master/data/batch_1/000019.jpg,2049,1537,1212.0,822.0,179.0,446.0,3,7
taco_9,TACO,cropped_object_classification,train,Metal,Drink can,TACO-master/TACO-master/data/filtered_classification/crops/train/Metal/000019_ann9.jpg,TACO-master/TACO-master/data/filtered_classification/crops/train/Metal/000019_ann9.jpg,TACO-master/TACO-master/data/batch_1/000019.jpg,2049,1537,589.0,548.0,341.0,405.0,3,9
taco_10,TACO,cropped_object_classification,val,Metal,Drink can,TACO-master/TACO-master/data/filtered_classification/crops/val/Metal/000026_ann10.jpg,TACO-master/TACO-master/data/filtered_classification/crops/val/Metal/000026_ann10.jpg,TACO-master/TACO-master/data/batch_1/000026.jpg,1537,2049,556.0,944.0,490.0,336.0,4,10
taco_11,TACO,cropped_object_classification,train,Metal,Food Can,TACO-master/TACO-master/data/filtered_classification/crops/train/Metal/000047_ann11.jpg,TACO-master/TACO-master/data/filtered_classification/crops/train/Metal/000047_ann11.jpg,TACO-master/TACO-master/data/batch_1/000047.jpg,2049,1537,1205.0,47.0,623.0,721.0,5,11
taco_12,TACO,cropped_object_classification,train,Metal,Food Can,TACO-master/TACO-master/data/filtered_classification/crops/train/Metal/000047_ann12.jpg,TACO-master/TACO-master/data/filtered_classification/crops/train/Metal/000047_ann12.jpg,TACO-master/TACO-master/data/batch_1/000047.jpg,2049,1537,309.0,11.0,581.0,820.0,5,12
taco_13,TACO,cropped_object_classification,train,Plastic,Other plastic bottle,TACO-master/TACO-master/data/filtered_classification/crops/train/Plastic/000047_ann13.jpg,TACO-master/TACO-master/data/filtered_classification/crops/train/Plastic/000047_ann13.jpg,TACO-master/TACO-master/data/batch_1/000047.jpg,2049,1537,189.0,751.0,1617.0,589.0,5,13
taco_17,TACO,cropped_object_classification,train,Metal,Aerosol,TACO-master/TACO-master/data/filtered_classification/crops/train/Metal/000055_ann17.jpg,TACO-master/TACO-master/data/filtered_classification/crops/train/Metal/000055_ann17.jpg,TACO-master/TACO-master/data/batch_1/000055.jpg,1537,2049,515.0,439.0,357.0,1125.0,6,17
taco_18,TACO,cropped_object_classification,val,Plastic,Clear plastic bottle,TACO-master/TACO-master/data/filtered_classification/crops/val/Plastic/000001_ann18.jpg,TACO-master/TACO-master/data/filtered_classification/crops/val/Plastic/000001_ann18.jpg,TACO-master/TACO-master/data/batch_1/000001.jpg,2049,1537,826.0,744.0,464.0,205.0,7,18
taco_20,TACO,cropped_object_classification,train,Plastic,Clear plastic bottle,TACO-master/TACO-master/data/filtered_classification/crops/train/Plastic/000005_ann20.jpg,TACO-master/TACO-master/data/filtered_classification/crops/train/Plastic/000005_ann20.jpg,TACO-master/TACO-master/data/batch_1/000005.jpg,1537,2049,824.0,557.0,89.0,236.0,8,20
taco_21,TACO,cropped_object_classification,val,Metal,Food Can,TACO-master/TACO-master/data/filtered_classification/crops/val/Metal/000007_ann21.jpg,TACO-master/TACO-master/data/filtered_classification/crops/val/Metal/000007_ann21.jpg,TACO-master/TACO-master/data/batch_1/000007.jpg,1537,2049,730.0,126.0,275.0,609.0,9,21
taco_24,TACO,cropped_object_classification,test,Glass,Glass bottle,TACO-master/TACO-master/data/filtered_classification/crops/test/Glass/000012_ann24.jpg,TACO-master/TACO-master/data/filtered_classification/crops/test/Glass/000012_ann24.jpg,TACO-master/TACO-master/data/batch_1/000012.jpg,1537,2049,379.0,1127.0,425.0,318.0,10,24
taco_27,TACO,cropped_object_classification,train,Other,Styrofoam piece,TACO-master/TACO-master/data/filtered_classification/crops/train/Other/000014_ann27.jpg,TACO-master/TACO-master/data/filtered_classification/crops/train/Other/000014_ann27.jpg,TACO-master/TACO-master/data/batch_1/000014.jpg,1537,2049,914.0,1308.0,243.0,187.0,11,27
taco_28,TACO,cropped_object_classification,train,Metal,Drink can,TACO-master/TACO-master/data/filtered_classification/crops/train/Metal/000014_ann28.jpg,TACO-master/TACO-master/data/filtered_classification/crops/train/Metal/000014_ann28.jpg,TACO-master/TACO-master/data/batch_1/000014.jpg,1537,2049,672.0,1069.0,219.0,161.0,11,28
taco_30,TACO,cropped_object_classification,train,PaperCardboard,Other carton,TACO-master/TACO-master/data/filtered_classification/crops/train/PaperCardboard/000014_ann30.jpg,TACO-master/TACO-master/data/filtered_classification/crops/train/PaperCardboard/000014_ann30.jpg,TACO-master/TACO-master/data/batch_1/000014.jpg,1537,2049,836.0,1010.0,339.0,207.0,11,30
taco_32,TACO,cropped_object_classification,train,Plastic,Other plastic bottle,TACO-master/TACO-master/data/filtered_classification/crops/train/Plastic/000048_ann32.jpg,TACO-master/TACO-master/data/filtered_classification/crops/train/Plastic/000048_ann32.jpg,TACO-master/TACO-master/data/batch_1/000048.jpg,2049,1537,1527.0,460.0,415.0,1033.0,12,32
taco_33,TACO,cropped_object_classification,test,Plastic,Clear plastic bottle,TACO-master/TACO-master/data/filtered_classification/crops/test/Plastic/000048_ann33.jpg,TACO-master/TACO-master/data/filtered_classification/crops/test/Plastic/000048_ann33.jpg,TACO-master/TACO-master/data/batch_1/000048.jpg,2049,1537,579.0,521.0,322.0,921.0,12,33
taco_34,TACO,cropped_object_classification,val,Glass,Glass bottle,TACO-master/TACO-master/data/filtered_classification/crops/val/Glass/000048_ann34.jpg,TACO-master/TACO-master/data/filtered_classification/crops/val/Glass/000048_ann34.jpg,TACO-master/TACO-master/data/batch_1/000048.jpg,2049,1537,211.0,1.0,417.0,1417.0,12,34
taco_42,TACO,cropped_object_classification,train,Plastic,Clear plastic bottle,TACO-master/TACO-master/data/filtered_classification/crops/train/Plastic/000053_ann42.jpg,TACO-master/TACO-master/data/filtered_classification/crops/train/Plastic/000053_ann42.jpg,TACO-master/TACO-master/data/batch_1/000053.jpg,1537,2049,398.0,410.0,1134.0,998.0,13,42
taco_46,TACO,cropped_object_classification,train,Plastic,Other plastic bottle,TACO-master/TACO-master/data/filtered_classification/crops/train/Plastic/000056_ann46.jpg,TACO-master/TACO-master/data/filtered_classification/crops/train/Plastic/000056_ann46.jpg,TACO-master/TACO-master/data/batch_1/000056.jpg,1537,2049,419.0,8.0,713.0,1854.0,14,46
taco_47,TACO,cropped_object_classification,train,Plastic,Other plastic bottle,TACO-master/TACO-master/data/filtered_classification/crops/train/Plastic/000058_ann47.jpg,TACO-master/TACO-master/data/filtered_classification/crops/train/Plastic/000058_ann47.jpg,TACO-master/TACO-master/data/batch_1/000058.jpg,1537,2049,150.0,328.0,568.0,1304.0,15,47
taco_48,TACO,cropped_object_classification,train,Plastic,Other plastic bottle,TACO-master/TACO-master/data/filtered_classification/crops/train/Plastic/000058_ann48.jpg,TACO-master/TACO-master/data/filtered_classification/crops/train/Plastic/000058_ann48.jpg,TACO-master/TACO-master/data/batch_1/000058.jpg,1537,2049,802.0,405.0,547.0,1404.0,15,48
taco_50,TACO,cropped_object_classification,val,Metal,Aerosol,TACO-master/TACO-master/data/filtered_classification/crops/val/Metal/000060_ann50.jpg,TACO-master/TACO-master/data/filtered_classification/crops/val/Metal/000060_ann50.jpg,TACO-master/TACO-master/data/batch_1/000060.jpg,1537,2049,750.0,244.0,402.0,1467.0,16,50
taco_51,TACO,cropped_object_classification,train,PaperCardboard,Normal paper,TACO-master/TACO-master/data/filtered_classification/crops/train/PaperCardboard/000060_ann51.jpg,TACO-master/TACO-master/data/filtered_classification/crops/train/PaperCardboard/000060_ann51.jpg,TACO-master/TACO-master/data/batch_1/000060.jpg,1537,2049,1205.0,989.0,332.0,602.0,16,51
taco_53,TACO,cropped_object_classification,train,Metal,Drink can,TACO-master/TACO-master/data/filtered_classification/crops/train/Metal/000011_ann53.jpg,TACO-master/TACO-master/data/filtered_classification/crops/train/Metal/000011_ann53.jpg,TACO-master/TACO-master/data/batch_1/000011.jpg,1537,2049,522.0,1168.0,240.0,122.0,18,53
taco_54,TACO,cropped_object_classification,train,Metal,Drink can,TACO-master/TACO-master/data/filtered_classification/crops/train/Metal/000032_ann54.jpg,TACO-master/TACO-master/data/filtered_classification/crops/train/Metal/000032_ann54.jpg,TACO-master/TACO-master/data/batch_1/000032.jpg,1537,2049,503.0,808.0,445.0,357.0,19,54
taco_56,TACO,cropped_object_classification,train,Metal,Food Can,TACO-master/TACO-master/data/filtered_classification/crops/train/Metal/000040_ann56.jpg,TACO-master/TACO-master/data/filtered_classification/crops/train/Metal/000040_ann56.jpg,TACO-master/TACO-master/data/batch_1/000040.jpg,2049,1537,285.0,402.0,472.0,624.0,20,56
taco_57,TACO,cropped_object_classification,train,Metal,Food Can,TACO-master/TACO-master/data/filtered_classification/crops/train/Metal/000040_ann57.jpg,TACO-master/TACO-master/data/filtered_classification/crops/train/Metal/000040_ann57.jpg,TACO-master/TACO-master/data/batch_1/000040.jpg,2049,1537,1450.0,379.0,514.0,612.0,20,57
taco_60,TACO,cropped_object_classification,train,Metal,Food Can,TACO-master/TACO-master/data/filtered_classification/crops/train/Metal/000043_ann60.jpg,TACO-master/TACO-master/data/filtered_classification/crops/train/Metal/000043_ann60.jpg,TACO-master/TACO-master/data/batch_1/000043.jpg,2049,1537,602.0,290.0,865.0,1059.0,21,60
taco_62,TACO,cropped_object_classification,train,Metal,Drink can,TACO-master/TACO-master/data/filtered_classification/crops/train/Metal/000049_ann62.jpg,TACO-master/TACO-master/data/filtered_classification/crops/train/Metal/000049_ann62.jpg,TACO-master/TACO-master/data/batch_1/000049.jpg,1537,2049,399.0,502.0,483.0,741.0,22,62
taco_64,TACO,cropped_object_classification,train,Metal,Aerosol,TACO-master/TACO-master/data/filtered_classification/crops/train/Metal/000054_ann64.jpg,TACO-master/TACO-master/data/filtered_classification/crops/train/Metal/000054_ann64.jpg,TACO-master/TACO-master/data/batch_1/000054.jpg,1537,2049,184.0,898.0,494.0,854.0,23,64
taco_65,TACO,cropped_object_classification,train,Plastic,Other plastic bottle,TACO-master/TACO-master/data/filtered_classification/crops/train/Plastic/000054_ann65.jpg,TACO-master/TACO-master/data/filtered_classification/crops/train/Plastic/000054_ann65.jpg,TACO-master/TACO-master/data/batch_1/000054.jpg,1537,2049,605.0,259.0,379.0,1196.0,23,65
taco_66,TACO,cropped_object_classification,train,Plastic,Other plastic bottle,TACO-master/TACO-master/data/filtered_classification/crops/train/Plastic/000054_ann66.jpg,TACO-master/TACO-master/data/filtered_classification/crops/train/Plastic/000054_ann66.jpg,TACO-master/TACO-master/data/batch_1/000054.jpg,1537,2049,1051.0,202.0,486.0,1078.0,23,66
taco_68,TACO,cropped_object_classification,val,Metal,Aerosol,TACO-master/TACO-master/data/filtered_classification/crops/val/Metal/000061_ann68.jpg,TACO-master/TACO-master/data/filtered_classification/crops/val/Metal/000061_ann68.jpg,TACO-master/TACO-master/data/batch_1/000061.jpg,1537,2049,274.0,723.0,663.0,846.0,24,68
taco_69,TACO,cropped_object_classification,train,Glass,Glass bottle,TACO-master/TACO-master/data/filtered_classification/crops/train/Glass/000021_ann69.jpg,TACO-master/TACO-master/data/filtered_classification/crops/train/Glass/000021_ann69.jpg,TACO-master/TACO-master/data/batch_1/000021.jpg,2049,1537,852.0,638.0,687.0,291.0,25,69
taco_71,TACO,cropped_object_classification,train,Glass,Glass bottle,TACO-master/TACO-master/data/filtered_classification/crops/train/Glass/000022_ann71.jpg,TACO-master/TACO-master/data/filtered_classification/crops/train/Glass/000022_ann71.jpg,TACO-master/TACO-master/data/batch_1/000022.jpg,2049,1537,647.0,1033.0,820.0,376.0,26,71
taco_73,TACO,cropped_object_classification,train,Plastic,Clear plastic bottle,TACO-master/TACO-master/data/filtered_classification/crops/train/Plastic/000023_ann73.jpg,TACO-master/TACO-master/data/filtered_classification/crops/train/Plastic/000023_ann73.jpg,TACO-master/TACO-master/data/batch_1/000023.jpg,1537,2049,372.0,1441.0,293.0,221.0,27,73
taco_74,TACO,cropped_object_classification,test,Metal,Drink can,TACO-master/TACO-master/data/filtered_classification/crops/test/Metal/000023_ann74.jpg,TACO-master/TACO-master/data/filtered_classification/crops/test/Metal/000023_ann74.jpg,TACO-master/TACO-master/data/batch_1/000023.jpg,1537,2049,1015.0,979.0,190.0,214.0,27,74
taco_75,TACO,cropped_object_classification,train,Metal,Drink can,TACO-master/TACO-master/data/filtered_classification/crops/train/Metal/000023_ann75.jpg,TACO-master/TACO-master/data/filtered_classification/crops/train/Metal/000023_ann75.jpg,TACO-master/TACO-master/data/batch_1/000023.jpg,1537,2049,904.0,1493.0,168.0,166.0,27,75
taco_76,TACO,cropped_object_classification,train,Metal,Drink can,TACO-master/TACO-master/data/filtered_classification/crops/train/Metal/000023_ann76.jpg,TACO-master/TACO-master/data/filtered_classification/crops/train/Metal/000023_ann76.jpg,TACO-master/TACO-master/data/batch_1/000023.jpg,1537,2049,683.0,1550.0,221.0,103.0,27,76
taco_80,TACO,cropped_object_classification,test,Metal,Drink can,TACO-master/TACO-master/data/filtered_classification/crops/test/Metal/000024_ann80.jpg,TACO-master/TACO-master/data/filtered_classification/crops/test/Metal/000024_ann80.jpg,TACO-master/TACO-master/data/batch_1/000024.jpg,1537,2049,218.0,1457.0,273.0,273.0,28,80
taco_81,TACO,cropped_object_classification,test,Metal,Drink can,TACO-master/TACO-master/data/filtered_classification/crops/test/Metal/000024_ann81.jpg,TACO-master/TACO-master/data/filtered_classification/crops/test/Metal/000024_ann81.jpg,TACO-master/TACO-master/data/batch_1/000024.jpg,1537,2049,634.0,860.0,227.0,232.0,28,81
taco_83,TACO,cropped_object_classification,train,Metal,Drink can,TACO-master/TACO-master/data/filtered_classification/crops/train/Metal/000027_ann83.jpg,TACO-master/TACO-master/data/filtered_classification/crops/train/Metal/000027_ann83.jpg,TACO-master/TACO-master/data/batch_1/000027.jpg,1537,2049,668.0,717.0,455.0,655.0,29,83
taco_85,TACO,cropped_object_classification,train,Metal,Drink can,TACO-master/TACO-master/data/filtered_classification/crops/train/Metal/000030_ann85.jpg,TACO-master/TACO-master/data/filtered_classification/crops/train/Metal/000030_ann85.jpg,TACO-master/TACO-master/data/batch_1/000030.jpg,1537,2049,604.0,1052.0,187.0,320.0,31,85
taco_86,TACO,cropped_object_classification,train,Metal,Drink can,TACO-master/TACO-master/data/filtered_classification/crops/train/Metal/000031_ann86.jpg,TACO-master/TACO-master/data/filtered_classification/crops/train/Metal/000031_ann86.jpg,TACO-master/TACO-master/data/batch_1/000031.jpg,1537,2049,470.0,1040.0,413.0,321.0,32,86
taco_87,TACO,cropped_object_classification,train,Metal,Food Can,TACO-master/TACO-master/data/filtered_classification/crops/train/Metal/000042_ann87.jpg,TACO-master/TACO-master/data/filtered_classification/crops/train/Metal/000042_ann87.jpg,TACO-master/TACO-master/data/batch_1/000042.jpg,2049,1537,664.0,619.0,239.0,270.0,33,87
taco_88,TACO,cropped_object_classification,train,Metal,Food Can,TACO-master/TACO-master/data/filtered_classification/crops/train/Metal/000042_ann88.jpg,TACO-master/TACO-master/data/filtered_classification/crops/train/Metal/000042_ann88.jpg,TACO-master/TACO-master/data/batch_1/000042.jpg,2049,1537,1179.0,662.0,286.0,265.0,33,88
taco_91,TACO,cropped_object_classification,train,Metal,Drink can,TACO-master/TACO-master/data/filtered_classification/crops/train/Metal/000050_ann91.jpg,TACO-master/TACO-master/data/filtered_classification/crops/train/Metal/000050_ann91.jpg,TACO-master/TACO-master/data/batch_1/000050.jpg,1537,2049,642.0,854.0,833.0,804.0,34,91
taco_93,TACO,cropped_object_classification,train,Metal,Aerosol,TACO-master/TACO-master/data/filtered_classification/crops/train/Metal/000059_ann93.jpg,TACO-master/TACO-master/data/filtered_classification/crops/train/Metal/000059_ann93.jpg,TACO-master/TACO-master/data/batch_1/000059.jpg,1537,2049,656.0,705.0,319.0,841.0,35,93
taco_94,TACO,cropped_object_classification,train,PaperCardboard,Normal paper,TACO-master/TACO-master/data/filtered_classification/crops/train/PaperCardboard/000059_ann94.jpg,TACO-master/TACO-master/data/filtered_classification/crops/train/PaperCardboard/000059_ann94.jpg,TACO-master/TACO-master/data/batch_1/000059.jpg,1537,2049,744.0,551.0,792.0,777.0,35,94
taco_97,TACO,cropped_object_classification,train,Plastic,Clear plastic bottle,TACO-master/TACO-master/data/filtered_classification/crops/train/Plastic/000000_ann97.jpg,TACO-master/TACO-master/data/filtered_classification/crops/train/Plastic/000000_ann97.jpg,TACO-master/TACO-master/data/batch_1/000000.jpg,1537,2049,710.0,1225.0,153.0,198.0,36,97
taco_98,TACO,cropped_object_classification,val,Glass,Glass bottle,TACO-master/TACO-master/data/filtered_classification/crops/val/Glass/000013_ann98.jpg,TACO-master/TACO-master/data/filtered_classification/crops/val/Glass/000013_ann98.jpg,TACO-master/TACO-master/data/batch_1/000013.jpg,1537,2049,811.0,1123.0,199.0,350.0,37,98
taco_100,TACO,cropped_object_classification,train,Other,Crisp packet,TACO-master/TACO-master/data/filtered_classification/crops/train/Other/000015_ann100.jpg,TACO-master/TACO-master/data/filtered_classification/crops/train/Other/000015_ann100.jpg,TACO-master/TACO-master/data/batch_1/000015.jpg,1537,2049,828.0,1058.0,193.0,187.0,38,100
taco_101,TACO,cropped_object_classification,test,Glass,Glass bottle,TACO-master/TACO-master/data/filtered_classification/crops/test/Glass/000016_ann101.jpg,TACO-master/TACO-master/data/filtered_classification/crops/test/Glass/000016_ann101.jpg,TACO-master/TACO-master/data/batch_1/000016.jpg,1537,2049,593.0,934.0,432.0,238.0,39,101
taco_102,TACO,cropped_object_classification,train,Glass,Glass bottle,TACO-master/TACO-master/data/filtered_classification/crops/train/Glass/000017_ann102.jpg,TACO-master/TACO-master/data/filtered_classification/crops/train/Glass/000017_ann102.jpg,TACO-master/TACO-master/data/batch_1/000017.jpg,1537,2049,713.0,530.0,191.0,373.0,40,102
taco_103,TACO,cropped_object_classification,train,Metal,Drink can,TACO-master/TACO-master/data/filtered_classification/crops/train/Metal/000025_ann103.jpg,TACO-master/TACO-master/data/filtered_classification/crops/train/Metal/000025_ann103.jpg,TACO-master/TACO-master/data/batch_1/000025.jpg,1537,2049,323.0,1055.0,487.0,352.0,41,103
taco_105,TACO,cropped_object_classification,train,PaperCardboard,Normal paper,TACO-master/TACO-master/data/filtered_classification/crops/train/PaperCardboard/000025_ann105.jpg,TACO-master/TACO-master/data/filtered_classification/crops/train/PaperCardboard/000025_ann105.jpg,TACO-master/TACO-master/data/batch_1/000025.jpg,1537,2049,1426.0,1294.0,110.0,273.0,41,105
taco_106,TACO,cropped_object_classification,train,Metal,Drink can,TACO-master/TACO-master/data/filtered_classification/crops/train/Metal/000029_ann106.jpg,TACO-master/TACO-master/data/filtered_classification/crops/train/Metal/000029_ann106.jpg,TACO-master/TACO-master/data/batch_1/000029.jpg,1537,2049,652.0,874.0,425.0,689.0,42,106
taco_107,TACO,cropped_object_classification,train,Plastic,Other plastic bottle,TACO-master/TACO-master/data/filtered_classification/crops/train/Plastic/000035_ann107.jpg,TACO-master/TACO-master/data/filtered_classification/crops/train/Plastic/000035_ann107.jpg,TACO-master/TACO-master/data/batch_1/000035.jpg,1537,2049,33.0,230.0,602.0,1316.0,43,107
taco_108,TACO,cropped_object_classification,val,Plastic,Other plastic bottle,TACO-master/TACO-master/data/filtered_classification/crops/val/Plastic/000035_ann108.jpg,TACO-master/TACO-master/data/filtered_classification/crops/val/Plastic/000035_ann108.jpg,TACO-master/TACO-master/data/batch_1/000035.jpg,1537,2049,807.0,103.0,710.0,1613.0,43,108
taco_110,TACO,cropped_object_classification,train,Metal,Food Can,TACO-master/TACO-master/data/filtered_classification/crops/train/Metal/000037_ann110.jpg,TACO-master/TACO-master/data/filtered_classification/crops/train/Metal/000037_ann110.jpg,TACO-master/TACO-master/data/batch_1/000037.jpg,2049,1537,929.0,557.0,379.0,500.0,44,110
taco_111,TACO,cropped_object_classification,train,Metal,Food Can,TACO-master/TACO-master/data/filtered_classification/crops/train/Metal/000037_ann111.jpg,TACO-master/TACO-master/data/filtered_classification/crops/train/Metal/000037_ann111.jpg,TACO-master/TACO-master/data/batch_1/000037.jpg,2049,1537,494.0,531.0,372.0,533.0,44,111
taco_112,TACO,cropped_object_classification,train,Metal,Food Can,TACO-master/TACO-master/data/filtered_classification/crops/train/Metal/000037_ann112.jpg,TACO-master/TACO-master/data/filtered_classification/crops/train/Metal/000037_ann112.jpg,TACO-master/TACO-master/data/batch_1/000037.jpg,2049,1537,709.0,271.0,296.0,482.0,44,112
taco_115,TACO,cropped_object_classification,train,Metal,Food Can,TACO-master/TACO-master/data/filtered_classification/crops/train/Metal/000045_ann115.jpg,TACO-master/TACO-master/data/filtered_classification/crops/train/Metal/000045_ann115.jpg,TACO-master/TACO-master/data/batch_1/000045.jpg,2049,1537,564.0,1303.0,522.0,233.0,45,115
taco_116,TACO,cropped_object_classification,train,Metal,Food Can,TACO-master/TACO-master/data/filtered_classification/crops/train/Metal/000045_ann116.jpg,TACO-master/TACO-master/data/filtered_classification/crops/train/Metal/000045_ann116.jpg,TACO-master/TACO-master/data/batch_1/000045.jpg,2049,1537,0.0,452.0,437.0,504.0,45,116
taco_117,TACO,cropped_object_classification,test,Metal,Food Can,TACO-master/TACO-master/data/filtered_classification/crops/test/Metal/000045_ann117.jpg,TACO-master/TACO-master/data/filtered_classification/crops/test/Metal/000045_ann117.jpg,TACO-master/TACO-master/data/batch_1/000045.jpg,2049,1537,395.0,475.0,424.0,486.0,45,117
taco_118,TACO,cropped_object_classification,train,Metal,Food Can,TACO-master/TACO-master/data/filtered_classification/crops/train/Metal/000045_ann118.jpg,TACO-master/TACO-master/data/filtered_classification/crops/train/Metal/000045_ann118.jpg,TACO-master/TACO-master/data/batch_1/000045.jpg,2049,1537,804.0,465.0,339.0,501.0,45,118
taco_119,TACO,cropped_object_classification,train,Metal,Food Can,TACO-master/TACO-master/data/filtered_classification/crops/train/Metal/000045_ann119.jpg,TACO-master/TACO-master/data/filtered_classification/crops/train/Metal/000045_ann119.jpg,TACO-master/TACO-master/data/batch_1/000045.jpg,2049,1537,1128.0,327.0,496.0,648.0,45,119
taco_120,TACO,cropped_object_classification,test,Metal,Food Can,TACO-master/TACO-master/data/filtered_classification/crops/test/Metal/000045_ann120.jpg,TACO-master/TACO-master/data/filtered_classification/crops/test/Metal/000045_ann120.jpg,TACO-master/TACO-master/data/batch_1/000045.jpg,2049,1537,1583.0,315.0,466.0,669.0,45,120
taco_121,TACO,cropped_object_classification,test,Metal,Food Can,TACO-master/TACO-master/data/filtered_classification/crops/test/Metal/000038_ann121.jpg,TACO-master/TACO-master/data/filtered_classification/crops/test/Metal/000038_ann121.jpg,TACO-master/TACO-master/data/batch_1/000038.jpg,2049,1537,238.0,686.0,401.0,475.0,46,121
taco_122,TACO,cropped_object_classification,test,Metal,Food Can,TACO-master/TACO-master/data/filtered_classification/crops/test/Metal/000038_ann122.jpg,TACO-master/TACO-master/data/filtered_classification/crops/test/Metal/000038_ann122.jpg,TACO-master/TACO-master/data/batch_1/000038.jpg,2049,1537,802.0,410.0,413.0,344.0,46,122
taco_123,TACO,cropped_object_classification,train,Metal,Food Can,TACO-master/TACO-master/data/filtered_classification/crops/train/Metal/000038_ann123.jpg,TACO-master/TACO-master/data/filtered_classification/crops/train/Metal/000038_ann123.jpg,TACO-master/TACO-master/data/batch_1/000038.jpg,2049,1537,1498.0,636.0,405.0,477.0,46,123
taco_129,TACO,cropped_object_classification,train,PaperCardboard,Egg carton,TACO-master/TACO-master/data/filtered_classification/crops/train/PaperCardboard/000065_ann129.jpg,TACO-master/TACO-master/data/filtered_classification/crops/train/PaperCardboard/000065_ann129.jpg,TACO-master/TACO-master/data/batch_1/000065.JPG,3264,2448,1824.0,475.0,1028.0,735.0,47,129
taco_130,TACO,cropped_object_classification,train,PaperCardboard,Egg carton,TACO-master/TACO-master/data/filtered_classification/crops/train/PaperCardboard/000065_ann130.jpg,TACO-master/TACO-master/data/filtered_classification/crops/train/PaperCardboard/000065_ann130.jpg,TACO-master/TACO-master/data/batch_1/000065.JPG,3264,2448,1183.0,55.0,1006.0,1054.0,47,130
taco_131,TACO,cropped_object_classification,train,PaperCardboard,Egg carton,TACO-master/TACO-master/data/filtered_classification/crops/train/PaperCardboard/000066_ann131.jpg,TACO-master/TACO-master/data/filtered_classification/crops/train/PaperCardboard/000066_ann131.jpg,TACO-master/TACO-master/data/batch_1/000066.JPG,3264,2448,413.0,1120.0,1143.0,922.0,48,131
taco_132,TACO,cropped_object_classification,val,PaperCardboard,Egg carton,TACO-master/TACO-master/data/filtered_classification/crops/val/PaperCardboard/000067_ann132.jpg,TACO-master/TACO-master/data/filtered_classification/crops/val/PaperCardboard/000067_ann132.jpg,TACO-master/TACO-master/data/batch_1/000067.JPG,2448,3264,31.0,194.0,1700.0,2107.0,49,132
taco_134,TACO,cropped_object_classification,train,Metal,Drink can,TACO-master/TACO-master/data/filtered_classification/crops/train/Metal/000069_ann134.jpg,TACO-master/TACO-master/data/filtered_classification/crops/train/Metal/000069_ann134.jpg,TACO-master/TACO-master/data/batch_1/000069.JPG,2448,3264,1050.0,1654.0,410.0,353.0,51,134
taco_135,TACO,cropped_object_classification,train,Metal,Drink can,TACO-master/TACO-master/data/filtered_classification/crops/train/Metal/000070_ann135.jpg,TACO-master/TACO-master/data/filtered_classification/crops/train/Metal/000070_ann135.jpg,TACO-master/TACO-master/data/batch_1/000070.JPG,2448,3264,1038.0,1111.0,255.0,637.0,52,135
taco_136,TACO,cropped_object_classification,train,PaperCardboard,Other carton,TACO-master/TACO-master/data/filtered_classification/crops/train/PaperCardboard/000071_ann136.jpg,TACO-master/TACO-master/data/filtered_classification/crops/train/PaperCardboard/000071_ann136.jpg,TACO-master/TACO-master/data/batch_1/000071.JPG,2448,3264,1024.0,1397.0,556.0,592.0,53,136
taco_137,TACO,cropped_object_classification,test,Other,Crisp packet,TACO-master/TACO-master/data/filtered_classification/crops/test/Other/000072_ann137.jpg,TACO-master/TACO-master/data/filtered_classification/crops/test/Other/000072_ann137.jpg,TACO-master/TACO-master/data/batch_1/000072.JPG,2448,3264,704.0,1301.0,683.0,591.0,54,137
taco_138,TACO,cropped_object_classification,train,PaperCardboard,Normal paper,TACO-master/TACO-master/data/filtered_classification/crops/train/PaperCardboard/000072_ann138.jpg,TACO-master/TACO-master/data/filtered_classification/crops/train/PaperCardboard/000072_ann138.jpg,TACO-master/TACO-master/data/batch_1/000072.JPG,2448,3264,1.0,1413.0,814.0,1030.0,54,138
taco_139,TACO,cropped_object_classification,train,Metal,Drink can,TACO-master/TACO-master/data/filtered_classification/crops/train/Metal/000073_ann139.jpg,TACO-master/TACO-master/data/filtered_classification/crops/train/Metal/000073_ann139.jpg,TACO-master/TACO-master/data/batch_1/000073.JPG,2448,3264,940.0,837.0,492.0,711.0,55,139
taco_142,TACO,cropped_object_classification,train,PaperCardboard,Paper bag,TACO-master/TACO-master/data/filtered_classification/crops/train/PaperCardboard/000078_ann142.jpg,TACO-master/TACO-master/data/filtered_classification/crops/train/PaperCardboard/000078_ann142.jpg,TACO-master/TACO-master/data/batch_1/000078.JPG,2448,3264,421.0,1009.0,1362.0,1946.0,58,142
taco_143,TACO,cropped_object_classification,train,PaperCardboard,Paper bag,TACO-master/TACO-master/data/filtered_classification/crops/train/PaperCardboard/000079_ann143.jpg,TACO-master/TACO-master/data/filtered_classification/crops/train/PaperCardboard/000079_ann143.jpg,TACO-master/TACO-master/data/batch_1/000079.JPG,2448,3264,257.0,1089.0,1712.0,1781.0,59,143
taco_144,TACO,cropped_object_classification,train,Plastic,Clear plastic bottle,TACO-master/TACO-master/data/filtered_classification/crops/train/Plastic/000081_ann144.jpg,TACO-master/TACO-master/data/filtered_classification/crops/train/Plastic/000081_ann144.jpg,TACO-master/TACO-master/data/batch_1/000081.JPG,2448,3264,749.0,1972.0,444.0,284.0,60,144
taco_146,TACO,cropped_object_classification,train,Other,Crisp packet,TACO-master/TACO-master/data/filtered_classification/crops/train/Other/000082_ann146.jpg,TACO-master/TACO-master/data/filtered_classification/crops/train/Other/000082_ann146.jpg,TACO-master/TACO-master/data/batch_1/000082.JPG,2448,3264,966.0,1399.0,525.0,485.0,61,146
taco_149,TACO,cropped_object_classification,train,Plastic,Disposable plastic cup,TACO-master/TACO-master/data/filtered_classification/crops/train/Plastic/000084_ann149.jpg,TACO-master/TACO-master/data/filtered_classification/crops/train/Plastic/000084_ann149.jpg,TACO-master/TACO-master/data/batch_1/000084.JPG,2448,3264,701.0,2191.0,605.0,559.0,63,149
taco_157,TACO,cropped_object_classification,train,PaperCardboard,Paper bag,TACO-master/TACO-master/data/filtered_classification/crops/train/PaperCardboard/000087_ann157.jpg,TACO-master/TACO-master/data/filtered_classification/crops/train/PaperCardboard/000087_ann157.jpg,TACO-master/TACO-master/data/batch_1/000087.JPG,2448,3264,1018.0,1125.0,358.0,397.0,66,157
taco_158,TACO,cropped_object_classification,train,Metal,Food Can,TACO-master/TACO-master/data/filtered_classification/crops/train/Metal/000088_ann158.jpg,TACO-master/TACO-master/data/filtered_classification/crops/train/Metal/000088_ann158.jpg,TACO-master/TACO-master/data/batch_1/000088.JPG,2448,3264,311.0,1648.0,865.0,853.0,67,158
taco_162,TACO,cropped_object_classification,train,Metal,Food Can,TACO-master/TACO-master/data/filtered_classification/crops/train/Metal/000090_ann162.jpg,TACO-master/TACO-master/data/filtered_classification/crops/train/Metal/000090_ann162.jpg,TACO-master/TACO-master/data/batch_1/000090.JPG,2448,3264,608.0,439.0,931.0,1192.0,68,162
taco_163,TACO,cropped_object_classification,test,Organic,Food waste,TACO-master/TACO-master/data/filtered_classification/crops/test/Organic/000090_ann163.jpg,TACO-master/TACO-master/data/filtered_classification/crops/test/Organic/000090_ann163.jpg,TACO-master/TACO-master/data/batch_1/000090.JPG,2448,3264,1118.0,1008.0,386.0,380.0,68,163
taco_164,TACO,cropped_object_classification,test,Plastic,Squeezable tube,TACO-master/TACO-master/data/filtered_classification/crops/test/Plastic/000091_ann164.jpg,TACO-master/TACO-master/data/filtered_classification/crops/test/Plastic/000091_ann164.jpg,TACO-master/TACO-master/data/batch_1/000091.JPG,3264,2448,0.0,414.0,2190.0,1601.0,69,164
taco_166,TACO,cropped_object_classification,val,PaperCardboard,Other carton,TACO-master/TACO-master/data/filtered_classification/crops/val/PaperCardboard/000092_ann166.jpg,TACO-master/TACO-master/data/filtered_classification/crops/val/PaperCardboard/000092_ann166.jpg,TACO-master/TACO-master/data/batch_1/000092.JPG,2448,3264,277.0,686.0,1133.0,1198.0,70,166
taco_167,TACO,cropped_object_classification,train,Plastic,Spread tub,TACO-master/TACO-master/data/filtered_classification/crops/train/Plastic/000092_ann167.jpg,TACO-master/TACO-master/data/filtered_classification/crops/train/Plastic/000092_ann167.jpg,TACO-master/TACO-master/data/batch_1/000092.JPG,2448,3264,1533.0,926.0,618.0,656.0,70,167
taco_169,TACO,cropped_object_classification,train,Plastic,Spread tub,TACO-master/TACO-master/data/filtered_classification/crops/train/Plastic/000093_ann169.jpg,TACO-master/TACO-master/data/filtered_classification/crops/train/Plastic/000093_ann169.jpg,TACO-master/TACO-master/data/batch_1/000093.JPG,2448,3264,1278.0,1841.0,602.0,654.0,71,169
taco_171,TACO,cropped_object_classification,test,Organic,Food waste,TACO-master/TACO-master/data/filtered_classification/crops/test/Organic/000094_ann171.jpg,TACO-master/TACO-master/data/filtered_classification/crops/test/Organic/000094_ann171.jpg,TACO-master/TACO-master/data/batch_1/000094.JPG,2448,3264,665.0,936.0,1057.0,1023.0,72,171
taco_175,TACO,cropped_object_classification,train,Other,Garbage bag,TACO-master/TACO-master/data/filtered_classification/crops/train/Other/000096_ann175.jpg,TACO-master/TACO-master/data/filtered_classification/crops/train/Other/000096_ann175.jpg,TACO-master/TACO-master/data/batch_1/000096.JPG,2448,3264,597.0,1008.0,1218.0,1126.0,74,175
taco_176,TACO,cropped_object_classification,train,Metal,Drink can,TACO-master/TACO-master/data/filtered_classification/crops/train/Metal/000062_ann176.jpg,TACO-master/TACO-master/data/filtered_classification/crops/train/Metal/000062_ann176.jpg,TACO-master/TACO-master/data/batch_1/000062.JPG,2448,3264,870.0,673.0,620.0,386.0,75,176
taco_177,TACO,cropped_object_classification,train,Metal,Drink can,TACO-master/TACO-master/data/filtered_classification/crops/train/Metal/000062_ann177.jpg,TACO-master/TACO-master/data/filtered_classification/crops/train/Metal/000062_ann177.jpg,TACO-master/TACO-master/data/batch_1/000062.JPG,2448,3264,1447.0,829.0,603.0,661.0,75,177
taco_178,TACO,cropped_object_classification,train,Plastic,Clear plastic bottle,TACO-master/TACO-master/data/filtered_classification/crops/train/Plastic/000062_ann178.jpg,TACO-master/TACO-master/data/filtered_classification/crops/train/Plastic/000062_ann178.jpg,TACO-master/TACO-master/data/batch_1/000062.JPG,2448,3264,657.0,1036.0,835.0,361.0,75,178
taco_189,TACO,cropped_object_classification,train,Plastic,Clear plastic bottle,TACO-master/TACO-master/data/filtered_classification/crops/train/Plastic/000098_ann189.jpg,TACO-master/TACO-master/data/filtered_classification/crops/train/Plastic/000098_ann189.jpg,TACO-master/TACO-master/data/batch_1/000098.JPG,2448,3264,571.0,985.0,447.0,814.0,76,189
taco_200,TACO,cropped_object_classification,train,PaperCardboard,Corrugated carton,TACO-master/TACO-master/data/filtered_classification/crops/train/PaperCardboard/000102_ann200.jpg,TACO-master/TACO-master/data/filtered_classification/crops/train/PaperCardboard/000102_ann200.jpg,TACO-master/TACO-master/data/batch_1/000102.JPG,2448,3264,812.0,1171.0,1204.0,825.0,81,200
taco_201,TACO,cropped_object_classification,val,PaperCardboard,Corrugated carton,TACO-master/TACO-master/data/filtered_classification/crops/val/PaperCardboard/000102_ann201.jpg,TACO-master/TACO-master/data/filtered_classification/crops/val/PaperCardboard/000102_ann201.jpg,TACO-master/TACO-master/data/batch_1/000102.JPG,2448,3264,955.0,340.0,1040.0,878.0,81,201
taco_202,TACO,cropped_object_classification,train,PaperCardboard,Corrugated carton,TACO-master/TACO-master/data/filtered_classification/crops/train/PaperCardboard/000102_ann202.jpg,TACO-master/TACO-master/data/filtered_classification/crops/train/PaperCardboard/000102_ann202.jpg,TACO-master/TACO-master/data/batch_1/000102.JPG,2448,3264,1824.0,720.0,610.0,818.0,81,202
taco_208,TACO,cropped_object_classification,train,Metal,Aerosol,TACO-master/TACO-master/data/filtered_classification/crops/train/Metal/000104_ann208.jpg,TACO-master/TACO-master/data/filtered_classification/crops/train/Metal/000104_ann208.jpg,TACO-master/TACO-master/data/batch_1/000104.JPG,3264,2448,734.0,1236.0,1192.0,1153.0,82,208
taco_211,TACO,cropped_object_classification,test,Plastic,Squeezable tube,TACO-master/TACO-master/data/filtered_classification/crops/test/Plastic/000104_ann211.jpg,TACO-master/TACO-master/data/filtered_classification/crops/test/Plastic/000104_ann211.jpg,TACO-master/TACO-master/data/batch_1/000104.JPG,3264,2448,2493.0,1044.0,689.0,1229.0,82,211
taco_212,TACO,cropped_object_classification,val,Plastic,Squeezable tube,TACO-master/TACO-master/data/filtered_classification/crops/val/Plastic/000104_ann212.jpg,TACO-master/TACO-master/data/filtered_classification/crops/val/Plastic/000104_ann212.jpg,TACO-master/TACO-master/data/batch_1/000104.JPG,3264,2448,1545.0,1010.0,375.0,455.0,82,212
taco_217,TACO,cropped_object_classification,train,Plastic,Other plastic bottle,TACO-master/TACO-master/data/filtered_classification/crops/train/Plastic/000106_ann217.jpg,TACO-master/TACO-master/data/filtered_classification/crops/train/Plastic/000106_ann217.jpg,TACO-master/TACO-master/data/batch_1/000106.JPG,2448,3264,1680.0,2500.0,278.0,682.0,84,217
taco_218,TACO,cropped_object_classification,train,Plastic,Other plastic bottle,TACO-master/TACO-master/data/filtered_classification/crops/train/Plastic/000106_ann218.jpg,TACO-master/TACO-master/data/filtered_classification/crops/train/Plastic/000106_ann218.jpg,TACO-master/TACO-master/data/batch_1/000106.JPG,2448,3264,2030.0,2438.0,417.0,635.0,84,218
taco_220,TACO,cropped_object_classification,train,Metal,Drink can,TACO-master/TACO-master/data/filtered_classification/crops/train/Metal/000107_ann220.jpg,TACO-master/TACO-master/data/filtered_classification/crops/train/Metal/000107_ann220.jpg,TACO-master/TACO-master/data/batch_1/000107.JPG,2448,3264,2039.0,1606.0,360.0,536.0,85,220
taco_221,TACO,cropped_object_classification,train,Other,Garbage bag,TACO-master/TACO-master/data/filtered_classification/crops/train/Other/000107_ann221.jpg,TACO-master/TACO-master/data/filtered_classification/crops/train/Other/000107_ann221.jpg,TACO-master/TACO-master/data/batch_1/000107.JPG,2448,3264,1909.0,544.0,200.0,268.0,85,221
taco_222,TACO,cropped_object_classification,train,Other,Garbage bag,TACO-master/TACO-master/data/filtered_classification/crops/train/Other/000107_ann222.jpg,TACO-master/TACO-master/data/filtered_classification/crops/train/Other/000107_ann222.jpg,TACO-master/TACO-master/data/batch_1/000107.JPG,2448,3264,2061.0,501.0,189.0,286.0,85,222
taco_223,TACO,cropped_object_classification,train,Other,Garbage bag,TACO-master/TACO-master/data/filtered_classification/crops/train/Other/000107_ann223.jpg,TACO-master/TACO-master/data/filtered_classification/crops/train/Other/000107_ann223.jpg,TACO-master/TACO-master/data/batch_1/000107.JPG,2448,3264,2153.0,413.0,192.0,277.0,85,223
taco_228,TACO,cropped_object_classification,train,Metal,Drink can,TACO-master/TACO-master/data/filtered_classification/crops/train/Metal/000111_ann228.jpg,TACO-master/TACO-master/data/filtered_classification/crops/train/Metal/000111_ann228.jpg,TACO-master/TACO-master/data/batch_1/000111.JPG,2448,3264,844.0,2332.0,257.0,296.0,88,228
taco_229,TACO,cropped_object_classification,val,Metal,Drink can,TACO-master/TACO-master/data/filtered_classification/crops/val/Metal/000111_ann229.jpg,TACO-master/TACO-master/data/filtered_classification/crops/val/Metal/000111_ann229.jpg,TACO-master/TACO-master/data/batch_1/000111.JPG,2448,3264,434.0,1871.0,187.0,281.0,88,229
taco_232,TACO,cropped_object_classification,test,Plastic,Clear plastic bottle,TACO-master/TACO-master/data/filtered_classification/crops/test/Plastic/000115_ann232.jpg,TACO-master/TACO-master/data/filtered_classification/crops/test/Plastic/000115_ann232.jpg,TACO-master/TACO-master/data/batch_1/000115.JPG,3264,2448,361.0,520.0,698.0,331.0,89,232
taco_234,TACO,cropped_object_classification,train,Metal,Drink can,TACO-master/TACO-master/data/filtered_classification/crops/train/Metal/000115_ann234.jpg,TACO-master/TACO-master/data/filtered_classification/crops/train/Metal/000115_ann234.jpg,TACO-master/TACO-master/data/batch_1/000115.JPG,3264,2448,2278.0,759.0,457.0,213.0,89,234
taco_236,TACO,cropped_object_classification,test,PaperCardboard,Normal paper,TACO-master/TACO-master/data/filtered_classification/crops/test/PaperCardboard/000115_ann236.jpg,TACO-master/TACO-master/data/filtered_classification/crops/test/PaperCardboard/000115_ann236.jpg,TACO-master/TACO-master/data/batch_1/000115.JPG,3264,2448,2427.0,845.0,413.0,262.0,89,236
taco_243,TACO,cropped_object_classification,train,Other,Crisp packet,TACO-master/TACO-master/data/filtered_classification/crops/train/Other/000118_ann243.jpg,TACO-master/TACO-master/data/filtered_classification/crops/train/Other/000118_ann243.jpg,TACO-master/TACO-master/data/batch_1/000118.JPG,2448,3264,831.0,1289.0,348.0,251.0,91,243
taco_244,TACO,cropped_object_classification,train,Organic,Food waste,TACO-master/TACO-master/data/filtered_classification/crops/train/Organic/000119_ann244.jpg,TACO-master/TACO-master/data/filtered_classification/crops/train/Organic/000119_ann244.jpg,TACO-master/TACO-master/data/batch_1/000119.JPG,2448,3264,922.0,1748.0,492.0,775.0,92,244
taco_249,TACO,cropped_object_classification,test,Metal,Drink can,TACO-master/TACO-master/data/filtered_classification/crops/test/Metal/000004_ann249.jpg,TACO-master/TACO-master/data/filtered_classification/crops/test/Metal/000004_ann249.jpg,TACO-master/TACO-master/data/batch_1/000004.jpg,1241,751,649.0,55.0,93.0,88.0,96,249
taco_250,TACO,cropped_object_classification,train,Other,Styrofoam piece,TACO-master/TACO-master/data/filtered_classification/crops/train/Other/000124_ann250.jpg,TACO-master/TACO-master/data/filtered_classification/crops/train/Other/000124_ann250.jpg,TACO-master/TACO-master/data/batch_1/000124.JPG,2448,3264,489.0,124.0,1761.0,3125.0,97,250
taco_253,TACO,cropped_object_classification,train,Metal,Food Can,TACO-master/TACO-master/data/filtered_classification/crops/train/Metal/000127_ann253.jpg,TACO-master/TACO-master/data/filtered_classification/crops/train/Metal/000127_ann253.jpg,TACO-master/TACO-master/data/batch_1/000127.JPG,2448,3264,1.0,1727.0,849.0,1217.0,98,253
taco_254,TACO,cropped_object_classification,val,Metal,Food Can,TACO-master/TACO-master/data/filtered_classification/crops/val/Metal/000127_ann254.jpg,TACO-master/TACO-master/data/filtered_classification/crops/val/Metal/000127_ann254.jpg,TACO-master/TACO-master/data/batch_1/000127.JPG,2448,3264,768.0,1254.0,962.0,675.0,98,254
taco_257,TACO,cropped_object_classification,train,Other,Garbage bag,TACO-master/TACO-master/data/filtered_classification/crops/train/Other/000127_ann257.jpg,TACO-master/TACO-master/data/filtered_classification/crops/train/Other/000127_ann257.jpg,TACO-master/TACO-master/data/batch_1/000127.JPG,2448,3264,1.0,0.0,2447.0,1097.0,98,257
taco_258,TACO,cropped_object_classification,train,PaperCardboard,Other carton,TACO-master/TACO-master/data/filtered_classification/crops/train/PaperCardboard/000127_ann258.jpg,TACO-master/TACO-master/data/filtered_classification/crops/train/PaperCardboard/000127_ann258.jpg,TACO-master/TACO-master/data/batch_1/000127.JPG,2448,3264,661.0,97.0,1787.0,1212.0,98,258
taco_259,TACO,cropped_object_classification,train,PaperCardboard,Other carton,TACO-master/TACO-master/data/filtered_classification/crops/train/PaperCardboard/000127_ann259.jpg,TACO-master/TACO-master/data/filtered_classification/crops/train/PaperCardboard/000127_ann259.jpg,TACO-master/TACO-master/data/batch_1/000127.JPG,2448,3264,1711.0,1285.0,736.0,958.0,98,259
taco_261,TACO,cropped_object_classification,test,Plastic,Spread tub,TACO-master/TACO-master/data/filtered_classification/crops/test/Plastic/000127_ann261.jpg,TACO-master/TACO-master/data/filtered_classification/crops/test/Plastic/000127_ann261.jpg,TACO-master/TACO-master/data/batch_1/000127.JPG,2448,3264,634.0,71.0,513.0,163.0,98,261
taco_263,TACO,cropped_object_classification,train,PaperCardboard,Other carton,TACO-master/TACO-master/data/filtered_classification/crops/train/PaperCardboard/000128_ann263.jpg,TACO-master/TACO-master/data/filtered_classification/crops/train/PaperCardboard/000128_ann263.jpg,TACO-master/TACO-master/data/batch_1/000128.JPG,2448,3264,0.0,0.0,1528.0,1687.0,99,263
taco_265,TACO,cropped_object_classification,train,PaperCardboard,Other carton,TACO-master/TACO-master/data/filtered_classification/crops/train/PaperCardboard/000128_ann265.jpg,TACO-master/TACO-master/data/filtered_classification/crops/train/PaperCardboard/000128_ann265.jpg,TACO-master/TACO-master/data/batch_1/000128.JPG,2448,3264,0.0,1093.0,1936.0,1756.0,99,265
taco_266,TACO,cropped_object_classification,train,Metal,Drink can,TACO-master/TACO-master/data/filtered_classification/crops/train/Metal/000128_ann266.jpg,TACO-master/TACO-master/data/filtered_classification/crops/train/Metal/000128_ann266.jpg,TACO-master/TACO-master/data/batch_1/000128.JPG,2448,3264,1102.0,861.0,611.0,339.0,99,266
taco_267,TACO,cropped_object_classification,train,Metal,Food Can,TACO-master/TACO-master/data/filtered_classification/crops/train/Metal/000128_ann267.jpg,TACO-master/TACO-master/data/filtered_classification/crops/train/Metal/000128_ann267.jpg,TACO-master/TACO-master/data/batch_1/000128.JPG,2448,3264,1505.0,401.0,543.0,567.0,99,267
taco_268,TACO,cropped_object_classification,test,Metal,Food Can,TACO-master/TACO-master/data/filtered_classification/crops/test/Metal/000128_ann268.jpg,TACO-master/TACO-master/data/filtered_classification/crops/test/Metal/000128_ann268.jpg,TACO-master/TACO-master/data/batch_1/000128.JPG,2448,3264,1850.0,1007.0,598.0,531.0,99,268
taco_271,TACO,cropped_object_classification,test,Plastic,Other plastic bottle,TACO-master/TACO-master/data/filtered_classification/crops/test/Plastic/000128_ann271.jpg,TACO-master/TACO-master/data/filtered_classification/crops/test/Plastic/000128_ann271.jpg,TACO-master/TACO-master/data/batch_1/000128.JPG,2448,3264,954.0,1582.0,1492.0,1290.0,99,271
taco_276,TACO,cropped_object_classification,train,PaperCardboard,Corrugated carton,TACO-master/TACO-master/data/filtered_classification/crops/train/PaperCardboard/000129_ann276.jpg,TACO-master/TACO-master/data/filtered_classification/crops/train/PaperCardboard/000129_ann276.jpg,TACO-master/TACO-master/data/batch_1/000129.JPG,2448,3264,0.0,1139.0,2394.0,1963.0,100,276
taco_277,TACO,cropped_object_classification,test,Metal,Food Can,TACO-master/TACO-master/data/filtered_classification/crops/test/Metal/000129_ann277.jpg,TACO-master/TACO-master/data/filtered_classification/crops/test/Metal/000129_ann277.jpg,TACO-master/TACO-master/data/batch_1/000129.JPG,2448,3264,618.0,1224.0,249.0,242.0,100,277
taco_279,TACO,cropped_object_classification,train,PaperCardboard,Other carton,TACO-master/TACO-master/data/filtered_classification/crops/train/PaperCardboard/000129_ann279.jpg,TACO-master/TACO-master/data/filtered_classification/crops/train/PaperCardboard/000129_ann279.jpg,TACO-master/TACO-master/data/batch_1/000129.JPG,2448,3264,1014.0,805.0,447.0,362.0,100,279
taco_280,TACO,cropped_object_classification,test,PaperCardboard,Egg carton,TACO-master/TACO-master/data/filtered_classification/crops/test/PaperCardboard/000129_ann280.jpg,TACO-master/TACO-master/data/filtered_classification/crops/test/PaperCardboard/000129_ann280.jpg,TACO-master/TACO-master/data/batch_1/000129.JPG,2448,3264,1196.0,549.0,262.0,276.0,100,280
taco_281,TACO,cropped_object_classification,train,PaperCardboard,Other carton,TACO-master/TACO-master/data/filtered_classification/crops/train/PaperCardboard/000129_ann281.jpg,TACO-master/TACO-master/data/filtered_classification/crops/train/PaperCardboard/000129_ann281.jpg,TACO-master/TACO-master/data/batch_1/000129.JPG,2448,3264,1479.0,772.0,596.0,328.0,100,281
taco_282,TACO,cropped_object_classification,train,PaperCardboard,Other carton,TACO-master/TACO-master/data/filtered_classification/crops/train/PaperCardboard/000129_ann282.jpg,TACO-master/TACO-master/data/filtered_classification/crops/train/PaperCardboard/000129_ann282.jpg,TACO-master/TACO-master/data/batch_1/000129.JPG,2448,3264,335.0,641.0,620.0,511.0,100,282
taco_309,TACO,cropped_object_classification,train,Plastic,Clear plastic bottle,TACO-master/TACO-master/data/filtered_classification/crops/train/Plastic/000000_ann309.jpg,TACO-master/TACO-master/data/filtered_classification/crops/train/Plastic/000000_ann309.jpg,TACO-master/TACO-master/data/batch_10/000000.jpg,1824,4000,1370.0,1291.0,380.0,150.0,101,309
taco_310,TACO,cropped_object_classification,val,Plastic,Other plastic bottle,TACO-master/TACO-master/data/filtered_classification/crops/val/Plastic/000001_ann310.jpg,TACO-master/TACO-master/data/filtered_classification/crops/val/Plastic/000001_ann310.jpg,TACO-master/TACO-master/data/batch_10/000001.jpg,4000,1824,247.0,101.04761,458.0,397.99998999999997,102,310
taco_315,TACO,cropped_object_classification,test,Plastic,Squeezable tube,TACO-master/TACO-master/data/filtered_classification/crops/test/Plastic/000001_ann315.jpg,TACO-master/TACO-master/data/filtered_classification/crops/test/Plastic/000001_ann315.jpg,TACO-master/TACO-master/data/batch_10/000001.jpg,4000,1824,2231.0,836.0476,263.0,206.0000000000001,102,315
taco_325,TACO,cropped_object_classification,test,Plastic,Clear plastic bottle,TACO-master/TACO-master/data/filtered_classification/crops/test/Plastic/000002_ann325.jpg,TACO-master/TACO-master/data/filtered_classification/crops/test/Plastic/000002_ann325.jpg,TACO-master/TACO-master/data/batch_10/000002.jpg,4000,1824,1224.0,994.0,406.0,200.0,103,325
taco_330,TACO,cropped_object_classification,train,Plastic,Clear plastic bottle,TACO-master/TACO-master/data/filtered_classification/crops/train/Plastic/000003_ann330.jpg,TACO-master/TACO-master/data/filtered_classification/crops/train/Plastic/000003_ann330.jpg,TACO-master/TACO-master/data/batch_10/000003.jpg,4000,1824,516.0,377.0,248.0,178.0,104,330
taco_331,TACO,cropped_object_classification,val,Plastic,Clear plastic bottle,TACO-master/TACO-master/data/filtered_classification/crops/val/Plastic/000003_ann331.jpg,TACO-master/TACO-master/data/filtered_classification/crops/val/Plastic/000003_ann331.jpg,TACO-master/TACO-master/data/batch_10/000003.jpg,4000,1824,665.0,313.0,245.0,191.00000000000006,104,331
taco_357,TACO,cropped_object_classification,train,Plastic,Clear plastic bottle,TACO-master/TACO-master/data/filtered_classification/crops/train/Plastic/000005_ann357.jpg,TACO-master/TACO-master/data/filtered_classification/crops/train/Plastic/000005_ann357.jpg,TACO-master/TACO-master/data/batch_10/000005.jpg,1824,4000,1139.0,3035.0,569.0,222.0,106,357
taco_376,TACO,cropped_object_classification,test,Glass,Glass bottle,TACO-master/TACO-master/data/filtered_classification/crops/test/Glass/000011_ann376.jpg,TACO-master/TACO-master/data/filtered_classification/crops/test/Glass/000011_ann376.jpg,TACO-master/TACO-master/data/batch_10/000011.jpg,4000,1824,827.0,90.0,157.0,426.0,112,376
taco_382,TACO,cropped_object_classification,train,Glass,Glass bottle,TACO-master/TACO-master/data/filtered_classification/crops/train/Glass/000011_ann382.jpg,TACO-master/TACO-master/data/filtered_classification/crops/train/Glass/000011_ann382.jpg,TACO-master/TACO-master/data/batch_10/000011.jpg,4000,1824,2331.0,487.0,217.0,534.0,112,382
taco_384,TACO,cropped_object_classification,train,Glass,Glass bottle,TACO-master/TACO-master/data/filtered_classification/crops/train/Glass/000011_ann384.jpg,TACO-master/TACO-master/data/filtered_classification/crops/train/Glass/000011_ann384.jpg,TACO-master/TACO-master/data/batch_10/000011.jpg,4000,1824,2585.0,154.0,212.0,722.0,112,384
taco_385,TACO,cropped_object_classification,train,Glass,Glass bottle,TACO-master/TACO-master/data/filtered_classification/crops/train/Glass/000011_ann385.jpg,TACO-master/TACO-master/data/filtered_classification/crops/train/Glass/000011_ann385.jpg,TACO-master/TACO-master/data/batch_10/000011.jpg,4000,1824,2691.0,567.0,261.0,620.0,112,385
taco_404,TACO,cropped_object_classification,train,PaperCardboard,Normal paper,TACO-master/TACO-master/data/filtered_classification/crops/train/PaperCardboard/000019_ann404.jpg,TACO-master/TACO-master/data/filtered_classification/crops/train/PaperCardboard/000019_ann404.jpg,TACO-master/TACO-master/data/batch_10/000019.jpg,1824,4000,663.0,2432.0,188.0,306.0,120,404
taco_429,TACO,cropped_object_classification,test,Metal,Drink can,TACO-master/TACO-master/data/filtered_classification/crops/test/Metal/000025_ann429.jpg,TACO-master/TACO-master/data/filtered_classification/crops/test/Metal/000025_ann429.jpg,TACO-master/TACO-master/data/batch_10/000025.jpg,1824,4000,1151.0,2356.0,257.0,191.0,126,429
taco_430,TACO,cropped_object_classification,train,PaperCardboard,Egg carton,TACO-master/TACO-master/data/filtered_classification/crops/train/PaperCardboard/000026_ann430.jpg,TACO-master/TACO-master/data/filtered_classification/crops/train/PaperCardboard/000026_ann430.jpg,TACO-master/TACO-master/data/batch_10/000026.jpg,4000,1824,1250.0,1299.0,435.0,450.0,127,430
taco_431,TACO,cropped_object_classification,train,PaperCardboard,Egg carton,TACO-master/TACO-master/data/filtered_classification/crops/train/PaperCardboard/000026_ann431.jpg,TACO-master/TACO-master/data/filtered_classification/crops/train/PaperCardboard/000026_ann431.jpg,TACO-master/TACO-master/data/batch_10/000026.jpg,4000,1824,1689.0,777.0,449.0,439.0,127,431
taco_438,TACO,cropped_object_classification,train,Plastic,Clear plastic bottle,TACO-master/TACO-master/data/filtered_classification/crops/train/Plastic/000029_ann438.jpg,TACO-master/TACO-master/data/filtered_classification/crops/train/Plastic/000029_ann438.jpg,TACO-master/TACO-master/data/batch_10/000029.jpg,1824,4000,539.5,1928.0,603.0,561.0,130,438
taco_442,TACO,cropped_object_classification,train,PaperCardboard,Corrugated carton,TACO-master/TACO-master/data/filtered_classification/crops/train/PaperCardboard/000030_ann442.jpg,TACO-master/TACO-master/data/filtered_classification/crops/train/PaperCardboard/000030_ann442.jpg,TACO-master/TACO-master/data/batch_10/000030.jpg,1824,4000,869.0,1605.0,346.0,191.0,131,442
taco_443,TACO,cropped_object_classification,train,PaperCardboard,Corrugated carton,TACO-master/TACO-master/data/filtered_classification/crops/train/PaperCardboard/000031_ann443.jpg,TACO-master/TACO-master/data/filtered_classification/crops/train/PaperCardboard/000031_ann443.jpg,TACO-master/TACO-master/data/batch_10/000031.jpg,1824,4000,631.0,1508.0,1192.0,647.0,132,443
taco_507,TACO,cropped_object_classification,train,PaperCardboard,Normal paper,TACO-master/TACO-master/data/filtered_classification/crops/train/PaperCardboard/000038_ann507.jpg,TACO-master/TACO-master/data/filtered_classification/crops/train/PaperCardboard/000038_ann507.jpg,TACO-master/TACO-master/data/batch_10/000038.jpg,1824,4000,1.0,2093.0,187.0,253.0,139,507
taco_508,TACO,cropped_object_classification,train,PaperCardboard,Magazine paper,TACO-master/TACO-master/data/filtered_classification/crops/train/PaperCardboard/000038_ann508.jpg,TACO-master/TACO-master/data/filtered_classification/crops/train/PaperCardboard/000038_ann508.jpg,TACO-master/TACO-master/data/batch_10/000038.jpg,1824,4000,1.0,1522.0,452.0,616.0,139,508
taco_554,TACO,cropped_object_classification,test,Other,Styrofoam piece,TACO-master/TACO-master/data/filtered_classification/crops/test/Other/000051_ann554.jpg,TACO-master/TACO-master/data/filtered_classification/crops/test/Other/000051_ann554.jpg,TACO-master/TACO-master/data/batch_10/000051.jpg,4000,1824,1456.0,1023.0,306.0,192.0,152,554
taco_600,TACO,cropped_object_classification,val,Plastic,Clear plastic bottle,TACO-master/TACO-master/data/filtered_classification/crops/val/Plastic/000081_ann600.jpg,TACO-master/TACO-master/data/filtered_classification/crops/val/Plastic/000081_ann600.jpg,TACO-master/TACO-master/data/batch_10/000081.jpg,4000,1824,1807.0,673.0,341.0,163.0,182,600
taco_610,TACO,cropped_object_classification,train,Other,Garbage bag,TACO-master/TACO-master/data/filtered_classification/crops/train/Other/000084_ann610.jpg,TACO-master/TACO-master/data/filtered_classification/crops/train/Other/000084_ann610.jpg,TACO-master/TACO-master/data/batch_10/000084.jpg,1824,4000,501.0,1263.0,1278.0,616.0,185,610
taco_623,TACO,cropped_object_classification,val,PaperCardboard,Corrugated carton,TACO-master/TACO-master/data/filtered_classification/crops/val/PaperCardboard/000085_ann623.jpg,TACO-master/TACO-master/data/filtered_classification/crops/val/PaperCardboard/000085_ann623.jpg,TACO-master/TACO-master/data/batch_10/000085.jpg,1824,4000,1038.0,1407.0,754.0,436.0,186,623
taco_631,TACO,cropped_object_classification,test,Plastic,Clear plastic bottle,TACO-master/TACO-master/data/filtered_classification/crops/test/Plastic/000087_ann631.jpg,TACO-master/TACO-master/data/filtered_classification/crops/test/Plastic/000087_ann631.jpg,TACO-master/TACO-master/data/batch_10/000087.jpg,1824,4000,342.0,836.0,338.0,159.0,188,631
taco_635,TACO,cropped_object_classification,val,PaperCardboard,Other carton,TACO-master/TACO-master/data/filtered_classification/crops/val/PaperCardboard/000088_ann635.jpg,TACO-master/TACO-master/data/filtered_classification/crops/val/PaperCardboard/000088_ann635.jpg,TACO-master/TACO-master/data/batch_10/000088.jpg,1824,4000,989.0,1556.0,433.0,387.0,189,635
taco_646,TACO,cropped_object_classification,train,Glass,Glass bottle,TACO-master/TACO-master/data/filtered_classification/crops/train/Glass/000091_ann646.jpg,TACO-master/TACO-master/data/filtered_classification/crops/train/Glass/000091_ann646.jpg,TACO-master/TACO-master/data/batch_10/000091.jpg,4000,1824,2214.0,1255.0,429.0,244.0,192,646
taco_657,TACO,cropped_object_classification,val,Glass,Glass bottle,TACO-master/TACO-master/data/filtered_classification/crops/val/Glass/000093_ann657.jpg,TACO-master/TACO-master/data/filtered_classification/crops/val/Glass/000093_ann657.jpg,TACO-master/TACO-master/data/batch_10/000093.jpg,4000,1824,2588.0,1543.0,143.0,279.0,194,657
taco_680,TACO,cropped_object_classification,train,Plastic,Clear plastic bottle,TACO-master/TACO-master/data/filtered_classification/crops/train/Plastic/000097_ann680.jpg,TACO-master/TACO-master/data/filtered_classification/crops/train/Plastic/000097_ann680.jpg,TACO-master/TACO-master/data/batch_10/000097.jpg,1824,4000,800.0,2520.0,396.0,151.0,198,680
taco_682,TACO,cropped_object_classification,train,Other,Styrofoam piece,TACO-master/TACO-master/data/filtered_classification/crops/train/Other/000098_ann682.jpg,TACO-master/TACO-master/data/filtered_classification/crops/train/Other/000098_ann682.jpg,TACO-master/TACO-master/data/batch_10/000098.jpg,1824,4000,564.0952,1500.238,1013.0,1335.9999999999998,199,682
taco_683,TACO,cropped_object_classification,train,PaperCardboard,Corrugated carton,TACO-master/TACO-master/data/filtered_classification/crops/train/PaperCardboard/000098_ann683.jpg,TACO-master/TACO-master/data/filtered_classification/crops/train/PaperCardboard/000098_ann683.jpg,TACO-master/TACO-master/data/batch_10/000098.jpg,1824,4000,527.0,1478.619,959.0,1332.0001,199,683
taco_686,TACO,cropped_object_classification,train,Other,Styrofoam piece,TACO-master/TACO-master/data/filtered_classification/crops/train/Other/000000_ann686.jpg,TACO-master/TACO-master/data/filtered_classification/crops/train/Other/000000_ann686.jpg,TACO-master/TACO-master/data/batch_11/000000.jpg,4000,1824,1323.0,725.0,1751.0,882.0,201,686
taco_687,TACO,cropped_object_classification,train,PaperCardboard,Corrugated carton,TACO-master/TACO-master/data/filtered_classification/crops/train/PaperCardboard/000000_ann687.jpg,TACO-master/TACO-master/data/filtered_classification/crops/train/PaperCardboard/000000_ann687.jpg,TACO-master/TACO-master/data/batch_11/000000.jpg,4000,1824,1329.0,633.0,1737.0,300.0,201,687
taco_689,TACO,cropped_object_classification,val,Other,Styrofoam piece,TACO-master/TACO-master/data/filtered_classification/crops/val/Other/000001_ann689.jpg,TACO-master/TACO-master/data/filtered_classification/crops/val/Other/000001_ann689.jpg,TACO-master/TACO-master/data/batch_11/000001.jpg,1824,4000,784.0,1785.0000000000002,419.0,395.9999999999998,202,689
taco_690,TACO,cropped_object_classification,train,Other,Styrofoam piece,TACO-master/TACO-master/data/filtered_classification/crops/train/Other/000001_ann690.jpg,TACO-master/TACO-master/data/filtered_classification/crops/train/Other/000001_ann690.jpg,TACO-master/TACO-master/data/batch_11/000001.jpg,1824,4000,0.0,0.0,1820.0,1242.0,202,690
taco_691,TACO,cropped_object_classification,train,PaperCardboard,Corrugated carton,TACO-master/TACO-master/data/filtered_classification/crops/train/PaperCardboard/000001_ann691.jpg,TACO-master/TACO-master/data/filtered_classification/crops/train/PaperCardboard/000001_ann691.jpg,TACO-master/TACO-master/data/batch_11/000001.jpg,1824,4000,1382.0,1035.0,189.0,204.0,202,691
taco_692,TACO,cropped_object_classification,train,Other,Styrofoam piece,TACO-master/TACO-master/data/filtered_classification/crops/train/Other/000002_ann692.jpg,TACO-master/TACO-master/data/filtered_classification/crops/train/Other/000002_ann692.jpg,TACO-master/TACO-master/data/batch_11/000002.jpg,1824,4000,572.0,1625.0,882.0,1145.0,203,692
taco_693,TACO,cropped_object_classification,train,PaperCardboard,Corrugated carton,TACO-master/TACO-master/data/filtered_classification/crops/train/PaperCardboard/000003_ann693.jpg,TACO-master/TACO-master/data/filtered_classification/crops/train/PaperCardboard/000003_ann693.jpg,TACO-master/TACO-master/data/batch_11/000003.jpg,1824,4000,131.0,1160.0,720.0,799.0,204,693
taco_694,TACO,cropped_object_classification,test,PaperCardboard,Corrugated carton,TACO-master/TACO-master/data/filtered_classification/crops/test/PaperCardboard/000003_ann694.jpg,TACO-master/TACO-master/data/filtered_classification/crops/test/PaperCardboard/000003_ann694.jpg,TACO-master/TACO-master/data/batch_11/000003.jpg,1824,4000,194.0,1674.0,1532.0,1541.0,204,694
taco_695,TACO,cropped_object_classification,train,PaperCardboard,Corrugated carton,TACO-master/TACO-master/data/filtered_classification/crops/train/PaperCardboard/000003_ann695.jpg,TACO-master/TACO-master/data/filtered_classification/crops/train/PaperCardboard/000003_ann695.jpg,TACO-master/TACO-master/data/batch_11/000003.jpg,1824,4000,687.0,226.0,1135.0,1619.0,204,695
taco_698,TACO,cropped_object_classification,train,Other,Styrofoam piece,TACO-master/TACO-master/data/filtered_classification/crops/train/Other/000004_ann698.jpg,TACO-master/TACO-master/data/filtered_classification/crops/train/Other/000004_ann698.jpg,TACO-master/TACO-master/data/batch_11/000004.jpg,1824,4000,1.0,213.0,1142.0,3582.0,205,698
taco_699,TACO,cropped_object_classification,test,PaperCardboard,Corrugated carton,TACO-master/TACO-master/data/filtered_classification/crops/test/PaperCardboard/000004_ann699.jpg,TACO-master/TACO-master/data/filtered_classification/crops/test/PaperCardboard/000004_ann699.jpg,TACO-master/TACO-master/data/batch_11/000004.jpg,1824,4000,1126.0,1363.0,696.0,1177.0,205,699
taco_700,TACO,cropped_object_classification,train,PaperCardboard,Corrugated carton,TACO-master/TACO-master/data/filtered_classification/crops/train/PaperCardboard/000005_ann700.jpg,TACO-master/TACO-master/data/filtered_classification/crops/train/PaperCardboard/000005_ann700.jpg,TACO-master/TACO-master/data/batch_11/000005.jpg,1824,4000,2.0,1207.0,1641.0,1653.0,206,700
taco_701,TACO,cropped_object_classification,train,Other,Styrofoam piece,TACO-master/TACO-master/data/filtered_classification/crops/train/Other/000005_ann701.jpg,TACO-master/TACO-master/data/filtered_classification/crops/train/Other/000005_ann701.jpg,TACO-master/TACO-master/data/batch_11/000005.jpg,1824,4000,2.0,1896.0,1177.0,837.0,206,701
taco_702,TACO,cropped_object_classification,train,PaperCardboard,Corrugated carton,TACO-master/TACO-master/data/filtered_classification/crops/train/PaperCardboard/000006_ann702.jpg,TACO-master/TACO-master/data/filtered_classification/crops/train/PaperCardboard/000006_ann702.jpg,TACO-master/TACO-master/data/batch_11/000006.jpg,1824,4000,119.0,1692.0,664.0,699.0,207,702
taco_703,TACO,cropped_object_classification,train,PaperCardboard,Corrugated carton,TACO-master/TACO-master/data/filtered_classification/crops/train/PaperCardboard/000006_ann703.jpg,TACO-master/TACO-master/data/filtered_classification/crops/train/PaperCardboard/000006_ann703.jpg,TACO-master/TACO-master/data/batch_11/000006.jpg,1824,4000,643.0,1801.0,639.0,885.0,207,703
taco_704,TACO,cropped_object_classification,train,PaperCardboard,Corrugated carton,TACO-master/TACO-master/data/filtered_classification/crops/train/PaperCardboard/000006_ann704.jpg,TACO-master/TACO-master/data/filtered_classification/crops/train/PaperCardboard/000006_ann704.jpg,TACO-master/TACO-master/data/batch_11/000006.jpg,1824,4000,1148.0,2082.0,605.0,663.0,207,704
taco_705,TACO,cropped_object_classification,train,PaperCardboard,Corrugated carton,TACO-master/TACO-master/data/filtered_classification/crops/train/PaperCardboard/000006_ann705.jpg,TACO-master/TACO-master/data/filtered_classification/crops/train/PaperCardboard/000006_ann705.jpg,TACO-master/TACO-master/data/batch_11/000006.jpg,1824,4000,1195.0,1337.0,260.0,228.0,207,705
taco_706,TACO,cropped_object_classification,train,Other,Styrofoam piece,TACO-master/TACO-master/data/filtered_classification/crops/train/Other/000007_ann706.jpg,TACO-master/TACO-master/data/filtered_classification/crops/train/Other/000007_ann706.jpg,TACO-master/TACO-master/data/batch_11/000007.jpg,1824,4000,1180.0,2191.0,504.9999999999998,806.0,208,706
taco_707,TACO,cropped_object_classification,train,Other,Styrofoam piece,TACO-master/TACO-master/data/filtered_classification/crops/train/Other/000008_ann707.jpg,TACO-master/TACO-master/data/filtered_classification/crops/train/Other/000008_ann707.jpg,TACO-master/TACO-master/data/batch_11/000008.jpg,1824,4000,0.0,-1.0,1352.0,2364.0,209,707
taco_708,TACO,cropped_object_classification,train,PaperCardboard,Corrugated carton,TACO-master/TACO-master/data/filtered_classification/crops/train/PaperCardboard/000008_ann708.jpg,TACO-master/TACO-master/data/filtered_classification/crops/train/PaperCardboard/000008_ann708.jpg,TACO-master/TACO-master/data/batch_11/000008.jpg,1824,4000,2.0,3336.9999999999995,1419.0,662.0000000000005,209,708
taco_709,TACO,cropped_object_classification,train,PaperCardboard,Corrugated carton,TACO-master/TACO-master/data/filtered_classification/crops/train/PaperCardboard/000008_ann709.jpg,TACO-master/TACO-master/data/filtered_classification/crops/train/PaperCardboard/000008_ann709.jpg,TACO-master/TACO-master/data/batch_11/000008.jpg,1824,4000,0.0,0.0,1811.5068493150686,3793.75,209,709
taco_710,TACO,cropped_object_classification,train,Other,Garbage bag,TACO-master/TACO-master/data/filtered_classification/crops/train/Other/000009_ann710.jpg,TACO-master/TACO-master/data/filtered_classification/crops/train/Other/000009_ann710.jpg,TACO-master/TACO-master/data/batch_11/000009.jpg,1824,4000,779.0,651.0,792.0,695.0,210,710
taco_711,TACO,cropped_object_classification,train,PaperCardboard,Corrugated carton,TACO-master/TACO-master/data/filtered_classification/crops/train/PaperCardboard/000009_ann711.jpg,TACO-master/TACO-master/data/filtered_classification/crops/train/PaperCardboard/000009_ann711.jpg,TACO-master/TACO-master/data/batch_11/000009.jpg,1824,4000,745.0,2445.0,876.0,813.0,210,711
taco_712,TACO,cropped_object_classification,train,PaperCardboard,Corrugated carton,TACO-master/TACO-master/data/filtered_classification/crops/train/PaperCardboard/000010_ann712.jpg,TACO-master/TACO-master/data/filtered_classification/crops/train/PaperCardboard/000010_ann712.jpg,TACO-master/TACO-master/data/batch_11/000010.jpg,1824,4000,256.0,921.0,625.0,836.0,211,712
taco_714,TACO,cropped_object_classification,test,PaperCardboard,Corrugated carton,TACO-master/TACO-master/data/filtered_classification/crops/test/PaperCardboard/000010_ann714.jpg,TACO-master/TACO-master/data/filtered_classification/crops/test/PaperCardboard/000010_ann714.jpg,TACO-master/TACO-master/data/batch_11/000010.jpg,1824,4000,876.0,1039.0,929.0,584.0,211,714
taco_715,TACO,cropped_object_classification,val,PaperCardboard,Corrugated carton,TACO-master/TACO-master/data/filtered_classification/crops/val/PaperCardboard/000010_ann715.jpg,TACO-master/TACO-master/data/filtered_classification/crops/val/PaperCardboard/000010_ann715.jpg,TACO-master/TACO-master/data/batch_11/000010.jpg,1824,4000,1015.0,1043.0,721.0,221.0,211,715
taco_716,TACO,cropped_object_classification,train,PaperCardboard,Corrugated carton,TACO-master/TACO-master/data/filtered_classification/crops/train/PaperCardboard/000010_ann716.jpg,TACO-master/TACO-master/data/filtered_classification/crops/train/PaperCardboard/000010_ann716.jpg,TACO-master/TACO-master/data/batch_11/000010.jpg,1824,4000,199.0,1477.0,846.0,727.0,211,716
taco_717,TACO,cropped_object_classification,test,PaperCardboard,Pizza box,TACO-master/TACO-master/data/filtered_classification/crops/test/PaperCardboard/000011_ann717.jpg,TACO-master/TACO-master/data/filtered_classification/crops/test/PaperCardboard/000011_ann717.jpg,TACO-master/TACO-master/data/batch_11/000011.jpg,1824,4000,318.0,1308.0476,1175.0,1127.9999999999998,212,717
taco_718,TACO,cropped_object_classification,train,PaperCardboard,Corrugated carton,TACO-master/TACO-master/data/filtered_classification/crops/train/PaperCardboard/000011_ann718.jpg,TACO-master/TACO-master/data/filtered_classification/crops/train/PaperCardboard/000011_ann718.jpg,TACO-master/TACO-master/data/batch_11/000011.jpg,1824,4000,193.95238,3250.6191,1624.14282,748.4285,212,718
taco_719,TACO,cropped_object_classification,val,PaperCardboard,Corrugated carton,TACO-master/TACO-master/data/filtered_classification/crops/val/PaperCardboard/000011_ann719.jpg,TACO-master/TACO-master/data/filtered_classification/crops/val/PaperCardboard/000011_ann719.jpg,TACO-master/TACO-master/data/batch_11/000011.jpg,1824,4000,695.0,3687.762,1082.0952,311.2855999999997,212,719
taco_720,TACO,cropped_object_classification,test,PaperCardboard,Corrugated carton,TACO-master/TACO-master/data/filtered_classification/crops/test/PaperCardboard/000012_ann720.jpg,TACO-master/TACO-master/data/filtered_classification/crops/test/PaperCardboard/000012_ann720.jpg,TACO-master/TACO-master/data/batch_11/000012.jpg,1824,4000,0.0,1339.0,1754.0,1895.0,213,720
taco_721,TACO,cropped_object_classification,train,PaperCardboard,Corrugated carton,TACO-master/TACO-master/data/filtered_classification/crops/train/PaperCardboard/000012_ann721.jpg,TACO-master/TACO-master/data/filtered_classification/crops/train/PaperCardboard/000012_ann721.jpg,TACO-master/TACO-master/data/batch_11/000012.jpg,1824,4000,1229.0,3178.0,594.0,821.0,213,721
taco_722,TACO,cropped_object_classification,train,PaperCardboard,Corrugated carton,TACO-master/TACO-master/data/filtered_classification/crops/train/PaperCardboard/000013_ann722.jpg,TACO-master/TACO-master/data/filtered_classification/crops/train/PaperCardboard/000013_ann722.jpg,TACO-master/TACO-master/data/batch_11/000013.jpg,1824,4000,1.0,3149.0,302.0,850.0,214,722
taco_723,TACO,cropped_object_classification,test,PaperCardboard,Corrugated carton,TACO-master/TACO-master/data/filtered_classification/crops/test/PaperCardboard/000013_ann723.jpg,TACO-master/TACO-master/data/filtered_classification/crops/test/PaperCardboard/000013_ann723.jpg,TACO-master/TACO-master/data/batch_11/000013.jpg,1824,4000,345.0,1.0,1474.0,3245.0,214,723
taco_724,TACO,cropped_object_classification,val,PaperCardboard,Corrugated carton,TACO-master/TACO-master/data/filtered_classification/crops/val/PaperCardboard/000014_ann724.jpg,TACO-master/TACO-master/data/filtered_classification/crops/val/PaperCardboard/000014_ann724.jpg,TACO-master/TACO-master/data/batch_11/000014.jpg,1824,4000,265.3333,1755.619,1374.0001,1121.8097,215,724
taco_725,TACO,cropped_object_classification,train,Other,Styrofoam piece,TACO-master/TACO-master/data/filtered_classification/crops/train/Other/000014_ann725.jpg,TACO-master/TACO-master/data/filtered_classification/crops/train/Other/000014_ann725.jpg,TACO-master/TACO-master/data/batch_11/000014.jpg,1824,4000,257.3333,2350.238,597.0,568.0,215,725
taco_726,TACO,cropped_object_classification,train,Other,Styrofoam piece,TACO-master/TACO-master/data/filtered_classification/crops/train/Other/000015_ann726.jpg,TACO-master/TACO-master/data/filtered_classification/crops/train/Other/000015_ann726.jpg,TACO-master/TACO-master/data/batch_11/000015.jpg,1824,4000,843.0,1867.0,382.0,578.0,216,726
taco_727,TACO,cropped_object_classification,train,Other,Styrofoam piece,TACO-master/TACO-master/data/filtered_classification/crops/train/Other/000015_ann727.jpg,TACO-master/TACO-master/data/filtered_classification/crops/train/Other/000015_ann727.jpg,TACO-master/TACO-master/data/batch_11/000015.jpg,1824,4000,491.0,1293.0,1132.0,1170.0,216,727
taco_731,TACO,cropped_object_classification,train,PaperCardboard,Corrugated carton,TACO-master/TACO-master/data/filtered_classification/crops/train/PaperCardboard/000016_ann731.jpg,TACO-master/TACO-master/data/filtered_classification/crops/train/PaperCardboard/000016_ann731.jpg,TACO-master/TACO-master/data/batch_11/000016.jpg,4000,1824,578.0,221.0,1131.0,787.0,217,731
taco_732,TACO,cropped_object_classification,train,Other,Styrofoam piece,TACO-master/TACO-master/data/filtered_classification/crops/train/Other/000016_ann732.jpg,TACO-master/TACO-master/data/filtered_classification/crops/train/Other/000016_ann732.jpg,TACO-master/TACO-master/data/batch_11/000016.jpg,4000,1824,2257.0,386.0,813.0,1437.0,217,732
taco_733,TACO,cropped_object_classification,train,Other,Styrofoam piece,TACO-master/TACO-master/data/filtered_classification/crops/train/Other/000017_ann733.jpg,TACO-master/TACO-master/data/filtered_classification/crops/train/Other/000017_ann733.jpg,TACO-master/TACO-master/data/batch_11/000017.jpg,1824,4000,502.0,489.0,989.0,2326.0,218,733
taco_741,TACO,cropped_object_classification,train,Plastic,Other plastic bottle,TACO-master/TACO-master/data/filtered_classification/crops/train/Plastic/000019_ann741.jpg,TACO-master/TACO-master/data/filtered_classification/crops/train/Plastic/000019_ann741.jpg,TACO-master/TACO-master/data/batch_11/000019.jpg,6000,4000,2689.0,1780.58,462.0,280.0487000000003,220,741
taco_746,TACO,cropped_object_classification,train,Plastic,Other plastic bottle,TACO-master/TACO-master/data/filtered_classification/crops/train/Plastic/000021_ann746.jpg,TACO-master/TACO-master/data/filtered_classification/crops/train/Plastic/000021_ann746.jpg,TACO-master/TACO-master/data/batch_11/000021.jpg,6000,4000,1859.0,1248.8448,2577.0,1217.6991999999998,222,746
taco_747,TACO,cropped_object_classification,train,Plastic,Spread tub,TACO-master/TACO-master/data/filtered_classification/crops/train/Plastic/000022_ann747.jpg,TACO-master/TACO-master/data/filtered_classification/crops/train/Plastic/000022_ann747.jpg,TACO-master/TACO-master/data/batch_11/000022.jpg,6000,4000,1914.0,9.014085,3086.0,3148.920215,223,747
taco_751,TACO,cropped_object_classification,train,Plastic,Clear plastic bottle,TACO-master/TACO-master/data/filtered_classification/crops/train/Plastic/000026_ann751.jpg,TACO-master/TACO-master/data/filtered_classification/crops/train/Plastic/000026_ann751.jpg,TACO-master/TACO-master/data/batch_11/000026.jpg,6000,4000,2459.0,1427.9662,997.0,1056.5882,227,751
taco_755,TACO,cropped_object_classification,test,Other,Styrofoam piece,TACO-master/TACO-master/data/filtered_classification/crops/test/Other/000028_ann755.jpg,TACO-master/TACO-master/data/filtered_classification/crops/test/Other/000028_ann755.jpg,TACO-master/TACO-master/data/batch_11/000028.jpg,2322,4128,687.0,2055.0,972.0,572.0,229,755
taco_757,TACO,cropped_object_classification,val,Other,Styrofoam piece,TACO-master/TACO-master/data/filtered_classification/crops/val/Other/000028_ann757.jpg,TACO-master/TACO-master/data/filtered_classification/crops/val/Other/000028_ann757.jpg,TACO-master/TACO-master/data/batch_11/000028.jpg,2322,4128,820.0,2515.0,824.0,623.0,229,757
taco_765,TACO,cropped_object_classification,test,Plastic,Other plastic bottle,TACO-master/TACO-master/data/filtered_classification/crops/test/Plastic/000028_ann765.jpg,TACO-master/TACO-master/data/filtered_classification/crops/test/Plastic/000028_ann765.jpg,TACO-master/TACO-master/data/batch_11/000028.jpg,2322,4128,1642.0,2530.0,538.0,641.0,229,765
taco_769,TACO,cropped_object_classification,train,PaperCardboard,Other carton,TACO-master/TACO-master/data/filtered_classification/crops/train/PaperCardboard/000031_ann769.jpg,TACO-master/TACO-master/data/filtered_classification/crops/train/PaperCardboard/000031_ann769.jpg,TACO-master/TACO-master/data/batch_11/000031.jpg,2322,4128,843.0,2084.0,690.0,543.0,232,769
taco_772,TACO,cropped_object_classification,train,Plastic,Other plastic bottle,TACO-master/TACO-master/data/filtered_classification/crops/train/Plastic/000034_ann772.jpg,TACO-master/TACO-master/data/filtered_classification/crops/train/Plastic/000034_ann772.jpg,TACO-master/TACO-master/data/batch_11/000034.jpg,2448,3264,58.0,371.0,2304.0,2511.0,235,772
taco_773,TACO,cropped_object_classification,test,Other,Styrofoam piece,TACO-master/TACO-master/data/filtered_classification/crops/test/Other/000035_ann773.jpg,TACO-master/TACO-master/data/filtered_classification/crops/test/Other/000035_ann773.jpg,TACO-master/TACO-master/data/batch_11/000035.jpg,3264,2448,847.0,636.0,1674.0,1386.0,236,773
taco_774,TACO,cropped_object_classification,train,Plastic,Other plastic bottle,TACO-master/TACO-master/data/filtered_classification/crops/train/Plastic/000036_ann774.jpg,TACO-master/TACO-master/data/filtered_classification/crops/train/Plastic/000036_ann774.jpg,TACO-master/TACO-master/data/batch_11/000036.jpg,2448,3264,61.0,503.0,2214.0,2390.0,237,774
taco_775,TACO,cropped_object_classification,train,PaperCardboard,Magazine paper,TACO-master/TACO-master/data/filtered_classification/crops/train/PaperCardboard/000037_ann775.jpg,TACO-master/TACO-master/data/filtered_classification/crops/train/PaperCardboard/000037_ann775.jpg,TACO-master/TACO-master/data/batch_11/000037.jpg,4618,3463,2311.0,1872.0,539.0,272.0,238,775
taco_783,TACO,cropped_object_classification,val,PaperCardboard,Normal paper,TACO-master/TACO-master/data/filtered_classification/crops/val/PaperCardboard/000040_ann783.jpg,TACO-master/TACO-master/data/filtered_classification/crops/val/PaperCardboard/000040_ann783.jpg,TACO-master/TACO-master/data/batch_11/000040.jpg,3463,4618,2185.5227,2563.0,366.7111,456.0,241,783
taco_784,TACO,cropped_object_classification,train,Metal,Drink can,TACO-master/TACO-master/data/filtered_classification/crops/train/Metal/000041_ann784.jpg,TACO-master/TACO-master/data/filtered_classification/crops/train/Metal/000041_ann784.jpg,TACO-master/TACO-master/data/batch_11/000041.jpg,3463,4618,1374.9506999999999,2107.0,330.6412,409.0,242,784
taco_787,TACO,cropped_object_classification,test,Other,Garbage bag,TACO-master/TACO-master/data/filtered_classification/crops/test/Other/000044_ann787.jpg,TACO-master/TACO-master/data/filtered_classification/crops/test/Other/000044_ann787.jpg,TACO-master/TACO-master/data/batch_11/000044.jpg,3120,4160,738.0,1566.0,1379.0,615.0,245,787
taco_794,TACO,cropped_object_classification,test,Metal,Drink can,TACO-master/TACO-master/data/filtered_classification/crops/test/Metal/000048_ann794.jpg,TACO-master/TACO-master/data/filtered_classification/crops/test/Metal/000048_ann794.jpg,TACO-master/TACO-master/data/batch_11/000048.jpg,3024,4032,715.0,1961.0,1096.0,665.0,249,794
taco_801,TACO,cropped_object_classification,test,PaperCardboard,Other carton,TACO-master/TACO-master/data/filtered_classification/crops/test/PaperCardboard/000053_ann801.jpg,TACO-master/TACO-master/data/filtered_classification/crops/test/PaperCardboard/000053_ann801.jpg,TACO-master/TACO-master/data/batch_11/000053.jpg,4032,3024,891.0,698.0,1445.0,1315.0,254,801
taco_803,TACO,cropped_object_classification,test,PaperCardboard,Corrugated carton,TACO-master/TACO-master/data/filtered_classification/crops/test/PaperCardboard/000054_ann803.jpg,TACO-master/TACO-master/data/filtered_classification/crops/test/PaperCardboard/000054_ann803.jpg,TACO-master/TACO-master/data/batch_11/000054.jpg,3024,4032,1638.0,267.0,684.0,355.0,255,803
taco_805,TACO,cropped_object_classification,val,Other,Styrofoam piece,TACO-master/TACO-master/data/filtered_classification/crops/val/Other/000055_ann805.jpg,TACO-master/TACO-master/data/filtered_classification/crops/val/Other/000055_ann805.jpg,TACO-master/TACO-master/data/batch_11/000055.jpg,3024,4032,926.0,2200.0,986.0,627.0,256,805
taco_816,TACO,cropped_object_classification,train,Other,Styrofoam piece,TACO-master/TACO-master/data/filtered_classification/crops/train/Other/000062_ann816.jpg,TACO-master/TACO-master/data/filtered_classification/crops/train/Other/000062_ann816.jpg,TACO-master/TACO-master/data/batch_11/000062.jpg,3024,4032,969.0,1910.0,696.0,649.0,263,816
taco_827,TACO,cropped_object_classification,val,Other,Styrofoam piece,TACO-master/TACO-master/data/filtered_classification/crops/val/Other/000068_ann827.jpg,TACO-master/TACO-master/data/filtered_classification/crops/val/Other/000068_ann827.jpg,TACO-master/TACO-master/data/batch_11/000068.jpg,3024,4032,571.9524,1215.9524,1687.2855999999997,1538.0000000000002,269,827
taco_829,TACO,cropped_object_classification,train,Other,Styrofoam piece,TACO-master/TACO-master/data/filtered_classification/crops/train/Other/000069_ann829.jpg,TACO-master/TACO-master/data/filtered_classification/crops/train/Other/000069_ann829.jpg,TACO-master/TACO-master/data/batch_11/000069.jpg,3024,4032,1419.0,2199.0,853.0,646.0,270,829
taco_830,TACO,cropped_object_classification,train,Plastic,Clear plastic bottle,TACO-master/TACO-master/data/filtered_classification/crops/train/Plastic/000070_ann830.jpg,TACO-master/TACO-master/data/filtered_classification/crops/train/Plastic/000070_ann830.jpg,TACO-master/TACO-master/data/batch_11/000070.jpg,3024,4032,967.0,1882.0,1149.0,353.0,271,830
taco_834,TACO,cropped_object_classification,train,Other,Styrofoam piece,TACO-master/TACO-master/data/filtered_classification/crops/train/Other/000071_ann834.jpg,TACO-master/TACO-master/data/filtered_classification/crops/train/Other/000071_ann834.jpg,TACO-master/TACO-master/data/batch_11/000071.jpg,3024,4032,2667.0,272.0,299.0,196.0,272,834
taco_842,TACO,cropped_object_classification,test,Other,Styrofoam piece,TACO-master/TACO-master/data/filtered_classification/crops/test/Other/000074_ann842.jpg,TACO-master/TACO-master/data/filtered_classification/crops/test/Other/000074_ann842.jpg,TACO-master/TACO-master/data/batch_11/000074.jpg,4032,3024,917.0,1344.0,498.0,456.0,275,842
taco_845,TACO,cropped_object_classification,train,Other,Styrofoam piece,TACO-master/TACO-master/data/filtered_classification/crops/train/Other/000074_ann845.jpg,TACO-master/TACO-master/data/filtered_classification/crops/train/Other/000074_ann845.jpg,TACO-master/TACO-master/data/batch_11/000074.jpg,4032,3024,2034.0,1252.0,1009.0,374.0,275,845
taco_851,TACO,cropped_object_classification,test,Other,Styrofoam piece,TACO-master/TACO-master/data/filtered_classification/crops/test/Other/000075_ann851.jpg,TACO-master/TACO-master/data/filtered_classification/crops/test/Other/000075_ann851.jpg,TACO-master/TACO-master/data/batch_11/000075.jpg,3024,4032,727.0,1418.0,808.0,494.0,276,851
taco_852,TACO,cropped_object_classification,val,Plastic,Clear plastic bottle,TACO-master/TACO-master/data/filtered_classification/crops/val/Plastic/000075_ann852.jpg,TACO-master/TACO-master/data/filtered_classification/crops/val/Plastic/000075_ann852.jpg,TACO-master/TACO-master/data/batch_11/000075.jpg,3024,4032,1401.0,1686.0,582.0,503.0,276,852
taco_856,TACO,cropped_object_classification,train,Other,Styrofoam piece,TACO-master/TACO-master/data/filtered_classification/crops/train/Other/000076_ann856.jpg,TACO-master/TACO-master/data/filtered_classification/crops/train/Other/000076_ann856.jpg,TACO-master/TACO-master/data/batch_11/000076.jpg,3024,4032,472.0,1688.0,1872.0,1085.0,277,856
taco_858,TACO,cropped_object_classification,train,Other,Styrofoam piece,TACO-master/TACO-master/data/filtered_classification/crops/train/Other/000077_ann858.jpg,TACO-master/TACO-master/data/filtered_classification/crops/train/Other/000077_ann858.jpg,TACO-master/TACO-master/data/batch_11/000077.jpg,3024,4032,1023.0,1173.0,764.0,1601.0,278,858
taco_860,TACO,cropped_object_classification,val,Other,Styrofoam piece,TACO-master/TACO-master/data/filtered_classification/crops/val/Other/000078_ann860.jpg,TACO-master/TACO-master/data/filtered_classification/crops/val/Other/000078_ann860.jpg,TACO-master/TACO-master/data/batch_11/000078.jpg,3024,4032,742.0,1555.0,1358.0,1204.0,279,860
taco_871,TACO,cropped_object_classification,train,Other,Garbage bag,TACO-master/TACO-master/data/filtered_classification/crops/train/Other/000080_ann871.jpg,TACO-master/TACO-master/data/filtered_classification/crops/train/Other/000080_ann871.jpg,TACO-master/TACO-master/data/batch_11/000080.jpg,3024,4032,964.0,1719.0,1364.0,1229.0,281,871
taco_872,TACO,cropped_object_classification,val,Other,Styrofoam piece,TACO-master/TACO-master/data/filtered_classification/crops/val/Other/000081_ann872.jpg,TACO-master/TACO-master/data/filtered_classification/crops/val/Other/000081_ann872.jpg,TACO-master/TACO-master/data/batch_11/000081.jpg,3024,4032,507.0,1954.0,1461.0,645.0,282,872
taco_884,TACO,cropped_object_classification,train,PaperCardboard,Other carton,TACO-master/TACO-master/data/filtered_classification/crops/train/PaperCardboard/000089_ann884.jpg,TACO-master/TACO-master/data/filtered_classification/crops/train/PaperCardboard/000089_ann884.jpg,TACO-master/TACO-master/data/batch_11/000089.jpg,2448,3264,757.0,1399.0,916.0,637.0,290,884
taco_885,TACO,cropped_object_classification,train,Plastic,Clear plastic bottle,TACO-master/TACO-master/data/filtered_classification/crops/train/Plastic/000090_ann885.jpg,TACO-master/TACO-master/data/filtered_classification/crops/train/Plastic/000090_ann885.jpg,TACO-master/TACO-master/data/batch_11/000090.jpg,3264,2448,1249.5,923.1,1443.3000000000002,657.9,291,885
taco_891,TACO,cropped_object_classification,train,Plastic,Clear plastic bottle,TACO-master/TACO-master/data/filtered_classification/crops/train/Plastic/000094_ann891.jpg,TACO-master/TACO-master/data/filtered_classification/crops/train/Plastic/000094_ann891.jpg,TACO-master/TACO-master/data/batch_11/000094.jpg,2988,5312,801.0,947.0,1234.0,2689.0,295,891
taco_893,TACO,cropped_object_classification,train,Plastic,Clear plastic bottle,TACO-master/TACO-master/data/filtered_classification/crops/train/Plastic/000095_ann893.jpg,TACO-master/TACO-master/data/filtered_classification/crops/train/Plastic/000095_ann893.jpg,TACO-master/TACO-master/data/batch_11/000095.jpg,2988,5312,1660.0,2342.0,368.0,971.0,296,893
taco_917,TACO,cropped_object_classification,test,Glass,Glass bottle,TACO-master/TACO-master/data/filtered_classification/crops/test/Glass/000098_ann917.jpg,TACO-master/TACO-master/data/filtered_classification/crops/test/Glass/000098_ann917.jpg,TACO-master/TACO-master/data/batch_11/000098.jpg,2988,5312,1204.0,1899.0,977.0,565.0,299,917
taco_919,TACO,cropped_object_classification,train,Plastic,Clear plastic bottle,TACO-master/TACO-master/data/filtered_classification/crops/train/Plastic/000099_ann919.jpg,TACO-master/TACO-master/data/filtered_classification/crops/train/Plastic/000099_ann919.jpg,TACO-master/TACO-master/data/batch_11/000099.jpg,2988,5312,1483.0,2475.0,384.0,434.0,300,919
taco_931,TACO,cropped_object_classification,test,PaperCardboard,Other carton,TACO-master/TACO-master/data/filtered_classification/crops/test/PaperCardboard/000004_ann931.jpg,TACO-master/TACO-master/data/filtered_classification/crops/test/PaperCardboard/000004_ann931.jpg,TACO-master/TACO-master/data/batch_12/000004.jpg,4160,2340,1218.75,572.0,2138.5,1417.0,305,931
taco_935,TACO,cropped_object_classification,val,Other,Crisp packet,TACO-master/TACO-master/data/filtered_classification/crops/val/Other/000007_ann935.jpg,TACO-master/TACO-master/data/filtered_classification/crops/val/Other/000007_ann935.jpg,TACO-master/TACO-master/data/batch_12/000007.jpg,2988,5312,1345.0,1919.0,1477.0,1656.0,308,935
taco_937,TACO,cropped_object_classification,train,Metal,Drink can,TACO-master/TACO-master/data/filtered_classification/crops/train/Metal/000008_ann937.jpg,TACO-master/TACO-master/data/filtered_classification/crops/train/Metal/000008_ann937.jpg,TACO-master/TACO-master/data/batch_12/000008.jpg,2988,5312,1007.0,1210.0,1383.0,2289.0,309,937
taco_947,TACO,cropped_object_classification,train,Plastic,Clear plastic bottle,TACO-master/TACO-master/data/filtered_classification/crops/train/Plastic/000012_ann947.jpg,TACO-master/TACO-master/data/filtered_classification/crops/train/Plastic/000012_ann947.jpg,TACO-master/TACO-master/data/batch_12/000012.jpg,2988,5312,682.0,1178.0,1278.0,2083.0,313,947
taco_948,TACO,cropped_object_classification,train,Plastic,Clear plastic bottle,TACO-master/TACO-master/data/filtered_classification/crops/train/Plastic/000013_ann948.jpg,TACO-master/TACO-master/data/filtered_classification/crops/train/Plastic/000013_ann948.jpg,TACO-master/TACO-master/data/batch_12/000013.jpg,5312,2988,334.0,739.0,1741.0,1576.0,314,948
taco_956,TACO,cropped_object_classification,train,Other,Crisp packet,TACO-master/TACO-master/data/filtered_classification/crops/train/Other/000017_ann956.jpg,TACO-master/TACO-master/data/filtered_classification/crops/train/Other/000017_ann956.jpg,TACO-master/TACO-master/data/batch_12/000017.jpg,2988,5312,876.0,2061.0,651.0,814.0,318,956
taco_957,TACO,cropped_object_classification,train,Plastic,Disposable plastic cup,TACO-master/TACO-master/data/filtered_classification/crops/train/Plastic/000017_ann957.jpg,TACO-master/TACO-master/data/filtered_classification/crops/train/Plastic/000017_ann957.jpg,TACO-master/TACO-master/data/batch_12/000017.jpg,2988,5312,1785.0,3287.0,320.0,395.0,318,957
taco_958,TACO,cropped_object_classification,train,Metal,Drink can,TACO-master/TACO-master/data/filtered_classification/crops/train/Metal/000018_ann958.jpg,TACO-master/TACO-master/data/filtered_classification/crops/train/Metal/000018_ann958.jpg,TACO-master/TACO-master/data/batch_12/000018.jpg,2988,5312,1146.0,2174.0,725.0,519.0,319,958
taco_964,TACO,cropped_object_classification,train,Plastic,Clear plastic bottle,TACO-master/TACO-master/data/filtered_classification/crops/train/Plastic/000019_ann964.jpg,TACO-master/TACO-master/data/filtered_classification/crops/train/Plastic/000019_ann964.jpg,TACO-master/TACO-master/data/batch_12/000019.jpg,2988,5312,1020.0,2237.0,592.0,542.0,320,964
taco_970,TACO,cropped_object_classification,train,Plastic,Clear plastic bottle,TACO-master/TACO-master/data/filtered_classification/crops/train/Plastic/000021_ann970.jpg,TACO-master/TACO-master/data/filtered_classification/crops/train/Plastic/000021_ann970.jpg,TACO-master/TACO-master/data/batch_12/000021.jpg,2988,5312,1408.0,2531.0,503.0,602.0,322,970
taco_972,TACO,cropped_object_classification,test,Plastic,Disposable plastic cup,TACO-master/TACO-master/data/filtered_classification/crops/test/Plastic/000022_ann972.jpg,TACO-master/TACO-master/data/filtered_classification/crops/test/Plastic/000022_ann972.jpg,TACO-master/TACO-master/data/batch_12/000022.jpg,2988,5312,1045.1904,1893.381,783.0,849.9999,323,972
taco_973,TACO,cropped_object_classification,test,Metal,Drink can,TACO-master/TACO-master/data/filtered_classification/crops/test/Metal/000023_ann973.jpg,TACO-master/TACO-master/data/filtered_classification/crops/test/Metal/000023_ann973.jpg,TACO-master/TACO-master/data/batch_12/000023.jpg,2988,5312,1182.0,2193.0,594.0,940.0,324,973
taco_976,TACO,cropped_object_classification,val,Plastic,Clear plastic bottle,TACO-master/TACO-master/data/filtered_classification/crops/val/Plastic/000024_ann976.jpg,TACO-master/TACO-master/data/filtered_classification/crops/val/Plastic/000024_ann976.jpg,TACO-master/TACO-master/data/batch_12/000024.jpg,2988,5312,1208.0,3150.0,519.0,228.0,325,976
taco_1066,TACO,cropped_object_classification,train,Plastic,Clear plastic bottle,TACO-master/TACO-master/data/filtered_classification/crops/train/Plastic/000029_ann1066.jpg,TACO-master/TACO-master/data/filtered_classification/crops/train/Plastic/000029_ann1066.jpg,TACO-master/TACO-master/data/batch_12/000029.jpg,2988,5312,521.0,2818.0,729.0,304.0,330,1066
taco_1069,TACO,cropped_object_classification,train,PaperCardboard,Normal paper,TACO-master/TACO-master/data/filtered_classification/crops/train/PaperCardboard/000029_ann1069.jpg,TACO-master/TACO-master/data/filtered_classification/crops/train/PaperCardboard/000029_ann1069.jpg,TACO-master/TACO-master/data/batch_12/000029.jpg,2988,5312,1910.0,1933.0,481.0,243.0,330,1069
taco_1080,TACO,cropped_object_classification,val,Other,Garbage bag,TACO-master/TACO-master/data/filtered_classification/crops/val/Other/000031_ann1080.jpg,TACO-master/TACO-master/data/filtered_classification/crops/val/Other/000031_ann1080.jpg,TACO-master/TACO-master/data/batch_12/000031.jpg,2988,5312,1241.0,3141.0,1050.0,1084.0,332,1080
taco_1082,TACO,cropped_object_classification,train,PaperCardboard,Paper bag,TACO-master/TACO-master/data/filtered_classification/crops/train/PaperCardboard/000031_ann1082.jpg,TACO-master/TACO-master/data/filtered_classification/crops/train/PaperCardboard/000031_ann1082.jpg,TACO-master/TACO-master/data/batch_12/000031.jpg,2988,5312,1736.0,3212.0,546.0,618.0,332,1082
taco_1100,TACO,cropped_object_classification,train,Plastic,Clear plastic bottle,TACO-master/TACO-master/data/filtered_classification/crops/train/Plastic/000034_ann1100.jpg,TACO-master/TACO-master/data/filtered_classification/crops/train/Plastic/000034_ann1100.jpg,TACO-master/TACO-master/data/batch_12/000034.jpg,2988,5312,909.0,732.0,567.0,519.0,335,1100
taco_1104,TACO,cropped_object_classification,train,PaperCardboard,Other carton,TACO-master/TACO-master/data/filtered_classification/crops/train/PaperCardboard/000035_ann1104.jpg,TACO-master/TACO-master/data/filtered_classification/crops/train/PaperCardboard/000035_ann1104.jpg,TACO-master/TACO-master/data/batch_12/000035.jpg,2988,5312,1944.0,3468.0,443.0,372.0,336,1104
taco_1120,TACO,cropped_object_classification,train,PaperCardboard,Normal paper,TACO-master/TACO-master/data/filtered_classification/crops/train/PaperCardboard/000039_ann1120.jpg,TACO-master/TACO-master/data/filtered_classification/crops/train/PaperCardboard/000039_ann1120.jpg,TACO-master/TACO-master/data/batch_12/000039.jpg,2988,5312,669.0,18.0,619.0,457.0,340,1120
taco_1135,TACO,cropped_object_classification,train,Metal,Drink can,TACO-master/TACO-master/data/filtered_classification/crops/train/Metal/000044_ann1135.jpg,TACO-master/TACO-master/data/filtered_classification/crops/train/Metal/000044_ann1135.jpg,TACO-master/TACO-master/data/batch_12/000044.jpg,3024,4032,1275.0,2425.0,260.0,337.0,345,1135
taco_1137,TACO,cropped_object_classification,train,Plastic,Disposable plastic cup,TACO-master/TACO-master/data/filtered_classification/crops/train/Plastic/000046_ann1137.jpg,TACO-master/TACO-master/data/filtered_classification/crops/train/Plastic/000046_ann1137.jpg,TACO-master/TACO-master/data/batch_12/000046.jpg,2976,3968,1742.0,1929.0,232.0,316.0,347,1137
taco_1141,TACO,cropped_object_classification,train,Plastic,Disposable plastic cup,TACO-master/TACO-master/data/filtered_classification/crops/train/Plastic/000046_ann1141.jpg,TACO-master/TACO-master/data/filtered_classification/crops/train/Plastic/000046_ann1141.jpg,TACO-master/TACO-master/data/batch_12/000046.jpg,2976,3968,2225.0,2488.0,261.0,282.0,347,1141
taco_1147,TACO,cropped_object_classification,train,PaperCardboard,Corrugated carton,TACO-master/TACO-master/data/filtered_classification/crops/train/PaperCardboard/000047_ann1147.jpg,TACO-master/TACO-master/data/filtered_classification/crops/train/PaperCardboard/000047_ann1147.jpg,TACO-master/TACO-master/data/batch_12/000047.jpg,2976,3968,943.0,923.0,180.0,959.0,348,1147
taco_1159,TACO,cropped_object_classification,val,Plastic,Disposable plastic cup,TACO-master/TACO-master/data/filtered_classification/crops/val/Plastic/000049_ann1159.jpg,TACO-master/TACO-master/data/filtered_classification/crops/val/Plastic/000049_ann1159.jpg,TACO-master/TACO-master/data/batch_12/000049.jpg,2976,3968,1272.0,1706.0,396.0,517.0,350,1159
taco_1194,TACO,cropped_object_classification,train,Plastic,Disposable plastic cup,TACO-master/TACO-master/data/filtered_classification/crops/train/Plastic/000052_ann1194.jpg,TACO-master/TACO-master/data/filtered_classification/crops/train/Plastic/000052_ann1194.jpg,TACO-master/TACO-master/data/batch_12/000052.jpg,2988,5312,1011.0,1589.0,824.0,782.0,353,1194
taco_1195,TACO,cropped_object_classification,train,Metal,Drink can,TACO-master/TACO-master/data/filtered_classification/crops/train/Metal/000053_ann1195.jpg,TACO-master/TACO-master/data/filtered_classification/crops/train/Metal/000053_ann1195.jpg,TACO-master/TACO-master/data/batch_12/000053.jpg,2988,5312,204.0,2055.0,2083.0,1707.0,354,1195
taco_1196,TACO,cropped_object_classification,train,Plastic,Disposable plastic cup,TACO-master/TACO-master/data/filtered_classification/crops/train/Plastic/000054_ann1196.jpg,TACO-master/TACO-master/data/filtered_classification/crops/train/Plastic/000054_ann1196.jpg,TACO-master/TACO-master/data/batch_12/000054.jpg,2988,5312,978.0,1615.0,982.0,793.0,355,1196
taco_1198,TACO,cropped_object_classification,train,Other,Crisp packet,TACO-master/TACO-master/data/filtered_classification/crops/train/Other/000055_ann1198.jpg,TACO-master/TACO-master/data/filtered_classification/crops/train/Other/000055_ann1198.jpg,TACO-master/TACO-master/data/batch_12/000055.jpg,3120,4160,1038.0,1997.0,1305.0,1271.0,356,1198
taco_1201,TACO,cropped_object_classification,train,Other,Crisp packet,TACO-master/TACO-master/data/filtered_classification/crops/train/Other/000057_ann1201.jpg,TACO-master/TACO-master/data/filtered_classification/crops/train/Other/000057_ann1201.jpg,TACO-master/TACO-master/data/batch_12/000057.jpg,3120,4160,1468.0,2181.0,508.0,437.0,358,1201
taco_1205,TACO,cropped_object_classification,test,Glass,Glass bottle,TACO-master/TACO-master/data/filtered_classification/crops/test/Glass/000057_ann1205.jpg,TACO-master/TACO-master/data/filtered_classification/crops/test/Glass/000057_ann1205.jpg,TACO-master/TACO-master/data/batch_12/000057.jpg,3120,4160,1277.0,311.0,473.0,185.0,358,1205
taco_1217,TACO,cropped_object_classification,train,Plastic,Clear plastic bottle,TACO-master/TACO-master/data/filtered_classification/crops/train/Plastic/000059_ann1217.jpg,TACO-master/TACO-master/data/filtered_classification/crops/train/Plastic/000059_ann1217.jpg,TACO-master/TACO-master/data/batch_12/000059.jpg,3024,4032,237.0,2277.0,710.0,290.0,360,1217
taco_1244,TACO,cropped_object_classification,train,Other,Crisp packet,TACO-master/TACO-master/data/filtered_classification/crops/train/Other/000061_ann1244.jpg,TACO-master/TACO-master/data/filtered_classification/crops/train/Other/000061_ann1244.jpg,TACO-master/TACO-master/data/batch_12/000061.jpg,3000,4000,1022.0,2550.0,356.0,368.0,362,1244
taco_1263,TACO,cropped_object_classification,train,PaperCardboard,Normal paper,TACO-master/TACO-master/data/filtered_classification/crops/train/PaperCardboard/000062_ann1263.jpg,TACO-master/TACO-master/data/filtered_classification/crops/train/PaperCardboard/000062_ann1263.jpg,TACO-master/TACO-master/data/batch_12/000062.jpg,4000,3000,455.0,1479.0,375.0,334.0,363,1263
taco_1308,TACO,cropped_object_classification,train,Plastic,Disposable plastic cup,TACO-master/TACO-master/data/filtered_classification/crops/train/Plastic/000067_ann1308.jpg,TACO-master/TACO-master/data/filtered_classification/crops/train/Plastic/000067_ann1308.jpg,TACO-master/TACO-master/data/batch_12/000067.jpg,2368,4208,724.6119,3071.0,1017.8593999999999,771.0,368,1308
taco_1309,TACO,cropped_object_classification,train,Glass,Glass bottle,TACO-master/TACO-master/data/filtered_classification/crops/train/Glass/000068_ann1309.jpg,TACO-master/TACO-master/data/filtered_classification/crops/train/Glass/000068_ann1309.jpg,TACO-master/TACO-master/data/batch_12/000068.jpg,2368,4208,167.21175,1527.0,1934.44965,870.0,369,1309
taco_1313,TACO,cropped_object_classification,val,Plastic,Disposable plastic cup,TACO-master/TACO-master/data/filtered_classification/crops/val/Plastic/000072_ann1313.jpg,TACO-master/TACO-master/data/filtered_classification/crops/val/Plastic/000072_ann1313.jpg,TACO-master/TACO-master/data/batch_12/000072.jpg,3120,4160,1039.0,1287.0,1081.0,1500.0,373,1313
taco_1315,TACO,cropped_object_classification,train,Plastic,Disposable plastic cup,TACO-master/TACO-master/data/filtered_classification/crops/train/Plastic/000074_ann1315.jpg,TACO-master/TACO-master/data/filtered_classification/crops/train/Plastic/000074_ann1315.jpg,TACO-master/TACO-master/data/batch_12/000074.jpg,3120,4160,1054.0,1364.0,351.0,209.0,375,1315
taco_1320,TACO,cropped_object_classification,train,Plastic,Disposable plastic cup,TACO-master/TACO-master/data/filtered_classification/crops/train/Plastic/000074_ann1320.jpg,TACO-master/TACO-master/data/filtered_classification/crops/train/Plastic/000074_ann1320.jpg,TACO-master/TACO-master/data/batch_12/000074.jpg,3120,4160,2309.0,1566.0,364.0,326.0,375,1320
taco_1326,TACO,cropped_object_classification,test,Metal,Drink can,TACO-master/TACO-master/data/filtered_classification/crops/test/Metal/000076_ann1326.jpg,TACO-master/TACO-master/data/filtered_classification/crops/test/Metal/000076_ann1326.jpg,TACO-master/TACO-master/data/batch_12/000076.jpg,4160,3120,1737.0,1019.0,1411.0,781.0,377,1326
taco_1327,TACO,cropped_object_classification,test,Metal,Drink can,TACO-master/TACO-master/data/filtered_classification/crops/test/Metal/000077_ann1327.jpg,TACO-master/TACO-master/data/filtered_classification/crops/test/Metal/000077_ann1327.jpg,TACO-master/TACO-master/data/batch_12/000077.jpg,3120,4160,726.0,3214.0,1309.0,861.0,378,1327
taco_1328,TACO,cropped_object_classification,train,Metal,Drink can,TACO-master/TACO-master/data/filtered_classification/crops/train/Metal/000077_ann1328.jpg,TACO-master/TACO-master/data/filtered_classification/crops/train/Metal/000077_ann1328.jpg,TACO-master/TACO-master/data/batch_12/000077.jpg,3120,4160,687.0,353.0,1315.0,836.0,378,1328
taco_1330,TACO,cropped_object_classification,train,Plastic,Clear plastic bottle,TACO-master/TACO-master/data/filtered_classification/crops/train/Plastic/000079_ann1330.jpg,TACO-master/TACO-master/data/filtered_classification/crops/train/Plastic/000079_ann1330.jpg,TACO-master/TACO-master/data/batch_12/000079.jpg,3120,4160,748.0,865.0,934.0,2841.0,380,1330
taco_1332,TACO,cropped_object_classification,train,PaperCardboard,Normal paper,TACO-master/TACO-master/data/filtered_classification/crops/train/PaperCardboard/000080_ann1332.jpg,TACO-master/TACO-master/data/filtered_classification/crops/train/PaperCardboard/000080_ann1332.jpg,TACO-master/TACO-master/data/batch_12/000080.jpg,4160,3120,1582.75,1241.5,1982.5,1085.5,381,1332
taco_1337,TACO,cropped_object_classification,train,PaperCardboard,Paper bag,TACO-master/TACO-master/data/filtered_classification/crops/train/PaperCardboard/000084_ann1337.jpg,TACO-master/TACO-master/data/filtered_classification/crops/train/PaperCardboard/000084_ann1337.jpg,TACO-master/TACO-master/data/batch_12/000084.jpg,4160,3120,661.0,1437.0,369.0,381.0,385,1337
taco_1339,TACO,cropped_object_classification,val,Plastic,Clear plastic bottle,TACO-master/TACO-master/data/filtered_classification/crops/val/Plastic/000084_ann1339.jpg,TACO-master/TACO-master/data/filtered_classification/crops/val/Plastic/000084_ann1339.jpg,TACO-master/TACO-master/data/batch_12/000084.jpg,4160,3120,2424.0,2284.0,249.0,418.0,385,1339
taco_1362,TACO,cropped_object_classification,val,Plastic,Disposable plastic cup,TACO-master/TACO-master/data/filtered_classification/crops/val/Plastic/000087_ann1362.jpg,TACO-master/TACO-master/data/filtered_classification/crops/val/Plastic/000087_ann1362.jpg,TACO-master/TACO-master/data/batch_12/000087.jpg,3120,4160,661.0,438.0,644.0,703.0,388,1362
taco_1385,TACO,cropped_object_classification,train,Plastic,Disposable plastic cup,TACO-master/TACO-master/data/filtered_classification/crops/train/Plastic/000089_ann1385.jpg,TACO-master/TACO-master/data/filtered_classification/crops/train/Plastic/000089_ann1385.jpg,TACO-master/TACO-master/data/batch_12/000089.jpg,3120,4160,556.0,2068.0,1563.0,892.0,390,1385
taco_1391,TACO,cropped_object_classification,test,Plastic,Clear plastic bottle,TACO-master/TACO-master/data/filtered_classification/crops/test/Plastic/000090_ann1391.jpg,TACO-master/TACO-master/data/filtered_classification/crops/test/Plastic/000090_ann1391.jpg,TACO-master/TACO-master/data/batch_12/000090.jpg,4160,3120,3205.0,1321.0,464.0,731.0,391,1391
taco_1396,TACO,cropped_object_classification,test,Plastic,Disposable plastic cup,TACO-master/TACO-master/data/filtered_classification/crops/test/Plastic/000091_ann1396.jpg,TACO-master/TACO-master/data/filtered_classification/crops/test/Plastic/000091_ann1396.jpg,TACO-master/TACO-master/data/batch_12/000091.jpg,4160,3120,41.0,665.0,1473.0,1525.0,392,1396
taco_1398,TACO,cropped_object_classification,train,Plastic,Disposable plastic cup,TACO-master/TACO-master/data/filtered_classification/crops/train/Plastic/000091_ann1398.jpg,TACO-master/TACO-master/data/filtered_classification/crops/train/Plastic/000091_ann1398.jpg,TACO-master/TACO-master/data/batch_12/000091.jpg,4160,3120,2778.0,655.0,1378.0,1370.0,392,1398
taco_1405,TACO,cropped_object_classification,train,Plastic,Disposable plastic cup,TACO-master/TACO-master/data/filtered_classification/crops/train/Plastic/000092_ann1405.jpg,TACO-master/TACO-master/data/filtered_classification/crops/train/Plastic/000092_ann1405.jpg,TACO-master/TACO-master/data/batch_12/000092.jpg,3120,4160,1010.0,2975.0,792.0,737.0,393,1405
taco_1408,TACO,cropped_object_classification,train,Plastic,Clear plastic bottle,TACO-master/TACO-master/data/filtered_classification/crops/train/Plastic/000093_ann1408.jpg,TACO-master/TACO-master/data/filtered_classification/crops/train/Plastic/000093_ann1408.jpg,TACO-master/TACO-master/data/batch_12/000093.jpg,4160,3120,1082.0,2255.0,2036.0,738.0,394,1408
taco_1414,TACO,cropped_object_classification,test,Plastic,Clear plastic bottle,TACO-master/TACO-master/data/filtered_classification/crops/test/Plastic/000094_ann1414.jpg,TACO-master/TACO-master/data/filtered_classification/crops/test/Plastic/000094_ann1414.jpg,TACO-master/TACO-master/data/batch_12/000094.jpg,3120,4160,1300.0,1398.0,752.0,2530.0,395,1414
taco_1424,TACO,cropped_object_classification,val,PaperCardboard,Normal paper,TACO-master/TACO-master/data/filtered_classification/crops/val/PaperCardboard/000098_ann1424.jpg,TACO-master/TACO-master/data/filtered_classification/crops/val/PaperCardboard/000098_ann1424.jpg,TACO-master/TACO-master/data/batch_12/000098.jpg,4160,3120,1131.0,1170.0,2554.5,1410.5,399,1424
taco_1433,TACO,cropped_object_classification,test,Plastic,Disposable plastic cup,TACO-master/TACO-master/data/filtered_classification/crops/test/Plastic/000004_ann1433.jpg,TACO-master/TACO-master/data/filtered_classification/crops/test/Plastic/000004_ann1433.jpg,TACO-master/TACO-master/data/batch_13/000004.jpg,3120,4160,725.381,1849.619,1070.0,894.0001,405,1433
taco_1438,TACO,cropped_object_classification,train,PaperCardboard,Other carton,TACO-master/TACO-master/data/filtered_classification/crops/train/PaperCardboard/000005_ann1438.jpg,TACO-master/TACO-master/data/filtered_classification/crops/train/PaperCardboard/000005_ann1438.jpg,TACO-master/TACO-master/data/batch_13/000005.jpg,3120,4160,1724.0,2157.0,337.0,510.0,406,1438
taco_1444,TACO,cropped_object_classification,train,Plastic,Disposable plastic cup,TACO-master/TACO-master/data/filtered_classification/crops/train/Plastic/000008_ann1444.jpg,TACO-master/TACO-master/data/filtered_classification/crops/train/Plastic/000008_ann1444.jpg,TACO-master/TACO-master/data/batch_13/000008.jpg,4160,3120,800.0,576.0,1928.0,1908.0,409,1444
taco_1451,TACO,cropped_object_classification,train,PaperCardboard,Other carton,TACO-master/TACO-master/data/filtered_classification/crops/train/PaperCardboard/000009_ann1451.jpg,TACO-master/TACO-master/data/filtered_classification/crops/train/PaperCardboard/000009_ann1451.jpg,TACO-master/TACO-master/data/batch_13/000009.jpg,4160,3120,3219.0908,1776.2783,660.0,520.0,410,1451
taco_1452,TACO,cropped_object_classification,train,Plastic,Clear plastic bottle,TACO-master/TACO-master/data/filtered_classification/crops/train/Plastic/000009_ann1452.jpg,TACO-master/TACO-master/data/filtered_classification/crops/train/Plastic/000009_ann1452.jpg,TACO-master/TACO-master/data/batch_13/000009.jpg,4160,3120,117.5483,1580.2783,386.0,1102.6363000000001,410,1452
taco_1454,TACO,cropped_object_classification,train,Plastic,Disposable plastic cup,TACO-master/TACO-master/data/filtered_classification/crops/train/Plastic/000010_ann1454.jpg,TACO-master/TACO-master/data/filtered_classification/crops/train/Plastic/000010_ann1454.jpg,TACO-master/TACO-master/data/batch_13/000010.jpg,4160,3120,168.0,7.0,2297.0,1749.0,411,1454
taco_1461,TACO,cropped_object_classification,val,Plastic,Other plastic bottle,TACO-master/TACO-master/data/filtered_classification/crops/val/Plastic/000013_ann1461.jpg,TACO-master/TACO-master/data/filtered_classification/crops/val/Plastic/000013_ann1461.jpg,TACO-master/TACO-master/data/batch_13/000013.jpg,4208,2368,1182.75,1034.3098,513.0,668.8471,414,1461
taco_1467,TACO,cropped_object_classification,train,Plastic,Disposable plastic cup,TACO-master/TACO-master/data/filtered_classification/crops/train/Plastic/000014_ann1467.jpg,TACO-master/TACO-master/data/filtered_classification/crops/train/Plastic/000014_ann1467.jpg,TACO-master/TACO-master/data/batch_13/000014.jpg,2368,4208,1175.4886,2111.0,584.7405000000001,603.0,415,1467
taco_1476,TACO,cropped_object_classification,train,Plastic,Disposable plastic cup,TACO-master/TACO-master/data/filtered_classification/crops/train/Plastic/000015_ann1476.jpg,TACO-master/TACO-master/data/filtered_classification/crops/train/Plastic/000015_ann1476.jpg,TACO-master/TACO-master/data/batch_13/000015.jpg,3120,4160,494.0,1962.0,1267.0,1574.0,416,1476
taco_1478,TACO,cropped_object_classification,test,PaperCardboard,Other carton,TACO-master/TACO-master/data/filtered_classification/crops/test/PaperCardboard/000015_ann1478.jpg,TACO-master/TACO-master/data/filtered_classification/crops/test/PaperCardboard/000015_ann1478.jpg,TACO-master/TACO-master/data/batch_13/000015.jpg,3120,4160,139.0,2187.0,370.0,304.0,416,1478
taco_1482,TACO,cropped_object_classification,train,Plastic,Disposable plastic cup,TACO-master/TACO-master/data/filtered_classification/crops/train/Plastic/000017_ann1482.jpg,TACO-master/TACO-master/data/filtered_classification/crops/train/Plastic/000017_ann1482.jpg,TACO-master/TACO-master/data/batch_13/000017.jpg,3120,4160,1111.5,1532.0,1147.5,1679.0,418,1482
taco_1499,TACO,cropped_object_classification,train,Plastic,Disposable plastic cup,TACO-master/TACO-master/data/filtered_classification/crops/train/Plastic/000022_ann1499.jpg,TACO-master/TACO-master/data/filtered_classification/crops/train/Plastic/000022_ann1499.jpg,TACO-master/TACO-master/data/batch_13/000022.jpg,4160,3120,516.0,781.0,657.0,962.0,423,1499
taco_1543,TACO,cropped_object_classification,train,Metal,Drink can,TACO-master/TACO-master/data/filtered_classification/crops/train/Metal/000026_ann1543.jpg,TACO-master/TACO-master/data/filtered_classification/crops/train/Metal/000026_ann1543.jpg,TACO-master/TACO-master/data/batch_13/000026.jpg,3120,4160,975.2857,3442.9524,372.0001000000001,602.0,427,1543
taco_1545,TACO,cropped_object_classification,val,Plastic,Other plastic bottle,TACO-master/TACO-master/data/filtered_classification/crops/val/Plastic/000026_ann1545.jpg,TACO-master/TACO-master/data/filtered_classification/crops/val/Plastic/000026_ann1545.jpg,TACO-master/TACO-master/data/batch_13/000026.jpg,3120,4160,1196.0476,3.0476074,603.0,571.9999926,427,1545
taco_1546,TACO,cropped_object_classification,test,Metal,Drink can,TACO-master/TACO-master/data/filtered_classification/crops/test/Metal/000027_ann1546.jpg,TACO-master/TACO-master/data/filtered_classification/crops/test/Metal/000027_ann1546.jpg,TACO-master/TACO-master/data/batch_13/000027.jpg,3120,4160,398.0,1433.0,2082.0,1407.0,428,1546
taco_1549,TACO,cropped_object_classification,test,Plastic,Clear plastic bottle,TACO-master/TACO-master/data/filtered_classification/crops/test/Plastic/000028_ann1549.jpg,TACO-master/TACO-master/data/filtered_classification/crops/test/Plastic/000028_ann1549.jpg,TACO-master/TACO-master/data/batch_13/000028.jpg,3120,4160,1400.0,829.0,893.0,2774.0,429,1549
taco_1550,TACO,cropped_object_classification,test,Other,Styrofoam piece,TACO-master/TACO-master/data/filtered_classification/crops/test/Other/000029_ann1550.jpg,TACO-master/TACO-master/data/filtered_classification/crops/test/Other/000029_ann1550.jpg,TACO-master/TACO-master/data/batch_13/000029.jpg,3120,4160,302.0,2140.0,2789.0,1155.0,430,1550
taco_1557,TACO,cropped_object_classification,train,Plastic,Other plastic bottle,TACO-master/TACO-master/data/filtered_classification/crops/train/Plastic/000034_ann1557.jpg,TACO-master/TACO-master/data/filtered_classification/crops/train/Plastic/000034_ann1557.jpg,TACO-master/TACO-master/data/batch_13/000034.jpg,3120,4160,864.0,1320.0,1099.0,998.0,435,1557
taco_1558,TACO,cropped_object_classification,test,Plastic,Other plastic bottle,TACO-master/TACO-master/data/filtered_classification/crops/test/Plastic/000034_ann1558.jpg,TACO-master/TACO-master/data/filtered_classification/crops/test/Plastic/000034_ann1558.jpg,TACO-master/TACO-master/data/batch_13/000034.jpg,3120,4160,1084.0,3356.0,857.0,803.0,435,1558
taco_1562,TACO,cropped_object_classification,train,Plastic,Clear plastic bottle,TACO-master/TACO-master/data/filtered_classification/crops/train/Plastic/000036_ann1562.jpg,TACO-master/TACO-master/data/filtered_classification/crops/train/Plastic/000036_ann1562.jpg,TACO-master/TACO-master/data/batch_13/000036.jpg,4160,3120,2781.0,1425.0,260.0,559.0,437,1562
taco_1564,TACO,cropped_object_classification,train,Metal,Drink can,TACO-master/TACO-master/data/filtered_classification/crops/train/Metal/000037_ann1564.jpg,TACO-master/TACO-master/data/filtered_classification/crops/train/Metal/000037_ann1564.jpg,TACO-master/TACO-master/data/batch_13/000037.jpg,3120,4160,1226.0156,1623.1406,570.0,1518.0000000000002,438,1564
taco_1566,TACO,cropped_object_classification,train,Plastic,Clear plastic bottle,TACO-master/TACO-master/data/filtered_classification/crops/train/Plastic/000039_ann1566.jpg,TACO-master/TACO-master/data/filtered_classification/crops/train/Plastic/000039_ann1566.jpg,TACO-master/TACO-master/data/batch_13/000039.jpg,3120,4160,974.0,1801.0,553.0,1534.0,440,1566
taco_1571,TACO,cropped_object_classification,train,Plastic,Clear plastic bottle,TACO-master/TACO-master/data/filtered_classification/crops/train/Plastic/000042_ann1571.jpg,TACO-master/TACO-master/data/filtered_classification/crops/train/Plastic/000042_ann1571.jpg,TACO-master/TACO-master/data/batch_13/000042.jpg,3120,4160,972.1905,1138.2856,892.9998999999999,2246.2384,443,1571
taco_1572,TACO,cropped_object_classification,train,Plastic,Clear plastic bottle,TACO-master/TACO-master/data/filtered_classification/crops/train/Plastic/000043_ann1572.jpg,TACO-master/TACO-master/data/filtered_classification/crops/train/Plastic/000043_ann1572.jpg,TACO-master/TACO-master/data/batch_13/000043.jpg,3120,4160,1199.0,657.0,820.0,1775.0,444,1572
taco_1577,TACO,cropped_object_classification,train,Metal,Drink can,TACO-master/TACO-master/data/filtered_classification/crops/train/Metal/000045_ann1577.jpg,TACO-master/TACO-master/data/filtered_classification/crops/train/Metal/000045_ann1577.jpg,TACO-master/TACO-master/data/batch_13/000045.jpg,3120,4160,745.0,943.0,516.0,936.0,446,1577
taco_1579,TACO,cropped_object_classification,val,Metal,Drink can,TACO-master/TACO-master/data/filtered_classification/crops/val/Metal/000045_ann1579.jpg,TACO-master/TACO-master/data/filtered_classification/crops/val/Metal/000045_ann1579.jpg,TACO-master/TACO-master/data/batch_13/000045.jpg,3120,4160,1310.0,2753.0,654.0,853.0,446,1579
taco_1585,TACO,cropped_object_classification,train,Other,Styrofoam piece,TACO-master/TACO-master/data/filtered_classification/crops/train/Other/000049_ann1585.jpg,TACO-master/TACO-master/data/filtered_classification/crops/train/Other/000049_ann1585.jpg,TACO-master/TACO-master/data/batch_13/000049.jpg,3120,4160,539.0952,1703.8572,899.7144000000001,598.3807999999999,450,1585
taco_1586,TACO,cropped_object_classification,train,Other,Styrofoam piece,TACO-master/TACO-master/data/filtered_classification/crops/train/Other/000049_ann1586.jpg,TACO-master/TACO-master/data/filtered_classification/crops/train/Other/000049_ann1586.jpg,TACO-master/TACO-master/data/batch_13/000049.jpg,3120,4160,1343.238,1321.619,806.0476000000001,798.0001,450,1586
taco_1591,TACO,cropped_object_classification,train,PaperCardboard,Other carton,TACO-master/TACO-master/data/filtered_classification/crops/train/PaperCardboard/000052_ann1591.jpg,TACO-master/TACO-master/data/filtered_classification/crops/train/PaperCardboard/000052_ann1591.jpg,TACO-master/TACO-master/data/batch_13/000052.jpg,4160,3120,2215.0,1197.0,1490.0,973.0,453,1591
taco_1593,TACO,cropped_object_classification,val,Other,Styrofoam piece,TACO-master/TACO-master/data/filtered_classification/crops/val/Other/000053_ann1593.jpg,TACO-master/TACO-master/data/filtered_classification/crops/val/Other/000053_ann1593.jpg,TACO-master/TACO-master/data/batch_13/000053.jpg,4160,3120,374.0,1542.0,269.0,340.0,454,1593
taco_1595,TACO,cropped_object_classification,train,Other,Styrofoam piece,TACO-master/TACO-master/data/filtered_classification/crops/train/Other/000053_ann1595.jpg,TACO-master/TACO-master/data/filtered_classification/crops/train/Other/000053_ann1595.jpg,TACO-master/TACO-master/data/batch_13/000053.jpg,4160,3120,2941.0,1158.0,803.0,635.0,454,1595
taco_1596,TACO,cropped_object_classification,train,PaperCardboard,Corrugated carton,TACO-master/TACO-master/data/filtered_classification/crops/train/PaperCardboard/000054_ann1596.jpg,TACO-master/TACO-master/data/filtered_classification/crops/train/PaperCardboard/000054_ann1596.jpg,TACO-master/TACO-master/data/batch_13/000054.jpg,4160,3120,836.0,632.0,1562.0,1484.0,455,1596
taco_1598,TACO,cropped_object_classification,train,Metal,Drink can,TACO-master/TACO-master/data/filtered_classification/crops/train/Metal/000054_ann1598.jpg,TACO-master/TACO-master/data/filtered_classification/crops/train/Metal/000054_ann1598.jpg,TACO-master/TACO-master/data/batch_13/000054.jpg,4160,3120,926.0,1827.0,196.0,329.0,455,1598
taco_1601,TACO,cropped_object_classification,train,Metal,Drink can,TACO-master/TACO-master/data/filtered_classification/crops/train/Metal/000054_ann1601.jpg,TACO-master/TACO-master/data/filtered_classification/crops/train/Metal/000054_ann1601.jpg,TACO-master/TACO-master/data/batch_13/000054.jpg,4160,3120,815.0,2150.0,351.0,198.0,455,1601
taco_1602,TACO,cropped_object_classification,train,Metal,Drink can,TACO-master/TACO-master/data/filtered_classification/crops/train/Metal/000054_ann1602.jpg,TACO-master/TACO-master/data/filtered_classification/crops/train/Metal/000054_ann1602.jpg,TACO-master/TACO-master/data/batch_13/000054.jpg,4160,3120,782.0,2338.0,227.0,296.0,455,1602
taco_1603,TACO,cropped_object_classification,train,Metal,Drink can,TACO-master/TACO-master/data/filtered_classification/crops/train/Metal/000054_ann1603.jpg,TACO-master/TACO-master/data/filtered_classification/crops/train/Metal/000054_ann1603.jpg,TACO-master/TACO-master/data/batch_13/000054.jpg,4160,3120,1016.0,2353.0,268.0,359.0,455,1603
taco_1604,TACO,cropped_object_classification,test,Metal,Drink can,TACO-master/TACO-master/data/filtered_classification/crops/test/Metal/000054_ann1604.jpg,TACO-master/TACO-master/data/filtered_classification/crops/test/Metal/000054_ann1604.jpg,TACO-master/TACO-master/data/batch_13/000054.jpg,4160,3120,1308.0,2413.0,326.0,341.0,455,1604
taco_1605,TACO,cropped_object_classification,train,Metal,Drink can,TACO-master/TACO-master/data/filtered_classification/crops/train/Metal/000054_ann1605.jpg,TACO-master/TACO-master/data/filtered_classification/crops/train/Metal/000054_ann1605.jpg,TACO-master/TACO-master/data/batch_13/000054.jpg,4160,3120,1168.0,2142.0,338.0,283.0,455,1605
taco_1606,TACO,cropped_object_classification,train,Metal,Drink can,TACO-master/TACO-master/data/filtered_classification/crops/train/Metal/000054_ann1606.jpg,TACO-master/TACO-master/data/filtered_classification/crops/train/Metal/000054_ann1606.jpg,TACO-master/TACO-master/data/batch_13/000054.jpg,4160,3120,1356.0,2046.0,352.0,274.0,455,1606
taco_1607,TACO,cropped_object_classification,val,Metal,Drink can,TACO-master/TACO-master/data/filtered_classification/crops/val/Metal/000054_ann1607.jpg,TACO-master/TACO-master/data/filtered_classification/crops/val/Metal/000054_ann1607.jpg,TACO-master/TACO-master/data/batch_13/000054.jpg,4160,3120,1842.0,1695.0,339.0,361.0,455,1607
taco_1608,TACO,cropped_object_classification,test,Metal,Drink can,TACO-master/TACO-master/data/filtered_classification/crops/test/Metal/000054_ann1608.jpg,TACO-master/TACO-master/data/filtered_classification/crops/test/Metal/000054_ann1608.jpg,TACO-master/TACO-master/data/batch_13/000054.jpg,4160,3120,2013.0,2236.0,253.0,382.0,455,1608
taco_1609,TACO,cropped_object_classification,train,Metal,Drink can,TACO-master/TACO-master/data/filtered_classification/crops/train/Metal/000054_ann1609.jpg,TACO-master/TACO-master/data/filtered_classification/crops/train/Metal/000054_ann1609.jpg,TACO-master/TACO-master/data/batch_13/000054.jpg,4160,3120,2360.0,1061.0,286.0,392.0,455,1609
taco_1610,TACO,cropped_object_classification,train,Metal,Drink can,TACO-master/TACO-master/data/filtered_classification/crops/train/Metal/000054_ann1610.jpg,TACO-master/TACO-master/data/filtered_classification/crops/train/Metal/000054_ann1610.jpg,TACO-master/TACO-master/data/batch_13/000054.jpg,4160,3120,2548.0,905.0,407.0,346.0,455,1610
taco_1611,TACO,cropped_object_classification,train,Metal,Drink can,TACO-master/TACO-master/data/filtered_classification/crops/train/Metal/000054_ann1611.jpg,TACO-master/TACO-master/data/filtered_classification/crops/train/Metal/000054_ann1611.jpg,TACO-master/TACO-master/data/batch_13/000054.jpg,4160,3120,3500.0,1269.0,288.0,435.0,455,1611
taco_1618,TACO,cropped_object_classification,train,Plastic,Disposable plastic cup,TACO-master/TACO-master/data/filtered_classification/crops/train/Plastic/000056_ann1618.jpg,TACO-master/TACO-master/data/filtered_classification/crops/train/Plastic/000056_ann1618.jpg,TACO-master/TACO-master/data/batch_13/000056.jpg,3120,4160,1522.0,883.0,538.0,943.0,457,1618
taco_1621,TACO,cropped_object_classification,train,PaperCardboard,Normal paper,TACO-master/TACO-master/data/filtered_classification/crops/train/PaperCardboard/000056_ann1621.jpg,TACO-master/TACO-master/data/filtered_classification/crops/train/PaperCardboard/000056_ann1621.jpg,TACO-master/TACO-master/data/batch_13/000056.jpg,3120,4160,799.0,-1.0,492.0,484.0,457,1621
taco_1623,TACO,cropped_object_classification,train,PaperCardboard,Other carton,TACO-master/TACO-master/data/filtered_classification/crops/train/PaperCardboard/000056_ann1623.jpg,TACO-master/TACO-master/data/filtered_classification/crops/train/PaperCardboard/000056_ann1623.jpg,TACO-master/TACO-master/data/batch_13/000056.jpg,3120,4160,106.0,3.0,504.0,935.0,457,1623
taco_1624,TACO,cropped_object_classification,train,PaperCardboard,Paper bag,TACO-master/TACO-master/data/filtered_classification/crops/train/PaperCardboard/000056_ann1624.jpg,TACO-master/TACO-master/data/filtered_classification/crops/train/PaperCardboard/000056_ann1624.jpg,TACO-master/TACO-master/data/batch_13/000056.jpg,3120,4160,504.0,1194.0,842.0,581.0,457,1624
taco_1629,TACO,cropped_object_classification,test,Glass,Glass bottle,TACO-master/TACO-master/data/filtered_classification/crops/test/Glass/000059_ann1629.jpg,TACO-master/TACO-master/data/filtered_classification/crops/test/Glass/000059_ann1629.jpg,TACO-master/TACO-master/data/batch_13/000059.jpg,3024,4032,644.0,438.0,1534.0,1036.0,460,1629
taco_1632,TACO,cropped_object_classification,train,Plastic,Disposable plastic cup,TACO-master/TACO-master/data/filtered_classification/crops/train/Plastic/000059_ann1632.jpg,TACO-master/TACO-master/data/filtered_classification/crops/train/Plastic/000059_ann1632.jpg,TACO-master/TACO-master/data/batch_13/000059.jpg,3024,4032,1942.0,664.0,1082.0,1054.0,460,1632
taco_1634,TACO,cropped_object_classification,train,Metal,Drink can,TACO-master/TACO-master/data/filtered_classification/crops/train/Metal/000059_ann1634.jpg,TACO-master/TACO-master/data/filtered_classification/crops/train/Metal/000059_ann1634.jpg,TACO-master/TACO-master/data/batch_13/000059.jpg,3024,4032,845.0,2616.0,1172.0,1063.0,460,1634
taco_1641,TACO,cropped_object_classification,train,Other,Styrofoam piece,TACO-master/TACO-master/data/filtered_classification/crops/train/Other/000063_ann1641.jpg,TACO-master/TACO-master/data/filtered_classification/crops/train/Other/000063_ann1641.jpg,TACO-master/TACO-master/data/batch_13/000063.jpg,3120,4160,320.0,1490.0,2339.0,1969.0,464,1641
taco_1642,TACO,cropped_object_classification,val,Plastic,Tupperware,TACO-master/TACO-master/data/filtered_classification/crops/val/Plastic/000064_ann1642.jpg,TACO-master/TACO-master/data/filtered_classification/crops/val/Plastic/000064_ann1642.jpg,TACO-master/TACO-master/data/batch_13/000064.jpg,4160,3120,581.0,933.0,2938.0,2186.0,465,1642
taco_1645,TACO,cropped_object_classification,train,Glass,Glass bottle,TACO-master/TACO-master/data/filtered_classification/crops/train/Glass/000067_ann1645.jpg,TACO-master/TACO-master/data/filtered_classification/crops/train/Glass/000067_ann1645.jpg,TACO-master/TACO-master/data/batch_13/000067.jpg,4160,3120,395.0,1032.0,3758.0,1042.0,468,1645
taco_1649,TACO,cropped_object_classification,train,PaperCardboard,Other carton,TACO-master/TACO-master/data/filtered_classification/crops/train/PaperCardboard/000071_ann1649.jpg,TACO-master/TACO-master/data/filtered_classification/crops/train/PaperCardboard/000071_ann1649.jpg,TACO-master/TACO-master/data/batch_13/000071.jpg,3120,4160,1160.0,1501.0,1312.0,1694.0,472,1649
taco_1656,TACO,cropped_object_classification,test,PaperCardboard,Other carton,TACO-master/TACO-master/data/filtered_classification/crops/test/PaperCardboard/000078_ann1656.jpg,TACO-master/TACO-master/data/filtered_classification/crops/test/PaperCardboard/000078_ann1656.jpg,TACO-master/TACO-master/data/batch_13/000078.jpg,3120,4160,312.0,790.0,2326.0,2304.0,479,1656
taco_1662,TACO,cropped_object_classification,val,Metal,Drink can,TACO-master/TACO-master/data/filtered_classification/crops/val/Metal/000082_ann1662.jpg,TACO-master/TACO-master/data/filtered_classification/crops/val/Metal/000082_ann1662.jpg,TACO-master/TACO-master/data/batch_13/000082.jpg,3120,4160,893.0,831.0,1190.0,2525.0,483,1662
taco_1677,TACO,cropped_object_classification,train,Plastic,Clear plastic bottle,TACO-master/TACO-master/data/filtered_classification/crops/train/Plastic/000086_ann1677.jpg,TACO-master/TACO-master/data/filtered_classification/crops/train/Plastic/000086_ann1677.jpg,TACO-master/TACO-master/data/batch_13/000086.jpg,3120,4160,990.0,628.0,1360.0,2420.0,487,1677
taco_1681,TACO,cropped_object_classification,train,Metal,Drink can,TACO-master/TACO-master/data/filtered_classification/crops/train/Metal/000088_ann1681.jpg,TACO-master/TACO-master/data/filtered_classification/crops/train/Metal/000088_ann1681.jpg,TACO-master/TACO-master/data/batch_13/000088.jpg,4160,3120,807.0,512.0,2247.0,1260.0,489,1681
taco_1687,TACO,cropped_object_classification,train,Plastic,Clear plastic bottle,TACO-master/TACO-master/data/filtered_classification/crops/train/Plastic/000092_ann1687.jpg,TACO-master/TACO-master/data/filtered_classification/crops/train/Plastic/000092_ann1687.jpg,TACO-master/TACO-master/data/batch_13/000092.jpg,3120,4160,975.5,367.0,1063.0,3586.0,493,1687
taco_1689,TACO,cropped_object_classification,train,Plastic,Clear plastic bottle,TACO-master/TACO-master/data/filtered_classification/crops/train/Plastic/000093_ann1689.jpg,TACO-master/TACO-master/data/filtered_classification/crops/train/Plastic/000093_ann1689.jpg,TACO-master/TACO-master/data/batch_13/000093.jpg,4160,3120,40.0,450.0,3688.0,1498.0,494,1689
taco_1690,TACO,cropped_object_classification,train,Metal,Drink can,TACO-master/TACO-master/data/filtered_classification/crops/train/Metal/000094_ann1690.jpg,TACO-master/TACO-master/data/filtered_classification/crops/train/Metal/000094_ann1690.jpg,TACO-master/TACO-master/data/batch_13/000094.jpg,4160,3120,727.0,821.0,3082.0,1437.0,495,1690
taco_1692,TACO,cropped_object_classification,train,Plastic,Clear plastic bottle,TACO-master/TACO-master/data/filtered_classification/crops/train/Plastic/000095_ann1692.jpg,TACO-master/TACO-master/data/filtered_classification/crops/train/Plastic/000095_ann1692.jpg,TACO-master/TACO-master/data/batch_13/000095.jpg,3120,4160,550.0,771.0,996.0,3015.0,496,1692
taco_1693,TACO,cropped_object_classification,test,Plastic,Clear plastic bottle,TACO-master/TACO-master/data/filtered_classification/crops/test/Plastic/000095_ann1693.jpg,TACO-master/TACO-master/data/filtered_classification/crops/test/Plastic/000095_ann1693.jpg,TACO-master/TACO-master/data/batch_13/000095.jpg,3120,4160,1602.0,412.0,969.0,3116.0,496,1693
taco_1701,TACO,cropped_object_classification,train,Plastic,Disposable plastic cup,TACO-master/TACO-master/data/filtered_classification/crops/train/Plastic/000001_ann1701.jpg,TACO-master/TACO-master/data/filtered_classification/crops/train/Plastic/000001_ann1701.jpg,TACO-master/TACO-master/data/batch_14/000001.jpg,4160,3120,1270.0,791.0,1807.0,1790.0,502,1701
taco_1708,TACO,cropped_object_classification,test,Plastic,Other plastic bottle,TACO-master/TACO-master/data/filtered_classification/crops/test/Plastic/000006_ann1708.jpg,TACO-master/TACO-master/data/filtered_classification/crops/test/Plastic/000006_ann1708.jpg,TACO-master/TACO-master/data/batch_14/000006.jpg,3120,4160,375.0,607.0,2405.0,3380.0,507,1708
taco_1710,TACO,cropped_object_classification,val,Plastic,Other plastic bottle,TACO-master/TACO-master/data/filtered_classification/crops/val/Plastic/000007_ann1710.jpg,TACO-master/TACO-master/data/filtered_classification/crops/val/Plastic/000007_ann1710.jpg,TACO-master/TACO-master/data/batch_14/000007.jpg,4160,3120,285.0,998.0,3368.0,1131.0,508,1710
taco_1718,TACO,cropped_object_classification,train,Plastic,Clear plastic bottle,TACO-master/TACO-master/data/filtered_classification/crops/train/Plastic/000013_ann1718.jpg,TACO-master/TACO-master/data/filtered_classification/crops/train/Plastic/000013_ann1718.jpg,TACO-master/TACO-master/data/batch_14/000013.jpg,4160,3120,465.0,1150.0,3573.0,1192.0,514,1718
taco_1722,TACO,cropped_object_classification,train,Plastic,Clear plastic bottle,TACO-master/TACO-master/data/filtered_classification/crops/train/Plastic/000015_ann1722.jpg,TACO-master/TACO-master/data/filtered_classification/crops/train/Plastic/000015_ann1722.jpg,TACO-master/TACO-master/data/batch_14/000015.jpg,4160,3120,2587.0,2052.0,1283.0,1049.0,516,1722
taco_1725,TACO,cropped_object_classification,train,PaperCardboard,Other carton,TACO-master/TACO-master/data/filtered_classification/crops/train/PaperCardboard/000017_ann1725.jpg,TACO-master/TACO-master/data/filtered_classification/crops/train/PaperCardboard/000017_ann1725.jpg,TACO-master/TACO-master/data/batch_14/000017.jpg,4160,3120,601.0,619.0,2709.0,1932.0,518,1725
taco_1727,TACO,cropped_object_classification,train,Plastic,Clear plastic bottle,TACO-master/TACO-master/data/filtered_classification/crops/train/Plastic/000019_ann1727.jpg,TACO-master/TACO-master/data/filtered_classification/crops/train/Plastic/000019_ann1727.jpg,TACO-master/TACO-master/data/batch_14/000019.jpg,3120,4160,327.0,81.0,2309.0,3995.0,520,1727
taco_1729,TACO,cropped_object_classification,val,PaperCardboard,Other carton,TACO-master/TACO-master/data/filtered_classification/crops/val/PaperCardboard/000020_ann1729.jpg,TACO-master/TACO-master/data/filtered_classification/crops/val/PaperCardboard/000020_ann1729.jpg,TACO-master/TACO-master/data/batch_14/000020.jpg,4160,3120,579.0,517.0,2956.0,2400.0,521,1729
taco_1730,TACO,cropped_object_classification,train,Metal,Drink can,TACO-master/TACO-master/data/filtered_classification/crops/train/Metal/000021_ann1730.jpg,TACO-master/TACO-master/data/filtered_classification/crops/train/Metal/000021_ann1730.jpg,TACO-master/TACO-master/data/batch_14/000021.jpg,3024,4032,1175.0,1930.0,350.0,242.0,522,1730
taco_1731,TACO,cropped_object_classification,train,Plastic,Other plastic bottle,TACO-master/TACO-master/data/filtered_classification/crops/train/Plastic/000021_ann1731.jpg,TACO-master/TACO-master/data/filtered_classification/crops/train/Plastic/000021_ann1731.jpg,TACO-master/TACO-master/data/batch_14/000021.jpg,3024,4032,1433.0,2971.0,564.0,248.0,522,1731
taco_1732,TACO,cropped_object_classification,test,PaperCardboard,Other carton,TACO-master/TACO-master/data/filtered_classification/crops/test/PaperCardboard/000021_ann1732.jpg,TACO-master/TACO-master/data/filtered_classification/crops/test/PaperCardboard/000021_ann1732.jpg,TACO-master/TACO-master/data/batch_14/000021.jpg,3024,4032,1591.0,1419.0,294.0,456.0,522,1732
taco_1734,TACO,cropped_object_classification,test,PaperCardboard,Paper bag,TACO-master/TACO-master/data/filtered_classification/crops/test/PaperCardboard/000022_ann1734.jpg,TACO-master/TACO-master/data/filtered_classification/crops/test/PaperCardboard/000022_ann1734.jpg,TACO-master/TACO-master/data/batch_14/000022.jpg,3456,3456,1227.0,706.0,1431.0,1235.0,523,1734
taco_1739,TACO,cropped_object_classification,train,Plastic,Clear plastic bottle,TACO-master/TACO-master/data/filtered_classification/crops/train/Plastic/000023_ann1739.jpg,TACO-master/TACO-master/data/filtered_classification/crops/train/Plastic/000023_ann1739.jpg,TACO-master/TACO-master/data/batch_14/000023.jpg,3120,4160,483.0,1509.0,1858.0,1818.0,524,1739
taco_1741,TACO,cropped_object_classification,train,Metal,Drink can,TACO-master/TACO-master/data/filtered_classification/crops/train/Metal/000024_ann1741.jpg,TACO-master/TACO-master/data/filtered_classification/crops/train/Metal/000024_ann1741.jpg,TACO-master/TACO-master/data/batch_14/000024.jpg,3120,4160,1221.0,2156.0,806.0,1030.0,525,1741
taco_1742,TACO,cropped_object_classification,train,Plastic,Clear plastic bottle,TACO-master/TACO-master/data/filtered_classification/crops/train/Plastic/000025_ann1742.jpg,TACO-master/TACO-master/data/filtered_classification/crops/train/Plastic/000025_ann1742.jpg,TACO-master/TACO-master/data/batch_14/000025.jpg,3120,4160,670.0,1870.0,1580.0,507.0,526,1742
taco_1749,TACO,cropped_object_classification,train,Plastic,Disposable plastic cup,TACO-master/TACO-master/data/filtered_classification/crops/train/Plastic/000031_ann1749.jpg,TACO-master/TACO-master/data/filtered_classification/crops/train/Plastic/000031_ann1749.jpg,TACO-master/TACO-master/data/batch_14/000031.jpg,3024,4032,1137.0,2010.0,1883.0,1484.0,532,1749
taco_1751,TACO,cropped_object_classification,train,PaperCardboard,Paper bag,TACO-master/TACO-master/data/filtered_classification/crops/train/PaperCardboard/000032_ann1751.jpg,TACO-master/TACO-master/data/filtered_classification/crops/train/PaperCardboard/000032_ann1751.jpg,TACO-master/TACO-master/data/batch_14/000032.jpg,4032,3024,2031.0,2239.0,369.0,513.0,533,1751
taco_1755,TACO,cropped_object_classification,train,Metal,Drink can,TACO-master/TACO-master/data/filtered_classification/crops/train/Metal/000036_ann1755.jpg,TACO-master/TACO-master/data/filtered_classification/crops/train/Metal/000036_ann1755.jpg,TACO-master/TACO-master/data/batch_14/000036.jpg,3024,4032,815.0,1508.0,848.0,675.0,537,1755
taco_1757,TACO,cropped_object_classification,test,Plastic,Clear plastic bottle,TACO-master/TACO-master/data/filtered_classification/crops/test/Plastic/000037_ann1757.jpg,TACO-master/TACO-master/data/filtered_classification/crops/test/Plastic/000037_ann1757.jpg,TACO-master/TACO-master/data/batch_14/000037.jpg,3024,4032,988.0,1551.0,1027.0,1242.0,538,1757
taco_1760,TACO,cropped_object_classification,train,Glass,Glass bottle,TACO-master/TACO-master/data/filtered_classification/crops/train/Glass/000038_ann1760.jpg,TACO-master/TACO-master/data/filtered_classification/crops/train/Glass/000038_ann1760.jpg,TACO-master/TACO-master/data/batch_14/000038.jpg,3024,4032,876.1905,1597.524,1109.9998999999998,809.9998,539,1760
taco_1761,TACO,cropped_object_classification,train,Glass,Glass bottle,TACO-master/TACO-master/data/filtered_classification/crops/train/Glass/000039_ann1761.jpg,TACO-master/TACO-master/data/filtered_classification/crops/train/Glass/000039_ann1761.jpg,TACO-master/TACO-master/data/batch_14/000039.jpg,3024,4032,852.0,1713.0,1206.0,1123.0,540,1761
taco_1764,TACO,cropped_object_classification,test,Plastic,Other plastic bottle,TACO-master/TACO-master/data/filtered_classification/crops/test/Plastic/000042_ann1764.jpg,TACO-master/TACO-master/data/filtered_classification/crops/test/Plastic/000042_ann1764.jpg,TACO-master/TACO-master/data/batch_14/000042.jpg,3024,4032,795.0,1791.0,718.0,849.0,543,1764
taco_1773,TACO,cropped_object_classification,train,Metal,Drink can,TACO-master/TACO-master/data/filtered_classification/crops/train/Metal/000047_ann1773.jpg,TACO-master/TACO-master/data/filtered_classification/crops/train/Metal/000047_ann1773.jpg,TACO-master/TACO-master/data/batch_14/000047.jpg,3024,4032,1596.7557000000002,1917.7272,496.00004,805.9997999999998,548,1773
taco_1775,TACO,cropped_object_classification,val,Metal,Drink can,TACO-master/TACO-master/data/filtered_classification/crops/val/Metal/000047_ann1775.jpg,TACO-master/TACO-master/data/filtered_classification/crops/val/Metal/000047_ann1775.jpg,TACO-master/TACO-master/data/batch_14/000047.jpg,3024,4032,1232.2671,2069.733,495.3635999999999,546.0,548,1775
taco_1777,TACO,cropped_object_classification,val,Plastic,Clear plastic bottle,TACO-master/TACO-master/data/filtered_classification/crops/val/Plastic/000048_ann1777.jpg,TACO-master/TACO-master/data/filtered_classification/crops/val/Plastic/000048_ann1777.jpg,TACO-master/TACO-master/data/batch_14/000048.jpg,842,474,171.03125,-1.3166667,518.35625,413.4333367,549,1777
taco_1782,TACO,cropped_object_classification,test,Other,Styrofoam piece,TACO-master/TACO-master/data/filtered_classification/crops/test/Other/000052_ann1782.jpg,TACO-master/TACO-master/data/filtered_classification/crops/test/Other/000052_ann1782.jpg,TACO-master/TACO-master/data/batch_14/000052.jpg,3024,4032,913.0,2031.0,730.0,866.0,553,1782
taco_1783,TACO,cropped_object_classification,val,Other,Styrofoam piece,TACO-master/TACO-master/data/filtered_classification/crops/val/Other/000052_ann1783.jpg,TACO-master/TACO-master/data/filtered_classification/crops/val/Other/000052_ann1783.jpg,TACO-master/TACO-master/data/batch_14/000052.jpg,3024,4032,1768.0,1886.0,661.0,793.0,553,1783
taco_1789,TACO,cropped_object_classification,train,Other,Styrofoam piece,TACO-master/TACO-master/data/filtered_classification/crops/train/Other/000058_ann1789.jpg,TACO-master/TACO-master/data/filtered_classification/crops/train/Other/000058_ann1789.jpg,TACO-master/TACO-master/data/batch_14/000058.jpg,4032,3024,1037.1904,945.4286999999999,1453.6668,1170.3809,559,1789
taco_1790,TACO,cropped_object_classification,train,PaperCardboard,Other carton,TACO-master/TACO-master/data/filtered_classification/crops/train/PaperCardboard/000059_ann1790.jpg,TACO-master/TACO-master/data/filtered_classification/crops/train/PaperCardboard/000059_ann1790.jpg,TACO-master/TACO-master/data/batch_14/000059.jpg,3024,4032,1168.0,1620.0,440.0,547.0,560,1790
taco_1792,TACO,cropped_object_classification,test,PaperCardboard,Normal paper,TACO-master/TACO-master/data/filtered_classification/crops/test/PaperCardboard/000061_ann1792.jpg,TACO-master/TACO-master/data/filtered_classification/crops/test/PaperCardboard/000061_ann1792.jpg,TACO-master/TACO-master/data/batch_14/000061.jpg,3024,4032,638.0,1790.0,1467.0,1216.0,562,1792
taco_1794,TACO,cropped_object_classification,train,PaperCardboard,Other carton,TACO-master/TACO-master/data/filtered_classification/crops/train/PaperCardboard/000062_ann1794.jpg,TACO-master/TACO-master/data/filtered_classification/crops/train/PaperCardboard/000062_ann1794.jpg,TACO-master/TACO-master/data/batch_14/000062.jpg,3024,4032,836.0,1572.0,762.0,364.0,563,1794
taco_1798,TACO,cropped_object_classification,train,Plastic,Disposable plastic cup,TACO-master/TACO-master/data/filtered_classification/crops/train/Plastic/000066_ann1798.jpg,TACO-master/TACO-master/data/filtered_classification/crops/train/Plastic/000066_ann1798.jpg,TACO-master/TACO-master/data/batch_14/000066.jpg,3024,4032,386.0,1415.0,1562.0,1231.0,567,1798
taco_1803,TACO,cropped_object_classification,test,Metal,Drink can,TACO-master/TACO-master/data/filtered_classification/crops/test/Metal/000069_ann1803.jpg,TACO-master/TACO-master/data/filtered_classification/crops/test/Metal/000069_ann1803.jpg,TACO-master/TACO-master/data/batch_14/000069.jpg,3024,4032,25.0,1561.0,2315.0,1374.0,570,1803
taco_1806,TACO,cropped_object_classification,train,PaperCardboard,Other carton,TACO-master/TACO-master/data/filtered_classification/crops/train/PaperCardboard/000071_ann1806.jpg,TACO-master/TACO-master/data/filtered_classification/crops/train/PaperCardboard/000071_ann1806.jpg,TACO-master/TACO-master/data/batch_14/000071.jpg,3024,4032,1506.0,1912.0,266.0,259.0,572,1806
taco_1808,TACO,cropped_object_classification,train,PaperCardboard,Normal paper,TACO-master/TACO-master/data/filtered_classification/crops/train/PaperCardboard/000072_ann1808.jpg,TACO-master/TACO-master/data/filtered_classification/crops/train/PaperCardboard/000072_ann1808.jpg,TACO-master/TACO-master/data/batch_14/000072.jpg,3024,4032,221.0,2237.0,799.0,1175.0,573,1808
taco_1810,TACO,cropped_object_classification,test,Other,Styrofoam piece,TACO-master/TACO-master/data/filtered_classification/crops/test/Other/000074_ann1810.jpg,TACO-master/TACO-master/data/filtered_classification/crops/test/Other/000074_ann1810.jpg,TACO-master/TACO-master/data/batch_14/000074.jpg,3024,4032,690.0,2452.0,813.0,944.0,575,1810
taco_1813,TACO,cropped_object_classification,train,Plastic,Other plastic bottle,TACO-master/TACO-master/data/filtered_classification/crops/train/Plastic/000077_ann1813.jpg,TACO-master/TACO-master/data/filtered_classification/crops/train/Plastic/000077_ann1813.jpg,TACO-master/TACO-master/data/batch_14/000077.jpg,3024,4032,1131.0,2248.0,1273.0,806.0,578,1813
taco_1816,TACO,cropped_object_classification,train,Plastic,Clear plastic bottle,TACO-master/TACO-master/data/filtered_classification/crops/train/Plastic/000079_ann1816.jpg,TACO-master/TACO-master/data/filtered_classification/crops/train/Plastic/000079_ann1816.jpg,TACO-master/TACO-master/data/batch_14/000079.jpg,3024,4032,1324.0,2005.0,1017.0,860.0,580,1816
taco_1817,TACO,cropped_object_classification,val,Metal,Drink can,TACO-master/TACO-master/data/filtered_classification/crops/val/Metal/000079_ann1817.jpg,TACO-master/TACO-master/data/filtered_classification/crops/val/Metal/000079_ann1817.jpg,TACO-master/TACO-master/data/batch_14/000079.jpg,3024,4032,1848.0,2531.0,486.0,582.0,580,1817
taco_1818,TACO,cropped_object_classification,train,Metal,Drink can,TACO-master/TACO-master/data/filtered_classification/crops/train/Metal/000079_ann1818.jpg,TACO-master/TACO-master/data/filtered_classification/crops/train/Metal/000079_ann1818.jpg,TACO-master/TACO-master/data/batch_14/000079.jpg,3024,4032,1074.0,1449.0,569.0,708.0,580,1818
taco_1821,TACO,cropped_object_classification,train,Glass,Glass bottle,TACO-master/TACO-master/data/filtered_classification/crops/train/Glass/000081_ann1821.jpg,TACO-master/TACO-master/data/filtered_classification/crops/train/Glass/000081_ann1821.jpg,TACO-master/TACO-master/data/batch_14/000081.jpg,3024,4032,1031.0,1798.0,1774.0,503.0,582,1821
taco_1822,TACO,cropped_object_classification,train,Glass,Glass bottle,TACO-master/TACO-master/data/filtered_classification/crops/train/Glass/000081_ann1822.jpg,TACO-master/TACO-master/data/filtered_classification/crops/train/Glass/000081_ann1822.jpg,TACO-master/TACO-master/data/batch_14/000081.jpg,3024,4032,2002.0,1950.0,1020.0,1064.0,582,1822
taco_1823,TACO,cropped_object_classification,train,Glass,Glass bottle,TACO-master/TACO-master/data/filtered_classification/crops/train/Glass/000081_ann1823.jpg,TACO-master/TACO-master/data/filtered_classification/crops/train/Glass/000081_ann1823.jpg,TACO-master/TACO-master/data/batch_14/000081.jpg,3024,4032,2527.0,2803.0,496.0,487.0,582,1823
taco_1824,TACO,cropped_object_classification,train,Metal,Drink can,TACO-master/TACO-master/data/filtered_classification/crops/train/Metal/000081_ann1824.jpg,TACO-master/TACO-master/data/filtered_classification/crops/train/Metal/000081_ann1824.jpg,TACO-master/TACO-master/data/batch_14/000081.jpg,3024,4032,313.0,1993.0,402.0,475.0,582,1824
taco_1845,TACO,cropped_object_classification,test,Plastic,Other plastic bottle,TACO-master/TACO-master/data/filtered_classification/crops/test/Plastic/000094_ann1845.jpg,TACO-master/TACO-master/data/filtered_classification/crops/test/Plastic/000094_ann1845.jpg,TACO-master/TACO-master/data/batch_14/000094.jpg,3024,4032,1631.0,1972.0,364.0,436.0,595,1845
taco_1849,TACO,cropped_object_classification,val,PaperCardboard,Normal paper,TACO-master/TACO-master/data/filtered_classification/crops/val/PaperCardboard/000095_ann1849.jpg,TACO-master/TACO-master/data/filtered_classification/crops/val/PaperCardboard/000095_ann1849.jpg,TACO-master/TACO-master/data/batch_14/000095.jpg,3024,4032,1328.0,2677.0,325.0,268.0,596,1849
taco_1850,TACO,cropped_object_classification,train,Glass,Glass bottle,TACO-master/TACO-master/data/filtered_classification/crops/train/Glass/000096_ann1850.jpg,TACO-master/TACO-master/data/filtered_classification/crops/train/Glass/000096_ann1850.jpg,TACO-master/TACO-master/data/batch_14/000096.jpg,3024,4032,934.0,3067.0,906.0,587.0,597,1850
taco_1882,TACO,cropped_object_classification,train,Metal,Drink can,TACO-master/TACO-master/data/filtered_classification/crops/train/Metal/000000_ann1882.jpg,TACO-master/TACO-master/data/filtered_classification/crops/train/Metal/000000_ann1882.jpg,TACO-master/TACO-master/data/batch_15/000000.jpg,3024,4032,569.0,2678.0,366.0,196.0,601,1882
taco_1892,TACO,cropped_object_classification,train,Plastic,Other plastic bottle,TACO-master/TACO-master/data/filtered_classification/crops/train/Plastic/000003_ann1892.jpg,TACO-master/TACO-master/data/filtered_classification/crops/train/Plastic/000003_ann1892.jpg,TACO-master/TACO-master/data/batch_15/000003.jpg,3024,4032,1208.0,2220.0,305.0,518.0,604,1892
taco_1893,TACO,cropped_object_classification,train,Glass,Glass bottle,TACO-master/TACO-master/data/filtered_classification/crops/train/Glass/000004_ann1893.jpg,TACO-master/TACO-master/data/filtered_classification/crops/train/Glass/000004_ann1893.jpg,TACO-master/TACO-master/data/batch_15/000004.jpg,3024,4032,1435.0,1924.0,550.0,322.0,605,1893
taco_1899,TACO,cropped_object_classification,val,PaperCardboard,Normal paper,TACO-master/TACO-master/data/filtered_classification/crops/val/PaperCardboard/000007_ann1899.jpg,TACO-master/TACO-master/data/filtered_classification/crops/val/PaperCardboard/000007_ann1899.jpg,TACO-master/TACO-master/data/batch_15/000007.jpg,3024,4032,818.0,1255.0,538.0,214.0,608,1899
taco_1906,TACO,cropped_object_classification,train,PaperCardboard,Other carton,TACO-master/TACO-master/data/filtered_classification/crops/train/PaperCardboard/000009_ann1906.jpg,TACO-master/TACO-master/data/filtered_classification/crops/train/PaperCardboard/000009_ann1906.jpg,TACO-master/TACO-master/data/batch_15/000009.jpg,3024,4032,1108.0,2319.0,334.0,395.0,610,1906
taco_1917,TACO,cropped_object_classification,train,PaperCardboard,Paper bag,TACO-master/TACO-master/data/filtered_classification/crops/train/PaperCardboard/000010_ann1917.jpg,TACO-master/TACO-master/data/filtered_classification/crops/train/PaperCardboard/000010_ann1917.jpg,TACO-master/TACO-master/data/batch_15/000010.jpg,3024,4032,598.0,1024.0,856.0,784.0,611,1917
taco_1924,TACO,cropped_object_classification,train,Metal,Drink can,TACO-master/TACO-master/data/filtered_classification/crops/train/Metal/000013_ann1924.jpg,TACO-master/TACO-master/data/filtered_classification/crops/train/Metal/000013_ann1924.jpg,TACO-master/TACO-master/data/batch_15/000013.jpg,3024,4032,790.0,2243.0,517.0,541.0,614,1924
taco_1948,TACO,cropped_object_classification,train,Plastic,Clear plastic bottle,TACO-master/TACO-master/data/filtered_classification/crops/train/Plastic/000017_ann1948.jpg,TACO-master/TACO-master/data/filtered_classification/crops/train/Plastic/000017_ann1948.jpg,TACO-master/TACO-master/data/batch_15/000017.jpg,2448,3264,1206.0,1590.0,233.0,684.0,618,1948
taco_1952,TACO,cropped_object_classification,train,Glass,Glass bottle,TACO-master/TACO-master/data/filtered_classification/crops/train/Glass/000018_ann1952.jpg,TACO-master/TACO-master/data/filtered_classification/crops/train/Glass/000018_ann1952.jpg,TACO-master/TACO-master/data/batch_15/000018.jpg,1536,2048,576.0,997.0,455.0,157.0,619,1952
taco_1956,TACO,cropped_object_classification,train,Plastic,Clear plastic bottle,TACO-master/TACO-master/data/filtered_classification/crops/train/Plastic/000019_ann1956.jpg,TACO-master/TACO-master/data/filtered_classification/crops/train/Plastic/000019_ann1956.jpg,TACO-master/TACO-master/data/batch_15/000019.jpg,2048,1536,588.0,770.0,194.0,82.0,620,1956
taco_1961,TACO,cropped_object_classification,train,Plastic,Clear plastic bottle,TACO-master/TACO-master/data/filtered_classification/crops/train/Plastic/000019_ann1961.jpg,TACO-master/TACO-master/data/filtered_classification/crops/train/Plastic/000019_ann1961.jpg,TACO-master/TACO-master/data/batch_15/000019.jpg,2048,1536,1845.0,892.0,202.0,117.0,620,1961
taco_1965,TACO,cropped_object_classification,val,Metal,Drink can,TACO-master/TACO-master/data/filtered_classification/crops/val/Metal/000020_ann1965.jpg,TACO-master/TACO-master/data/filtered_classification/crops/val/Metal/000020_ann1965.jpg,TACO-master/TACO-master/data/batch_15/000020.jpg,2048,1536,980.0,734.0,262.0,333.0,621,1965
taco_1973,TACO,cropped_object_classification,train,Other,Styrofoam piece,TACO-master/TACO-master/data/filtered_classification/crops/train/Other/000022_ann1973.jpg,TACO-master/TACO-master/data/filtered_classification/crops/train/Other/000022_ann1973.jpg,TACO-master/TACO-master/data/batch_15/000022.jpg,1536,2048,932.0,1026.0,100.0,240.0,623,1973
taco_1980,TACO,cropped_object_classification,test,Other,Styrofoam piece,TACO-master/TACO-master/data/filtered_classification/crops/test/Other/000022_ann1980.jpg,TACO-master/TACO-master/data/filtered_classification/crops/test/Other/000022_ann1980.jpg,TACO-master/TACO-master/data/batch_15/000022.jpg,1536,2048,289.0,1923.0,265.0,120.0,623,1980
taco_2050,TACO,cropped_object_classification,train,Metal,Drink can,TACO-master/TACO-master/data/filtered_classification/crops/train/Metal/000030_ann2050.jpg,TACO-master/TACO-master/data/filtered_classification/crops/train/Metal/000030_ann2050.jpg,TACO-master/TACO-master/data/batch_15/000030.jpg,1536,2048,689.0,807.0,234.0,277.0,631,2050
taco_2061,TACO,cropped_object_classification,val,Metal,Drink can,TACO-master/TACO-master/data/filtered_classification/crops/val/Metal/000035_ann2061.jpg,TACO-master/TACO-master/data/filtered_classification/crops/val/Metal/000035_ann2061.jpg,TACO-master/TACO-master/data/batch_15/000035.jpg,3024,4032,1329.0,2055.0,593.0,636.0,636,2061
taco_2085,TACO,cropped_object_classification,train,Plastic,Disposable plastic cup,TACO-master/TACO-master/data/filtered_classification/crops/train/Plastic/000040_ann2085.jpg,TACO-master/TACO-master/data/filtered_classification/crops/train/Plastic/000040_ann2085.jpg,TACO-master/TACO-master/data/batch_15/000040.jpg,3024,4032,1231.0,2246.0,356.0,360.0,641,2085
taco_2088,TACO,cropped_object_classification,train,Plastic,Disposable plastic cup,TACO-master/TACO-master/data/filtered_classification/crops/train/Plastic/000042_ann2088.jpg,TACO-master/TACO-master/data/filtered_classification/crops/train/Plastic/000042_ann2088.jpg,TACO-master/TACO-master/data/batch_15/000042.jpg,3024,4032,1533.0,2213.0,312.0,333.0,643,2088
taco_2091,TACO,cropped_object_classification,train,Other,Styrofoam piece,TACO-master/TACO-master/data/filtered_classification/crops/train/Other/000045_ann2091.jpg,TACO-master/TACO-master/data/filtered_classification/crops/train/Other/000045_ann2091.jpg,TACO-master/TACO-master/data/batch_15/000045.jpg,1536,2048,610.0,1030.0,223.0,190.0,646,2091
taco_2097,TACO,cropped_object_classification,val,Plastic,Disposable plastic cup,TACO-master/TACO-master/data/filtered_classification/crops/val/Plastic/000048_ann2097.jpg,TACO-master/TACO-master/data/filtered_classification/crops/val/Plastic/000048_ann2097.jpg,TACO-master/TACO-master/data/batch_15/000048.jpg,3024,4032,1245.0,1410.0,1028.0,1745.0,649,2097
taco_2099,TACO,cropped_object_classification,train,Plastic,Clear plastic bottle,TACO-master/TACO-master/data/filtered_classification/crops/train/Plastic/000049_ann2099.jpg,TACO-master/TACO-master/data/filtered_classification/crops/train/Plastic/000049_ann2099.jpg,TACO-master/TACO-master/data/batch_15/000049.jpg,3024,4032,1531.0,999.0,825.0,2017.0,650,2099
taco_2103,TACO,cropped_object_classification,val,Glass,Glass bottle,TACO-master/TACO-master/data/filtered_classification/crops/val/Glass/000050_ann2103.jpg,TACO-master/TACO-master/data/filtered_classification/crops/val/Glass/000050_ann2103.jpg,TACO-master/TACO-master/data/batch_15/000050.jpg,3024,4032,1129.0,1254.0,644.0,2207.0,651,2103
taco_2115,TACO,cropped_object_classification,test,Plastic,Clear plastic bottle,TACO-master/TACO-master/data/filtered_classification/crops/test/Plastic/000053_ann2115.jpg,TACO-master/TACO-master/data/filtered_classification/crops/test/Plastic/000053_ann2115.jpg,TACO-master/TACO-master/data/batch_15/000053.jpg,3024,4032,1328.0,1281.0,795.0,1483.0,654,2115
taco_2117,TACO,cropped_object_classification,train,Other,Crisp packet,TACO-master/TACO-master/data/filtered_classification/crops/train/Other/000055_ann2117.jpg,TACO-master/TACO-master/data/filtered_classification/crops/train/Other/000055_ann2117.jpg,TACO-master/TACO-master/data/batch_15/000055.jpg,3024,4032,981.0,1718.0,1452.0,1177.0,656,2117
taco_2119,TACO,cropped_object_classification,train,Plastic,Clear plastic bottle,TACO-master/TACO-master/data/filtered_classification/crops/train/Plastic/000056_ann2119.jpg,TACO-master/TACO-master/data/filtered_classification/crops/train/Plastic/000056_ann2119.jpg,TACO-master/TACO-master/data/batch_15/000056.jpg,3024,4032,706.0,478.0,1270.0,887.0,657,2119
taco_2120,TACO,cropped_object_classification,train,PaperCardboard,Normal paper,TACO-master/TACO-master/data/filtered_classification/crops/train/PaperCardboard/000056_ann2120.jpg,TACO-master/TACO-master/data/filtered_classification/crops/train/PaperCardboard/000056_ann2120.jpg,TACO-master/TACO-master/data/batch_15/000056.jpg,3024,4032,1176.0,1375.0,266.0,354.0,657,2120
taco_2124,TACO,cropped_object_classification,train,Plastic,Clear plastic bottle,TACO-master/TACO-master/data/filtered_classification/crops/train/Plastic/000057_ann2124.jpg,TACO-master/TACO-master/data/filtered_classification/crops/train/Plastic/000057_ann2124.jpg,TACO-master/TACO-master/data/batch_15/000057.jpg,3024,4032,938.0,1725.0,1485.0,982.0,658,2124
taco_2126,TACO,cropped_object_classification,train,PaperCardboard,Other carton,TACO-master/TACO-master/data/filtered_classification/crops/train/PaperCardboard/000058_ann2126.jpg,TACO-master/TACO-master/data/filtered_classification/crops/train/PaperCardboard/000058_ann2126.jpg,TACO-master/TACO-master/data/batch_15/000058.jpg,3024,4032,1459.493,1836.7639,494.0,851.5556999999999,659,2126
taco_2131,TACO,cropped_object_classification,train,Plastic,Clear plastic bottle,TACO-master/TACO-master/data/filtered_classification/crops/train/Plastic/000062_ann2131.jpg,TACO-master/TACO-master/data/filtered_classification/crops/train/Plastic/000062_ann2131.jpg,TACO-master/TACO-master/data/batch_15/000062.jpg,2048,1536,624.0,121.0,324.0,93.0,663,2131
taco_2144,TACO,cropped_object_classification,val,Metal,Drink can,TACO-master/TACO-master/data/filtered_classification/crops/val/Metal/000065_ann2144.jpg,TACO-master/TACO-master/data/filtered_classification/crops/val/Metal/000065_ann2144.jpg,TACO-master/TACO-master/data/batch_15/000065.jpg,4032,3024,1861.0,1405.0,554.0,709.0,666,2144
taco_2160,TACO,cropped_object_classification,val,Plastic,Clear plastic bottle,TACO-master/TACO-master/data/filtered_classification/crops/val/Plastic/000071_ann2160.jpg,TACO-master/TACO-master/data/filtered_classification/crops/val/Plastic/000071_ann2160.jpg,TACO-master/TACO-master/data/batch_15/000071.jpg,2448,3264,987.7916,853.38885,257.0,399.9999499999999,672,2160
taco_2164,TACO,cropped_object_classification,train,Plastic,Clear plastic bottle,TACO-master/TACO-master/data/filtered_classification/crops/train/Plastic/000072_ann2164.jpg,TACO-master/TACO-master/data/filtered_classification/crops/train/Plastic/000072_ann2164.jpg,TACO-master/TACO-master/data/batch_15/000072.jpg,1536,2048,559.0,954.0,489.0,256.0,673,2164
taco_2165,TACO,cropped_object_classification,val,Plastic,Clear plastic bottle,TACO-master/TACO-master/data/filtered_classification/crops/val/Plastic/000072_ann2165.jpg,TACO-master/TACO-master/data/filtered_classification/crops/val/Plastic/000072_ann2165.jpg,TACO-master/TACO-master/data/batch_15/000072.jpg,1536,2048,149.0,1136.0,333.0,387.0,673,2165
taco_2167,TACO,cropped_object_classification,train,Other,Garbage bag,TACO-master/TACO-master/data/filtered_classification/crops/train/Other/000073_ann2167.jpg,TACO-master/TACO-master/data/filtered_classification/crops/train/Other/000073_ann2167.jpg,TACO-master/TACO-master/data/batch_15/000073.jpg,1536,2048,0.0,1.0,533.0,604.0,674,2167
taco_2168,TACO,cropped_object_classification,train,Other,Garbage bag,TACO-master/TACO-master/data/filtered_classification/crops/train/Other/000073_ann2168.jpg,TACO-master/TACO-master/data/filtered_classification/crops/train/Other/000073_ann2168.jpg,TACO-master/TACO-master/data/batch_15/000073.jpg,1536,2048,0.0,1154.0,301.0,352.0,674,2168
taco_2173,TACO,cropped_object_classification,train,Metal,Drink can,TACO-master/TACO-master/data/filtered_classification/crops/train/Metal/000076_ann2173.jpg,TACO-master/TACO-master/data/filtered_classification/crops/train/Metal/000076_ann2173.jpg,TACO-master/TACO-master/data/batch_15/000076.jpg,2048,1536,1274.3958,792.31946,334.0,249.00004,677,2173
taco_2174,TACO,cropped_object_classification,train,PaperCardboard,Paper bag,TACO-master/TACO-master/data/filtered_classification/crops/train/PaperCardboard/000076_ann2174.jpg,TACO-master/TACO-master/data/filtered_classification/crops/train/PaperCardboard/000076_ann2174.jpg,TACO-master/TACO-master/data/batch_15/000076.jpg,2048,1536,1222.4574,1022.7329,411.0,418.0,677,2174
taco_2176,TACO,cropped_object_classification,train,Plastic,Disposable plastic cup,TACO-master/TACO-master/data/filtered_classification/crops/train/Plastic/000076_ann2176.jpg,TACO-master/TACO-master/data/filtered_classification/crops/train/Plastic/000076_ann2176.jpg,TACO-master/TACO-master/data/batch_15/000076.jpg,2048,1536,114.53978,524.4602,245.00002,245.0,677,2176
taco_2177,TACO,cropped_object_classification,train,PaperCardboard,Normal paper,TACO-master/TACO-master/data/filtered_classification/crops/train/PaperCardboard/000076_ann2177.jpg,TACO-master/TACO-master/data/filtered_classification/crops/train/PaperCardboard/000076_ann2177.jpg,TACO-master/TACO-master/data/batch_15/000076.jpg,2048,1536,0.5426178,631.0057,601.9999822,260.0,677,2177
taco_2178,TACO,cropped_object_classification,val,PaperCardboard,Normal paper,TACO-master/TACO-master/data/filtered_classification/crops/val/PaperCardboard/000076_ann2178.jpg,TACO-master/TACO-master/data/filtered_classification/crops/val/PaperCardboard/000076_ann2178.jpg,TACO-master/TACO-master/data/batch_15/000076.jpg,2048,1536,53.545456,826.09656,344.000014,289.2727400000001,677,2178
taco_2181,TACO,cropped_object_classification,train,Metal,Drink can,TACO-master/TACO-master/data/filtered_classification/crops/train/Metal/000078_ann2181.jpg,TACO-master/TACO-master/data/filtered_classification/crops/train/Metal/000078_ann2181.jpg,TACO-master/TACO-master/data/batch_15/000078.jpg,2448,3264,665.0,1203.0,580.0,795.0,679,2181
taco_2183,TACO,cropped_object_classification,train,Plastic,Other plastic bottle,TACO-master/TACO-master/data/filtered_classification/crops/train/Plastic/000078_ann2183.jpg,TACO-master/TACO-master/data/filtered_classification/crops/train/Plastic/000078_ann2183.jpg,TACO-master/TACO-master/data/batch_15/000078.jpg,2448,3264,1104.0,1200.0,374.0,490.0,679,2183
taco_2184,TACO,cropped_object_classification,train,PaperCardboard,Paper bag,TACO-master/TACO-master/data/filtered_classification/crops/train/PaperCardboard/000078_ann2184.jpg,TACO-master/TACO-master/data/filtered_classification/crops/train/PaperCardboard/000078_ann2184.jpg,TACO-master/TACO-master/data/batch_15/000078.jpg,2448,3264,313.0,1693.5,855.0,728.0,679,2184
taco_2185,TACO,cropped_object_classification,train,PaperCardboard,Paper bag,TACO-master/TACO-master/data/filtered_classification/crops/train/PaperCardboard/000078_ann2185.jpg,TACO-master/TACO-master/data/filtered_classification/crops/train/PaperCardboard/000078_ann2185.jpg,TACO-master/TACO-master/data/batch_15/000078.jpg,2448,3264,387.0,2187.0,579.0,566.0,679,2185
taco_2186,TACO,cropped_object_classification,train,PaperCardboard,Paper bag,TACO-master/TACO-master/data/filtered_classification/crops/train/PaperCardboard/000078_ann2186.jpg,TACO-master/TACO-master/data/filtered_classification/crops/train/PaperCardboard/000078_ann2186.jpg,TACO-master/TACO-master/data/batch_15/000078.jpg,2448,3264,1311.0,-0.5,286.0,589.0,679,2186
taco_2192,TACO,cropped_object_classification,train,PaperCardboard,Normal paper,TACO-master/TACO-master/data/filtered_classification/crops/train/PaperCardboard/000082_ann2192.jpg,TACO-master/TACO-master/data/filtered_classification/crops/train/PaperCardboard/000082_ann2192.jpg,TACO-master/TACO-master/data/batch_15/000082.jpg,1536,2048,598.0,971.0,149.0,184.0,683,2192
taco_2194,TACO,cropped_object_classification,train,Glass,Glass bottle,TACO-master/TACO-master/data/filtered_classification/crops/train/Glass/000084_ann2194.jpg,TACO-master/TACO-master/data/filtered_classification/crops/train/Glass/000084_ann2194.jpg,TACO-master/TACO-master/data/batch_15/000084.jpg,3264,2448,1059.0,699.0,344.0,1194.0,685,2194
taco_2195,TACO,cropped_object_classification,train,Glass,Glass bottle,TACO-master/TACO-master/data/filtered_classification/crops/train/Glass/000084_ann2195.jpg,TACO-master/TACO-master/data/filtered_classification/crops/train/Glass/000084_ann2195.jpg,TACO-master/TACO-master/data/batch_15/000084.jpg,3264,2448,1632.0,301.0,427.0,1272.0,685,2195
taco_2198,TACO,cropped_object_classification,train,Plastic,Other plastic bottle,TACO-master/TACO-master/data/filtered_classification/crops/train/Plastic/000000_ann2198.jpg,TACO-master/TACO-master/data/filtered_classification/crops/train/Plastic/000000_ann2198.jpg,TACO-master/TACO-master/data/batch_2/000000.JPG,2448,3264,962.0,1152.0,478.0,871.0,686,2198
taco_2200,TACO,cropped_object_classification,train,Glass,Glass bottle,TACO-master/TACO-master/data/filtered_classification/crops/train/Glass/000001_ann2200.jpg,TACO-master/TACO-master/data/filtered_classification/crops/train/Glass/000001_ann2200.jpg,TACO-master/TACO-master/data/batch_2/000001.JPG,2448,3264,815.0,369.0,428.0,214.0,687,2200
taco_2201,TACO,cropped_object_classification,train,Glass,Glass bottle,TACO-master/TACO-master/data/filtered_classification/crops/train/Glass/000001_ann2201.jpg,TACO-master/TACO-master/data/filtered_classification/crops/train/Glass/000001_ann2201.jpg,TACO-master/TACO-master/data/batch_2/000001.JPG,2448,3264,1189.0,2344.0,172.0,387.0,687,2201
taco_2205,TACO,cropped_object_classification,val,Other,Crisp packet,TACO-master/TACO-master/data/filtered_classification/crops/val/Other/000005_ann2205.jpg,TACO-master/TACO-master/data/filtered_classification/crops/val/Other/000005_ann2205.jpg,TACO-master/TACO-master/data/batch_2/000005.JPG,2448,3264,330.0,769.0,1160.0,1110.0,689,2205
taco_2207,TACO,cropped_object_classification,train,Other,Garbage bag,TACO-master/TACO-master/data/filtered_classification/crops/train/Other/000005_ann2207.jpg,TACO-master/TACO-master/data/filtered_classification/crops/train/Other/000005_ann2207.jpg,TACO-master/TACO-master/data/batch_2/000005.JPG,2448,3264,848.0,1983.0,1276.0,1155.0,689,2207
taco_2208,TACO,cropped_object_classification,train,PaperCardboard,Normal paper,TACO-master/TACO-master/data/filtered_classification/crops/train/PaperCardboard/000005_ann2208.jpg,TACO-master/TACO-master/data/filtered_classification/crops/train/PaperCardboard/000005_ann2208.jpg,TACO-master/TACO-master/data/batch_2/000005.JPG,2448,3264,941.0,2269.0,749.0,618.0,689,2208
taco_2209,TACO,cropped_object_classification,train,PaperCardboard,Other carton,TACO-master/TACO-master/data/filtered_classification/crops/train/PaperCardboard/000005_ann2209.jpg,TACO-master/TACO-master/data/filtered_classification/crops/train/PaperCardboard/000005_ann2209.jpg,TACO-master/TACO-master/data/batch_2/000005.JPG,2448,3264,806.0,1591.0,826.0,492.0,689,2209
taco_2212,TACO,cropped_object_classification,train,Other,Crisp packet,TACO-master/TACO-master/data/filtered_classification/crops/train/Other/000006_ann2212.jpg,TACO-master/TACO-master/data/filtered_classification/crops/train/Other/000006_ann2212.jpg,TACO-master/TACO-master/data/batch_2/000006.JPG,2448,3264,1265.0,1387.0,524.0,608.0,690,2212
taco_2213,TACO,cropped_object_classification,train,Metal,Drink can,TACO-master/TACO-master/data/filtered_classification/crops/train/Metal/000007_ann2213.jpg,TACO-master/TACO-master/data/filtered_classification/crops/train/Metal/000007_ann2213.jpg,TACO-master/TACO-master/data/batch_2/000007.JPG,2448,3264,1197.0,1672.0,193.0,275.0,691,2213
taco_2214,TACO,cropped_object_classification,test,PaperCardboard,Other carton,TACO-master/TACO-master/data/filtered_classification/crops/test/PaperCardboard/000008_ann2214.jpg,TACO-master/TACO-master/data/filtered_classification/crops/test/PaperCardboard/000008_ann2214.jpg,TACO-master/TACO-master/data/batch_2/000008.JPG,2448,3264,431.0,882.0,1162.0,1116.0,692,2214
taco_2215,TACO,cropped_object_classification,val,PaperCardboard,Other carton,TACO-master/TACO-master/data/filtered_classification/crops/val/PaperCardboard/000008_ann2215.jpg,TACO-master/TACO-master/data/filtered_classification/crops/val/PaperCardboard/000008_ann2215.jpg,TACO-master/TACO-master/data/batch_2/000008.JPG,2448,3264,1173.0,1398.0,753.0,719.0,692,2215
taco_2227,TACO,cropped_object_classification,test,PaperCardboard,Other carton,TACO-master/TACO-master/data/filtered_classification/crops/test/PaperCardboard/000015_ann2227.jpg,TACO-master/TACO-master/data/filtered_classification/crops/test/PaperCardboard/000015_ann2227.jpg,TACO-master/TACO-master/data/batch_2/000015.JPG,2448,3264,1239.0,1706.0,479.0,338.0,697,2227
taco_2228,TACO,cropped_object_classification,val,Other,Crisp packet,TACO-master/TACO-master/data/filtered_classification/crops/val/Other/000016_ann2228.jpg,TACO-master/TACO-master/data/filtered_classification/crops/val/Other/000016_ann2228.jpg,TACO-master/TACO-master/data/batch_2/000016.JPG,2448,3264,1087.0,1476.0,471.0,478.0,698,2228
taco_2233,TACO,cropped_object_classification,train,Plastic,Disposable plastic cup,TACO-master/TACO-master/data/filtered_classification/crops/train/Plastic/000021_ann2233.jpg,TACO-master/TACO-master/data/filtered_classification/crops/train/Plastic/000021_ann2233.jpg,TACO-master/TACO-master/data/batch_2/000021.JPG,2448,3264,747.0,815.0,851.0,1065.0,703,2233
taco_2240,TACO,cropped_object_classification,test,Other,Crisp packet,TACO-master/TACO-master/data/filtered_classification/crops/test/Other/000023_ann2240.jpg,TACO-master/TACO-master/data/filtered_classification/crops/test/Other/000023_ann2240.jpg,TACO-master/TACO-master/data/batch_2/000023.JPG,3264,2448,1549.0,1081.0,428.0,236.0,705,2240
taco_2241,TACO,cropped_object_classification,train,Other,Crisp packet,TACO-master/TACO-master/data/filtered_classification/crops/train/Other/000023_ann2241.jpg,TACO-master/TACO-master/data/filtered_classification/crops/train/Other/000023_ann2241.jpg,TACO-master/TACO-master/data/batch_2/000023.JPG,3264,2448,1901.0,1060.0,349.0,234.0,705,2241
taco_2242,TACO,cropped_object_classification,train,Other,Garbage bag,TACO-master/TACO-master/data/filtered_classification/crops/train/Other/000023_ann2242.jpg,TACO-master/TACO-master/data/filtered_classification/crops/train/Other/000023_ann2242.jpg,TACO-master/TACO-master/data/batch_2/000023.JPG,3264,2448,1143.0,751.0,1344.0,699.0,705,2242
taco_2245,TACO,cropped_object_classification,train,Glass,Glass bottle,TACO-master/TACO-master/data/filtered_classification/crops/train/Glass/000024_ann2245.jpg,TACO-master/TACO-master/data/filtered_classification/crops/train/Glass/000024_ann2245.jpg,TACO-master/TACO-master/data/batch_2/000024.JPG,2448,3264,1340.0,166.0,602.0,2208.0,706,2245
taco_2246,TACO,cropped_object_classification,train,Glass,Glass bottle,TACO-master/TACO-master/data/filtered_classification/crops/train/Glass/000024_ann2246.jpg,TACO-master/TACO-master/data/filtered_classification/crops/train/Glass/000024_ann2246.jpg,TACO-master/TACO-master/data/batch_2/000024.JPG,2448,3264,1055.0,1.0,403.0,1615.0,706,2246
taco_2247,TACO,cropped_object_classification,val,Glass,Glass bottle,TACO-master/TACO-master/data/filtered_classification/crops/val/Glass/000025_ann2247.jpg,TACO-master/TACO-master/data/filtered_classification/crops/val/Glass/000025_ann2247.jpg,TACO-master/TACO-master/data/batch_2/000025.JPG,2448,3264,1135.0,1366.0,177.0,441.0,707,2247
taco_2254,TACO,cropped_object_classification,val,Other,Crisp packet,TACO-master/TACO-master/data/filtered_classification/crops/val/Other/000026_ann2254.jpg,TACO-master/TACO-master/data/filtered_classification/crops/val/Other/000026_ann2254.jpg,TACO-master/TACO-master/data/batch_2/000026.JPG,3264,2448,2617.0,907.0,278.0,180.0,708,2254
taco_2255,TACO,cropped_object_classification,val,Metal,Drink can,TACO-master/TACO-master/data/filtered_classification/crops/val/Metal/000027_ann2255.jpg,TACO-master/TACO-master/data/filtered_classification/crops/val/Metal/000027_ann2255.jpg,TACO-master/TACO-master/data/batch_2/000027.JPG,3264,2448,43.0,1291.0,283.0,260.0,709,2255
taco_2256,TACO,cropped_object_classification,test,Metal,Drink can,TACO-master/TACO-master/data/filtered_classification/crops/test/Metal/000027_ann2256.jpg,TACO-master/TACO-master/data/filtered_classification/crops/test/Metal/000027_ann2256.jpg,TACO-master/TACO-master/data/batch_2/000027.JPG,3264,2448,744.0,1380.0,223.0,380.0,709,2256
taco_2257,TACO,cropped_object_classification,train,Metal,Drink can,TACO-master/TACO-master/data/filtered_classification/crops/train/Metal/000027_ann2257.jpg,TACO-master/TACO-master/data/filtered_classification/crops/train/Metal/000027_ann2257.jpg,TACO-master/TACO-master/data/batch_2/000027.JPG,3264,2448,1406.0,2071.0,377.0,376.0,709,2257
taco_2258,TACO,cropped_object_classification,train,Metal,Drink can,TACO-master/TACO-master/data/filtered_classification/crops/train/Metal/000027_ann2258.jpg,TACO-master/TACO-master/data/filtered_classification/crops/train/Metal/000027_ann2258.jpg,TACO-master/TACO-master/data/batch_2/000027.JPG,3264,2448,2299.0,1578.0,339.0,316.0,709,2258
taco_2259,TACO,cropped_object_classification,test,Metal,Drink can,TACO-master/TACO-master/data/filtered_classification/crops/test/Metal/000027_ann2259.jpg,TACO-master/TACO-master/data/filtered_classification/crops/test/Metal/000027_ann2259.jpg,TACO-master/TACO-master/data/batch_2/000027.JPG,3264,2448,2791.0,1391.0,377.0,282.0,709,2259
taco_2260,TACO,cropped_object_classification,train,Metal,Drink can,TACO-master/TACO-master/data/filtered_classification/crops/train/Metal/000029_ann2260.jpg,TACO-master/TACO-master/data/filtered_classification/crops/train/Metal/000029_ann2260.jpg,TACO-master/TACO-master/data/batch_2/000029.JPG,2448,3264,1084.0,1784.0,247.0,368.0,710,2260
taco_2261,TACO,cropped_object_classification,train,Metal,Drink can,TACO-master/TACO-master/data/filtered_classification/crops/train/Metal/000029_ann2261.jpg,TACO-master/TACO-master/data/filtered_classification/crops/train/Metal/000029_ann2261.jpg,TACO-master/TACO-master/data/batch_2/000029.JPG,2448,3264,1139.0,924.0,317.0,220.0,710,2261
taco_2267,TACO,cropped_object_classification,train,Glass,Glass bottle,TACO-master/TACO-master/data/filtered_classification/crops/train/Glass/000034_ann2267.jpg,TACO-master/TACO-master/data/filtered_classification/crops/train/Glass/000034_ann2267.jpg,TACO-master/TACO-master/data/batch_2/000034.JPG,2448,3264,669.0,536.0,151.0,475.0,714,2267
taco_2268,TACO,cropped_object_classification,train,Metal,Drink can,TACO-master/TACO-master/data/filtered_classification/crops/train/Metal/000035_ann2268.jpg,TACO-master/TACO-master/data/filtered_classification/crops/train/Metal/000035_ann2268.jpg,TACO-master/TACO-master/data/batch_2/000035.JPG,2448,3264,1395.0,1281.0,753.0,606.0,715,2268
taco_2269,TACO,cropped_object_classification,val,Metal,Drink can,TACO-master/TACO-master/data/filtered_classification/crops/val/Metal/000035_ann2269.jpg,TACO-master/TACO-master/data/filtered_classification/crops/val/Metal/000035_ann2269.jpg,TACO-master/TACO-master/data/batch_2/000035.JPG,2448,3264,345.0,1868.0,905.0,654.0,715,2269
taco_2272,TACO,cropped_object_classification,train,PaperCardboard,Other carton,TACO-master/TACO-master/data/filtered_classification/crops/train/PaperCardboard/000035_ann2272.jpg,TACO-master/TACO-master/data/filtered_classification/crops/train/PaperCardboard/000035_ann2272.jpg,TACO-master/TACO-master/data/batch_2/000035.JPG,2448,3264,1.0,1951.0,336.0,442.0,715,2272
taco_2273,TACO,cropped_object_classification,test,Plastic,Clear plastic bottle,TACO-master/TACO-master/data/filtered_classification/crops/test/Plastic/000036_ann2273.jpg,TACO-master/TACO-master/data/filtered_classification/crops/test/Plastic/000036_ann2273.jpg,TACO-master/TACO-master/data/batch_2/000036.JPG,2448,3264,1756.0,2166.0,191.0,357.0,716,2273
taco_2274,TACO,cropped_object_classification,train,Plastic,Clear plastic bottle,TACO-master/TACO-master/data/filtered_classification/crops/train/Plastic/000037_ann2274.jpg,TACO-master/TACO-master/data/filtered_classification/crops/train/Plastic/000037_ann2274.jpg,TACO-master/TACO-master/data/batch_2/000037.JPG,2448,3264,1161.0,1532.0,152.0,320.0,717,2274
taco_2276,TACO,cropped_object_classification,train,Plastic,Disposable plastic cup,TACO-master/TACO-master/data/filtered_classification/crops/train/Plastic/000038_ann2276.jpg,TACO-master/TACO-master/data/filtered_classification/crops/train/Plastic/000038_ann2276.jpg,TACO-master/TACO-master/data/batch_2/000038.JPG,2448,3264,1626.0,1571.0,224.0,188.0,718,2276
taco_2278,TACO,cropped_object_classification,train,Metal,Drink can,TACO-master/TACO-master/data/filtered_classification/crops/train/Metal/000039_ann2278.jpg,TACO-master/TACO-master/data/filtered_classification/crops/train/Metal/000039_ann2278.jpg,TACO-master/TACO-master/data/batch_2/000039.JPG,2448,3264,1069.0,1403.0,202.0,220.0,719,2278
taco_2283,TACO,cropped_object_classification,test,Metal,Drink can,TACO-master/TACO-master/data/filtered_classification/crops/test/Metal/000042_ann2283.jpg,TACO-master/TACO-master/data/filtered_classification/crops/test/Metal/000042_ann2283.jpg,TACO-master/TACO-master/data/batch_2/000042.JPG,2448,3264,954.0,1910.0,288.0,384.0,722,2283
taco_2291,TACO,cropped_object_classification,val,Metal,Drink can,TACO-master/TACO-master/data/filtered_classification/crops/val/Metal/000048_ann2291.jpg,TACO-master/TACO-master/data/filtered_classification/crops/val/Metal/000048_ann2291.jpg,TACO-master/TACO-master/data/batch_2/000048.JPG,2448,3264,1233.0,1519.0,219.0,279.0,727,2291
taco_2294,TACO,cropped_object_classification,train,Plastic,Disposable plastic cup,TACO-master/TACO-master/data/filtered_classification/crops/train/Plastic/000050_ann2294.jpg,TACO-master/TACO-master/data/filtered_classification/crops/train/Plastic/000050_ann2294.jpg,TACO-master/TACO-master/data/batch_2/000050.JPG,2448,3264,1040.0,1190.0,221.0,308.0,728,2294
taco_2314,TACO,cropped_object_classification,train,Other,Crisp packet,TACO-master/TACO-master/data/filtered_classification/crops/train/Other/000056_ann2314.jpg,TACO-master/TACO-master/data/filtered_classification/crops/train/Other/000056_ann2314.jpg,TACO-master/TACO-master/data/batch_2/000056.JPG,2448,3264,791.0,1492.0,323.0,379.0,734,2314
taco_2325,TACO,cropped_object_classification,train,PaperCardboard,Normal paper,TACO-master/TACO-master/data/filtered_classification/crops/train/PaperCardboard/000064_ann2325.jpg,TACO-master/TACO-master/data/filtered_classification/crops/train/PaperCardboard/000064_ann2325.jpg,TACO-master/TACO-master/data/batch_2/000064.JPG,3264,2448,0.0,1503.0,394.0,380.0,742,2325
taco_2328,TACO,cropped_object_classification,train,PaperCardboard,Corrugated carton,TACO-master/TACO-master/data/filtered_classification/crops/train/PaperCardboard/000068_ann2328.jpg,TACO-master/TACO-master/data/filtered_classification/crops/train/PaperCardboard/000068_ann2328.jpg,TACO-master/TACO-master/data/batch_2/000068.JPG,2448,3264,575.0,1655.0,327.0,359.0,745,2328
taco_2329,TACO,cropped_object_classification,train,PaperCardboard,Corrugated carton,TACO-master/TACO-master/data/filtered_classification/crops/train/PaperCardboard/000068_ann2329.jpg,TACO-master/TACO-master/data/filtered_classification/crops/train/PaperCardboard/000068_ann2329.jpg,TACO-master/TACO-master/data/batch_2/000068.JPG,2448,3264,776.0,1225.0,291.0,255.0,745,2329
taco_2331,TACO,cropped_object_classification,train,PaperCardboard,Other carton,TACO-master/TACO-master/data/filtered_classification/crops/train/PaperCardboard/000069_ann2331.jpg,TACO-master/TACO-master/data/filtered_classification/crops/train/PaperCardboard/000069_ann2331.jpg,TACO-master/TACO-master/data/batch_2/000069.JPG,3264,2448,1077.0,1105.0,699.0,610.0,746,2331
taco_2332,TACO,cropped_object_classification,train,Other,Crisp packet,TACO-master/TACO-master/data/filtered_classification/crops/train/Other/000070_ann2332.jpg,TACO-master/TACO-master/data/filtered_classification/crops/train/Other/000070_ann2332.jpg,TACO-master/TACO-master/data/batch_2/000070.JPG,3264,2448,965.0,1529.0,314.0,365.0,747,2332
taco_2338,TACO,cropped_object_classification,train,Glass,Glass bottle,TACO-master/TACO-master/data/filtered_classification/crops/train/Glass/000074_ann2338.jpg,TACO-master/TACO-master/data/filtered_classification/crops/train/Glass/000074_ann2338.jpg,TACO-master/TACO-master/data/batch_2/000074.JPG,3264,2448,1089.0,727.0,137.0,386.0,751,2338
taco_2341,TACO,cropped_object_classification,train,Metal,Drink can,TACO-master/TACO-master/data/filtered_classification/crops/train/Metal/000075_ann2341.jpg,TACO-master/TACO-master/data/filtered_classification/crops/train/Metal/000075_ann2341.jpg,TACO-master/TACO-master/data/batch_2/000075.JPG,3264,2448,1104.0,881.0,231.0,287.0,752,2341
taco_2342,TACO,cropped_object_classification,train,Plastic,Clear plastic bottle,TACO-master/TACO-master/data/filtered_classification/crops/train/Plastic/000076_ann2342.jpg,TACO-master/TACO-master/data/filtered_classification/crops/train/Plastic/000076_ann2342.jpg,TACO-master/TACO-master/data/batch_2/000076.JPG,3264,2448,1600.0,924.0,469.0,583.0,753,2342
taco_2344,TACO,cropped_object_classification,train,PaperCardboard,Paper bag,TACO-master/TACO-master/data/filtered_classification/crops/train/PaperCardboard/000077_ann2344.jpg,TACO-master/TACO-master/data/filtered_classification/crops/train/PaperCardboard/000077_ann2344.jpg,TACO-master/TACO-master/data/batch_2/000077.JPG,2448,3264,298.0,534.0,1325.0,1869.0,754,2344
taco_2346,TACO,cropped_object_classification,train,PaperCardboard,Other carton,TACO-master/TACO-master/data/filtered_classification/crops/train/PaperCardboard/000079_ann2346.jpg,TACO-master/TACO-master/data/filtered_classification/crops/train/PaperCardboard/000079_ann2346.jpg,TACO-master/TACO-master/data/batch_2/000079.JPG,2448,3264,772.0,2276.0,244.0,296.0,755,2346
taco_2349,TACO,cropped_object_classification,test,Metal,Drink can,TACO-master/TACO-master/data/filtered_classification/crops/test/Metal/000080_ann2349.jpg,TACO-master/TACO-master/data/filtered_classification/crops/test/Metal/000080_ann2349.jpg,TACO-master/TACO-master/data/batch_2/000080.JPG,2448,3264,1404.0,2097.0,262.0,188.0,756,2349
taco_2351,TACO,cropped_object_classification,train,Other,Crisp packet,TACO-master/TACO-master/data/filtered_classification/crops/train/Other/000081_ann2351.jpg,TACO-master/TACO-master/data/filtered_classification/crops/train/Other/000081_ann2351.jpg,TACO-master/TACO-master/data/batch_2/000081.JPG,2448,3264,1022.0,1632.0,476.0,446.0,757,2351
taco_2352,TACO,cropped_object_classification,val,Glass,Glass bottle,TACO-master/TACO-master/data/filtered_classification/crops/val/Glass/000082_ann2352.jpg,TACO-master/TACO-master/data/filtered_classification/crops/val/Glass/000082_ann2352.jpg,TACO-master/TACO-master/data/batch_2/000082.JPG,2448,3264,1270.0,1295.0,210.0,379.0,758,2352
taco_2359,TACO,cropped_object_classification,val,PaperCardboard,Other carton,TACO-master/TACO-master/data/filtered_classification/crops/val/PaperCardboard/000083_ann2359.jpg,TACO-master/TACO-master/data/filtered_classification/crops/val/PaperCardboard/000083_ann2359.jpg,TACO-master/TACO-master/data/batch_2/000083.JPG,2448,3264,1115.0,1480.0,312.0,257.0,759,2359
taco_2361,TACO,cropped_object_classification,train,Metal,Drink can,TACO-master/TACO-master/data/filtered_classification/crops/train/Metal/000086_ann2361.jpg,TACO-master/TACO-master/data/filtered_classification/crops/train/Metal/000086_ann2361.jpg,TACO-master/TACO-master/data/batch_2/000086.JPG,2448,3264,1329.0,720.0,350.0,167.0,761,2361
taco_2366,TACO,cropped_object_classification,val,PaperCardboard,Normal paper,TACO-master/TACO-master/data/filtered_classification/crops/val/PaperCardboard/000030_ann2366.jpg,TACO-master/TACO-master/data/filtered_classification/crops/val/PaperCardboard/000030_ann2366.jpg,TACO-master/TACO-master/data/batch_2/000030.JPG,2214,3264,2003.0,2244.0,203.0,346.0,763,2366
taco_2376,TACO,cropped_object_classification,test,Plastic,Clear plastic bottle,TACO-master/TACO-master/data/filtered_classification/crops/test/Plastic/000088_ann2376.jpg,TACO-master/TACO-master/data/filtered_classification/crops/test/Plastic/000088_ann2376.jpg,TACO-master/TACO-master/data/batch_2/000088.JPG,2448,3264,1488.0,1407.0,444.0,466.0,765,2376
taco_2383,TACO,cropped_object_classification,train,Other,Crisp packet,TACO-master/TACO-master/data/filtered_classification/crops/train/Other/000094_ann2383.jpg,TACO-master/TACO-master/data/filtered_classification/crops/train/Other/000094_ann2383.jpg,TACO-master/TACO-master/data/batch_2/000094.JPG,3264,2448,1592.0,1000.0,559.0,450.0,771,2383
taco_2384,TACO,cropped_object_classification,train,Other,Crisp packet,TACO-master/TACO-master/data/filtered_classification/crops/train/Other/000095_ann2384.jpg,TACO-master/TACO-master/data/filtered_classification/crops/train/Other/000095_ann2384.jpg,TACO-master/TACO-master/data/batch_2/000095.JPG,3264,2448,1482.0,711.0,581.0,536.0,772,2384
taco_2487,TACO,cropped_object_classification,train,Metal,Drink can,TACO-master/TACO-master/data/filtered_classification/crops/train/Metal/IMG_4977_ann2487.jpg,TACO-master/TACO-master/data/filtered_classification/crops/train/Metal/IMG_4977_ann2487.jpg,TACO-master/TACO-master/data/batch_3/IMG_4977.JPG,2448,3264,1155.0,1733.0,261.0,265.0,779,2487
taco_2488,TACO,cropped_object_classification,train,Metal,Drink can,TACO-master/TACO-master/data/filtered_classification/crops/train/Metal/IMG_4978_ann2488.jpg,TACO-master/TACO-master/data/filtered_classification/crops/train/Metal/IMG_4978_ann2488.jpg,TACO-master/TACO-master/data/batch_3/IMG_4978.JPG,2448,3264,1088.0,1045.0,320.0,593.0,780,2488
taco_2491,TACO,cropped_object_classification,train,Plastic,Clear plastic bottle,TACO-master/TACO-master/data/filtered_classification/crops/train/Plastic/IMG_4992_ann2491.jpg,TACO-master/TACO-master/data/filtered_classification/crops/train/Plastic/IMG_4992_ann2491.jpg,TACO-master/TACO-master/data/batch_3/IMG_4992.JPG,2448,3264,997.0,897.0,453.0,491.0,782,2491
taco_2493,TACO,cropped_object_classification,val,Plastic,Disposable plastic cup,TACO-master/TACO-master/data/filtered_classification/crops/val/Plastic/IMG_4994_ann2493.jpg,TACO-master/TACO-master/data/filtered_classification/crops/val/Plastic/IMG_4994_ann2493.jpg,TACO-master/TACO-master/data/batch_3/IMG_4994.JPG,2448,3264,574.0,1397.0,350.0,432.0,783,2493
taco_2496,TACO,cropped_object_classification,train,Plastic,Clear plastic bottle,TACO-master/TACO-master/data/filtered_classification/crops/train/Plastic/IMG_4996_ann2496.jpg,TACO-master/TACO-master/data/filtered_classification/crops/train/Plastic/IMG_4996_ann2496.jpg,TACO-master/TACO-master/data/batch_3/IMG_4996.JPG,2448,3264,1099.0,1438.0,297.0,812.0,784,2496
taco_2498,TACO,cropped_object_classification,train,Metal,Drink can,TACO-master/TACO-master/data/filtered_classification/crops/train/Metal/IMG_4996_ann2498.jpg,TACO-master/TACO-master/data/filtered_classification/crops/train/Metal/IMG_4996_ann2498.jpg,TACO-master/TACO-master/data/batch_3/IMG_4996.JPG,2448,3264,800.0,145.0,631.0,371.0,784,2498
taco_2502,TACO,cropped_object_classification,train,Metal,Drink can,TACO-master/TACO-master/data/filtered_classification/crops/train/Metal/IMG_4998_ann2502.jpg,TACO-master/TACO-master/data/filtered_classification/crops/train/Metal/IMG_4998_ann2502.jpg,TACO-master/TACO-master/data/batch_3/IMG_4998.JPG,2448,3264,1129.0,1456.0,328.0,154.0,786,2502
taco_2511,TACO,cropped_object_classification,train,Other,Crisp packet,TACO-master/TACO-master/data/filtered_classification/crops/train/Other/IMG_5040_ann2511.jpg,TACO-master/TACO-master/data/filtered_classification/crops/train/Other/IMG_5040_ann2511.jpg,TACO-master/TACO-master/data/batch_3/IMG_5040.JPG,2448,3264,570.0,1226.0,1464.0,1282.0,791,2511
taco_2512,TACO,cropped_object_classification,train,Other,Crisp packet,TACO-master/TACO-master/data/filtered_classification/crops/train/Other/IMG_5041_ann2512.jpg,TACO-master/TACO-master/data/filtered_classification/crops/train/Other/IMG_5041_ann2512.jpg,TACO-master/TACO-master/data/batch_3/IMG_5041.JPG,2448,3264,1340.0,989.0,964.0,1447.0,792,2512
taco_2513,TACO,cropped_object_classification,train,Glass,Glass bottle,TACO-master/TACO-master/data/filtered_classification/crops/train/Glass/IMG_5042_ann2513.jpg,TACO-master/TACO-master/data/filtered_classification/crops/train/Glass/IMG_5042_ann2513.jpg,TACO-master/TACO-master/data/batch_3/IMG_5042.JPG,2448,3264,1445.0,1048.0,457.0,1110.0,793,2513
taco_2514,TACO,cropped_object_classification,train,Plastic,Clear plastic bottle,TACO-master/TACO-master/data/filtered_classification/crops/train/Plastic/IMG_5043_ann2514.jpg,TACO-master/TACO-master/data/filtered_classification/crops/train/Plastic/IMG_5043_ann2514.jpg,TACO-master/TACO-master/data/batch_3/IMG_5043.JPG,2448,3264,383.0,1252.0,1417.0,699.0,794,2514
taco_2515,TACO,cropped_object_classification,train,PaperCardboard,Other carton,TACO-master/TACO-master/data/filtered_classification/crops/train/PaperCardboard/IMG_5044_ann2515.jpg,TACO-master/TACO-master/data/filtered_classification/crops/train/PaperCardboard/IMG_5044_ann2515.jpg,TACO-master/TACO-master/data/batch_3/IMG_5044.JPG,2448,3264,1131.0,2119.0,607.0,937.0,795,2515
taco_2516,TACO,cropped_object_classification,train,PaperCardboard,Other carton,TACO-master/TACO-master/data/filtered_classification/crops/train/PaperCardboard/IMG_5045_ann2516.jpg,TACO-master/TACO-master/data/filtered_classification/crops/train/PaperCardboard/IMG_5045_ann2516.jpg,TACO-master/TACO-master/data/batch_3/IMG_5045.JPG,2448,3264,1167.0,1396.0,1155.0,1137.0,796,2516
taco_2518,TACO,cropped_object_classification,train,Metal,Food Can,TACO-master/TACO-master/data/filtered_classification/crops/train/Metal/IMG_5046_ann2518.jpg,TACO-master/TACO-master/data/filtered_classification/crops/train/Metal/IMG_5046_ann2518.jpg,TACO-master/TACO-master/data/batch_3/IMG_5046.JPG,2448,3264,987.0,1969.0,404.0,439.0,797,2518
taco_2524,TACO,cropped_object_classification,train,Metal,Aerosol,TACO-master/TACO-master/data/filtered_classification/crops/train/Metal/IMG_5050_ann2524.jpg,TACO-master/TACO-master/data/filtered_classification/crops/train/Metal/IMG_5050_ann2524.jpg,TACO-master/TACO-master/data/batch_3/IMG_5050.JPG,2448,3264,890.0,676.0,454.0,1765.0,800,2524
taco_2528,TACO,cropped_object_classification,val,Plastic,Other plastic bottle,TACO-master/TACO-master/data/filtered_classification/crops/val/Plastic/IMG_5053_ann2528.jpg,TACO-master/TACO-master/data/filtered_classification/crops/val/Plastic/IMG_5053_ann2528.jpg,TACO-master/TACO-master/data/batch_3/IMG_5053.JPG,2448,3264,1594.0,950.0,248.0,603.0,803,2528
taco_2529,TACO,cropped_object_classification,train,Plastic,Clear plastic bottle,TACO-master/TACO-master/data/filtered_classification/crops/train/Plastic/IMG_5053_ann2529.jpg,TACO-master/TACO-master/data/filtered_classification/crops/train/Plastic/IMG_5053_ann2529.jpg,TACO-master/TACO-master/data/batch_3/IMG_5053.JPG,2448,3264,2357.0,407.0,91.0,565.0,803,2529
taco_2537,TACO,cropped_object_classification,train,Metal,Drink can,TACO-master/TACO-master/data/filtered_classification/crops/train/Metal/IMG_5055_ann2537.jpg,TACO-master/TACO-master/data/filtered_classification/crops/train/Metal/IMG_5055_ann2537.jpg,TACO-master/TACO-master/data/batch_3/IMG_5055.JPG,2448,3264,1134.0,1780.0,332.0,308.0,805,2537
taco_2538,TACO,cropped_object_classification,test,Metal,Drink can,TACO-master/TACO-master/data/filtered_classification/crops/test/Metal/IMG_5055_ann2538.jpg,TACO-master/TACO-master/data/filtered_classification/crops/test/Metal/IMG_5055_ann2538.jpg,TACO-master/TACO-master/data/batch_3/IMG_5055.JPG,2448,3264,1213.0,1146.0,310.0,420.0,805,2538
taco_2540,TACO,cropped_object_classification,train,Plastic,Disposable plastic cup,TACO-master/TACO-master/data/filtered_classification/crops/train/Plastic/IMG_5056_ann2540.jpg,TACO-master/TACO-master/data/filtered_classification/crops/train/Plastic/IMG_5056_ann2540.jpg,TACO-master/TACO-master/data/batch_3/IMG_5056.JPG,2448,3264,919.0,1548.0,387.0,392.0,806,2540
taco_2542,TACO,cropped_object_classification,train,Metal,Drink can,TACO-master/TACO-master/data/filtered_classification/crops/train/Metal/IMG_5058_ann2542.jpg,TACO-master/TACO-master/data/filtered_classification/crops/train/Metal/IMG_5058_ann2542.jpg,TACO-master/TACO-master/data/batch_3/IMG_5058.JPG,2448,3264,787.0,1398.0,314.0,245.0,808,2542
taco_2546,TACO,cropped_object_classification,val,PaperCardboard,Other carton,TACO-master/TACO-master/data/filtered_classification/crops/val/PaperCardboard/IMG_4855_ann2546.jpg,TACO-master/TACO-master/data/filtered_classification/crops/val/PaperCardboard/IMG_4855_ann2546.jpg,TACO-master/TACO-master/data/batch_3/IMG_4855.JPG,3264,2448,1245.0,956.0,349.0,406.0,812,2546
taco_2551,TACO,cropped_object_classification,test,Other,Crisp packet,TACO-master/TACO-master/data/filtered_classification/crops/test/Other/IMG_4860_ann2551.jpg,TACO-master/TACO-master/data/filtered_classification/crops/test/Other/IMG_4860_ann2551.jpg,TACO-master/TACO-master/data/batch_3/IMG_4860.JPG,2448,3264,519.0,1226.0,1055.0,729.0,815,2551
taco_2557,TACO,cropped_object_classification,train,PaperCardboard,Other carton,TACO-master/TACO-master/data/filtered_classification/crops/train/PaperCardboard/IMG_4865_ann2557.jpg,TACO-master/TACO-master/data/filtered_classification/crops/train/PaperCardboard/IMG_4865_ann2557.jpg,TACO-master/TACO-master/data/batch_3/IMG_4865.JPG,2448,3264,1125.0,1679.0,899.0,837.0,817,2557
taco_2559,TACO,cropped_object_classification,train,Metal,Drink can,TACO-master/TACO-master/data/filtered_classification/crops/train/Metal/IMG_4868_ann2559.jpg,TACO-master/TACO-master/data/filtered_classification/crops/train/Metal/IMG_4868_ann2559.jpg,TACO-master/TACO-master/data/batch_3/IMG_4868.JPG,2448,3264,712.0,363.0,692.0,1147.0,818,2559
taco_2563,TACO,cropped_object_classification,train,PaperCardboard,Corrugated carton,TACO-master/TACO-master/data/filtered_classification/crops/train/PaperCardboard/IMG_4874_ann2563.jpg,TACO-master/TACO-master/data/filtered_classification/crops/train/PaperCardboard/IMG_4874_ann2563.jpg,TACO-master/TACO-master/data/batch_3/IMG_4874.JPG,2448,3264,248.0,1410.0,2186.0,1625.0,820,2563
taco_2564,TACO,cropped_object_classification,train,PaperCardboard,Corrugated carton,TACO-master/TACO-master/data/filtered_classification/crops/train/PaperCardboard/IMG_4875_ann2564.jpg,TACO-master/TACO-master/data/filtered_classification/crops/train/PaperCardboard/IMG_4875_ann2564.jpg,TACO-master/TACO-master/data/batch_3/IMG_4875.JPG,3264,2448,227.0,398.0,2181.0,2046.0,821,2564
taco_2565,TACO,cropped_object_classification,train,PaperCardboard,Other carton,TACO-master/TACO-master/data/filtered_classification/crops/train/PaperCardboard/IMG_4875_ann2565.jpg,TACO-master/TACO-master/data/filtered_classification/crops/train/PaperCardboard/IMG_4875_ann2565.jpg,TACO-master/TACO-master/data/batch_3/IMG_4875.JPG,3264,2448,2116.0,2.0,792.0,806.0,821,2565
taco_2568,TACO,cropped_object_classification,train,PaperCardboard,Other carton,TACO-master/TACO-master/data/filtered_classification/crops/train/PaperCardboard/IMG_4877_ann2568.jpg,TACO-master/TACO-master/data/filtered_classification/crops/train/PaperCardboard/IMG_4877_ann2568.jpg,TACO-master/TACO-master/data/batch_3/IMG_4877.JPG,2448,3264,323.0,704.0,1852.0,1261.0,823,2568
taco_2570,TACO,cropped_object_classification,test,PaperCardboard,Other carton,TACO-master/TACO-master/data/filtered_classification/crops/test/PaperCardboard/IMG_4878_ann2570.jpg,TACO-master/TACO-master/data/filtered_classification/crops/test/PaperCardboard/IMG_4878_ann2570.jpg,TACO-master/TACO-master/data/batch_3/IMG_4878.JPG,3264,2448,576.0,30.0,1507.0,840.0,824,2570
taco_2572,TACO,cropped_object_classification,train,Plastic,Spread tub,TACO-master/TACO-master/data/filtered_classification/crops/train/Plastic/IMG_4879_ann2572.jpg,TACO-master/TACO-master/data/filtered_classification/crops/train/Plastic/IMG_4879_ann2572.jpg,TACO-master/TACO-master/data/batch_3/IMG_4879.JPG,2448,3264,723.0,688.0,1325.0,1844.0,825,2572
taco_2577,TACO,cropped_object_classification,train,Metal,Drink can,TACO-master/TACO-master/data/filtered_classification/crops/train/Metal/IMG_4889_ann2577.jpg,TACO-master/TACO-master/data/filtered_classification/crops/train/Metal/IMG_4889_ann2577.jpg,TACO-master/TACO-master/data/batch_3/IMG_4889.JPG,2448,3264,982.0,1196.0,262.0,124.0,828,2577
taco_2581,TACO,cropped_object_classification,test,Plastic,Clear plastic bottle,TACO-master/TACO-master/data/filtered_classification/crops/test/Plastic/IMG_4893_ann2581.jpg,TACO-master/TACO-master/data/filtered_classification/crops/test/Plastic/IMG_4893_ann2581.jpg,TACO-master/TACO-master/data/batch_3/IMG_4893.JPG,2448,3264,1083.0,1815.0,250.0,551.0,830,2581
taco_2609,TACO,cropped_object_classification,val,Plastic,Other plastic bottle,TACO-master/TACO-master/data/filtered_classification/crops/val/Plastic/IMG_4915_ann2609.jpg,TACO-master/TACO-master/data/filtered_classification/crops/val/Plastic/IMG_4915_ann2609.jpg,TACO-master/TACO-master/data/batch_3/IMG_4915.JPG,2448,3264,774.0,33.0,938.0,2969.0,840,2609
taco_2613,TACO,cropped_object_classification,val,Metal,Drink can,TACO-master/TACO-master/data/filtered_classification/crops/val/Metal/IMG_4919_ann2613.jpg,TACO-master/TACO-master/data/filtered_classification/crops/val/Metal/IMG_4919_ann2613.jpg,TACO-master/TACO-master/data/batch_3/IMG_4919.JPG,2448,3264,1117.0,2163.0,302.0,133.0,843,2613
taco_2620,TACO,cropped_object_classification,train,Plastic,Disposable plastic cup,TACO-master/TACO-master/data/filtered_classification/crops/train/Plastic/IMG_4922_ann2620.jpg,TACO-master/TACO-master/data/filtered_classification/crops/train/Plastic/IMG_4922_ann2620.jpg,TACO-master/TACO-master/data/batch_3/IMG_4922.JPG,2448,3264,1189.0,1323.0,337.0,442.0,845,2620
taco_2626,TACO,cropped_object_classification,train,Plastic,Clear plastic bottle,TACO-master/TACO-master/data/filtered_classification/crops/train/Plastic/IMG_4932_ann2626.jpg,TACO-master/TACO-master/data/filtered_classification/crops/train/Plastic/IMG_4932_ann2626.jpg,TACO-master/TACO-master/data/batch_3/IMG_4932.JPG,2448,3264,943.0,1186.0,132.0,252.0,849,2626
taco_2627,TACO,cropped_object_classification,val,PaperCardboard,Normal paper,TACO-master/TACO-master/data/filtered_classification/crops/val/PaperCardboard/IMG_4934_ann2627.jpg,TACO-master/TACO-master/data/filtered_classification/crops/val/PaperCardboard/IMG_4934_ann2627.jpg,TACO-master/TACO-master/data/batch_3/IMG_4934.JPG,2448,3264,115.0,1658.0,1697.0,1194.0,850,2627
taco_2628,TACO,cropped_object_classification,train,PaperCardboard,Normal paper,TACO-master/TACO-master/data/filtered_classification/crops/train/PaperCardboard/IMG_4934_ann2628.jpg,TACO-master/TACO-master/data/filtered_classification/crops/train/PaperCardboard/IMG_4934_ann2628.jpg,TACO-master/TACO-master/data/batch_3/IMG_4934.JPG,2448,3264,104.0,547.0,2078.0,1822.0,850,2628
taco_2629,TACO,cropped_object_classification,train,PaperCardboard,Normal paper,TACO-master/TACO-master/data/filtered_classification/crops/train/PaperCardboard/IMG_4934_ann2629.jpg,TACO-master/TACO-master/data/filtered_classification/crops/train/PaperCardboard/IMG_4934_ann2629.jpg,TACO-master/TACO-master/data/batch_3/IMG_4934.JPG,2448,3264,319.0,619.0,1872.0,1433.0,850,2629
taco_2634,TACO,cropped_object_classification,train,PaperCardboard,Paper bag,TACO-master/TACO-master/data/filtered_classification/crops/train/PaperCardboard/IMG_4939_ann2634.jpg,TACO-master/TACO-master/data/filtered_classification/crops/train/PaperCardboard/IMG_4939_ann2634.jpg,TACO-master/TACO-master/data/batch_3/IMG_4939.JPG,2448,3264,0.0,923.0,2097.0,2336.0,852,2634
taco_2646,TACO,cropped_object_classification,train,PaperCardboard,Normal paper,TACO-master/TACO-master/data/filtered_classification/crops/train/PaperCardboard/IMG_4941_ann2646.jpg,TACO-master/TACO-master/data/filtered_classification/crops/train/PaperCardboard/IMG_4941_ann2646.jpg,TACO-master/TACO-master/data/batch_3/IMG_4941.JPG,3264,2448,542.0,1894.0,304.0,160.0,853,2646
taco_2657,TACO,cropped_object_classification,train,Plastic,Clear plastic bottle,TACO-master/TACO-master/data/filtered_classification/crops/train/Plastic/IMG_4963_ann2657.jpg,TACO-master/TACO-master/data/filtered_classification/crops/train/Plastic/IMG_4963_ann2657.jpg,TACO-master/TACO-master/data/batch_3/IMG_4963.JPG,3264,2448,1327.0,1254.0,293.0,239.0,855,2657
taco_2688,TACO,cropped_object_classification,train,Plastic,Clear plastic bottle,TACO-master/TACO-master/data/filtered_classification/crops/train/Plastic/IMG_4948_ann2688.jpg,TACO-master/TACO-master/data/filtered_classification/crops/train/Plastic/IMG_4948_ann2688.jpg,TACO-master/TACO-master/data/batch_3/IMG_4948.JPG,2448,2470,240.0,1431.0,152.0,252.0,866,2688
taco_2697,TACO,cropped_object_classification,test,PaperCardboard,Normal paper,TACO-master/TACO-master/data/filtered_classification/crops/test/PaperCardboard/IMG_4948_ann2697.jpg,TACO-master/TACO-master/data/filtered_classification/crops/test/PaperCardboard/IMG_4948_ann2697.jpg,TACO-master/TACO-master/data/batch_3/IMG_4948.JPG,2448,2470,1903.0,1191.0,545.0,279.0,866,2697
taco_2706,TACO,cropped_object_classification,train,Other,Garbage bag,TACO-master/TACO-master/data/filtered_classification/crops/train/Other/IMG_5061_ann2706.jpg,TACO-master/TACO-master/data/filtered_classification/crops/train/Other/IMG_5061_ann2706.jpg,TACO-master/TACO-master/data/batch_3/IMG_5061.JPG,3264,2448,2959.0,1776.0,304.0,453.0,868,2706
taco_2708,TACO,cropped_object_classification,val,PaperCardboard,Other carton,TACO-master/TACO-master/data/filtered_classification/crops/val/PaperCardboard/IMG_5063_ann2708.jpg,TACO-master/TACO-master/data/filtered_classification/crops/val/PaperCardboard/IMG_5063_ann2708.jpg,TACO-master/TACO-master/data/batch_3/IMG_5063.JPG,3264,2448,579.0,846.0,1598.0,1397.0,869,2708
taco_2709,TACO,cropped_object_classification,train,PaperCardboard,Other carton,TACO-master/TACO-master/data/filtered_classification/crops/train/PaperCardboard/IMG_5064_ann2709.jpg,TACO-master/TACO-master/data/filtered_classification/crops/train/PaperCardboard/IMG_5064_ann2709.jpg,TACO-master/TACO-master/data/batch_3/IMG_5064.JPG,3264,2448,1409.0,1086.0,1385.0,866.0,870,2709
taco_2712,TACO,cropped_object_classification,train,Plastic,Other plastic container,TACO-master/TACO-master/data/filtered_classification/crops/train/Plastic/IMG_5066_ann2712.jpg,TACO-master/TACO-master/data/filtered_classification/crops/train/Plastic/IMG_5066_ann2712.jpg,TACO-master/TACO-master/data/batch_3/IMG_5066.JPG,2448,3264,1320.0,1791.0,616.0,455.0,872,2712
taco_2713,TACO,cropped_object_classification,val,Plastic,Tupperware,TACO-master/TACO-master/data/filtered_classification/crops/val/Plastic/IMG_5066_ann2713.jpg,TACO-master/TACO-master/data/filtered_classification/crops/val/Plastic/IMG_5066_ann2713.jpg,TACO-master/TACO-master/data/batch_3/IMG_5066.JPG,2448,3264,1.0,664.0,1220.0,1334.0,872,2713
taco_2715,TACO,cropped_object_classification,val,PaperCardboard,Other carton,TACO-master/TACO-master/data/filtered_classification/crops/val/PaperCardboard/IMG_5067_ann2715.jpg,TACO-master/TACO-master/data/filtered_classification/crops/val/PaperCardboard/IMG_5067_ann2715.jpg,TACO-master/TACO-master/data/batch_3/IMG_5067.JPG,2448,3264,1530.0,448.0,902.0,629.0,873,2715
taco_2717,TACO,cropped_object_classification,train,PaperCardboard,Normal paper,TACO-master/TACO-master/data/filtered_classification/crops/train/PaperCardboard/IMG_5067_ann2717.jpg,TACO-master/TACO-master/data/filtered_classification/crops/train/PaperCardboard/IMG_5067_ann2717.jpg,TACO-master/TACO-master/data/batch_3/IMG_5067.JPG,2448,3264,1131.0,1450.0,511.0,648.0,873,2717
taco_2719,TACO,cropped_object_classification,train,PaperCardboard,Magazine paper,TACO-master/TACO-master/data/filtered_classification/crops/train/PaperCardboard/IMG_5068_ann2719.jpg,TACO-master/TACO-master/data/filtered_classification/crops/train/PaperCardboard/IMG_5068_ann2719.jpg,TACO-master/TACO-master/data/batch_3/IMG_5068.JPG,3264,2448,259.0,1791.0,731.0,581.0,874,2719
taco_2720,TACO,cropped_object_classification,train,PaperCardboard,Magazine paper,TACO-master/TACO-master/data/filtered_classification/crops/train/PaperCardboard/IMG_5068_ann2720.jpg,TACO-master/TACO-master/data/filtered_classification/crops/train/PaperCardboard/IMG_5068_ann2720.jpg,TACO-master/TACO-master/data/batch_3/IMG_5068.JPG,3264,2448,486.0,1423.0,455.0,313.0,874,2720
taco_2721,TACO,cropped_object_classification,val,PaperCardboard,Magazine paper,TACO-master/TACO-master/data/filtered_classification/crops/val/PaperCardboard/IMG_5068_ann2721.jpg,TACO-master/TACO-master/data/filtered_classification/crops/val/PaperCardboard/IMG_5068_ann2721.jpg,TACO-master/TACO-master/data/batch_3/IMG_5068.JPG,3264,2448,434.0,1217.0,400.0,344.0,874,2721
taco_2722,TACO,cropped_object_classification,train,PaperCardboard,Magazine paper,TACO-master/TACO-master/data/filtered_classification/crops/train/PaperCardboard/IMG_5068_ann2722.jpg,TACO-master/TACO-master/data/filtered_classification/crops/train/PaperCardboard/IMG_5068_ann2722.jpg,TACO-master/TACO-master/data/batch_3/IMG_5068.JPG,3264,2448,516.0,681.0,518.0,567.0,874,2722
taco_2723,TACO,cropped_object_classification,train,PaperCardboard,Magazine paper,TACO-master/TACO-master/data/filtered_classification/crops/train/PaperCardboard/IMG_5068_ann2723.jpg,TACO-master/TACO-master/data/filtered_classification/crops/train/PaperCardboard/IMG_5068_ann2723.jpg,TACO-master/TACO-master/data/batch_3/IMG_5068.JPG,3264,2448,838.0,865.0,512.0,583.0,874,2723
taco_2724,TACO,cropped_object_classification,train,PaperCardboard,Magazine paper,TACO-master/TACO-master/data/filtered_classification/crops/train/PaperCardboard/IMG_5068_ann2724.jpg,TACO-master/TACO-master/data/filtered_classification/crops/train/PaperCardboard/IMG_5068_ann2724.jpg,TACO-master/TACO-master/data/batch_3/IMG_5068.JPG,3264,2448,1026.0,967.0,644.0,435.0,874,2724
taco_2725,TACO,cropped_object_classification,train,PaperCardboard,Magazine paper,TACO-master/TACO-master/data/filtered_classification/crops/train/PaperCardboard/IMG_5068_ann2725.jpg,TACO-master/TACO-master/data/filtered_classification/crops/train/PaperCardboard/IMG_5068_ann2725.jpg,TACO-master/TACO-master/data/batch_3/IMG_5068.JPG,3264,2448,867.0,1201.0,968.0,1116.0,874,2725
taco_2763,TACO,cropped_object_classification,train,Plastic,Clear plastic bottle,TACO-master/TACO-master/data/filtered_classification/crops/train/Plastic/000032_ann2763.jpg,TACO-master/TACO-master/data/filtered_classification/crops/train/Plastic/000032_ann2763.jpg,TACO-master/TACO-master/data/batch_4/000032.JPG,2448,3264,805.0,1839.0,309.0,569.0,875,2763
taco_2778,TACO,cropped_object_classification,train,PaperCardboard,Normal paper,TACO-master/TACO-master/data/filtered_classification/crops/train/PaperCardboard/000004_ann2778.jpg,TACO-master/TACO-master/data/filtered_classification/crops/train/PaperCardboard/000004_ann2778.jpg,TACO-master/TACO-master/data/batch_4/000004.JPG,3264,2448,1573.0,1029.0,409.0,117.0,881,2778
taco_2780,TACO,cropped_object_classification,val,Plastic,Disposable plastic cup,TACO-master/TACO-master/data/filtered_classification/crops/val/Plastic/000005_ann2780.jpg,TACO-master/TACO-master/data/filtered_classification/crops/val/Plastic/000005_ann2780.jpg,TACO-master/TACO-master/data/batch_4/000005.JPG,3264,2448,1549.0,855.0,281.0,198.0,882,2780
taco_2804,TACO,cropped_object_classification,val,Plastic,Other plastic cup,TACO-master/TACO-master/data/filtered_classification/crops/val/Plastic/000026_ann2804.jpg,TACO-master/TACO-master/data/filtered_classification/crops/val/Plastic/000026_ann2804.jpg,TACO-master/TACO-master/data/batch_4/000026.JPG,2448,3264,1868.0,1814.0,469.0,240.0,901,2804
taco_2818,TACO,cropped_object_classification,train,Plastic,Disposable plastic cup,TACO-master/TACO-master/data/filtered_classification/crops/train/Plastic/000039_ann2818.jpg,TACO-master/TACO-master/data/filtered_classification/crops/train/Plastic/000039_ann2818.jpg,TACO-master/TACO-master/data/batch_4/000039.JPG,3264,2448,624.0,1087.0,796.0,338.0,910,2818
taco_2819,TACO,cropped_object_classification,train,Plastic,Disposable plastic cup,TACO-master/TACO-master/data/filtered_classification/crops/train/Plastic/000040_ann2819.jpg,TACO-master/TACO-master/data/filtered_classification/crops/train/Plastic/000040_ann2819.jpg,TACO-master/TACO-master/data/batch_4/000040.JPG,2448,3264,1163.0,2064.0,373.0,488.0,911,2819
taco_2821,TACO,cropped_object_classification,test,PaperCardboard,Normal paper,TACO-master/TACO-master/data/filtered_classification/crops/test/PaperCardboard/000042_ann2821.jpg,TACO-master/TACO-master/data/filtered_classification/crops/test/PaperCardboard/000042_ann2821.jpg,TACO-master/TACO-master/data/batch_4/000042.JPG,2448,3264,167.0,1399.0,449.0,340.0,913,2821
taco_2835,TACO,cropped_object_classification,train,Organic,Food waste,TACO-master/TACO-master/data/filtered_classification/crops/train/Organic/000054_ann2835.jpg,TACO-master/TACO-master/data/filtered_classification/crops/train/Organic/000054_ann2835.jpg,TACO-master/TACO-master/data/batch_4/000054.JPG,3264,2448,1611.0,364.0,477.0,406.0,924,2835
taco_2856,TACO,cropped_object_classification,test,Other,Styrofoam piece,TACO-master/TACO-master/data/filtered_classification/crops/test/Other/000072_ann2856.jpg,TACO-master/TACO-master/data/filtered_classification/crops/test/Other/000072_ann2856.jpg,TACO-master/TACO-master/data/batch_4/000072.JPG,3264,2448,991.0,1540.0,850.0,648.0,940,2856
taco_2857,TACO,cropped_object_classification,train,Other,Styrofoam piece,TACO-master/TACO-master/data/filtered_classification/crops/train/Other/000073_ann2857.jpg,TACO-master/TACO-master/data/filtered_classification/crops/train/Other/000073_ann2857.jpg,TACO-master/TACO-master/data/batch_4/000073.JPG,3264,2448,1579.0,1327.0,427.0,440.0,941,2857
taco_2866,TACO,cropped_object_classification,train,Plastic,Disposable plastic cup,TACO-master/TACO-master/data/filtered_classification/crops/train/Plastic/000082_ann2866.jpg,TACO-master/TACO-master/data/filtered_classification/crops/train/Plastic/000082_ann2866.jpg,TACO-master/TACO-master/data/batch_4/000082.JPG,3264,2448,708.0,1109.0,234.0,222.0,948,2866
taco_2888,TACO,cropped_object_classification,train,Plastic,Other plastic bottle,TACO-master/TACO-master/data/filtered_classification/crops/train/Plastic/000097_ann2888.jpg,TACO-master/TACO-master/data/filtered_classification/crops/train/Plastic/000097_ann2888.jpg,TACO-master/TACO-master/data/batch_4/000097.JPG,2448,3264,1567.0,1375.0,262.0,122.0,962,2888
taco_2889,TACO,cropped_object_classification,train,Plastic,Squeezable tube,TACO-master/TACO-master/data/filtered_classification/crops/train/Plastic/000097_ann2889.jpg,TACO-master/TACO-master/data/filtered_classification/crops/train/Plastic/000097_ann2889.jpg,TACO-master/TACO-master/data/batch_4/000097.JPG,2448,3264,841.0,1834.0,426.0,315.0,962,2889
taco_2926,TACO,cropped_object_classification,train,Plastic,Clear plastic bottle,TACO-master/TACO-master/data/filtered_classification/crops/train/Plastic/000071_ann2926.jpg,TACO-master/TACO-master/data/filtered_classification/crops/train/Plastic/000071_ann2926.jpg,TACO-master/TACO-master/data/batch_5/000071.JPG,2448,3264,1282.0,1981.0,511.0,394.0,964,2926
taco_2929,TACO,cropped_object_classification,train,Plastic,Clear plastic bottle,TACO-master/TACO-master/data/filtered_classification/crops/train/Plastic/000072_ann2929.jpg,TACO-master/TACO-master/data/filtered_classification/crops/train/Plastic/000072_ann2929.jpg,TACO-master/TACO-master/data/batch_5/000072.JPG,3264,2448,1463.0,682.0,524.0,466.0,965,2929
taco_2930,TACO,cropped_object_classification,test,Metal,Drink can,TACO-master/TACO-master/data/filtered_classification/crops/test/Metal/000073_ann2930.jpg,TACO-master/TACO-master/data/filtered_classification/crops/test/Metal/000073_ann2930.jpg,TACO-master/TACO-master/data/batch_5/000073.JPG,2448,3264,1085.0,1901.0,512.0,471.0,966,2930
taco_2941,TACO,cropped_object_classification,train,Plastic,Clear plastic bottle,TACO-master/TACO-master/data/filtered_classification/crops/train/Plastic/000083_ann2941.jpg,TACO-master/TACO-master/data/filtered_classification/crops/train/Plastic/000083_ann2941.jpg,TACO-master/TACO-master/data/batch_5/000083.JPG,3264,2448,1638.0,972.0,398.0,105.0,974,2941
taco_2944,TACO,cropped_object_classification,train,Plastic,Clear plastic bottle,TACO-master/TACO-master/data/filtered_classification/crops/train/Plastic/000084_ann2944.jpg,TACO-master/TACO-master/data/filtered_classification/crops/train/Plastic/000084_ann2944.jpg,TACO-master/TACO-master/data/batch_5/000084.JPG,3264,2448,1344.0,1393.0,564.0,306.0,975,2944
taco_2952,TACO,cropped_object_classification,train,Other,Styrofoam piece,TACO-master/TACO-master/data/filtered_classification/crops/train/Other/000089_ann2952.jpg,TACO-master/TACO-master/data/filtered_classification/crops/train/Other/000089_ann2952.jpg,TACO-master/TACO-master/data/batch_5/000089.JPG,3264,2448,875.0,1204.0,303.0,270.0,980,2952
taco_2957,TACO,cropped_object_classification,train,PaperCardboard,Paper bag,TACO-master/TACO-master/data/filtered_classification/crops/train/PaperCardboard/000092_ann2957.jpg,TACO-master/TACO-master/data/filtered_classification/crops/train/PaperCardboard/000092_ann2957.jpg,TACO-master/TACO-master/data/batch_5/000092.JPG,2448,3264,617.0,1443.0,555.0,566.0,983,2957
taco_2960,TACO,cropped_object_classification,train,Other,Styrofoam piece,TACO-master/TACO-master/data/filtered_classification/crops/train/Other/000093_ann2960.jpg,TACO-master/TACO-master/data/filtered_classification/crops/train/Other/000093_ann2960.jpg,TACO-master/TACO-master/data/batch_5/000093.JPG,3264,2448,1544.0,676.0,218.0,173.0,984,2960
taco_2963,TACO,cropped_object_classification,test,Other,Styrofoam piece,TACO-master/TACO-master/data/filtered_classification/crops/test/Other/000094_ann2963.jpg,TACO-master/TACO-master/data/filtered_classification/crops/test/Other/000094_ann2963.jpg,TACO-master/TACO-master/data/batch_5/000094.JPG,3264,2448,1084.0,1854.0,222.0,205.0,985,2963
taco_2964,TACO,cropped_object_classification,val,Plastic,Disposable plastic cup,TACO-master/TACO-master/data/filtered_classification/crops/val/Plastic/000095_ann2964.jpg,TACO-master/TACO-master/data/filtered_classification/crops/val/Plastic/000095_ann2964.jpg,TACO-master/TACO-master/data/batch_5/000095.JPG,3264,2448,1965.0,1129.0,586.0,338.0,986,2964
taco_2965,TACO,cropped_object_classification,train,Plastic,Disposable plastic cup,TACO-master/TACO-master/data/filtered_classification/crops/train/Plastic/000096_ann2965.jpg,TACO-master/TACO-master/data/filtered_classification/crops/train/Plastic/000096_ann2965.jpg,TACO-master/TACO-master/data/batch_5/000096.JPG,3264,2448,1668.0,1068.0,439.0,352.0,987,2965
taco_2966,TACO,cropped_object_classification,train,PaperCardboard,Other carton,TACO-master/TACO-master/data/filtered_classification/crops/train/PaperCardboard/000097_ann2966.jpg,TACO-master/TACO-master/data/filtered_classification/crops/train/PaperCardboard/000097_ann2966.jpg,TACO-master/TACO-master/data/batch_5/000097.JPG,3264,2448,1850.0,571.0,314.0,563.0,988,2966
taco_2971,TACO,cropped_object_classification,val,Other,Garbage bag,TACO-master/TACO-master/data/filtered_classification/crops/val/Other/000063_ann2971.jpg,TACO-master/TACO-master/data/filtered_classification/crops/val/Other/000063_ann2971.jpg,TACO-master/TACO-master/data/batch_5/000063.JPG,2448,3264,831.0,1072.0,1000.0,924.0,993,2971
taco_2972,TACO,cropped_object_classification,val,PaperCardboard,Normal paper,TACO-master/TACO-master/data/filtered_classification/crops/val/PaperCardboard/000063_ann2972.jpg,TACO-master/TACO-master/data/filtered_classification/crops/val/PaperCardboard/000063_ann2972.jpg,TACO-master/TACO-master/data/batch_5/000063.JPG,2448,3264,992.0,1266.0,237.0,205.0,993,2972
taco_2975,TACO,cropped_object_classification,train,Plastic,Other plastic bottle,TACO-master/TACO-master/data/filtered_classification/crops/train/Plastic/000066_ann2975.jpg,TACO-master/TACO-master/data/filtered_classification/crops/train/Plastic/000066_ann2975.jpg,TACO-master/TACO-master/data/batch_5/000066.JPG,2448,3264,1754.0,1351.0,262.0,534.0,995,2975
taco_2977,TACO,cropped_object_classification,train,Plastic,Clear plastic bottle,TACO-master/TACO-master/data/filtered_classification/crops/train/Plastic/000067_ann2977.jpg,TACO-master/TACO-master/data/filtered_classification/crops/train/Plastic/000067_ann2977.jpg,TACO-master/TACO-master/data/batch_5/000067.JPG,2448,3264,883.0,1274.0,460.0,415.0,996,2977
taco_2982,TACO,cropped_object_classification,train,PaperCardboard,Corrugated carton,TACO-master/TACO-master/data/filtered_classification/crops/train/PaperCardboard/000068_ann2982.jpg,TACO-master/TACO-master/data/filtered_classification/crops/train/PaperCardboard/000068_ann2982.jpg,TACO-master/TACO-master/data/batch_5/000068.JPG,2448,3264,879.0,1475.0,811.0,465.0,997,2982
taco_2984,TACO,cropped_object_classification,train,PaperCardboard,Normal paper,TACO-master/TACO-master/data/filtered_classification/crops/train/PaperCardboard/000069_ann2984.jpg,TACO-master/TACO-master/data/filtered_classification/crops/train/PaperCardboard/000069_ann2984.jpg,TACO-master/TACO-master/data/batch_5/000069.JPG,2448,3264,19.0,197.0,238.0,200.0,998,2984
taco_2985,TACO,cropped_object_classification,train,Plastic,Clear plastic bottle,TACO-master/TACO-master/data/filtered_classification/crops/train/Plastic/000070_ann2985.jpg,TACO-master/TACO-master/data/filtered_classification/crops/train/Plastic/000070_ann2985.jpg,TACO-master/TACO-master/data/batch_5/000070.JPG,2448,3264,1230.0,1046.0,181.0,424.0,999,2985
taco_2986,TACO,cropped_object_classification,train,Glass,Glass bottle,TACO-master/TACO-master/data/filtered_classification/crops/train/Glass/000101_ann2986.jpg,TACO-master/TACO-master/data/filtered_classification/crops/train/Glass/000101_ann2986.jpg,TACO-master/TACO-master/data/batch_5/000101.JPG,2448,3264,1460.0,659.0,314.0,624.0,1000,2986
taco_2989,TACO,cropped_object_classification,val,Metal,Drink can,TACO-master/TACO-master/data/filtered_classification/crops/val/Metal/000103_ann2989.jpg,TACO-master/TACO-master/data/filtered_classification/crops/val/Metal/000103_ann2989.jpg,TACO-master/TACO-master/data/batch_5/000103.JPG,3264,2448,2107.0,1414.0,237.0,183.0,1002,2989
taco_2991,TACO,cropped_object_classification,train,PaperCardboard,Corrugated carton,TACO-master/TACO-master/data/filtered_classification/crops/train/PaperCardboard/000104_ann2991.jpg,TACO-master/TACO-master/data/filtered_classification/crops/train/PaperCardboard/000104_ann2991.jpg,TACO-master/TACO-master/data/batch_5/000104.JPG,3264,2448,716.0,1329.0,1153.0,733.0,1003,2991
taco_3002,TACO,cropped_object_classification,train,Other,Styrofoam piece,TACO-master/TACO-master/data/filtered_classification/crops/train/Other/000107_ann3002.jpg,TACO-master/TACO-master/data/filtered_classification/crops/train/Other/000107_ann3002.jpg,TACO-master/TACO-master/data/batch_5/000107.JPG,3264,2448,1720.0,1104.0,308.0,418.0,1006,3002
taco_3006,TACO,cropped_object_classification,train,Glass,Glass bottle,TACO-master/TACO-master/data/filtered_classification/crops/train/Glass/000120_ann3006.jpg,TACO-master/TACO-master/data/filtered_classification/crops/train/Glass/000120_ann3006.jpg,TACO-master/TACO-master/data/batch_5/000120.JPG,2448,3264,1305.0,2250.0,312.0,682.0,1008,3006
taco_3008,TACO,cropped_object_classification,train,Plastic,Disposable plastic cup,TACO-master/TACO-master/data/filtered_classification/crops/train/Plastic/000120_ann3008.jpg,TACO-master/TACO-master/data/filtered_classification/crops/train/Plastic/000120_ann3008.jpg,TACO-master/TACO-master/data/batch_5/000120.JPG,2448,3264,1246.0,1225.0,291.0,387.0,1008,3008
taco_3021,TACO,cropped_object_classification,train,Plastic,Clear plastic bottle,TACO-master/TACO-master/data/filtered_classification/crops/train/Plastic/000114_ann3021.jpg,TACO-master/TACO-master/data/filtered_classification/crops/train/Plastic/000114_ann3021.jpg,TACO-master/TACO-master/data/batch_5/000114.JPG,2448,3264,1062.0,556.0,534.0,323.0,1013,3021
taco_3027,TACO,cropped_object_classification,test,PaperCardboard,Normal paper,TACO-master/TACO-master/data/filtered_classification/crops/test/PaperCardboard/000117_ann3027.jpg,TACO-master/TACO-master/data/filtered_classification/crops/test/PaperCardboard/000117_ann3027.jpg,TACO-master/TACO-master/data/batch_5/000117.JPG,3264,2448,829.0,1665.0,686.0,453.0,1016,3027
taco_3029,TACO,cropped_object_classification,train,Plastic,Disposable plastic cup,TACO-master/TACO-master/data/filtered_classification/crops/train/Plastic/000000_ann3029.jpg,TACO-master/TACO-master/data/filtered_classification/crops/train/Plastic/000000_ann3029.jpg,TACO-master/TACO-master/data/batch_5/000000.JPG,2448,3264,1001.0,1872.0,189.0,242.0,1018,3029
taco_3032,TACO,cropped_object_classification,train,Plastic,Clear plastic bottle,TACO-master/TACO-master/data/filtered_classification/crops/train/Plastic/000001_ann3032.jpg,TACO-master/TACO-master/data/filtered_classification/crops/train/Plastic/000001_ann3032.jpg,TACO-master/TACO-master/data/batch_5/000001.JPG,2448,3264,1310.0,1445.0,293.0,212.0,1019,3032
taco_3034,TACO,cropped_object_classification,train,Metal,Drink can,TACO-master/TACO-master/data/filtered_classification/crops/train/Metal/000002_ann3034.jpg,TACO-master/TACO-master/data/filtered_classification/crops/train/Metal/000002_ann3034.jpg,TACO-master/TACO-master/data/batch_5/000002.JPG,2448,3264,1410.0,1275.0,236.0,241.0,1020,3034
taco_3037,TACO,cropped_object_classification,train,Metal,Drink can,TACO-master/TACO-master/data/filtered_classification/crops/train/Metal/000004_ann3037.jpg,TACO-master/TACO-master/data/filtered_classification/crops/train/Metal/000004_ann3037.jpg,TACO-master/TACO-master/data/batch_5/000004.JPG,3264,2448,2127.0,691.0,628.0,518.0,1021,3037
taco_3042,TACO,cropped_object_classification,train,Metal,Drink can,TACO-master/TACO-master/data/filtered_classification/crops/train/Metal/000005_ann3042.jpg,TACO-master/TACO-master/data/filtered_classification/crops/train/Metal/000005_ann3042.jpg,TACO-master/TACO-master/data/batch_5/000005.JPG,3264,2448,613.0,435.0,197.0,430.0,1022,3042
taco_3044,TACO,cropped_object_classification,train,Plastic,Clear plastic bottle,TACO-master/TACO-master/data/filtered_classification/crops/train/Plastic/000005_ann3044.jpg,TACO-master/TACO-master/data/filtered_classification/crops/train/Plastic/000005_ann3044.jpg,TACO-master/TACO-master/data/batch_5/000005.JPG,3264,2448,436.0,1828.0,419.0,502.0,1022,3044
taco_3047,TACO,cropped_object_classification,train,Metal,Drink can,TACO-master/TACO-master/data/filtered_classification/crops/train/Metal/000007_ann3047.jpg,TACO-master/TACO-master/data/filtered_classification/crops/train/Metal/000007_ann3047.jpg,TACO-master/TACO-master/data/batch_5/000007.JPG,3264,2448,1461.0,956.0,332.0,219.0,1024,3047
taco_3048,TACO,cropped_object_classification,train,Plastic,Clear plastic bottle,TACO-master/TACO-master/data/filtered_classification/crops/train/Plastic/000008_ann3048.jpg,TACO-master/TACO-master/data/filtered_classification/crops/train/Plastic/000008_ann3048.jpg,TACO-master/TACO-master/data/batch_5/000008.JPG,2448,3264,1032.0,1443.0,509.0,278.0,1025,3048
taco_3054,TACO,cropped_object_classification,val,Metal,Drink can,TACO-master/TACO-master/data/filtered_classification/crops/val/Metal/000011_ann3054.jpg,TACO-master/TACO-master/data/filtered_classification/crops/val/Metal/000011_ann3054.jpg,TACO-master/TACO-master/data/batch_5/000011.JPG,2448,3264,836.0,1228.0,594.0,315.0,1028,3054
taco_3056,TACO,cropped_object_classification,test,PaperCardboard,Other carton,TACO-master/TACO-master/data/filtered_classification/crops/test/PaperCardboard/000012_ann3056.jpg,TACO-master/TACO-master/data/filtered_classification/crops/test/PaperCardboard/000012_ann3056.jpg,TACO-master/TACO-master/data/batch_5/000012.JPG,2448,3264,1384.0,985.0,1064.0,855.0,1029,3056
taco_3060,TACO,cropped_object_classification,val,Metal,Drink can,TACO-master/TACO-master/data/filtered_classification/crops/val/Metal/000012_ann3060.jpg,TACO-master/TACO-master/data/filtered_classification/crops/val/Metal/000012_ann3060.jpg,TACO-master/TACO-master/data/batch_5/000012.JPG,2448,3264,825.0,1405.0,303.0,434.0,1029,3060
taco_3061,TACO,cropped_object_classification,train,Metal,Drink can,TACO-master/TACO-master/data/filtered_classification/crops/train/Metal/000012_ann3061.jpg,TACO-master/TACO-master/data/filtered_classification/crops/train/Metal/000012_ann3061.jpg,TACO-master/TACO-master/data/batch_5/000012.JPG,2448,3264,1149.0,1297.0,261.0,457.0,1029,3061
taco_3062,TACO,cropped_object_classification,val,Metal,Drink can,TACO-master/TACO-master/data/filtered_classification/crops/val/Metal/000012_ann3062.jpg,TACO-master/TACO-master/data/filtered_classification/crops/val/Metal/000012_ann3062.jpg,TACO-master/TACO-master/data/batch_5/000012.JPG,2448,3264,1277.0,1590.0,502.0,341.0,1029,3062
taco_3065,TACO,cropped_object_classification,test,Other,Styrofoam piece,TACO-master/TACO-master/data/filtered_classification/crops/test/Other/000014_ann3065.jpg,TACO-master/TACO-master/data/filtered_classification/crops/test/Other/000014_ann3065.jpg,TACO-master/TACO-master/data/batch_5/000014.JPG,2448,3264,1519.0,1436.0,295.0,241.0,1031,3065
taco_3080,TACO,cropped_object_classification,train,Metal,Drink can,TACO-master/TACO-master/data/filtered_classification/crops/train/Metal/000016_ann3080.jpg,TACO-master/TACO-master/data/filtered_classification/crops/train/Metal/000016_ann3080.jpg,TACO-master/TACO-master/data/batch_5/000016.JPG,2448,3264,1232.0,1628.0,234.0,332.0,1033,3080
taco_3083,TACO,cropped_object_classification,val,Metal,Drink can,TACO-master/TACO-master/data/filtered_classification/crops/val/Metal/000017_ann3083.jpg,TACO-master/TACO-master/data/filtered_classification/crops/val/Metal/000017_ann3083.jpg,TACO-master/TACO-master/data/batch_5/000017.JPG,2448,3264,907.0,1125.0,459.0,321.0,1034,3083
taco_3091,TACO,cropped_object_classification,train,Other,Crisp packet,TACO-master/TACO-master/data/filtered_classification/crops/train/Other/000020_ann3091.jpg,TACO-master/TACO-master/data/filtered_classification/crops/train/Other/000020_ann3091.jpg,TACO-master/TACO-master/data/batch_5/000020.JPG,2448,3264,1241.0,2449.0,526.0,434.0,1037,3091
taco_3097,TACO,cropped_object_classification,val,PaperCardboard,Paper bag,TACO-master/TACO-master/data/filtered_classification/crops/val/PaperCardboard/000022_ann3097.jpg,TACO-master/TACO-master/data/filtered_classification/crops/val/PaperCardboard/000022_ann3097.jpg,TACO-master/TACO-master/data/batch_5/000022.JPG,2448,3264,1399.0,1017.0,605.0,362.0,1039,3097
taco_3100,TACO,cropped_object_classification,test,PaperCardboard,Paper bag,TACO-master/TACO-master/data/filtered_classification/crops/test/PaperCardboard/000024_ann3100.jpg,TACO-master/TACO-master/data/filtered_classification/crops/test/PaperCardboard/000024_ann3100.jpg,TACO-master/TACO-master/data/batch_5/000024.JPG,2448,3264,420.0,1722.0,876.0,913.0,1041,3100
taco_3103,TACO,cropped_object_classification,train,Glass,Glass bottle,TACO-master/TACO-master/data/filtered_classification/crops/train/Glass/000027_ann3103.jpg,TACO-master/TACO-master/data/filtered_classification/crops/train/Glass/000027_ann3103.jpg,TACO-master/TACO-master/data/batch_5/000027.JPG,2448,3264,1256.0,234.0,175.0,686.0,1044,3103
taco_3106,TACO,cropped_object_classification,train,Plastic,Clear plastic bottle,TACO-master/TACO-master/data/filtered_classification/crops/train/Plastic/000028_ann3106.jpg,TACO-master/TACO-master/data/filtered_classification/crops/train/Plastic/000028_ann3106.jpg,TACO-master/TACO-master/data/batch_5/000028.JPG,2448,3264,1055.0,1724.0,341.0,661.0,1045,3106
taco_3129,TACO,cropped_object_classification,train,PaperCardboard,Normal paper,TACO-master/TACO-master/data/filtered_classification/crops/train/PaperCardboard/000037_ann3129.jpg,TACO-master/TACO-master/data/filtered_classification/crops/train/PaperCardboard/000037_ann3129.jpg,TACO-master/TACO-master/data/batch_5/000037.JPG,2448,3264,315.0,588.0,557.0,492.0,1053,3129
taco_3130,TACO,cropped_object_classification,train,Other,Styrofoam piece,TACO-master/TACO-master/data/filtered_classification/crops/train/Other/000038_ann3130.jpg,TACO-master/TACO-master/data/filtered_classification/crops/train/Other/000038_ann3130.jpg,TACO-master/TACO-master/data/batch_5/000038.JPG,2448,3264,1459.0,1186.0,463.0,362.0,1054,3130
taco_3133,TACO,cropped_object_classification,train,Metal,Drink can,TACO-master/TACO-master/data/filtered_classification/crops/train/Metal/000040_ann3133.jpg,TACO-master/TACO-master/data/filtered_classification/crops/train/Metal/000040_ann3133.jpg,TACO-master/TACO-master/data/batch_5/000040.JPG,3264,2448,2054.0,988.0,470.0,372.0,1056,3133
taco_3140,TACO,cropped_object_classification,train,Other,Crisp packet,TACO-master/TACO-master/data/filtered_classification/crops/train/Other/000043_ann3140.jpg,TACO-master/TACO-master/data/filtered_classification/crops/train/Other/000043_ann3140.jpg,TACO-master/TACO-master/data/batch_5/000043.JPG,2448,3264,981.0,1431.0,572.0,384.0,1059,3140
taco_3146,TACO,cropped_object_classification,train,Metal,Food Can,TACO-master/TACO-master/data/filtered_classification/crops/train/Metal/000046_ann3146.jpg,TACO-master/TACO-master/data/filtered_classification/crops/train/Metal/000046_ann3146.jpg,TACO-master/TACO-master/data/batch_5/000046.JPG,2448,3264,1067.0,1422.0,324.0,372.0,1061,3146
taco_3152,TACO,cropped_object_classification,train,Plastic,Disposable plastic cup,TACO-master/TACO-master/data/filtered_classification/crops/train/Plastic/000049_ann3152.jpg,TACO-master/TACO-master/data/filtered_classification/crops/train/Plastic/000049_ann3152.jpg,TACO-master/TACO-master/data/batch_5/000049.JPG,2448,3264,1538.0,2113.0,266.0,310.0,1064,3152
taco_3159,TACO,cropped_object_classification,val,PaperCardboard,Corrugated carton,TACO-master/TACO-master/data/filtered_classification/crops/val/PaperCardboard/000049_ann3159.jpg,TACO-master/TACO-master/data/filtered_classification/crops/val/PaperCardboard/000049_ann3159.jpg,TACO-master/TACO-master/data/batch_5/000049.JPG,2448,3264,790.0,1129.0,753.0,673.0,1064,3159
taco_3160,TACO,cropped_object_classification,train,PaperCardboard,Corrugated carton,TACO-master/TACO-master/data/filtered_classification/crops/train/PaperCardboard/000049_ann3160.jpg,TACO-master/TACO-master/data/filtered_classification/crops/train/PaperCardboard/000049_ann3160.jpg,TACO-master/TACO-master/data/batch_5/000049.JPG,2448,3264,1935.0,608.0,512.0,715.0,1064,3160
taco_3161,TACO,cropped_object_classification,train,PaperCardboard,Paper bag,TACO-master/TACO-master/data/filtered_classification/crops/train/PaperCardboard/000049_ann3161.jpg,TACO-master/TACO-master/data/filtered_classification/crops/train/PaperCardboard/000049_ann3161.jpg,TACO-master/TACO-master/data/batch_5/000049.JPG,2448,3264,1451.0,552.0,452.0,267.0,1064,3161
taco_3167,TACO,cropped_object_classification,train,Metal,Drink can,TACO-master/TACO-master/data/filtered_classification/crops/train/Metal/000051_ann3167.jpg,TACO-master/TACO-master/data/filtered_classification/crops/train/Metal/000051_ann3167.jpg,TACO-master/TACO-master/data/batch_5/000051.JPG,2448,3264,865.0,1143.0,353.0,254.0,1066,3167
taco_3178,TACO,cropped_object_classification,val,Other,Crisp packet,TACO-master/TACO-master/data/filtered_classification/crops/val/Other/000058_ann3178.jpg,TACO-master/TACO-master/data/filtered_classification/crops/val/Other/000058_ann3178.jpg,TACO-master/TACO-master/data/batch_5/000058.JPG,2448,3264,1092.0,1262.0,161.0,241.0,1072,3178
taco_3179,TACO,cropped_object_classification,train,Other,Crisp packet,TACO-master/TACO-master/data/filtered_classification/crops/train/Other/000059_ann3179.jpg,TACO-master/TACO-master/data/filtered_classification/crops/train/Other/000059_ann3179.jpg,TACO-master/TACO-master/data/batch_5/000059.JPG,2448,3264,1077.0,1612.0,367.0,285.0,1073,3179
taco_3180,TACO,cropped_object_classification,train,Plastic,Disposable plastic cup,TACO-master/TACO-master/data/filtered_classification/crops/train/Plastic/000060_ann3180.jpg,TACO-master/TACO-master/data/filtered_classification/crops/train/Plastic/000060_ann3180.jpg,TACO-master/TACO-master/data/batch_5/000060.JPG,2448,3264,1302.0,843.0,147.0,241.0,1074,3180
taco_3181,TACO,cropped_object_classification,test,Plastic,Disposable plastic cup,TACO-master/TACO-master/data/filtered_classification/crops/test/Plastic/000060_ann3181.jpg,TACO-master/TACO-master/data/filtered_classification/crops/test/Plastic/000060_ann3181.jpg,TACO-master/TACO-master/data/batch_5/000060.JPG,2448,3264,1360.0,1304.0,272.0,177.0,1074,3181
taco_3229,TACO,cropped_object_classification,train,Plastic,Disposable plastic cup,TACO-master/TACO-master/data/filtered_classification/crops/train/Plastic/000052_ann3229.jpg,TACO-master/TACO-master/data/filtered_classification/crops/train/Plastic/000052_ann3229.jpg,TACO-master/TACO-master/data/batch_6/000052.JPG,2448,3264,956.0,1473.0,154.0,202.0,1076,3229
taco_3230,TACO,cropped_object_classification,train,Plastic,Clear plastic bottle,TACO-master/TACO-master/data/filtered_classification/crops/train/Plastic/000104_ann3230.jpg,TACO-master/TACO-master/data/filtered_classification/crops/train/Plastic/000104_ann3230.jpg,TACO-master/TACO-master/data/batch_6/000104.JPG,2448,3264,501.0,908.0,630.0,581.0,1077,3230
taco_3244,TACO,cropped_object_classification,train,Plastic,Clear plastic bottle,TACO-master/TACO-master/data/filtered_classification/crops/train/Plastic/000100_ann3244.jpg,TACO-master/TACO-master/data/filtered_classification/crops/train/Plastic/000100_ann3244.jpg,TACO-master/TACO-master/data/batch_6/000100.JPG,3264,2448,994.0,579.0,608.0,315.0,1081,3244
taco_3245,TACO,cropped_object_classification,train,Plastic,Clear plastic bottle,TACO-master/TACO-master/data/filtered_classification/crops/train/Plastic/000100_ann3245.jpg,TACO-master/TACO-master/data/filtered_classification/crops/train/Plastic/000100_ann3245.jpg,TACO-master/TACO-master/data/batch_6/000100.JPG,3264,2448,2478.0,1995.0,267.0,345.0,1081,3245
taco_3246,TACO,cropped_object_classification,test,Plastic,Clear plastic bottle,TACO-master/TACO-master/data/filtered_classification/crops/test/Plastic/000099_ann3246.jpg,TACO-master/TACO-master/data/filtered_classification/crops/test/Plastic/000099_ann3246.jpg,TACO-master/TACO-master/data/batch_6/000099.JPG,2624,1968,1137.0,1665.0,393.0,247.0,1082,3246
taco_3247,TACO,cropped_object_classification,train,Plastic,Clear plastic bottle,TACO-master/TACO-master/data/filtered_classification/crops/train/Plastic/000099_ann3247.jpg,TACO-master/TACO-master/data/filtered_classification/crops/train/Plastic/000099_ann3247.jpg,TACO-master/TACO-master/data/batch_6/000099.JPG,2624,1968,1239.0,1495.0,161.0,155.0,1082,3247
taco_3252,TACO,cropped_object_classification,train,Plastic,Clear plastic bottle,TACO-master/TACO-master/data/filtered_classification/crops/train/Plastic/000097_ann3252.jpg,TACO-master/TACO-master/data/filtered_classification/crops/train/Plastic/000097_ann3252.jpg,TACO-master/TACO-master/data/batch_6/000097.JPG,3680,2760,1450.0,1257.0,468.0,212.0,1084,3252
taco_3253,TACO,cropped_object_classification,val,Plastic,Clear plastic bottle,TACO-master/TACO-master/data/filtered_classification/crops/val/Plastic/000097_ann3253.jpg,TACO-master/TACO-master/data/filtered_classification/crops/val/Plastic/000097_ann3253.jpg,TACO-master/TACO-master/data/batch_6/000097.JPG,3680,2760,1570.0,1455.0,512.0,227.0,1084,3253
taco_3259,TACO,cropped_object_classification,val,PaperCardboard,Other carton,TACO-master/TACO-master/data/filtered_classification/crops/val/PaperCardboard/000096_ann3259.jpg,TACO-master/TACO-master/data/filtered_classification/crops/val/PaperCardboard/000096_ann3259.jpg,TACO-master/TACO-master/data/batch_6/000096.JPG,2448,3264,312.0,1719.0,300.0,247.0,1085,3259
taco_3262,TACO,cropped_object_classification,train,Plastic,Clear plastic bottle,TACO-master/TACO-master/data/filtered_classification/crops/train/Plastic/000093_ann3262.jpg,TACO-master/TACO-master/data/filtered_classification/crops/train/Plastic/000093_ann3262.jpg,TACO-master/TACO-master/data/batch_6/000093.JPG,3264,2448,1619.0,1508.0,320.0,528.0,1088,3262
taco_3268,TACO,cropped_object_classification,train,Plastic,Clear plastic bottle,TACO-master/TACO-master/data/filtered_classification/crops/train/Plastic/000090_ann3268.jpg,TACO-master/TACO-master/data/filtered_classification/crops/train/Plastic/000090_ann3268.jpg,TACO-master/TACO-master/data/batch_6/000090.JPG,3264,2448,710.0,1624.0,208.0,190.0,1091,3268
taco_3275,TACO,cropped_object_classification,test,Plastic,Clear plastic bottle,TACO-master/TACO-master/data/filtered_classification/crops/test/Plastic/000085_ann3275.jpg,TACO-master/TACO-master/data/filtered_classification/crops/test/Plastic/000085_ann3275.jpg,TACO-master/TACO-master/data/batch_6/000085.JPG,2448,3264,639.0,1417.0,547.0,530.0,1096,3275
taco_3280,TACO,cropped_object_classification,test,Plastic,Clear plastic bottle,TACO-master/TACO-master/data/filtered_classification/crops/test/Plastic/000080_ann3280.jpg,TACO-master/TACO-master/data/filtered_classification/crops/test/Plastic/000080_ann3280.jpg,TACO-master/TACO-master/data/batch_6/000080.JPG,3264,2448,737.0,1948.0,477.0,162.0,1099,3280
taco_3283,TACO,cropped_object_classification,train,Metal,Aerosol,TACO-master/TACO-master/data/filtered_classification/crops/train/Metal/000078_ann3283.jpg,TACO-master/TACO-master/data/filtered_classification/crops/train/Metal/000078_ann3283.jpg,TACO-master/TACO-master/data/batch_6/000078.JPG,2624,1968,652.0,710.0,309.0,212.0,1101,3283
taco_3290,TACO,cropped_object_classification,train,Plastic,Clear plastic bottle,TACO-master/TACO-master/data/filtered_classification/crops/train/Plastic/000076_ann3290.jpg,TACO-master/TACO-master/data/filtered_classification/crops/train/Plastic/000076_ann3290.jpg,TACO-master/TACO-master/data/batch_6/000076.JPG,2275,3235,1150.0,1286.0,262.0,557.0,1103,3290
taco_3291,TACO,cropped_object_classification,train,Glass,Glass bottle,TACO-master/TACO-master/data/filtered_classification/crops/train/Glass/000076_ann3291.jpg,TACO-master/TACO-master/data/filtered_classification/crops/train/Glass/000076_ann3291.jpg,TACO-master/TACO-master/data/batch_6/000076.JPG,2275,3235,886.0,890.0,224.0,651.0,1103,3291
taco_3293,TACO,cropped_object_classification,test,PaperCardboard,Corrugated carton,TACO-master/TACO-master/data/filtered_classification/crops/test/PaperCardboard/000075_ann3293.jpg,TACO-master/TACO-master/data/filtered_classification/crops/test/PaperCardboard/000075_ann3293.jpg,TACO-master/TACO-master/data/batch_6/000075.JPG,2448,3264,496.0,1600.0,717.0,1037.0,1104,3293
taco_3294,TACO,cropped_object_classification,test,Plastic,Other plastic bottle,TACO-master/TACO-master/data/filtered_classification/crops/test/Plastic/000074_ann3294.jpg,TACO-master/TACO-master/data/filtered_classification/crops/test/Plastic/000074_ann3294.jpg,TACO-master/TACO-master/data/batch_6/000074.JPG,3264,2448,1548.0,1298.0,711.0,375.0,1105,3294
taco_3295,TACO,cropped_object_classification,train,PaperCardboard,Corrugated carton,TACO-master/TACO-master/data/filtered_classification/crops/train/PaperCardboard/000074_ann3295.jpg,TACO-master/TACO-master/data/filtered_classification/crops/train/PaperCardboard/000074_ann3295.jpg,TACO-master/TACO-master/data/batch_6/000074.JPG,3264,2448,456.0,678.0,905.0,539.0,1105,3295
taco_3296,TACO,cropped_object_classification,val,Plastic,Clear plastic bottle,TACO-master/TACO-master/data/filtered_classification/crops/val/Plastic/000073_ann3296.jpg,TACO-master/TACO-master/data/filtered_classification/crops/val/Plastic/000073_ann3296.jpg,TACO-master/TACO-master/data/batch_6/000073.JPG,3264,2448,2058.0,878.0,261.0,782.0,1106,3296
taco_3390,TACO,cropped_object_classification,train,Plastic,Tupperware,TACO-master/TACO-master/data/filtered_classification/crops/train/Plastic/000070_ann3390.jpg,TACO-master/TACO-master/data/filtered_classification/crops/train/Plastic/000070_ann3390.jpg,TACO-master/TACO-master/data/batch_6/000070.JPG,2624,1968,1101.0,1473.0,264.0,246.0,1109,3390
taco_3391,TACO,cropped_object_classification,train,Plastic,Clear plastic bottle,TACO-master/TACO-master/data/filtered_classification/crops/train/Plastic/000069_ann3391.jpg,TACO-master/TACO-master/data/filtered_classification/crops/train/Plastic/000069_ann3391.jpg,TACO-master/TACO-master/data/batch_6/000069.JPG,3264,2448,999.0,586.0,608.0,314.0,1110,3391
taco_3392,TACO,cropped_object_classification,train,Plastic,Clear plastic bottle,TACO-master/TACO-master/data/filtered_classification/crops/train/Plastic/000069_ann3392.jpg,TACO-master/TACO-master/data/filtered_classification/crops/train/Plastic/000069_ann3392.jpg,TACO-master/TACO-master/data/batch_6/000069.JPG,3264,2448,2476.0,2007.0,272.0,328.0,1110,3392
taco_3395,TACO,cropped_object_classification,train,PaperCardboard,Paper bag,TACO-master/TACO-master/data/filtered_classification/crops/train/PaperCardboard/000068_ann3395.jpg,TACO-master/TACO-master/data/filtered_classification/crops/train/PaperCardboard/000068_ann3395.jpg,TACO-master/TACO-master/data/batch_6/000068.JPG,3264,2448,611.0,1119.0,190.0,242.0,1111,3395
taco_3403,TACO,cropped_object_classification,val,Plastic,Clear plastic bottle,TACO-master/TACO-master/data/filtered_classification/crops/val/Plastic/000065_ann3403.jpg,TACO-master/TACO-master/data/filtered_classification/crops/val/Plastic/000065_ann3403.jpg,TACO-master/TACO-master/data/batch_6/000065.JPG,2448,3264,1074.0,1401.0,203.0,301.0,1113,3403
taco_3404,TACO,cropped_object_classification,test,Plastic,Clear plastic bottle,TACO-master/TACO-master/data/filtered_classification/crops/test/Plastic/000065_ann3404.jpg,TACO-master/TACO-master/data/filtered_classification/crops/test/Plastic/000065_ann3404.jpg,TACO-master/TACO-master/data/batch_6/000065.JPG,2448,3264,940.0,1488.0,149.0,306.0,1113,3404
taco_3414,TACO,cropped_object_classification,test,PaperCardboard,Pizza box,TACO-master/TACO-master/data/filtered_classification/crops/test/PaperCardboard/000061_ann3414.jpg,TACO-master/TACO-master/data/filtered_classification/crops/test/PaperCardboard/000061_ann3414.jpg,TACO-master/TACO-master/data/batch_6/000061.JPG,2448,3264,814.0,728.0,1418.0,722.0,1117,3414
taco_3416,TACO,cropped_object_classification,train,Plastic,Clear plastic bottle,TACO-master/TACO-master/data/filtered_classification/crops/train/Plastic/000060_ann3416.jpg,TACO-master/TACO-master/data/filtered_classification/crops/train/Plastic/000060_ann3416.jpg,TACO-master/TACO-master/data/batch_6/000060.JPG,2448,3264,867.0,1265.0,300.0,606.0,1118,3416
taco_3417,TACO,cropped_object_classification,test,PaperCardboard,Corrugated carton,TACO-master/TACO-master/data/filtered_classification/crops/test/PaperCardboard/000059_ann3417.jpg,TACO-master/TACO-master/data/filtered_classification/crops/test/PaperCardboard/000059_ann3417.jpg,TACO-master/TACO-master/data/batch_6/000059.JPG,3264,2448,1979.0,837.0,332.0,308.0,1119,3417
taco_3418,TACO,cropped_object_classification,test,PaperCardboard,Corrugated carton,TACO-master/TACO-master/data/filtered_classification/crops/test/PaperCardboard/000059_ann3418.jpg,TACO-master/TACO-master/data/filtered_classification/crops/test/PaperCardboard/000059_ann3418.jpg,TACO-master/TACO-master/data/batch_6/000059.JPG,3264,2448,1168.0,755.0,585.0,1104.0,1119,3418
taco_3419,TACO,cropped_object_classification,val,PaperCardboard,Corrugated carton,TACO-master/TACO-master/data/filtered_classification/crops/val/PaperCardboard/000059_ann3419.jpg,TACO-master/TACO-master/data/filtered_classification/crops/val/PaperCardboard/000059_ann3419.jpg,TACO-master/TACO-master/data/batch_6/000059.JPG,3264,2448,564.0,618.0,690.0,589.0,1119,3419
taco_3420,TACO,cropped_object_classification,test,Plastic,Clear plastic bottle,TACO-master/TACO-master/data/filtered_classification/crops/test/Plastic/000058_ann3420.jpg,TACO-master/TACO-master/data/filtered_classification/crops/test/Plastic/000058_ann3420.jpg,TACO-master/TACO-master/data/batch_6/000058.JPG,2448,3264,427.0,296.0,872.0,335.0,1120,3420
taco_3421,TACO,cropped_object_classification,train,Plastic,Clear plastic bottle,TACO-master/TACO-master/data/filtered_classification/crops/train/Plastic/000058_ann3421.jpg,TACO-master/TACO-master/data/filtered_classification/crops/train/Plastic/000058_ann3421.jpg,TACO-master/TACO-master/data/batch_6/000058.JPG,2448,3264,865.0,649.0,696.0,711.0,1120,3421
taco_3425,TACO,cropped_object_classification,val,PaperCardboard,Other carton,TACO-master/TACO-master/data/filtered_classification/crops/val/PaperCardboard/000056_ann3425.jpg,TACO-master/TACO-master/data/filtered_classification/crops/val/PaperCardboard/000056_ann3425.jpg,TACO-master/TACO-master/data/batch_6/000056.JPG,3264,2448,1151.0,1206.0,690.0,759.0,1121,3425
taco_3426,TACO,cropped_object_classification,train,Plastic,Clear plastic bottle,TACO-master/TACO-master/data/filtered_classification/crops/train/Plastic/000056_ann3426.jpg,TACO-master/TACO-master/data/filtered_classification/crops/train/Plastic/000056_ann3426.jpg,TACO-master/TACO-master/data/batch_6/000056.JPG,3264,2448,2054.0,775.0,526.0,769.0,1121,3426
taco_3427,TACO,cropped_object_classification,train,Plastic,Clear plastic bottle,TACO-master/TACO-master/data/filtered_classification/crops/train/Plastic/000056_ann3427.jpg,TACO-master/TACO-master/data/filtered_classification/crops/train/Plastic/000056_ann3427.jpg,TACO-master/TACO-master/data/batch_6/000056.JPG,3264,2448,1254.0,412.0,339.0,391.0,1121,3427
taco_3430,TACO,cropped_object_classification,train,Plastic,Clear plastic bottle,TACO-master/TACO-master/data/filtered_classification/crops/train/Plastic/000055_ann3430.jpg,TACO-master/TACO-master/data/filtered_classification/crops/train/Plastic/000055_ann3430.jpg,TACO-master/TACO-master/data/batch_6/000055.JPG,3264,2448,970.0,1538.0,342.0,154.0,1122,3430
taco_3431,TACO,cropped_object_classification,test,Glass,Glass bottle,TACO-master/TACO-master/data/filtered_classification/crops/test/Glass/000055_ann3431.jpg,TACO-master/TACO-master/data/filtered_classification/crops/test/Glass/000055_ann3431.jpg,TACO-master/TACO-master/data/batch_6/000055.JPG,3264,2448,2028.0,1200.0,375.0,342.0,1122,3431
taco_3435,TACO,cropped_object_classification,train,Metal,Drink can,TACO-master/TACO-master/data/filtered_classification/crops/train/Metal/000057_ann3435.jpg,TACO-master/TACO-master/data/filtered_classification/crops/train/Metal/000057_ann3435.jpg,TACO-master/TACO-master/data/batch_6/000057.JPG,3264,2448,768.0,1277.0,307.0,514.0,1123,3435
taco_3436,TACO,cropped_object_classification,train,Metal,Drink can,TACO-master/TACO-master/data/filtered_classification/crops/train/Metal/000057_ann3436.jpg,TACO-master/TACO-master/data/filtered_classification/crops/train/Metal/000057_ann3436.jpg,TACO-master/TACO-master/data/batch_6/000057.JPG,3264,2448,725.0,847.0,308.0,524.0,1123,3436
taco_3437,TACO,cropped_object_classification,train,Metal,Drink can,TACO-master/TACO-master/data/filtered_classification/crops/train/Metal/000057_ann3437.jpg,TACO-master/TACO-master/data/filtered_classification/crops/train/Metal/000057_ann3437.jpg,TACO-master/TACO-master/data/batch_6/000057.JPG,3264,2448,671.0,703.0,271.0,668.0,1123,3437
taco_3438,TACO,cropped_object_classification,train,Metal,Drink can,TACO-master/TACO-master/data/filtered_classification/crops/train/Metal/000057_ann3438.jpg,TACO-master/TACO-master/data/filtered_classification/crops/train/Metal/000057_ann3438.jpg,TACO-master/TACO-master/data/batch_6/000057.JPG,3264,2448,1041.0,639.0,251.0,371.0,1123,3438
taco_3439,TACO,cropped_object_classification,val,Metal,Drink can,TACO-master/TACO-master/data/filtered_classification/crops/val/Metal/000057_ann3439.jpg,TACO-master/TACO-master/data/filtered_classification/crops/val/Metal/000057_ann3439.jpg,TACO-master/TACO-master/data/batch_6/000057.JPG,3264,2448,1594.0,677.0,208.0,362.0,1123,3439
taco_3440,TACO,cropped_object_classification,val,Metal,Drink can,TACO-master/TACO-master/data/filtered_classification/crops/val/Metal/000057_ann3440.jpg,TACO-master/TACO-master/data/filtered_classification/crops/val/Metal/000057_ann3440.jpg,TACO-master/TACO-master/data/batch_6/000057.JPG,3264,2448,1880.0,634.0,216.0,345.0,1123,3440
taco_3441,TACO,cropped_object_classification,test,Metal,Drink can,TACO-master/TACO-master/data/filtered_classification/crops/test/Metal/000057_ann3441.jpg,TACO-master/TACO-master/data/filtered_classification/crops/test/Metal/000057_ann3441.jpg,TACO-master/TACO-master/data/batch_6/000057.JPG,3264,2448,2032.0,559.0,174.0,325.0,1123,3441
taco_3442,TACO,cropped_object_classification,train,Metal,Drink can,TACO-master/TACO-master/data/filtered_classification/crops/train/Metal/000057_ann3442.jpg,TACO-master/TACO-master/data/filtered_classification/crops/train/Metal/000057_ann3442.jpg,TACO-master/TACO-master/data/batch_6/000057.JPG,3264,2448,2229.0,718.0,246.0,354.0,1123,3442
taco_3444,TACO,cropped_object_classification,train,Metal,Drink can,TACO-master/TACO-master/data/filtered_classification/crops/train/Metal/000057_ann3444.jpg,TACO-master/TACO-master/data/filtered_classification/crops/train/Metal/000057_ann3444.jpg,TACO-master/TACO-master/data/batch_6/000057.JPG,3264,2448,2198.0,612.0,228.0,320.0,1123,3444
taco_3446,TACO,cropped_object_classification,train,Plastic,Clear plastic bottle,TACO-master/TACO-master/data/filtered_classification/crops/train/Plastic/000057_ann3446.jpg,TACO-master/TACO-master/data/filtered_classification/crops/train/Plastic/000057_ann3446.jpg,TACO-master/TACO-master/data/batch_6/000057.JPG,3264,2448,441.0,1185.0,253.0,866.0,1123,3446
taco_3455,TACO,cropped_object_classification,train,Plastic,Disposable plastic cup,TACO-master/TACO-master/data/filtered_classification/crops/train/Plastic/000054_ann3455.jpg,TACO-master/TACO-master/data/filtered_classification/crops/train/Plastic/000054_ann3455.jpg,TACO-master/TACO-master/data/batch_6/000054.JPG,3264,2448,1442.0,1028.0,195.0,229.0,1124,3455
taco_3459,TACO,cropped_object_classification,train,Plastic,Clear plastic bottle,TACO-master/TACO-master/data/filtered_classification/crops/train/Plastic/000051_ann3459.jpg,TACO-master/TACO-master/data/filtered_classification/crops/train/Plastic/000051_ann3459.jpg,TACO-master/TACO-master/data/batch_6/000051.JPG,2448,3264,1123.0,836.0,149.0,445.0,1127,3459
taco_3464,TACO,cropped_object_classification,val,Plastic,Clear plastic bottle,TACO-master/TACO-master/data/filtered_classification/crops/val/Plastic/000047_ann3464.jpg,TACO-master/TACO-master/data/filtered_classification/crops/val/Plastic/000047_ann3464.jpg,TACO-master/TACO-master/data/batch_6/000047.JPG,3264,2448,941.0,799.0,911.0,610.0,1131,3464
taco_3466,TACO,cropped_object_classification,val,Plastic,Clear plastic bottle,TACO-master/TACO-master/data/filtered_classification/crops/val/Plastic/000046_ann3466.jpg,TACO-master/TACO-master/data/filtered_classification/crops/val/Plastic/000046_ann3466.jpg,TACO-master/TACO-master/data/batch_6/000046.JPG,2448,3264,531.0,552.0,334.0,367.0,1132,3466
taco_3467,TACO,cropped_object_classification,train,Plastic,Clear plastic bottle,TACO-master/TACO-master/data/filtered_classification/crops/train/Plastic/000045_ann3467.jpg,TACO-master/TACO-master/data/filtered_classification/crops/train/Plastic/000045_ann3467.jpg,TACO-master/TACO-master/data/batch_6/000045.JPG,3264,2448,624.0,1322.0,225.0,598.0,1133,3467
taco_3472,TACO,cropped_object_classification,train,Plastic,Disposable plastic cup,TACO-master/TACO-master/data/filtered_classification/crops/train/Plastic/000042_ann3472.jpg,TACO-master/TACO-master/data/filtered_classification/crops/train/Plastic/000042_ann3472.jpg,TACO-master/TACO-master/data/batch_6/000042.JPG,2448,3264,792.0,1333.0,200.0,231.0,1135,3472
taco_3475,TACO,cropped_object_classification,test,PaperCardboard,Paper bag,TACO-master/TACO-master/data/filtered_classification/crops/test/PaperCardboard/000041_ann3475.jpg,TACO-master/TACO-master/data/filtered_classification/crops/test/PaperCardboard/000041_ann3475.jpg,TACO-master/TACO-master/data/batch_6/000041.JPG,3264,2448,1303.0,410.0,1328.0,769.0,1136,3475
taco_3484,TACO,cropped_object_classification,train,Plastic,Clear plastic bottle,TACO-master/TACO-master/data/filtered_classification/crops/train/Plastic/000037_ann3484.jpg,TACO-master/TACO-master/data/filtered_classification/crops/train/Plastic/000037_ann3484.jpg,TACO-master/TACO-master/data/batch_6/000037.JPG,2624,1968,1616.0,705.0,261.0,248.0,1140,3484
taco_3498,TACO,cropped_object_classification,train,Plastic,Clear plastic bottle,TACO-master/TACO-master/data/filtered_classification/crops/train/Plastic/000036_ann3498.jpg,TACO-master/TACO-master/data/filtered_classification/crops/train/Plastic/000036_ann3498.jpg,TACO-master/TACO-master/data/batch_6/000036.JPG,2624,1968,1176.0,1170.0,205.0,119.0,1141,3498
taco_3505,TACO,cropped_object_classification,train,Plastic,Clear plastic bottle,TACO-master/TACO-master/data/filtered_classification/crops/train/Plastic/000034_ann3505.jpg,TACO-master/TACO-master/data/filtered_classification/crops/train/Plastic/000034_ann3505.jpg,TACO-master/TACO-master/data/batch_6/000034.JPG,2448,3264,1625.0,503.0,368.0,395.0,1143,3505
taco_3506,TACO,cropped_object_classification,train,Plastic,Clear plastic bottle,TACO-master/TACO-master/data/filtered_classification/crops/train/Plastic/000034_ann3506.jpg,TACO-master/TACO-master/data/filtered_classification/crops/train/Plastic/000034_ann3506.jpg,TACO-master/TACO-master/data/batch_6/000034.JPG,2448,3264,1289.0,2018.0,211.0,524.0,1143,3506
taco_3520,TACO,cropped_object_classification,test,Plastic,Clear plastic bottle,TACO-master/TACO-master/data/filtered_classification/crops/test/Plastic/000029_ann3520.jpg,TACO-master/TACO-master/data/filtered_classification/crops/test/Plastic/000029_ann3520.jpg,TACO-master/TACO-master/data/batch_6/000029.JPG,3680,2760,1512.0,1267.0,454.0,218.0,1147,3520
taco_3521,TACO,cropped_object_classification,train,Plastic,Clear plastic bottle,TACO-master/TACO-master/data/filtered_classification/crops/train/Plastic/000029_ann3521.jpg,TACO-master/TACO-master/data/filtered_classification/crops/train/Plastic/000029_ann3521.jpg,TACO-master/TACO-master/data/batch_6/000029.JPG,3680,2760,1616.0,1474.0,505.0,209.0,1147,3521
taco_3526,TACO,cropped_object_classification,test,Metal,Drink can,TACO-master/TACO-master/data/filtered_classification/crops/test/Metal/000028_ann3526.jpg,TACO-master/TACO-master/data/filtered_classification/crops/test/Metal/000028_ann3526.jpg,TACO-master/TACO-master/data/batch_6/000028.JPG,2448,3264,1159.0,1753.0,533.0,389.0,1148,3526
taco_3527,TACO,cropped_object_classification,val,Plastic,Disposable plastic cup,TACO-master/TACO-master/data/filtered_classification/crops/val/Plastic/000027_ann3527.jpg,TACO-master/TACO-master/data/filtered_classification/crops/val/Plastic/000027_ann3527.jpg,TACO-master/TACO-master/data/batch_6/000027.JPG,3264,2448,950.0,1803.0,534.0,328.0,1149,3527
taco_3529,TACO,cropped_object_classification,train,PaperCardboard,Corrugated carton,TACO-master/TACO-master/data/filtered_classification/crops/train/PaperCardboard/000025_ann3529.jpg,TACO-master/TACO-master/data/filtered_classification/crops/train/PaperCardboard/000025_ann3529.jpg,TACO-master/TACO-master/data/batch_6/000025.JPG,3264,2448,1405.0,894.0,1275.0,1182.0,1151,3529
taco_3530,TACO,cropped_object_classification,train,Metal,Food Can,TACO-master/TACO-master/data/filtered_classification/crops/train/Metal/000024_ann3530.jpg,TACO-master/TACO-master/data/filtered_classification/crops/train/Metal/000024_ann3530.jpg,TACO-master/TACO-master/data/batch_6/000024.JPG,2624,1968,1509.0,1195.0,219.0,195.0,1152,3530
taco_3535,TACO,cropped_object_classification,train,Plastic,Clear plastic bottle,TACO-master/TACO-master/data/filtered_classification/crops/train/Plastic/000023_ann3535.jpg,TACO-master/TACO-master/data/filtered_classification/crops/train/Plastic/000023_ann3535.jpg,TACO-master/TACO-master/data/batch_6/000023.JPG,3264,2448,726.0,1203.0,351.0,453.0,1153,3535
taco_3538,TACO,cropped_object_classification,train,PaperCardboard,Paper bag,TACO-master/TACO-master/data/filtered_classification/crops/train/PaperCardboard/000022_ann3538.jpg,TACO-master/TACO-master/data/filtered_classification/crops/train/PaperCardboard/000022_ann3538.jpg,TACO-master/TACO-master/data/batch_6/000022.JPG,2448,3264,798.0,2099.0,1015.0,728.0,1154,3538
taco_3545,TACO,cropped_object_classification,train,Plastic,Clear plastic bottle,TACO-master/TACO-master/data/filtered_classification/crops/train/Plastic/000021_ann3545.jpg,TACO-master/TACO-master/data/filtered_classification/crops/train/Plastic/000021_ann3545.jpg,TACO-master/TACO-master/data/batch_6/000021.JPG,2448,3264,685.0,422.0,807.0,1190.0,1155,3545
taco_3547,TACO,cropped_object_classification,train,Plastic,Clear plastic bottle,TACO-master/TACO-master/data/filtered_classification/crops/train/Plastic/000019_ann3547.jpg,TACO-master/TACO-master/data/filtered_classification/crops/train/Plastic/000019_ann3547.jpg,TACO-master/TACO-master/data/batch_6/000019.JPG,3264,2448,950.0,804.0,904.0,604.0,1157,3547
taco_3552,TACO,cropped_object_classification,val,Plastic,Clear plastic bottle,TACO-master/TACO-master/data/filtered_classification/crops/val/Plastic/000017_ann3552.jpg,TACO-master/TACO-master/data/filtered_classification/crops/val/Plastic/000017_ann3552.jpg,TACO-master/TACO-master/data/batch_6/000017.JPG,2448,3264,389.0,580.0,698.0,256.0,1159,3552
taco_3553,TACO,cropped_object_classification,train,Plastic,Clear plastic bottle,TACO-master/TACO-master/data/filtered_classification/crops/train/Plastic/000017_ann3553.jpg,TACO-master/TACO-master/data/filtered_classification/crops/train/Plastic/000017_ann3553.jpg,TACO-master/TACO-master/data/batch_6/000017.JPG,2448,3264,1042.0,368.0,282.0,727.0,1159,3553
taco_3557,TACO,cropped_object_classification,train,Plastic,Clear plastic bottle,TACO-master/TACO-master/data/filtered_classification/crops/train/Plastic/000015_ann3557.jpg,TACO-master/TACO-master/data/filtered_classification/crops/train/Plastic/000015_ann3557.jpg,TACO-master/TACO-master/data/batch_6/000015.JPG,2815,2195,1283.0,1556.0,491.0,218.0,1160,3557
taco_3558,TACO,cropped_object_classification,train,Glass,Glass bottle,TACO-master/TACO-master/data/filtered_classification/crops/train/Glass/000015_ann3558.jpg,TACO-master/TACO-master/data/filtered_classification/crops/train/Glass/000015_ann3558.jpg,TACO-master/TACO-master/data/batch_6/000015.JPG,2815,2195,1665.0,1362.0,489.0,444.0,1160,3558
taco_3559,TACO,cropped_object_classification,train,Plastic,Clear plastic bottle,TACO-master/TACO-master/data/filtered_classification/crops/train/Plastic/000014_ann3559.jpg,TACO-master/TACO-master/data/filtered_classification/crops/train/Plastic/000014_ann3559.jpg,TACO-master/TACO-master/data/batch_6/000014.JPG,2448,3264,718.0,1321.0,253.0,281.0,1161,3559
taco_3560,TACO,cropped_object_classification,train,Metal,Drink can,TACO-master/TACO-master/data/filtered_classification/crops/train/Metal/000013_ann3560.jpg,TACO-master/TACO-master/data/filtered_classification/crops/train/Metal/000013_ann3560.jpg,TACO-master/TACO-master/data/batch_6/000013.JPG,2448,3264,971.0,703.0,242.0,262.0,1162,3560
taco_3561,TACO,cropped_object_classification,test,Other,Crisp packet,TACO-master/TACO-master/data/filtered_classification/crops/test/Other/000013_ann3561.jpg,TACO-master/TACO-master/data/filtered_classification/crops/test/Other/000013_ann3561.jpg,TACO-master/TACO-master/data/batch_6/000013.JPG,2448,3264,1036.0,1105.0,396.0,309.0,1162,3561
taco_3562,TACO,cropped_object_classification,train,Other,Crisp packet,TACO-master/TACO-master/data/filtered_classification/crops/train/Other/000013_ann3562.jpg,TACO-master/TACO-master/data/filtered_classification/crops/train/Other/000013_ann3562.jpg,TACO-master/TACO-master/data/batch_6/000013.JPG,2448,3264,1306.0,1481.0,535.0,465.0,1162,3562
taco_3564,TACO,cropped_object_classification,train,Plastic,Clear plastic bottle,TACO-master/TACO-master/data/filtered_classification/crops/train/Plastic/000010_ann3564.jpg,TACO-master/TACO-master/data/filtered_classification/crops/train/Plastic/000010_ann3564.jpg,TACO-master/TACO-master/data/batch_6/000010.JPG,2448,3264,534.0,1591.0,610.0,725.0,1164,3564
taco_3565,TACO,cropped_object_classification,train,PaperCardboard,Corrugated carton,TACO-master/TACO-master/data/filtered_classification/crops/train/PaperCardboard/000009_ann3565.jpg,TACO-master/TACO-master/data/filtered_classification/crops/train/PaperCardboard/000009_ann3565.jpg,TACO-master/TACO-master/data/batch_6/000009.JPG,3264,2448,766.0,571.0,1451.0,1096.0,1165,3565
taco_3574,TACO,cropped_object_classification,train,PaperCardboard,Corrugated carton,TACO-master/TACO-master/data/filtered_classification/crops/train/PaperCardboard/000002_ann3574.jpg,TACO-master/TACO-master/data/filtered_classification/crops/train/PaperCardboard/000002_ann3574.jpg,TACO-master/TACO-master/data/batch_6/000002.JPG,3264,2448,1385.0,1052.0,1128.0,531.0,1171,3574
taco_3575,TACO,cropped_object_classification,val,PaperCardboard,Corrugated carton,TACO-master/TACO-master/data/filtered_classification/crops/val/PaperCardboard/000002_ann3575.jpg,TACO-master/TACO-master/data/filtered_classification/crops/val/PaperCardboard/000002_ann3575.jpg,TACO-master/TACO-master/data/batch_6/000002.JPG,3264,2448,715.0,578.0,478.0,398.0,1171,3575
taco_3579,TACO,cropped_object_classification,train,PaperCardboard,Normal paper,TACO-master/TACO-master/data/filtered_classification/crops/train/PaperCardboard/000001_ann3579.jpg,TACO-master/TACO-master/data/filtered_classification/crops/train/PaperCardboard/000001_ann3579.jpg,TACO-master/TACO-master/data/batch_6/000001.JPG,2448,3264,1146.0,1450.0,527.0,727.0,1172,3579
taco_3649,TACO,cropped_object_classification,test,PaperCardboard,Corrugated carton,TACO-master/TACO-master/data/filtered_classification/crops/test/PaperCardboard/000006_ann3649.jpg,TACO-master/TACO-master/data/filtered_classification/crops/test/PaperCardboard/000006_ann3649.jpg,TACO-master/TACO-master/data/batch_7/000006.JPG,6000,4000,1617.0,2224.0,1048.0,1774.0,1179,3649
taco_3657,TACO,cropped_object_classification,val,PaperCardboard,Magazine paper,TACO-master/TACO-master/data/filtered_classification/crops/val/PaperCardboard/000013_ann3657.jpg,TACO-master/TACO-master/data/filtered_classification/crops/val/PaperCardboard/000013_ann3657.jpg,TACO-master/TACO-master/data/batch_7/000013.JPG,3264,2448,1663.0,915.0,736.0,485.0,1184,3657
taco_3661,TACO,cropped_object_classification,train,Plastic,Clear plastic bottle,TACO-master/TACO-master/data/filtered_classification/crops/train/Plastic/000016_ann3661.jpg,TACO-master/TACO-master/data/filtered_classification/crops/train/Plastic/000016_ann3661.jpg,TACO-master/TACO-master/data/batch_7/000016.JPG,2448,3264,358.0,844.0,345.0,120.0,1187,3661
taco_3662,TACO,cropped_object_classification,test,Plastic,Clear plastic bottle,TACO-master/TACO-master/data/filtered_classification/crops/test/Plastic/000017_ann3662.jpg,TACO-master/TACO-master/data/filtered_classification/crops/test/Plastic/000017_ann3662.jpg,TACO-master/TACO-master/data/batch_7/000017.JPG,3264,2448,1436.0,1742.0,355.0,458.0,1188,3662
taco_3663,TACO,cropped_object_classification,train,Other,Styrofoam piece,TACO-master/TACO-master/data/filtered_classification/crops/train/Other/000018_ann3663.jpg,TACO-master/TACO-master/data/filtered_classification/crops/train/Other/000018_ann3663.jpg,TACO-master/TACO-master/data/batch_7/000018.JPG,3264,2448,1081.0,1048.0,280.0,271.0,1189,3663
taco_3669,TACO,cropped_object_classification,val,Other,Styrofoam piece,TACO-master/TACO-master/data/filtered_classification/crops/val/Other/000020_ann3669.jpg,TACO-master/TACO-master/data/filtered_classification/crops/val/Other/000020_ann3669.jpg,TACO-master/TACO-master/data/batch_7/000020.JPG,3264,2448,2045.0,1521.0,335.0,177.0,1191,3669
taco_3670,TACO,cropped_object_classification,test,Other,Styrofoam piece,TACO-master/TACO-master/data/filtered_classification/crops/test/Other/000021_ann3670.jpg,TACO-master/TACO-master/data/filtered_classification/crops/test/Other/000021_ann3670.jpg,TACO-master/TACO-master/data/batch_7/000021.JPG,3264,2448,1199.0,815.0,393.0,220.0,1192,3670
taco_3672,TACO,cropped_object_classification,train,PaperCardboard,Normal paper,TACO-master/TACO-master/data/filtered_classification/crops/train/PaperCardboard/000021_ann3672.jpg,TACO-master/TACO-master/data/filtered_classification/crops/train/PaperCardboard/000021_ann3672.jpg,TACO-master/TACO-master/data/batch_7/000021.JPG,3264,2448,0.0,1738.0,515.0,663.0,1192,3672
taco_3683,TACO,cropped_object_classification,train,Plastic,Clear plastic bottle,TACO-master/TACO-master/data/filtered_classification/crops/train/Plastic/000022_ann3683.jpg,TACO-master/TACO-master/data/filtered_classification/crops/train/Plastic/000022_ann3683.jpg,TACO-master/TACO-master/data/batch_7/000022.JPG,3264,2448,902.0,1100.0,626.0,801.0,1193,3683
taco_3684,TACO,cropped_object_classification,test,Plastic,Clear plastic bottle,TACO-master/TACO-master/data/filtered_classification/crops/test/Plastic/000022_ann3684.jpg,TACO-master/TACO-master/data/filtered_classification/crops/test/Plastic/000022_ann3684.jpg,TACO-master/TACO-master/data/batch_7/000022.JPG,3264,2448,458.0,1449.0,779.0,473.0,1193,3684
taco_3691,TACO,cropped_object_classification,train,Metal,Drink can,TACO-master/TACO-master/data/filtered_classification/crops/train/Metal/000025_ann3691.jpg,TACO-master/TACO-master/data/filtered_classification/crops/train/Metal/000025_ann3691.jpg,TACO-master/TACO-master/data/batch_7/000025.JPG,3264,2448,616.0,1380.0,317.0,183.0,1196,3691
taco_3696,TACO,cropped_object_classification,train,Plastic,Disposable plastic cup,TACO-master/TACO-master/data/filtered_classification/crops/train/Plastic/000030_ann3696.jpg,TACO-master/TACO-master/data/filtered_classification/crops/train/Plastic/000030_ann3696.jpg,TACO-master/TACO-master/data/batch_7/000030.JPG,960,1280,125.0,565.0,455.0,575.0,1198,3696
taco_3701,TACO,cropped_object_classification,test,Plastic,Disposable plastic cup,TACO-master/TACO-master/data/filtered_classification/crops/test/Plastic/000033_ann3701.jpg,TACO-master/TACO-master/data/filtered_classification/crops/test/Plastic/000033_ann3701.jpg,TACO-master/TACO-master/data/batch_7/000033.JPG,2448,3264,733.0,889.0,427.0,261.0,1200,3701
taco_3704,TACO,cropped_object_classification,train,Other,Garbage bag,TACO-master/TACO-master/data/filtered_classification/crops/train/Other/000035_ann3704.jpg,TACO-master/TACO-master/data/filtered_classification/crops/train/Other/000035_ann3704.jpg,TACO-master/TACO-master/data/batch_7/000035.JPG,3264,2448,1473.0,1217.0,597.0,679.0,1202,3704
taco_3713,TACO,cropped_object_classification,val,Metal,Food Can,TACO-master/TACO-master/data/filtered_classification/crops/val/Metal/000036_ann3713.jpg,TACO-master/TACO-master/data/filtered_classification/crops/val/Metal/000036_ann3713.jpg,TACO-master/TACO-master/data/batch_7/000036.JPG,3264,2448,1881.0,1158.0,318.0,395.0,1203,3713
taco_3730,TACO,cropped_object_classification,test,Plastic,Clear plastic bottle,TACO-master/TACO-master/data/filtered_classification/crops/test/Plastic/000044_ann3730.jpg,TACO-master/TACO-master/data/filtered_classification/crops/test/Plastic/000044_ann3730.jpg,TACO-master/TACO-master/data/batch_7/000044.JPG,2448,3264,837.0,1183.0,459.0,219.0,1209,3730
taco_3742,TACO,cropped_object_classification,train,PaperCardboard,Normal paper,TACO-master/TACO-master/data/filtered_classification/crops/train/PaperCardboard/000048_ann3742.jpg,TACO-master/TACO-master/data/filtered_classification/crops/train/PaperCardboard/000048_ann3742.jpg,TACO-master/TACO-master/data/batch_7/000048.JPG,2448,3264,1497.0,1822.0,177.0,553.0,1212,3742
taco_3751,TACO,cropped_object_classification,train,Plastic,Clear plastic bottle,TACO-master/TACO-master/data/filtered_classification/crops/train/Plastic/000049_ann3751.jpg,TACO-master/TACO-master/data/filtered_classification/crops/train/Plastic/000049_ann3751.jpg,TACO-master/TACO-master/data/batch_7/000049.JPG,2448,3264,614.0,1589.0,200.0,494.0,1213,3751
taco_3778,TACO,cropped_object_classification,train,PaperCardboard,Pizza box,TACO-master/TACO-master/data/filtered_classification/crops/train/PaperCardboard/000051_ann3778.jpg,TACO-master/TACO-master/data/filtered_classification/crops/train/PaperCardboard/000051_ann3778.jpg,TACO-master/TACO-master/data/batch_7/000051.JPG,2448,3264,488.0,1679.0,1331.0,805.0,1215,3778
taco_3781,TACO,cropped_object_classification,train,PaperCardboard,Egg carton,TACO-master/TACO-master/data/filtered_classification/crops/train/PaperCardboard/000052_ann3781.jpg,TACO-master/TACO-master/data/filtered_classification/crops/train/PaperCardboard/000052_ann3781.jpg,TACO-master/TACO-master/data/batch_7/000052.JPG,3264,2448,1317.0,1432.0,554.0,438.0,1216,3781
taco_3788,TACO,cropped_object_classification,val,Plastic,Spread tub,TACO-master/TACO-master/data/filtered_classification/crops/val/Plastic/000056_ann3788.jpg,TACO-master/TACO-master/data/filtered_classification/crops/val/Plastic/000056_ann3788.jpg,TACO-master/TACO-master/data/batch_7/000056.JPG,2448,3264,850.0,1603.0,164.0,283.0,1220,3788
taco_3790,TACO,cropped_object_classification,train,Plastic,Clear plastic bottle,TACO-master/TACO-master/data/filtered_classification/crops/train/Plastic/000058_ann3790.jpg,TACO-master/TACO-master/data/filtered_classification/crops/train/Plastic/000058_ann3790.jpg,TACO-master/TACO-master/data/batch_7/000058.JPG,2448,3264,1371.0,1814.0,187.0,281.0,1222,3790
taco_3791,TACO,cropped_object_classification,train,PaperCardboard,Normal paper,TACO-master/TACO-master/data/filtered_classification/crops/train/PaperCardboard/000058_ann3791.jpg,TACO-master/TACO-master/data/filtered_classification/crops/train/PaperCardboard/000058_ann3791.jpg,TACO-master/TACO-master/data/batch_7/000058.JPG,2448,3264,2109.0,2677.0,264.0,237.0,1222,3791
taco_3825,TACO,cropped_object_classification,train,Plastic,Clear plastic bottle,TACO-master/TACO-master/data/filtered_classification/crops/train/Plastic/000072_ann3825.jpg,TACO-master/TACO-master/data/filtered_classification/crops/train/Plastic/000072_ann3825.jpg,TACO-master/TACO-master/data/batch_7/000072.JPG,2448,3264,1070.0,1284.0,443.0,317.0,1234,3825
taco_3826,TACO,cropped_object_classification,train,Plastic,Other plastic bottle,TACO-master/TACO-master/data/filtered_classification/crops/train/Plastic/000072_ann3826.jpg,TACO-master/TACO-master/data/filtered_classification/crops/train/Plastic/000072_ann3826.jpg,TACO-master/TACO-master/data/batch_7/000072.JPG,2448,3264,2033.0,2806.0,337.0,282.0,1234,3826
taco_3834,TACO,cropped_object_classification,val,Plastic,Clear plastic bottle,TACO-master/TACO-master/data/filtered_classification/crops/val/Plastic/000077_ann3834.jpg,TACO-master/TACO-master/data/filtered_classification/crops/val/Plastic/000077_ann3834.jpg,TACO-master/TACO-master/data/batch_7/000077.JPG,2448,3264,618.0,1456.0,164.0,282.0,1238,3834
taco_3835,TACO,cropped_object_classification,train,Other,Garbage bag,TACO-master/TACO-master/data/filtered_classification/crops/train/Other/000078_ann3835.jpg,TACO-master/TACO-master/data/filtered_classification/crops/train/Other/000078_ann3835.jpg,TACO-master/TACO-master/data/batch_7/000078.JPG,2448,3264,172.0,2.0,1120.0,592.0,1239,3835
taco_3836,TACO,cropped_object_classification,train,Other,Garbage bag,TACO-master/TACO-master/data/filtered_classification/crops/train/Other/000078_ann3836.jpg,TACO-master/TACO-master/data/filtered_classification/crops/train/Other/000078_ann3836.jpg,TACO-master/TACO-master/data/batch_7/000078.JPG,2448,3264,222.0,208.0,739.0,598.0,1239,3836
taco_3837,TACO,cropped_object_classification,val,Other,Garbage bag,TACO-master/TACO-master/data/filtered_classification/crops/val/Other/000078_ann3837.jpg,TACO-master/TACO-master/data/filtered_classification/crops/val/Other/000078_ann3837.jpg,TACO-master/TACO-master/data/batch_7/000078.JPG,2448,3264,177.0,538.0,1694.0,1455.0,1239,3837
taco_3838,TACO,cropped_object_classification,train,Other,Garbage bag,TACO-master/TACO-master/data/filtered_classification/crops/train/Other/000078_ann3838.jpg,TACO-master/TACO-master/data/filtered_classification/crops/train/Other/000078_ann3838.jpg,TACO-master/TACO-master/data/batch_7/000078.JPG,2448,3264,0.0,527.0,579.0,623.0,1239,3838
taco_3841,TACO,cropped_object_classification,train,Other,Crisp packet,TACO-master/TACO-master/data/filtered_classification/crops/train/Other/000078_ann3841.jpg,TACO-master/TACO-master/data/filtered_classification/crops/train/Other/000078_ann3841.jpg,TACO-master/TACO-master/data/batch_7/000078.JPG,2448,3264,1633.0,1734.0,228.0,218.0,1239,3841
taco_3843,TACO,cropped_object_classification,train,PaperCardboard,Other carton,TACO-master/TACO-master/data/filtered_classification/crops/train/PaperCardboard/000078_ann3843.jpg,TACO-master/TACO-master/data/filtered_classification/crops/train/PaperCardboard/000078_ann3843.jpg,TACO-master/TACO-master/data/batch_7/000078.JPG,2448,3264,5.0,1445.0,1014.0,1044.0,1239,3843
taco_3844,TACO,cropped_object_classification,train,PaperCardboard,Other carton,TACO-master/TACO-master/data/filtered_classification/crops/train/PaperCardboard/000078_ann3844.jpg,TACO-master/TACO-master/data/filtered_classification/crops/train/PaperCardboard/000078_ann3844.jpg,TACO-master/TACO-master/data/batch_7/000078.JPG,2448,3264,2179.0,1805.0,227.0,269.0,1239,3844
taco_3848,TACO,cropped_object_classification,train,PaperCardboard,Other carton,TACO-master/TACO-master/data/filtered_classification/crops/train/PaperCardboard/000078_ann3848.jpg,TACO-master/TACO-master/data/filtered_classification/crops/train/PaperCardboard/000078_ann3848.jpg,TACO-master/TACO-master/data/batch_7/000078.JPG,2448,3264,932.0,2042.0,327.0,186.0,1239,3848
taco_3853,TACO,cropped_object_classification,train,Plastic,Clear plastic bottle,TACO-master/TACO-master/data/filtered_classification/crops/train/Plastic/000078_ann3853.jpg,TACO-master/TACO-master/data/filtered_classification/crops/train/Plastic/000078_ann3853.jpg,TACO-master/TACO-master/data/batch_7/000078.JPG,2448,3264,1236.0,1809.0,145.0,442.0,1239,3853
taco_3855,TACO,cropped_object_classification,test,Plastic,Clear plastic bottle,TACO-master/TACO-master/data/filtered_classification/crops/test/Plastic/000079_ann3855.jpg,TACO-master/TACO-master/data/filtered_classification/crops/test/Plastic/000079_ann3855.jpg,TACO-master/TACO-master/data/batch_7/000079.JPG,2448,3264,1003.0,1762.0,364.0,143.0,1240,3855
taco_3856,TACO,cropped_object_classification,train,Plastic,Clear plastic bottle,TACO-master/TACO-master/data/filtered_classification/crops/train/Plastic/000079_ann3856.jpg,TACO-master/TACO-master/data/filtered_classification/crops/train/Plastic/000079_ann3856.jpg,TACO-master/TACO-master/data/batch_7/000079.JPG,2448,3264,564.0,1821.0,382.0,145.0,1240,3856
taco_3865,TACO,cropped_object_classification,train,PaperCardboard,Paper bag,TACO-master/TACO-master/data/filtered_classification/crops/train/PaperCardboard/000081_ann3865.jpg,TACO-master/TACO-master/data/filtered_classification/crops/train/PaperCardboard/000081_ann3865.jpg,TACO-master/TACO-master/data/batch_7/000081.JPG,2448,3264,1090.0,1764.0,255.0,270.0,1242,3865
taco_3869,TACO,cropped_object_classification,train,Plastic,Clear plastic bottle,TACO-master/TACO-master/data/filtered_classification/crops/train/Plastic/000082_ann3869.jpg,TACO-master/TACO-master/data/filtered_classification/crops/train/Plastic/000082_ann3869.jpg,TACO-master/TACO-master/data/batch_7/000082.JPG,3264,2448,886.0,1343.0,265.0,220.0,1243,3869
taco_3874,TACO,cropped_object_classification,test,Plastic,Clear plastic bottle,TACO-master/TACO-master/data/filtered_classification/crops/test/Plastic/000085_ann3874.jpg,TACO-master/TACO-master/data/filtered_classification/crops/test/Plastic/000085_ann3874.jpg,TACO-master/TACO-master/data/batch_7/000085.JPG,2448,3264,694.0,2484.0,428.0,334.0,1246,3874
taco_3875,TACO,cropped_object_classification,val,Plastic,Clear plastic bottle,TACO-master/TACO-master/data/filtered_classification/crops/val/Plastic/000085_ann3875.jpg,TACO-master/TACO-master/data/filtered_classification/crops/val/Plastic/000085_ann3875.jpg,TACO-master/TACO-master/data/batch_7/000085.JPG,2448,3264,927.0,1786.0,361.0,231.0,1246,3875
taco_3876,TACO,cropped_object_classification,train,Plastic,Clear plastic bottle,TACO-master/TACO-master/data/filtered_classification/crops/train/Plastic/000085_ann3876.jpg,TACO-master/TACO-master/data/filtered_classification/crops/train/Plastic/000085_ann3876.jpg,TACO-master/TACO-master/data/batch_7/000085.JPG,2448,3264,461.0,1196.0,367.0,109.0,1246,3876
taco_3899,TACO,cropped_object_classification,val,Plastic,Disposable plastic cup,TACO-master/TACO-master/data/filtered_classification/crops/val/Plastic/000087_ann3899.jpg,TACO-master/TACO-master/data/filtered_classification/crops/val/Plastic/000087_ann3899.jpg,TACO-master/TACO-master/data/batch_7/000087.JPG,3264,2448,777.0,1474.0,198.0,243.0,1248,3899
taco_3900,TACO,cropped_object_classification,train,Plastic,Disposable plastic cup,TACO-master/TACO-master/data/filtered_classification/crops/train/Plastic/000087_ann3900.jpg,TACO-master/TACO-master/data/filtered_classification/crops/train/Plastic/000087_ann3900.jpg,TACO-master/TACO-master/data/batch_7/000087.JPG,3264,2448,996.0,1550.0,184.0,208.0,1248,3900
taco_3901,TACO,cropped_object_classification,val,Plastic,Clear plastic bottle,TACO-master/TACO-master/data/filtered_classification/crops/val/Plastic/000087_ann3901.jpg,TACO-master/TACO-master/data/filtered_classification/crops/val/Plastic/000087_ann3901.jpg,TACO-master/TACO-master/data/batch_7/000087.JPG,3264,2448,1772.0,1345.0,321.0,163.0,1248,3901
taco_3907,TACO,cropped_object_classification,train,Plastic,Clear plastic bottle,TACO-master/TACO-master/data/filtered_classification/crops/train/Plastic/000090_ann3907.jpg,TACO-master/TACO-master/data/filtered_classification/crops/train/Plastic/000090_ann3907.jpg,TACO-master/TACO-master/data/batch_7/000090.JPG,2448,3264,1510.0,2313.0,322.0,644.0,1251,3907
taco_3909,TACO,cropped_object_classification,val,Plastic,Clear plastic bottle,TACO-master/TACO-master/data/filtered_classification/crops/val/Plastic/000091_ann3909.jpg,TACO-master/TACO-master/data/filtered_classification/crops/val/Plastic/000091_ann3909.jpg,TACO-master/TACO-master/data/batch_7/000091.JPG,3264,2448,1741.0,1200.0,222.0,660.0,1252,3909
taco_3912,TACO,cropped_object_classification,train,Metal,Drink can,TACO-master/TACO-master/data/filtered_classification/crops/train/Metal/000092_ann3912.jpg,TACO-master/TACO-master/data/filtered_classification/crops/train/Metal/000092_ann3912.jpg,TACO-master/TACO-master/data/batch_7/000092.JPG,3264,2448,1254.0,493.0,426.0,729.0,1253,3912
taco_3913,TACO,cropped_object_classification,train,Metal,Food Can,TACO-master/TACO-master/data/filtered_classification/crops/train/Metal/000092_ann3913.jpg,TACO-master/TACO-master/data/filtered_classification/crops/train/Metal/000092_ann3913.jpg,TACO-master/TACO-master/data/batch_7/000092.JPG,3264,2448,1063.0,1043.0,551.0,607.0,1253,3913
taco_3916,TACO,cropped_object_classification,train,Plastic,Disposable plastic cup,TACO-master/TACO-master/data/filtered_classification/crops/train/Plastic/000093_ann3916.jpg,TACO-master/TACO-master/data/filtered_classification/crops/train/Plastic/000093_ann3916.jpg,TACO-master/TACO-master/data/batch_7/000093.JPG,2448,3264,987.0,1147.0,375.0,306.0,1254,3916
taco_3918,TACO,cropped_object_classification,train,Metal,Drink can,TACO-master/TACO-master/data/filtered_classification/crops/train/Metal/000095_ann3918.jpg,TACO-master/TACO-master/data/filtered_classification/crops/train/Metal/000095_ann3918.jpg,TACO-master/TACO-master/data/batch_7/000095.JPG,2448,3264,919.0,1627.0,305.0,178.0,1256,3918
taco_3919,TACO,cropped_object_classification,train,Glass,Glass bottle,TACO-master/TACO-master/data/filtered_classification/crops/train/Glass/000096_ann3919.jpg,TACO-master/TACO-master/data/filtered_classification/crops/train/Glass/000096_ann3919.jpg,TACO-master/TACO-master/data/batch_7/000096.JPG,2448,2448,1016.0,1352.0,442.0,185.0,1257,3919
taco_3932,TACO,cropped_object_classification,train,Plastic,Clear plastic bottle,TACO-master/TACO-master/data/filtered_classification/crops/train/Plastic/000109_ann3932.jpg,TACO-master/TACO-master/data/filtered_classification/crops/train/Plastic/000109_ann3932.jpg,TACO-master/TACO-master/data/batch_7/000109.JPG,3264,2448,1884.0,942.0,162.0,339.0,1268,3932
taco_3935,TACO,cropped_object_classification,train,Plastic,Other plastic bottle,TACO-master/TACO-master/data/filtered_classification/crops/train/Plastic/000110_ann3935.jpg,TACO-master/TACO-master/data/filtered_classification/crops/train/Plastic/000110_ann3935.jpg,TACO-master/TACO-master/data/batch_7/000110.JPG,2448,3264,663.0,1655.0,670.0,452.0,1269,3935
taco_3937,TACO,cropped_object_classification,test,Plastic,Disposable plastic cup,TACO-master/TACO-master/data/filtered_classification/crops/test/Plastic/000111_ann3937.jpg,TACO-master/TACO-master/data/filtered_classification/crops/test/Plastic/000111_ann3937.jpg,TACO-master/TACO-master/data/batch_7/000111.JPG,3264,2448,1529.0,1554.0,283.0,288.0,1270,3937
taco_3942,TACO,cropped_object_classification,train,Metal,Drink can,TACO-master/TACO-master/data/filtered_classification/crops/train/Metal/000114_ann3942.jpg,TACO-master/TACO-master/data/filtered_classification/crops/train/Metal/000114_ann3942.jpg,TACO-master/TACO-master/data/batch_7/000114.JPG,3264,2448,1767.0,1397.0,248.0,191.0,1273,3942
taco_3946,TACO,cropped_object_classification,train,Other,Styrofoam piece,TACO-master/TACO-master/data/filtered_classification/crops/train/Other/000115_ann3946.jpg,TACO-master/TACO-master/data/filtered_classification/crops/train/Other/000115_ann3946.jpg,TACO-master/TACO-master/data/batch_7/000115.JPG,3264,2448,1654.0,827.0,227.0,190.0,1274,3946
taco_3947,TACO,cropped_object_classification,train,Other,Styrofoam piece,TACO-master/TACO-master/data/filtered_classification/crops/train/Other/000117_ann3947.jpg,TACO-master/TACO-master/data/filtered_classification/crops/train/Other/000117_ann3947.jpg,TACO-master/TACO-master/data/batch_7/000117.JPG,3264,2448,2285.0,873.0,346.0,304.0,1275,3947
taco_3948,TACO,cropped_object_classification,train,Metal,Drink can,TACO-master/TACO-master/data/filtered_classification/crops/train/Metal/000118_ann3948.jpg,TACO-master/TACO-master/data/filtered_classification/crops/train/Metal/000118_ann3948.jpg,TACO-master/TACO-master/data/batch_7/000118.JPG,3264,2448,1674.0,1217.0,223.0,267.0,1276,3948
taco_3949,TACO,cropped_object_classification,train,Glass,Glass bottle,TACO-master/TACO-master/data/filtered_classification/crops/train/Glass/000119_ann3949.jpg,TACO-master/TACO-master/data/filtered_classification/crops/train/Glass/000119_ann3949.jpg,TACO-master/TACO-master/data/batch_7/000119.JPG,3264,2448,1826.0,1285.0,575.0,221.0,1277,3949
taco_3953,TACO,cropped_object_classification,train,Other,Styrofoam piece,TACO-master/TACO-master/data/filtered_classification/crops/train/Other/000120_ann3953.jpg,TACO-master/TACO-master/data/filtered_classification/crops/train/Other/000120_ann3953.jpg,TACO-master/TACO-master/data/batch_7/000120.JPG,3264,2448,2479.0,966.0,553.0,365.0,1278,3953
taco_3962,TACO,cropped_object_classification,train,Other,Styrofoam piece,TACO-master/TACO-master/data/filtered_classification/crops/train/Other/000123_ann3962.jpg,TACO-master/TACO-master/data/filtered_classification/crops/train/Other/000123_ann3962.jpg,TACO-master/TACO-master/data/batch_7/000123.JPG,3264,2448,900.0,1339.0,297.0,250.0,1281,3962
taco_3964,TACO,cropped_object_classification,val,Plastic,Clear plastic bottle,TACO-master/TACO-master/data/filtered_classification/crops/val/Plastic/000125_ann3964.jpg,TACO-master/TACO-master/data/filtered_classification/crops/val/Plastic/000125_ann3964.jpg,TACO-master/TACO-master/data/batch_7/000125.JPG,3264,2448,1774.0,884.0,258.0,490.0,1283,3964
taco_3965,TACO,cropped_object_classification,train,Other,Styrofoam piece,TACO-master/TACO-master/data/filtered_classification/crops/train/Other/000125_ann3965.jpg,TACO-master/TACO-master/data/filtered_classification/crops/train/Other/000125_ann3965.jpg,TACO-master/TACO-master/data/batch_7/000125.JPG,3264,2448,1778.0,1338.0,327.0,293.0,1283,3965
taco_3987,TACO,cropped_object_classification,val,Plastic,Clear plastic bottle,TACO-master/TACO-master/data/filtered_classification/crops/val/Plastic/000135_ann3987.jpg,TACO-master/TACO-master/data/filtered_classification/crops/val/Plastic/000135_ann3987.jpg,TACO-master/TACO-master/data/batch_7/000135.JPG,3264,2448,1343.0,1577.0,160.0,401.0,1292,3987
taco_4043,TACO,cropped_object_classification,train,Plastic,Squeezable tube,TACO-master/TACO-master/data/filtered_classification/crops/train/Plastic/000001_ann4043.jpg,TACO-master/TACO-master/data/filtered_classification/crops/train/Plastic/000001_ann4043.jpg,TACO-master/TACO-master/data/batch_8/000001.jpg,2448,3264,1053.0,970.0,164.0,365.0,1301,4043
taco_4047,TACO,cropped_object_classification,train,Plastic,Clear plastic bottle,TACO-master/TACO-master/data/filtered_classification/crops/train/Plastic/000004_ann4047.jpg,TACO-master/TACO-master/data/filtered_classification/crops/train/Plastic/000004_ann4047.jpg,TACO-master/TACO-master/data/batch_8/000004.jpg,3264,2448,1851.9999999999998,721.9999999999999,291.0000000000002,233.0,1304,4047
taco_4052,TACO,cropped_object_classification,test,Plastic,Clear plastic bottle,TACO-master/TACO-master/data/filtered_classification/crops/test/Plastic/000007_ann4052.jpg,TACO-master/TACO-master/data/filtered_classification/crops/test/Plastic/000007_ann4052.jpg,TACO-master/TACO-master/data/batch_8/000007.jpg,2448,3264,232.0,1278.0,670.0,269.0,1307,4052
taco_4053,TACO,cropped_object_classification,test,Plastic,Clear plastic bottle,TACO-master/TACO-master/data/filtered_classification/crops/test/Plastic/000007_ann4053.jpg,TACO-master/TACO-master/data/filtered_classification/crops/test/Plastic/000007_ann4053.jpg,TACO-master/TACO-master/data/batch_8/000007.jpg,2448,3264,883.0,871.0,1227.0,1023.0,1307,4053
taco_4054,TACO,cropped_object_classification,train,Plastic,Clear plastic bottle,TACO-master/TACO-master/data/filtered_classification/crops/train/Plastic/000007_ann4054.jpg,TACO-master/TACO-master/data/filtered_classification/crops/train/Plastic/000007_ann4054.jpg,TACO-master/TACO-master/data/batch_8/000007.jpg,2448,3264,28.0,1860.0,1505.0,637.0,1307,4054
taco_4055,TACO,cropped_object_classification,val,Plastic,Clear plastic bottle,TACO-master/TACO-master/data/filtered_classification/crops/val/Plastic/000007_ann4055.jpg,TACO-master/TACO-master/data/filtered_classification/crops/val/Plastic/000007_ann4055.jpg,TACO-master/TACO-master/data/batch_8/000007.jpg,2448,3264,858.0,2057.0,893.0,422.0,1307,4055
taco_4056,TACO,cropped_object_classification,train,Plastic,Clear plastic bottle,TACO-master/TACO-master/data/filtered_classification/crops/train/Plastic/000007_ann4056.jpg,TACO-master/TACO-master/data/filtered_classification/crops/train/Plastic/000007_ann4056.jpg,TACO-master/TACO-master/data/batch_8/000007.jpg,2448,3264,1546.0,1816.0,593.0,431.0,1307,4056
taco_4058,TACO,cropped_object_classification,val,Plastic,Clear plastic bottle,TACO-master/TACO-master/data/filtered_classification/crops/val/Plastic/000007_ann4058.jpg,TACO-master/TACO-master/data/filtered_classification/crops/val/Plastic/000007_ann4058.jpg,TACO-master/TACO-master/data/batch_8/000007.jpg,2448,3264,1.0,2929.0,254.0,331.0,1307,4058
taco_4060,TACO,cropped_object_classification,train,Metal,Drink can,TACO-master/TACO-master/data/filtered_classification/crops/train/Metal/000008_ann4060.jpg,TACO-master/TACO-master/data/filtered_classification/crops/train/Metal/000008_ann4060.jpg,TACO-master/TACO-master/data/batch_8/000008.jpg,2448,3264,1357.9999999999998,1141.9999999999998,382.0000000000002,596.0,1308,4060
taco_4066,TACO,cropped_object_classification,train,Metal,Drink can,TACO-master/TACO-master/data/filtered_classification/crops/train/Metal/000009_ann4066.jpg,TACO-master/TACO-master/data/filtered_classification/crops/train/Metal/000009_ann4066.jpg,TACO-master/TACO-master/data/batch_8/000009.jpg,2448,3264,1076.0,1559.0,272.0,279.0,1309,4066
taco_4068,TACO,cropped_object_classification,test,Glass,Glass bottle,TACO-master/TACO-master/data/filtered_classification/crops/test/Glass/000010_ann4068.jpg,TACO-master/TACO-master/data/filtered_classification/crops/test/Glass/000010_ann4068.jpg,TACO-master/TACO-master/data/batch_8/000010.jpg,2448,3264,1509.0,1011.0,258.0,327.0,1310,4068
taco_4070,TACO,cropped_object_classification,train,Plastic,Clear plastic bottle,TACO-master/TACO-master/data/filtered_classification/crops/train/Plastic/000011_ann4070.jpg,TACO-master/TACO-master/data/filtered_classification/crops/train/Plastic/000011_ann4070.jpg,TACO-master/TACO-master/data/batch_8/000011.jpg,2448,3264,1039.0,1681.0,158.0,512.0,1311,4070
taco_4073,TACO,cropped_object_classification,train,Plastic,Clear plastic bottle,TACO-master/TACO-master/data/filtered_classification/crops/train/Plastic/000012_ann4073.jpg,TACO-master/TACO-master/data/filtered_classification/crops/train/Plastic/000012_ann4073.jpg,TACO-master/TACO-master/data/batch_8/000012.jpg,2448,3264,964.3333,1254.4286,400.0,323.0,1312,4073
taco_4077,TACO,cropped_object_classification,test,Plastic,Clear plastic bottle,TACO-master/TACO-master/data/filtered_classification/crops/test/Plastic/000013_ann4077.jpg,TACO-master/TACO-master/data/filtered_classification/crops/test/Plastic/000013_ann4077.jpg,TACO-master/TACO-master/data/batch_8/000013.jpg,2448,3264,1064.8572,442.14285,335.0,205.99994999999996,1313,4077
taco_4079,TACO,cropped_object_classification,train,Metal,Drink can,TACO-master/TACO-master/data/filtered_classification/crops/train/Metal/000014_ann4079.jpg,TACO-master/TACO-master/data/filtered_classification/crops/train/Metal/000014_ann4079.jpg,TACO-master/TACO-master/data/batch_8/000014.jpg,3264,2448,794.9999999999998,1101.9999999999998,152.0,303.0000000000002,1314,4079
taco_4080,TACO,cropped_object_classification,val,Metal,Drink can,TACO-master/TACO-master/data/filtered_classification/crops/val/Metal/000014_ann4080.jpg,TACO-master/TACO-master/data/filtered_classification/crops/val/Metal/000014_ann4080.jpg,TACO-master/TACO-master/data/batch_8/000014.jpg,3264,2448,932.9999999999998,1057.9999999999998,154.0,333.9999999999998,1314,4080
taco_4081,TACO,cropped_object_classification,train,Metal,Drink can,TACO-master/TACO-master/data/filtered_classification/crops/train/Metal/000014_ann4081.jpg,TACO-master/TACO-master/data/filtered_classification/crops/train/Metal/000014_ann4081.jpg,TACO-master/TACO-master/data/batch_8/000014.jpg,3264,2448,1066.0,1068.9999999999998,158.99999999999977,353.9999999999998,1314,4081
taco_4082,TACO,cropped_object_classification,train,Metal,Drink can,TACO-master/TACO-master/data/filtered_classification/crops/train/Metal/000014_ann4082.jpg,TACO-master/TACO-master/data/filtered_classification/crops/train/Metal/000014_ann4082.jpg,TACO-master/TACO-master/data/batch_8/000014.jpg,3264,2448,1217.0,1155.9999999999998,160.0,304.0,1314,4082
taco_4083,TACO,cropped_object_classification,val,Metal,Drink can,TACO-master/TACO-master/data/filtered_classification/crops/val/Metal/000014_ann4083.jpg,TACO-master/TACO-master/data/filtered_classification/crops/val/Metal/000014_ann4083.jpg,TACO-master/TACO-master/data/batch_8/000014.jpg,3264,2448,1355.0,1104.9999999999998,160.0,341.0,1314,4083
taco_4084,TACO,cropped_object_classification,train,Metal,Drink can,TACO-master/TACO-master/data/filtered_classification/crops/train/Metal/000014_ann4084.jpg,TACO-master/TACO-master/data/filtered_classification/crops/train/Metal/000014_ann4084.jpg,TACO-master/TACO-master/data/batch_8/000014.jpg,3264,2448,1495.9999999999995,1071.0,141.00000000000045,320.0,1314,4084
taco_4085,TACO,cropped_object_classification,train,Metal,Drink can,TACO-master/TACO-master/data/filtered_classification/crops/train/Metal/000014_ann4085.jpg,TACO-master/TACO-master/data/filtered_classification/crops/train/Metal/000014_ann4085.jpg,TACO-master/TACO-master/data/batch_8/000014.jpg,3264,2448,1631.0,1053.0,140.99999999999955,355.9999999999998,1314,4085
taco_4086,TACO,cropped_object_classification,test,Metal,Drink can,TACO-master/TACO-master/data/filtered_classification/crops/test/Metal/000014_ann4086.jpg,TACO-master/TACO-master/data/filtered_classification/crops/test/Metal/000014_ann4086.jpg,TACO-master/TACO-master/data/batch_8/000014.jpg,3264,2448,1762.9999999999995,1115.0,153.0,357.99999999999955,1314,4086
taco_4087,TACO,cropped_object_classification,train,Plastic,Clear plastic bottle,TACO-master/TACO-master/data/filtered_classification/crops/train/Plastic/000014_ann4087.jpg,TACO-master/TACO-master/data/filtered_classification/crops/train/Plastic/000014_ann4087.jpg,TACO-master/TACO-master/data/batch_8/000014.jpg,3264,2448,1901.9999999999995,1057.9999999999998,141.00000000000023,475.0,1314,4087
taco_4088,TACO,cropped_object_classification,train,Metal,Drink can,TACO-master/TACO-master/data/filtered_classification/crops/train/Metal/000014_ann4088.jpg,TACO-master/TACO-master/data/filtered_classification/crops/train/Metal/000014_ann4088.jpg,TACO-master/TACO-master/data/batch_8/000014.jpg,3264,2448,2091.0,1198.0,202.0,329.0,1314,4088
taco_4089,TACO,cropped_object_classification,train,Metal,Drink can,TACO-master/TACO-master/data/filtered_classification/crops/train/Metal/000014_ann4089.jpg,TACO-master/TACO-master/data/filtered_classification/crops/train/Metal/000014_ann4089.jpg,TACO-master/TACO-master/data/batch_8/000014.jpg,3264,2448,1511.9999999999998,1447.0,372.0,148.99999999999955,1314,4089
taco_4090,TACO,cropped_object_classification,train,Metal,Drink can,TACO-master/TACO-master/data/filtered_classification/crops/train/Metal/000014_ann4090.jpg,TACO-master/TACO-master/data/filtered_classification/crops/train/Metal/000014_ann4090.jpg,TACO-master/TACO-master/data/batch_8/000014.jpg,3264,2448,1184.9999999999998,1451.9999999999995,327.0,133.00000000000023,1314,4090
taco_4091,TACO,cropped_object_classification,train,Metal,Drink can,TACO-master/TACO-master/data/filtered_classification/crops/train/Metal/000014_ann4091.jpg,TACO-master/TACO-master/data/filtered_classification/crops/train/Metal/000014_ann4091.jpg,TACO-master/TACO-master/data/batch_8/000014.jpg,3264,2448,804.0,1435.0,372.0,147.99999999999955,1314,4091
taco_4120,TACO,cropped_object_classification,train,Glass,Glass bottle,TACO-master/TACO-master/data/filtered_classification/crops/train/Glass/000021_ann4120.jpg,TACO-master/TACO-master/data/filtered_classification/crops/train/Glass/000021_ann4120.jpg,TACO-master/TACO-master/data/batch_8/000021.jpg,3264,2448,1986.0,1011.0,225.0,285.0,1321,4120
taco_4193,TACO,cropped_object_classification,train,PaperCardboard,Other carton,TACO-master/TACO-master/data/filtered_classification/crops/train/PaperCardboard/000025_ann4193.jpg,TACO-master/TACO-master/data/filtered_classification/crops/train/PaperCardboard/000025_ann4193.jpg,TACO-master/TACO-master/data/batch_8/000025.jpg,2448,3264,407.0,2351.0,455.0,518.0,1325,4193
taco_4195,TACO,cropped_object_classification,train,Plastic,Disposable plastic cup,TACO-master/TACO-master/data/filtered_classification/crops/train/Plastic/000025_ann4195.jpg,TACO-master/TACO-master/data/filtered_classification/crops/train/Plastic/000025_ann4195.jpg,TACO-master/TACO-master/data/batch_8/000025.jpg,2448,3264,1778.0,550.0,373.0,454.0,1325,4195
taco_4198,TACO,cropped_object_classification,train,Plastic,Disposable plastic cup,TACO-master/TACO-master/data/filtered_classification/crops/train/Plastic/000026_ann4198.jpg,TACO-master/TACO-master/data/filtered_classification/crops/train/Plastic/000026_ann4198.jpg,TACO-master/TACO-master/data/batch_8/000026.jpg,2448,3264,1316.0,775.0,241.0,278.0,1326,4198
taco_4200,TACO,cropped_object_classification,train,Plastic,Clear plastic bottle,TACO-master/TACO-master/data/filtered_classification/crops/train/Plastic/000027_ann4200.jpg,TACO-master/TACO-master/data/filtered_classification/crops/train/Plastic/000027_ann4200.jpg,TACO-master/TACO-master/data/batch_8/000027.jpg,2448,3264,1044.0,1469.0,210.0,306.0,1327,4200
taco_4205,TACO,cropped_object_classification,train,Plastic,Clear plastic bottle,TACO-master/TACO-master/data/filtered_classification/crops/train/Plastic/000028_ann4205.jpg,TACO-master/TACO-master/data/filtered_classification/crops/train/Plastic/000028_ann4205.jpg,TACO-master/TACO-master/data/batch_8/000028.jpg,2448,3264,1050.0,2077.0,505.0,407.0,1328,4205
taco_4210,TACO,cropped_object_classification,train,Metal,Drink can,TACO-master/TACO-master/data/filtered_classification/crops/train/Metal/000028_ann4210.jpg,TACO-master/TACO-master/data/filtered_classification/crops/train/Metal/000028_ann4210.jpg,TACO-master/TACO-master/data/batch_8/000028.jpg,2448,3264,1152.0,463.0,273.0,228.0,1328,4210
taco_4220,TACO,cropped_object_classification,val,Metal,Drink can,TACO-master/TACO-master/data/filtered_classification/crops/val/Metal/000029_ann4220.jpg,TACO-master/TACO-master/data/filtered_classification/crops/val/Metal/000029_ann4220.jpg,TACO-master/TACO-master/data/batch_8/000029.jpg,2448,3264,1297.0,420.0,148.99999999999977,278.0,1329,4220
taco_4225,TACO,cropped_object_classification,train,PaperCardboard,Other carton,TACO-master/TACO-master/data/filtered_classification/crops/train/PaperCardboard/000029_ann4225.jpg,TACO-master/TACO-master/data/filtered_classification/crops/train/PaperCardboard/000029_ann4225.jpg,TACO-master/TACO-master/data/batch_8/000029.jpg,2448,3264,766.9999999999999,2325.0,303.0000000000001,328.99999999999955,1329,4225
taco_4226,TACO,cropped_object_classification,train,Plastic,Clear plastic bottle,TACO-master/TACO-master/data/filtered_classification/crops/train/Plastic/000030_ann4226.jpg,TACO-master/TACO-master/data/filtered_classification/crops/train/Plastic/000030_ann4226.jpg,TACO-master/TACO-master/data/batch_8/000030.jpg,2448,3264,1210.0,911.0,164.0,350.0,1330,4226
taco_4228,TACO,cropped_object_classification,train,Plastic,Other plastic bottle,TACO-master/TACO-master/data/filtered_classification/crops/train/Plastic/000031_ann4228.jpg,TACO-master/TACO-master/data/filtered_classification/crops/train/Plastic/000031_ann4228.jpg,TACO-master/TACO-master/data/batch_8/000031.jpg,2448,3264,1326.0,1056.0,325.0,331.0,1331,4228
taco_4238,TACO,cropped_object_classification,train,PaperCardboard,Egg carton,TACO-master/TACO-master/data/filtered_classification/crops/train/PaperCardboard/000032_ann4238.jpg,TACO-master/TACO-master/data/filtered_classification/crops/train/PaperCardboard/000032_ann4238.jpg,TACO-master/TACO-master/data/batch_8/000032.jpg,3264,2448,1611.0,490.0,853.0,869.0,1332,4238
taco_4239,TACO,cropped_object_classification,test,Plastic,Clear plastic bottle,TACO-master/TACO-master/data/filtered_classification/crops/test/Plastic/000033_ann4239.jpg,TACO-master/TACO-master/data/filtered_classification/crops/test/Plastic/000033_ann4239.jpg,TACO-master/TACO-master/data/batch_8/000033.jpg,2448,3264,888.0,710.0,258.0,212.0,1333,4239
taco_4259,TACO,cropped_object_classification,train,Glass,Glass bottle,TACO-master/TACO-master/data/filtered_classification/crops/train/Glass/000035_ann4259.jpg,TACO-master/TACO-master/data/filtered_classification/crops/train/Glass/000035_ann4259.jpg,TACO-master/TACO-master/data/batch_8/000035.jpg,2448,3264,896.0,1983.9999999999998,669.0,341.9999999999998,1335,4259
taco_4264,TACO,cropped_object_classification,train,Glass,Glass bottle,TACO-master/TACO-master/data/filtered_classification/crops/train/Glass/000036_ann4264.jpg,TACO-master/TACO-master/data/filtered_classification/crops/train/Glass/000036_ann4264.jpg,TACO-master/TACO-master/data/batch_8/000036.jpg,2448,3264,646.0,444.9999999999999,603.0,465.9999999999998,1336,4264
taco_4266,TACO,cropped_object_classification,val,Glass,Glass bottle,TACO-master/TACO-master/data/filtered_classification/crops/val/Glass/000036_ann4266.jpg,TACO-master/TACO-master/data/filtered_classification/crops/val/Glass/000036_ann4266.jpg,TACO-master/TACO-master/data/batch_8/000036.jpg,2448,3264,1270.0,601.9999999999999,668.9999999999993,264.9999999999998,1336,4266
taco_4269,TACO,cropped_object_classification,train,Glass,Glass bottle,TACO-master/TACO-master/data/filtered_classification/crops/train/Glass/000037_ann4269.jpg,TACO-master/TACO-master/data/filtered_classification/crops/train/Glass/000037_ann4269.jpg,TACO-master/TACO-master/data/batch_8/000037.jpg,2448,3264,1039.5238,1186.8572,529.0,971.0,1337,4269
taco_4271,TACO,cropped_object_classification,train,Glass,Glass bottle,TACO-master/TACO-master/data/filtered_classification/crops/train/Glass/000038_ann4271.jpg,TACO-master/TACO-master/data/filtered_classification/crops/train/Glass/000038_ann4271.jpg,TACO-master/TACO-master/data/batch_8/000038.jpg,2448,3264,875.9999999999999,775.0,267.0000000000001,665.0,1338,4271
taco_4272,TACO,cropped_object_classification,train,Glass,Glass bottle,TACO-master/TACO-master/data/filtered_classification/crops/train/Glass/000038_ann4272.jpg,TACO-master/TACO-master/data/filtered_classification/crops/train/Glass/000038_ann4272.jpg,TACO-master/TACO-master/data/batch_8/000038.jpg,2448,3264,1362.9999999999998,2133.0,292.0,570.0,1338,4272
taco_4274,TACO,cropped_object_classification,train,Glass,Glass bottle,TACO-master/TACO-master/data/filtered_classification/crops/train/Glass/000039_ann4274.jpg,TACO-master/TACO-master/data/filtered_classification/crops/train/Glass/000039_ann4274.jpg,TACO-master/TACO-master/data/batch_8/000039.jpg,2448,3264,946.0,2079.0,498.0,207.0,1339,4274
taco_4275,TACO,cropped_object_classification,val,Plastic,Clear plastic bottle,TACO-master/TACO-master/data/filtered_classification/crops/val/Plastic/000040_ann4275.jpg,TACO-master/TACO-master/data/filtered_classification/crops/val/Plastic/000040_ann4275.jpg,TACO-master/TACO-master/data/batch_8/000040.jpg,2448,3264,1296.5,1905.0,336.0,270.0,1340,4275
taco_4277,TACO,cropped_object_classification,test,Glass,Glass bottle,TACO-master/TACO-master/data/filtered_classification/crops/test/Glass/000040_ann4277.jpg,TACO-master/TACO-master/data/filtered_classification/crops/test/Glass/000040_ann4277.jpg,TACO-master/TACO-master/data/batch_8/000040.jpg,2448,3264,2268.0,2691.0,148.0,419.0,1340,4277
taco_4279,TACO,cropped_object_classification,train,Plastic,Clear plastic bottle,TACO-master/TACO-master/data/filtered_classification/crops/train/Plastic/000041_ann4279.jpg,TACO-master/TACO-master/data/filtered_classification/crops/train/Plastic/000041_ann4279.jpg,TACO-master/TACO-master/data/batch_8/000041.jpg,3264,2448,1129.0,735.0,357.0,298.0,1341,4279
taco_4284,TACO,cropped_object_classification,train,Plastic,Clear plastic bottle,TACO-master/TACO-master/data/filtered_classification/crops/train/Plastic/000043_ann4284.jpg,TACO-master/TACO-master/data/filtered_classification/crops/train/Plastic/000043_ann4284.jpg,TACO-master/TACO-master/data/batch_8/000043.jpg,3264,2448,1646.0,1083.0,416.0,128.0,1343,4284
taco_4295,TACO,cropped_object_classification,test,Plastic,Other plastic bottle,TACO-master/TACO-master/data/filtered_classification/crops/test/Plastic/000047_ann4295.jpg,TACO-master/TACO-master/data/filtered_classification/crops/test/Plastic/000047_ann4295.jpg,TACO-master/TACO-master/data/batch_8/000047.jpg,3264,2448,695.9999999999999,1224.0,426.0000000000001,160.99999999999977,1347,4295
taco_4296,TACO,cropped_object_classification,val,PaperCardboard,Egg carton,TACO-master/TACO-master/data/filtered_classification/crops/val/PaperCardboard/000047_ann4296.jpg,TACO-master/TACO-master/data/filtered_classification/crops/val/PaperCardboard/000047_ann4296.jpg,TACO-master/TACO-master/data/batch_8/000047.jpg,3264,2448,2287.0,1185.9999999999998,295.99999999999955,188.00000000000023,1347,4296
taco_4298,TACO,cropped_object_classification,train,Plastic,Clear plastic bottle,TACO-master/TACO-master/data/filtered_classification/crops/train/Plastic/000048_ann4298.jpg,TACO-master/TACO-master/data/filtered_classification/crops/train/Plastic/000048_ann4298.jpg,TACO-master/TACO-master/data/batch_8/000048.jpg,3264,2448,1750.7143999999998,1768.0475999999999,606.0,181.0,1348,4298
taco_4303,TACO,cropped_object_classification,train,Plastic,Clear plastic bottle,TACO-master/TACO-master/data/filtered_classification/crops/train/Plastic/000051_ann4303.jpg,TACO-master/TACO-master/data/filtered_classification/crops/train/Plastic/000051_ann4303.jpg,TACO-master/TACO-master/data/batch_8/000051.jpg,2448,3264,1729.0,1598.0,540.0,228.0,1351,4303
taco_4312,TACO,cropped_object_classification,train,Other,Styrofoam piece,TACO-master/TACO-master/data/filtered_classification/crops/train/Other/000052_ann4312.jpg,TACO-master/TACO-master/data/filtered_classification/crops/train/Other/000052_ann4312.jpg,TACO-master/TACO-master/data/batch_8/000052.jpg,3264,2448,1915.0,1111.0,867.0,230.99999999999977,1352,4312
taco_4313,TACO,cropped_object_classification,train,Other,Garbage bag,TACO-master/TACO-master/data/filtered_classification/crops/train/Other/000053_ann4313.jpg,TACO-master/TACO-master/data/filtered_classification/crops/train/Other/000053_ann4313.jpg,TACO-master/TACO-master/data/batch_8/000053.jpg,3264,2448,0.0,0.0,468.99999999999994,92.99999999999999,1353,4313
taco_4335,TACO,cropped_object_classification,train,Other,Garbage bag,TACO-master/TACO-master/data/filtered_classification/crops/train/Other/000054_ann4335.jpg,TACO-master/TACO-master/data/filtered_classification/crops/train/Other/000054_ann4335.jpg,TACO-master/TACO-master/data/batch_8/000054.jpg,1280,960,184.0,524.0,412.0,341.0,1354,4335
taco_4336,TACO,cropped_object_classification,train,Other,Garbage bag,TACO-master/TACO-master/data/filtered_classification/crops/train/Other/000054_ann4336.jpg,TACO-master/TACO-master/data/filtered_classification/crops/train/Other/000054_ann4336.jpg,TACO-master/TACO-master/data/batch_8/000054.jpg,1280,960,607.0,320.0,244.0,199.0,1354,4336
taco_4337,TACO,cropped_object_classification,train,Other,Garbage bag,TACO-master/TACO-master/data/filtered_classification/crops/train/Other/000054_ann4337.jpg,TACO-master/TACO-master/data/filtered_classification/crops/train/Other/000054_ann4337.jpg,TACO-master/TACO-master/data/batch_8/000054.jpg,1280,960,404.0,351.0,67.0,183.0,1354,4337
taco_4338,TACO,cropped_object_classification,val,Other,Garbage bag,TACO-master/TACO-master/data/filtered_classification/crops/val/Other/000054_ann4338.jpg,TACO-master/TACO-master/data/filtered_classification/crops/val/Other/000054_ann4338.jpg,TACO-master/TACO-master/data/batch_8/000054.jpg,1280,960,618.0,404.0,364.0,384.0,1354,4338
taco_4339,TACO,cropped_object_classification,test,Other,Garbage bag,TACO-master/TACO-master/data/filtered_classification/crops/test/Other/000054_ann4339.jpg,TACO-master/TACO-master/data/filtered_classification/crops/test/Other/000054_ann4339.jpg,TACO-master/TACO-master/data/batch_8/000054.jpg,1280,960,812.0,301.0,136.0,134.0,1354,4339
taco_4343,TACO,cropped_object_classification,train,Other,Garbage bag,TACO-master/TACO-master/data/filtered_classification/crops/train/Other/000055_ann4343.jpg,TACO-master/TACO-master/data/filtered_classification/crops/train/Other/000055_ann4343.jpg,TACO-master/TACO-master/data/batch_8/000055.jpg,1280,960,572.0,676.0,130.0,136.0,1355,4343
taco_4353,TACO,cropped_object_classification,train,Metal,Food Can,TACO-master/TACO-master/data/filtered_classification/crops/train/Metal/000059_ann4353.jpg,TACO-master/TACO-master/data/filtered_classification/crops/train/Metal/000059_ann4353.jpg,TACO-master/TACO-master/data/batch_8/000059.jpg,1200,1600,592.0,662.0,110.0,83.0,1359,4353
taco_4356,TACO,cropped_object_classification,train,Plastic,Clear plastic bottle,TACO-master/TACO-master/data/filtered_classification/crops/train/Plastic/000061_ann4356.jpg,TACO-master/TACO-master/data/filtered_classification/crops/train/Plastic/000061_ann4356.jpg,TACO-master/TACO-master/data/batch_8/000061.jpg,1200,1600,562.0,801.0000000000001,97.0,193.9999999999999,1361,4356
taco_4361,TACO,cropped_object_classification,train,PaperCardboard,Corrugated carton,TACO-master/TACO-master/data/filtered_classification/crops/train/PaperCardboard/000064_ann4361.jpg,TACO-master/TACO-master/data/filtered_classification/crops/train/PaperCardboard/000064_ann4361.jpg,TACO-master/TACO-master/data/batch_8/000064.jpg,1200,1600,467.0,1046.0,213.0,66.0,1364,4361
taco_4392,TACO,cropped_object_classification,test,Metal,Drink can,TACO-master/TACO-master/data/filtered_classification/crops/test/Metal/000066_ann4392.jpg,TACO-master/TACO-master/data/filtered_classification/crops/test/Metal/000066_ann4392.jpg,TACO-master/TACO-master/data/batch_8/000066.jpg,2448,3264,808.0,1671.0,290.0,391.0,1366,4392
taco_4393,TACO,cropped_object_classification,train,Plastic,Disposable plastic cup,TACO-master/TACO-master/data/filtered_classification/crops/train/Plastic/000066_ann4393.jpg,TACO-master/TACO-master/data/filtered_classification/crops/train/Plastic/000066_ann4393.jpg,TACO-master/TACO-master/data/batch_8/000066.jpg,2448,3264,1030.0,941.0,321.0,339.0,1366,4393
taco_4397,TACO,cropped_object_classification,train,Other,Crisp packet,TACO-master/TACO-master/data/filtered_classification/crops/train/Other/000067_ann4397.jpg,TACO-master/TACO-master/data/filtered_classification/crops/train/Other/000067_ann4397.jpg,TACO-master/TACO-master/data/batch_8/000067.jpg,3264,2448,1938.7999999999997,1246.2000999999998,382.0,333.0000000000002,1367,4397
taco_4399,TACO,cropped_object_classification,train,Plastic,Clear plastic bottle,TACO-master/TACO-master/data/filtered_classification/crops/train/Plastic/000069_ann4399.jpg,TACO-master/TACO-master/data/filtered_classification/crops/train/Plastic/000069_ann4399.jpg,TACO-master/TACO-master/data/batch_8/000069.jpg,3264,2448,2087.9999999999995,1079.0,316.00000000000045,456.0,1369,4399
taco_4405,TACO,cropped_object_classification,train,Metal,Drink can,TACO-master/TACO-master/data/filtered_classification/crops/train/Metal/000072_ann4405.jpg,TACO-master/TACO-master/data/filtered_classification/crops/train/Metal/000072_ann4405.jpg,TACO-master/TACO-master/data/batch_8/000072.jpg,2448,3264,549.0,2932.9524,216.0,234.0,1372,4405
taco_4407,TACO,cropped_object_classification,test,Plastic,Disposable plastic cup,TACO-master/TACO-master/data/filtered_classification/crops/test/Plastic/000072_ann4407.jpg,TACO-master/TACO-master/data/filtered_classification/crops/test/Plastic/000072_ann4407.jpg,TACO-master/TACO-master/data/batch_8/000072.jpg,2448,3264,2159.0952,1838.6666,284.0,283.0001000000002,1372,4407
taco_4410,TACO,cropped_object_classification,train,Glass,Glass bottle,TACO-master/TACO-master/data/filtered_classification/crops/train/Glass/000073_ann4410.jpg,TACO-master/TACO-master/data/filtered_classification/crops/train/Glass/000073_ann4410.jpg,TACO-master/TACO-master/data/batch_8/000073.jpg,2448,3264,1023.0,1780.0,241.0,742.0,1373,4410
taco_4415,TACO,cropped_object_classification,train,Plastic,Disposable plastic cup,TACO-master/TACO-master/data/filtered_classification/crops/train/Plastic/000073_ann4415.jpg,TACO-master/TACO-master/data/filtered_classification/crops/train/Plastic/000073_ann4415.jpg,TACO-master/TACO-master/data/batch_8/000073.jpg,2448,3264,560.0,1448.0,473.0,316.0,1373,4415
taco_4427,TACO,cropped_object_classification,val,PaperCardboard,Other carton,TACO-master/TACO-master/data/filtered_classification/crops/val/PaperCardboard/000075_ann4427.jpg,TACO-master/TACO-master/data/filtered_classification/crops/val/PaperCardboard/000075_ann4427.jpg,TACO-master/TACO-master/data/batch_8/000075.jpg,2268,4032,788.0,1784.0,509.0,525.0,1375,4427
taco_4434,TACO,cropped_object_classification,train,PaperCardboard,Other carton,TACO-master/TACO-master/data/filtered_classification/crops/train/PaperCardboard/000078_ann4434.jpg,TACO-master/TACO-master/data/filtered_classification/crops/train/PaperCardboard/000078_ann4434.jpg,TACO-master/TACO-master/data/batch_8/000078.jpg,2268,4032,679.0,2124.0,244.0,288.0,1378,4434
taco_4438,TACO,cropped_object_classification,train,Plastic,Other plastic cup,TACO-master/TACO-master/data/filtered_classification/crops/train/Plastic/000080_ann4438.jpg,TACO-master/TACO-master/data/filtered_classification/crops/train/Plastic/000080_ann4438.jpg,TACO-master/TACO-master/data/batch_8/000080.jpg,2268,4032,732.5,2424.0,258.0,303.0,1380,4438
taco_4439,TACO,cropped_object_classification,train,PaperCardboard,Normal paper,TACO-master/TACO-master/data/filtered_classification/crops/train/PaperCardboard/000081_ann4439.jpg,TACO-master/TACO-master/data/filtered_classification/crops/train/PaperCardboard/000081_ann4439.jpg,TACO-master/TACO-master/data/batch_8/000081.jpg,2268,4032,776.0,2463.0,185.0,254.0,1381,4439
taco_4443,TACO,cropped_object_classification,train,PaperCardboard,Normal paper,TACO-master/TACO-master/data/filtered_classification/crops/train/PaperCardboard/000084_ann4443.jpg,TACO-master/TACO-master/data/filtered_classification/crops/train/PaperCardboard/000084_ann4443.jpg,TACO-master/TACO-master/data/batch_8/000084.jpg,2268,4032,982.9999999999999,2049.9999999999995,262.0000000000001,263.0,1384,4443
taco_4446,TACO,cropped_object_classification,train,Plastic,Clear plastic bottle,TACO-master/TACO-master/data/filtered_classification/crops/train/Plastic/000085_ann4446.jpg,TACO-master/TACO-master/data/filtered_classification/crops/train/Plastic/000085_ann4446.jpg,TACO-master/TACO-master/data/batch_8/000085.jpg,2268,4032,835.8,1831.8,189.0,623.0000000000002,1385,4446
taco_4449,TACO,cropped_object_classification,test,Metal,Drink can,TACO-master/TACO-master/data/filtered_classification/crops/test/Metal/000087_ann4449.jpg,TACO-master/TACO-master/data/filtered_classification/crops/test/Metal/000087_ann4449.jpg,TACO-master/TACO-master/data/batch_8/000087.jpg,2268,4032,803.0,2011.0,327.0,391.0,1387,4449
taco_4450,TACO,cropped_object_classification,val,Plastic,Clear plastic bottle,TACO-master/TACO-master/data/filtered_classification/crops/val/Plastic/000088_ann4450.jpg,TACO-master/TACO-master/data/filtered_classification/crops/val/Plastic/000088_ann4450.jpg,TACO-master/TACO-master/data/batch_8/000088.jpg,2268,4032,1014.0,1996.0,196.0,357.0,1388,4450
taco_4451,TACO,cropped_object_classification,train,Metal,Drink can,TACO-master/TACO-master/data/filtered_classification/crops/train/Metal/000088_ann4451.jpg,TACO-master/TACO-master/data/filtered_classification/crops/train/Metal/000088_ann4451.jpg,TACO-master/TACO-master/data/batch_8/000088.jpg,2268,4032,965.0,2562.0,214.0,387.0,1388,4451
taco_4452,TACO,cropped_object_classification,val,Glass,Glass bottle,TACO-master/TACO-master/data/filtered_classification/crops/val/Glass/000089_ann4452.jpg,TACO-master/TACO-master/data/filtered_classification/crops/val/Glass/000089_ann4452.jpg,TACO-master/TACO-master/data/batch_8/000089.jpg,2268,4032,1432.9999999999998,575.0,451.0,492.0,1389,4452
taco_4456,TACO,cropped_object_classification,train,PaperCardboard,Paper bag,TACO-master/TACO-master/data/filtered_classification/crops/train/PaperCardboard/000090_ann4456.jpg,TACO-master/TACO-master/data/filtered_classification/crops/train/PaperCardboard/000090_ann4456.jpg,TACO-master/TACO-master/data/batch_8/000090.jpg,2268,4032,937.0,2004.0,454.0,702.0,1390,4456
taco_4461,TACO,cropped_object_classification,test,PaperCardboard,Other carton,TACO-master/TACO-master/data/filtered_classification/crops/test/PaperCardboard/000093_ann4461.jpg,TACO-master/TACO-master/data/filtered_classification/crops/test/PaperCardboard/000093_ann4461.jpg,TACO-master/TACO-master/data/batch_8/000093.jpg,2268,4032,882.0,2454.0,435.9999999999998,476.99999999999864,1393,4461
taco_4463,TACO,cropped_object_classification,train,PaperCardboard,Normal paper,TACO-master/TACO-master/data/filtered_classification/crops/train/PaperCardboard/000094_ann4463.jpg,TACO-master/TACO-master/data/filtered_classification/crops/train/PaperCardboard/000094_ann4463.jpg,TACO-master/TACO-master/data/batch_8/000094.jpg,2268,4032,971.0,2143.0,453.0,478.0,1394,4463
taco_4464,TACO,cropped_object_classification,train,Metal,Drink can,TACO-master/TACO-master/data/filtered_classification/crops/train/Metal/000095_ann4464.jpg,TACO-master/TACO-master/data/filtered_classification/crops/train/Metal/000095_ann4464.jpg,TACO-master/TACO-master/data/batch_8/000095.jpg,2268,4032,671.9999999999999,2391.0,715.9999999999999,345.0,1395,4464
taco_4466,TACO,cropped_object_classification,test,PaperCardboard,Other carton,TACO-master/TACO-master/data/filtered_classification/crops/test/PaperCardboard/000096_ann4466.jpg,TACO-master/TACO-master/data/filtered_classification/crops/test/PaperCardboard/000096_ann4466.jpg,TACO-master/TACO-master/data/batch_8/000096.jpg,2268,4032,908.9999999999999,1783.0,274.0000000000001,203.0,1396,4466
taco_4467,TACO,cropped_object_classification,train,Metal,Drink can,TACO-master/TACO-master/data/filtered_classification/crops/train/Metal/000097_ann4467.jpg,TACO-master/TACO-master/data/filtered_classification/crops/train/Metal/000097_ann4467.jpg,TACO-master/TACO-master/data/batch_8/000097.jpg,2268,4032,657.0,1018.0,329.0,233.0,1397,4467
taco_4468,TACO,cropped_object_classification,train,Metal,Drink can,TACO-master/TACO-master/data/filtered_classification/crops/train/Metal/000097_ann4468.jpg,TACO-master/TACO-master/data/filtered_classification/crops/train/Metal/000097_ann4468.jpg,TACO-master/TACO-master/data/batch_8/000097.jpg,2268,4032,1082.0,1279.0,313.0,353.0,1397,4468
taco_4477,TACO,cropped_object_classification,test,Metal,Drink can,TACO-master/TACO-master/data/filtered_classification/crops/test/Metal/000001_ann4477.jpg,TACO-master/TACO-master/data/filtered_classification/crops/test/Metal/000001_ann4477.jpg,TACO-master/TACO-master/data/batch_9/000001.jpg,3264,2448,2333.0,913.0,400.0,449.9999999999998,1401,4477
taco_4485,TACO,cropped_object_classification,train,Plastic,Clear plastic bottle,TACO-master/TACO-master/data/filtered_classification/crops/train/Plastic/000004_ann4485.jpg,TACO-master/TACO-master/data/filtered_classification/crops/train/Plastic/000004_ann4485.jpg,TACO-master/TACO-master/data/batch_9/000004.jpg,3264,2448,2341.0,1265.0,280.0,401.0,1404,4485
taco_4487,TACO,cropped_object_classification,train,Plastic,Clear plastic bottle,TACO-master/TACO-master/data/filtered_classification/crops/train/Plastic/000005_ann4487.jpg,TACO-master/TACO-master/data/filtered_classification/crops/train/Plastic/000005_ann4487.jpg,TACO-master/TACO-master/data/batch_9/000005.jpg,2448,3264,1198.0,1063.0,445.0,313.0,1405,4487
taco_4493,TACO,cropped_object_classification,train,Plastic,Other plastic bottle,TACO-master/TACO-master/data/filtered_classification/crops/train/Plastic/000008_ann4493.jpg,TACO-master/TACO-master/data/filtered_classification/crops/train/Plastic/000008_ann4493.jpg,TACO-master/TACO-master/data/batch_9/000008.jpg,2448,3264,1137.0,1217.0,605.9999999999998,458.0,1408,4493
taco_4495,TACO,cropped_object_classification,train,Other,Garbage bag,TACO-master/TACO-master/data/filtered_classification/crops/train/Other/000008_ann4495.jpg,TACO-master/TACO-master/data/filtered_classification/crops/train/Other/000008_ann4495.jpg,TACO-master/TACO-master/data/batch_9/000008.jpg,2448,3264,0.9999999999999999,406.99999999999994,964.9999999999999,812.0,1408,4495
taco_4498,TACO,cropped_object_classification,train,Plastic,Clear plastic bottle,TACO-master/TACO-master/data/filtered_classification/crops/train/Plastic/000008_ann4498.jpg,TACO-master/TACO-master/data/filtered_classification/crops/train/Plastic/000008_ann4498.jpg,TACO-master/TACO-master/data/batch_9/000008.jpg,2448,3264,82.99999999999999,1214.9999999999998,602.9999999999999,266.0,1408,4498
taco_4501,TACO,cropped_object_classification,train,Plastic,Clear plastic bottle,TACO-master/TACO-master/data/filtered_classification/crops/train/Plastic/000008_ann4501.jpg,TACO-master/TACO-master/data/filtered_classification/crops/train/Plastic/000008_ann4501.jpg,TACO-master/TACO-master/data/batch_9/000008.jpg,2448,3264,0.9999999999999999,1553.9999999999998,126.0,846.9999999999998,1408,4501
taco_4594,TACO,cropped_object_classification,train,PaperCardboard,Corrugated carton,TACO-master/TACO-master/data/filtered_classification/crops/train/PaperCardboard/000050_ann4594.jpg,TACO-master/TACO-master/data/filtered_classification/crops/train/PaperCardboard/000050_ann4594.jpg,TACO-master/TACO-master/data/batch_9/000050.jpg,3264,2448,349.0,726.9999999999999,1736.0,1320.9999999999995,1450,4594
taco_4649,TACO,cropped_object_classification,train,PaperCardboard,Other carton,TACO-master/TACO-master/data/filtered_classification/crops/train/PaperCardboard/000063_ann4649.jpg,TACO-master/TACO-master/data/filtered_classification/crops/train/PaperCardboard/000063_ann4649.jpg,TACO-master/TACO-master/data/batch_9/000063.jpg,2448,3264,1287.9999999999998,1589.9999999999998,235.0,198.0,1463,4649
taco_4655,TACO,cropped_object_classification,train,Plastic,Disposable plastic cup,TACO-master/TACO-master/data/filtered_classification/crops/train/Plastic/000065_ann4655.jpg,TACO-master/TACO-master/data/filtered_classification/crops/train/Plastic/000065_ann4655.jpg,TACO-master/TACO-master/data/batch_9/000065.jpg,2448,3264,833.0,1392.9999999999998,257.9999999999998,327.0,1465,4655
taco_4657,TACO,cropped_object_classification,val,Plastic,Disposable plastic cup,TACO-master/TACO-master/data/filtered_classification/crops/val/Plastic/000066_ann4657.jpg,TACO-master/TACO-master/data/filtered_classification/crops/val/Plastic/000066_ann4657.jpg,TACO-master/TACO-master/data/batch_9/000066.jpg,2448,3264,812.0,1855.0,384.0,302.0,1466,4657
taco_4658,TACO,cropped_object_classification,train,Plastic,Clear plastic bottle,TACO-master/TACO-master/data/filtered_classification/crops/train/Plastic/000067_ann4658.jpg,TACO-master/TACO-master/data/filtered_classification/crops/train/Plastic/000067_ann4658.jpg,TACO-master/TACO-master/data/batch_9/000067.jpg,1824,4000,763.0,2068.0,680.0,479.0,1467,4658
taco_4664,TACO,cropped_object_classification,train,Plastic,Clear plastic bottle,TACO-master/TACO-master/data/filtered_classification/crops/train/Plastic/000069_ann4664.jpg,TACO-master/TACO-master/data/filtered_classification/crops/train/Plastic/000069_ann4664.jpg,TACO-master/TACO-master/data/batch_9/000069.jpg,1824,4000,893.0,1915.0,254.0,191.0,1469,4664
taco_4666,TACO,cropped_object_classification,train,Plastic,Clear plastic bottle,TACO-master/TACO-master/data/filtered_classification/crops/train/Plastic/000070_ann4666.jpg,TACO-master/TACO-master/data/filtered_classification/crops/train/Plastic/000070_ann4666.jpg,TACO-master/TACO-master/data/batch_9/000070.jpg,1824,4000,822.0,1317.0,310.0,141.0,1470,4666
taco_4672,TACO,cropped_object_classification,train,Plastic,Clear plastic bottle,TACO-master/TACO-master/data/filtered_classification/crops/train/Plastic/000071_ann4672.jpg,TACO-master/TACO-master/data/filtered_classification/crops/train/Plastic/000071_ann4672.jpg,TACO-master/TACO-master/data/batch_9/000071.jpg,1824,4000,1083.0,2470.0,186.0,491.0,1471,4672
taco_4677,TACO,cropped_object_classification,test,PaperCardboard,Corrugated carton,TACO-master/TACO-master/data/filtered_classification/crops/test/PaperCardboard/000073_ann4677.jpg,TACO-master/TACO-master/data/filtered_classification/crops/test/PaperCardboard/000073_ann4677.jpg,TACO-master/TACO-master/data/batch_9/000073.jpg,1824,4000,1088.5,1761.0,280.0,215.0,1473,4677
taco_4686,TACO,cropped_object_classification,train,Glass,Glass bottle,TACO-master/TACO-master/data/filtered_classification/crops/train/Glass/000076_ann4686.jpg,TACO-master/TACO-master/data/filtered_classification/crops/train/Glass/000076_ann4686.jpg,TACO-master/TACO-master/data/batch_9/000076.jpg,4000,1824,857.0,1155.0,147.0,385.0,1476,4686
taco_4712,TACO,cropped_object_classification,train,Metal,Drink can,TACO-master/TACO-master/data/filtered_classification/crops/train/Metal/000083_ann4712.jpg,TACO-master/TACO-master/data/filtered_classification/crops/train/Metal/000083_ann4712.jpg,TACO-master/TACO-master/data/batch_9/000083.jpg,1824,4000,719.0,1199.0,494.0,709.0,1483,4712
taco_4713,TACO,cropped_object_classification,train,Plastic,Clear plastic bottle,TACO-master/TACO-master/data/filtered_classification/crops/train/Plastic/000084_ann4713.jpg,TACO-master/TACO-master/data/filtered_classification/crops/train/Plastic/000084_ann4713.jpg,TACO-master/TACO-master/data/batch_9/000084.jpg,1824,4000,1008.0,1778.0,310.0,207.0,1484,4713
taco_4714,TACO,cropped_object_classification,train,Plastic,Clear plastic bottle,TACO-master/TACO-master/data/filtered_classification/crops/train/Plastic/000084_ann4714.jpg,TACO-master/TACO-master/data/filtered_classification/crops/train/Plastic/000084_ann4714.jpg,TACO-master/TACO-master/data/batch_9/000084.jpg,1824,4000,808.0,1941.0,294.0,123.0,1484,4714
taco_4722,TACO,cropped_object_classification,test,Other,Styrofoam piece,TACO-master/TACO-master/data/filtered_classification/crops/test/Other/000084_ann4722.jpg,TACO-master/TACO-master/data/filtered_classification/crops/test/Other/000084_ann4722.jpg,TACO-master/TACO-master/data/batch_9/000084.jpg,1824,4000,923.0,1631.0,294.0,225.0,1484,4722
taco_4741,TACO,cropped_object_classification,train,PaperCardboard,Corrugated carton,TACO-master/TACO-master/data/filtered_classification/crops/train/PaperCardboard/000088_ann4741.jpg,TACO-master/TACO-master/data/filtered_classification/crops/train/PaperCardboard/000088_ann4741.jpg,TACO-master/TACO-master/data/batch_9/000088.jpg,1824,4000,1377.0,0.0,446.0,762.0,1488,4741
taco_4756,TACO,cropped_object_classification,train,Plastic,Clear plastic bottle,TACO-master/TACO-master/data/filtered_classification/crops/train/Plastic/000090_ann4756.jpg,TACO-master/TACO-master/data/filtered_classification/crops/train/Plastic/000090_ann4756.jpg,TACO-master/TACO-master/data/batch_9/000090.jpg,1824,4000,835.0,2467.0,535.0,418.0,1490,4756
taco_4758,TACO,cropped_object_classification,train,Plastic,Clear plastic bottle,TACO-master/TACO-master/data/filtered_classification/crops/train/Plastic/000091_ann4758.jpg,TACO-master/TACO-master/data/filtered_classification/crops/train/Plastic/000091_ann4758.jpg,TACO-master/TACO-master/data/batch_9/000091.jpg,4000,1824,1260.0,1274.0,517.0,310.0,1491,4758
taco_4763,TACO,cropped_object_classification,test,Plastic,Clear plastic bottle,TACO-master/TACO-master/data/filtered_classification/crops/test/Plastic/000094_ann4763.jpg,TACO-master/TACO-master/data/filtered_classification/crops/test/Plastic/000094_ann4763.jpg,TACO-master/TACO-master/data/batch_9/000094.jpg,4000,1824,2258.0,766.0,364.0,235.0,1494,4763
taco_4765,TACO,cropped_object_classification,train,Glass,Glass bottle,TACO-master/TACO-master/data/filtered_classification/crops/train/Glass/000094_ann4765.jpg,TACO-master/TACO-master/data/filtered_classification/crops/train/Glass/000094_ann4765.jpg,TACO-master/TACO-master/data/batch_9/000094.jpg,4000,1824,1459.0,1094.0,232.0,270.0,1494,4765
taco_4776,TACO,cropped_object_classification,test,Glass,Glass bottle,TACO-master/TACO-master/data/filtered_classification/crops/test/Glass/000097_ann4776.jpg,TACO-master/TACO-master/data/filtered_classification/crops/test/Glass/000097_ann4776.jpg,TACO-master/TACO-master/data/batch_9/000097.jpg,4000,1824,354.0,575.0,294.0,621.0,1497,4776
taco_4777,TACO,cropped_object_classification,val,Glass,Glass bottle,TACO-master/TACO-master/data/filtered_classification/crops/val/Glass/000097_ann4777.jpg,TACO-master/TACO-master/data/filtered_classification/crops/val/Glass/000097_ann4777.jpg,TACO-master/TACO-master/data/batch_9/000097.jpg,4000,1824,776.0,355.0,231.0,591.0,1497,4777
taco_4782,TACO,cropped_object_classification,train,PaperCardboard,Other carton,TACO-master/TACO-master/data/filtered_classification/crops/train/PaperCardboard/000099_ann4782.jpg,TACO-master/TACO-master/data/filtered_classification/crops/train/PaperCardboard/000099_ann4782.jpg,TACO-master/TACO-master/data/batch_9/000099.jpg,1824,4000,966.0,1996.0,211.0,336.0,1499,4782
taco_4783,TACO,cropped_object_classification,test,Glass,Glass bottle,TACO-master/TACO-master/data/filtered_classification/crops/test/Glass/000099_ann4783.jpg,TACO-master/TACO-master/data/filtered_classification/crops/test/Glass/000099_ann4783.jpg,TACO-master/TACO-master/data/batch_9/000099.jpg,1824,4000,1125.0,1858.0,234.0,510.0,1499,4783
